# Blender 4.4.0
# www.blender.org
mtllib 一个酱油瓶_0920100530_texture.mtl
o 一个酱油瓶_0920100530_texture
v -0.050279 -0.832938 -0.370471
v -0.055225 -0.813574 -0.372262
v 0.004458 -0.832705 -0.373406
v -0.013088 -0.809027 -0.377118
v 0.065915 -0.812340 -0.371060
v 0.010592 -0.750909 -0.377074
v -0.034266 -0.715200 -0.375150
v 0.043331 -0.675315 -0.374247
v -0.002276 -0.618027 -0.376865
v -0.036193 -0.633573 -0.375020
v -0.069131 -0.688862 -0.370181
v 0.033645 -0.555196 -0.375376
v 0.066925 -0.591798 -0.370473
v -0.052879 -0.504919 -0.373059
v -0.001753 -0.386483 -0.376935
v -0.039549 -0.355811 -0.374639
v 0.028112 -0.399959 -0.375641
v 0.060246 -0.419161 -0.371629
v 0.043078 -0.228286 -0.374021
v 0.004875 -0.230540 -0.376991
v 0.086180 -0.318138 -0.366776
v -0.032744 -0.228323 -0.375403
v 0.025643 -0.219939 -0.370940
v 0.006383 -0.837512 -0.369146
v 0.046670 -0.839573 -0.366233
v 0.045111 -0.833419 -0.370710
v 0.094036 -0.814641 -0.364309
v -0.099668 -0.813429 -0.362842
v -0.093928 -0.556641 -0.364880
v 0.099003 -0.500801 -0.363367
v -0.094648 -0.324800 -0.364456
v -0.089841 -0.229018 -0.365746
v -0.038008 -0.220666 -0.369587
v -0.032450 -0.189660 -0.368293
v 0.038589 -0.189797 -0.368140
v -0.042507 -0.839533 -0.366828
v 0.011590 -0.933111 -0.361640
v 0.066523 -0.883120 -0.360018
v 0.091463 -0.829069 -0.361669
v 0.106138 -0.742159 -0.361279
v -0.131741 -0.666130 -0.353037
v -0.117891 -0.492155 -0.357768
v 0.090081 -0.229297 -0.365283
v -0.091984 -0.219405 -0.359970
v 0.078242 -0.219103 -0.362695
v 0.024583 -0.151943 -0.363519
v -0.026482 -0.126686 -0.356510
v 0.099144 -0.838815 -0.355608
v -0.091542 -0.838787 -0.357539
v 0.121153 -0.553910 -0.356298
v 0.128485 -0.228102 -0.353937
v -0.082440 -0.141553 -0.352666
v -0.071921 -0.929388 -0.354764
v 0.056007 -0.938513 -0.354522
v -0.134019 -0.811739 -0.351336
v 0.151306 -0.679556 -0.344776
v 0.146905 -0.386699 -0.346559
v -0.145416 -0.229039 -0.347230
v 0.126006 -0.220695 -0.349450
v 0.117728 -0.160104 -0.346657
v -0.046965 -0.945297 -0.347847
v -0.116261 -0.838707 -0.350416
v 0.129646 -0.836908 -0.346529
v 0.158007 -0.813773 -0.341069
v -0.161547 -0.604874 -0.339954
v -0.158101 -0.484012 -0.341458
v -0.146761 -0.346570 -0.346734
v 0.104201 -0.129175 -0.342369
v 0.034550 -0.109005 -0.349350
v 0.009927 -0.952960 -0.338154
v 0.115905 -0.923684 -0.343634
v -0.149611 -0.837338 -0.338080
v -0.142057 -0.220376 -0.343008
v -0.157420 -0.171035 -0.332585
v -0.129176 -0.935835 -0.336614
v 0.118410 -0.943297 -0.333346
v 0.161609 -0.839546 -0.331660
v -0.159812 -0.810813 -0.340685
v 0.164061 -0.507404 -0.338628
v -0.007170 -0.066899 -0.330183
v 0.160233 -0.829993 -0.337545
v -0.174736 -0.818294 -0.330386
v -0.200405 -0.651421 -0.318745
v 0.175540 -0.219614 -0.327015
v -0.122230 -0.100052 -0.325333
v -0.050460 -0.070324 -0.328490
v -0.057557 -0.955378 -0.325235
v 0.166881 -0.930964 -0.321131
v -0.183026 -0.813618 -0.328225
v 0.201637 -0.720052 -0.317893
v 0.182042 -0.228407 -0.329561
v -0.165468 -0.935414 -0.321144
v -0.167439 -0.837332 -0.329567
v 0.198795 -0.565686 -0.319729
v 0.196519 -0.321452 -0.321074
v -0.194530 -0.308808 -0.321964
v -0.189918 -0.220205 -0.318977
v 0.184859 -0.179758 -0.318419
v 0.110598 -0.087601 -0.323511
v 0.044293 -0.057699 -0.321770
v 0.090113 -0.956799 -0.311823
v 0.210890 -0.833680 -0.308315
v -0.198148 -0.832985 -0.316652
v -0.204352 -0.755428 -0.316105
v 0.190174 -0.811590 -0.324711
v -0.207561 -0.227916 -0.313624
v 0.176370 -0.111296 -0.304148
v -0.128755 -0.947615 -0.322219
v -0.212250 -0.532736 -0.310943
v 0.208225 -0.453854 -0.313443
v -0.205544 -0.433395 -0.315391
v 0.007001 -0.956043 -0.316751
v 0.224023 -0.818913 -0.298653
v 0.206634 -0.840172 -0.304914
v -0.237450 -0.697559 -0.292208
v -0.180366 -0.116274 -0.303254
v -0.121446 -0.035692 -0.285822
v -0.029750 -0.030301 -0.305175
v 0.025144 -0.017069 -0.295235
v -0.221321 -0.839865 -0.295054
v -0.223656 -0.811954 -0.302504
v 0.228353 -0.812518 -0.298749
v 0.231651 -0.568213 -0.296083
v 0.228572 -0.228446 -0.298541
v 0.114211 -0.044993 -0.295130
v 0.195325 -0.942950 -0.294602
v -0.237084 -0.287256 -0.292007
v 0.214846 -0.220129 -0.302160
v -0.223898 -0.168958 -0.291216
v -0.048675 -0.953093 -0.303294
v 0.079123 -0.953299 -0.297242
v -0.142840 -0.955659 -0.296628
v 0.008972 -0.951484 -0.305299
v -0.219147 -0.925954 -0.289000
v -0.243162 -0.828500 -0.282670
v 0.248929 -0.370691 -0.282360
v 0.231134 -0.137909 -0.276200
v -0.101400 -0.952840 -0.289038
v 0.152379 -0.955822 -0.290550
v -0.203240 -0.945679 -0.285860
v 0.222599 -0.927523 -0.285348
v 0.249415 -0.774411 -0.281887
v -0.252478 -0.601131 -0.279006
v -0.231944 -0.220801 -0.289181
v 0.233377 -0.178756 -0.284586
v -0.172530 -0.064341 -0.279469
v 0.071329 -0.005635 -0.278640
v -0.250895 -0.425383 -0.280326
v 0.134795 -0.953290 -0.277503
v 0.239059 -0.838691 -0.280189
v -0.253870 -0.811141 -0.277816
v 0.256545 -0.518058 -0.274960
v 0.159846 -0.038878 -0.268156
v 0.254117 -0.666517 -0.277171
v 0.028104 -0.923841 -0.279770
v -0.258358 -0.228208 -0.272956
v 0.247682 -0.220409 -0.276456
v -0.250721 -0.174773 -0.268990
v -0.214258 -0.094997 -0.268961
v -0.074627 0.017048 -0.258347
v -0.015979 0.014570 -0.270580
v -0.065429 -0.928831 -0.277132
v 0.254518 -0.933945 -0.256209
v -0.273374 -0.840077 -0.247196
v -0.270751 -0.831527 -0.255438
v 0.263235 -0.812996 -0.268739
v 0.242331 -0.094016 -0.244544
v 0.123033 -0.011576 -0.264801
v -0.148327 -0.951115 -0.266493
v -0.190153 -0.956592 -0.259096
v 0.218774 -0.954763 -0.251041
v 0.264009 -0.833692 -0.263320
v -0.280864 -0.771831 -0.250368
v -0.283159 -0.301657 -0.247835
v 0.260295 -0.228803 -0.271428
v -0.270921 -0.219572 -0.253304
v -0.255035 -0.138175 -0.253497
v 0.100605 -0.918924 -0.255037
v -0.032615 -0.913626 -0.264299
v 0.276957 -0.818194 -0.250708
v -0.281575 -0.416276 -0.249472
v 0.202285 -0.041178 -0.240557
v 0.031150 0.055148 -0.234959
v -0.245585 -0.933825 -0.264609
v 0.279328 -0.839002 -0.240831
v -0.280865 -0.527004 -0.249970
v 0.302849 -0.276588 -0.224577
v 0.277062 -0.172505 -0.242129
v -0.141494 -0.930020 -0.248194
v -0.097726 -0.914946 -0.247940
v 0.061597 -0.903420 -0.236957
v 0.283866 -0.750985 -0.246699
v 0.286162 -0.494231 -0.243901
v 0.302010 -0.228191 -0.223825
v -0.026031 0.853819 -0.254401
v -0.023269 0.888742 -0.257209
v 0.018633 0.853735 -0.260473
v -0.287141 -0.634033 -0.242634
v -0.010386 0.079511 -0.216372
v 0.001112 0.855080 -0.249042
v 0.020329 0.887865 -0.257500
v 0.189195 -0.954152 -0.242978
v 0.155861 -0.928614 -0.237379
v 0.006437 -0.902346 -0.238332
v -0.292908 -0.812702 -0.236449
v 0.294872 -0.672908 -0.233634
v 0.294240 -0.384088 -0.234403
v 0.297857 -0.217863 -0.221501
v -0.276529 -0.103203 -0.211777
v -0.222945 -0.062113 -0.239108
v 0.286457 -0.941393 -0.211347
v 0.295188 -0.833541 -0.228644
v -0.302681 -0.228455 -0.223866
v 0.289763 -0.149316 -0.219687
v 0.229783 -0.042843 -0.215710
v -0.200442 -0.018196 -0.218943
v -0.142725 0.005041 -0.240167
v 0.030801 0.888610 -0.240456
v -0.011458 0.887434 -0.244929
v 0.010529 0.887987 -0.246883
v -0.236902 -0.957438 -0.225491
v 0.149635 0.024139 -0.216187
v 0.011326 0.855402 -0.239396
v -0.079282 -0.901746 -0.221538
v -0.285039 -0.931025 -0.221990
v -0.303809 -0.818380 -0.217913
v 0.305123 -0.812554 -0.220131
v 0.316181 -0.599704 -0.204490
v -0.293804 -0.184529 -0.222885
v 0.093196 0.053624 -0.217921
v 0.026789 0.853796 -0.216236
v -0.211740 -0.951590 -0.220594
v 0.294751 -0.839613 -0.221214
v -0.298261 -0.833861 -0.223620
v -0.306147 -0.469980 -0.218558
v -0.305527 -0.345698 -0.219237
v -0.011971 0.854337 -0.239325
v -0.030029 0.888295 -0.237511
v 0.123280 0.076508 -0.180352
v -0.025890 0.853920 -0.214834
v -0.004122 0.854042 -0.228085
v 0.004531 0.886647 -0.226254
v 0.249579 -0.955985 -0.213291
v -0.307964 -0.733578 -0.215948
v -0.298785 -0.144926 -0.203749
v -0.292998 -0.940930 -0.201697
v 0.192771 -0.920940 -0.196838
v -0.156183 -0.911800 -0.205879
v 0.297017 -0.910517 -0.209492
v 0.309384 -0.819529 -0.208805
v 0.318016 -0.437888 -0.201637
v -0.103037 0.065382 -0.202855
v -0.208708 -0.929061 -0.193290
v -0.300262 -0.839333 -0.213657
v -0.306789 -0.625923 -0.217667
v -0.306482 -0.219858 -0.208755
v -0.247084 -0.041427 -0.194641
v -0.058594 0.073929 -0.213599
v 0.021549 0.891147 -0.206934
v 0.234664 -0.951458 -0.194777
v 0.147029 0.066576 -0.172133
v 0.044457 0.088379 -0.206785
v -0.024372 0.888511 -0.212044
v 0.004426 0.893010 -0.208969
v -0.272297 -0.954277 -0.192907
v 0.127773 -0.905355 -0.207805
v -0.325072 -0.451157 -0.189732
v 0.024756 0.849514 -0.206297
v 0.025086 0.865598 -0.206690
v 0.314431 -0.839058 -0.192988
v -0.049841 0.102418 -0.197756
v 0.006511 -0.894944 -0.188225
v 0.332561 -0.812135 -0.176864
v -0.325641 -0.813360 -0.188311
v -0.326299 -0.731998 -0.187325
v -0.325416 -0.612618 -0.189241
v 0.280228 -0.069476 -0.178196
v -0.154943 0.048963 -0.184696
v 0.085549 0.089617 -0.192266
v -0.033258 0.731004 -0.204493
v -0.022556 0.848467 -0.206201
v 0.007857 0.729927 -0.207464
v 0.026404 0.840019 -0.205894
v -0.026121 0.892771 -0.206034
v -0.043463 0.936509 -0.201916
v 0.000465 0.935510 -0.207171
v 0.315942 -0.924100 -0.177382
v -0.314835 -0.921316 -0.180141
v 0.333506 -0.707331 -0.174899
v -0.333914 -0.228409 -0.174198
v 0.326497 -0.219626 -0.176070
v -0.018237 0.127647 -0.195600
v 0.046850 0.731019 -0.201975
v -0.060965 0.801151 -0.198302
v 0.076516 0.841458 -0.193981
v -0.044189 0.846113 -0.202116
v 0.062952 0.846877 -0.196492
v 0.065768 0.932199 -0.196708
v 0.030677 0.946837 -0.199216
v -0.323985 -0.836268 -0.179032
v -0.334685 -0.302793 -0.172660
v 0.332690 -0.319000 -0.176210
v 0.334904 -0.227760 -0.171621
v 0.326995 -0.183744 -0.170484
v 0.319829 -0.126510 -0.157954
v 0.217669 0.014336 -0.162543
v 0.021141 0.129533 -0.194976
v -0.070454 0.730587 -0.194475
v 0.079393 0.733452 -0.191379
v -0.092582 0.842742 -0.185705
v -0.076776 0.857373 -0.192724
v -0.083757 0.933120 -0.189733
v -0.051465 0.951076 -0.191226
v 0.237996 -0.924980 -0.149256
v 0.107986 -0.896722 -0.171008
v 0.330424 -0.832763 -0.173460
v 0.062409 0.127538 -0.185599
v 0.007355 0.729997 -0.189394
v 0.019021 0.955961 -0.185951
v -0.255975 -0.954347 -0.171662
v -0.205525 -0.917211 -0.171763
v -0.119797 -0.896010 -0.160247
v 0.339784 -0.818837 -0.156257
v -0.329571 -0.218950 -0.170481
v -0.328824 -0.170359 -0.163235
v -0.280258 -0.050011 -0.154735
v -0.182814 0.052176 -0.153378
v -0.087166 0.118826 -0.177051
v -0.002279 0.191957 -0.190864
v -0.046668 0.731613 -0.179106
v 0.058366 0.729528 -0.187653
v -0.095709 0.735951 -0.184149
v -0.111844 0.847733 -0.173459
v 0.093112 0.862151 -0.184768
v 0.089399 0.947043 -0.180166
v 0.338865 -0.542548 -0.163954
v -0.056349 0.132474 -0.187346
v 0.035551 0.221127 -0.184912
v -0.030507 0.230017 -0.185122
v 0.002432 0.265702 -0.184383
v 0.106265 0.825751 -0.178312
v 0.078695 0.954761 -0.173920
v 0.299874 -0.955047 -0.141264
v 0.136512 -0.898483 -0.171955
v -0.341170 -0.818065 -0.153572
v -0.086366 0.189311 -0.170331
v -0.053173 0.245185 -0.178376
v -0.077746 0.730997 -0.168973
v 0.125519 0.730271 -0.165203
v -0.120041 0.729901 -0.166698
v -0.118317 0.844231 -0.170331
v 0.125024 0.847386 -0.164597
v 0.116193 0.935958 -0.170791
v -0.114457 0.941202 -0.171306
v -0.189918 -0.902217 -0.136911
v -0.341241 -0.655239 -0.158729
v 0.338656 -0.434227 -0.164484
v -0.343366 -0.401661 -0.154290
v 0.104269 0.118178 -0.168163
v 0.073490 0.290386 -0.166825
v -0.035599 0.392026 -0.170482
v 0.042625 0.315770 -0.175271
v -0.003104 0.393053 -0.174093
v 0.036161 0.398284 -0.170294
v 0.034107 0.734728 -0.181810
v -0.124476 0.732767 -0.165818
v -0.013361 0.734150 -0.184173
v -0.081743 0.956127 -0.168920
v 0.325676 -0.938920 -0.149027
v -0.343308 -0.812385 -0.154699
v -0.345050 -0.481293 -0.150603
v -0.319664 -0.112251 -0.146744
v -0.140087 0.098938 -0.150633
v 0.090817 0.130897 -0.173219
v -0.075920 0.296034 -0.165217
v 0.006294 0.399426 -0.175809
v -0.033672 0.402483 -0.173105
v 0.001395 0.476701 -0.170315
v 0.053453 0.688625 -0.165415
v 0.004903 0.699411 -0.180288
v 0.054030 0.701338 -0.170758
v 0.051306 0.800156 -0.177252
v 0.012212 0.791081 -0.183775
v -0.016355 0.798819 -0.182935
v -0.031289 0.792148 -0.181237
v 0.001607 0.802169 -0.182194
v -0.000735 0.797564 -0.170183
v 0.009730 0.795621 -0.174352
v -0.014215 0.804719 -0.176457
v 0.030594 0.813223 -0.173942
v -0.324131 -0.940760 -0.147196
v -0.333253 -0.839235 -0.157499
v 0.348224 -0.361586 -0.143206
v -0.344599 -0.166093 -0.127563
v 0.032704 0.463947 -0.167646
v -0.053817 0.693661 -0.171944
v -0.054171 0.717174 -0.164864
v -0.027998 0.692874 -0.176553
v -0.002537 0.724996 -0.170880
v 0.031969 0.728226 -0.166879
v -0.058120 0.795872 -0.174517
v -0.031975 0.804293 -0.176453
v -0.006501 0.775239 -0.151606
v -0.021959 0.784068 -0.161691
v -0.048756 0.813982 -0.175779
v 0.042515 0.806986 -0.169468
v 0.293274 -0.956129 -0.124470
v 0.333865 -0.839083 -0.156322
v 0.256254 -0.005581 -0.130088
v 0.148160 0.094978 -0.145567
v 0.106748 0.271343 -0.149368
v -0.064927 0.397697 -0.161172
v -0.030489 0.474690 -0.167083
v -0.000310 0.562323 -0.163283
v 0.031531 0.520854 -0.162429
v 0.028003 0.679399 -0.155166
v -0.044675 0.728133 -0.162692
v 0.079279 0.732162 -0.167354
v 0.075070 0.798845 -0.168607
v -0.079091 0.792852 -0.166219
v 0.009008 0.774632 -0.149974
v -0.046519 0.811239 -0.165168
v -0.014221 0.780492 -0.152398
v -0.054153 0.803413 -0.165875
v 0.055766 0.805862 -0.167895
v 0.033546 0.793678 -0.147920
v 0.143674 0.845404 -0.149357
v -0.245879 -0.930725 -0.145260
v -0.348269 -0.220383 -0.129305
v -0.118355 0.135979 -0.154036
v 0.120553 0.133338 -0.152550
v -0.109670 0.252136 -0.148597
v 0.070182 0.399273 -0.160190
v -0.040100 0.404126 -0.162409
v -0.040306 0.437254 -0.158992
v 0.039481 0.407966 -0.161837
v -0.030375 0.531857 -0.162585
v 0.028745 0.566547 -0.158828
v -0.035400 0.679231 -0.153660
v 0.093028 0.689183 -0.148355
v 0.062001 0.728067 -0.157894
v -0.105410 0.731351 -0.151743
v 0.064903 0.805271 -0.167873
v -0.063592 0.808029 -0.165045
v -0.045422 0.798450 -0.152740
v 0.048230 0.789311 -0.143910
v -0.149874 0.862358 -0.143085
v -0.139801 0.935731 -0.152207
v 0.153502 0.956127 -0.105663
v 0.038091 -0.893227 -0.139810
v -0.344833 -0.833715 -0.142488
v 0.351564 -0.681348 -0.134549
v 0.348790 -0.227872 -0.141902
v -0.352545 -0.227677 -0.131864
v 0.350071 -0.219779 -0.124000
v 0.113800 0.215088 -0.148797
v -0.072903 0.399743 -0.160755
v -0.058854 0.404899 -0.156070
v 0.060373 0.404416 -0.155468
v -0.066759 0.470781 -0.156359
v -0.036650 0.520019 -0.154290
v 0.039031 0.502591 -0.155066
v -0.036568 0.592892 -0.148803
v -0.028231 0.617061 -0.155632
v 0.027764 0.628894 -0.154753
v 0.000588 0.668550 -0.154328
v 0.106031 0.699879 -0.145825
v -0.100447 0.696724 -0.149161
v -0.096889 0.727804 -0.141216
v 0.114867 0.729968 -0.150632
v -0.103130 0.788255 -0.153173
v 0.090799 0.795364 -0.159949
v -0.142985 0.734602 -0.150382
v -0.071850 0.798537 -0.161053
v 0.131689 0.949629 -0.147745
v 0.278147 -0.950294 -0.122269
v 0.355959 -0.490156 -0.122860
v 0.349717 -0.162140 -0.110722
v 0.103809 0.393012 -0.139270
v -0.102398 0.392431 -0.140393
v 0.067458 0.465727 -0.157024
v -0.057590 0.498721 -0.149489
v 0.058430 0.493277 -0.149432
v 0.035366 0.526910 -0.154435
v 0.035887 0.590856 -0.148977
v -0.095911 0.687172 -0.143346
v -0.110278 0.711722 -0.136796
v -0.058575 0.783598 -0.141535
v 0.041909 0.783947 -0.144446
v -0.085767 0.804314 -0.154732
v 0.078968 0.806570 -0.147148
v 0.084100 0.813119 -0.157010
v -0.155332 0.840634 -0.137659
v -0.342133 -0.922355 -0.120012
v -0.351786 -0.742619 -0.133338
v -0.356382 -0.341818 -0.122023
v -0.228941 0.025384 -0.126266
v 0.199652 0.053819 -0.128910
v -0.104683 0.355347 -0.141472
v 0.107140 0.399300 -0.140589
v 0.091281 0.479259 -0.143121
v 0.054338 0.527636 -0.147996
v 0.064990 0.537488 -0.151154
v -0.082910 0.526498 -0.143712
v -0.065086 0.544720 -0.150745
v -0.030847 0.663966 -0.146656
v 0.031738 0.665493 -0.146135
v 0.059917 0.675193 -0.142012
v 0.099791 0.727657 -0.136988
v 0.116991 0.734093 -0.143896
v 0.114481 0.796129 -0.144623
v -0.097429 0.807774 -0.150440
v 0.090518 0.801387 -0.147909
v 0.154741 0.932726 -0.137280
v -0.131581 0.956059 -0.135024
v -0.279011 -0.953927 -0.129837
v 0.353857 -0.811398 -0.129871
v 0.324873 -0.095927 -0.115653
v -0.190610 0.073431 -0.112902
v 0.150014 0.128662 -0.124401
v -0.158833 0.132996 -0.113758
v 0.067196 0.580956 -0.147299
v -0.053831 0.610792 -0.141897
v -0.064539 0.614855 -0.145651
v 0.054221 0.587300 -0.143187
v 0.043085 0.620524 -0.142369
v -0.133575 0.729945 -0.130401
v -0.041284 0.728586 -0.132215
v 0.145455 0.729820 -0.147038
v -0.070331 0.766071 -0.127101
v -0.092915 0.788270 -0.126740
v 0.058820 0.766043 -0.126700
v 0.103102 0.804278 -0.143756
v -0.316763 -0.955102 -0.100760
v 0.221015 -0.905858 -0.108860
v 0.346971 -0.839063 -0.124911
v 0.345945 -0.833899 -0.137782
v -0.349495 -0.839823 -0.117807
v -0.353036 -0.577331 -0.130867
v 0.296490 -0.040612 -0.103644
v 0.132208 0.186267 -0.131002
v -0.125233 0.261516 -0.128704
v -0.108850 0.404433 -0.136586
v -0.105509 0.461479 -0.134483
v -0.062377 0.676168 -0.142262
v -0.050527 0.662515 -0.139580
v -0.130199 0.698382 -0.124877
v 0.023727 0.728495 -0.138142
v 0.070351 0.728429 -0.120774
v 0.100205 0.728509 -0.128720
v -0.022084 0.759239 -0.136250
v -0.045065 0.769704 -0.124235
v -0.102313 0.793769 -0.140617
v -0.236669 -0.909661 -0.099792
v 0.345689 -0.926706 -0.108761
v -0.119244 -0.893187 -0.088461
v 0.358628 -0.351781 -0.114121
v 0.360859 -0.228360 -0.107466
v 0.122479 0.311470 -0.125825
v 0.099666 0.553385 -0.129967
v 0.090011 0.670716 -0.126467
v -0.094558 0.678234 -0.124492
v -0.171005 0.731071 -0.117343
v -0.014918 0.727701 -0.139204
v -0.118599 0.792289 -0.140106
v -0.166872 0.846399 -0.121810
v 0.169829 0.846877 -0.118596
v -0.171839 0.931704 -0.115715
v 0.162649 0.946962 -0.119434
v -0.357035 -0.811924 -0.120273
v 0.189585 0.083743 -0.099867
v -0.110058 0.396894 -0.127977
v 0.111307 0.397649 -0.126542
v 0.107291 0.436073 -0.133208
v 0.104095 0.496433 -0.132104
v -0.102063 0.517918 -0.130877
v -0.099119 0.577532 -0.127809
v 0.099552 0.679508 -0.122818
v 0.157231 0.730115 -0.104916
v -0.002691 0.756896 -0.131587
v 0.137273 0.791987 -0.124015
v 0.102269 0.797188 -0.130596
v -0.155815 0.954711 -0.113397
v 0.264239 0.000078 -0.101283
v 0.096733 0.627456 -0.124279
v -0.095341 0.645237 -0.123394
v 0.131395 0.688010 -0.112907
v -0.063595 0.728511 -0.124990
v -0.129744 0.734128 -0.131192
v 0.010581 0.746256 -0.122158
v -0.013484 0.738128 -0.109175
v 0.048808 0.766564 -0.122276
v 0.081234 0.781279 -0.120004
v -0.102425 0.784145 -0.129337
v 0.090466 0.778856 -0.123762
v 0.126623 0.811489 -0.122431
v -0.267691 -0.927700 -0.094206
v -0.353141 -0.929717 -0.080810
v 0.138111 -0.893427 -0.086250
v -0.364693 -0.717051 -0.093558
v 0.148840 0.194395 -0.116371
v -0.108115 0.409081 -0.124505
v 0.106825 0.438670 -0.123701
v 0.103346 0.513352 -0.120461
v -0.025302 0.722315 -0.131527
v -0.008606 0.722070 -0.123444
v 0.009030 0.721422 -0.131341
v 0.040870 0.719826 -0.128319
v 0.174424 0.729733 -0.103453
v -0.141086 0.728517 -0.094811
v -0.021368 0.735876 -0.114430
v 0.176709 0.733704 -0.109558
v -0.137546 0.788126 -0.123265
v 0.032884 0.755176 -0.109885
v -0.057734 0.762354 -0.120277
v 0.338594 -0.943696 -0.099734
v 0.358422 -0.833713 -0.104460
v 0.365143 -0.569128 -0.092032
v -0.363264 -0.420264 -0.099098
v -0.326572 -0.082037 -0.090477
v -0.279024 -0.011092 -0.086141
v -0.182549 0.101420 -0.094259
v 0.171372 0.127018 -0.095614
v -0.142559 0.327455 -0.108390
v -0.135284 0.395626 -0.106818
v -0.105636 0.468200 -0.121685
v -0.103099 0.534410 -0.117223
v 0.141362 0.698466 -0.112349
v -0.054071 0.718375 -0.121585
v -0.043884 0.719763 -0.108852
v -0.133132 0.801791 -0.119959
v 0.180464 0.932998 -0.100996
v -0.293638 -0.951973 -0.086110
v 0.220914 -0.899667 -0.057439
v -0.367235 -0.814562 -0.081965
v 0.359374 -0.818826 -0.102420
v 0.367396 -0.415096 -0.084295
v -0.150579 0.208471 -0.113387
v 0.135160 0.392932 -0.108407
v -0.125183 0.405212 -0.108691
v 0.099315 0.602677 -0.115431
v -0.099087 0.591216 -0.116061
v 0.096516 0.663076 -0.112209
v -0.114898 0.679654 -0.107905
v 0.133729 0.726272 -0.104730
v -0.003164 0.735219 -0.111476
v 0.042775 0.743633 -0.104001
v 0.153336 0.734948 -0.103870
v 0.084877 0.757919 -0.093565
v 0.090550 0.760661 -0.103431
v -0.182717 0.858455 -0.098102
v 0.141853 0.325255 -0.109199
v 0.125948 0.403484 -0.109077
v 0.119817 0.488729 -0.106055
v -0.116126 0.556880 -0.102723
v -0.096526 0.664392 -0.113253
v -0.150795 0.690792 -0.092866
v 0.038350 0.722354 -0.104344
v 0.057952 0.723754 -0.106767
v 0.073559 0.720416 -0.115035
v -0.072361 0.727046 -0.106453
v 0.009571 0.735438 -0.114481
v -0.096704 0.728534 -0.102709
v 0.049043 0.755687 -0.111388
v -0.183878 0.840275 -0.096190
v -0.137694 0.796031 -0.111378
v 0.000838 -0.892770 -0.007918
v -0.362787 -0.833261 -0.088850
v -0.367027 -0.578243 -0.085130
v 0.115853 0.573535 -0.101306
v -0.111881 0.626683 -0.099861
v -0.146295 0.714088 -0.094829
v -0.163707 0.730045 -0.093676
v -0.082437 0.724306 -0.102944
v 0.031069 0.735987 -0.093714
v -0.152660 0.735017 -0.104602
v -0.151143 0.786958 -0.105733
v -0.054381 0.742056 -0.101946
v -0.093395 0.754665 -0.092977
v -0.105248 0.760563 -0.102333
v 0.131805 0.799422 -0.105747
v 0.146349 0.808335 -0.100769
v -0.357126 -0.838687 -0.092037
v 0.364190 -0.706428 -0.095697
v -0.367564 -0.228330 -0.081757
v -0.363352 -0.220188 -0.079520
v -0.137032 0.401619 -0.109167
v -0.121730 0.465172 -0.106636
v 0.135893 0.458494 -0.105147
v -0.130310 0.502565 -0.104403
v 0.130152 0.521727 -0.103529
v -0.122279 0.668635 -0.093004
v 0.111836 0.662928 -0.097478
v 0.124648 0.669930 -0.092265
v -0.059455 0.730495 -0.097186
v 0.081006 0.720051 -0.091970
v 0.058747 0.736713 -0.097872
v -0.070360 0.741689 -0.102014
v 0.115914 0.782329 -0.101550
v -0.193543 0.938887 -0.072773
v 0.331336 -0.954614 -0.045273
v 0.360340 -0.838470 -0.081568
v 0.370185 -0.812551 -0.071237
v 0.325061 -0.064169 -0.052303
v 0.162521 0.216249 -0.094801
v -0.160835 0.287101 -0.086205
v -0.129110 0.558836 -0.100703
v -0.045363 0.736555 -0.091887
v 0.102442 0.721170 -0.089915
v -0.140434 0.794604 -0.101599
v -0.346417 -0.942172 -0.075551
v 0.360380 -0.913859 -0.054882
v 0.364292 -0.218780 -0.070943
v 0.355502 -0.135238 -0.056449
v 0.123738 0.616248 -0.098785
v -0.124040 0.626632 -0.097480
v -0.137281 0.678905 -0.079228
v 0.121037 0.728442 -0.070189
v 0.049624 0.735860 -0.092050
v -0.183674 0.732546 -0.096008
v 0.158931 0.799206 -0.092843
v 0.190603 0.841051 -0.082399
v 0.186620 0.847386 -0.088525
v 0.272205 -0.925547 -0.071608
v -0.357812 -0.917458 -0.063865
v 0.370827 -0.310102 -0.066251
v -0.355716 -0.140263 -0.062042
v -0.171112 0.232516 -0.075389
v 0.156685 0.391398 -0.075308
v 0.161329 0.400313 -0.071659
v -0.152906 0.468458 -0.076499
v 0.139792 0.585974 -0.080735
v 0.133885 0.678662 -0.083538
v 0.157226 0.724446 -0.068515
v 0.085251 0.735970 -0.070178
v -0.084176 0.724647 -0.094683
v -0.116659 0.727220 -0.073467
v 0.116813 0.790106 -0.093529
v -0.155364 0.798852 -0.095896
v -0.178349 0.953837 -0.075807
v 0.252469 -0.909513 -0.049883
v -0.185550 0.117906 -0.069647
v 0.210622 0.079594 -0.049936
v -0.148773 0.393127 -0.088379
v -0.160624 0.402743 -0.071012
v 0.168333 0.702617 -0.061954
v 0.160741 0.691510 -0.072975
v 0.150092 0.728459 -0.080209
v -0.143062 0.802842 -0.091888
v 0.137537 0.807407 -0.091016
v -0.195079 -0.896125 -0.033244
v -0.372970 -0.812377 -0.050308
v 0.153987 0.501137 -0.068590
v -0.196402 0.730249 -0.066128
v -0.102379 0.725688 -0.082763
v -0.094532 0.736757 -0.074597
v 0.172136 0.797572 -0.067760
v 0.155622 0.813608 -0.084096
v 0.181120 0.950691 -0.076877
v -0.262921 -0.914352 -0.046543
v 0.370893 -0.818332 -0.052072
v 0.372319 -0.516370 -0.057242
v -0.221272 0.066269 -0.050875
v -0.141923 0.664554 -0.062768
v 0.142122 0.667816 -0.061221
v -0.170438 0.687992 -0.039934
v -0.174076 0.701609 -0.044461
v 0.120116 0.719430 -0.062544
v 0.196064 0.731702 -0.067159
v -0.167947 0.792446 -0.076138
v 0.137330 0.787830 -0.070172
v -0.157582 0.806421 -0.084253
v -0.199764 0.845889 -0.055269
v -0.159921 0.956185 -0.038206
v 0.303735 -0.953756 -0.051726
v 0.374670 -0.676448 -0.041138
v -0.373798 -0.390381 -0.048063
v 0.373500 -0.229129 -0.049363
v -0.312020 -0.042324 -0.043691
v -0.181603 0.209387 -0.052798
v 0.156645 0.463154 -0.067447
v -0.175474 0.735035 -0.057970
v 0.198220 0.935954 -0.059495
v -0.317215 -0.956771 -0.054847
v -0.224810 -0.899844 -0.027712
v -0.366466 -0.837490 -0.049893
v 0.179122 0.178375 -0.067745
v -0.160201 0.398659 -0.066795
v -0.153006 0.516855 -0.065999
v 0.176576 0.732397 -0.055610
v -0.122981 0.761174 -0.069901
v -0.165616 0.799549 -0.072440
v 0.161037 0.810135 -0.073126
v 0.350330 -0.942496 -0.058400
v 0.280283 0.000586 -0.038120
v 0.176054 0.270004 -0.054163
v 0.151005 0.540065 -0.064741
v -0.146018 0.613415 -0.062311
v -0.186394 0.730421 -0.035885
v 0.097582 0.721454 -0.061107
v -0.098707 0.730509 -0.066134
v -0.146484 0.786562 -0.069364
v 0.200230 0.848652 -0.052381
v 0.192723 0.125606 -0.041142
v -0.191424 0.128797 -0.044377
v 0.159571 0.400377 -0.067451
v 0.148837 0.678375 -0.048943
v -0.168070 0.727703 -0.023310
v 0.198256 0.947671 -0.034212
v 0.367863 -0.835026 -0.050178
v -0.374318 -0.534023 -0.044137
v 0.367385 -0.182127 -0.037830
v -0.152053 0.454622 -0.058742
v 0.146146 0.606068 -0.062055
v 0.186977 0.730027 -0.033107
v -0.103219 0.747532 -0.062620
v 0.105594 0.762580 -0.061728
v 0.080437 0.736322 -0.061084
v 0.140294 0.794689 -0.059801
v 0.124397 0.780751 -0.061867
v -0.164408 0.808612 -0.062466
v 0.162817 0.813524 -0.060736
v 0.189371 0.956029 -0.005792
v -0.376508 -0.668987 -0.018997
v -0.370837 -0.219610 -0.023640
v -0.155731 0.403763 -0.061703
v 0.153477 0.434875 -0.058862
v -0.120872 0.719372 -0.058203
v -0.149061 0.792407 -0.060051
v 0.126265 0.777662 -0.054046
v -0.180806 0.788258 -0.037489
v -0.168331 0.802843 -0.055963
v -0.352008 -0.942834 -0.038165
v -0.287735 -0.931652 -0.016693
v -0.306928 -0.952395 -0.008379
v -0.367371 -0.171272 -0.018713
v -0.344736 -0.096243 -0.024887
v 0.169885 0.398509 -0.036452
v 0.148988 0.506057 -0.057166
v -0.146799 0.540597 -0.054162
v 0.141331 0.613995 -0.053645
v -0.139207 0.663781 -0.050916
v -0.097604 0.733249 -0.048274
v -0.132802 0.728521 -0.038032
v -0.115406 0.755021 -0.053791
v -0.145402 0.790673 -0.045435
v 0.138283 0.793595 -0.044903
v -0.376596 -0.230082 -0.017275
v -0.287319 -0.005016 -0.009090
v 0.187446 0.204129 -0.028631
v 0.162019 0.405067 -0.039668
v -0.161093 0.421013 -0.038309
v -0.141129 0.623014 -0.053616
v 0.138863 0.663382 -0.050357
v -0.151311 0.674391 -0.026191
v 0.174296 0.689078 -0.015079
v -0.107216 0.720869 -0.043978
v 0.085506 0.736315 -0.053254
v -0.175581 0.816372 -0.045929
v 0.172605 0.823742 -0.048616
v 0.156529 0.813399 -0.046552
v 0.204523 0.839807 -0.036554
v -0.205404 0.847945 -0.024329
v -0.205294 0.942271 -0.025443
v -0.362973 -0.922913 -0.009178
v 0.163859 -0.893460 0.025191
v -0.369472 -0.836247 -0.016636
v 0.375903 -0.336931 -0.025255
v 0.154685 0.505925 -0.037812
v -0.155865 0.490209 -0.038173
v -0.151767 0.550774 -0.036158
v 0.150943 0.668760 -0.026477
v 0.204034 0.729650 -0.007634
v 0.137265 0.728316 -0.025372
v -0.106046 0.750349 -0.045723
v 0.103579 0.760689 -0.045646
v 0.079540 0.735971 -0.044963
v -0.205647 0.730563 -0.026991
v 0.206979 0.857632 -0.017440
v 0.206955 0.936213 -0.012531
v -0.191401 0.955661 0.016215
v 0.232401 -0.900850 0.011233
v 0.376886 -0.528693 -0.006001
v -0.181968 0.282358 -0.023875
v 0.145959 0.625953 -0.035580
v 0.127834 0.718183 -0.019544
v 0.092589 0.722735 -0.044330
v 0.206607 0.734245 -0.021099
v 0.122845 0.778472 -0.044553
v 0.181120 0.797414 -0.033727
v -0.207230 0.840747 -0.016829
v 0.132032 0.956164 0.131952
v 0.376030 -0.809393 -0.025113
v 0.371016 -0.219445 -0.016180
v 0.344458 -0.093497 -0.006336
v 0.215021 0.083540 -0.008694
v -0.170175 0.401576 -0.033327
v 0.173894 0.391311 -0.015985
v 0.150629 0.572313 -0.034941
v -0.146294 0.626147 -0.035398
v -0.128432 0.720488 -0.022982
v -0.184781 0.736092 -0.010239
v 0.137765 0.772350 -0.022136
v 0.170620 0.815663 -0.033191
v 0.328802 -0.955664 0.036171
v -0.329912 -0.956362 0.022567
v -0.335090 -0.075064 0.018807
v -0.167385 0.448836 -0.032668
v 0.167906 0.463291 -0.031525
v -0.163293 0.522173 -0.030592
v 0.168673 0.725626 -0.021084
v -0.112887 0.735895 -0.022544
v -0.133370 0.724501 -0.017497
v 0.101961 0.736860 -0.022589
v 0.280602 -0.923341 0.004629
v -0.209190 0.094641 -0.006794
v -0.189083 0.187431 -0.026371
v 0.162275 0.542772 -0.029546
v -0.156296 0.603405 -0.028239
v 0.155117 0.622812 -0.028526
v 0.179338 0.701002 -0.014017
v -0.173421 0.793873 -0.022292
v 0.373511 -0.833754 0.002161
v -0.197376 0.122782 0.001865
v -0.174536 0.391757 -0.004624
v -0.154765 0.667489 -0.015999
v 0.167840 0.728496 0.016838
v -0.149815 0.773271 -0.022700
v 0.164510 0.800293 -0.021771
v 0.358523 -0.938388 -0.001307
v -0.148611 -0.893094 0.035506
v -0.376425 -0.810526 -0.021390
v 0.363257 -0.144668 0.018579
v -0.225058 0.068564 0.005880
v 0.197332 0.120528 0.000952
v 0.175642 0.398840 -0.008477
v -0.172717 0.442776 -0.004309
v 0.155895 0.676553 -0.009923
v 0.184882 0.735221 -0.003338
v -0.137864 0.727661 0.012295
v -0.182497 0.803000 -0.014627
v 0.175995 0.807521 -0.023691
v 0.183159 0.810654 -0.016871
v 0.246776 0.042363 0.018086
v -0.162298 0.571711 0.000195
v -0.159892 0.789054 -0.014141
v 0.365859 -0.887819 0.014522
v 0.376899 -0.230150 0.000639
v 0.306975 -0.032286 0.024735
v 0.160125 0.598904 0.002261
v -0.158276 0.679342 -0.000561
v 0.133556 0.719709 -0.000308
v -0.107454 0.736235 -0.014171
v -0.139386 0.768494 -0.014331
v 0.114098 0.755196 -0.013711
v 0.139048 0.779570 -0.013936
v 0.207849 0.841065 0.004677
v 0.198945 0.948450 0.024835
v -0.263453 -0.912374 0.018788
v 0.368094 -0.839500 0.024264
v 0.375555 -0.813850 0.010605
v 0.376552 -0.371504 0.020584
v -0.376729 -0.474440 0.014029
v -0.376262 -0.317636 0.027292
v 0.167984 0.503107 -0.001212
v -0.178130 0.702417 0.019434
v 0.110569 0.722648 -0.002220
v 0.098322 0.734232 -0.009023
v -0.184391 0.793245 0.001753
v 0.156813 0.792877 -0.006910
v 0.165344 0.806542 -0.013696
v 0.177122 0.809106 -0.005677
v 0.207284 0.732547 0.009500
v 0.205373 0.847447 0.021409
v 0.303910 -0.950250 0.024246
v 0.377093 -0.643705 0.010859
v 0.376819 -0.768453 0.010738
v -0.187370 0.230910 0.002407
v 0.186626 0.240105 0.009826
v -0.112982 0.734786 -0.006497
v -0.147452 0.770588 -0.006327
v 0.119317 0.753829 -0.005460
v 0.261131 -0.912030 0.034532
v -0.205971 0.731237 0.026671
v -0.177860 0.795393 -0.005388
v 0.183409 0.799651 0.017998
v -0.357835 -0.937870 0.031311
v 0.370277 -0.219380 0.027699
v -0.172330 0.689413 0.030123
v -0.108026 0.736603 0.001211
v 0.134272 0.775314 0.002125
v -0.177971 0.805533 0.002246
v -0.205402 0.840959 0.031607
v -0.206832 0.936638 0.012134
v -0.375748 -0.811049 0.027379
v -0.358435 -0.135841 0.031050
v -0.172313 0.392040 0.027995
v 0.170405 0.441827 0.030268
v -0.129889 0.720780 0.006784
v 0.097267 0.737925 0.002387
v 0.136325 0.728364 0.028911
v 0.178121 0.817964 0.001940
v -0.205715 0.848699 0.020629
v -0.374138 -0.228602 0.045019
v -0.367670 -0.190626 0.043613
v -0.314421 -0.048435 0.056900
v -0.169274 0.453261 0.031577
v -0.163392 0.521951 0.030619
v 0.114270 0.722549 0.011977
v -0.186124 0.729981 0.037456
v -0.113567 0.736202 0.010221
v 0.185800 0.730594 0.035498
v 0.101783 0.735995 0.010234
v 0.132675 0.767026 0.010280
v -0.165606 0.788558 0.010189
v -0.179100 0.795717 0.008618
v 0.353750 -0.941311 0.033013
v -0.272852 -0.921248 0.049858
v 0.359103 -0.929642 0.042452
v -0.369693 -0.833946 0.023999
v 0.172820 0.390731 0.022521
v 0.172770 0.398883 0.033027
v -0.157221 0.600623 0.028038
v 0.171072 0.690142 0.043257
v -0.161066 0.728264 0.054184
v -0.179860 0.734511 0.043481
v 0.175856 0.809342 0.009735
v -0.375817 -0.621857 0.027287
v 0.375081 -0.488563 0.036272
v 0.347800 -0.111241 0.049308
v 0.363798 -0.165767 0.050565
v 0.193322 0.118061 0.039119
v 0.157718 0.587253 0.028875
v -0.151396 0.667673 0.027113
v 0.206241 0.934445 0.019950
v -0.177847 0.955979 0.062773
v -0.217360 -0.899046 0.043530
v -0.374074 -0.669372 0.046388
v -0.368941 -0.219558 0.042581
v -0.241800 0.042507 0.051108
v -0.191207 0.130556 0.042475
v -0.180780 0.250102 0.045691
v 0.165747 0.493078 0.031108
v -0.150531 0.679441 0.047364
v -0.107810 0.719980 0.032764
v 0.102496 0.720162 0.025629
v 0.080293 0.736557 0.032408
v 0.203210 0.840443 0.044358
v -0.174824 0.805171 0.020224
v 0.179765 0.811797 0.019970
v -0.209710 0.084923 0.037612
v 0.217943 0.068892 0.055643
v 0.151338 0.669056 0.026863
v 0.153563 0.678922 0.033730
v 0.168170 0.699169 0.065803
v 0.202035 0.731158 0.044359
v 0.106789 0.764233 0.033343
v -0.180997 0.806607 0.034503
v 0.162166 0.816475 0.031543
v -0.297257 -0.951684 0.072934
v -0.360231 -0.889922 0.064743
v -0.371871 -0.481544 0.061047
v 0.373365 -0.228588 0.049648
v 0.169164 0.391523 0.041779
v 0.179067 0.734703 0.045838
v 0.369010 -0.833091 0.052754
v 0.372980 -0.813197 0.047711
v 0.320913 -0.063326 0.069800
v 0.158252 0.727364 0.064085
v -0.131588 0.726375 0.039831
v 0.121081 0.718211 0.047128
v -0.118054 0.763584 0.033710
v 0.130615 0.787774 0.033662
v 0.175589 0.816304 0.037607
v 0.197460 0.847710 0.061278
v 0.308136 -0.956683 0.113741
v -0.193999 0.101588 0.063628
v 0.179048 0.249429 0.049773
v 0.147117 0.616291 0.034738
v 0.095555 0.722090 0.042817
v 0.084259 0.735064 0.039142
v -0.094750 0.734885 0.034313
v -0.174213 0.815615 0.034321
v 0.371306 -0.678024 0.062290
v 0.368855 -0.564474 0.077261
v -0.353806 -0.144602 0.079377
v -0.284971 -0.018959 0.089501
v -0.166322 0.401034 0.037277
v 0.157683 0.466422 0.038873
v 0.153667 0.533132 0.036653
v -0.156754 0.477367 0.038524
v -0.150069 0.568014 0.037307
v -0.144136 0.662719 0.033109
v -0.112945 0.720464 0.044483
v -0.098863 0.738270 0.041901
v -0.168837 0.807473 0.041343
v 0.176962 0.809609 0.052567
v 0.164123 0.817976 0.047568
v 0.176419 0.955504 0.075849
v -0.365777 -0.818859 0.078166
v 0.162549 0.404678 0.039247
v 0.138740 0.663028 0.053228
v 0.142331 0.598128 0.053688
v -0.139573 0.664415 0.054523
v -0.166129 0.700176 0.067817
v 0.124338 0.728427 0.062436
v 0.147625 0.798143 0.041920
v -0.169908 0.808524 0.051805
v -0.189220 0.844324 0.085127
v -0.198008 0.852528 0.060317
v 0.198441 0.931786 0.059909
v -0.197174 0.939093 0.063231
v 0.363623 -0.838699 0.064524
v -0.363378 -0.837094 0.070463
v 0.349290 -0.154528 0.106938
v -0.339666 -0.106371 0.084355
v -0.180522 0.167298 0.067503
v 0.170221 0.266360 0.070965
v 0.152421 0.448940 0.057544
v 0.149249 0.497864 0.057479
v -0.148552 0.510733 0.056679
v -0.142857 0.593403 0.054040
v -0.194439 0.729379 0.072258
v 0.120466 0.719665 0.061743
v -0.095467 0.732967 0.050344
v 0.080655 0.736446 0.049405
v -0.106347 0.751330 0.050098
v 0.102349 0.759204 0.049877
v -0.148309 0.793398 0.049616
v 0.130498 0.787493 0.049924
v -0.344025 -0.941651 0.087982
v 0.288201 -0.946390 0.089006
v -0.369049 -0.811991 0.076138
v 0.368111 -0.317008 0.078784
v -0.160632 0.398601 0.066343
v 0.160329 0.398350 0.067268
v -0.156304 0.403848 0.061207
v -0.143681 0.633700 0.061702
v -0.120840 0.721037 0.058937
v 0.086160 0.734318 0.057662
v 0.168027 0.734642 0.077226
v 0.171620 0.819358 0.054981
v -0.350927 -0.926762 0.090953
v 0.242524 -0.912173 0.096541
v 0.363733 -0.219698 0.075017
v 0.287258 -0.020135 0.082977
v 0.154210 0.409459 0.062734
v -0.152753 0.445315 0.058244
v 0.101771 0.720543 0.061173
v -0.109480 0.723122 0.058363
v 0.170846 0.730381 0.080218
v -0.098300 0.736912 0.058432
v 0.103792 0.754382 0.058153
v -0.158813 0.797822 0.058280
v 0.137154 0.788005 0.057988
v -0.173091 0.794547 0.064200
v -0.128662 0.956035 0.139117
v -0.321055 -0.956032 0.069723
v -0.237738 -0.910845 0.101931
v 0.183223 -0.898317 0.118574
v -0.366215 -0.554294 0.087289
v -0.207099 0.070392 0.085487
v 0.168517 0.197158 0.088280
v 0.149339 0.560731 0.066071
v -0.148620 0.565995 0.064664
v 0.145952 0.611871 0.062725
v 0.140653 0.676199 0.063902
v -0.117993 0.727875 0.072677
v -0.166143 0.733660 0.081008
v 0.163331 0.814895 0.062704
v 0.341824 -0.942264 0.093352
v 0.348400 -0.928599 0.098720
v -0.168792 0.109985 0.110289
v 0.157751 0.439173 0.069644
v -0.154220 0.499576 0.066602
v 0.153966 0.497684 0.065796
v -0.153579 0.688553 0.080720
v 0.167329 0.809637 0.077052
v 0.083260 -0.893104 0.134824
v -0.363424 -0.715072 0.098656
v 0.364839 -0.811119 0.093309
v -0.363002 -0.229368 0.100536
v 0.155924 0.308702 0.091076
v -0.157344 0.447348 0.069709
v -0.133030 0.665789 0.079076
v -0.105150 0.719565 0.084790
v 0.193819 0.730825 0.073457
v 0.058727 0.736853 0.086327
v 0.081152 0.755456 0.082123
v 0.130569 0.804278 0.081050
v -0.166029 0.808543 0.069919
v 0.184614 0.840379 0.095320
v -0.282893 -0.950825 0.115162
v 0.360745 -0.476955 0.108705
v 0.177001 0.122874 0.086734
v 0.065677 0.721378 0.092884
v -0.070044 0.735609 0.085598
v -0.094026 0.755193 0.081279
v -0.157203 0.815894 0.080763
v 0.182402 0.847451 0.096512
v -0.187581 -0.900091 0.129584
v -0.363445 -0.383222 0.098173
v -0.262933 -0.010536 0.126796
v -0.160925 0.269963 0.088702
v 0.146054 0.493263 0.084543
v -0.144654 0.476577 0.089243
v 0.133805 0.618226 0.085310
v -0.122774 0.679688 0.099807
v -0.078501 0.719297 0.107708
v 0.107032 0.719906 0.083543
v 0.358695 -0.833382 0.101902
v -0.357936 -0.220187 0.098365
v 0.199806 0.076754 0.088194
v -0.149707 0.392471 0.087131
v -0.139766 0.400401 0.107616
v 0.149098 0.689990 0.091477
v 0.145471 0.702685 0.103204
v 0.096410 0.727577 0.099371
v -0.132989 0.728399 0.105093
v 0.092236 0.765400 0.081748
v -0.159368 0.807427 0.090214
v 0.155818 0.820997 0.081095
v 0.280618 -0.954221 0.128524
v 0.142231 0.400314 0.103750
v -0.069802 0.722081 0.097480
v -0.097676 0.728399 0.098549
v 0.181814 0.934197 0.099314
v -0.176796 0.942675 0.105018
v 0.353977 -0.839334 0.103475
v -0.347276 -0.177702 0.123404
v 0.293844 -0.059536 0.142076
v 0.124000 0.674358 0.093108
v 0.020729 0.735412 0.091091
v 0.033607 0.723084 0.091527
v 0.033496 0.737393 0.080627
v 0.046867 0.736124 0.085313
v -0.102944 0.757872 0.090508
v -0.142610 0.796794 0.089827
v -0.153701 0.800636 0.100123
v 0.122365 0.789223 0.089834
v -0.185203 0.856387 0.092557
v -0.323541 -0.950621 0.105452
v -0.336087 -0.932833 0.131914
v 0.250791 -0.931560 0.140292
v 0.355878 -0.633109 0.123029
v -0.353650 -0.471715 0.129603
v 0.358465 -0.228433 0.113464
v 0.324227 -0.102957 0.127907
v -0.157715 0.134079 0.114980
v 0.135111 0.390801 0.109041
v -0.054141 0.735037 0.085054
v -0.057921 0.746509 0.092504
v -0.044530 0.723560 0.092021
v -0.044096 0.735746 0.079529
v 0.089040 0.758425 0.091720
v 0.142523 0.811391 0.100095
v 0.154789 0.805730 0.098861
v -0.352001 -0.838496 0.111934
v -0.357759 -0.811830 0.117984
v 0.353987 -0.410295 0.128297
v -0.124789 0.609040 0.098760
v 0.119913 0.688951 0.128168
v -0.135321 0.695061 0.119354
v 0.070943 0.719774 0.116308
v -0.149480 0.731179 0.109433
v 0.169715 0.731288 0.119786
v 0.047203 0.721637 0.096953
v 0.128763 0.727394 0.111197
v 0.041833 0.748301 0.097678
v 0.049470 0.750110 0.093788
v 0.155562 0.946690 0.129378
v -0.097668 -0.893580 0.137665
v 0.349739 -0.219699 0.124215
v 0.245634 0.010431 0.121702
v -0.178792 0.069505 0.134200
v 0.168894 0.105365 0.112073
v -0.133819 0.394171 0.109003
v 0.133154 0.458644 0.106991
v 0.127867 0.558128 0.101312
v -0.128747 0.534360 0.103296
v 0.123103 0.631323 0.097486
v -0.114056 0.664087 0.097119
v 0.152487 0.730221 0.137991
v 0.146457 0.731480 0.113256
v 0.010189 0.740531 0.105794
v -0.165443 0.846124 0.124338
v -0.143008 0.292937 0.111085
v 0.113219 0.628610 0.099089
v -0.178997 0.731683 0.104961
v -0.098471 0.728110 0.139298
v 0.058411 0.780503 0.129564
v 0.033314 0.774357 0.116999
v -0.101969 0.779799 0.113166
v -0.131449 0.802109 0.106511
v -0.139896 0.804623 0.108639
v 0.350372 -0.814754 0.135619
v -0.132197 0.463210 0.106845
v 0.116124 0.546417 0.103755
v -0.114889 0.591188 0.100499
v 0.095844 0.663275 0.113176
v -0.096310 0.658500 0.112850
v -0.094660 0.665852 0.116690
v 0.100490 0.678671 0.120689
v -0.021942 0.720433 0.114859
v 0.017298 0.720888 0.112651
v 0.002462 0.738535 0.098326
v -0.001456 0.727850 0.105019
v 0.010150 0.735560 0.101597
v -0.022421 0.740609 0.105884
v 0.041500 0.784676 0.133881
v -0.062203 0.776812 0.119869
v -0.092972 0.803573 0.130444
v 0.112741 0.808650 0.119350
v 0.132514 0.820192 0.118515
v 0.167916 0.846610 0.119764
v -0.297267 -0.956423 0.131726
v 0.319318 -0.941327 0.155316
v 0.189688 -0.909819 0.169605
v -0.339729 -0.842450 0.143061
v 0.354997 -0.229473 0.125481
v -0.305027 -0.076133 0.138486
v 0.183069 0.069768 0.129286
v 0.143606 0.264746 0.113870
v -0.119767 0.489594 0.105467
v -0.117032 0.531295 0.104604
v 0.121557 0.461191 0.107046
v 0.098093 0.606901 0.115858
v -0.014247 0.735970 0.096610
v 0.103962 0.728370 0.132641
v -0.005993 0.742582 0.107502
v -0.053785 0.788296 0.137312
v -0.136782 0.800800 0.123760
v 0.140003 0.802687 0.120188
v -0.003384 0.955982 0.186696
v -0.266471 -0.953176 0.153531
v 0.331319 -0.924101 0.148069
v -0.349395 -0.818934 0.131961
v 0.346560 -0.758537 0.148127
v -0.351364 -0.229850 0.135308
v 0.153427 0.134497 0.119366
v 0.127799 0.401410 0.109810
v -0.124182 0.409909 0.108128
v -0.120727 0.446321 0.108303
v -0.104999 0.486698 0.120948
v 0.107027 0.461601 0.121412
v -0.041700 0.719234 0.128212
v 0.032973 0.719647 0.130953
v -0.138567 0.729984 0.129224
v -0.159744 0.730883 0.132002
v -0.044194 0.728528 0.134004
v 0.010504 0.799311 0.164208
v -0.070165 0.792239 0.141466
v -0.045666 0.801662 0.144174
v 0.050939 0.782651 0.127313
v -0.160751 0.935851 0.129599
v 0.344380 -0.647996 0.152783
v -0.347714 -0.593436 0.144700
v -0.325020 -0.123359 0.143233
v -0.118654 0.364704 0.123286
v -0.108644 0.398720 0.128438
v 0.109544 0.397454 0.128136
v -0.106857 0.445533 0.124795
v -0.100925 0.565428 0.117820
v 0.101869 0.553569 0.117481
v 0.091060 0.670260 0.125733
v 0.115122 0.699971 0.138877
v -0.003715 0.718403 0.130909
v 0.134538 0.730767 0.127340
v 0.054339 0.727915 0.127386
v 0.153278 0.917615 0.139684
v -0.236136 -0.933395 0.166496
v -0.338405 -0.219993 0.152551
v -0.128804 0.216521 0.130445
v 0.117852 0.351978 0.125051
v 0.097171 0.589756 0.128535
v 0.097040 0.620429 0.125778
v -0.097728 0.613126 0.124141
v -0.093223 0.663981 0.122636
v -0.094914 0.679184 0.124541
v 0.001903 0.802604 0.161353
v -0.124511 0.795243 0.136386
v -0.104982 0.802581 0.135602
v -0.123901 0.810466 0.127355
v 0.123529 0.819332 0.132631
v -0.204177 -0.919519 0.179885
v 0.340875 -0.838652 0.140388
v -0.340372 -0.833983 0.151953
v -0.345765 -0.716425 0.149060
v 0.139058 0.113407 0.143293
v -0.118369 0.132561 0.154275
v 0.131822 0.147985 0.136286
v 0.125453 0.260679 0.128688
v -0.104545 0.487881 0.132267
v -0.101055 0.560271 0.127076
v 0.153724 0.734246 0.139599
v 0.149592 0.846156 0.142107
v 0.336291 -0.833610 0.163173
v 0.335128 -0.227356 0.172084
v 0.106801 0.439217 0.135360
v 0.102518 0.502571 0.132734
v -0.091060 0.600516 0.131408
v -0.110975 0.697636 0.141600
v 0.026600 0.728120 0.136629
v -0.121530 0.734840 0.138824
v 0.057345 0.808800 0.158382
v 0.112937 0.800649 0.145678
v 0.112016 0.810979 0.135163
v -0.312901 -0.944136 0.160283
v -0.108115 0.275794 0.147607
v 0.104840 0.398889 0.141941
v -0.107152 0.395688 0.136907
v -0.098242 0.533050 0.133093
v -0.074731 0.664135 0.135391
v -0.068166 0.678889 0.142975
v 0.074383 0.678688 0.138509
v 0.033208 0.825361 0.168858
v 0.101612 0.811733 0.139148
v 0.276876 -0.956199 0.168863
v -0.333348 -0.812164 0.174797
v 0.341665 -0.532425 0.157769
v 0.327962 -0.170496 0.165950
v 0.226617 -0.008864 0.180615
v -0.132737 0.105218 0.153115
v -0.102012 0.450968 0.137760
v -0.060732 0.667355 0.141868
v -0.074644 0.688383 0.157708
v 0.055807 0.728233 0.160644
v -0.013959 0.796780 0.155727
v 0.049880 0.802748 0.145130
v 0.094138 0.731356 0.160271
v 0.080806 0.815176 0.142060
v 0.067794 0.956003 0.177122
v 0.262846 -0.033522 0.160958
v 0.130993 0.098860 0.158590
v 0.107780 0.261512 0.149413
v 0.099337 0.392588 0.142696
v 0.070969 0.453606 0.157626
v -0.067361 0.532579 0.151725
v 0.063324 0.603273 0.146665
v -0.106377 0.800073 0.150024
v -0.138813 0.846451 0.153913
v 0.339132 -0.382984 0.162987
v -0.333906 -0.227743 0.173954
v 0.323403 -0.219401 0.182487
v -0.326769 -0.174987 0.168723
v -0.220875 0.009112 0.164141
v 0.114504 0.134219 0.157835
v -0.072964 0.401774 0.160705
v 0.066940 0.521730 0.152574
v 0.059677 0.669403 0.141321
v -0.053138 0.619605 0.141428
v -0.050904 0.663060 0.139021
v 0.052839 0.625673 0.141041
v 0.038645 0.663095 0.141806
v 0.064711 0.691460 0.165483
v 0.124738 0.729555 0.161132
v 0.083793 0.725267 0.148458
v -0.018092 0.728020 0.170996
v -0.096681 0.734714 0.157713
v -0.006753 0.788303 0.153203
v -0.022822 0.803492 0.168689
v 0.135508 0.840925 0.157367
v 0.095296 0.812571 0.150243
v -0.088658 0.812103 0.148186
v -0.141987 -0.905662 0.200375
v -0.328056 -0.468345 0.184412
v -0.333682 -0.313198 0.174009
v -0.146378 0.070188 0.168733
v -0.067905 0.484629 0.155417
v 0.053895 0.593194 0.142672
v 0.055739 0.516440 0.148403
v -0.061563 0.609869 0.145809
v -0.035238 0.598287 0.148050
v -0.032963 0.663618 0.145106
v 0.034657 0.628096 0.146261
v 0.027898 0.668255 0.151392
v 0.033012 0.679401 0.154024
v -0.072859 0.700541 0.163946
v 0.083327 0.811487 0.163901
v -0.055563 0.811978 0.161380
v -0.120184 0.936701 0.168390
v 0.108435 0.949866 0.166467
v 0.267994 -0.952778 0.207300
v -0.315483 -0.926308 0.177805
v 0.325656 -0.839185 0.172837
v -0.324291 -0.621219 0.191147
v 0.142028 0.064909 0.178262
v -0.081810 0.392379 0.153176
v -0.056707 0.499735 0.149570
v -0.053798 0.548544 0.146277
v -0.037062 0.514529 0.154854
v 0.035291 0.575651 0.150199
v 0.036991 0.511563 0.154951
v -0.028901 0.596242 0.156923
v -0.027017 0.662783 0.151748
v 0.028009 0.628377 0.154797
v -0.029394 0.679376 0.154258
v -0.110915 0.730145 0.171805
v -0.080221 0.730713 0.166790
v -0.126636 0.734755 0.164496
v -0.091332 0.804025 0.159482
v -0.075057 0.809650 0.162652
v 0.080698 0.824935 0.158545
v 0.125231 0.847834 0.164492
v 0.107491 0.932825 0.177256
v 0.236237 -0.951694 0.193799
v -0.079615 -0.900472 0.213671
v -0.327114 -0.818658 0.180981
v -0.091776 0.207876 0.165157
v -0.060351 0.411333 0.154811
v -0.039205 0.453419 0.158220
v 0.039221 0.454175 0.158372
v 0.058127 0.449698 0.152487
v 0.029281 0.576963 0.158802
v -0.005180 0.676578 0.154954
v 0.051979 -0.895928 0.196244
v -0.021861 -0.897537 0.213949
v 0.326153 -0.748465 0.187907
v -0.303088 -0.119673 0.182388
v 0.292894 -0.128228 0.204720
v -0.273072 -0.072788 0.190477
v -0.186036 0.007781 0.204548
v 0.084558 0.189194 0.171058
v 0.064840 0.297612 0.169835
v 0.067426 0.399446 0.159690
v 0.054358 0.409185 0.156125
v 0.039783 0.403365 0.162896
v -0.065146 0.396432 0.161035
v -0.038861 0.403316 0.162649
v 0.031660 0.499381 0.165056
v -0.029943 0.529102 0.163157
v -0.000405 0.609495 0.159088
v -0.062624 0.804460 0.172129
v 0.048526 0.821087 0.169733
v -0.075986 0.955237 0.175722
v -0.083137 0.940818 0.189048
v -0.107895 0.093592 0.178723
v -0.102820 0.125330 0.166795
v -0.036627 0.396511 0.170188
v 0.037517 0.397033 0.170202
v -0.032673 0.474590 0.166852
v 0.032414 0.436551 0.169804
v 0.005309 0.503370 0.168040
v 0.019072 0.695561 0.178991
v 0.034687 0.714514 0.171265
v -0.030726 0.697319 0.177191
v 0.107809 0.734767 0.177555
v 0.064831 0.808389 0.172172
v 0.020866 0.813179 0.171409
v -0.047394 0.825507 0.170178
v -0.114219 0.846323 0.172720
v -0.263569 -0.956082 0.196645
v -0.317025 -0.838280 0.188326
v 0.324654 -0.815172 0.187915
v 0.180548 0.014559 0.201646
v -0.061117 0.234201 0.176564
v -0.034337 0.399818 0.172899
v 0.087787 0.730655 0.187288
v 0.047917 0.730684 0.179595
v -0.013358 0.817082 0.177529
v 0.005172 0.812896 0.178842
v 0.188515 -0.926727 0.209237
v 0.092952 -0.903648 0.221215
v -0.316733 -0.833328 0.197396
v 0.319232 -0.607423 0.199535
v 0.324741 -0.512477 0.189914
v 0.327111 -0.321338 0.185953
v -0.316033 -0.220240 0.194130
v 0.297936 -0.184372 0.218374
v -0.301933 -0.175094 0.210282
v 0.017754 0.335240 0.178376
v 0.103721 0.842386 0.179970
v -0.044035 0.733254 0.180073
v -0.044597 0.812330 0.179036
v -0.009989 0.810067 0.181131
v 0.034711 0.810660 0.180943
v -0.033503 0.810354 0.175160
v 0.291567 -0.928856 0.214748
v 0.266164 -0.068322 0.196385
v -0.235035 -0.049708 0.216948
v 0.066334 0.120837 0.186400
v -0.025937 0.295548 0.180301
v 0.000898 0.393595 0.174077
v 0.000298 0.400234 0.176201
v -0.084736 0.733943 0.189668
v 0.003304 0.803368 0.184614
v -0.030146 0.796418 0.181546
v 0.094510 0.848903 0.183572
v 0.066272 0.938102 0.195723
v -0.226965 -0.953570 0.209950
v 0.310773 -0.701458 0.212046
v -0.110933 0.063297 0.200167
v -0.069376 0.122567 0.184679
v 0.048909 0.247662 0.179369
v -0.022686 0.729484 0.205245
v 0.002571 0.731866 0.184813
v -0.083845 0.841289 0.189966
v -0.080992 0.847837 0.190086
v -0.023555 0.131037 0.194401
v 0.010985 0.239835 0.186656
v -0.046775 0.730535 0.202022
v -0.291034 -0.933681 0.213490
v -0.317908 -0.389818 0.201119
v -0.308340 -0.312112 0.215741
v 0.093583 0.069463 0.203350
v 0.013576 0.729495 0.206248
v 0.073270 0.841008 0.194453
v -0.313246 -0.811996 0.208310
v 0.305512 -0.486376 0.219714
v 0.308925 -0.227813 0.214272
v -0.277109 -0.137316 0.229741
v 0.059352 0.070793 0.214567
v -0.074921 0.086398 0.199107
v 0.019681 0.124633 0.195464
v 0.047094 0.731790 0.202505
v 0.062561 0.847659 0.197008
v 0.003176 0.942703 0.205830
v 0.253623 -0.941289 0.250452
v 0.309976 -0.837744 0.199618
v 0.299857 -0.347749 0.227619
v -0.299527 -0.220058 0.218628
v -0.049743 0.935282 0.201012
v 0.219738 -0.955849 0.226633
v -0.258872 -0.944584 0.237620
v 0.029923 0.081191 0.214001
v -0.048807 0.841002 0.201809
v 0.043158 0.839837 0.203355
v -0.153819 -0.929456 0.240631
v 0.294883 -0.812946 0.233983
v -0.255304 -0.088295 0.225995
v 0.211841 -0.047053 0.237043
v -0.014939 0.103598 0.203939
v -0.025375 0.849933 0.206011
v 0.013628 0.841678 0.207320
v 0.026469 0.849054 0.204284
v 0.023775 0.890638 0.206833
v -0.188859 -0.947730 0.234998
v 0.188166 -0.946974 0.234877
v 0.107760 -0.914231 0.242482
v 0.285751 -0.838992 0.233367
v 0.289797 -0.833556 0.236429
v 0.293109 -0.592940 0.235563
v -0.042953 0.077354 0.214286
v -0.025093 0.894964 0.206203
v -0.241553 -0.956470 0.216256
v -0.092449 -0.911614 0.243311
v -0.293979 -0.838753 0.222141
v -0.282327 -0.814897 0.247124
v -0.307303 -0.613674 0.216703
v -0.289008 -0.528924 0.241045
v -0.301685 -0.228070 0.223755
v 0.003104 0.067489 0.225913
v 0.023678 0.852234 0.209358
v 0.025935 0.888279 0.216928
v -0.024929 0.853712 0.215443
v -0.024535 0.889180 0.213083
v -0.142543 -0.008394 0.252226
v 0.131338 0.012293 0.239035
v -0.075895 0.053792 0.224887
v 0.008703 0.887940 0.228751
v -0.281429 -0.833986 0.245096
v 0.292111 -0.818459 0.231542
v 0.278962 -0.740223 0.252377
v -0.289132 -0.768948 0.240616
v 0.278675 -0.221114 0.245295
v -0.001260 0.854093 0.226933
v -0.285049 -0.415159 0.245388
v 0.281971 -0.228187 0.248752
v 0.241418 -0.099730 0.248327
v -0.030675 0.854738 0.244550
v 0.030308 0.853716 0.249392
v 0.171141 -0.956499 0.265323
v -0.042611 -0.907369 0.247967
v 0.030813 -0.907112 0.249920
v 0.259201 -0.927307 0.252876
v 0.135955 -0.928675 0.249233
v -0.263160 -0.929442 0.248832
v -0.027181 0.019266 0.265643
v -0.024998 0.888007 0.256390
v -0.011488 0.887827 0.235112
v -0.276105 -0.839288 0.244224
v 0.281019 -0.485318 0.249914
v -0.282712 -0.310919 0.248072
v -0.009549 0.853777 0.246422
v 0.011506 0.858902 0.240399
v -0.195510 -0.954580 0.270589
v -0.154372 -0.955357 0.274235
v -0.249273 -0.815039 0.280266
v -0.263588 -0.679638 0.269177
v -0.275261 -0.228234 0.256085
v -0.188928 -0.050149 0.257288
v -0.010094 0.885157 0.246074
v 0.028766 0.888376 0.247945
v 0.005595 0.888895 0.248997
v 0.202855 -0.954528 0.263758
v -0.121940 -0.950557 0.279538
v 0.253277 -0.818608 0.275207
v 0.260936 -0.408056 0.270512
v -0.270912 -0.220733 0.253052
v -0.259033 -0.160556 0.258380
v 0.243508 -0.147571 0.268654
v -0.221025 -0.095252 0.263698
v 0.159750 -0.029441 0.260031
v -0.006266 0.853635 0.262197
v -0.075226 -0.921314 0.266399
v 0.234300 -0.838979 0.284999
v 0.090722 0.000032 0.268383
v 0.031027 0.003868 0.278537
v -0.036025 -0.919053 0.273292
v -0.260293 -0.761096 0.271707
v -0.245789 -0.528754 0.285099
v 0.240765 -0.184135 0.279085
v 0.190188 -0.078423 0.277288
v 0.121578 -0.951224 0.279799
v 0.022744 -0.921648 0.276957
v 0.256333 -0.228126 0.275211
v 0.014738 0.886292 0.260601
v 0.076305 -0.931779 0.277618
v -0.236835 -0.838890 0.282379
v -0.162510 -0.064253 0.285459
v -0.236059 -0.833375 0.289272
v 0.242337 -0.811149 0.288266
v 0.243165 -0.603382 0.287320
v -0.205964 -0.940895 0.289575
v -0.251630 -0.228259 0.279504
v -0.226225 -0.173523 0.289787
v -0.102090 -0.035525 0.293425
v -0.091867 -0.955855 0.305194
v -0.068233 -0.948617 0.294888
v 0.065445 -0.952467 0.299394
v 0.242372 -0.833547 0.283062
v 0.233465 -0.718093 0.295171
v 0.234673 -0.421182 0.293876
v -0.239392 -0.404459 0.290540
v 0.236228 -0.220276 0.285827
v -0.195660 -0.120079 0.295191
v 0.143265 -0.052479 0.287103
v -0.228330 -0.220110 0.292487
v 0.170659 -0.943445 0.308937
v -0.212301 -0.922502 0.294526
v 0.210244 -0.928324 0.295057
v -0.218629 -0.730746 0.306047
v 0.234065 -0.316754 0.294306
v -0.225911 -0.285818 0.300867
v 0.210843 -0.139254 0.291679
v 0.076435 -0.034904 0.300365
v -0.134977 -0.952490 0.310220
v -0.085596 -0.955490 0.318686
v 0.120219 -0.955500 0.309329
v -0.006042 -0.949868 0.304090
v 0.206247 -0.833775 0.311358
v 0.136695 -0.093492 0.315488
v -0.025610 -0.062736 0.328285
v 0.223165 -0.227990 0.302532
v -0.179170 -0.174615 0.322257
v 0.206492 -0.182109 0.305057
v -0.200148 -0.838929 0.309432
v 0.206620 -0.818954 0.310450
v -0.211164 -0.566220 0.311272
v -0.205947 -0.228818 0.314369
v 0.171097 -0.128806 0.313172
v -0.222495 -0.814581 0.302192
v 0.198439 -0.517651 0.320083
v 0.194264 -0.642159 0.322426
v 0.198569 -0.228765 0.319907
v -0.108890 -0.087373 0.323100
v 0.046359 -0.955413 0.328024
v 0.000258 -0.956422 0.318005
v -0.158867 -0.931012 0.324998
v 0.191555 -0.839501 0.315124
v 0.184136 -0.813044 0.328148
v -0.193375 -0.800000 0.322989
v 0.203736 -0.395507 0.316311
v 0.183220 -0.220287 0.322947
v -0.184818 -0.219236 0.321434
v -0.140003 -0.131709 0.330835
v 0.034449 -0.059604 0.324417
v -0.174463 -0.833370 0.330458
v -0.190473 -0.388012 0.324396
v 0.160705 -0.176289 0.331226
v 0.149018 -0.927319 0.329861
v -0.189895 -0.631936 0.324461
v -0.163378 -0.818433 0.336463
v 0.165356 -0.414601 0.338230
v -0.151966 -0.186853 0.336524
v -0.098175 -0.937093 0.345892
v 0.104666 -0.940406 0.340684
v -0.161150 -0.838746 0.331726
v -0.151288 -0.502823 0.345096
v -0.169627 -0.283421 0.335722
v 0.125624 -0.162050 0.343934
v 0.082147 -0.100102 0.336634
v -0.006417 -0.953393 0.337115
v -0.156421 -0.813878 0.342304
v -0.034571 -0.942307 0.353926
v -0.124156 -0.920552 0.341078
v -0.130509 -0.839356 0.344979
v 0.156160 -0.838839 0.333619
v 0.155978 -0.818452 0.339447
v -0.153201 -0.626967 0.343776
v 0.156950 -0.229706 0.341916
v -0.149008 -0.228983 0.345683
v 0.129128 -0.833471 0.350560
v 0.129151 -0.812637 0.354103
v 0.139022 -0.563567 0.349943
v -0.129606 -0.221167 0.348447
v -0.048354 -0.109121 0.347759
v 0.084359 -0.926055 0.352911
v -0.142225 -0.397844 0.348515
v 0.133144 -0.219878 0.346197
v 0.078094 -0.136993 0.351301
v -0.088736 -0.161493 0.355845
v 0.025769 -0.105323 0.348626
v 0.038110 -0.940825 0.354165
v 0.113333 -0.838777 0.351173
v -0.127086 -0.834275 0.350555
v 0.138012 -0.704795 0.350031
v 0.125684 -0.389209 0.354748
v -0.061824 -0.928780 0.357052
v -0.106446 -0.744620 0.361176
v -0.109182 -0.288406 0.360372
v 0.130754 -0.228713 0.353109
v -0.102132 -0.839368 0.354071
v -0.103213 -0.813358 0.362020
v 0.074536 -0.829638 0.366392
v 0.101323 -0.692608 0.362827
v -0.095231 -0.437861 0.364302
v 0.084608 -0.314191 0.367551
v 0.087464 -0.219162 0.360657
v -0.064158 -0.838788 0.363374
v 0.065282 -0.839986 0.363225
v -0.079999 -0.818631 0.365961
v -0.093423 -0.611692 0.365037
v 0.096479 -0.529628 0.364185
v 0.094102 -0.228603 0.364148
v -0.084632 -0.219740 0.361232
v 0.012405 -0.925317 0.362392
v 0.040411 -0.846647 0.366427
v -0.071696 -0.833184 0.366505
v 0.075410 -0.475280 0.369287
v -0.084213 -0.228168 0.366536
v 0.041112 -0.199961 0.368894
v 0.013403 -0.159477 0.365599
v -0.023367 -0.839187 0.368307
v 0.065865 -0.813701 0.369968
v -0.065651 -0.318737 0.370813
v -0.042808 -0.188018 0.367127
v 0.017785 -0.221434 0.372090
v 0.009566 -0.839420 0.368796
v -0.026776 -0.833119 0.372435
v 0.020637 -0.833514 0.372849
v -0.048017 -0.812217 0.373518
v -0.048884 -0.673844 0.373659
v 0.050098 -0.704782 0.373305
v -0.049290 -0.487061 0.373566
v 0.047003 -0.229511 0.373598
v -0.040126 -0.220541 0.369264
v 0.014910 -0.813895 0.375739
v 0.016077 -0.575062 0.377016
v -0.025828 -0.398210 0.376090
v -0.005267 -0.306768 0.377063
v -0.042801 -0.230407 0.374130
v 0.009192 -0.229387 0.376901
v -0.004167 -0.725959 0.377054
v -0.011966 -0.494919 0.376826
v 0.032901 -0.438246 0.375295
vn -0.1248 -0.3979 -0.9089
vn -0.1355 -0.0798 -0.9876
vn 0.0034 -0.3601 -0.9329
vn -0.0176 -0.0687 -0.9975
vn 0.1396 -0.0615 -0.9883
vn 0.0335 -0.0035 -0.9994
vn -0.0882 0.0009 -0.9961
vn 0.1296 -0.0004 -0.9916
vn -0.0103 0.0011 -0.9999
vn -0.1202 0.0013 -0.9927
vn -0.1971 -0.0004 -0.9804
vn 0.1093 0.0012 -0.9940
vn 0.2042 -0.0002 -0.9789
vn -0.1455 0.0024 -0.9893
vn 0.0015 -0.0002 -1.0000
vn -0.1162 -0.0002 -0.9932
vn 0.0842 0.0016 -0.9965
vn 0.1625 -0.0019 -0.9867
vn 0.1213 0.1833 -0.9755
vn 0.0031 0.1912 -0.9815
vn 0.2448 0.0012 -0.9696
vn -0.0809 0.3406 -0.9367
vn 0.0399 0.3318 -0.9425
vn 0.0142 -0.3654 -0.9307
vn 0.1253 -0.4052 -0.9056
vn 0.1507 -0.3357 -0.9298
vn 0.2674 -0.1366 -0.9539
vn -0.2627 -0.1199 -0.9574
vn -0.2561 0.0028 -0.9666
vn 0.2434 -0.0004 -0.9699
vn -0.2753 0.0003 -0.9614
vn -0.2141 0.2534 -0.9434
vn -0.1053 0.3582 -0.9277
vn -0.0781 0.1187 -0.9899
vn 0.1146 0.1095 -0.9874
vn -0.1021 -0.2835 -0.9535
vn 0.0049 -0.3695 -0.9292
vn 0.1809 -0.0983 -0.9786
vn 0.2620 -0.3207 -0.9102
vn 0.2766 -0.0027 -0.9610
vn -0.3561 -0.0011 -0.9344
vn -0.3087 0.0027 -0.9512
vn 0.2289 0.3094 -0.9230
vn -0.2485 0.2706 -0.9301
vn 0.2028 0.2917 -0.9348
vn 0.0905 0.2174 -0.9719
vn -0.0640 0.3186 -0.9457
vn 0.2441 -0.2300 -0.9421
vn -0.2481 -0.2631 -0.9323
vn 0.3236 -0.0016 -0.9462
vn 0.3335 0.2826 -0.8994
vn -0.2233 0.2483 -0.9426
vn -0.1909 -0.2565 -0.9475
vn 0.1561 -0.4992 -0.8523
vn -0.3487 -0.2020 -0.9152
vn 0.4157 -0.0020 -0.9095
vn 0.3813 -0.0000 -0.9245
vn -0.3812 0.2470 -0.8909
vn 0.3240 0.3273 -0.8876
vn 0.3034 0.1768 -0.9363
vn -0.1024 -0.7592 -0.6428
vn -0.3217 -0.1400 -0.9364
vn 0.3228 -0.2052 -0.9240
vn 0.3837 -0.0904 -0.9190
vn -0.4181 -0.0024 -0.9084
vn -0.4219 0.0011 -0.9066
vn -0.4093 -0.0018 -0.9124
vn 0.2683 0.3008 -0.9152
vn 0.1044 0.3805 -0.9189
vn 0.0255 -0.9038 -0.4273
vn 0.3142 -0.2060 -0.9267
vn -0.3947 -0.1701 -0.9029
vn -0.3698 0.3027 -0.8784
vn -0.4115 0.1686 -0.8957
vn -0.2772 -0.4912 -0.8257
vn 0.2219 -0.7555 -0.6165
vn 0.4258 -0.3000 -0.8536
vn -0.4344 -0.1287 -0.8915
vn 0.4465 0.0006 -0.8948
vn -0.0075 0.4933 -0.8698
vn 0.4399 -0.2360 -0.8665
vn -0.4572 -0.2624 -0.8498
vn -0.5249 -0.0007 -0.8512
vn 0.4310 0.3635 -0.8259
vn -0.3362 0.3996 -0.8528
vn -0.1609 0.4705 -0.8676
vn -0.0343 -0.9876 -0.1535
vn 0.4492 -0.3040 -0.8401
vn -0.4873 -0.2215 -0.8447
vn 0.5489 0.0013 -0.8359
vn 0.4737 0.2648 -0.8399
vn -0.4077 -0.4524 -0.7932
vn -0.4599 -0.2316 -0.8572
vn 0.5209 -0.0000 -0.8536
vn 0.5279 -0.0000 -0.8493
vn -0.5111 0.0016 -0.8595
vn -0.4854 0.3049 -0.8194
vn 0.4946 0.1458 -0.8568
vn 0.2967 0.4448 -0.8451
vn 0.1398 0.5251 -0.8395
vn 0.0211 -0.9973 -0.0708
vn 0.5257 -0.3830 -0.7596
vn -0.5153 -0.2799 -0.8100
vn -0.5332 -0.0019 -0.8460
vn 0.5117 -0.1646 -0.8432
vn -0.5409 0.2653 -0.7981
vn 0.4692 0.3646 -0.8043
vn -0.1956 -0.8450 -0.4977
vn -0.5536 0.0004 -0.8328
vn 0.5713 0.0016 -0.8207
vn -0.5388 0.0002 -0.8424
vn -0.0116 -0.9908 0.1349
vn 0.5920 -0.2401 -0.7693
vn 0.5318 -0.3086 -0.7886
vn -0.6323 0.0032 -0.7747
vn -0.4865 0.3371 -0.8060
vn -0.2906 0.5643 -0.7727
vn -0.1008 0.5854 -0.8044
vn 0.0559 0.6005 -0.7977
vn -0.5747 -0.3377 -0.7454
vn -0.5705 -0.1821 -0.8008
vn 0.5986 -0.1620 -0.7845
vn 0.6135 0.0002 -0.7897
vn 0.5827 0.2636 -0.7688
vn 0.2902 0.5532 -0.7808
vn 0.3831 -0.7243 -0.5732
vn -0.6299 0.0021 -0.7767
vn 0.5453 0.3090 -0.7792
vn -0.5872 0.1876 -0.7874
vn 0.0584 -0.8559 0.5138
vn -0.0998 -0.8868 0.4513
vn -0.0908 -0.9819 -0.1660
vn -0.0228 -0.8192 0.5731
vn -0.5825 -0.2249 -0.7811
vn -0.6106 -0.2623 -0.7472
vn 0.6733 0.0005 -0.7394
vn 0.6221 0.2625 -0.7377
vn 0.1517 -0.8896 0.4307
vn 0.0839 -0.9840 -0.1569
vn -0.3561 -0.7926 -0.4950
vn 0.5805 -0.2437 -0.7769
vn 0.6603 0.0019 -0.7510
vn -0.6699 -0.0001 -0.7424
vn -0.5980 0.3201 -0.7348
vn 0.6224 0.1258 -0.7725
vn -0.4620 0.5087 -0.7265
vn 0.2030 0.6156 -0.7615
vn -0.6684 0.0012 -0.7438
vn -0.1994 -0.8694 0.4521
vn 0.6103 -0.3709 -0.7000
vn -0.6836 -0.0940 -0.7238
vn 0.6804 0.0006 -0.7328
vn 0.4199 0.5429 -0.7273
vn 0.6764 0.0014 -0.7365
vn -0.0762 -0.7770 0.6248
vn -0.6611 0.2583 -0.7044
vn 0.6488 0.3259 -0.6876
vn -0.6920 0.1273 -0.7105
vn -0.5873 0.3866 -0.7111
vn -0.2121 0.6321 -0.7453
vn -0.0413 0.6342 -0.7721
vn 0.1849 -0.7301 0.6578
vn 0.6484 -0.3974 -0.6493
vn -0.6885 -0.2849 -0.6669
vn -0.7077 -0.2669 -0.6542
vn 0.6856 -0.2235 -0.6928
vn 0.6360 0.4195 -0.6477
vn 0.3358 0.6235 -0.7061
vn 0.2308 -0.8947 0.3823
vn 0.0221 -0.9997 0.0097
vn 0.2391 -0.9342 -0.2648
vn 0.6504 -0.3406 -0.6789
vn -0.7359 0.0007 -0.6771
vn -0.7353 0.0013 -0.6777
vn 0.6910 0.2241 -0.6872
vn -0.6986 0.3059 -0.6468
vn -0.6912 0.2658 -0.6720
vn -0.2248 -0.8175 0.5302
vn 0.0689 -0.8473 0.5267
vn 0.7214 -0.2250 -0.6550
vn -0.7549 -0.0010 -0.6559
vn 0.5284 0.5545 -0.6429
vn 0.1099 0.6329 -0.7664
vn -0.5974 -0.5149 -0.6149
vn 0.6902 -0.3787 -0.6166
vn -0.7413 -0.0010 -0.6712
vn 0.7965 0.0051 -0.6046
vn 0.7449 0.1330 -0.6538
vn 0.3375 -0.7411 0.5804
vn 0.2014 -0.8555 0.4769
vn -0.0840 -0.9508 0.2983
vn 0.7385 0.0001 -0.6743
vn 0.7643 0.0005 -0.6448
vn 0.7521 0.3370 -0.5663
vn -0.5087 -0.8059 -0.3028
vn -0.2628 0.7907 -0.5529
vn 0.3519 -0.7425 -0.5700
vn -0.7646 -0.0000 -0.6445
vn -0.0613 0.5544 -0.8300
vn 0.0076 -0.7191 0.6949
vn 0.3099 0.7647 -0.5650
vn -0.2431 -0.9219 0.3016
vn -0.3518 -0.7734 0.5273
vn -0.0020 -0.9523 0.3052
vn -0.7767 -0.1284 -0.6166
vn 0.7867 -0.0001 -0.6174
vn 0.7877 0.0007 -0.6160
vn 0.7840 0.2148 -0.5824
vn -0.7197 0.4026 -0.5656
vn -0.5877 0.5028 -0.6338
vn 0.6064 -0.6604 -0.4429
vn 0.7452 -0.3474 -0.5692
vn -0.7813 0.2232 -0.5828
vn 0.7687 0.2700 -0.5799
vn 0.6205 0.5512 -0.5578
vn -0.5287 0.6035 -0.5969
vn -0.4008 0.6235 -0.6712
vn 0.7728 0.6296 -0.0798
vn 0.5297 0.8333 0.1582
vn -0.3532 0.8695 0.3452
vn -0.1687 -0.9725 -0.1606
vn 0.4624 0.6322 -0.6217
vn -0.6550 -0.7498 -0.0933
vn 0.0977 -0.9630 0.2513
vn -0.7689 -0.2453 -0.5904
vn -0.8175 -0.2688 -0.5094
vn 0.7827 -0.1807 -0.5956
vn 0.8360 -0.0020 -0.5487
vn -0.7851 0.1294 -0.6057
vn 0.2904 0.6194 -0.7294
vn 0.5573 -0.8284 -0.0562
vn 0.3462 -0.8571 0.3815
vn 0.7482 -0.3618 -0.5561
vn -0.7759 -0.3326 -0.5360
vn -0.8058 0.0003 -0.5922
vn -0.8146 0.0001 -0.5800
vn 0.4430 -0.8945 0.0597
vn -0.8210 0.5706 -0.0220
vn 0.4434 0.5759 -0.6868
vn -0.6146 -0.7795 -0.1210
vn 0.2552 -0.7955 -0.5496
vn -0.1624 0.8774 -0.4514
vn 0.0843 -0.9943 -0.0649
vn -0.8110 0.0002 -0.5850
vn -0.7996 0.2486 -0.5466
vn -0.6032 -0.6714 -0.4306
vn -0.3901 -0.8327 0.3929
vn 0.2644 -0.9027 0.3394
vn 0.7977 -0.1318 -0.5885
vn 0.8112 -0.2392 -0.5336
vn 0.8428 0.0012 -0.5382
vn -0.3816 0.5896 -0.7118
vn 0.4743 -0.7567 0.4500
vn -0.8191 -0.2305 -0.5253
vn -0.8183 -0.0007 -0.5748
vn -0.7884 0.3130 -0.5296
vn -0.6446 0.5691 -0.5105
vn -0.2088 0.5626 -0.8000
vn 0.3551 0.5338 -0.7674
vn -0.4089 -0.8539 0.3219
vn 0.5344 0.6142 -0.5807
vn 0.1648 0.4680 -0.8682
vn -0.4485 0.8611 -0.2397
vn -0.0006 0.6453 -0.7639
vn -0.2220 -0.9662 -0.1310
vn -0.1978 -0.9313 0.3057
vn -0.8659 0.0001 -0.5002
vn 0.3384 -0.4217 -0.8412
vn 0.8452 0.0243 -0.5339
vn 0.8169 -0.2752 -0.5069
vn -0.2264 0.3853 -0.8946
vn -0.0031 -0.9947 0.1026
vn 0.8671 -0.1587 -0.4721
vn -0.8348 -0.2231 -0.5033
vn -0.8642 -0.0008 -0.5032
vn -0.8637 0.0002 -0.5041
vn 0.7395 0.4862 -0.4656
vn -0.4925 0.6221 -0.6086
vn 0.3651 0.4741 -0.8012
vn -0.1356 -0.7152 -0.6857
vn -0.2437 -0.1522 -0.9578
vn 0.0215 -0.5581 -0.8295
vn 0.1432 0.0151 -0.9896
vn -0.4580 0.1406 -0.8777
vn -0.2149 0.2210 -0.9513
vn 0.0164 0.2444 -0.9695
vn 0.8540 -0.1801 -0.4881
vn -0.8581 -0.1959 -0.4747
vn 0.8750 -0.0031 -0.4842
vn -0.8252 0.3563 -0.4382
vn 0.8131 0.3829 -0.4385
vn -0.0815 0.2276 -0.9703
vn 0.1891 -0.6663 -0.7213
vn -0.2886 0.0019 -0.9574
vn 0.3621 0.1365 -0.9221
vn -0.2554 -0.0156 -0.9667
vn 0.3195 0.0640 -0.9454
vn 0.2941 0.1419 -0.9452
vn 0.1201 0.6659 -0.7363
vn -0.8504 -0.2007 -0.4863
vn -0.8857 0.0006 -0.4642
vn 0.8751 0.0009 -0.4839
vn 0.8487 0.2303 -0.4760
vn 0.8691 0.1215 -0.4794
vn 0.8493 0.3032 -0.4321
vn 0.5982 0.6267 -0.4994
vn 0.1101 0.1821 -0.9771
vn -0.2193 -0.7885 -0.5746
vn 0.3738 -0.4778 -0.7950
vn -0.4248 0.0378 -0.9045
vn -0.3541 0.0066 -0.9352
vn -0.3954 0.2058 -0.8952
vn -0.1654 0.7030 -0.6917
vn -0.5457 -0.7713 0.3276
vn -0.0521 -0.9925 0.1106
vn 0.8359 -0.3091 -0.4535
vn 0.3268 0.2062 -0.9223
vn 0.0139 -0.9468 0.3214
vn 0.0184 0.9570 -0.2894
vn 0.3459 -0.9024 0.2569
vn 0.3953 -0.8629 0.3149
vn 0.0802 -0.9918 0.0996
vn 0.8942 -0.2057 -0.3977
vn -0.8613 0.2573 -0.4381
vn -0.8647 0.1558 -0.4776
vn -0.7510 0.5292 -0.3950
vn -0.6038 0.6210 -0.4998
vn -0.4187 0.3105 -0.8534
vn 0.0066 0.0867 -0.9962
vn 0.2077 -0.5629 0.8000
vn 0.0068 -0.9974 0.0719
vn -0.4573 -0.1647 -0.8739
vn -0.5298 0.0956 -0.8427
vn 0.4540 -0.0535 -0.8894
vn 0.3456 0.6118 -0.7115
vn 0.8974 0.0004 -0.4411
vn -0.2913 0.1591 -0.9433
vn 0.1870 0.0844 -0.9787
vn -0.1715 0.0797 -0.9820
vn 0.0364 0.0861 -0.9956
vn 0.5418 0.0071 -0.8405
vn 0.1804 0.9033 -0.3892
vn 0.3174 -0.9360 -0.1525
vn -0.1530 -0.9759 0.1556
vn -0.8505 -0.3418 -0.3998
vn -0.4266 0.0808 -0.9008
vn -0.3016 0.0685 -0.9510
vn 0.3211 -0.6997 0.6382
vn 0.3566 -0.7773 -0.5183
vn -0.2562 -0.8995 -0.3539
vn -0.6006 0.1003 -0.7932
vn 0.5577 0.0665 -0.8274
vn 0.5438 0.2293 -0.8073
vn -0.5048 0.4270 -0.7502
vn 0.2102 -0.9648 0.1582
vn -0.9066 -0.0000 -0.4220
vn 0.9100 -0.0039 -0.4145
vn -0.9181 -0.0027 -0.3964
vn 0.4897 0.3103 -0.8148
vn 0.3955 0.0794 -0.9150
vn -0.2163 -0.0266 -0.9760
vn 0.1928 0.0804 -0.9779
vn 0.0120 -0.0419 -0.9990
vn 0.3399 0.1757 -0.9239
vn -0.1735 -0.4272 0.8874
vn -0.5648 -0.2876 -0.7735
vn 0.0699 -0.2085 0.9755
vn -0.1426 0.9484 -0.2832
vn 0.7860 -0.5041 -0.3580
vn -0.9011 -0.1325 -0.4129
vn -0.9138 0.0017 -0.4061
vn -0.8420 0.3485 -0.4118
vn -0.6150 0.4581 -0.6419
vn 0.5016 0.1043 -0.8588
vn -0.4303 0.0849 -0.8987
vn 0.0330 -0.1019 -0.9942
vn -0.4221 0.1369 -0.8961
vn 0.0168 0.0819 -0.9965
vn 0.1938 -0.6681 -0.7184
vn 0.0256 -0.1854 -0.9823
vn 0.2924 0.0283 -0.9559
vn -0.2554 -0.5552 0.7915
vn -0.0702 -0.3253 0.9430
vn 0.0992 -0.6291 0.7710
vn 0.1407 -0.1382 0.9804
vn -0.3018 -0.9412 0.1517
vn -0.2037 -0.8706 -0.4480
vn 0.0585 -0.9433 -0.3267
vn 0.1507 -0.8827 -0.4452
vn 0.0985 -0.9855 0.1379
vn -0.7127 -0.6279 -0.3126
vn -0.8710 -0.2960 -0.3921
vn 0.9256 -0.0061 -0.3785
vn -0.9256 0.1810 -0.3325
vn 0.5404 0.0738 -0.8382
vn -0.2861 -0.5020 -0.8162
vn -0.2895 0.3060 -0.9069
vn -0.0934 -0.4597 -0.8831
vn -0.0181 0.4443 -0.8957
vn 0.0553 0.9160 -0.3973
vn 0.3684 -0.3300 0.8691
vn -0.4622 -0.8626 0.2058
vn -0.1409 -0.6949 -0.7052
vn -0.1578 -0.7517 -0.6404
vn 0.3779 -0.7921 0.4793
vn -0.1588 -0.9336 -0.3212
vn -0.1247 -0.9904 0.0604
vn 0.8629 -0.3157 -0.3947
vn 0.6997 0.6100 -0.3719
vn 0.6210 0.4587 -0.6356
vn 0.6324 0.0807 -0.7704
vn -0.3372 0.2122 -0.9172
vn -0.4966 0.0810 -0.8642
vn 0.0124 0.0812 -0.9966
vn 0.5316 0.1043 -0.8405
vn 0.0943 -0.6407 -0.7619
vn -0.0979 0.8965 -0.4321
vn -0.3809 -0.5912 0.7109
vn -0.3826 -0.2416 0.8918
vn 0.4581 -0.3922 0.7977
vn 0.1277 -0.7083 -0.6943
vn -0.1097 -0.8448 -0.5237
vn 0.0495 -0.7067 -0.7058
vn 0.4341 -0.8448 -0.3130
vn -0.0358 -0.9924 -0.1175
vn 0.1635 -0.7298 -0.6638
vn 0.6939 -0.0043 -0.7200
vn 0.5594 -0.7576 0.3365
vn -0.8687 0.3638 -0.3361
vn -0.6351 0.1533 -0.7571
vn 0.6370 0.1977 -0.7451
vn -0.6363 0.0859 -0.7667
vn 0.3097 0.1122 -0.9442
vn -0.4758 0.5080 -0.7181
vn -0.5839 0.0768 -0.8082
vn 0.5822 0.1753 -0.7939
vn -0.5687 0.0704 -0.8195
vn 0.5680 0.0756 -0.8196
vn -0.1314 -0.6227 -0.7713
vn 0.3909 -0.6539 -0.6478
vn 0.2451 0.8033 -0.5428
vn 0.5286 -0.5083 0.6799
vn -0.0454 -0.8861 0.4612
vn 0.2448 -0.9695 -0.0122
vn 0.0038 -0.7264 -0.6873
vn 0.0677 -0.7386 -0.6708
vn -0.7010 0.0235 -0.7128
vn -0.6530 0.3924 -0.6478
vn 0.1565 0.9808 -0.1160
vn -0.0051 -0.9996 0.0289
vn -0.8705 -0.3312 -0.3640
vn 0.9326 0.0006 -0.3610
vn 0.8950 0.2507 -0.3690
vn -0.9000 0.2813 -0.3329
vn 0.8878 0.3247 -0.3261
vn 0.6927 0.0841 -0.7163
vn -0.3088 -0.0039 -0.9511
vn 0.0149 0.2656 -0.9640
vn -0.0483 0.3496 -0.9356
vn 0.0978 0.0686 -0.9928
vn -0.5835 0.0654 -0.8095
vn 0.5989 0.0838 -0.7965
vn -0.6176 0.0673 -0.7836
vn -0.4214 0.1040 -0.9009
vn 0.4439 0.0907 -0.8915
vn 0.0015 -0.0666 -0.9978
vn 0.5867 0.0041 -0.8098
vn -0.5323 -0.0792 -0.8428
vn -0.3062 0.8144 -0.4928
vn -0.2074 -0.9509 0.2298
vn 0.5705 -0.3130 0.7593
vn -0.5374 -0.4293 0.7258
vn -0.6632 -0.2886 -0.6906
vn 0.0418 -0.8972 -0.4397
vn 0.4573 0.7147 -0.5292
vn -0.5574 -0.7921 0.2489
vn 0.9487 0.0009 -0.3162
vn 0.9384 0.1828 -0.2933
vn 0.6953 -0.1012 -0.7116
vn -0.6575 -0.2232 -0.7196
vn -0.1356 0.0614 -0.9889
vn 0.0993 0.0664 -0.9928
vn -0.0871 0.0575 -0.9945
vn 0.6541 0.0916 -0.7508
vn 0.5267 0.0704 -0.8471
vn -0.3931 -0.7663 -0.5082
vn -0.6035 0.3125 -0.7336
vn 0.1634 -0.7097 -0.6853
vn 0.0443 -0.7106 -0.7022
vn -0.0406 -0.9002 0.4337
vn 0.0722 -0.8378 -0.5412
vn -0.4755 -0.8383 0.2665
vn -0.7554 0.0902 -0.6490
vn -0.9271 -0.1485 -0.3441
vn -0.9362 0.0023 -0.3515
vn -0.9500 0.0009 -0.3121
vn -0.6720 0.6284 -0.3919
vn 0.6443 0.6268 -0.4382
vn -0.6687 0.0799 -0.7392
vn 0.8340 -0.1119 -0.5402
vn 0.5419 0.0775 -0.8368
vn 0.1093 0.0672 -0.9917
vn -0.1027 0.0681 -0.9924
vn -0.5010 0.0799 -0.8617
vn 0.0909 0.0691 -0.9935
vn -0.3656 -0.1466 -0.9191
vn 0.3295 -0.1531 -0.9317
vn 0.2138 -0.3870 -0.8970
vn 0.3822 0.7819 -0.4925
vn -0.6167 -0.3503 0.7049
vn -0.5493 -0.4865 0.6794
vn 0.5899 -0.8056 -0.0553
vn -0.1413 -0.9178 -0.3710
vn 0.7161 0.1747 -0.6757
vn -0.2255 0.9436 -0.2423
vn 0.3780 -0.9071 0.1850
vn 0.9270 -0.1774 -0.3304
vn 0.8628 0.4059 -0.3014
vn -0.6999 0.5963 -0.3932
vn 0.7245 0.2352 -0.6480
vn -0.7994 0.1772 -0.5741
vn 0.2984 0.0761 -0.9514
vn -0.0210 0.0603 -0.9980
vn -0.1681 0.0692 -0.9833
vn -0.0492 0.0742 -0.9960
vn 0.3654 0.0472 -0.9296
vn 0.3921 -0.8377 0.3802
vn 0.1281 0.8927 0.4320
vn 0.4161 -0.8291 -0.3735
vn -0.2136 -0.6995 -0.6820
vn -0.1111 -0.7455 -0.6572
vn 0.1101 -0.7012 -0.7044
vn -0.1785 -0.9807 0.0799
vn -0.2230 -0.9724 -0.0683
vn -0.3486 -0.9172 0.1931
vn 0.8790 -0.3703 -0.3004
vn 0.8526 -0.3878 -0.3503
vn -0.8887 -0.3535 -0.2920
vn -0.9424 0.0001 -0.3345
vn 0.7806 0.5583 -0.2809
vn 0.6985 0.1001 -0.7086
vn -0.7041 0.0839 -0.7051
vn -0.9229 -0.0089 -0.3849
vn -0.8175 0.0765 -0.5709
vn -0.2836 -0.4725 -0.8344
vn -0.0047 -0.0769 -0.9970
vn -0.7223 -0.1197 -0.6812
vn -0.0916 0.8591 0.5035
vn -0.2157 0.8694 0.4445
vn -0.0052 0.9999 -0.0137
vn 0.0083 -0.7032 -0.7110
vn -0.1949 -0.6831 -0.7038
vn 0.5089 -0.7938 -0.3330
vn 0.4039 -0.8939 0.1945
vn 0.9203 -0.2585 -0.2936
vn 0.0261 -0.9995 0.0190
vn 0.9513 -0.0021 -0.3084
vn 0.9328 0.2538 -0.2557
vn 0.7061 0.0818 -0.7034
vn 0.8478 0.0800 -0.5242
vn 0.6399 -0.2270 -0.7342
vn -0.6324 -0.5140 -0.5796
vn -0.5867 -0.6900 -0.4239
vn 0.0264 0.9480 0.3172
vn 0.4927 -0.6373 0.5925
vn -0.8079 0.1048 -0.5799
vn 0.8286 0.0144 -0.5597
vn -0.7979 0.2256 -0.5590
vn 0.6366 0.6190 -0.4599
vn -0.9254 -0.2086 -0.3166
vn 0.7468 0.5074 -0.4300
vn -0.7996 0.1235 -0.5877
vn 0.8156 0.0727 -0.5740
vn 0.9261 0.0585 -0.3727
vn 0.9313 0.0668 -0.3580
vn -0.9029 0.0708 -0.4239
vn -0.8530 0.0805 -0.5157
vn 0.5152 -0.6009 -0.6111
vn -0.3595 -0.8919 0.2743
vn -0.0916 -0.7099 -0.6983
vn -0.6996 -0.3701 0.6112
vn 0.3702 -0.8259 -0.4253
vn -0.4987 0.7896 -0.3575
vn 0.7241 0.6298 -0.2810
vn 0.8630 0.0782 -0.4991
vn -0.8348 0.0467 -0.5486
vn 0.5138 -0.7207 -0.4654
vn 0.1351 0.9635 0.2312
vn 0.6770 -0.1808 0.7134
vn 0.2418 -0.6414 -0.7281
vn 0.1644 -0.1784 -0.9701
vn 0.1725 -0.6880 -0.7049
vn -0.0626 -0.7386 -0.6712
vn -0.0702 -0.7969 -0.6001
vn 0.1041 -0.7329 -0.6723
vn -0.0364 -0.9966 -0.0742
vn 0.6295 -0.7451 0.2204
vn -0.9165 -0.3451 -0.2021
vn -0.0456 -0.9985 0.0318
vn -0.9711 0.0021 -0.2385
vn 0.7209 0.0855 -0.6878
vn -0.9173 0.1529 -0.3678
vn 0.9345 0.0725 -0.3484
vn 0.9100 0.0687 -0.4089
vn -0.0392 0.9806 0.1920
vn 0.0260 0.8931 -0.4490
vn 0.1636 0.9861 -0.0298
vn -0.1309 0.9096 0.3942
vn 0.1385 -0.9862 -0.0907
vn -0.4155 0.8693 -0.2679
vn -0.2619 0.2169 -0.9404
vn 0.8034 -0.2906 -0.5198
vn 0.7723 -0.2422 0.5873
vn 0.1142 -0.6716 -0.7321
vn 0.1371 -0.6838 -0.7167
vn 0.6326 -0.7494 -0.1955
vn 0.9191 -0.2871 -0.2699
vn 0.9697 0.0023 -0.2441
vn -0.9570 0.0031 -0.2900
vn -0.8627 0.4397 -0.2497
vn -0.7529 0.6123 -0.2412
vn -0.7912 0.4146 -0.4495
vn 0.8607 0.2160 -0.4611
vn -0.7617 0.0830 -0.6426
vn -0.5947 -0.0204 -0.8037
vn -0.9307 0.0636 -0.3602
vn -0.8328 0.0711 -0.5490
vn 0.8109 -0.0504 -0.5830
vn 0.2741 0.9319 0.2374
vn -0.2227 0.8563 -0.4661
vn 0.2511 -0.9580 0.1385
vn 0.8526 0.2153 -0.4761
vn 0.4677 -0.8773 0.1081
vn -0.1816 -0.9817 0.0578
vn -0.9533 -0.1582 -0.2572
vn 0.9230 -0.2746 -0.2694
vn 0.9767 -0.0020 -0.2147
vn -0.7695 0.0778 -0.6339
vn 0.6688 0.0864 -0.7384
vn -0.4613 0.1145 -0.8798
vn 0.8914 0.0633 -0.4487
vn -0.8987 0.0637 -0.4340
vn 0.8656 -0.0984 -0.4910
vn -0.5416 -0.6549 -0.5270
vn 0.6390 0.5593 -0.5282
vn -0.1837 -0.1337 -0.9738
vn 0.0372 -0.6032 -0.7967
vn -0.8201 -0.2144 0.5305
vn 0.5241 -0.7648 -0.3748
vn 0.0704 -0.8718 -0.4847
vn -0.8698 -0.0430 -0.4916
vn 0.7525 0.0806 -0.6536
vn 0.4881 0.1641 -0.8572
vn 0.4307 0.0621 -0.9004
vn -0.4723 0.0895 -0.8769
vn -0.8098 -0.1550 -0.5659
vn -0.7162 -0.5352 -0.4479
vn 0.0970 0.7802 -0.6180
vn 0.1151 0.8632 -0.4916
vn -0.1941 0.9247 0.3275
vn -0.0103 0.9187 -0.3948
vn 0.2607 0.1162 -0.9584
vn 0.1648 0.9756 0.1451
vn -0.0385 -0.6664 -0.7446
vn -0.8764 0.0821 -0.4744
vn 0.1047 -0.9715 -0.2129
vn -0.0006 -1.0000 0.0005
vn -0.8916 -0.4025 -0.2074
vn -0.9770 -0.0031 -0.2131
vn 0.4122 0.0648 -0.9088
vn -0.4486 0.0557 -0.8920
vn -0.8081 0.2609 -0.5281
vn 0.3316 -0.9246 0.1875
vn -0.0060 0.9976 0.0687
vn 0.1924 0.1027 -0.9759
vn 0.8009 -0.2256 0.5546
vn 0.7259 -0.4191 0.5454
vn 0.2073 -0.5898 -0.7805
vn -0.4228 -0.7187 -0.5520
vn -0.5556 -0.8120 -0.1787
vn 0.3850 -0.9099 0.1543
vn -0.0858 -0.9519 0.2942
vn -0.8939 -0.3923 -0.2171
vn 0.9674 0.0018 -0.2532
vn -0.9500 0.2426 -0.1964
vn -0.9350 0.2873 -0.2079
vn -0.5145 -0.1063 -0.8509
vn -0.3778 0.0396 -0.9250
vn 0.5990 0.0606 -0.7984
vn -0.4971 0.0706 -0.8648
vn 0.5048 0.0718 -0.8602
vn -0.6664 -0.1742 -0.7250
vn 0.5331 -0.1677 -0.8293
vn 0.7506 -0.1570 -0.6419
vn 0.3083 0.3875 -0.8688
vn 0.2684 0.9440 -0.1921
vn 0.1649 -0.4609 -0.8720
vn -0.2915 -0.3398 -0.8942
vn 0.6786 -0.7090 -0.1919
vn -0.8919 0.2843 -0.3518
vn 0.2875 -0.9571 -0.0371
vn 0.9335 -0.2827 -0.2205
vn 0.9648 -0.1766 -0.1948
vn 0.8562 0.4982 -0.1368
vn 0.8636 0.0852 -0.4969
vn -0.8604 0.0797 -0.5033
vn -0.6494 0.0782 -0.7564
vn -0.1002 -0.1377 -0.9854
vn -0.3711 0.8685 0.3285
vn -0.1464 -0.9028 0.4044
vn -0.6760 -0.7171 -0.1694
vn 0.9740 -0.1574 -0.1632
vn 0.9372 0.2936 -0.1885
vn 0.9399 0.3058 -0.1521
vn 0.4412 0.0762 -0.8942
vn -0.5623 0.0961 -0.8213
vn -0.7828 -0.5266 -0.3316
vn -0.4850 0.8437 0.2300
vn -0.0113 0.0869 -0.9962
vn -0.6692 -0.6595 -0.3424
vn -0.7410 -0.4576 0.4914
vn 0.9145 0.0806 -0.3964
vn 0.9184 0.0370 -0.3940
vn -0.6035 -0.7757 0.1845
vn -0.9777 -0.0892 -0.1900
vn 0.9810 0.0008 -0.1942
vn -0.9511 0.2510 -0.1801
vn -0.8941 0.0712 -0.4421
vn 0.9308 -0.0655 -0.3596
vn 0.9910 -0.1018 -0.0872
vn -0.9356 0.0722 -0.3456
vn 0.8706 0.0843 -0.4847
vn 0.6921 -0.5794 -0.4305
vn 0.8501 0.3383 -0.4036
vn 0.9224 -0.1391 -0.3603
vn -0.3364 0.8708 -0.3585
vn 0.1541 0.9779 0.1415
vn 0.7021 -0.7044 -0.1037
vn 0.4393 -0.6099 0.6596
vn -0.4425 0.8817 -0.1635
vn -0.4227 -0.9029 0.0785
vn -0.8974 0.2981 -0.3253
vn 0.8232 0.5295 -0.2050
vn -0.8420 -0.1651 -0.5136
vn -0.9976 0.0039 -0.0690
vn 0.9472 0.0205 -0.3199
vn 0.7035 -0.6358 -0.3176
vn 0.3531 0.9194 -0.1732
vn -0.4711 -0.8672 0.1611
vn 0.3803 -0.9159 -0.1282
vn 0.0948 -0.9951 0.0274
vn -0.9821 -0.1342 -0.1322
vn 0.9754 0.0758 -0.2072
vn -0.6785 -0.6898 -0.2525
vn -0.1961 0.9744 -0.1097
vn -0.7671 -0.0083 -0.6415
vn -0.8607 -0.3097 0.4040
vn -0.4514 -0.8252 0.3395
vn 0.6187 0.7395 -0.2652
vn 0.4973 -0.8627 0.0923
vn 0.9597 -0.2460 -0.1359
vn 0.9858 0.0011 -0.1681
vn -0.8045 0.5578 -0.2040
vn -0.9771 0.0814 -0.1968
vn 0.9599 -0.2338 -0.1546
vn -0.7388 -0.6617 -0.1278
vn -0.9527 0.0957 -0.2885
vn -0.4216 0.8864 0.1912
vn 0.7471 -0.6177 -0.2456
vn 0.8950 -0.2006 0.3983
vn 0.6815 -0.7308 -0.0387
vn 0.0613 -0.9933 -0.0976
vn -0.9534 0.0447 -0.2983
vn -0.0348 0.9993 -0.0112
vn -0.4321 -0.8985 0.0777
vn 0.9935 0.0006 -0.1137
vn -0.9909 0.0024 -0.1343
vn 0.9633 0.2359 -0.1282
vn -0.8294 0.5475 -0.1113
vn -0.9480 0.0863 -0.3065
vn 0.9952 0.0674 0.0712
vn 0.9195 -0.2856 0.2702
vn 0.9336 0.2145 -0.2869
vn -0.0329 -0.9994 -0.0111
vn 0.2411 -0.9696 0.0410
vn -0.9523 -0.2753 -0.1315
vn 0.9337 0.0843 -0.3479
vn -0.9426 0.1401 -0.3032
vn -0.9979 0.0565 -0.0317
vn -0.7660 -0.5952 0.2429
vn -0.7097 -0.6757 -0.1993
vn 0.6434 -0.7259 0.2429
vn 0.1773 -0.9828 -0.0512
vn 0.7909 -0.5964 -0.1371
vn 0.7785 0.6180 -0.1096
vn 0.9502 0.0811 -0.3008
vn 0.9902 0.0689 0.1214
vn -0.9954 0.0746 0.0594
vn 0.4747 -0.8752 0.0935
vn 0.5076 0.8586 -0.0714
vn -0.8582 0.5095 0.0624
vn -0.6793 -0.7337 0.0162
vn 0.9805 0.0369 -0.1929
vn 0.9450 0.2496 -0.2115
vn -0.9674 0.1692 -0.1883
vn 0.9950 0.0974 0.0228
vn 0.7875 -0.5684 -0.2382
vn -0.4386 0.8980 -0.0350
vn 0.7451 0.6555 -0.1229
vn 0.9643 -0.2407 -0.1102
vn -0.9943 -0.0014 -0.1070
vn 0.9882 0.1207 -0.0944
vn -0.9977 0.0632 0.0254
vn 0.9933 0.0779 -0.0854
vn -0.3076 -0.9512 0.0235
vn -0.7948 -0.5895 0.1443
vn 0.7079 -0.7063 -0.0020
vn 0.9971 0.0579 -0.0499
vn 0.6907 -0.7166 0.0969
vn 0.6788 -0.7340 -0.0218
vn -0.3336 -0.9328 0.1363
vn 0.1743 -0.8871 0.4274
vn 0.3259 0.9450 -0.0265
vn -0.9982 -0.0028 -0.0604
vn -0.9506 0.3077 -0.0405
vn -0.9389 0.3438 -0.0159
vn 0.9905 0.0873 0.1061
vn 0.0391 0.9604 0.2760
vn -0.6822 -0.7310 -0.0138
vn 0.7103 -0.7035 -0.0248
vn 0.9041 -0.3294 0.2723
vn 0.3490 -0.9034 0.2489
vn -0.6732 -0.7365 -0.0663
vn 0.6848 -0.7263 0.0601
vn 0.5004 -0.8657 0.0101
vn -0.9834 0.1733 -0.0539
vn -0.9206 0.3841 -0.0703
vn 0.9221 0.1480 -0.3575
vn 0.9782 0.0610 0.1985
vn -0.9978 0.0661 0.0052
vn 0.9958 0.0629 0.0664
vn -0.9947 0.0666 -0.0787
vn -0.9974 0.0478 -0.0531
vn 0.4609 0.8721 0.1642
vn -0.7485 -0.6593 0.0716
vn -0.6578 -0.7331 -0.1729
vn 0.7078 -0.6725 -0.2162
vn -0.9806 0.1914 -0.0434
vn -0.7857 0.6183 -0.0194
vn 0.9834 0.0861 -0.1597
vn 0.8125 0.2556 -0.5240
vn -0.8185 0.1144 -0.5630
vn -0.9989 0.0459 0.0138
vn 0.9669 -0.1962 -0.1630
vn -0.9034 -0.3180 -0.2876
vn 0.7375 -0.6699 -0.0855
vn -0.5911 0.7862 -0.1803
vn 0.9889 -0.1328 0.0666
vn 0.3682 -0.9252 0.0920
vn -0.3672 -0.9135 0.1753
vn 0.6346 -0.7695 -0.0718
vn 0.9793 0.0668 -0.1912
vn -0.9950 0.0443 -0.0900
vn -0.8758 0.4681 -0.1177
vn -0.9791 -0.2017 -0.0264
vn -0.0615 -0.9981 -0.0080
vn -0.9813 -0.1858 -0.0494
vn 0.9964 -0.0010 -0.0851
vn 0.8333 0.0721 -0.5481
vn -0.8013 0.0679 -0.5944
vn -0.7751 0.0714 -0.6278
vn 0.9261 -0.1768 -0.3332
vn 0.3650 -0.9307 -0.0224
vn -0.5236 0.8464 0.0976
vn -0.8125 -0.5829 -0.0122
vn 0.7029 -0.7111 0.0158
vn 0.9945 -0.0115 -0.1044
vn -0.7067 -0.7010 -0.0960
vn 0.9896 -0.1007 -0.1031
vn 0.9691 0.2425 -0.0460
vn -0.5064 0.8612 0.0429
vn -0.2435 -0.9695 -0.0285
vn 0.9997 0.0004 -0.0246
vn -0.9833 0.0808 -0.1629
vn 0.8406 0.0569 -0.5386
vn 0.0902 0.9956 0.0267
vn 0.6203 0.7727 -0.1347
vn 0.9288 -0.3537 -0.1103
vn 0.6740 -0.6992 -0.2382
vn -0.9032 -0.3873 0.1847
vn -0.9958 0.0671 -0.0620
vn 0.1047 0.9887 0.1072
vn 0.9890 -0.1357 -0.0590
vn 0.9440 0.3262 -0.0493
vn 0.9025 0.4307 0.0033
vn 0.8734 0.4870 -0.0031
vn -0.9158 0.2103 -0.3421
vn 0.9951 0.0075 -0.0981
vn 0.7618 0.0683 -0.6442
vn -0.8970 0.0431 -0.4399
vn -0.0778 0.9861 -0.1467
vn 0.9413 -0.3346 0.0453
vn 0.7032 -0.7003 -0.1228
vn 0.1961 -0.7338 -0.6504
vn 0.2287 -0.9732 0.0247
vn -0.2115 -0.9772 0.0193
vn -0.8784 0.4757 0.0465
vn -0.7910 0.0570 -0.6092
vn 0.8383 0.0733 -0.5402
vn -0.8531 0.0776 -0.5159
vn 0.7988 0.5840 -0.1447
vn -0.9292 -0.0958 -0.3569
vn 0.1884 0.9817 -0.0282
vn 0.9026 -0.1949 -0.3837
vn -0.6520 -0.7582 -0.0059
vn -0.9064 0.4201 -0.0433
vn -0.9877 0.0844 -0.1319
vn 0.8586 0.0806 -0.5063
vn -0.8481 0.0869 -0.5227
vn 0.8226 0.0827 -0.5625
vn 0.9992 0.0352 -0.0167
vn -0.3954 -0.9182 -0.0245
vn 0.9359 -0.3522 -0.0095
vn -0.9778 0.2093 -0.0122
vn -0.9973 0.0641 -0.0355
vn -0.9848 0.0062 -0.1738
vn 0.4707 0.8812 0.0429
vn -0.6703 -0.7413 0.0330
vn 0.6172 -0.7772 0.1222
vn 0.8255 -0.5643 -0.0087
vn 0.0424 -0.9990 -0.0132
vn -0.9896 -0.1352 -0.0482
vn 0.9722 0.2326 0.0269
vn -0.8048 0.5932 0.0204
vn 0.9745 0.2242 0.0041
vn 0.9990 -0.0150 -0.0423
vn -0.9976 0.0608 -0.0345
vn 0.9227 -0.3806 -0.0612
vn -0.9498 -0.3114 0.0296
vn 0.2723 0.9594 -0.0734
vn 0.3883 -0.9193 0.0642
vn 0.2697 -0.8573 0.4385
vn -0.6365 -0.7570 0.1481
vn 0.7772 0.6284 0.0329
vn -0.9967 0.0796 -0.0153
vn -0.6479 -0.7614 -0.0221
vn 0.9951 -0.0949 0.0288
vn 0.9729 0.2314 -0.0003
vn 0.8168 0.5750 0.0473
vn 0.9970 0.0733 -0.0239
vn -0.8302 -0.5575 0.0062
vn -0.2675 0.9613 0.0660
vn -0.9654 -0.2604 0.0100
vn -0.5925 -0.8041 -0.0494
vn 0.7319 -0.6814 0.0075
vn 0.6885 -0.7250 -0.0178
vn 0.9845 0.1752 0.0028
vn 0.7751 0.6244 0.0967
vn 0.4438 -0.8956 -0.0311
vn 0.9090 -0.4136 0.0513
vn 0.9894 -0.1438 0.0224
vn 0.9980 -0.0003 0.0636
vn -0.9999 0.0015 0.0156
vn -0.9957 -0.0000 0.0928
vn 0.9967 0.0802 0.0121
vn -0.9972 0.0184 0.0724
vn 0.5269 0.8473 -0.0671
vn 0.9914 0.0870 0.0977
vn 0.8089 -0.5828 0.0770
vn 0.7090 -0.6990 0.0937
vn 0.6062 -0.7927 0.0648
vn 0.0541 -0.9979 0.0356
vn 0.9641 -0.2641 0.0286
vn 0.9958 0.0654 0.0645
vn -0.4793 -0.8770 -0.0332
vn 0.9983 -0.0007 0.0586
vn 0.9997 -0.0107 0.0211
vn -0.9960 0.0825 0.0346
vn 0.9946 0.0850 0.0594
vn -0.8025 0.5803 -0.1384
vn -0.6709 -0.7415 -0.0076
vn 0.7059 -0.7076 -0.0330
vn -0.4887 -0.8689 -0.0786
vn -0.8355 -0.5450 0.0705
vn -0.2951 -0.9521 -0.0795
vn -0.9301 -0.3460 -0.1234
vn -0.8617 -0.5009 0.0808
vn 0.9612 0.2696 0.0579
vn -0.7428 -0.6564 0.1320
vn -0.9651 -0.2612 -0.0167
vn 0.7080 -0.7037 0.0595
vn -0.1163 -0.9932 -0.0076
vn -0.9847 0.0959 0.1454
vn -0.9723 0.2159 0.0894
vn -0.9827 -0.1721 0.0680
vn -0.9546 0.2886 0.0737
vn -0.9746 0.1054 0.1976
vn 0.8750 0.0728 0.4786
vn -0.2586 0.9647 0.0505
vn 0.9457 -0.2912 -0.1446
vn -0.5314 0.8413 -0.0990
vn 0.3642 -0.9180 -0.1570
vn -0.9911 -0.0154 0.1326
vn -0.9304 0.3500 0.1086
vn -0.9863 0.1063 0.1259
vn -0.8195 0.5504 0.1599
vn -0.8613 0.0562 0.5050
vn -0.8726 0.0792 0.4819
vn 0.5102 0.8256 0.2410
vn 0.3777 -0.9259 -0.0001
vn -0.9387 0.0060 0.3448
vn -0.4394 -0.8964 -0.0587
vn 0.9262 0.3220 0.1959
vn 0.7038 -0.7087 -0.0492
vn -0.6408 -0.7675 0.0197
vn -0.1811 -0.9835 -0.0036
vn 0.7065 -0.7027 0.0836
vn 0.6451 -0.7536 -0.1262
vn 0.9441 -0.3047 0.1260
vn -0.9835 -0.1614 0.0816
vn 0.9892 -0.0367 0.1417
vn 0.9408 0.1029 0.3230
vn -0.8813 0.0857 0.4647
vn 0.7523 -0.6367 0.1695
vn -0.4328 0.8927 0.1253
vn 0.8457 -0.5203 -0.1190
vn 0.2901 -0.9274 0.2363
vn -0.9955 -0.0037 0.0942
vn 0.9923 0.0020 0.1239
vn 0.9196 0.3578 0.1625
vn 0.9724 0.1533 0.1761
vn 0.9359 0.2766 0.2181
vn 0.8681 0.0808 0.4897
vn -0.9104 -0.2929 0.2921
vn 0.9765 0.1689 0.1341
vn -0.3680 0.9176 0.1503
vn 0.1938 -0.9801 -0.0432
vn -0.9921 0.0005 0.1255
vn -0.9519 0.2866 0.1080
vn -0.7578 0.6331 0.1579
vn -0.9503 0.2201 0.2202
vn -0.9609 0.0824 0.2643
vn 0.8222 0.0763 0.5641
vn -0.7628 -0.5937 0.2563
vn -0.2165 0.9707 0.1040
vn 0.4337 0.8402 0.3256
vn 0.9617 0.0440 0.2705
vn 0.9744 0.0468 0.2198
vn -0.1916 -0.7730 0.6048
vn -0.6081 -0.7625 0.2211
vn -0.8464 0.5050 0.1691
vn 0.7804 0.5941 0.1949
vn 0.9410 -0.0815 0.3283
vn 0.7525 -0.6364 0.1697
vn 0.9461 0.0056 0.3237
vn 0.5458 -0.8312 0.1060
vn 0.7119 -0.7016 0.0302
vn 0.9071 -0.3983 -0.1362
vn 0.3289 -0.9339 0.1403
vn 0.4097 -0.9087 -0.0798
vn -0.9762 -0.1052 0.1899
vn -0.9836 -0.0004 0.1806
vn 0.9610 0.2368 0.1426
vn 0.9556 -0.0204 0.2940
vn -0.9037 -0.3673 -0.2202
vn 0.9333 -0.3370 0.1239
vn 0.9882 -0.0794 0.1311
vn 0.8491 0.4952 0.1837
vn 0.6227 0.7269 0.2896
vn 0.3188 0.9470 -0.0389
vn -0.3141 0.9449 -0.0921
vn -0.7054 -0.6857 0.1796
vn 0.6878 -0.7225 0.0709
vn -0.5894 -0.8073 0.0288
vn 0.9553 0.0767 0.2856
vn 0.0595 -0.9980 0.0193
vn -0.8444 0.4364 0.3106
vn 0.9597 0.0815 0.2690
vn 0.8387 0.0546 0.5419
vn 0.5597 0.8265 -0.0601
vn 0.9498 -0.2902 -0.1171
vn -0.9912 0.0336 0.1278
vn -0.1911 -0.9806 0.0435
vn 0.9836 -0.0009 0.1802
vn 0.9813 0.0002 0.1924
vn -0.9438 0.2377 0.2297
vn -0.7673 0.5905 0.2502
vn -0.8425 0.2794 0.4607
vn 0.8099 0.0634 0.5831
vn 0.8069 0.0742 0.5861
vn -0.8210 0.0793 0.5654
vn -0.8252 0.0742 0.5600
vn -0.9055 -0.0677 0.4190
vn -0.2791 0.9594 -0.0403
vn -0.7633 -0.6434 -0.0581
vn -0.7027 -0.7111 0.0227
vn -0.9038 -0.2883 -0.3163
vn 0.4740 -0.8805 -0.0020
vn 0.5634 0.7914 0.2374
vn -0.9313 -0.3015 0.2045
vn 0.8203 0.2961 0.4893
vn 0.9862 -0.1140 0.1203
vn 0.9969 0.0614 -0.0500
vn -0.9226 -0.2866 0.2581
vn -0.9201 -0.0415 0.3894
vn -0.4267 0.8850 -0.1861
vn 0.7091 -0.7049 -0.0175
vn -0.1530 -0.8898 -0.4299
vn -0.9260 0.0077 0.3774
vn -0.9624 -0.0507 0.2670
vn 0.9187 0.2531 0.3031
vn -0.8813 0.3815 0.2788
vn 0.9445 -0.2833 0.1663
vn -0.9712 -0.1424 0.1911
vn 0.9340 0.2153 0.2850
vn -0.8931 0.3917 0.2213
vn -0.9052 0.1107 0.4103
vn 0.9360 0.0824 0.3421
vn 0.9970 0.0541 -0.0550
vn 0.9952 0.0684 -0.0701
vn -0.9955 0.0677 -0.0664
vn -0.9983 0.0486 -0.0309
vn -0.3830 -0.9101 0.1584
vn -0.4878 0.8505 -0.1970
vn -0.9849 0.1114 -0.1329
vn 0.9687 -0.1108 -0.2222
vn -0.7680 -0.6404 -0.0017
vn 0.7116 -0.7018 -0.0336
vn -0.6436 -0.7631 -0.0591
vn 0.6904 -0.7233 0.0123
vn -0.6536 -0.7385 0.1657
vn -0.5596 -0.8095 -0.1778
vn -0.9681 -0.1547 0.1969
vn 0.9749 0.0017 0.2225
vn -0.9464 0.1966 0.2564
vn 0.9529 0.1653 0.2542
vn -0.9684 0.2492 -0.0093
vn -0.9904 0.0987 0.0968
vn 0.3616 0.9190 -0.1574
vn 0.9277 0.2296 0.2943
vn -0.8731 -0.2414 -0.4235
vn -0.3996 -0.8653 -0.3027
vn -0.9414 -0.2368 0.2401
vn -0.4239 -0.8876 -0.1803
vn 0.9200 0.3380 0.1986
vn 0.7665 0.6061 0.2124
vn 0.9638 0.1968 -0.1797
vn -0.9909 0.0654 -0.1176
vn 0.2578 0.9642 0.0615
vn -0.4312 0.8894 0.1517
vn -0.2742 -0.9535 -0.1250
vn -0.9357 -0.3020 0.1823
vn 0.7153 -0.6861 0.1328
vn -0.4864 -0.8696 0.0854
vn 0.6931 -0.7181 -0.0624
vn 0.8591 -0.3648 -0.3590
vn -0.2663 0.9241 0.2740
vn -0.1142 -0.9931 0.0248
vn 0.4380 -0.8765 -0.1997
vn -0.1507 -0.9826 -0.1086
vn -0.9733 0.0025 0.2294
vn -0.7594 0.5736 0.3071
vn 0.8859 0.0821 0.4566
vn 0.9974 0.0715 0.0067
vn -0.9969 0.0763 0.0211
vn 0.9965 0.0695 -0.0463
vn 0.8538 -0.4435 0.2725
vn 0.4707 0.8331 -0.2905
vn 0.8309 -0.4049 -0.3816
vn 0.0575 -0.9970 -0.0519
vn 0.6815 -0.7105 0.1751
vn 0.9203 -0.2861 0.2667
vn -0.7880 0.3470 0.5085
vn 0.9978 0.0545 -0.0369
vn -0.9945 0.0688 -0.0789
vn 0.9901 0.0678 -0.1228
vn -0.6189 -0.7230 0.3071
vn -0.8113 -0.4656 -0.3537
vn -0.0157 -0.9994 -0.0316
vn -0.9620 0.0024 0.2731
vn 0.9609 -0.0501 0.2723
vn -0.9486 0.2083 0.2382
vn 0.8720 0.0813 0.4828
vn -0.9978 0.0655 0.0088
vn -0.8703 -0.0548 0.4895
vn 0.4409 0.8316 -0.3378
vn 0.7770 -0.5535 0.2999
vn 0.2804 -0.1326 0.9507
vn 0.4963 -0.6881 0.5294
vn 0.6572 -0.7211 0.2191
vn 0.6583 -0.7086 0.2539
vn 0.8958 0.0571 0.4408
vn 0.4601 -0.8654 -0.1987
vn 0.9605 0.0024 0.2782
vn 0.8594 0.2707 0.4337
vn 0.2705 0.8774 0.3962
vn -0.3320 -0.2827 0.8999
vn -0.4284 -0.7946 0.4301
vn -0.2908 -0.9554 -0.0508
vn 0.8803 0.0657 0.4698
vn 0.1892 -0.9722 -0.1381
vn -0.9684 -0.0005 0.2496
vn -0.7026 0.6077 0.3702
vn -0.8741 0.0829 0.4785
vn 0.8611 0.0772 0.5025
vn -0.8440 0.0797 0.5303
vn 0.8452 0.0753 0.5292
vn -0.5611 -0.6475 0.5157
vn 0.2378 0.9065 -0.3489
vn -0.4222 0.8404 -0.3396
vn 0.8978 -0.3614 0.2515
vn -0.9095 0.3347 0.2464
vn 0.7724 0.5251 0.3573
vn -0.8388 -0.0664 0.5403
vn -0.6844 -0.0401 0.7280
vn 0.6729 -0.6212 0.4016
vn 0.8136 0.0228 0.5810
vn -0.5059 0.6756 -0.5364
vn -0.5161 0.7558 0.4030
vn 0.6866 -0.7269 0.0108
vn 0.4758 -0.6590 -0.5825
vn -0.2027 -0.9573 -0.2060
vn -0.3734 -0.9018 -0.2174
vn 0.7433 0.0035 0.6690
vn -0.1027 0.8970 0.4299
vn 0.3683 0.8341 -0.4107
vn 0.8414 0.2643 0.4713
vn -0.7752 0.4164 0.4750
vn 0.9165 -0.2797 0.2861
vn -0.9367 0.1380 0.3219
vn 0.7724 0.5133 0.3740
vn 0.6307 -0.4007 0.6645
vn 0.6742 0.1827 0.7155
vn 0.1484 0.7486 0.6461
vn 0.1562 -0.3243 0.9330
vn -0.0897 0.0108 0.9959
vn -0.4305 -0.7917 0.4335
vn -0.5419 -0.8253 -0.1586
vn 0.6377 -0.6900 -0.3425
vn 0.6930 -0.7204 0.0270
vn -0.8956 0.0161 0.4445
vn -0.4781 -0.8605 0.1758
vn -0.8189 -0.4695 0.3302
vn -0.5600 -0.7588 -0.3326
vn 0.9514 -0.0018 0.3080
vn -0.9402 -0.0004 0.3406
vn 0.9233 0.2893 0.2528
vn 0.8638 0.3703 0.3417
vn -0.7608 0.1327 0.6352
vn 0.6686 0.0535 0.7417
vn 0.2394 0.2477 0.9388
vn 0.1606 -0.6278 0.7616
vn -0.0219 0.7932 0.6086
vn -0.3144 -0.1417 0.9387
vn 0.4187 -0.8171 0.3964
vn 0.1117 -0.9892 -0.0946
vn -0.7350 -0.3757 -0.5644
vn -0.9356 -0.2016 0.2900
vn -0.9281 -0.1950 0.3172
vn 0.9400 0.0007 0.3413
vn -0.5308 0.0919 0.8425
vn 0.5068 -0.6668 0.5464
vn -0.7344 -0.3413 0.5866
vn -0.2426 0.8973 -0.3686
vn 0.5409 -0.7203 -0.4343
vn 0.7404 -0.3727 0.5593
vn -0.0100 0.8668 0.4985
vn 0.5258 0.7269 0.4417
vn 0.0040 -0.7039 0.7103
vn 0.0255 -0.6506 0.7590
vn 0.6238 0.5486 0.5567
vn 0.0537 -0.9957 -0.0753
vn 0.8942 0.3188 0.3144
vn 0.6977 0.6279 0.3449
vn -0.6426 0.5853 0.4944
vn 0.7317 0.3989 0.5527
vn -0.6159 0.0404 0.7868
vn 0.4423 0.0615 0.8948
vn 0.4467 0.0721 0.8918
vn -0.3349 0.0652 0.9400
vn 0.4964 0.0780 0.8646
vn -0.5949 -0.1568 0.7884
vn 0.2391 -0.9434 0.2299
vn -0.6648 -0.5770 -0.4745
vn 0.1518 -0.6747 0.7223
vn -0.8160 0.0002 0.5781
vn -0.7262 0.0819 0.6826
vn 0.4199 0.0547 0.9059
vn -0.7166 -0.5451 0.4352
vn -0.3070 0.8211 0.4811
vn 0.1048 -0.7036 0.7028
vn 0.0479 -0.7064 0.7062
vn 0.0295 -0.7145 0.6990
vn -0.3011 -0.8533 0.4256
vn 0.0028 -0.9995 0.0318
vn 0.9247 -0.0818 0.3718
vn -0.3170 0.0560 0.9468
vn 0.5441 0.0676 0.8363
vn -0.4148 0.0657 0.9075
vn 0.8270 -0.1401 0.5445
vn -0.8515 0.0104 0.5243
vn -0.8556 -0.1824 0.4844
vn 0.5316 -0.6028 0.5949
vn -0.0974 0.8788 0.4671
vn 0.1687 0.9203 0.3530
vn 0.0222 -0.3166 0.9483
vn -0.0172 0.6333 0.7737
vn 0.1066 0.1978 0.9744
vn 0.0830 -0.4054 0.9104
vn 0.0249 -0.7041 0.7097
vn 0.0025 -0.7162 0.6979
vn -0.1214 -0.7652 0.6322
vn 0.4815 -0.7727 0.4137
vn -0.2962 -0.9550 0.0155
vn 0.8142 0.0412 0.5792
vn -0.0793 -0.9964 0.0291
vn 0.6339 -0.7027 0.3229
vn -0.3150 -0.9042 -0.2885
vn -0.9087 -0.1934 0.3699
vn 0.9283 0.1648 0.3333
vn -0.8051 0.4746 0.3558
vn 0.6404 0.6066 0.4711
vn 0.7261 0.0806 0.6828
vn -0.3351 0.0571 0.9405
vn -0.4980 0.0633 0.8649
vn 0.3398 0.0708 0.9378
vn 0.9003 0.0580 0.4313
vn 0.0599 -0.1794 0.9819
vn 0.2420 0.9132 0.3278
vn 0.0159 -0.5730 0.8194
vn 0.0600 -0.7216 0.6897
vn 0.5818 -0.6446 -0.4960
vn -0.7616 -0.2684 -0.5898
vn -0.0086 0.9683 0.2497
vn 0.3532 -0.9098 -0.2179
vn 0.8953 -0.1896 0.4032
vn -0.9034 -0.2626 0.3389
vn 0.9166 -0.0122 0.3996
vn -0.9098 0.2261 0.3481
vn 0.7636 0.1806 0.6199
vn 0.4853 0.1111 0.8673
vn -0.4335 0.1261 0.8923
vn -0.5135 0.0641 0.8557
vn -0.8661 0.0677 0.4952
vn 0.8705 0.0804 0.4856
vn 0.0919 0.9564 -0.2772
vn -0.1537 0.8067 -0.5707
vn 0.2976 -0.8730 -0.3865
vn -0.5344 -0.7009 0.4724
vn 0.1744 0.8189 -0.5469
vn 0.2458 -0.7355 0.6313
vn -0.1672 -0.7602 0.6278
vn 0.0895 -0.7204 0.6877
vn -0.0395 -0.6999 0.7132
vn -0.7152 0.2713 0.6441
vn 0.9062 0.0007 0.4229
vn -0.9256 0.0002 0.3785
vn -0.8768 0.3029 0.3734
vn -0.7509 0.1017 0.6526
vn -0.8248 0.1771 0.5370
vn 0.8696 -0.0467 0.4916
vn -0.9073 0.0611 0.4160
vn -0.9374 0.0657 0.3421
vn 0.9122 0.0726 0.4033
vn 0.6405 -0.1339 0.7562
vn 0.6301 0.0852 0.7718
vn 0.0153 0.9527 -0.3034
vn -0.4930 -0.6926 -0.5265
vn -0.2461 0.8049 -0.5400
vn 0.7489 0.0523 0.6606
vn 0.5420 -0.7486 -0.3818
vn -0.8679 0.3161 0.3832
vn -0.7015 0.0881 0.7072
vn 0.6770 0.1079 0.7280
vn 0.8249 0.0727 0.5606
vn 0.8746 0.0687 0.4800
vn -0.9243 0.0821 0.3728
vn -0.7322 0.0395 0.6799
vn -0.6383 -0.5149 0.5722
vn 0.0400 -0.7569 0.6523
vn 0.5824 -0.3530 -0.7323
vn 0.1046 -0.9757 0.1924
vn 0.2739 -0.8954 -0.3510
vn -0.0063 -0.8786 -0.4775
vn 0.4058 -0.8340 -0.3739
vn 0.8461 -0.4120 0.3381
vn -0.8687 -0.3081 0.3879
vn -0.9202 0.0002 0.3915
vn 0.6973 0.2751 0.6619
vn -0.6571 0.1648 0.7356
vn 0.6917 0.1505 0.7063
vn 0.6705 0.0835 0.7372
vn -0.9376 0.0529 0.3436
vn -0.8733 0.0804 0.4805
vn 0.6685 -0.2538 0.6991
vn 0.7297 0.0491 0.6820
vn 0.8213 -0.4011 0.4057
vn 0.8560 0.2778 0.4359
vn 0.8752 0.0666 0.4791
vn 0.8294 0.0808 0.5527
vn -0.6008 0.0840 0.7950
vn -0.5967 -0.2095 0.7746
vn -0.0524 0.8545 -0.5169
vn 0.6304 -0.2961 -0.7176
vn -0.0593 -0.8627 0.5023
vn -0.5204 -0.4153 -0.7461
vn 0.1831 -0.9326 -0.3109
vn -0.5740 -0.7610 0.3023
vn -0.6754 0.0789 0.7332
vn 0.6797 -0.1629 0.7152
vn -0.8125 0.0618 0.5796
vn -0.5844 0.0795 0.8076
vn -0.4737 0.2031 0.8570
vn -0.2610 -0.4926 0.8302
vn 0.3702 -0.6027 0.7069
vn 0.2123 -0.9613 0.1758
vn 0.1304 -0.9909 0.0341
vn 0.0601 -0.9979 0.0242
vn -0.8797 -0.1786 0.4407
vn 0.9108 -0.0002 0.4128
vn 0.8799 0.1713 0.4433
vn 0.6210 0.6095 0.4927
vn -0.6019 0.4166 0.6813
vn -0.7578 0.0540 0.6502
vn -0.0560 0.1075 0.9926
vn -0.3197 -0.7179 0.6184
vn 0.1695 0.8683 0.4662
vn -0.0306 -0.7117 0.7018
vn 0.0163 -0.7349 0.6780
vn -0.4033 -0.5927 -0.6972
vn 0.0524 -0.7633 0.6439
vn 0.1553 0.8683 0.4711
vn 0.6889 0.5826 0.4313
vn 0.5732 0.4075 0.7109
vn 0.6591 0.0869 0.7470
vn 0.6600 -0.0933 0.7454
vn 0.2368 0.0711 0.9689
vn -0.1315 0.0754 0.9884
vn 0.0457 0.0718 0.9964
vn 0.6135 -0.5023 -0.6093
vn -0.6841 0.0054 0.7294
vn 0.9023 -0.0006 0.4310
vn -0.8421 0.2745 0.4642
vn 0.8112 0.3353 0.4791
vn -0.8690 0.1467 0.4726
vn -0.6224 0.6233 0.4735
vn 0.6007 0.1800 0.7789
vn -0.2976 0.0025 0.9547
vn 0.0774 0.0728 0.9943
vn 0.2121 -0.2485 0.9451
vn 0.0393 0.0607 0.9974
vn 0.0080 -0.0737 0.9972
vn -0.0430 0.0466 0.9980
vn 0.3360 -0.1737 0.9257
vn 0.3559 -0.4058 0.8418
vn 0.2965 -0.8751 0.3825
vn 0.4287 0.3463 0.8345
vn -0.0764 0.7694 0.6341
vn 0.5518 -0.0458 -0.8327
vn -0.2472 -0.7212 0.6471
vn -0.2478 -0.8873 0.3890
vn 0.6691 0.0498 0.7415
vn -0.4709 -0.8819 0.0208
vn 0.1031 -0.9931 0.0563
vn 0.2055 -0.9387 -0.2769
vn -0.8660 0.0011 0.5001
vn -0.8847 0.0002 0.4661
vn -0.5282 0.5714 0.6281
vn 0.0454 0.0657 0.9968
vn 0.0099 0.0640 0.9979
vn -0.0433 0.0671 0.9968
vn 0.0791 0.0709 0.9943
vn -0.5640 0.0690 0.8229
vn -0.4627 -0.1715 0.8698
vn 0.5430 0.0606 0.8375
vn 0.3965 -0.2134 0.8929
vn 0.1794 -0.5969 0.7820
vn -0.3983 0.0539 0.9157
vn -0.5242 -0.3059 -0.7948
vn 0.2889 -0.8335 0.4710
vn -0.5534 0.3203 0.7688
vn 0.3918 0.6933 0.6048
vn 0.2975 -0.9285 0.2223
vn -0.8470 -0.2293 0.4797
vn 0.8310 -0.3212 0.4542
vn -0.8602 -0.0001 0.5100
vn 0.5125 0.5994 0.6149
vn -0.4739 -0.0384 0.8797
vn 0.0410 0.0641 0.9971
vn 0.0268 0.0680 0.9973
vn -0.6380 0.0752 0.7664
vn 0.5903 0.0728 0.8039
vn 0.6103 0.0730 0.7888
vn -0.5767 0.0814 0.8129
vn -0.4745 -0.0192 0.8800
vn 0.4958 0.0740 0.8653
vn -0.2528 -0.5904 0.7665
vn -0.2219 -0.9106 0.3486
vn 0.3365 -0.6570 -0.6747
vn -0.5819 -0.2299 0.7801
vn 0.4745 -0.3985 -0.7849
vn 0.0870 -0.9782 -0.1886
vn -0.1084 -0.9549 -0.2765
vn 0.6065 0.0932 0.7896
vn 0.5310 0.1608 0.8320
vn -0.4191 -0.8424 -0.3386
vn 0.0922 -0.9723 -0.2146
vn -0.8448 -0.2415 0.4774
vn -0.5010 0.0862 0.8612
vn 0.0425 0.1729 0.9840
vn -0.5556 0.0665 0.8288
vn 0.6555 0.0704 0.7519
vn 0.0028 0.0698 0.9976
vn 0.5184 0.0826 0.8511
vn -0.0044 -0.3554 0.9347
vn -0.0465 -0.9891 -0.1395
vn 0.0160 -0.9876 -0.1560
vn 0.8503 -0.0055 0.5262
vn -0.8104 0.3238 0.4883
vn 0.7780 0.3223 0.5393
vn -0.7307 0.4673 0.4977
vn -0.5158 0.6292 0.5814
vn 0.4493 0.0845 0.8894
vn 0.3731 0.0816 0.9242
vn 0.1961 0.1827 0.9634
vn 0.1379 0.2414 0.9606
vn 0.5198 0.2902 0.8035
vn -0.2331 0.1953 0.9526
vn -0.6180 0.2825 0.7337
vn 0.6068 0.0759 0.7912
vn -0.4204 0.0856 0.9033
vn -0.0254 0.0775 0.9967
vn 0.4662 -0.4064 -0.7858
vn -0.2378 -0.9640 0.1187
vn -0.2085 0.8051 0.5552
vn -0.3702 0.3915 0.8424
vn -0.4612 0.4603 0.7586
vn -0.5240 0.2361 0.8184
vn -0.3281 0.0292 0.9442
vn 0.3216 0.1302 0.9379
vn -0.6667 0.0715 0.7419
vn 0.5460 0.0769 0.8342
vn 0.0148 0.0802 0.9967
vn 0.0960 -0.4485 0.8886
vn 0.2054 0.2615 0.9431
vn -0.1379 -0.3150 0.9390
vn 0.5400 -0.1708 0.8242
vn -0.3222 -0.4572 -0.8289
vn 0.3456 -0.8908 -0.2950
vn 0.0438 -0.9884 -0.1451
vn -0.5274 0.0335 0.8490
vn -0.1832 -0.9754 0.1225
vn -0.7851 -0.4139 0.4607
vn 0.8599 -0.1096 0.4985
vn 0.5108 0.6322 0.5826
vn -0.3320 0.0846 0.9395
vn -0.4846 -0.0389 0.8739
vn 0.2570 -0.7985 0.5444
vn -0.1528 -0.7112 -0.6862
vn -0.0151 -0.9763 0.2160
vn -0.0924 -0.9957 -0.0006
vn -0.4245 -0.7809 -0.4582
vn -0.1325 -0.9594 -0.2488
vn -0.7841 -0.3645 0.5024
vn 0.8542 -0.0002 0.5199
vn 0.8579 -0.0015 0.5138
vn 0.8554 -0.0000 0.5179
vn -0.7933 0.3651 0.4872
vn 0.7843 0.1299 0.6066
vn -0.8013 0.1482 0.5796
vn 0.1161 0.0822 0.9898
vn 0.5099 0.0810 0.8564
vn 0.2107 -0.3424 -0.9156
vn 0.0609 -0.3270 -0.9431
vn 0.0494 -0.8857 -0.4615
vn -0.0476 -0.4854 -0.8730
vn -0.5228 -0.5600 -0.6427
vn 0.7956 -0.2572 0.5485
vn 0.6923 0.4950 0.5251
vn -0.6211 0.5471 0.5612
vn 0.3410 0.2952 0.8925
vn -0.1428 0.0805 0.9865
vn -0.0026 -0.0709 0.9975
vn 0.0206 -0.1777 0.9839
vn -0.4213 -0.2153 0.8810
vn -0.0225 -0.2783 -0.9602
vn 0.0663 -0.3767 -0.9239
vn 0.4484 0.1247 0.8851
vn 0.2973 0.3445 0.8905
vn 0.3001 -0.9222 -0.2440
vn 0.8295 -0.0071 0.5585
vn -0.4001 0.6053 0.6881
vn -0.3726 0.2414 0.8960
vn 0.2538 0.0869 0.9633
vn -0.0118 -0.9336 0.3581
vn -0.0164 -0.7885 -0.6148
vn -0.4010 0.0775 0.9128
vn -0.3774 0.0841 0.9222
vn -0.1320 0.1935 0.9722
vn 0.0503 0.0824 0.9953
vn -0.1743 -0.5239 0.8337
vn -0.6996 -0.5157 0.4946
vn -0.8313 -0.0017 0.5558
vn -0.8216 0.0021 0.5701
vn 0.3635 0.5785 0.7303
vn 0.0354 -0.8520 0.5223
vn 0.3695 0.0596 0.9273
vn -0.8082 -0.1926 0.5565
vn 0.8138 -0.0025 0.5811
vn 0.7827 0.2987 0.5460
vn -0.7462 0.3075 0.5905
vn 0.1901 0.5607 0.8059
vn -0.2820 0.4898 0.8249
vn 0.0974 0.2366 0.9667
vn 0.2065 -0.4429 0.8725
vn 0.3016 0.0808 0.9500
vn 0.0047 0.5005 0.8657
vn 0.5321 -0.6658 0.5230
vn 0.7923 -0.3318 0.5120
vn 0.7879 0.0014 0.6159
vn -0.7845 0.2612 0.5625
vn -0.2167 0.2568 0.9418
vn -0.1158 -0.9853 -0.1259
vn -0.4371 -0.7992 0.4125
vn 0.1165 0.4623 0.8790
vn -0.2816 0.0810 0.9561
vn 0.2090 0.1022 0.9726
vn 0.3403 -0.7733 -0.5350
vn 0.6684 -0.1125 0.7352
vn -0.6737 0.4029 0.6195
vn 0.5645 0.5477 0.6175
vn -0.0670 0.4360 0.8975
vn -0.4269 -0.1146 0.8970
vn 0.0808 -0.0774 0.9937
vn 0.5848 -0.0633 0.8087
vn 0.3017 0.4963 0.8140
vn 0.3660 -0.8230 -0.4344
vn -0.4059 -0.7862 -0.4659
vn -0.2128 -0.8642 -0.4559
vn 0.7218 -0.3331 0.6066
vn 0.6295 -0.3520 0.6927
vn 0.7818 -0.0002 0.6236
vn -0.1573 0.5852 0.7955
vn -0.3150 0.2130 0.9249
vn 0.0018 -1.0000 -0.0009
vn 0.1805 -0.8951 -0.4076
vn -0.7591 -0.3386 0.5559
vn -0.7627 -0.1220 0.6351
vn -0.8050 0.0001 0.5932
vn -0.7775 -0.0001 0.6289
vn -0.7620 0.3111 0.5679
vn 0.0294 0.5789 0.8148
vn 0.4301 -0.7556 0.4941
vn 0.8961 0.4380 0.0715
vn -0.4561 -0.8871 0.0710
vn -0.6920 0.7088 0.1369
vn -0.3910 0.6139 0.6858
vn 0.3910 0.6339 0.6673
vn -0.2575 0.6232 0.7384
vn -0.2457 0.9111 0.3309
vn -0.6728 -0.4254 0.6053
vn 0.2873 -0.1134 0.9511
vn 0.7462 -0.0032 0.6657
vn -0.7756 -0.0071 0.6312
vn 0.6921 0.3852 0.6104
vn 0.0256 -0.8105 0.5852
vn -0.7541 -0.0004 0.6568
vn 0.7308 0.2336 0.6414
vn 0.6367 0.3948 0.6624
vn -0.7820 -0.5957 0.1834
vn 0.7544 -0.5387 0.3751
vn -0.1269 -0.9769 -0.1721
vn 0.0723 -0.9300 -0.3605
vn -0.0449 -0.9329 -0.3572
vn 0.6941 -0.1989 0.6918
vn -0.3207 -0.7565 -0.5700
vn -0.6852 -0.2763 0.6739
vn -0.0995 0.6266 0.7730
vn -0.4066 0.7688 0.4936
vn 0.7281 0.6203 0.2917
vn -0.6844 -0.3796 0.6225
vn 0.7298 -0.0033 0.6836
vn -0.7312 -0.0012 0.6822
vn 0.4357 -0.8147 -0.3825
vn -0.9675 0.0950 -0.2342
vn -0.1969 -0.9435 0.2666
vn 0.0784 -0.9883 -0.1306
vn -0.6681 -0.0629 0.7414
vn -0.6972 -0.0014 0.7169
vn -0.7051 0.3017 0.6417
vn -0.5070 0.5470 0.6662
vn 0.6603 -0.4194 -0.6230
vn 0.4689 0.8545 0.2234
vn -0.2143 0.8201 -0.5306
vn 0.1810 -0.9517 0.2479
vn 0.2483 -0.8096 -0.5318
vn 0.6672 -0.1795 0.7230
vn 0.6992 -0.0037 0.7149
vn -0.6844 0.3389 0.6456
vn -0.6808 0.2278 0.6961
vn 0.6767 0.2368 0.6972
vn -0.5829 0.4185 0.6965
vn 0.4273 0.5866 0.6880
vn -0.1441 -0.6477 0.7481
vn 0.1979 -0.7874 -0.5838
vn 0.5934 -0.4121 0.6914
vn 0.2718 0.6219 0.7344
vn 0.0811 0.6232 0.7778
vn 0.0694 -0.8007 -0.5950
vn -0.6893 -0.0122 0.7244
vn -0.6531 0.0009 0.7573
vn 0.6588 0.1237 0.7421
vn 0.4980 0.4493 0.7417
vn -0.2011 -0.8486 -0.4893
vn -0.0774 -0.7891 -0.6093
vn 0.6465 0.2986 0.7020
vn 0.2503 0.5232 0.8146
vn -0.1831 -0.7173 -0.6723
vn -0.6079 -0.3763 0.6992
vn -0.4302 0.4819 0.7634
vn -0.5762 -0.3804 0.7234
vn 0.6396 -0.1544 0.7530
vn 0.6547 -0.0003 0.7559
vn -0.4396 -0.6557 0.6138
vn -0.6321 0.2643 0.7284
vn -0.6189 0.1447 0.7721
vn -0.2583 0.5768 0.7750
vn 0.0695 -0.9578 -0.2790
vn 0.1375 -0.7801 -0.6103
vn -0.0694 -0.9208 -0.3838
vn 0.6191 -0.3455 0.7052
vn 0.6176 -0.0005 0.7865
vn 0.6329 -0.0030 0.7743
vn -0.6474 0.0006 0.7622
vn 0.5942 0.3357 0.7309
vn -0.5345 0.3188 0.7827
vn 0.3626 0.5391 0.7602
vn -0.5919 0.2243 0.7742
vn 0.3119 -0.7715 0.5545
vn -0.5772 -0.2024 0.7911
vn 0.5543 -0.2864 0.7815
vn -0.5998 -0.0029 0.8002
vn 0.6187 0.0001 0.7856
vn -0.5990 0.0192 0.8005
vn 0.5587 0.2640 0.7862
vn 0.2248 0.5480 0.8057
vn -0.1898 -0.8903 0.4139
vn -0.0708 -0.9612 0.2665
vn 0.0601 -0.9869 0.1495
vn -0.0027 -0.7821 -0.6231
vn 0.5106 -0.3044 0.8041
vn 0.3489 0.4040 0.8456
vn -0.0763 0.5212 0.8500
vn 0.5587 0.3605 0.7469
vn -0.5016 0.1425 0.8533
vn 0.5595 0.1193 0.8202
vn -0.5016 -0.3693 0.7823
vn 0.5358 -0.2582 0.8039
vn -0.5608 0.0006 0.8279
vn -0.5388 0.2040 0.8174
vn 0.4556 0.3028 0.8371
vn -0.5684 -0.0733 0.8195
vn 0.5276 -0.0016 0.8495
vn 0.5109 -0.0000 0.8596
vn 0.5172 0.1793 0.8369
vn -0.2730 0.4277 0.8617
vn 0.0480 -0.9670 0.2503
vn 0.0006 -0.9949 -0.1013
vn -0.4230 -0.3207 0.8475
vn 0.4893 -0.2982 0.8196
vn 0.4912 -0.1739 0.8535
vn -0.5166 -0.0765 0.8528
vn 0.5510 0.0005 0.8345
vn 0.4702 0.3529 0.8089
vn -0.4661 0.2796 0.8394
vn -0.3864 0.2976 0.8730
vn 0.1035 0.5156 0.8505
vn -0.4529 -0.3596 0.8158
vn -0.5207 0.0004 0.8537
vn 0.4558 0.1481 0.8777
vn 0.4028 -0.2355 0.8845
vn -0.5034 0.0025 0.8641
vn -0.4153 -0.2389 0.8778
vn 0.4299 -0.0008 0.9029
vn -0.3937 0.1056 0.9132
vn -0.2320 -0.5920 0.7718
vn 0.2210 -0.6791 0.7000
vn -0.3962 -0.4344 0.8089
vn -0.4124 0.0005 0.9110
vn -0.4575 -0.0003 0.8892
vn 0.3189 0.1870 0.9291
vn 0.2174 0.4196 0.8813
vn -0.0069 -0.9283 0.3717
vn -0.4055 -0.1696 0.8982
vn -0.0692 -0.6720 0.7373
vn -0.3139 -0.1267 0.9410
vn -0.3483 -0.3032 0.8870
vn 0.3945 -0.3824 0.8355
vn 0.4122 -0.2288 0.8819
vn -0.4031 -0.0000 0.9152
vn 0.4085 0.2604 0.8748
vn -0.3801 0.2241 0.8974
vn 0.3408 -0.3551 0.8705
vn 0.3381 -0.1512 0.9289
vn 0.3880 0.0008 0.9217
vn -0.3214 0.2161 0.9220
vn -0.1165 0.3286 0.9372
vn 0.2129 -0.2085 0.9546
vn -0.3834 0.0011 0.9236
vn 0.3411 0.3403 0.8763
vn 0.2131 0.2661 0.9401
vn -0.2531 0.1909 0.9484
vn 0.0675 0.3738 0.9251
vn 0.0841 -0.6608 0.7459
vn 0.2871 -0.3331 0.8981
vn -0.3151 -0.3756 0.8716
vn 0.3940 0.0015 0.9191
vn 0.3337 -0.0025 0.9427
vn -0.1663 -0.1863 0.9683
vn -0.2910 -0.0015 0.9567
vn -0.3000 0.0224 0.9537
vn 0.3277 0.2240 0.9178
vn -0.2488 -0.3575 0.9002
vn -0.2630 -0.2315 0.9366
vn 0.2310 -0.2840 0.9306
vn 0.2712 -0.0015 0.9625
vn -0.2481 0.0004 0.9687
vn 0.2282 0.0029 0.9736
vn 0.2139 0.2899 0.9329
vn -0.1536 -0.4135 0.8975
vn 0.1610 -0.2708 0.9491
vn -0.2368 -0.1847 0.9538
vn -0.2642 -0.0009 0.9645
vn 0.2591 -0.0006 0.9658
vn 0.2406 0.3141 0.9184
vn -0.2141 0.2521 0.9437
vn 0.0263 -0.2065 0.9781
vn 0.1100 -0.0379 0.9932
vn -0.1883 -0.4015 0.8963
vn 0.2002 -0.0047 0.9797
vn -0.2252 0.2690 0.9364
vn 0.1002 0.1090 0.9890
vn 0.0280 0.2147 0.9763
vn -0.0575 -0.3377 0.9395
vn 0.1740 -0.0629 0.9827
vn -0.1689 -0.0001 0.9856
vn -0.0992 0.1218 0.9876
vn 0.0379 0.3769 0.9255
vn 0.0415 -0.2610 0.9644
vn -0.0852 -0.3343 0.9386
vn 0.0601 -0.3783 0.9237
vn -0.1229 -0.0836 0.9889
vn -0.1346 -0.0013 0.9909
vn 0.1348 -0.0026 0.9909
vn -0.1479 0.0033 0.9890
vn 0.1271 0.2172 0.9678
vn -0.0933 0.2983 0.9499
vn 0.0352 -0.0648 0.9973
vn 0.0649 -0.0028 0.9979
vn -0.0844 0.0019 0.9964
vn -0.0179 -0.0015 0.9998
vn -0.0968 0.2568 0.9616
vn 0.0149 0.2626 0.9648
vn -0.0074 -0.0049 1.0000
vn -0.0338 0.0011 0.9994
vn 0.0773 0.0012 0.9970
vt 0.758532 0.633765
vt 0.756302 0.625734
vt 0.778936 0.634215
vt 0.771570 0.624335
vt 0.802728 0.626231
vt 0.780472 0.600422
vt 0.763583 0.585170
vt 0.793249 0.569263
vt 0.775272 0.545168
vt 0.762671 0.551279
vt 0.751035 0.573812
vt 0.789073 0.519367
vt 0.802673 0.534714
vt 0.756313 0.497702
vt 0.774895 0.449098
vt 0.760776 0.435987
vt 0.786539 0.454913
vt 0.799512 0.463052
vt 0.792100 0.383766
vt 0.777035 0.384450
vt 0.809964 0.421231
vt 0.762936 0.383165
vt 0.785934 0.380072
vt 0.215883 0.817838
vt 0.214129 0.818755
vt 0.213653 0.795158
vt 0.213653 0.835559
vt 0.794897 0.634790
vt 0.796247 0.637241
vt 0.814580 0.627253
vt 0.740897 0.625047
vt 0.742125 0.518598
vt 0.815866 0.497047
vt 0.741355 0.422381
vt 0.742743 0.382712
vt 0.761869 0.379792
vt 0.764128 0.366940
vt 0.791264 0.367604
vt 0.762116 0.636473
vt 0.780386 0.636115
vt 0.783846 0.675632
vt 0.804956 0.655319
vt 0.814069 0.633148
vt 0.819522 0.597202
vt 0.729917 0.563396
vt 0.733997 0.491449
vt 0.811483 0.384362
vt 0.742855 0.378555
vt 0.807367 0.379963
vt 0.786590 0.351656
vt 0.768198 0.340556
vt 0.818025 0.637101
vt 0.314291 0.996271
vt 0.312163 0.999211
vt 0.312163 0.978455
vt 0.744935 0.635501
vt 0.825616 0.519090
vt 0.828010 0.383902
vt 0.747514 0.346143
vt 0.753102 0.673191
vt 0.801985 0.678071
vt 0.953790 0.678309
vt 0.964017 0.667509
vt 0.964171 0.678309
vt 0.839333 0.571185
vt 0.836645 0.449676
vt 0.724592 0.381762
vt 0.827787 0.380690
vt 0.824941 0.355405
vt 0.763808 0.679827
vt 0.736678 0.635070
vt 0.831161 0.636336
vt 0.729683 0.623751
vt 0.842829 0.626838
vt 0.470042 0.562479
vt 0.459513 0.537381
vt 0.481596 0.516503
vt 0.474386 0.490019
vt 0.460695 0.487123
vt 0.481244 0.420182
vt 0.721326 0.487301
vt 0.724447 0.430506
vt 0.820412 0.342344
vt 0.792629 0.333557
vt 0.465987 0.947379
vt 0.487810 0.937246
vt 0.471149 0.955790
vt 0.826606 0.672149
vt 0.461152 0.633774
vt 0.469016 0.623001
vt 0.472066 0.633930
vt 0.720554 0.537383
vt 0.726550 0.378087
vt 0.722288 0.357211
vt 0.454223 0.963854
vt 0.513367 0.913969
vt 0.498128 0.933702
vt 0.829309 0.680042
vt 0.734266 0.674903
vt 0.845821 0.637319
vt 0.460165 0.622927
vt 0.844796 0.499703
vt 0.779770 0.315230
vt 0.844300 0.633496
vt 0.453517 0.626184
vt 0.444283 0.557150
vt 0.850393 0.380084
vt 0.457467 0.357005
vt 0.461472 0.326924
vt 0.479165 0.343770
vt 0.763538 0.316234
vt 0.485998 0.927015
vt 0.427828 0.971357
vt 0.849795 0.675023
vt 0.451138 0.624350
vt 0.863079 0.587722
vt 0.852475 0.383855
vt 0.451896 0.674637
vt 0.464528 0.674378
vt 0.454610 0.633977
vt 0.861315 0.523694
vt 0.859628 0.422367
vt 0.446506 0.414732
vt 0.465182 0.381034
vt 0.464771 0.429884
vt 0.446258 0.377825
vt 0.464258 0.377352
vt 0.855272 0.363403
vt 0.736742 0.327871
vt 0.825866 0.324658
vt 0.800777 0.311636
vt 0.432300 0.957318
vt 0.868469 0.634702
vt 0.443985 0.632539
vt 0.442581 0.600405
vt 0.857802 0.625784
vt 0.440921 0.381256
vt 0.854222 0.334552
vt 0.509714 0.909154
vt 0.439113 0.507958
vt 0.865679 0.477208
vt 0.442010 0.466614
vt 0.461903 0.939367
vt 0.875041 0.628436
vt 0.522132 0.900100
vt 0.867422 0.637271
vt 0.427429 0.576682
vt 0.442240 0.334379
vt 0.743410 0.300146
vt 0.775194 0.299200
vt 0.797753 0.293922
vt 0.995215 0.098689
vt 0.995215 0.072093
vt 0.997626 0.085024
vt 0.433890 0.624081
vt 0.876662 0.625822
vt 0.877765 0.524410
vt 0.875356 0.383465
vt 0.831829 0.306272
vt 0.865060 0.679552
vt 0.427321 0.406196
vt 0.869500 0.379990
vt 0.429511 0.356838
vt 0.477798 0.921604
vt 0.432647 0.949729
vt 0.508413 0.897076
vt 0.458565 0.935909
vt 0.429787 0.671278
vt 0.422847 0.631102
vt 0.886144 0.442243
vt 0.879802 0.345339
vt 0.492469 0.904268
vt 0.405982 0.964750
vt 0.392366 0.976272
vt 0.431661 0.679209
vt 0.876959 0.673145
vt 0.431589 0.635587
vt 0.887392 0.609753
vt 0.419662 0.536745
vt 0.427239 0.378485
vt 0.879373 0.362526
vt 0.434928 0.312503
vt 0.818091 0.289144
vt 0.420407 0.463709
vt 0.447000 0.299873
vt 0.408938 0.956128
vt 0.883877 0.636292
vt 0.419009 0.624015
vt 0.890631 0.503264
vt 0.853684 0.303426
vt 0.526624 0.879111
vt 0.889702 0.564902
vt 0.446244 0.931668
vt 0.416212 0.381841
vt 0.886276 0.379721
vt 0.416187 0.359493
vt 0.423102 0.325794
vt 0.765687 0.277951
vt 0.786054 0.279800
vt 0.477572 0.908670
vt 0.719034 0.978577
vt 0.707641 0.961010
vt 0.719034 0.950054
vt 0.893969 0.675327
vt 0.403983 0.636103
vt 0.407527 0.632573
vt 0.894931 0.625541
vt 0.889197 0.326400
vt 0.840123 0.291694
vt 0.503213 0.885464
vt 0.515723 0.873055
vt 0.373945 0.966917
vt 0.896172 0.633994
vt 0.403711 0.607885
vt 0.402220 0.412545
vt 0.891941 0.383181
vt 0.406552 0.378295
vt 0.409629 0.344236
vt 0.719034 0.905184
vt 0.719034 0.948711
vt 0.708497 0.935306
vt 0.463455 0.912018
vt 0.903159 0.627347
vt 0.403156 0.460157
vt 0.874444 0.304028
vt 0.809824 0.262443
vt 0.415736 0.674765
vt 0.998464 0.641570
vt 0.996242 0.652708
vt 0.996242 0.629295
vt 0.403502 0.506157
vt 0.916035 0.402158
vt 0.903041 0.359204
vt 0.496747 0.880797
vt 0.481853 0.891037
vt 0.415644 0.940331
vt 0.424860 0.924913
vt 0.905745 0.635745
vt 0.906293 0.599415
vt 0.907006 0.492825
vt 0.915721 0.382049
vt 0.940074 0.961450
vt 0.954477 0.961450
vt 0.940061 0.977502
vt 0.363129 0.977112
vt 0.399622 0.550667
vt 0.796983 0.251494
vt 0.151845 0.957620
vt 0.144533 0.962343
vt 0.133266 0.960083
vt 0.954314 0.978058
vt 0.382165 0.957168
vt 0.994067 0.992018
vt 0.983999 0.979603
vt 0.994067 0.965812
vt 0.392481 0.947353
vt 0.444065 0.912349
vt 0.396282 0.624944
vt 0.912461 0.566773
vt 0.911389 0.446945
vt 0.914495 0.377668
vt 0.390105 0.329717
vt 0.410405 0.312038
vt 0.341537 0.969314
vt 0.913797 0.633299
vt 0.389623 0.382246
vt 0.911538 0.349108
vt 0.889046 0.304310
vt 0.407226 0.293298
vt 0.426061 0.282928
vt 0.974845 0.631175
vt 0.953789 0.651365
vt 0.953789 0.629295
vt 0.955214 0.984840
vt 0.193346 0.957817
vt 0.198545 0.962644
vt 0.197905 0.971792
vt 0.193567 0.975949
vt 0.536199 0.861823
vt 0.523769 0.850511
vt 0.858217 0.275840
vt 0.148763 0.966366
vt 0.469427 0.886348
vt 0.392466 0.673879
vt 0.387355 0.627329
vt 0.918944 0.624454
vt 0.925228 0.535823
vt 0.390940 0.363853
vt 0.836320 0.263165
vt 0.155171 0.976025
vt 0.567779 0.978430
vt 0.564844 0.992109
vt 0.559491 0.978890
vt 0.200736 0.980160
vt 0.514059 0.854775
vt 0.914873 0.635621
vt 0.390526 0.633720
vt 0.387061 0.482611
vt 0.387399 0.430968
vt 0.139085 0.966368
vt 0.921342 0.961449
vt 0.935814 0.967553
vt 0.921422 0.977775
vt 0.620760 0.992077
vt 0.615178 0.992077
vt 0.617844 0.978430
vt 0.112290 0.964445
vt 0.097623 0.970863
vt 0.097834 0.962296
vt 0.201483 0.954858
vt 0.853950 0.252952
vt 0.133266 0.976535
vt 0.111350 0.979017
vt 0.559491 0.992610
vt 0.539613 0.992015
vt 0.538834 0.978430
vt 0.544465 0.991924
vt 0.972672 0.988370
vt 0.965616 0.975856
vt 0.974327 0.974749
vt 0.206435 0.969152
vt 0.354477 0.961279
vt 0.385816 0.592143
vt 0.382908 0.347329
vt 0.965616 0.989582
vt 0.548022 0.978430
vt 0.537491 0.829099
vt 0.383451 0.677962
vt 0.370347 0.942194
vt 0.491943 0.862830
vt 0.917846 0.664757
vt 0.922458 0.627091
vt 0.926005 0.468621
vt 0.979923 0.652755
vt 0.142335 0.971055
vt 0.506779 0.846127
vt 0.386463 0.635949
vt 0.386648 0.547408
vt 0.383311 0.378618
vt 0.389364 0.303474
vt 0.779057 0.253323
vt 0.214600 0.976023
vt 0.355248 0.951415
vt 0.864395 0.257064
vt 0.966584 0.666166
vt 0.819474 0.248036
vt 0.096915 0.979177
vt 0.212116 0.957007
vt 0.213619 0.968902
vt 0.528210 0.830995
vt 0.395317 0.930575
vt 0.372796 0.474860
vt 0.154346 0.980174
vt 0.926362 0.981711
vt 0.937007 0.981979
vt 0.913585 0.677526
vt 0.927043 0.634827
vt 0.784945 0.241166
vt 0.432271 0.895214
vt 0.936560 0.623392
vt 0.372253 0.625351
vt 0.371743 0.591548
vt 0.372589 0.541947
vt 0.914558 0.314820
vt 0.403218 0.264446
vt 0.837551 0.247498
vt 0.092526 0.966305
vt 0.043951 0.962423
vt 0.093519 0.951110
vt 0.048010 0.943697
vt 0.044062 0.944386
vt 0.134684 0.980154
vt 0.919678 0.981979
vt 0.113394 0.981658
vt 0.095023 0.981658
vt 0.214600 0.956186
vt 0.007072 0.969630
vt 0.008121 0.953739
vt 0.025522 0.963724
vt 0.025846 0.952555
vt 0.026765 0.945686
vt 0.930405 0.669721
vt 0.371318 0.669981
vt 0.936989 0.579862
vt 0.365314 0.382326
vt 0.932932 0.377465
vt 0.419814 0.256974
vt 0.797300 0.230913
vt 0.093377 0.935323
vt 0.062948 0.975804
vt 0.047694 0.922606
vt 0.044578 0.970003
vt 0.045351 0.928192
vt 0.037401 0.944314
vt 0.009985 0.927095
vt 0.003571 0.940888
vt 0.369144 0.634774
vt 0.364617 0.413232
vt 0.935515 0.418756
vt 0.936895 0.380797
vt 0.933957 0.362435
vt 0.933153 0.338299
vt 0.893064 0.279098
vt 0.812427 0.230452
vt 0.092025 0.978841
vt 0.092479 0.921153
vt 0.045016 0.985756
vt 0.039300 0.980876
vt 0.007715 0.982992
vt 0.000672 0.970906
vt 0.343598 0.936601
vt 0.393473 0.913300
vt 0.936357 0.631845
vt 0.829729 0.231391
vt 0.147842 0.814222
vt 0.162724 0.804057
vt 0.153855 0.818732
vt 0.553609 0.723006
vt 0.546256 0.723920
vt 0.568497 0.697737
vt 0.517606 0.827582
vt 0.500713 0.839502
vt 0.468861 0.855797
vt 0.942736 0.625700
vt 0.364765 0.378302
vt 0.362216 0.358047
vt 0.368296 0.307243
vt 0.386331 0.263298
vt 0.774080 0.233499
vt 0.804016 0.204242
vt 0.157330 0.793405
vt 0.142640 0.830646
vt 0.131252 0.839139
vt 0.135002 0.831122
vt 0.539987 0.973912
vt 0.541903 0.965281
vt 0.569425 0.977087
vt 0.588177 0.958182
vt 0.592582 0.971977
vt 0.586311 0.966381
vt 0.039070 0.914736
vt 0.003688 0.915333
vt 0.940440 0.511249
vt 0.763892 0.256209
vt 0.422958 0.228273
vt 0.428053 0.240741
vt 0.413285 0.234333
vt 0.784107 0.228368
vt 0.819364 0.192309
vt 0.794098 0.188058
vt 0.806704 0.173515
vt 0.168249 0.789026
vt 0.054165 0.908675
vt 0.543555 0.746243
vt 0.320265 0.948515
vt 0.383922 0.920366
vt 0.356455 0.627280
vt 0.775324 0.204084
vt 0.786526 0.181394
vt 0.161346 0.780425
vt 0.111268 0.848523
vt 0.539140 0.954199
vt 0.093680 0.899227
vt 0.586645 0.955795
vt 0.045063 0.899235
vt 0.008363 0.903567
vt 0.623969 0.969491
vt 0.626988 0.956827
vt 0.631914 0.976182
vt 0.538834 0.748484
vt 0.487279 0.831250
vt 0.358307 0.559666
vt 0.940009 0.466314
vt 0.356198 0.454305
vt 0.848607 0.235182
vt 0.410936 0.204984
vt 0.836662 0.163427
vt 0.794178 0.120410
vt 0.823426 0.152848
vt 0.805981 0.120357
vt 0.821580 0.118425
vt 0.138885 0.821463
vt 0.540270 0.953027
vt 0.151077 0.805919
vt 0.583329 0.692649
vt 0.938839 0.675218
vt 0.356463 0.624961
vt 0.354534 0.487389
vt 0.357851 0.333641
vt 0.393444 0.243200
vt 0.842607 0.229920
vt 0.411009 0.160445
vt 0.420612 0.119989
vt 0.420219 0.181327
vt 0.809268 0.117838
vt 0.794455 0.116156
vt 0.808117 0.085589
vt 0.971351 0.061617
vt 0.966701 0.082596
vt 0.966216 0.062275
vt 0.668986 0.876239
vt 0.667457 0.868914
vt 0.668778 0.856657
vt 0.666983 0.887766
vt 0.639767 0.895126
vt 0.643661 0.878940
vt 0.640622 0.867921
vt 0.643505 0.862342
vt 0.639139 0.875032
vt 0.973465 0.197605
vt 0.971589 0.189423
vt 0.977283 0.194221
vt 0.977972 0.198924
vt 0.981209 0.196503
vt 0.206920 0.983081
vt 0.209417 0.981503
vt 0.209417 0.989461
vt 0.512985 0.985182
vt 0.509280 0.987664
vt 0.509280 0.978455
vt 0.634506 0.887526
vt 0.590179 0.681050
vt 0.535268 0.803093
vt 0.984812 0.326554
vt 0.984812 0.301349
vt 0.994526 0.311312
vt 0.359420 0.635985
vt 0.946998 0.435702
vt 0.346025 0.356245
vt 0.820538 0.091081
vt 0.968221 0.103624
vt 0.958284 0.102579
vt 0.968952 0.094535
vt 0.955767 0.083869
vt 0.954715 0.070040
vt 0.642212 0.852850
vt 0.638534 0.862765
vt 0.608138 0.984554
vt 0.603478 0.991995
vt 0.605062 0.978430
vt 0.485783 0.978942
vt 0.489070 0.978455
vt 0.489070 0.989429
vt 0.634614 0.856318
vt 0.970997 0.753839
vt 0.966849 0.756454
vt 0.962181 0.753839
vt 0.318545 0.941210
vt 0.313421 0.957252
vt 0.411370 0.988693
vt 0.409328 0.995709
vt 0.409328 0.978455
vt 0.913198 0.286851
vt 0.869145 0.244598
vt 0.852283 0.171161
vt 0.981648 0.188080
vt 0.971589 0.146843
vt 0.981648 0.146220
vt 0.404038 0.989087
vt 0.404038 0.978455
vt 0.407985 0.980728
vt 0.796488 0.086065
vt 0.808420 0.049863
vt 0.820813 0.067322
vt 0.862463 0.725760
vt 0.856789 0.738956
vt 0.855495 0.713944
vt 0.864980 0.746818
vt 0.170717 0.765525
vt 0.953789 0.098592
vt 0.123113 0.833336
vt 0.725363 0.870004
vt 0.734971 0.854926
vt 0.721660 0.883924
vt 0.668011 0.907469
vt 0.640308 0.905642
vt 0.643712 0.845870
vt 0.700991 0.839526
vt 0.706692 0.835357
vt 0.706692 0.844527
vt 0.971589 0.206920
vt 0.956557 0.931824
vt 0.963585 0.929296
vt 0.966309 0.937746
vt 0.988215 0.129237
vt 0.992961 0.122633
vt 0.991309 0.132752
vt 0.935568 0.818445
vt 0.939071 0.823767
vt 0.935568 0.826134
vt 0.427703 0.982699
vt 0.423609 0.980770
vt 0.425703 0.978455
vt 0.972206 0.757931
vt 0.423609 0.988450
vt 0.961918 0.764831
vt 0.045723 0.889600
vt 0.508133 0.820911
vt 0.357375 0.677953
vt 0.940516 0.634052
vt 0.345983 0.378871
vt 0.398833 0.227506
vt 0.857362 0.228626
vt 0.398447 0.179071
vt 0.836229 0.118045
vt 0.362755 0.992314
vt 0.362755 0.978455
vt 0.365944 0.988209
vt 0.964422 0.623535
vt 0.963862 0.609697
vt 0.969556 0.624481
vt 0.824220 0.114216
vt 0.797135 0.062228
vt 0.820233 0.048245
vt 0.845533 0.715112
vt 0.849393 0.704899
vt 0.971140 0.043696
vt 0.954894 0.057095
vt 0.162140 0.766894
vt 0.669365 0.846002
vt 0.163332 0.968314
vt 0.160115 0.967718
vt 0.160684 0.957620
vt 0.637706 0.901782
vt 0.916737 0.823604
vt 0.922325 0.819816
vt 0.922325 0.826254
vt 0.698999 0.986459
vt 0.695769 0.983905
vt 0.698999 0.981523
vt 0.977973 0.465088
vt 0.981581 0.473607
vt 0.968558 0.470193
vt 0.975965 0.758511
vt 0.144453 0.983029
vt 0.148579 0.981517
vt 0.148579 0.987102
vt 0.967737 0.767416
vt 0.593887 0.939701
vt 0.624462 0.944943
vt 0.549127 0.787965
vt 0.410046 0.886106
vt 0.351664 0.633755
vt 0.950482 0.568188
vt 0.947103 0.380190
vt 0.346116 0.381986
vt 0.950529 0.376378
vt 0.855206 0.194549
vt 0.953789 0.377375
vt 0.959784 0.374898
vt 0.956816 0.378137
vt 0.365611 0.979978
vt 0.833254 0.115704
vt 0.342465 0.978455
vt 0.345525 0.989795
vt 0.342465 0.993198
vt 0.955043 0.347722
vt 0.969556 0.594341
vt 0.964675 0.575211
vt 0.824936 0.074773
vt 0.969196 0.570498
vt 0.964295 0.544824
vt 0.968945 0.534946
vt 0.798894 0.026712
vt 0.820380 0.022260
vt 0.809982 0.005561
vt 0.966785 0.038312
vt 0.715355 0.694839
vt 0.706286 0.680217
vt 0.716106 0.677535
vt 0.702327 0.697096
vt 0.701573 0.679210
vt 0.108876 0.841410
vt 0.679692 0.954405
vt 0.681655 0.946085
vt 0.705387 0.956125
vt 0.641796 0.913026
vt 0.540859 0.943795
vt 0.608138 0.996083
vt 0.956711 0.938625
vt 0.990117 0.346002
vt 0.984811 0.349463
vt 0.986472 0.346085
vt 0.002298 0.893835
vt 0.539890 0.770591
vt 0.323254 0.936877
vt 0.487329 0.509251
vt 0.487209 0.464209
vt 0.501250 0.487638
vt 0.952446 0.352113
vt 0.852533 0.120388
vt 0.130057 0.962296
vt 0.131537 0.977095
vt 0.130057 0.980086
vt 0.965559 0.361367
vt 0.965922 0.375204
vt 0.989710 0.556450
vt 0.986247 0.554175
vt 0.989963 0.528805
vt 0.958953 0.335794
vt 0.833292 0.078658
vt 0.823582 0.064634
vt 0.824526 0.037963
vt 0.796333 0.000802
vt 0.820280 0.001317
vt 0.719211 0.696125
vt 0.709175 0.701282
vt 0.705319 0.945636
vt 0.381875 0.978455
vt 0.381875 0.989675
vt 0.377804 0.980377
vt 0.987486 0.350806
vt 0.990915 0.356443
vt 0.985366 0.360933
vt 0.991417 0.762862
vt 0.988175 0.763536
vt 0.989124 0.753839
vt 0.989573 0.340500
vt 0.983514 0.350958
vt 0.980448 0.767898
vt 0.634501 0.910837
vt 0.983123 0.764126
vt 0.584816 0.936670
vt 0.343893 0.670374
vt 0.346935 0.595941
vt 0.341776 0.429394
vt 0.995267 0.515671
vt 0.997933 0.498868
vt 0.997933 0.522636
vt 0.367529 0.274925
vt 0.891647 0.261687
vt 0.396738 0.136058
vt 0.411583 0.118007
vt 0.853571 0.117842
vt 0.846906 0.084593
vt 0.986247 0.517145
vt 0.835550 0.090365
vt 0.965614 0.326877
vt 0.831884 0.064329
vt 0.989425 0.498868
vt 0.409436 0.087633
vt 0.401671 0.064632
vt 0.407661 0.056844
vt 0.835404 0.060415
vt 0.954716 0.316881
vt 0.799264 0.006994
vt 0.823231 0.006884
vt 0.857161 0.753340
vt 0.954969 0.039220
vt 0.106113 0.840496
vt 0.667350 0.925563
vt 0.641576 0.924474
vt 0.995727 0.767098
vt 0.992760 0.764562
vt 0.995727 0.753839
vt 0.977497 0.927953
vt 0.973357 0.919475
vt 0.977497 0.919439
vt 0.675009 0.948906
vt 0.970400 0.478921
vt 0.940414 0.822281
vt 0.943901 0.818461
vt 0.943901 0.826133
vt 0.009317 0.883320
vt 0.606725 0.683680
vt 0.515610 0.807826
vt 0.982579 0.917832
vt 0.973357 0.910664
vt 0.982579 0.876158
vt 0.952446 0.622048
vt 0.941989 0.324554
vt 0.369879 0.254279
vt 0.873266 0.230088
vt 0.376234 0.229055
vt 0.396765 0.120607
vt 0.409908 0.117275
vt 0.836776 0.042297
vt 0.958774 0.289064
vt 0.405865 0.027657
vt 0.953972 0.287648
vt 0.964687 0.296502
vt 0.832488 0.039446
vt 0.828292 0.025543
vt 0.966184 0.515250
vt 0.834642 0.002994
vt 0.161645 0.752214
vt 0.751242 0.838016
vt 0.746244 0.860884
vt 0.093647 0.888617
vt 0.971975 0.249286
vt 0.980591 0.244345
vt 0.985863 0.260765
vt 0.980087 0.352514
vt 0.980360 0.366802
vt 0.135050 0.909782
vt 0.135150 0.897487
vt 0.150982 0.902652
vt 0.984811 0.329429
vt 0.638267 0.920162
vt 0.840261 0.977724
vt 0.836922 0.973375
vt 0.839863 0.969354
vt 0.521645 0.788958
vt 0.340040 0.918748
vt 0.717397 0.994072
vt 0.717397 0.979921
vt 0.719034 0.988931
vt 0.341654 0.636177
vt 0.490837 0.632546
vt 0.484554 0.629864
vt 0.496523 0.630488
vt 0.490082 0.624156
vt 0.482939 0.621289
vt 0.498592 0.621187
vt 0.345742 0.527265
vt 0.501741 0.375183
vt 0.486547 0.359988
vt 0.507048 0.351243
vt 0.933006 0.301046
vt 0.865240 0.206203
vt 0.388127 0.175260
vt 0.394126 0.115689
vt 0.393970 0.091920
vt 0.993465 0.404370
vt 0.993465 0.379480
vt 0.996959 0.400383
vt 0.953789 0.262108
vt 0.959096 0.267519
vt 0.968558 0.513733
vt 0.968558 0.504807
vt 0.974769 0.511978
vt 0.836652 0.706807
vt 0.831423 0.693777
vt 0.865163 0.764728
vt 0.714923 0.709483
vt 0.100312 0.850931
vt 0.734034 0.885120
vt 0.733641 0.905800
vt 0.720554 0.896910
vt 0.726013 0.916131
vt 0.722874 0.914718
vt 0.986604 0.139634
vt 0.990774 0.368430
vt 0.901636 0.826514
vt 0.896296 0.826514
vt 0.900012 0.819328
vt 0.992409 0.336156
vt 0.494435 0.807509
vt 0.970900 0.556450
vt 0.970900 0.515250
vt 0.984904 0.549933
vt 0.451739 0.831361
vt 0.494347 0.434096
vt 0.504412 0.430132
vt 0.506802 0.378838
vt 0.494859 0.378502
vt 0.862077 0.154034
vt 0.852097 0.053566
vt 0.965411 0.266919
vt 0.982656 0.971803
vt 0.982656 0.995030
vt 0.976741 0.974298
vt 0.848705 0.004707
vt 0.824476 0.697549
vt 0.166206 0.736367
vt 0.170725 0.753799
vt 0.739515 0.870022
vt 0.956614 0.954337
vt 0.965937 0.951573
vt 0.780314 0.983448
vt 0.781192 0.976743
vt 0.785489 0.983999
vt 0.519461 0.982728
vt 0.522953 0.978455
vt 0.522953 0.987879
vt 0.985281 0.768333
vt 0.587148 0.928610
vt 0.044651 0.874534
vt 0.622559 0.925354
vt 0.003060 0.877342
vt 0.633158 0.940144
vt 0.972569 0.752496
vt 0.962942 0.743344
vt 0.972569 0.732944
vt 0.341122 0.624718
vt 0.892529 0.248429
vt 0.390715 0.118775
vt 0.857485 0.118198
vt 0.854758 0.102393
vt 0.853573 0.077291
vt 0.393280 0.068391
vt 0.392692 0.043554
vt 0.852927 0.001046
vt 0.856546 0.771598
vt 0.083189 0.844812
vt 0.992961 0.144877
vt 0.164426 0.976827
vt 0.169715 0.969479
vt 0.643479 0.936338
vt 0.971190 0.775281
vt 0.836922 0.982109
vt 0.632381 0.927534
vt 0.497129 0.567090
vt 0.920989 0.283823
vt 0.236027 0.793457
vt 0.241039 0.793840
vt 0.237170 0.795984
vt 0.851737 0.022658
vt 0.391762 0.015332
vt 0.405008 0.002123
vt 0.392309 0.001618
vt 0.971176 0.023196
vt 0.752442 0.853359
vt 0.704280 0.934268
vt 0.706016 0.933475
vt 0.539198 0.926247
vt 0.169715 0.981205
vt 0.680051 0.938841
vt 0.159394 0.985878
vt 0.156514 0.974276
vt 0.972975 0.490901
vt 0.990385 0.772487
vt 0.145263 0.892671
vt 0.775638 0.982712
vt 0.900916 0.981830
vt 0.905398 0.975836
vt 0.910518 0.982048
vt 0.844407 0.980157
vt 0.843318 0.990498
vt 0.961918 0.720311
vt 0.327307 0.673305
vt 0.363175 0.891411
vt 0.501450 0.632669
vt 0.507931 0.669141
vt 0.329765 0.585214
vt 0.873984 0.202594
vt 0.389799 0.113656
vt 0.237846 0.778016
vt 0.236964 0.752905
vt 0.241568 0.776688
vt 0.241151 0.745577
vt 0.858150 0.785292
vt 0.744047 0.867233
vt 0.744626 0.874925
vt 0.738878 0.880546
vt 0.735184 0.893336
vt 0.078562 0.850298
vt 0.613399 0.978430
vt 0.613835 0.987693
vt 0.611089 0.981453
vt 0.775937 0.828000
vt 0.966295 0.963963
vt 0.815181 0.969354
vt 0.823176 0.977297
vt 0.819329 0.978392
vt 0.091467 0.870492
vt 0.681879 0.929706
vt 0.984091 0.489596
vt 0.985498 0.369881
vt 0.993814 0.785704
vt 0.966795 0.776475
vt 0.983922 0.778384
vt 0.979875 0.779341
vt 0.635461 0.932413
vt 0.542196 0.787902
vt 0.297312 0.943442
vt 0.503562 0.798284
vt 0.507973 0.630543
vt 0.512115 0.520586
vt 0.332011 0.461920
vt 0.492471 0.336183
vt 0.508468 0.323583
vt 0.335729 0.320768
vt 0.343166 0.290537
vt 0.364517 0.242388
vt 0.886175 0.230205
vt 0.377301 0.147972
vt 0.378089 0.119525
vt 0.389214 0.089033
vt 0.388031 0.061451
vt 0.966936 0.019297
vt 0.752265 0.857666
vt 0.755642 0.863534
vt 0.609481 0.991298
vt 0.080119 0.852524
vt 0.773957 0.986409
vt 0.676238 0.928895
vt 0.773957 0.969354
vt 0.008602 0.867506
vt 0.510302 0.789405
vt 0.971970 0.713763
vt 0.512426 0.676192
vt 0.494750 0.674036
vt 0.327984 0.901123
vt 0.325020 0.625681
vt 0.508657 0.624362
vt 0.514946 0.456566
vt 0.377650 0.197568
vt 0.869595 0.119889
vt 0.380703 0.115403
vt 0.236751 0.729163
vt 0.241086 0.708338
vt 0.237239 0.698250
vt 0.388352 0.037779
vt 0.236027 0.680267
vt 0.240983 0.683162
vt 0.814744 0.692598
vt 0.955123 0.020938
vt 0.613835 0.995355
vt 0.991518 0.682550
vt 0.987875 0.695130
vt 0.987875 0.674441
vt 0.815181 0.984529
vt 0.822887 0.984382
vt 0.163768 0.985261
vt 0.997647 0.946168
vt 0.993238 0.944049
vt 0.995472 0.929296
vt 0.986624 0.780686
vt 0.667395 0.945516
vt 0.154631 0.887406
vt 0.982825 0.786850
vt 0.592084 0.916819
vt 0.872183 0.148049
vt 0.865943 0.115448
vt 0.856144 0.101064
vt 0.855169 0.069962
vt 0.863894 0.079946
vt 0.380184 0.052204
vt 0.387783 0.007315
vt 0.382303 0.001212
vt 0.802987 0.681385
vt 0.818633 0.683751
vt 0.744853 0.895994
vt 0.740931 0.903190
vt 0.735339 0.907998
vt 0.991271 0.697215
vt 0.669365 0.946884
vt 0.668974 0.923762
vt 0.760945 0.852814
vt 0.966159 0.973406
vt 0.974327 0.964646
vt 0.745375 0.883185
vt 0.766112 0.843956
vt 0.826772 0.978568
vt 0.966293 0.781027
vt 0.989964 0.777112
vt 0.584526 0.915904
vt 0.678695 0.924949
vt 0.391636 0.832172
vt 0.328417 0.633434
vt 0.326170 0.527512
vt 0.862959 0.044599
vt 0.854244 0.032732
vt 0.379918 0.023115
vt 0.708405 0.723655
vt 0.156412 0.733166
vt 0.702331 0.722669
vt 0.763828 0.849481
vt 0.968558 0.500676
vt 0.972874 0.495276
vt 0.984328 0.497387
vt 0.748479 0.878721
vt 0.968650 0.494177
vt 0.704082 0.920727
vt 0.682482 0.920993
vt 0.795191 0.970395
vt 0.800121 0.969354
vt 0.796188 0.979428
vt 0.966181 0.232585
vt 0.270236 0.978456
vt 0.274625 0.978455
vt 0.274625 0.992619
vt 0.480685 0.987454
vt 0.478073 0.991557
vt 0.478073 0.978455
vt 0.813838 0.969354
vt 0.813838 0.983616
vt 0.801464 0.976135
vt 0.802427 0.971537
vt 0.870078 0.826657
vt 0.866506 0.819047
vt 0.873572 0.819047
vt 0.762231 0.969354
vt 0.759767 0.979313
vt 0.756009 0.974245
vt 0.330675 0.635627
vt 0.510723 0.577664
vt 0.324733 0.382107
vt 0.324707 0.378644
vt 0.702820 0.833319
vt 0.701573 0.830964
vt 0.706049 0.829227
vt 0.380586 0.090422
vt 0.705717 0.804280
vt 0.870253 0.092606
vt 0.701573 0.788897
vt 0.868175 0.066277
vt 0.375392 0.005790
vt 0.853560 0.007562
vt 0.861840 0.007373
vt 0.867573 0.004442
vt 0.762575 0.859183
vt 0.743123 0.914401
vt 0.969581 0.787294
vt 0.961520 0.240595
vt 0.980087 0.377340
vt 0.162668 0.898536
vt 0.914776 0.969245
vt 0.918335 0.982048
vt 0.904726 0.963699
vt 0.625518 0.905341
vt 0.286829 0.923101
vt 0.383218 0.997311
vt 0.383218 0.978455
vt 0.385229 0.987948
vt 0.519491 0.621872
vt 0.533403 0.310518
vt 0.517026 0.300475
vt 0.882714 0.193083
vt 0.365629 0.164849
vt 0.378117 0.074999
vt 0.974683 0.331393
vt 0.974063 0.307948
vt 0.978743 0.308616
vt 0.762499 0.865379
vt 0.983976 0.503464
vt 0.740653 0.922992
vt 0.986720 0.377655
vt 0.800121 0.983315
vt 0.956557 0.972429
vt 0.991417 0.786679
vt 0.975948 0.619885
vt 0.986664 0.623707
vt 0.970899 0.623707
vt 0.982313 0.601606
vt 0.983227 0.607550
vt 0.979572 0.605427
vt 0.910966 0.961450
vt 0.525953 0.773313
vt 0.326647 0.678338
vt 0.527186 0.663987
vt 0.516727 0.632580
vt 0.520728 0.374951
vt 0.527657 0.340204
vt 0.866280 0.026878
vt 0.978743 0.279550
vt 0.974496 0.279686
vt 0.800070 0.688928
vt 0.991156 0.712105
vt 0.706215 0.914984
vt 0.786832 0.982275
vt 0.790531 0.977120
vt 0.793389 0.983283
vt 0.745476 0.933119
vt 0.730170 0.932778
vt 0.981863 0.513747
vt 0.976112 0.508553
vt 0.981863 0.504807
vt 0.882713 0.818345
vt 0.888196 0.818345
vt 0.886063 0.826657
vt 0.985038 0.927953
vt 0.985038 0.919318
vt 0.987663 0.922224
vt 0.993238 0.950886
vt 0.196905 0.981503
vt 0.201153 0.987286
vt 0.196656 0.987286
vt 0.539769 0.915946
vt 0.376461 0.981784
vt 0.373098 0.991616
vt 0.373098 0.978455
vt 0.640829 0.949285
vt 0.636987 0.943234
vt 0.046411 0.860626
vt 0.043889 0.863154
vt 0.313547 0.918114
vt 0.320150 0.668154
vt 0.521650 0.412965
vt 0.319681 0.345188
vt 0.992783 0.146220
vt 0.992783 0.175968
vt 0.982991 0.168338
vt 0.359687 0.187602
vt 0.883280 0.119850
vt 0.885633 0.116096
vt 0.378623 0.117079
vt 0.363507 0.089302
vt 0.376964 0.051572
vt 0.875462 0.039109
vt 0.974643 0.262108
vt 0.367439 0.001646
vt 0.872519 0.000672
vt 0.847396 0.791272
vt 0.718136 0.725240
vt 0.955244 0.005986
vt 0.162017 0.726937
vt 0.170174 0.889457
vt 0.168156 0.900607
vt 0.163360 0.883861
vt 0.767290 0.850065
vt 0.780462 0.840716
vt 0.747944 0.902092
vt 0.991306 0.544179
vt 0.995504 0.542782
vt 0.992998 0.556450
vt 0.141282 0.981517
vt 0.143110 0.986435
vt 0.138336 0.986435
vt 0.631941 0.909347
vt 0.315314 0.906002
vt 0.354843 0.235398
vt 0.532888 0.248270
vt 0.537024 0.230199
vt 0.549730 0.250205
vt 0.368704 0.120629
vt 0.360025 0.116682
vt 0.964263 0.000672
vt 0.969061 0.005395
vt 0.953789 0.010639
vt 0.955455 0.242207
vt 0.953993 0.235679
vt 0.975995 0.603292
vt 0.991306 0.536192
vt 0.754450 0.980572
vt 0.748030 0.974954
vt 0.978876 0.598793
vt 0.464611 0.794551
vt 0.312225 0.624621
vt 0.883092 0.074118
vt 0.154910 0.715450
vt 0.774682 0.844835
vt 0.958474 0.226008
vt 0.737169 0.942825
vt 0.641814 0.958057
vt 0.762231 0.985075
vt 0.634996 0.949257
vt 0.637571 0.941206
vt 0.552371 0.804272
vt 0.490793 0.783089
vt 0.526939 0.624322
vt 0.524882 0.498759
vt 0.341112 0.257253
vt 0.360474 0.007555
vt 0.376721 0.023302
vt 0.879374 0.004663
vt 0.779552 0.682860
vt 0.713614 0.747566
vt 0.748537 0.934021
vt 0.061064 0.848921
vt 0.538834 0.902479
vt 0.680413 0.907054
vt 0.142293 0.874533
vt 0.677611 0.916468
vt 0.143502 0.862892
vt 0.091471 0.856098
vt 0.974474 0.596623
vt 0.135733 0.865845
vt 0.586908 0.897748
vt 0.619851 0.680552
vt 0.646511 0.696979
vt 0.297804 0.918787
vt 0.530818 0.565367
vt 0.311132 0.449279
vt 0.527986 0.379345
vt 0.321197 0.303694
vt 0.349344 0.197202
vt 0.884388 0.089871
vt 0.847916 0.803140
vt 0.997166 0.268210
vt 0.999250 0.262108
vt 0.999250 0.283696
vt 0.776689 0.849002
vt 0.674559 0.911533
vt 0.000672 0.863255
vt 0.006553 0.853867
vt 0.638027 0.681787
vt 0.510938 0.773141
vt 0.473441 0.785636
vt 0.398989 0.978455
vt 0.398989 0.996402
vt 0.396931 0.980246
vt 0.961918 0.820598
vt 0.961918 0.788637
vt 0.982840 0.797041
vt 0.893611 0.208238
vt 0.358547 0.118341
vt 0.359594 0.069116
vt 0.415785 0.988907
vt 0.412713 0.978455
vt 0.416650 0.978455
vt 0.061827 0.839529
vt 0.083809 0.843219
vt 0.704419 0.899317
vt 0.967799 0.218302
vt 0.984860 0.221626
vt 0.985863 0.215970
vt 0.677498 0.905858
vt 0.682507 0.964953
vt 0.680583 0.969690
vt 0.679704 0.957468
vt 0.681987 0.974740
vt 0.906012 0.956051
vt 0.870360 0.960106
vt 0.869299 0.946142
vt 0.527130 0.675839
vt 0.522294 0.283409
vt 0.545016 0.283412
vt 0.894459 0.169838
vt 0.550200 0.074615
vt 0.547365 0.039246
vt 0.552136 0.058423
vt 0.359538 0.028862
vt 0.142243 0.711584
vt 0.669393 0.988681
vt 0.667424 0.973035
vt 0.669393 0.962891
vt 0.752539 0.925506
vt 0.169615 0.877984
vt 0.953789 0.227804
vt 0.955659 0.222240
vt 0.894952 0.820777
vt 0.889539 0.826514
vt 0.889539 0.818344
vt 0.977712 0.213046
vt 0.135050 0.853867
vt 0.905624 0.943642
vt 0.283544 0.932069
vt 0.313317 0.634954
vt 0.555613 0.231007
vt 0.344381 0.230772
vt 0.547953 0.116567
vt 0.549845 0.116541
vt 0.547132 0.120244
vt 0.547104 0.000672
vt 0.558724 0.000937
vt 0.554782 0.005269
vt 0.702517 0.754239
vt 0.780574 0.848743
vt 0.669054 0.961547
vt 0.863055 0.950692
vt 0.864478 0.936188
vt 0.528081 0.631253
vt 0.309618 0.508940
vt 0.533372 0.359798
vt 0.546989 0.208943
vt 0.357109 0.094905
vt 0.553881 0.030962
vt 0.880923 0.030341
vt 0.836763 0.802784
vt 0.051672 0.837665
vt 0.299563 0.994596
vt 0.296207 0.988333
vt 0.299563 0.978455
vt 0.993116 0.199729
vt 0.997171 0.189538
vt 0.997171 0.200925
vt 0.993285 0.177311
vt 0.248965 0.991942
vt 0.244524 0.991924
vt 0.247037 0.985881
vt 0.451910 0.980402
vt 0.448307 0.989232
vt 0.448307 0.978455
vt 0.677201 0.973622
vt 0.574722 0.823909
vt 0.299941 0.564861
vt 0.302626 0.378096
vt 0.996322 0.059250
vt 0.994391 0.056662
vt 0.997483 0.057719
vt 0.554061 0.102187
vt 0.997483 0.035698
vt 0.550273 0.090424
vt 0.719181 0.748547
vt 0.786977 0.841496
vt 0.909725 0.819760
vt 0.913968 0.820325
vt 0.909725 0.826254
vt 0.995714 0.368525
vt 0.992257 0.376705
vt 0.992257 0.357262
vt 0.996050 0.358553
vt 0.997106 0.181644
vt 0.243676 0.985775
vt 0.682456 0.890149
vt 0.676264 0.898984
vt 0.386572 0.978455
vt 0.391111 0.987619
vt 0.386572 0.988592
vt 0.673819 0.902027
vt 0.670752 0.967027
vt 0.519028 0.759199
vt 0.963960 0.687131
vt 0.972569 0.681385
vt 0.301453 0.357923
vt 0.308028 0.326452
vt 0.560668 0.117435
vt 0.555369 0.072571
vt 0.980087 0.349463
vt 0.980087 0.313675
vt 0.983468 0.323680
vt 0.983257 0.283442
vt 0.557841 0.027661
vt 0.356611 0.007746
vt 0.787326 0.851867
vt 0.796638 0.839867
vt 0.992442 0.028053
vt 0.986711 0.024941
vt 0.992442 0.020697
vt 0.987982 0.016193
vt 0.988459 0.000672
vt 0.248965 0.978455
vt 0.989712 0.404912
vt 0.986077 0.392239
vt 0.992122 0.390553
vt 0.596565 0.984529
vt 0.602135 0.987145
vt 0.597949 0.992563
vt 0.956557 0.824862
vt 0.956557 0.818267
vt 0.960396 0.819256
vt 0.993624 0.350806
vt 0.562856 0.820273
vt 0.299178 0.382487
vt 0.313103 0.287558
vt 0.552798 0.170858
vt 0.561289 0.198359
vt 0.429046 0.978455
vt 0.431792 0.989719
vt 0.429046 0.992046
vt 0.560458 0.114664
vt 0.357515 0.116114
vt 0.347842 0.108852
vt 0.980399 0.279330
vt 0.983343 0.262108
vt 0.357253 0.024734
vt 0.559493 0.007121
vt 0.345163 0.003335
vt 0.964382 0.208374
vt 0.970141 0.190723
vt 0.968940 0.211703
vt 0.461293 0.990431
vt 0.458176 0.983725
vt 0.461293 0.978455
vt 0.915394 0.823931
vt 0.502977 0.978455
vt 0.502977 0.988709
vt 0.499644 0.980438
vt 0.995869 0.312136
vt 0.998371 0.301349
vt 0.998371 0.324077
vt 0.670708 0.893965
vt 0.676093 0.979914
vt 0.671048 0.975563
vt 0.350334 0.989444
vt 0.350334 0.978455
vt 0.354593 0.983914
vt 0.908678 0.954175
vt 0.909354 0.937988
vt 0.954203 0.948946
vt 0.587897 0.885235
vt 0.627083 0.885606
vt 0.298954 0.670087
vt 0.328039 0.859361
vt 0.300451 0.634232
vt 0.537096 0.424234
vt 0.562227 0.072695
vt 0.348770 0.080021
vt 0.356395 0.059068
vt 0.348791 0.054779
vt 0.435528 0.978455
vt 0.435528 0.993354
vt 0.433135 0.982530
vt 0.777539 0.692570
vt 0.828187 0.818066
vt 0.038927 0.837340
vt 0.807709 0.828484
vt 0.315634 0.989090
vt 0.319450 0.978455
vt 0.319450 0.991941
vt 0.531338 0.990348
vt 0.528991 0.983116
vt 0.531338 0.978455
vt 0.768561 0.986592
vt 0.769594 0.976595
vt 0.772614 0.986904
vt 0.763574 0.969354
vt 0.539103 0.886251
vt 0.901992 0.930785
vt 0.869328 0.928820
vt 0.661544 0.684645
vt 0.672559 0.699152
vt 0.307821 0.880339
vt 0.544438 0.504017
vt 0.338565 0.166670
vt 0.564341 0.022751
vt 0.763989 0.943580
vt 0.997109 0.230800
vt 0.993647 0.237274
vt 0.993565 0.221152
vt 0.770865 0.992399
vt 0.763574 0.992597
vt 0.953289 0.932221
vt 0.986437 0.408925
vt 0.987962 0.752258
vt 0.984792 0.749510
vt 0.987962 0.742302
vt 0.601991 0.993736
vt 0.990266 0.382500
vt 0.602135 0.978430
vt 0.986077 0.379480
vt 0.184149 0.691132
vt 0.173482 0.687172
vt 0.184562 0.680267
vt 0.584932 0.882120
vt 0.635362 0.837020
vt 0.496482 0.759666
vt 0.492071 0.767027
vt 0.536871 0.620688
vt 0.541389 0.375380
vt 0.548889 0.322906
vt 0.565381 0.248675
vt 0.344275 0.117028
vt 0.568186 0.120491
vt 0.466598 0.978455
vt 0.468933 0.991476
vt 0.466598 0.992986
vt 0.563938 0.045078
vt 0.349534 0.023373
vt 0.567282 0.004995
vt 0.957494 0.989732
vt 0.957494 0.974749
vt 0.964273 0.985141
vt 0.759796 0.926123
vt 0.997109 0.215915
vt 0.760337 0.946234
vt 0.292211 0.988353
vt 0.294864 0.978455
vt 0.294864 0.998674
vt 0.042919 0.841428
vt 0.217964 0.930374
vt 0.218183 0.921938
vt 0.226362 0.925642
vt 0.217772 0.911533
vt 0.222635 0.905605
vt 0.176704 0.693276
vt 0.670752 0.983611
vt 0.268446 0.894633
vt 0.496998 0.743650
vt 0.293709 0.317177
vt 0.344552 0.097345
vt 0.956590 0.624977
vt 0.961936 0.601002
vt 0.959916 0.627952
vt 0.344545 0.066796
vt 0.957150 0.582930
vt 0.953789 0.517320
vt 0.962519 0.515250
vt 0.957821 0.532892
vt 0.955238 0.209459
vt 0.954904 0.192316
vt 0.979964 0.420020
vt 0.968558 0.416972
vt 0.973126 0.411401
vt 0.740587 0.947409
vt 0.757194 0.959061
vt 0.804651 0.842822
vt 0.984734 0.415951
vt 0.217226 0.954244
vt 0.225837 0.945499
vt 0.224766 0.954986
vt 0.984274 0.408517
vt 0.981570 0.390859
vt 0.217226 0.940766
vt 0.292685 0.894009
vt 0.327113 0.244950
vt 0.338156 0.206239
vt 0.962519 0.567866
vt 0.958086 0.555262
vt 0.344988 0.032921
vt 0.962380 0.534453
vt 0.965209 0.190974
vt 0.680271 0.885115
vt 0.968558 0.385874
vt 0.979133 0.379480
vt 0.311763 0.678416
vt 0.547933 0.630866
vt 0.326155 0.233013
vt 0.332837 0.120958
vt 0.340739 0.006179
vt 0.772002 0.964497
vt 0.970685 0.395064
vt 0.211454 0.684111
vt 0.183054 0.698708
vt 0.548514 0.674295
vt 0.432501 0.782001
vt 0.300877 0.623687
vt 0.556154 0.344326
vt 0.319412 0.255930
vt 0.571567 0.233233
vt 0.570913 0.117386
vt 0.562909 0.090499
vt 0.333055 0.099730
vt 0.573141 0.001814
vt 0.995510 0.213046
vt 0.042112 0.829784
vt 0.816874 0.845598
vt 0.676520 0.880815
vt 0.704368 0.879275
vt 0.209619 0.701837
vt 0.226357 0.910364
vt 0.133266 0.987781
vt 0.133266 0.981517
vt 0.136993 0.981804
vt 0.835457 0.969354
vt 0.835579 0.976341
vt 0.832887 0.973269
vt 0.571652 0.266006
vt 0.333342 0.045966
vt 0.823117 0.812056
vt 0.238866 0.944414
vt 0.473867 0.984591
vt 0.476730 0.978455
vt 0.476730 0.990888
vt 0.850061 0.976841
vt 0.855870 0.969353
vt 0.855000 0.976282
vt 0.553793 0.653337
vt 0.547218 0.379896
vt 0.566173 0.297345
vt 0.577329 0.034148
vt 0.565891 0.024116
vt 0.766625 0.694194
vt 0.770563 0.948713
vt 0.801760 0.843936
vt 0.802032 0.853231
vt 0.799621 0.849856
vt 0.979149 0.870265
vt 0.975319 0.871854
vt 0.982208 0.854909
vt 0.977973 0.858578
vt 0.988282 0.224991
vt 0.991724 0.233914
vt 0.987206 0.240246
vt 0.178443 0.696932
vt 0.989315 0.213046
vt 0.992222 0.223343
vt 0.908930 0.922199
vt 0.582862 0.834513
vt 0.267292 0.914465
vt 0.475560 0.760605
vt 0.213638 0.873264
vt 0.215883 0.895032
vt 0.213638 0.904239
vt 0.550995 0.622618
vt 0.555038 0.438714
vt 0.287643 0.483782
vt 0.282790 0.418525
vt 0.574856 0.074011
vt 0.564487 0.057428
vt 0.334361 0.001191
vt 0.712840 0.771956
vt 0.773342 0.939502
vt 0.772626 0.933610
vt 0.766834 0.932920
vt 0.992222 0.243410
vt 0.680712 0.874186
vt 0.994637 0.926064
vt 0.989685 0.921172
vt 0.994637 0.915120
vt 0.857912 0.982217
vt 0.945244 0.818885
vt 0.949230 0.818461
vt 0.949230 0.825279
vt 0.828115 0.973680
vt 0.828115 0.977023
vt 0.832678 0.980764
vt 0.954060 0.920264
vt 0.906298 0.915278
vt 0.279829 0.892828
vt 0.557357 0.633278
vt 0.550984 0.551878
vt 0.550903 0.603748
vt 0.327834 0.187931
vt 0.576560 0.183481
vt 0.143847 0.702912
vt 0.805838 0.852279
vt 0.258469 0.994270
vt 0.258528 0.978455
vt 0.262259 0.995346
vt 0.262259 0.981089
vt 0.997387 0.736808
vt 0.995326 0.727112
vt 0.998032 0.725084
vt 0.975319 0.854662
vt 0.633158 0.992686
vt 0.628164 0.989974
vt 0.633158 0.984455
vt 0.292385 0.879165
vt 0.539762 0.866352
vt 0.995326 0.713448
vt 0.993620 0.906394
vt 0.849632 0.981176
vt 0.845750 0.982217
vt 0.629423 0.978430
vt 0.532681 0.983671
vt 0.535502 0.978455
vt 0.535502 0.988755
vt 0.834482 0.990850
vt 0.504654 0.734043
vt 0.284970 0.675919
vt 0.558764 0.375446
vt 0.718072 0.774803
vt 0.953789 0.177273
vt 0.955214 0.926576
vt 0.999328 0.554563
vt 0.996847 0.556450
vt 0.996847 0.534830
vt 0.988144 0.615595
vt 0.988007 0.598596
vt 0.991918 0.607532
vt 0.182646 0.709805
vt 0.275968 0.978455
vt 0.279274 0.981097
vt 0.275968 0.996228
vt 0.585395 0.864563
vt 0.624988 0.871426
vt 0.864276 0.913032
vt 0.282980 0.623527
vt 0.284751 0.342691
vt 0.321204 0.120561
vt 0.586892 0.099572
vt 0.813498 0.847912
vt 0.808072 0.855353
vt 0.777215 0.934905
vt 0.781479 0.954154
vt 0.422266 0.980531
vt 0.417993 0.988089
vt 0.417993 0.978455
vt 0.991770 0.623707
vt 0.995823 0.275094
vt 0.992468 0.291747
vt 0.992468 0.262108
vt 0.991918 0.589033
vt 0.690923 0.986700
vt 0.690923 0.981523
vt 0.694426 0.985259
vt 0.988027 0.591585
vt 0.955214 0.826657
vt 0.950691 0.818998
vt 0.955214 0.818267
vt 0.588528 0.868557
vt 0.276620 0.381365
vt 0.278362 0.365499
vt 0.283559 0.305513
vt 0.320443 0.095051
vt 0.321900 0.066428
vt 0.778269 0.943101
vt 0.117278 0.694065
vt 0.983999 0.964469
vt 0.987634 0.958571
vt 0.991895 0.959626
vt 0.998003 0.914597
vt 0.995981 0.926064
vt 0.995981 0.900470
vt 0.779554 0.937868
vt 0.989685 0.884403
vt 0.992438 0.886225
vt 0.989900 0.905051
vt 0.983999 0.935667
vt 0.986462 0.929296
vt 0.989916 0.860418
vt 0.355936 0.978455
vt 0.361412 0.979811
vt 0.357744 0.981280
vt 0.260790 0.901595
vt 0.471354 0.747761
vt 0.565670 0.670757
vt 0.285388 0.632974
vt 0.583490 0.120812
vt 0.587638 0.117446
vt 0.324010 0.033667
vt 0.969809 0.167323
vt 0.125714 0.689913
vt 0.701573 0.781549
vt 0.133197 0.705950
vt 0.113767 0.694727
vt 0.994106 0.465088
vt 0.996518 0.474944
vt 0.994106 0.493930
vt 0.355936 0.987234
vt 0.992538 0.862558
vt 0.989775 0.673098
vt 0.987875 0.668756
vt 0.989775 0.665943
vt 0.282953 0.544920
vt 0.561346 0.487415
vt 0.570340 0.330422
vt 0.568664 0.353173
vt 0.587129 0.234324
vt 0.588123 0.039040
vt 0.325445 0.005726
vt 0.028670 0.820788
vt 0.836620 0.843012
vt 0.992538 0.903443
vt 0.870125 0.915936
vt 0.685245 0.714823
vt 0.454070 0.763017
vt 0.276237 0.564492
vt 0.278509 0.377547
vt 0.299511 0.266669
vt 0.312317 0.229384
vt 0.313085 0.179531
vt 0.587875 0.078241
vt 0.318121 0.000672
vt 0.973976 0.866753
vt 0.964586 0.874815
vt 0.964602 0.865873
vt 0.971589 0.142232
vt 0.973940 0.136996
vt 0.978088 0.144877
vt 0.705502 0.858800
vt 0.973101 0.123623
vt 0.985261 0.139570
vt 0.909246 0.905955
vt 0.969996 0.830794
vt 0.965038 0.829864
vt 0.972992 0.829671
vt 0.967456 0.836470
vt 0.706215 0.987356
vt 0.703471 0.983029
vt 0.706215 0.981523
vt 0.562664 0.675563
vt 0.310602 0.248661
vt 0.590313 0.254921
vt 0.588230 0.004991
vt 0.590641 0.000914
vt 0.752600 0.693928
vt 0.966091 0.158053
vt 0.820176 0.860422
vt 0.785336 0.940656
vt 0.032355 0.834316
vt 0.021770 0.824169
vt 0.994536 0.249667
vt 0.998183 0.239315
vt 0.998183 0.259564
vt 0.984992 0.127761
vt 0.971589 0.105297
vt 0.392454 0.978455
vt 0.395588 0.986418
vt 0.392454 0.992076
vt 0.988159 0.853320
vt 0.983930 0.851674
vt 0.985288 0.843001
vt 0.973912 0.693690
vt 0.986532 0.681385
vt 0.986532 0.712105
vt 0.272144 0.655782
vt 0.271190 0.486307
vt 0.566987 0.379337
vt 0.591562 0.120508
vt 0.749711 0.705209
vt 0.806130 0.818500
vt 0.805467 0.826657
vt 0.308509 0.978455
vt 0.310820 0.994464
vt 0.308509 0.999048
vt 0.633158 0.872844
vt 0.568455 0.630680
vt 0.565949 0.622416
vt 0.582033 0.310416
vt 0.954316 0.157388
vt 0.826563 0.852240
vt 0.790809 0.951143
vt 0.954682 0.905838
vt 0.209398 0.721121
vt 0.675449 0.861651
vt 0.956557 0.858199
vt 0.984413 0.117633
vt 0.982424 0.104967
vt 0.979679 0.845463
vt 0.177629 0.711191
vt 0.175628 0.718491
vt 0.906231 0.898521
vt 0.257182 0.863208
vt 0.303974 0.241303
vt 0.593307 0.179656
vt 0.591866 0.026928
vt 0.983450 0.750165
vt 0.973912 0.749233
vt 0.976394 0.748239
vt 0.791412 0.932936
vt 0.793052 0.940575
vt 0.956557 0.873149
vt 0.960709 0.828000
vt 0.213538 0.987892
vt 0.210760 0.981503
vt 0.214600 0.981503
vt 0.473971 0.734126
vt 0.571989 0.566234
vt 0.578275 0.519040
vt 0.267772 0.345897
vt 0.277110 0.292573
vt 0.719211 0.903841
vt 0.715785 0.899973
vt 0.719211 0.878382
vt 0.591996 0.089304
vt 0.591697 0.061542
vt 0.714006 0.868030
vt 0.714103 0.830229
vt 0.718972 0.849712
vt 0.719134 0.816885
vt 0.715037 0.790754
vt 0.718867 0.788897
vt 0.504320 0.987967
vt 0.504320 0.978455
vt 0.507937 0.984073
vt 0.985368 0.033735
vt 0.982478 0.031188
vt 0.985368 0.021421
vt 0.979631 0.000672
vt 0.976545 0.734256
vt 0.178234 0.723779
vt 0.994433 0.560091
vt 0.997391 0.557793
vt 0.997391 0.581564
vt 0.979804 0.839143
vt 0.605670 0.838865
vt 0.266108 0.626238
vt 0.591458 0.115001
vt 0.600293 0.007496
vt 0.599957 0.034500
vt 0.317566 0.006695
vt 0.713213 0.787554
vt 0.988342 0.870062
vt 0.983922 0.875093
vt 0.984052 0.860418
vt 0.983450 0.713449
vt 0.979146 0.721316
vt 0.988672 0.067123
vt 0.986439 0.070564
vt 0.986439 0.064289
vt 0.324716 0.978455
vt 0.324716 0.991380
vt 0.320793 0.985156
vt 0.975670 0.929296
vt 0.981582 0.930702
vt 0.978921 0.938412
vt 0.587425 0.847860
vt 0.590521 0.855352
vt 0.871274 0.899161
vt 0.626522 0.854376
vt 0.573807 0.633012
vt 0.269417 0.633836
vt 0.592807 0.348555
vt 0.268616 0.329760
vt 0.305092 0.213767
vt 0.602842 0.172621
vt 0.600042 0.096589
vt 0.600468 0.076231
vt 0.315097 0.070668
vt 0.321954 0.047037
vt 0.320254 0.084793
vt 0.317137 0.036253
vt 0.324613 0.007630
vt 0.991490 0.672731
vt 0.991490 0.660296
vt 0.993297 0.663819
vt 0.825495 0.860220
vt 0.107455 0.682887
vt 0.987625 0.875581
vt 0.979439 0.032302
vt 0.825147 0.867745
vt 0.818844 0.865556
vt 0.975670 0.970460
vt 0.977501 0.965319
vt 0.981966 0.966243
vt 0.991490 0.655797
vt 0.994899 0.629295
vt 0.994899 0.658953
vt 0.982431 0.956511
vt 0.242018 0.940118
vt 0.240209 0.916361
vt 0.242018 0.905605
vt 0.982656 0.944300
vt 0.595222 0.980397
vt 0.586399 0.982789
vt 0.586101 0.978430
vt 0.486508 0.717918
vt 0.269940 0.866952
vt 0.266232 0.623449
vt 0.579112 0.416142
vt 0.309252 0.117369
vt 0.318912 0.116663
vt 0.333928 0.993602
vt 0.330756 0.989699
vt 0.333928 0.978455
vt 0.708497 0.898621
vt 0.314137 0.019465
vt 0.832293 0.859367
vt 0.797932 0.935671
vt 0.800277 0.939082
vt 0.796276 0.954633
vt 0.980133 0.024610
vt 0.209245 0.734825
vt 0.539494 0.851699
vt 0.442525 0.978455
vt 0.446964 0.978938
vt 0.446906 0.984140
vt 0.174231 0.725659
vt 0.975440 0.839394
vt 0.264237 0.670750
vt 0.284101 0.853550
vt 0.578269 0.375651
vt 0.591749 0.292327
vt 0.602784 0.117683
vt 0.242332 0.941461
vt 0.242332 0.953782
vt 0.240209 0.952026
vt 0.601824 0.113025
vt 0.313735 0.097901
vt 0.799198 0.945795
vt 0.830346 0.863651
vt 0.211122 0.716029
vt 0.210945 0.735407
vt 0.972694 0.034355
vt 0.976691 0.029534
vt 0.992861 0.705429
vt 0.995498 0.693038
vt 0.995924 0.703647
vt 0.992861 0.692986
vt 0.974267 0.002684
vt 0.993147 0.677295
vt 0.995787 0.674441
vt 0.978557 0.006108
vt 0.442525 0.987495
vt 0.591499 0.984683
vt 0.988159 0.828187
vt 0.983820 0.828000
vt 0.699648 0.749729
vt 0.482831 0.729606
vt 0.266654 0.676854
vt 0.447136 0.738229
vt 0.299310 0.831986
vt 0.262586 0.516251
vt 0.133266 0.912779
vt 0.147209 0.911125
vt 0.142239 0.930593
vt 0.293406 0.254298
vt 0.609848 0.201425
vt 0.311974 0.115162
vt 0.603874 0.050110
vt 0.312119 0.047648
vt 0.974063 0.359717
vt 0.977439 0.354100
vt 0.977439 0.375354
vt 0.974963 0.332736
vt 0.604247 0.002051
vt 0.603039 0.028822
vt 0.792482 0.818700
vt 0.237028 0.804603
vt 0.238815 0.797327
vt 0.240209 0.807932
vt 0.706215 0.845870
vt 0.975319 0.834697
vt 0.250607 0.878131
vt 0.588016 0.676036
vt 0.589257 0.670396
vt 0.184711 0.241211
vt 0.168130 0.238359
vt 0.186624 0.228829
vt 0.994126 0.146220
vt 0.997784 0.150391
vt 0.994126 0.162565
vt 0.310352 0.075315
vt 0.986636 0.098434
vt 0.989801 0.098176
vt 0.988978 0.118669
vt 0.986636 0.072093
vt 0.736523 0.709584
vt 0.739323 0.702534
vt 0.796563 0.953120
vt 0.017077 0.804973
vt 0.178097 0.734664
vt 0.680739 0.851108
vt 0.586101 0.988136
vt 0.972694 0.056908
vt 0.977142 0.061267
vt 0.974259 0.067738
vt 0.176117 0.730107
vt 0.689879 0.708487
vt 0.329716 0.802801
vt 0.258956 0.582925
vt 0.584992 0.621613
vt 0.258220 0.381097
vt 0.612697 0.154992
vt 0.996767 0.167398
vt 0.308622 0.097040
vt 0.603111 0.076347
vt 0.604087 0.100702
vt 0.309736 0.005840
vt 0.839894 0.869394
vt 0.013862 0.814394
vt 0.127213 0.882695
vt 0.128216 0.897662
vt 0.119538 0.887280
vt 0.119941 0.899752
vt 0.954840 0.893282
vt 0.106083 0.904154
vt 0.099414 0.894131
vt 0.263847 0.983478
vt 0.267361 0.988244
vt 0.263602 0.990601
vt 0.095023 0.905697
vt 0.909286 0.883402
vt 0.459089 0.723069
vt 0.591789 0.482680
vt 0.291526 0.237081
vt 0.608063 0.232350
vt 0.236989 0.814865
vt 0.816974 0.936668
vt 0.129827 0.931203
vt 0.121645 0.949395
vt 0.123381 0.934533
vt 0.115375 0.938201
vt 0.102750 0.907041
vt 0.527648 0.987738
vt 0.524296 0.983066
vt 0.527648 0.978455
vt 0.906338 0.882634
vt 0.861338 0.889930
vt 0.423544 0.740608
vt 0.259048 0.445047
vt 0.170174 0.916189
vt 0.170174 0.934154
vt 0.181884 0.179164
vt 0.167897 0.171512
vt 0.170784 0.117706
vt 0.611549 0.078188
vt 0.168930 0.097491
vt 0.161111 0.085604
vt 0.168069 0.075727
vt 0.613560 0.026172
vt 0.157712 0.006775
vt 0.150696 0.001287
vt 0.169091 0.000672
vt 0.844693 0.883199
vt 0.987540 0.886198
vt 0.837201 0.862494
vt 0.791736 0.968011
vt 0.589186 0.630860
vt 0.259985 0.377222
vt 0.605560 0.251638
vt 0.178780 0.213915
vt 0.163534 0.120538
vt 0.156686 0.117527
vt 0.166048 0.048076
vt 0.164430 0.019877
vt 0.783433 0.826428
vt 0.969873 0.145398
vt 0.964602 0.140289
vt 0.807046 0.951250
vt 0.984377 0.894067
vt 0.852030 0.861637
vt 0.133707 0.881103
vt 0.115442 0.888874
vt 0.268893 0.978455
vt 0.985096 0.047892
vt 0.976123 0.053075
vt 0.263126 0.851645
vt 0.619570 0.116862
vt 0.734450 0.724590
vt 0.839421 0.884974
vt 0.097728 0.690374
vt 0.240965 0.819954
vt 0.095023 0.909649
vt 0.263602 0.979183
vt 0.870271 0.881421
vt 0.699337 0.725327
vt 0.590433 0.633316
vt 0.252750 0.359219
vt 0.614114 0.308871
vt 0.778571 0.817307
vt 0.217710 0.813461
vt 0.217226 0.795158
vt 0.229132 0.795202
vt 0.961343 0.923105
vt 0.963759 0.927953
vt 0.956557 0.926521
vt 0.983505 0.595280
vt 0.980264 0.589037
vt 0.986156 0.589542
vt 0.989502 0.851817
vt 0.989767 0.834621
vt 0.993633 0.855003
vt 0.172576 0.802484
vt 0.197464 0.796907
vt 0.200757 0.810225
vt 0.995410 0.987190
vt 0.995410 0.965812
vt 0.998208 0.971312
vt 0.203366 0.806409
vt 0.993633 0.828000
vt 0.992763 0.472014
vt 0.987238 0.467628
vt 0.990398 0.465088
vt 0.592552 0.845870
vt 0.475290 0.716788
vt 0.251925 0.672739
vt 0.270758 0.840550
vt 0.597993 0.547618
vt 0.249318 0.481430
vt 0.594107 0.379342
vt 0.604445 0.327039
vt 0.163091 0.228377
vt 0.622601 0.120795
vt 0.617973 0.002802
vt 0.127057 0.952158
vt 0.120750 0.955454
vt 0.116251 0.954280
vt 0.155171 0.981517
vt 0.155171 0.986555
vt 0.150895 0.983606
vt 0.626821 0.978430
vt 0.626821 0.982963
vt 0.622704 0.981506
vt 0.623023 0.995139
vt 0.986469 0.472366
vt 0.874915 0.826657
vt 0.874915 0.818935
vt 0.881370 0.820101
vt 0.976922 0.043474
vt 0.179663 0.745126
vt 0.173491 0.738317
vt 0.909296 0.681385
vt 0.907962 0.691015
vt 0.873359 0.681577
vt 0.256255 0.633934
vt 0.252915 0.622896
vt 0.600444 0.454974
vt 0.186719 0.254571
vt 0.151757 0.030634
vt 0.764565 0.821524
vt 0.234060 0.801979
vt 0.231787 0.814669
vt 0.825225 0.942296
vt 0.084059 0.689215
vt 0.987852 0.905185
vt 0.003925 0.795084
vt 0.844112 0.874293
vt 0.977406 0.594823
vt 0.975626 0.587861
vt 0.814459 0.963796
vt 0.927845 0.822615
vt 0.923668 0.826254
vt 0.923668 0.818445
vt 0.979046 0.583037
vt 0.172143 0.813544
vt 0.972694 0.046448
vt 0.872175 0.695541
vt 0.865011 0.866066
vt 0.390935 0.759080
vt 0.599512 0.375694
vt 0.612583 0.279506
vt 0.168650 0.255597
vt 0.619114 0.239648
vt 0.154178 0.120114
vt 0.622094 0.092572
vt 0.620621 0.051168
vt 0.152777 0.061753
vt 0.619793 0.020702
vt 0.147712 0.007693
vt 0.724917 0.722972
vt 0.954266 0.134893
vt 0.001872 0.784868
vt 0.970899 0.593620
vt 0.011726 0.788756
vt 0.018805 0.804718
vt 0.689580 0.989032
vt 0.687325 0.982921
vt 0.689580 0.981523
vt 0.965122 0.916609
vt 0.912924 0.688451
vt 0.912408 0.703380
vt 0.157639 0.162249
vt 0.956943 0.379480
vt 0.961201 0.398458
vt 0.957525 0.397426
vt 0.092667 0.680267
vt 0.237291 0.828819
vt 0.124700 0.960953
vt 0.859995 0.880207
vt 0.972627 0.569586
vt 0.685982 0.987009
vt 0.683850 0.989821
vt 0.683850 0.981523
vt 0.109291 0.865464
vt 0.956557 0.905541
vt 0.987030 0.293989
vt 0.991125 0.284321
vt 0.990916 0.300006
vt 0.954625 0.871816
vt 0.465255 0.978455
vt 0.465255 0.992063
vt 0.462636 0.983112
vt 0.210475 0.752262
vt 0.960575 0.685292
vt 0.959862 0.696027
vt 0.899573 0.983744
vt 0.893323 0.964726
vt 0.899573 0.961450
vt 0.991932 0.480274
vt 0.988646 0.478709
vt 0.603585 0.623150
vt 0.153735 0.091387
vt 0.961043 0.432713
vt 0.956582 0.427953
vt 0.147677 0.038040
vt 0.629636 0.007322
vt 0.621746 0.021787
vt 0.138530 0.010192
vt 0.137320 0.007191
vt 0.764128 0.812977
vt 0.838836 0.906149
vt 0.833460 0.893898
vt 0.821348 0.924042
vt 0.831998 0.920982
vt 0.821367 0.930143
vt 0.972014 0.921408
vt 0.990147 0.655995
vt 0.990021 0.660592
vt 0.986530 0.656706
vt 0.983435 0.458965
vt 0.968558 0.462622
vt 0.971840 0.454623
vt 0.965328 0.919239
vt 0.987235 0.278561
vt 0.284890 0.982226
vt 0.280617 0.992822
vt 0.280617 0.978455
vt 0.890833 0.980014
vt 0.993881 0.888175
vt 0.993881 0.860418
vt 0.996634 0.871375
vt 0.984792 0.713448
vt 0.993983 0.713825
vt 0.986080 0.726261
vt 0.993304 0.722516
vt 0.906665 0.871542
vt 0.460042 0.714010
vt 0.243676 0.851609
vt 0.284937 0.816062
vt 0.247088 0.635157
vt 0.599302 0.379785
vt 0.255198 0.316264
vt 0.623975 0.254554
vt 0.623295 0.173260
vt 0.149041 0.080352
vt 0.148025 0.063001
vt 0.955696 0.469438
vt 0.960158 0.468229
vt 0.630359 0.030779
vt 0.623148 0.055987
vt 0.367287 0.978455
vt 0.371755 0.980980
vt 0.367287 0.988901
vt 0.814820 0.949479
vt 0.826541 0.957468
vt 0.984778 0.457717
vt 0.987354 0.452055
vt 0.991535 0.455576
vt 0.978840 0.922508
vt 0.983695 0.923869
vt 0.978840 0.927953
vt 0.992878 0.449653
vt 0.992878 0.431095
vt 0.996116 0.437721
vt 0.201295 0.820585
vt 0.973613 0.035698
vt 0.628842 0.844527
vt 0.686178 0.803786
vt 0.444385 0.713822
vt 0.473495 0.704752
vt 0.610975 0.668554
vt 0.249344 0.625616
vt 0.609051 0.599783
vt 0.247584 0.380859
vt 0.624072 0.227477
vt 0.953789 0.493695
vt 0.958523 0.493184
vt 0.955996 0.497666
vt 0.150518 0.113523
vt 0.149081 0.098382
vt 0.141052 0.081742
vt 0.623669 0.091458
vt 0.631270 0.091250
vt 0.631981 0.000959
vt 0.847011 0.900560
vt 0.836682 0.929849
vt 0.074711 0.688172
vt 0.078859 0.680312
vt 0.980707 0.463745
vt 0.830667 0.906181
vt 0.831935 0.912494
vt 0.241568 0.846218
vt 0.981266 0.662206
vt 0.965231 0.883150
vt 0.995846 0.621199
vt 0.993261 0.600261
vt 0.995846 0.589033
vt 0.993872 0.110206
vt 0.991144 0.080852
vt 0.993869 0.085903
vt 0.987499 0.563396
vt 0.993090 0.557793
vt 0.993090 0.584405
vt 0.996864 0.328350
vt 0.997612 0.342129
vt 0.993752 0.330068
vt 0.975971 0.569275
vt 0.180905 0.755835
vt 0.985671 0.484424
vt 0.177465 0.747903
vt 0.173752 0.756591
vt 0.875142 0.705394
vt 0.611238 0.553820
vt 0.244899 0.531802
vt 0.249646 0.336154
vt 0.146254 0.132524
vt 0.141547 0.118431
vt 0.623888 0.116351
vt 0.633544 0.117950
vt 0.141294 0.098915
vt 0.139776 0.048962
vt 0.630463 0.052976
vt 0.635224 0.004423
vt 0.970246 0.127047
vt 0.965664 0.122184
vt 0.237540 0.846250
vt 0.842256 0.915668
vt 0.009800 0.781330
vt 0.984622 0.912437
vt 0.986215 0.654634
vt 0.993752 0.344965
vt 0.095023 0.942339
vt 0.877111 0.861714
vt 0.431127 0.716535
vt 0.243676 0.376437
vt 0.149439 0.194250
vt 0.961201 0.513907
vt 0.635464 0.037931
vt 0.634414 0.025171
vt 0.963962 0.406938
vt 0.967163 0.387900
vt 0.966993 0.426697
vt 0.965856 0.384870
vt 0.963983 0.385704
vt 0.136262 0.001777
vt 0.985194 0.629295
vt 0.981266 0.630081
vt 0.199212 0.827367
vt 0.882995 0.974935
vt 0.992763 0.496600
vt 0.988830 0.488893
vt 0.992357 0.729409
vt 0.417159 0.719491
vt 0.606720 0.633052
vt 0.243676 0.631581
vt 0.243689 0.582840
vt 0.142297 0.954025
vt 0.635403 0.236232
vt 0.142078 0.229473
vt 0.633632 0.221804
vt 0.631556 0.174898
vt 0.631192 0.136892
vt 0.967215 0.459502
vt 0.963088 0.459186
vt 0.963691 0.428991
vt 0.962545 0.379480
vt 0.988342 0.917832
vt 0.955023 0.862343
vt 0.953359 0.861874
vt 0.849670 0.900383
vt 0.832076 0.937482
vt 0.182843 0.965785
vt 0.178866 0.962089
vt 0.187890 0.959685
vt 0.976172 0.083485
vt 0.985293 0.103624
vt 0.972694 0.098309
vt 0.174083 0.763523
vt 0.906811 0.860292
vt 0.616307 0.630984
vt 0.620310 0.378913
vt 0.636779 0.100587
vt 0.966565 0.476684
vt 0.636354 0.074218
vt 0.133906 0.034558
vt 0.135904 0.008057
vt 0.137533 0.029230
vt 0.230866 0.827371
vt 0.240418 0.882733
vt 0.237238 0.875200
vt 0.240951 0.873672
vt 0.067403 0.691630
vt 0.174186 0.829055
vt 0.996787 0.788637
vt 0.996787 0.814569
vt 0.993350 0.792536
vt 0.210786 0.759741
vt 0.960321 0.707448
vt 0.970899 0.557793
vt 0.181853 0.770421
vt 0.205288 0.826071
vt 0.988520 0.732364
vt 0.458757 0.700533
vt 0.615424 0.675676
vt 0.138790 0.169810
vt 0.639610 0.117361
vt 0.963396 0.497558
vt 0.966159 0.496202
vt 0.138500 0.051252
vt 0.139239 0.081427
vt 0.136582 0.062647
vt 0.126851 0.008121
vt 0.123170 0.002084
vt 0.642491 0.000867
vt 0.720564 0.735948
vt 0.953789 0.123130
vt 0.218080 0.831863
vt 0.236989 0.861195
vt 0.097935 0.953476
vt 0.991125 0.262600
vt 0.202069 0.834672
vt 0.981845 0.076021
vt 0.985269 0.735671
vt 0.254858 0.836959
vt 0.242333 0.622264
vt 0.224614 0.623204
vt 0.233003 0.583065
vt 0.613629 0.505763
vt 0.618886 0.355223
vt 0.638312 0.287568
vt 0.147897 0.240873
vt 0.962545 0.474511
vt 0.120451 0.006830
vt 0.727239 0.752624
vt 0.720554 0.752556
vt 0.729740 0.739350
vt 0.752954 0.806055
vt 0.844719 0.943121
vt 0.997162 0.000672
vt 0.997162 0.024984
vt 0.993785 0.004560
vt 0.987854 0.429978
vt 0.997222 0.349463
vt 0.210747 0.779610
vt 0.989916 0.062946
vt 0.986439 0.059929
vt 0.993048 0.037764
vt 0.205526 0.989053
vt 0.202496 0.985670
vt 0.205526 0.981503
vt 0.866506 0.719151
vt 0.666024 0.825812
vt 0.625711 0.297950
vt 0.642497 0.242276
vt 0.642081 0.174514
vt 0.139748 0.119819
vt 0.640640 0.119957
vt 0.967097 0.510495
vt 0.650348 0.094484
vt 0.121851 0.063014
vt 0.647139 0.032191
vt 0.839884 0.928164
vt 0.201415 0.836528
vt 0.990782 0.736189
vt 0.912345 0.718036
vt 0.237066 0.625404
vt 0.616105 0.443623
vt 0.236316 0.380688
vt 0.223926 0.380354
vt 0.228756 0.376814
vt 0.625980 0.375573
vt 0.236348 0.358815
vt 0.221805 0.358322
vt 0.224712 0.336460
vt 0.163108 0.956276
vt 0.644426 0.227494
vt 0.122970 0.117530
vt 0.137523 0.096842
vt 0.648936 0.066127
vt 0.645561 0.004665
vt 0.117637 0.026634
vt 0.117037 0.008530
vt 0.218308 0.697827
vt 0.212797 0.680267
vt 0.221257 0.681712
vt 0.741080 0.806804
vt 0.000672 0.769894
vt 0.835724 0.952114
vt 0.859995 0.916127
vt 0.174411 0.841658
vt 0.984778 0.432873
vt 0.957025 0.876158
vt 0.097675 0.853867
vt 0.095023 0.863409
vt 0.968558 0.428121
vt 0.980603 0.431307
vt 0.173141 0.963998
vt 0.175288 0.954858
vt 0.908949 0.852402
vt 0.986439 0.035698
vt 0.985293 0.072093
vt 0.984792 0.740959
vt 0.176821 0.970321
vt 0.391171 0.727161
vt 0.234176 0.531900
vt 0.220558 0.480471
vt 0.238456 0.481107
vt 0.223981 0.415862
vt 0.216665 0.292071
vt 0.217517 0.316682
vt 0.202673 0.289073
vt 0.151024 0.255729
vt 0.121614 0.082998
vt 0.214923 0.707811
vt 0.219776 0.711277
vt 0.223232 0.743097
vt 0.120307 0.030782
vt 0.109738 0.035525
vt 0.109161 0.008323
vt 0.224439 0.696024
vt 0.484440 0.983954
vt 0.482029 0.992309
vt 0.482029 0.978455
vt 0.073570 0.005491
vt 0.068224 0.001530
vt 0.082117 0.001643
vt 0.740086 0.792937
vt 0.229710 0.845458
vt 0.172068 0.820980
vt 0.993209 0.811347
vt 0.177563 0.782766
vt 0.192003 0.975966
vt 0.177348 0.985124
vt 0.182462 0.976414
vt 0.994496 0.421363
vt 0.874820 0.726813
vt 0.652706 0.837212
vt 0.248848 0.821704
vt 0.232084 0.672678
vt 0.217413 0.670609
vt 0.231736 0.635312
vt 0.621532 0.633273
vt 0.218386 0.544085
vt 0.648746 0.256488
vt 0.127522 0.121350
vt 0.118065 0.076585
vt 0.117320 0.056240
vt 0.109615 0.070443
vt 0.227039 0.717733
vt 0.229868 0.744309
vt 0.217980 0.741701
vt 0.105990 0.036490
vt 0.105885 0.008752
vt 0.968471 0.278569
vt 0.972625 0.262108
vt 0.972720 0.278748
vt 0.967265 0.263899
vt 0.106421 0.001906
vt 0.084511 0.006254
vt 0.053620 0.687332
vt 0.008324 0.759705
vt 0.172846 0.849449
vt 0.958748 0.725029
vt 0.203172 0.843822
vt 0.173594 0.977942
vt 0.993872 0.072093
vt 0.975243 0.560950
vt 0.177093 0.775434
vt 0.172068 0.971271
vt 0.742663 0.989602
vt 0.739926 0.983112
vt 0.746687 0.983944
vt 0.906042 0.848219
vt 0.870643 0.840788
vt 0.991773 0.199630
vt 0.982992 0.209906
vt 0.982992 0.177311
vt 0.366741 0.737344
vt 0.470276 0.978455
vt 0.472524 0.987840
vt 0.470276 0.993360
vt 0.230689 0.631937
vt 0.221302 0.625975
vt 0.130004 0.198244
vt 0.118884 0.113415
vt 0.110072 0.095897
vt 0.232244 0.768115
vt 0.226061 0.770776
vt 0.967986 0.327147
vt 0.968319 0.300434
vt 0.972541 0.300185
vt 0.096882 0.002983
vt 0.729482 0.769257
vt 0.234684 0.843881
vt 0.955018 0.114206
vt 0.059914 0.683732
vt 0.172068 0.781247
vt 0.325882 0.774396
vt 0.346945 0.750892
vt 0.627449 0.595586
vt 0.210500 0.335460
vt 0.638867 0.337567
vt 0.197545 0.315986
vt 0.180846 0.281332
vt 0.161429 0.282385
vt 0.653671 0.204522
vt 0.655888 0.159345
vt 0.651605 0.116992
vt 0.229630 0.787333
vt 0.234684 0.789171
vt 0.224715 0.792186
vt 0.119882 0.119724
vt 0.220129 0.770074
vt 0.109387 0.116784
vt 0.972291 0.332536
vt 0.105614 0.064490
vt 0.094541 0.030904
vt 0.083063 0.044299
vt 0.084046 0.022877
vt 0.969021 0.104967
vt 0.047960 0.698953
vt 0.955214 0.849519
vt 0.172068 0.984309
vt 0.740916 0.973585
vt 0.736668 0.969354
vt 0.746687 0.971117
vt 0.863540 0.845156
vt 0.866699 0.744985
vt 0.241533 0.886681
vt 0.242241 0.904262
vt 0.236027 0.904262
vt 0.218967 0.677730
vt 0.134533 0.246010
vt 0.134220 0.232613
vt 0.107439 0.119722
vt 0.490413 0.980287
vt 0.492989 0.978455
vt 0.492989 0.991609
vt 0.212797 0.793815
vt 0.106241 0.087210
vt 0.967265 0.351038
vt 0.972121 0.358732
vt 0.081369 0.076625
vt 0.091207 0.075119
vt 0.728258 0.791695
vt 0.733295 0.778603
vt 0.217226 0.895105
vt 0.223234 0.888427
vt 0.218078 0.904262
vt 0.230938 0.863806
vt 0.217999 0.867785
vt 0.952999 0.840786
vt 0.179016 0.789358
vt 0.993924 0.534819
vt 0.991306 0.505241
vt 0.993924 0.498868
vt 0.203434 0.856865
vt 0.205448 0.850542
vt 0.734888 0.976087
vt 0.962388 0.877997
vt 0.304743 0.990667
vt 0.307166 0.978455
vt 0.307166 0.998455
vt 0.456833 0.978455
vt 0.456833 0.989201
vt 0.453253 0.985895
vt 0.912356 0.730344
vt 0.433181 0.699757
vt 0.262912 0.818820
vt 0.216341 0.634205
vt 0.627616 0.623317
vt 0.652770 0.277658
vt 0.116355 0.187364
vt 0.106149 0.118382
vt 0.967403 0.372244
vt 0.720554 0.772448
vt 0.232512 0.899338
vt 0.000672 0.751064
vt 0.211454 0.795564
vt 0.518118 0.978455
vt 0.518118 0.987430
vt 0.514328 0.983780
vt 0.986134 0.421363
vt 0.980057 0.679655
vt 0.978902 0.673301
vt 0.983758 0.678802
vt 0.979641 0.421363
vt 0.984811 0.262108
vt 0.275820 0.802238
vt 0.305895 0.775539
vt 0.214910 0.632289
vt 0.633033 0.536933
vt 0.628561 0.497459
vt 0.626791 0.417984
vt 0.214030 0.377484
vt 0.643536 0.360966
vt 0.206121 0.358924
vt 0.068094 0.160408
vt 0.078521 0.119211
vt 0.085157 0.145095
vt 0.068371 0.117923
vt 0.970379 0.375106
vt 0.080500 0.102804
vt 0.012854 0.739377
vt 0.908235 0.839248
vt 0.173935 0.865446
vt 0.206725 0.864866
vt 0.402695 0.994273
vt 0.400332 0.980168
vt 0.402695 0.978455
vt 0.329413 0.993014
vt 0.326059 0.987755
vt 0.329413 0.978455
vt 0.494332 0.983027
vt 0.498301 0.978455
vt 0.498301 0.987577
vt 0.974948 0.679341
vt 0.211986 0.862304
vt 0.929188 0.819490
vt 0.934225 0.818445
vt 0.934225 0.824860
vt 0.254321 0.984256
vt 0.251420 0.982105
vt 0.256212 0.978455
vt 0.716054 0.990328
vt 0.713622 0.985704
vt 0.716054 0.979920
vt 0.699648 0.776405
vt 0.642545 0.670490
vt 0.215650 0.854905
vt 0.213648 0.858077
vt 0.215883 0.836902
vt 0.639196 0.312513
vt 0.178850 0.306663
vt 0.662111 0.232893
vt 0.101988 0.161792
vt 0.092249 0.120846
vt 0.092164 0.118124
vt 0.231335 0.883487
vt 0.960575 0.732244
vt 0.958924 0.745008
vt 0.954632 0.834275
vt 0.203972 0.905503
vt 0.172068 0.900465
vt 0.205401 0.895451
vt 0.202740 0.884090
vt 0.200063 0.870835
vt 0.250308 0.988642
vt 0.257126 0.988642
vt 0.983758 0.669202
vt 0.209318 0.898846
vt 0.902979 0.819328
vt 0.908382 0.822904
vt 0.902979 0.826254
vt 0.905488 0.836595
vt 0.868288 0.828000
vt 0.417539 0.703851
vt 0.639038 0.576021
vt 0.132676 0.258949
vt 0.118600 0.233911
vt 0.073018 0.181377
vt 0.034785 0.708038
vt 0.021084 0.709255
vt 0.173083 0.884019
vt 0.205543 0.878425
vt 0.206528 0.883826
vt 0.988442 0.410766
vt 0.988442 0.420020
vt 0.986077 0.416001
vt 0.286233 0.991548
vt 0.286233 0.978455
vt 0.290868 0.986286
vt 0.441182 0.978455
vt 0.441182 0.987792
vt 0.436871 0.982645
vt 0.208389 0.876527
vt 0.914317 0.744711
vt 0.911566 0.745799
vt 0.060418 0.205399
vt 0.099313 0.230363
vt 0.086770 0.184896
vt 0.027969 0.701847
vt 0.202741 0.674140
vt 0.214051 0.448065
vt 0.208073 0.415970
vt 0.303400 0.987219
vt 0.300906 0.998089
vt 0.300906 0.978455
vt 0.665109 0.254420
vt 0.065431 0.234117
vt 0.021977 0.722726
vt 0.012040 0.721324
vt 0.041304 0.691914
vt 0.908691 0.829472
vt 0.872946 0.744217
vt 0.672624 0.829868
vt 0.438803 0.687483
vt 0.211937 0.623584
vt 0.642881 0.486580
vt 0.640427 0.379072
vt 0.193565 0.343435
vt 0.052448 0.255624
vt 0.064176 0.255384
vt 0.118744 0.249190
vt 0.082310 0.232869
vt 0.005283 0.733591
vt 0.912664 0.806609
vt 0.908996 0.813265
vt 0.910058 0.802762
vt 0.911550 0.816377
vt 0.873895 0.816874
vt 0.691072 0.810685
vt 0.243676 0.803532
vt 0.634175 0.632658
vt 0.646828 0.428929
vt 0.204057 0.377730
vt 0.958251 0.811939
vt 0.958450 0.798270
vt 0.872422 0.803443
vt 0.875012 0.759000
vt 0.260761 0.803690
vt 0.422000 0.686835
vt 0.075716 0.251172
vt 0.914183 0.760085
vt 0.913616 0.796166
vt 0.871376 0.780278
vt 0.661672 0.675558
vt 0.385490 0.710613
vt 0.649739 0.622352
vt 0.185516 0.322920
vt 0.662485 0.303502
vt 0.094624 0.241881
vt 0.960058 0.761615
vt 0.910254 0.769769
vt 0.913246 0.785216
vt 0.909993 0.789735
vt 0.892780 0.788787
vt 0.398639 0.704278
vt 0.269696 0.793401
vt 0.295707 0.771770
vt 0.650704 0.633137
vt 0.651371 0.630903
vt 0.650722 0.530867
vt 0.104102 0.253061
vt 0.891544 0.769618
vt 0.421013 0.698249
vt 0.364026 0.724179
vt 0.202474 0.634844
vt 0.194281 0.625279
vt 0.208059 0.541286
vt 0.197262 0.506383
vt 0.204172 0.381149
vt 0.084480 0.257160
vt 0.959843 0.785760
vt 0.960256 0.771479
vt 0.908770 0.789361
vt 0.864109 0.961450
vt 0.865619 0.963709
vt 0.861338 0.964591
vt 0.880747 0.965203
vt 0.649636 0.979953
vt 0.650597 0.965230
vt 0.653036 0.981607
vt 0.881463 0.961450
vt 0.653036 0.962891
vt 0.705935 0.960330
vt 0.685855 0.957843
vt 0.706215 0.957468
vt 0.215883 0.871921
vt 0.137615 0.289686
vt 0.172068 0.934424
vt 0.197207 0.939060
vt 0.175819 0.953263
vt 0.188544 0.918773
vt 0.115460 0.263150
vt 0.239984 0.977909
vt 0.236098 0.957905
vt 0.239984 0.957487
vt 0.692141 0.966922
vt 0.194258 0.633176
vt 0.241345 0.963908
vt 0.241345 0.955125
vt 0.242332 0.957621
vt 0.659152 0.592078
vt 0.197794 0.606111
vt 0.656693 0.376212
vt 0.231998 0.968042
vt 0.194891 0.459164
vt 0.657609 0.379176
vt 0.662940 0.325570
vt 0.637783 0.979376
vt 0.867303 0.978498
vt 0.268240 0.778969
vt 0.345916 0.734358
vt 0.320339 0.751037
vt 0.223567 0.981770
vt 0.684955 0.962045
vt 0.661888 0.669777
vt 0.284334 0.776135
vt 0.186762 0.672826
vt 0.090640 0.277946
vt 0.634501 0.965373
vt 0.576278 0.992548
vt 0.569411 0.979561
vt 0.576278 0.978430
vt 0.700548 0.969520
vt 0.192317 0.635344
vt 0.658050 0.486091
vt 0.193409 0.415883
vt 0.223679 0.965153
vt 0.569122 0.992096
vt 0.706215 0.978337
vt 0.392443 0.690534
vt 0.377502 0.699007
vt 0.195313 0.993319
vt 0.193346 0.992163
vt 0.195313 0.981503
vt 0.176608 0.625731
vt 0.183553 0.569351
vt 0.189202 0.381623
vt 0.155047 0.307301
vt 0.223865 0.956329
vt 0.549365 0.992557
vt 0.553756 0.978430
vt 0.558148 0.992557
vt 0.557901 0.979508
vt 0.881652 0.977001
vt 0.965514 0.667509
vt 0.973605 0.667509
vt 0.970588 0.679655
vt 0.683850 0.974950
vt 0.257778 0.786996
vt 0.984183 0.788637
vt 0.991866 0.802759
vt 0.984183 0.821544
vt 0.649146 0.624625
vt 0.671534 0.624600
vt 0.668890 0.453915
vt 0.187930 0.378441
vt 0.182423 0.353473
vt 0.670637 0.345517
vt 0.166718 0.326270
vt 0.674075 0.278449
vt 0.678516 0.295983
vt 0.987206 0.259564
vt 0.987206 0.244753
vt 0.993193 0.254756
vt 0.577621 0.992466
vt 0.584758 0.978430
vt 0.584758 0.991182
vt 0.578207 0.979458
vt 0.693491 0.975334
vt 0.186734 0.678924
vt 0.352591 0.720357
vt 0.996995 0.858243
vt 0.994976 0.858650
vt 0.994976 0.828000
vt 0.197621 0.906846
vt 0.214228 0.927239
vt 0.066106 0.284316
vt 0.217226 0.966958
vt 0.226789 0.973675
vt 0.337573 0.727259
vt 0.182046 0.603225
vt 0.174048 0.506836
vt 0.675090 0.360731
vt 0.681210 0.316532
vt 0.044299 0.285513
vt 0.710808 0.989063
vt 0.707641 0.983270
vt 0.710808 0.979921
vt 0.281824 0.762300
vt 0.316579 0.739893
vt 0.671457 0.379088
vt 0.689688 0.980180
vt 0.365198 0.704851
vt 0.298006 0.752331
vt 0.171494 0.635625
vt 0.140703 0.313501
vt 0.128540 0.962296
vt 0.128714 0.974376
vt 0.114737 0.965747
vt 0.881375 0.983904
vt 0.170187 0.633440
vt 0.678144 0.621475
vt 0.677777 0.535086
vt 0.201430 0.953515
vt 0.127854 0.986767
vt 0.114737 0.981860
vt 0.391661 0.681554
vt 0.176605 0.381909
vt 0.165118 0.359227
vt 0.115940 0.301450
vt 0.348801 0.703182
vt 0.158595 0.678002
vt 0.720554 0.969354
vt 0.733545 0.969354
vt 0.720965 0.988654
vt 0.296387 0.742333
vt 0.677917 0.633002
vt 0.676078 0.630777
vt 0.682102 0.582755
vt 0.681596 0.459300
vt 0.170550 0.455250
vt 0.678332 0.375752
vt 0.152324 0.336984
vt 0.691368 0.305544
vt 0.165631 0.378636
vt 0.258222 0.763918
vt 0.160320 0.670462
vt 0.685047 0.670060
vt 0.214228 0.950972
vt 0.160788 0.590991
vt 0.681906 0.415877
vt 0.163593 0.406061
vt 0.684078 0.341955
vt 0.045315 0.300591
vt 0.362392 0.691273
vt 0.343472 0.700046
vt 0.275274 0.751877
vt 0.343217 0.712286
vt 0.654379 0.962891
vt 0.666081 0.971170
vt 0.654379 0.988160
vt 0.319756 0.723832
vt 0.692052 0.630763
vt 0.703400 0.322629
vt 0.081130 0.313003
vt 0.695800 0.676191
vt 0.686652 0.378934
vt 0.142082 0.360007
vt 0.689903 0.359783
vt 0.021198 0.307419
vt 0.153282 0.635923
vt 0.691653 0.624601
vt 0.156833 0.522680
vt 0.153759 0.382511
vt 0.697865 0.337470
vt 0.348991 0.997406
vt 0.346868 0.980365
vt 0.348991 0.978455
vt 0.162999 0.625780
vt 0.696709 0.499299
vt 0.698121 0.551056
vt 0.696785 0.379178
vt 0.114399 0.323490
vt 0.296125 0.728029
vt 0.314254 0.720566
vt 0.135098 0.674267
vt 0.999262 0.775582
vt 0.997069 0.759710
vt 0.999262 0.753839
vt 0.701633 0.622075
vt 0.148615 0.619935
vt 0.694584 0.448527
vt 0.994304 0.144877
vt 0.994304 0.117973
vt 0.996926 0.136514
vt 0.700040 0.375587
vt 0.144482 0.378557
vt 0.125494 0.342158
vt 0.019736 0.324936
vt 0.058261 0.311402
vt 0.695498 0.633083
vt 0.140221 0.633843
vt 0.146557 0.448756
vt 0.706337 0.357204
vt 0.367272 0.680551
vt 0.706943 0.669430
vt 0.146750 0.550110
vt 0.135005 0.627688
vt 0.708339 0.456334
vt 0.129435 0.365209
vt 0.341517 0.687748
vt 0.273326 0.737459
vt 0.341122 0.997129
vt 0.338831 0.992012
vt 0.341122 0.978455
vt 0.128489 0.496633
vt 0.136608 0.405393
vt 0.008246 0.359492
vt 0.006715 0.339436
vt 0.020067 0.353916
vt 0.037967 0.328233
vt 0.312051 0.712446
vt 0.008930 0.677870
vt 0.014321 0.671586
vt 0.030078 0.677371
vt 0.134855 0.636045
vt 0.131441 0.625859
vt 0.317813 0.700031
vt 0.119222 0.670037
vt 0.120994 0.636385
vt 0.707517 0.632681
vt 0.709847 0.624216
vt 0.129644 0.548205
vt 0.711019 0.379421
vt 0.127034 0.382848
vt 0.108424 0.676883
vt 0.717807 0.630358
vt 0.719211 0.621703
vt 0.716391 0.518176
vt 0.119054 0.379567
vt 0.087270 0.332675
vt 0.036207 0.671682
vt 0.124277 0.453031
vt 0.000738 0.377554
vt 0.016910 0.377951
vt 0.037496 0.343810
vt 0.101944 0.354725
vt 0.058232 0.330816
vt 0.292906 0.717121
vt 0.010837 0.634851
vt 0.025005 0.635273
vt 0.118845 0.634349
vt 0.716482 0.576895
vt 0.008261 0.381872
vt 0.337488 0.997701
vt 0.335272 0.984598
vt 0.337488 0.978455
vt 0.018368 0.624395
vt 0.000672 0.623935
vt 0.015310 0.579485
vt 0.018882 0.448476
vt 0.005840 0.458608
vt 0.082469 0.678924
vt 0.092623 0.673461
vt 0.109106 0.597181
vt 0.109486 0.407613
vt 0.016859 0.381741
vt 0.108615 0.636421
vt 0.107844 0.625744
vt 0.037923 0.631871
vt 0.010031 0.626473
vt 0.014681 0.520797
vt 0.027750 0.574769
vt 0.103741 0.469721
vt 0.032921 0.417670
vt 0.032635 0.378063
vt 0.054088 0.678023
vt 0.092462 0.636176
vt 0.042007 0.636157
vt 0.018924 0.632996
vt 0.098231 0.627905
vt 0.103236 0.541956
vt 0.029156 0.507088
vt 0.029560 0.382015
vt 0.099668 0.378997
vt 0.062898 0.671811
vt 0.051255 0.639074
vt 0.094940 0.633927
vt 0.036541 0.484670
vt 0.098753 0.382581
vt 0.049489 0.370400
vt 0.060700 0.353636
vt 0.075843 0.636258
vt 0.040760 0.625339
vt 0.091056 0.420208
vt 0.082450 0.365742
vt 0.058163 0.379465
vt 0.062930 0.636231
vt 0.076566 0.633815
vt 0.058017 0.633797
vt 0.084657 0.625231
vt 0.084731 0.567741
vt 0.046236 0.580197
vt 0.084575 0.490128
vt 0.046565 0.382729
vt 0.081154 0.379280
vt 0.059799 0.625714
vt 0.058740 0.526489
vt 0.074904 0.453156
vt 0.066585 0.415094
vt 0.081512 0.383467
vt 0.060834 0.382880
vt 0.066894 0.589271
vt 0.069562 0.493297
vt 0.052186 0.469545
s 1
usemtl Material
f 1/1/1 2/2/2 3/3/3
f 3/3/3 2/2/2 4/4/4
f 3/3/3 4/4/4 5/5/5
f 5/5/5 4/4/4 6/6/6
f 2/2/2 7/7/7 4/4/4
f 4/4/4 7/7/7 6/6/6
f 6/6/6 8/8/8 5/5/5
f 6/6/6 7/7/7 9/9/9
f 9/9/9 8/8/8 6/6/6
f 10/10/10 7/7/7 11/11/11
f 7/7/7 10/10/10 9/9/9
f 9/9/9 12/12/12 8/8/8
f 8/8/8 12/12/12 13/13/13
f 10/10/10 14/14/14 9/9/9
f 9/9/9 14/14/14 15/15/15
f 9/9/9 15/15/15 12/12/12
f 14/14/14 16/16/16 15/15/15
f 12/12/12 17/17/17 18/18/18
f 15/15/15 17/17/17 12/12/12
f 17/17/17 15/15/15 19/19/19
f 17/17/17 19/19/19 18/18/18
f 15/15/15 20/20/20 19/19/19
f 15/15/15 16/16/16 20/20/20
f 19/19/19 21/21/21 18/18/18
f 16/16/16 22/22/22 20/20/20
f 22/22/22 23/23/23 20/20/20
f 3/24/3 24/25/24 1/26/1
f 3/24/3 25/27/25 24/25/24
f 3/3/3 26/28/26 25/29/25
f 26/28/26 3/3/3 5/5/5
f 26/28/26 5/5/5 27/30/27
f 1/1/1 28/31/28 2/2/2
f 7/7/7 2/2/2 11/11/11
f 10/10/10 11/11/11 29/32/29
f 29/32/29 14/14/14 10/10/10
f 12/12/12 30/33/30 13/13/13
f 12/12/12 18/18/18 30/33/30
f 14/14/14 31/34/31 16/16/16
f 16/16/16 31/34/31 32/35/32
f 32/35/32 22/22/22 16/16/16
f 22/22/22 33/36/33 23/23/23
f 20/20/20 23/23/23 19/19/19
f 33/36/33 34/37/34 23/23/23
f 23/23/23 34/37/34 35/38/35
f 36/39/36 24/40/24 37/41/37
f 24/40/24 25/29/25 38/42/38
f 1/1/1 24/40/24 36/39/36
f 26/28/26 27/30/27 39/43/39
f 2/2/2 28/31/28 11/11/11
f 5/5/5 8/8/8 40/44/40
f 13/13/13 40/44/40 8/8/8
f 11/11/11 41/45/41 29/32/29
f 42/46/42 14/14/14 29/32/29
f 42/46/42 31/34/31 14/14/14
f 21/21/21 30/33/30 18/18/18
f 19/19/19 43/47/43 21/21/21
f 44/48/44 33/36/33 32/35/32
f 32/35/32 33/36/33 22/22/22
f 23/23/23 45/49/45 19/19/19
f 33/36/33 44/48/44 34/37/34
f 46/50/46 35/38/35 34/37/34
f 34/37/34 47/51/47 46/50/46
f 24/40/24 38/42/38 37/41/37
f 38/42/38 25/29/25 48/52/48
f 1/53/1 36/54/36 49/55/49
f 39/43/39 25/29/25 26/28/26
f 1/1/1 49/56/49 28/31/28
f 27/30/27 5/5/5 40/44/40
f 41/45/41 11/11/11 28/31/28
f 13/13/13 50/57/50 40/44/40
f 30/33/30 50/57/50 13/13/13
f 43/47/43 51/58/51 21/21/21
f 19/19/19 45/49/45 43/47/43
f 23/23/23 35/38/35 45/49/45
f 44/48/44 52/59/52 34/37/34
f 52/59/52 47/51/47 34/37/34
f 36/39/36 37/41/37 53/60/53
f 37/41/37 38/42/38 54/61/54
f 53/60/53 49/56/49 36/39/36
f 39/43/39 48/52/48 25/29/25
f 49/62/49 55/63/55 28/64/28
f 50/57/50 56/65/56 40/44/40
f 30/33/30 57/66/57 50/57/50
f 30/33/30 21/21/21 57/66/57
f 58/67/58 32/35/32 31/34/31
f 43/47/43 59/68/59 51/58/51
f 43/47/43 45/49/45 59/68/59
f 35/38/35 60/69/60 45/49/45
f 35/38/35 46/50/46 60/69/60
f 53/60/53 37/41/37 61/70/61
f 62/71/62 49/56/49 53/60/53
f 38/42/38 48/52/48 63/72/63
f 48/52/48 39/43/39 63/72/63
f 49/56/49 62/71/62 55/73/55
f 63/72/63 39/43/39 64/74/64
f 27/30/27 64/74/64 39/43/39
f 27/30/27 40/44/40 64/74/64
f 41/45/41 28/31/28 55/73/55
f 41/75/41 65/76/65 29/77/29
f 42/78/42 66/79/66 31/80/31
f 66/81/66 67/82/67 31/34/31
f 21/21/21 51/58/51 57/66/57
f 67/82/67 58/67/58 31/34/31
f 44/48/44 32/35/32 58/67/58
f 45/49/45 60/69/60 59/68/59
f 46/50/46 68/83/68 60/69/60
f 46/50/46 69/84/69 68/83/68
f 69/84/69 46/50/46 47/51/47
f 70/85/70 61/86/61 37/87/37
f 54/61/54 38/42/38 71/88/71
f 38/42/38 63/72/63 71/88/71
f 72/89/72 55/90/55 62/91/62
f 64/74/64 40/44/40 56/65/56
f 65/92/65 42/46/42 29/32/29
f 58/67/58 73/93/73 44/48/44
f 73/93/73 74/94/74 44/48/44
f 74/94/74 52/59/52 44/48/44
f 70/85/70 37/87/37 54/95/54
f 75/96/75 53/97/53 61/86/61
f 54/61/54 71/88/71 76/98/76
f 75/99/75 62/71/62 53/60/53
f 71/88/71 63/72/63 77/100/77
f 78/101/78 41/75/41 55/90/55
f 50/57/50 79/102/79 56/65/56
f 57/66/57 79/102/79 50/57/50
f 80/103/80 69/84/69 47/51/47
f 63/72/63 64/74/64 81/104/81
f 55/90/55 82/105/82 78/101/78
f 78/101/78 83/106/83 41/75/41
f 51/58/51 59/68/59 84/107/84
f 74/108/74 85/109/85 52/110/52
f 52/59/52 86/111/86 47/51/47
f 70/85/70 87/112/87 61/86/61
f 54/95/54 76/113/76 70/85/70
f 88/114/88 76/98/76 71/88/71
f 81/104/81 77/100/77 63/72/63
f 72/89/72 82/105/82 55/90/55
f 89/115/89 78/101/78 82/105/82
f 56/65/56 90/116/90 64/74/64
f 83/106/83 65/76/65 41/75/41
f 65/76/65 66/79/66 42/78/42
f 51/58/51 91/117/91 57/66/57
f 91/117/91 51/58/51 84/107/84
f 92/118/92 62/91/62 75/119/75
f 71/88/71 77/100/77 88/114/88
f 72/89/72 62/91/62 92/118/92
f 93/120/93 82/105/82 72/89/72
f 94/121/94 56/65/56 79/102/79
f 79/102/79 57/66/57 95/122/95
f 96/123/96 58/124/58 67/125/67
f 97/126/97 73/127/73 58/124/58
f 59/68/59 60/69/60 98/128/98
f 85/129/85 86/111/86 52/59/52
f 69/84/69 99/130/99 68/83/68
f 69/84/69 80/103/80 100/131/100
f 70/85/70 76/113/76 101/132/101
f 81/104/81 102/133/102 77/100/77
f 103/134/103 82/105/82 93/120/93
f 89/115/89 104/135/104 78/101/78
f 64/74/64 90/116/90 105/136/105
f 104/135/104 83/106/83 78/101/78
f 56/65/56 94/121/94 90/116/90
f 57/66/57 91/117/91 95/122/95
f 106/137/106 97/126/97 58/124/58
f 97/126/97 74/108/74 73/127/73
f 59/68/59 98/128/98 84/107/84
f 60/69/60 107/138/107 98/128/98
f 47/51/47 86/111/86 80/103/80
f 69/84/69 100/131/100 99/130/99
f 61/86/61 108/139/108 75/96/75
f 64/74/64 105/136/105 81/104/81
f 65/76/65 109/140/109 66/79/66
f 79/102/79 110/141/110 94/121/94
f 111/142/111 67/125/67 66/79/66
f 111/142/111 96/123/96 67/125/67
f 96/123/96 106/137/106 58/124/58
f 70/85/70 112/143/112 87/112/87
f 92/118/92 93/120/93 72/89/72
f 105/136/105 113/144/113 81/104/81
f 66/79/66 109/140/109 111/142/111
f 79/102/79 95/122/95 110/141/110
f 60/69/60 68/83/68 107/138/107
f 87/112/87 108/139/108 61/86/61
f 112/143/112 70/85/70 101/132/101
f 92/145/92 75/96/75 108/139/108
f 77/100/77 102/133/102 114/146/114
f 115/147/115 83/106/83 104/135/104
f 74/108/74 116/148/116 85/109/85
f 107/138/107 68/83/68 99/130/99
f 117/149/117 86/111/86 85/129/85
f 118/150/118 80/103/80 86/111/86
f 80/103/80 119/151/119 100/131/100
f 93/152/93 120/153/120 103/154/103
f 102/133/102 81/104/81 113/144/113
f 82/105/82 121/155/121 89/115/89
f 105/136/105 122/156/122 113/144/113
f 121/155/121 104/135/104 89/115/89
f 90/116/90 94/121/94 123/157/123
f 83/106/83 109/140/109 65/76/65
f 91/117/91 124/158/124 95/122/95
f 100/131/100 125/159/125 99/130/99
f 88/114/88 126/160/126 76/98/76
f 88/114/88 77/100/77 114/146/114
f 105/136/105 90/116/90 122/156/122
f 111/142/111 127/161/127 96/123/96
f 127/161/127 106/137/106 96/123/96
f 84/107/84 128/162/128 91/117/91
f 97/126/97 129/163/129 74/108/74
f 118/150/118 119/151/119 80/103/80
f 112/143/112 130/164/130 87/112/87
f 101/132/101 131/165/131 112/143/112
f 87/112/87 132/166/132 108/139/108
f 133/167/133 130/164/130 112/143/112
f 134/168/134 93/120/93 92/118/92
f 103/134/103 135/169/135 82/105/82
f 82/105/82 135/169/135 121/155/121
f 110/141/110 123/157/123 94/121/94
f 95/122/95 136/170/136 110/141/110
f 91/117/91 128/162/128 124/158/124
f 84/107/84 98/128/98 128/162/128
f 98/128/98 107/138/107 137/171/137
f 116/148/116 74/108/74 129/163/129
f 87/112/87 138/172/138 132/166/132
f 87/112/87 130/164/130 138/172/138
f 76/113/76 139/173/139 101/132/101
f 76/113/76 126/174/126 139/173/139
f 140/175/140 134/168/134 92/118/92
f 88/114/88 114/146/114 141/176/141
f 134/168/134 120/177/120 93/120/93
f 122/156/122 90/116/90 142/178/142
f 115/147/115 143/179/143 83/106/83
f 106/137/106 144/180/144 97/126/97
f 98/128/98 145/181/145 128/162/128
f 116/148/116 146/182/146 85/109/85
f 86/111/86 117/149/117 118/150/118
f 119/151/119 147/183/147 100/131/100
f 108/139/108 132/166/132 92/145/92
f 88/114/88 141/176/141 126/160/126
f 109/140/109 148/184/148 111/142/111
f 111/142/111 148/184/148 127/161/127
f 97/126/97 144/180/144 129/163/129
f 146/182/146 117/185/117 85/109/85
f 147/183/147 125/159/125 100/131/100
f 101/132/101 139/173/139 149/186/149
f 112/143/112 131/165/131 133/167/133
f 114/146/114 102/133/102 150/187/150
f 135/169/135 151/188/151 121/155/121
f 121/155/121 115/147/115 104/135/104
f 83/106/83 143/179/143 109/140/109
f 110/141/110 152/189/152 123/157/123
f 110/141/110 136/170/136 152/189/152
f 95/122/95 124/158/124 136/170/136
f 137/171/137 145/181/145 98/128/98
f 99/130/99 153/190/153 107/138/107
f 92/145/92 132/166/132 140/191/140
f 120/177/120 135/169/135 103/134/103
f 90/116/90 154/192/154 142/178/142
f 123/157/123 154/192/154 90/116/90
f 99/130/99 125/159/125 153/190/153
f 101/132/101 149/186/149 131/165/131
f 133/167/133 155/193/155 130/164/130
f 114/146/114 150/187/150 141/176/141
f 127/161/127 156/194/156 106/137/106
f 156/194/156 144/180/144 106/137/106
f 124/158/124 128/162/128 157/195/157
f 128/162/128 145/181/145 157/195/157
f 144/180/144 158/196/158 129/163/129
f 146/182/146 116/148/116 159/197/159
f 160/198/160 118/150/118 117/149/117
f 160/198/160 161/199/161 118/150/118
f 138/172/138 130/164/130 162/200/162
f 131/201/131 155/202/155 133/203/133
f 141/176/141 163/204/163 126/160/126
f 120/177/120 164/205/164 135/169/135
f 135/169/135 165/206/165 151/188/151
f 122/156/122 166/207/166 113/144/113
f 142/178/142 166/207/166 122/156/122
f 151/188/151 115/147/115 121/155/121
f 143/179/143 148/184/148 109/140/109
f 107/138/107 167/208/167 137/171/137
f 125/159/125 168/209/168 153/190/153
f 118/150/118 161/199/161 119/151/119
f 132/166/132 138/172/138 169/210/169
f 132/166/132 170/211/170 140/191/140
f 126/174/126 171/212/171 139/173/139
f 131/165/131 149/186/149 155/193/155
f 102/133/102 113/144/113 172/213/172
f 173/214/173 115/147/115 151/188/151
f 154/192/154 123/157/123 152/189/152
f 148/184/148 174/215/174 127/161/127
f 124/158/124 175/216/175 136/170/136
f 127/161/127 174/215/174 156/194/156
f 124/158/124 157/195/157 175/216/175
f 144/180/144 176/217/176 158/196/158
f 158/196/158 177/218/177 129/163/129
f 129/163/129 159/197/159 116/148/116
f 125/159/125 147/183/147 168/209/168
f 132/166/132 169/210/169 170/211/170
f 155/219/155 149/220/149 178/221/178
f 130/164/130 179/222/179 162/200/162
f 155/193/155 179/222/179 130/164/130
f 102/133/102 172/213/172 150/187/150
f 172/213/172 113/144/113 180/223/180
f 181/224/181 174/215/174 148/184/148
f 156/194/156 176/217/176 144/180/144
f 107/138/107 153/190/153 182/225/182
f 147/183/147 119/151/119 183/226/183
f 134/168/134 140/175/140 184/227/184
f 141/176/141 150/187/150 163/204/163
f 166/207/166 180/223/180 113/144/113
f 129/163/129 177/218/177 159/197/159
f 134/168/134 164/205/164 120/177/120
f 172/228/172 185/229/185 150/230/150
f 143/179/143 186/231/186 148/184/148
f 136/170/136 175/216/175 187/232/187
f 145/181/145 188/233/188 157/195/157
f 137/171/137 188/233/188 145/181/145
f 138/172/138 189/234/189 169/210/169
f 138/172/138 162/200/162 189/234/189
f 162/200/162 179/222/179 190/235/190
f 178/236/178 191/237/191 155/193/155
f 184/227/184 164/205/164 134/168/134
f 150/187/150 185/238/185 163/204/163
f 135/169/135 164/205/164 165/206/165
f 154/192/154 192/239/192 142/178/142
f 115/147/115 173/214/173 143/179/143
f 136/170/136 193/240/193 152/189/152
f 175/216/175 157/195/157 194/241/194
f 107/138/107 182/225/182 167/208/167
f 195/242/195 196/243/196 197/244/197
f 163/245/163 171/212/171 126/174/126
f 189/234/189 162/200/162 190/235/190
f 143/179/143 198/246/198 186/231/186
f 160/198/160 199/247/199 161/199/161
f 161/199/161 183/226/183 119/151/119
f 197/248/197 200/249/200 195/250/195
f 196/243/196 201/251/201 197/244/197
f 149/186/149 139/173/139 202/252/202
f 202/253/202 203/254/203 149/255/149
f 149/186/149 203/256/203 178/236/178
f 179/222/179 155/193/155 204/257/204
f 165/206/165 205/258/205 151/188/151
f 151/188/151 205/258/205 173/214/173
f 192/239/192 154/192/154 206/259/206
f 136/170/136 207/260/207 193/240/193
f 157/195/157 188/233/188 208/261/208
f 159/197/159 177/218/177 209/262/209
f 210/263/210 146/182/146 159/197/159
f 199/247/199 183/226/183 161/199/161
f 171/212/171 163/245/163 211/264/211
f 204/257/204 155/193/155 191/237/191
f 172/213/172 180/223/180 212/265/212
f 166/207/166 142/178/142 192/239/192
f 198/246/198 143/179/143 173/214/173
f 206/259/206 154/192/154 152/189/152
f 206/259/206 152/189/152 193/240/193
f 181/224/181 148/184/148 186/231/186
f 156/194/156 174/215/174 213/266/213
f 194/241/194 157/195/157 208/261/208
f 214/267/214 188/233/188 137/171/137
f 167/208/167 182/225/182 215/268/215
f 146/182/146 216/269/216 217/270/217
f 217/270/217 117/185/117 146/182/146
f 217/271/217 160/272/160 117/273/117
f 201/251/201 218/274/218 197/244/197
f 196/275/196 219/276/219 220/277/220
f 196/275/196 220/277/220 201/278/201
f 171/212/171 202/252/202 139/173/139
f 184/279/184 140/191/140 221/280/221
f 172/213/172 212/265/212 185/238/185
f 136/170/136 187/232/187 207/260/207
f 175/216/175 194/241/194 187/232/187
f 209/262/209 210/263/210 159/197/159
f 210/263/210 216/269/216 146/182/146
f 168/209/168 222/281/222 153/190/153
f 197/248/197 223/282/223 200/249/200
f 140/191/140 170/211/170 221/280/221
f 190/235/190 179/222/179 224/283/224
f 184/227/184 225/284/225 164/205/164
f 165/206/165 226/285/226 205/258/205
f 166/207/166 192/239/192 227/286/227
f 206/259/206 193/240/193 228/287/228
f 176/217/176 229/288/229 158/196/158
f 147/183/147 230/289/230 168/209/168
f 197/248/197 231/290/231 223/282/223
f 219/291/219 200/292/200 220/293/220
f 220/277/220 218/294/218 201/278/201
f 169/210/169 232/295/232 170/211/170
f 185/238/185 212/265/212 233/296/233
f 234/297/234 226/285/226 165/206/165
f 235/298/235 181/224/181 186/231/186
f 181/224/181 236/299/236 174/215/174
f 137/171/137 167/208/167 214/267/214
f 200/249/200 237/300/237 195/250/195
f 197/301/197 218/302/218 231/303/231
f 237/304/237 200/305/200 219/306/219
f 195/307/195 238/308/238 196/309/196
f 196/275/196 238/310/238 219/276/219
f 204/257/204 224/283/224 179/222/179
f 165/206/165 164/205/164 234/297/234
f 166/207/166 227/286/227 180/223/180
f 198/246/198 235/298/235 186/231/186
f 158/196/158 229/288/229 177/218/177
f 230/289/230 239/311/239 168/209/168
f 195/250/195 237/300/237 240/312/240
f 195/307/195 240/313/240 238/308/238
f 200/292/200 223/314/223 220/293/220
f 237/315/237 219/316/219 241/317/241
f 223/318/223 242/319/242 220/320/220
f 220/277/220 242/321/242 218/294/218
f 211/264/211 243/322/243 171/212/171
f 169/210/169 189/234/189 232/295/232
f 173/214/173 244/323/244 198/246/198
f 181/224/181 235/298/235 236/299/236
f 213/266/213 176/217/176 156/194/156
f 229/288/229 245/324/245 177/218/177
f 153/190/153 222/281/222 182/225/182
f 168/209/168 239/311/239 222/281/222
f 241/325/241 242/319/242 223/318/223
f 219/316/219 242/326/242 241/317/241
f 184/279/184 221/280/221 246/327/246
f 246/328/246 225/284/225 184/227/184
f 202/252/202 247/329/247 203/256/203
f 189/234/189 190/235/190 248/330/248
f 163/204/163 185/238/185 249/331/249
f 227/286/227 250/332/250 180/223/180
f 192/239/192 206/259/206 227/286/227
f 251/333/251 228/287/228 193/240/193
f 193/240/193 207/260/207 251/333/251
f 217/271/217 252/334/252 160/272/160
f 183/226/183 230/289/230 147/183/147
f 223/282/223 231/290/231 241/335/241
f 232/295/232 221/280/221 170/211/170
f 232/295/232 189/234/189 253/336/253
f 164/205/164 254/337/254 234/297/234
f 205/258/205 244/323/244 173/214/173
f 255/338/255 235/298/235 198/246/198
f 256/339/256 229/288/229 176/217/176
f 177/218/177 245/324/245 209/262/209
f 210/263/210 209/262/209 257/340/257
f 160/198/160 258/341/258 199/247/199
f 237/300/237 241/335/241 240/312/240
f 242/321/242 259/342/259 218/294/218
f 202/252/202 260/343/260 247/329/247
f 180/223/180 250/332/250 212/265/212
f 213/266/213 256/339/256 176/217/176
f 222/281/222 239/311/239 261/344/261
f 160/272/160 252/334/252 258/345/258
f 183/226/183 199/247/199 262/346/262
f 240/313/240 263/347/263 238/308/238
f 238/310/238 263/348/263 219/276/219
f 219/276/219 263/348/263 242/321/242
f 242/321/242 263/348/263 264/349/264
f 242/321/242 264/349/264 259/342/259
f 221/280/221 265/350/265 246/327/246
f 189/234/189 248/330/248 253/336/253
f 203/256/203 266/351/266 178/236/178
f 185/238/185 233/296/233 249/331/249
f 244/323/244 255/338/255 198/246/198
f 235/298/235 267/352/267 236/299/236
f 236/299/236 213/266/213 174/215/174
f 240/312/240 231/290/231 268/353/268
f 241/335/241 231/290/231 240/312/240
f 231/303/231 218/302/218 269/354/269
f 218/302/218 259/355/259 269/354/269
f 163/204/163 249/331/249 211/356/211
f 203/256/203 247/329/247 266/351/266
f 266/351/266 191/237/191 178/236/178
f 164/205/164 225/284/225 254/337/254
f 212/265/212 270/357/270 233/296/233
f 210/263/210 257/340/257 216/269/216
f 183/226/183 262/346/262 230/289/230
f 271/358/271 199/247/199 258/341/258
f 190/235/190 224/283/224 248/330/248
f 204/257/204 272/359/272 224/283/224
f 234/297/234 254/337/254 226/285/226
f 227/286/227 273/360/273 250/332/250
f 205/258/205 274/361/274 244/323/244
f 274/361/274 275/362/275 244/323/244
f 255/338/255 276/363/276 235/298/235
f 214/267/214 167/208/167 277/364/277
f 217/270/217 216/269/216 278/365/278
f 230/289/230 262/346/262 279/366/279
f 280/367/280 281/368/281 282/369/282
f 281/368/281 283/370/283 282/369/282
f 281/368/281 268/371/268 283/370/283
f 240/312/240 268/353/268 281/372/281
f 231/303/231 269/354/269 268/373/268
f 281/374/281 284/375/284 240/313/240
f 240/313/240 284/375/284 263/347/263
f 284/376/284 264/349/264 263/348/263
f 285/377/285 286/378/286 284/379/284
f 284/379/284 286/378/286 264/380/264
f 264/380/264 286/378/286 259/381/259
f 249/331/249 287/382/287 211/356/211
f 288/383/288 254/337/254 225/284/225
f 212/265/212 250/332/250 270/357/270
f 205/258/205 226/285/226 274/361/274
f 206/259/206 273/360/273 227/286/227
f 206/259/206 289/384/289 273/360/273
f 228/287/228 289/384/289 206/259/206
f 213/266/213 290/385/290 256/339/256
f 194/241/194 208/261/208 291/386/291
f 167/208/167 215/268/215 277/364/277
f 217/270/217 278/365/278 252/387/252
f 230/289/230 279/366/279 239/311/239
f 199/247/199 292/388/292 262/346/262
f 282/369/282 283/370/283 293/389/293
f 294/390/294 281/368/281 280/367/280
f 283/370/283 295/391/295 293/389/293
f 294/390/294 296/392/296 281/368/281
f 283/370/283 297/393/297 295/391/295
f 283/370/283 268/371/268 297/393/297
f 296/392/296 284/379/284 281/368/281
f 268/371/268 269/394/269 297/393/297
f 269/394/269 298/395/298 297/393/297
f 269/394/269 259/381/259 298/395/298
f 259/381/259 286/378/286 298/395/298
f 286/378/286 299/396/299 298/395/298
f 202/252/202 171/212/171 243/322/243
f 204/257/204 191/237/191 272/359/272
f 254/337/254 300/397/300 226/285/226
f 244/323/244 275/362/275 255/338/255
f 267/352/267 301/398/301 236/299/236
f 251/333/251 207/260/207 302/399/302
f 236/299/236 301/398/301 213/266/213
f 207/260/207 187/232/187 302/399/302
f 194/241/194 291/386/291 303/400/303
f 188/233/188 304/401/304 208/261/208
f 188/233/188 214/267/214 304/401/304
f 214/267/214 277/364/277 305/402/305
f 182/225/182 306/403/306 215/268/215
f 182/225/182 222/281/222 306/403/306
f 271/358/271 292/388/292 199/247/199
f 292/388/292 307/404/307 262/346/262
f 280/367/280 308/405/308 294/390/294
f 295/391/295 309/406/309 293/389/293
f 294/390/294 310/407/310 296/392/296
f 296/392/296 311/408/311 284/379/284
f 311/408/311 285/377/285 284/379/284
f 311/408/311 312/409/312 285/377/285
f 285/377/285 313/410/313 286/378/286
f 286/378/286 313/410/313 299/396/299
f 202/252/202 243/322/243 260/343/260
f 260/343/260 314/411/314 247/329/247
f 266/351/266 315/412/315 191/237/191
f 233/296/233 270/357/270 249/331/249
f 288/383/288 300/397/300 254/337/254
f 270/357/270 250/332/250 316/413/316
f 275/362/275 276/363/276 255/338/255
f 235/298/235 276/363/276 267/352/267
f 187/232/187 194/241/194 303/400/303
f 262/346/262 307/404/307 317/414/317
f 318/415/318 280/416/280 282/417/282
f 311/408/311 296/392/296 310/407/310
f 313/410/313 285/377/285 312/409/312
f 319/418/319 299/419/299 313/420/313
f 320/421/320 265/350/265 221/280/221
f 253/336/253 248/330/248 321/422/321
f 272/359/272 322/423/322 224/283/224
f 323/424/323 250/332/250 273/360/273
f 290/385/290 324/425/324 256/339/256
f 256/339/256 324/425/324 325/426/325
f 256/339/256 325/426/325 229/288/229
f 229/288/229 325/426/325 245/324/245
f 326/427/326 257/340/257 209/262/209
f 327/428/327 278/365/278 216/269/216
f 306/403/306 222/281/222 261/344/261
f 258/341/258 328/429/328 271/358/271
f 262/346/262 317/414/317 279/366/279
f 292/388/292 329/430/329 307/404/307
f 280/416/280 318/415/318 330/431/330
f 282/417/282 293/432/293 318/415/318
f 309/433/309 331/434/331 293/432/293
f 308/435/308 332/436/332 294/437/294
f 333/438/333 311/439/311 310/440/310
f 297/393/297 298/395/298 334/441/334
f 298/395/298 299/396/299 335/442/335
f 232/295/232 320/421/320 221/280/221
f 246/328/246 288/383/288 225/284/225
f 250/332/250 323/424/323 316/413/316
f 228/287/228 251/333/251 336/443/336
f 213/266/213 301/398/301 290/385/290
f 252/444/252 328/429/328 258/341/258
f 337/445/337 271/446/271 328/447/328
f 292/388/292 271/358/271 337/448/337
f 338/449/338 317/414/317 307/404/307
f 337/448/337 339/450/339 292/388/292
f 292/388/292 339/450/339 329/430/329
f 307/404/307 329/430/329 338/449/338
f 329/430/329 339/450/339 340/451/340
f 340/451/340 338/449/338 329/430/329
f 280/416/280 330/431/330 308/452/308
f 293/432/293 331/434/331 318/415/318
f 309/406/309 295/391/295 341/453/341
f 294/437/294 332/436/332 310/440/310
f 299/419/299 319/418/319 342/454/342
f 211/264/211 343/455/343 243/322/243
f 224/283/224 322/423/322 248/330/248
f 344/456/344 315/412/315 266/351/266
f 249/331/249 270/357/270 287/382/287
f 300/397/300 345/457/345 226/285/226
f 226/285/226 345/457/345 274/361/274
f 304/401/304 291/386/291 208/261/208
f 337/448/337 346/458/346 339/450/339
f 346/458/346 347/459/347 339/450/339
f 308/452/308 330/431/330 348/460/348
f 309/433/309 349/461/349 331/434/331
f 332/436/332 308/435/308 350/462/350
f 309/406/309 341/453/341 349/463/349
f 332/436/332 351/464/351 310/440/310
f 297/393/297 352/465/352 295/391/295
f 297/393/297 334/441/334 352/465/352
f 334/441/334 298/395/298 353/466/353
f 335/442/335 353/466/353 298/395/298
f 312/467/312 354/468/354 313/469/313
f 299/419/299 342/454/342 335/470/335
f 248/330/248 355/471/355 321/422/321
f 275/362/275 356/472/356 276/363/276
f 251/333/251 302/399/302 357/473/357
f 358/474/358 301/398/301 267/352/267
f 187/232/187 303/400/303 302/399/302
f 304/401/304 214/267/214 305/402/305
f 215/268/215 306/403/306 277/364/277
f 216/269/216 257/340/257 327/428/327
f 279/366/279 317/414/317 359/475/359
f 328/447/328 346/476/346 337/445/337
f 338/449/338 360/477/360 317/414/317
f 339/450/339 347/459/347 361/478/361
f 340/451/340 362/479/362 338/449/338
f 339/450/339 361/478/361 363/480/363
f 339/450/339 363/480/363 340/451/340
f 340/451/340 363/480/363 362/479/362
f 363/480/363 364/481/364 362/479/362
f 331/434/331 365/482/365 318/415/318
f 366/483/366 332/436/332 350/462/350
f 318/415/318 365/482/365 367/484/367
f 295/391/295 352/465/352 341/453/341
f 313/420/313 368/485/368 319/418/319
f 211/356/211 287/382/287 369/486/369
f 274/361/274 370/487/370 275/362/275
f 371/488/371 267/352/267 276/363/276
f 245/324/245 325/426/325 372/489/372
f 245/324/245 372/489/372 209/262/209
f 278/365/278 373/490/373 252/387/252
f 252/387/252 373/490/373 328/447/328
f 279/366/279 359/475/359 239/311/239
f 359/475/359 317/414/317 374/491/374
f 374/491/374 317/414/317 360/477/360
f 338/449/338 362/479/362 360/477/360
f 375/492/375 361/493/361 347/494/347
f 361/478/361 376/495/376 363/480/363
f 361/478/361 377/496/377 376/495/376
f 376/495/376 377/496/377 378/497/378
f 379/498/379 380/499/380 381/500/381
f 318/501/318 367/502/367 330/503/330
f 365/504/365 382/505/382 383/506/383
f 365/504/365 383/506/383 367/502/367
f 367/502/367 383/506/383 384/507/384
f 366/483/366 351/464/351 332/436/332
f 330/503/330 367/502/367 385/508/385
f 385/508/385 367/502/367 384/507/384
f 383/506/383 386/509/386 384/507/384
f 387/510/387 384/511/384 386/512/386
f 388/513/388 386/512/386 383/514/383
f 389/515/389 384/516/384 387/517/387
f 388/518/388 383/519/383 390/520/390
f 390/521/390 383/506/383 382/505/382
f 351/464/351 333/438/333 310/440/310
f 333/438/333 312/467/312 311/439/311
f 352/465/352 334/441/334 353/466/353
f 354/522/354 368/485/368 313/420/313
f 391/523/391 246/327/246 265/350/265
f 320/524/320 232/525/232 253/526/253
f 355/471/355 248/330/248 322/423/322
f 272/359/272 191/237/191 315/412/315
f 392/527/392 300/397/300 288/383/288
f 393/528/393 357/473/357 302/399/302
f 324/425/324 394/529/394 325/426/325
f 327/428/327 373/490/373 278/365/278
f 363/480/363 376/495/376 364/481/364
f 376/495/376 378/497/378 395/530/395
f 376/495/376 395/530/395 364/481/364
f 396/531/396 397/532/397 398/533/398
f 398/533/398 397/532/397 380/499/380
f 399/534/399 381/500/381 380/499/380
f 397/532/397 399/534/399 380/499/380
f 399/534/399 400/535/400 381/500/381
f 330/503/330 385/508/385 401/536/401
f 384/507/384 402/537/402 385/508/385
f 387/538/387 403/539/403 389/540/389
f 384/541/384 389/542/389 404/543/404
f 388/513/388 387/510/387 386/512/386
f 401/536/401 385/508/385 405/544/405
f 385/508/385 402/537/402 405/544/405
f 382/545/382 406/546/406 390/547/390
f 333/438/333 354/468/354 312/467/312
f 243/322/243 407/548/407 260/343/260
f 243/322/243 343/455/343 407/548/407
f 211/264/211 369/549/369 343/455/343
f 316/550/316 408/551/408 270/552/270
f 209/262/209 372/489/372 326/427/326
f 409/553/409 277/364/277 306/403/306
f 261/344/261 239/311/239 410/554/410
f 360/477/360 411/555/411 374/491/374
f 375/492/375 347/494/347 346/476/346
f 375/556/375 412/557/412 361/558/361
f 362/479/362 364/481/364 360/477/360
f 412/559/412 377/560/377 361/561/361
f 377/496/377 413/562/413 378/497/378
f 413/562/413 414/563/414 378/497/378
f 395/530/395 378/497/378 415/564/415
f 380/565/380 416/566/416 398/567/398
f 380/565/380 379/568/379 416/566/416
f 350/569/350 308/452/308 348/460/348
f 399/534/399 397/532/397 417/570/417
f 349/461/349 418/571/418 331/434/331
f 399/572/399 417/573/417 400/574/400
f 331/434/331 418/571/418 365/482/365
f 418/575/418 419/576/419 365/504/365
f 365/504/365 419/576/419 382/505/382
f 330/503/330 401/536/401 420/577/420
f 402/578/402 384/579/384 404/580/404
f 388/513/388 421/581/421 387/510/387
f 422/582/422 402/583/402 404/584/404
f 404/585/404 389/586/389 423/587/423
f 405/588/405 424/589/424 401/590/401
f 405/591/405 422/592/422 424/593/424
f 382/545/382 425/594/425 406/546/406
f 402/595/402 422/592/422 405/591/405
f 406/546/406 426/596/426 390/547/390
f 352/465/352 427/597/427 341/453/341
f 253/336/253 428/598/428 320/421/320
f 246/328/246 391/599/391 288/383/288
f 287/382/287 270/357/270 408/600/408
f 274/361/274 345/457/345 370/487/370
f 275/362/275 370/487/370 356/472/356
f 289/384/289 228/287/228 336/443/336
f 276/363/276 356/472/356 371/488/371
f 251/333/251 357/473/357 336/443/336
f 267/352/267 371/488/371 358/474/358
f 324/425/324 429/601/429 394/529/394
f 359/475/359 410/554/410 239/311/239
f 328/447/328 430/602/430 346/476/346
f 359/475/359 374/491/374 431/603/431
f 432/604/432 375/492/375 346/476/346
f 433/605/433 360/477/360 364/481/364
f 377/606/377 412/607/412 434/608/434
f 434/609/434 435/610/435 377/611/377
f 364/481/364 395/530/395 436/612/436
f 437/613/437 414/563/414 413/562/413
f 378/497/378 414/563/414 415/564/415
f 414/563/414 438/614/438 415/564/415
f 398/567/398 439/615/439 396/616/396
f 439/615/439 398/567/398 416/566/416
f 379/498/379 381/500/381 440/617/440
f 381/500/381 400/535/400 441/618/441
f 350/569/350 348/460/348 442/619/442
f 348/620/348 330/503/330 420/577/420
f 403/621/403 423/622/423 389/623/389
f 419/576/419 443/624/443 382/505/382
f 401/625/401 444/626/444 420/627/420
f 401/628/401 424/629/424 444/630/444
f 390/631/390 426/632/426 388/633/388
f 382/545/382 443/634/443 425/594/425
f 424/635/424 422/636/422 445/637/445
f 406/546/406 425/594/425 446/638/446
f 349/463/349 341/453/341 427/597/427
f 333/438/333 447/639/447 354/468/354
f 447/639/447 448/640/448 354/468/354
f 319/418/319 449/641/449 342/454/342
f 266/351/266 247/329/247 344/456/344
f 272/359/272 450/642/450 322/423/322
f 300/397/300 451/643/451 345/457/345
f 273/360/273 289/384/289 452/644/452
f 393/528/393 302/399/302 453/645/453
f 454/646/454 290/385/290 301/398/301
f 303/400/303 291/386/291 453/645/453
f 455/647/455 291/386/291 304/401/304
f 431/603/431 374/491/374 456/648/456
f 457/649/457 458/650/458 412/651/412
f 458/652/458 434/608/434 412/607/412
f 436/612/436 459/653/459 364/481/364
f 364/654/364 459/655/459 433/656/433
f 457/649/457 460/657/460 458/650/458
f 377/611/377 435/610/435 413/658/413
f 413/658/413 435/610/435 461/659/461
f 395/530/395 462/660/462 436/612/436
f 413/658/413 461/659/461 437/661/437
f 395/530/395 415/564/415 462/660/462
f 463/662/463 464/663/464 437/661/437
f 437/613/437 464/664/464 414/563/414
f 438/614/438 414/563/414 465/665/465
f 414/563/414 466/666/466 465/665/465
f 466/666/466 414/563/414 464/664/464
f 440/617/440 381/500/381 467/667/467
f 468/668/468 397/669/397 396/670/396
f 381/500/381 441/618/441 467/667/467
f 469/671/469 417/672/417 397/669/397
f 418/571/418 349/461/349 470/673/470
f 420/674/420 471/675/471 348/676/348
f 418/575/418 472/677/472 419/576/419
f 473/678/473 351/464/351 366/483/366
f 421/679/421 403/539/403 387/538/387
f 445/680/445 422/582/422 404/584/404
f 420/681/420 444/682/444 474/683/474
f 353/466/353 335/442/335 475/684/475
f 342/454/342 475/685/475 335/470/335
f 476/686/476 260/343/260 407/548/407
f 253/336/253 321/422/321 428/598/428
f 450/642/450 272/359/272 315/412/315
f 392/527/392 451/643/451 300/397/300
f 336/687/336 357/688/357 477/689/477
f 429/601/429 324/425/324 290/385/290
f 478/690/478 304/401/304 305/402/305
f 410/554/410 359/475/359 431/603/431
f 373/490/373 430/602/430 328/447/328
f 432/604/432 346/476/346 430/602/430
f 456/648/456 374/491/374 411/555/411
f 411/555/411 360/477/360 479/691/479
f 480/692/480 457/693/457 412/694/412
f 458/650/458 435/695/435 434/696/434
f 433/697/433 459/698/459 481/699/481
f 458/650/458 460/657/460 482/700/482
f 459/653/459 436/612/436 483/701/483
f 484/702/484 462/660/462 415/564/415
f 415/564/415 438/614/438 484/702/484
f 461/659/461 463/662/463 437/661/437
f 485/703/485 438/614/438 465/665/465
f 466/666/466 439/704/439 416/705/416
f 486/706/486 468/668/468 396/670/396
f 487/707/487 397/669/397 468/668/468
f 350/462/350 473/678/473 366/483/366
f 348/676/348 471/675/471 442/708/442
f 444/709/444 488/710/488 474/711/474
f 424/712/424 445/713/445 488/714/488
f 446/715/446 489/716/489 406/717/406
f 420/681/420 474/683/474 490/718/490
f 424/712/424 488/714/488 444/719/444
f 425/594/425 443/634/443 491/720/491
f 472/677/472 492/721/492 419/576/419
f 492/722/492 491/720/491 443/634/443
f 419/576/419 492/721/492 443/624/443
f 473/678/473 493/723/493 351/464/351
f 476/686/476 314/411/314 260/343/260
f 391/599/391 494/724/494 288/383/288
f 370/487/370 495/725/495 356/472/356
f 496/726/496 301/398/301 358/474/358
f 453/645/453 302/399/302 303/400/303
f 453/727/453 291/728/291 455/729/455
f 497/730/497 327/428/327 257/340/257
f 306/403/306 261/344/261 498/731/498
f 261/344/261 410/554/410 498/731/498
f 375/492/375 499/732/499 412/733/412
f 433/605/433 479/691/479 360/477/360
f 433/605/433 500/734/500 479/691/479
f 500/734/500 433/605/433 501/735/501
f 458/650/458 482/700/482 435/695/435
f 459/698/459 483/736/483 481/699/481
f 433/605/433 481/737/481 501/735/501
f 436/612/436 462/660/462 483/701/483
f 435/695/435 482/700/482 461/738/461
f 462/660/462 502/739/502 483/701/483
f 483/736/483 503/740/503 481/699/481
f 460/741/460 504/742/504 505/743/505
f 481/737/481 503/744/503 501/735/501
f 462/660/462 484/702/484 502/739/502
f 460/657/460 505/745/505 482/700/482
f 483/701/483 502/739/502 503/744/503
f 484/702/484 438/614/438 485/703/485
f 464/664/464 506/746/506 466/666/466
f 466/666/466 507/747/507 465/665/465
f 439/704/439 466/666/466 506/746/506
f 416/705/416 507/747/507 466/666/466
f 416/566/416 379/568/379 508/748/508
f 397/669/397 487/707/487 469/671/469
f 509/749/509 467/667/467 441/618/441
f 510/750/510 418/571/418 470/673/470
f 510/751/510 511/752/511 418/575/418
f 418/575/418 511/752/511 472/677/472
f 489/753/489 426/754/426 406/755/406
f 471/756/471 490/757/490 512/758/512
f 420/674/420 490/759/490 471/675/471
f 421/760/421 388/633/388 426/632/426
f 513/761/513 492/762/492 472/763/472
f 447/639/447 333/438/333 351/464/351
f 514/764/514 352/465/352 353/466/353
f 368/485/368 354/522/354 515/765/515
f 516/766/516 265/350/265 320/421/320
f 369/767/369 287/768/287 408/769/408
f 273/360/273 452/644/452 517/770/517
f 518/771/518 305/402/305 277/364/277
f 327/428/327 497/730/497 519/772/519
f 410/554/410 431/603/431 520/773/520
f 521/774/521 430/602/430 373/490/373
f 432/604/432 499/732/499 375/492/375
f 499/732/499 480/775/480 412/733/412
f 457/776/457 504/742/504 460/741/460
f 503/744/503 522/777/522 501/735/501
f 505/745/505 523/778/523 482/700/482
f 504/742/504 524/779/524 505/743/505
f 482/700/482 523/778/523 461/738/461
f 484/702/484 485/703/485 502/739/502
f 524/780/524 523/778/523 505/745/505
f 523/778/523 463/781/463 461/738/461
f 525/782/525 522/777/522 503/744/503
f 465/665/465 526/783/526 485/703/485
f 463/662/463 506/784/506 464/663/464
f 465/665/465 507/747/507 526/783/526
f 507/747/507 416/705/416 508/785/508
f 350/569/350 442/619/442 527/786/527
f 469/787/469 528/788/528 417/573/417
f 427/597/427 529/789/529 349/463/349
f 530/790/530 531/791/531 474/792/474
f 474/793/474 488/714/488 530/794/530
f 425/795/425 491/796/491 532/797/532
f 474/683/474 531/798/531 490/718/490
f 472/677/472 511/752/511 533/799/533
f 533/800/533 513/801/513 472/802/472
f 352/465/352 514/764/514 427/597/427
f 514/764/514 353/466/353 475/684/475
f 265/350/265 534/803/534 391/523/391
f 247/329/247 314/411/314 535/804/535
f 494/724/494 392/527/392 288/383/288
f 247/329/247 535/804/535 344/456/344
f 536/805/536 408/806/408 537/807/537
f 538/808/538 451/643/451 392/527/392
f 408/809/408 316/810/316 537/811/537
f 323/812/323 273/813/273 517/814/517
f 289/384/289 336/443/336 452/644/452
f 356/472/356 539/815/539 371/488/371
f 455/816/455 304/817/304 478/818/478
f 277/364/277 540/819/540 518/771/518
f 326/427/326 497/730/497 257/340/257
f 456/648/456 541/820/541 431/603/431
f 430/602/430 542/821/542 432/604/432
f 457/776/457 543/822/543 544/823/544
f 544/823/544 504/742/504 457/776/457
f 502/739/502 485/703/485 525/782/525
f 502/824/502 525/825/525 503/826/503
f 485/703/485 526/783/526 525/782/525
f 525/782/525 508/785/508 522/777/522
f 525/782/525 526/783/526 508/785/508
f 545/827/545 546/828/546 524/780/524
f 506/829/506 545/830/545 439/831/439
f 396/616/396 545/832/545 486/833/486
f 396/616/396 439/615/439 545/832/545
f 440/834/440 508/748/508 379/568/379
f 547/835/547 487/707/487 468/668/468
f 349/461/349 529/836/529 470/673/470
f 548/837/548 549/838/549 400/574/400
f 400/574/400 549/838/549 441/839/441
f 441/839/441 550/840/550 509/841/509
f 423/587/423 551/842/551 404/585/404
f 488/714/488 445/713/445 552/843/552
f 553/844/553 471/845/471 512/846/512
f 531/798/531 512/847/512 490/718/490
f 449/641/449 475/685/475 342/454/342
f 516/766/516 534/803/534 265/350/265
f 428/598/428 321/422/321 554/848/554
f 554/848/554 321/422/321 355/471/355
f 369/849/369 408/850/408 555/851/555
f 450/642/450 556/852/556 322/423/322
f 357/688/357 393/853/393 557/854/557
f 290/385/290 454/646/454 429/601/429
f 558/855/558 453/856/453 455/816/455
f 559/857/559 456/648/456 411/555/411
f 480/775/480 543/822/543 457/776/457
f 501/735/501 522/777/522 560/858/560
f 463/781/463 523/778/523 506/859/506
f 524/780/524 546/828/546 523/778/523
f 506/860/506 523/861/523 546/862/546
f 522/777/522 508/785/508 561/863/561
f 526/783/526 507/747/507 508/785/508
f 506/859/506 546/828/546 545/827/545
f 562/864/562 486/833/486 545/832/545
f 563/865/563 473/866/473 350/569/350
f 528/788/528 564/867/564 417/573/417
f 564/867/564 400/574/400 417/573/417
f 564/867/564 548/837/548 400/574/400
f 552/868/552 404/584/404 551/869/551
f 552/868/552 445/680/445 404/584/404
f 553/870/553 565/871/565 471/872/471
f 553/873/553 512/874/512 531/875/531
f 513/876/513 491/720/491 492/722/492
f 493/723/493 566/877/566 351/464/351
f 351/464/351 566/877/566 447/639/447
f 427/597/427 514/764/514 567/878/567
f 447/639/447 568/879/568 448/640/448
f 475/684/475 569/880/569 514/764/514
f 448/640/448 515/881/515 354/468/354
f 320/882/320 428/883/428 516/884/516
f 538/808/538 392/527/392 494/724/494
f 316/810/316 323/812/323 537/811/537
f 370/487/370 570/885/570 495/725/495
f 496/726/496 454/646/454 301/398/301
f 394/529/394 372/489/372 325/426/325
f 277/364/277 409/553/409 540/819/540
f 519/772/519 373/490/373 327/428/327
f 498/731/498 410/554/410 571/886/571
f 431/603/431 541/820/541 520/773/520
f 430/602/430 521/774/521 542/821/542
f 411/555/411 479/691/479 559/857/559
f 432/604/432 542/821/542 499/732/499
f 542/821/542 572/887/572 499/732/499
f 479/691/479 573/888/573 559/857/559
f 501/735/501 574/889/574 500/734/500
f 574/889/574 501/735/501 575/890/575
f 501/735/501 560/858/560 575/890/575
f 544/823/544 576/891/576 504/742/504
f 576/891/576 577/892/577 504/742/504
f 577/892/577 524/779/524 504/742/504
f 508/785/508 578/893/578 561/863/561
f 440/834/440 578/894/578 508/748/508
f 563/865/563 350/569/350 527/786/527
f 529/836/529 579/895/579 470/673/470
f 441/839/441 549/838/549 550/840/550
f 580/896/580 551/842/551 423/587/423
f 403/621/403 580/897/580 423/622/423
f 580/897/580 403/621/403 421/898/421
f 510/751/510 581/899/581 511/752/511
f 446/638/446 425/594/425 532/900/532
f 513/801/513 533/800/533 582/901/582
f 448/640/448 583/902/583 515/881/515
f 319/418/319 368/485/368 449/641/449
f 370/487/370 345/457/345 570/885/570
f 495/725/495 539/815/539 356/472/356
f 452/903/452 336/687/336 477/689/477
f 357/688/357 557/854/557 477/689/477
f 409/553/409 584/904/584 540/819/540
f 499/732/499 572/887/572 480/775/480
f 500/905/500 573/906/573 479/907/479
f 522/777/522 585/908/585 560/858/560
f 522/777/522 561/863/561 585/908/585
f 524/779/524 586/909/586 545/910/545
f 586/909/586 562/911/562 545/910/545
f 440/617/440 467/667/467 587/912/587
f 469/787/469 588/913/588 528/788/528
f 442/708/442 589/914/589 527/915/527
f 473/678/473 563/916/563 493/723/493
f 590/917/590 580/897/580 421/898/421
f 442/708/442 565/918/565 589/914/589
f 591/919/591 551/920/551 580/897/580
f 421/760/421 426/632/426 590/921/590
f 442/708/442 471/675/471 565/918/565
f 489/716/489 446/715/446 592/922/592
f 532/797/532 491/796/491 593/923/593
f 553/870/553 594/924/594 565/871/565
f 513/925/513 582/926/582 595/927/595
f 511/928/511 582/901/582 533/800/533
f 511/928/511 596/929/596 582/901/582
f 516/884/516 428/883/428 597/930/597
f 494/724/494 391/599/391 598/931/598
f 315/412/315 599/932/599 450/642/450
f 344/456/344 599/932/599 315/412/315
f 408/809/408 536/933/536 555/934/555
f 495/725/495 600/935/600 539/815/539
f 393/853/393 453/856/453 557/854/557
f 410/554/410 520/773/520 571/886/571
f 541/820/541 601/936/601 520/773/520
f 456/648/456 559/857/559 541/820/541
f 480/775/480 572/887/572 543/822/543
f 572/887/572 602/937/602 543/822/543
f 574/938/574 575/939/575 603/940/603
f 575/939/575 604/941/604 603/940/603
f 577/892/577 586/909/586 524/779/524
f 440/834/440 587/942/587 578/894/578
f 605/943/605 606/944/606 564/867/564
f 564/867/564 606/944/606 607/945/607
f 564/867/564 607/945/607 548/837/548
f 548/837/548 607/945/607 608/946/608
f 609/947/609 579/895/579 529/836/529
f 564/948/564 528/949/528 605/950/605
f 610/951/610 588/913/588 469/787/469
f 611/952/611 552/868/552 551/869/551
f 551/953/551 591/954/591 611/955/611
f 529/789/529 427/597/427 612/956/612
f 589/914/589 565/918/565 613/957/613
f 426/632/426 614/958/614 590/921/590
f 488/714/488 552/843/552 615/959/615
f 427/597/427 567/878/567 612/956/612
f 615/959/615 530/794/530 488/714/488
f 426/754/426 489/753/489 614/960/614
f 592/961/592 446/638/446 532/900/532
f 595/962/595 593/963/593 491/720/491
f 595/962/595 491/720/491 513/876/513
f 581/899/581 596/964/596 511/752/511
f 475/685/475 449/641/449 569/965/569
f 369/549/369 616/966/616 343/455/343
f 428/598/428 554/848/554 597/967/597
f 537/811/537 323/812/323 617/968/617
f 477/689/477 618/969/618 452/903/452
f 619/970/619 358/474/358 371/488/371
f 478/818/478 305/971/305 518/972/518
f 372/489/372 620/973/620 326/427/326
f 326/427/326 621/974/621 497/730/497
f 519/772/519 622/975/622 373/490/373
f 623/976/623 571/886/571 520/773/520
f 624/977/624 625/978/625 572/887/572
f 573/906/573 500/905/500 603/940/603
f 500/905/500 574/938/574 603/940/603
f 602/937/602 626/979/626 543/822/543
f 626/979/626 544/823/544 543/822/543
f 626/979/626 576/891/576 544/823/544
f 627/980/627 577/892/577 576/891/576
f 587/912/587 467/667/467 628/981/628
f 629/982/629 630/983/630 605/943/605
f 629/984/629 605/950/605 528/949/528
f 609/947/609 529/836/529 612/985/612
f 594/924/594 553/870/553 531/986/531
f 613/957/613 565/918/565 631/987/631
f 631/988/631 565/871/565 594/924/594
f 632/989/632 514/764/514 569/880/569
f 583/902/583 448/640/448 568/879/568
f 633/990/633 534/803/534 516/766/516
f 633/991/633 516/884/516 597/930/597
f 616/992/616 369/993/369 555/934/555
f 634/994/634 344/456/344 535/804/535
f 536/933/536 537/811/537 617/968/617
f 451/643/451 635/995/635 345/457/345
f 635/995/635 570/885/570 345/457/345
f 323/812/323 517/814/517 636/996/636
f 637/997/637 477/689/477 557/854/557
f 619/970/619 496/726/496 358/474/358
f 622/975/622 521/774/521 373/490/373
f 521/774/521 638/998/638 542/821/542
f 541/820/541 559/857/559 601/936/601
f 542/821/542 624/977/624 572/887/572
f 573/888/573 639/999/639 559/857/559
f 625/978/625 640/1000/640 572/887/572
f 640/1000/640 602/937/602 572/887/572
f 602/937/602 640/1000/640 626/979/626
f 575/939/575 560/1001/560 604/941/604
f 626/979/626 627/980/627 576/891/576
f 604/941/604 560/1001/560 641/1002/641
f 585/1003/585 641/1002/641 560/1001/560
f 577/892/577 642/1004/642 586/909/586
f 585/1003/585 561/1005/561 643/1006/643
f 486/833/486 562/864/562 644/1007/644
f 547/835/547 468/668/468 486/706/486
f 628/981/628 467/667/467 645/1008/645
f 629/984/629 528/949/528 588/1009/588
f 608/1010/608 549/1011/549 548/1012/548
f 605/1013/605 611/955/611 606/1014/606
f 646/1015/646 591/919/591 580/897/580
f 580/897/580 590/917/590 646/1015/646
f 647/1016/647 614/1017/614 489/1018/489
f 489/716/489 592/922/592 647/1019/647
f 510/751/510 648/1020/648 581/899/581
f 532/797/532 593/923/593 649/1021/649
f 595/962/595 650/1022/650 593/963/593
f 447/639/447 651/1023/651 568/879/568
f 617/968/617 323/812/323 636/996/636
f 539/815/539 619/970/619 371/488/371
f 557/854/557 453/856/453 558/855/558
f 306/403/306 498/731/498 409/553/409
f 520/773/520 601/936/601 623/976/623
f 638/998/638 624/977/624 542/821/542
f 601/936/601 559/857/559 652/1024/652
f 559/857/559 639/999/639 652/1024/652
f 573/888/573 653/1025/653 639/999/639
f 573/888/573 603/1026/603 653/1025/653
f 603/1026/603 604/1027/604 654/1028/654
f 627/980/627 655/1029/655 642/1004/642
f 627/980/627 642/1004/642 577/892/577
f 642/1004/642 656/1030/656 586/909/586
f 585/1003/585 643/1006/643 641/1002/641
f 586/909/586 656/1030/656 562/911/562
f 562/911/562 656/1030/656 644/1031/644
f 486/833/486 657/1032/657 547/1033/547
f 607/945/607 658/1034/658 608/946/608
f 608/946/608 659/1035/659 660/1036/660
f 608/1010/608 660/1037/660 549/1011/549
f 509/749/509 645/1008/645 467/667/467
f 579/1038/579 510/751/510 470/1039/470
f 661/1040/661 629/982/629 588/913/588
f 630/1041/630 611/952/611 605/1042/605
f 606/1014/606 611/955/611 591/954/591
f 606/944/606 662/1043/662 607/945/607
f 610/951/610 663/1044/663 588/913/588
f 591/954/591 646/1045/646 606/1014/606
f 532/900/532 664/1046/664 592/961/592
f 647/1019/647 592/922/592 664/1047/664
f 493/723/493 563/916/563 665/1048/665
f 631/987/631 666/1049/666 613/957/613
f 566/877/566 651/1023/651 447/639/447
f 514/764/514 632/989/632 567/878/567
f 450/642/450 667/1050/667 556/852/556
f 451/643/451 538/808/538 668/1051/668
f 451/643/451 668/1051/668 635/995/635
f 669/1052/669 619/970/619 539/815/539
f 603/1026/603 654/1028/654 653/1025/653
f 604/1027/604 670/1053/670 654/1028/654
f 604/1027/604 641/1054/641 670/1053/670
f 671/1055/671 656/1030/656 642/1004/642
f 486/833/486 644/1007/644 657/1032/657
f 547/835/547 672/1056/672 487/707/487
f 658/1034/658 659/1035/659 608/946/608
f 563/865/563 527/786/527 673/1057/673
f 487/707/487 610/1058/610 469/671/469
f 588/913/588 674/1059/674 661/1040/661
f 607/1060/607 662/1061/662 675/1062/675
f 606/944/606 646/1063/646 662/1043/662
f 662/1061/662 646/1064/646 590/921/590
f 589/914/589 613/957/613 676/1065/676
f 613/957/613 677/1066/677 676/1065/676
f 615/1067/615 552/1068/552 678/1069/678
f 530/790/530 679/1070/679 531/791/531
f 594/1071/594 531/1072/531 679/1073/679
f 650/1074/650 649/1075/649 593/1076/593
f 613/957/613 666/1049/666 677/1066/677
f 594/1077/594 680/1078/680 666/1079/666
f 594/1077/594 666/1079/666 631/1080/631
f 581/1081/581 681/1082/681 596/1083/596
f 581/1084/581 682/1085/682 681/1086/681
f 665/1048/665 566/877/566 493/723/493
f 538/808/538 683/1087/683 668/1051/668
f 452/903/452 684/1088/684 517/814/517
f 452/903/452 618/969/618 684/1088/684
f 496/726/496 685/1089/685 454/646/454
f 429/601/429 686/1090/686 394/529/394
f 620/973/620 621/974/621 326/427/326
f 625/1091/625 687/1092/687 640/1093/640
f 626/979/626 640/1000/640 688/1094/688
f 687/1092/687 688/1095/688 640/1093/640
f 653/1025/653 689/1096/689 639/999/639
f 653/1025/653 654/1028/654 689/1096/689
f 687/1092/687 690/1097/690 688/1095/688
f 654/1028/654 691/1098/691 689/1096/689
f 688/1094/688 627/980/627 626/979/626
f 692/1099/692 644/1031/644 656/1030/656
f 643/1100/643 561/863/561 693/1101/693
f 561/863/561 578/893/578 694/1102/694
f 695/1103/695 629/982/629 661/1040/661
f 659/1035/659 696/1104/696 660/1036/660
f 629/982/629 695/1103/695 630/983/630
f 589/914/589 676/1065/676 527/915/527
f 674/1059/674 588/913/588 663/1044/663
f 590/921/590 614/958/614 662/1061/662
f 532/900/532 697/1105/697 664/1046/664
f 530/790/530 698/1106/698 679/1070/679
f 530/794/530 615/959/615 698/1107/698
f 532/797/532 649/1021/649 697/1108/697
f 595/927/595 699/1109/699 650/1110/650
f 595/927/595 582/926/582 699/1109/699
f 582/926/582 596/1111/596 699/1109/699
f 568/879/568 700/1112/700 583/902/583
f 701/1113/701 343/455/343 616/966/616
f 702/1114/702 536/1115/536 617/1116/617
f 636/996/636 517/814/517 703/1117/703
f 570/885/570 600/935/600 495/725/495
f 669/1052/669 539/815/539 600/935/600
f 620/973/620 372/489/372 394/529/394
f 704/1118/704 518/972/518 540/1119/540
f 623/976/623 601/936/601 705/1120/705
f 638/998/638 706/1121/706 624/977/624
f 705/1120/705 601/936/601 652/1024/652
f 688/1094/688 690/1122/690 627/980/627
f 690/1122/690 655/1029/655 627/980/627
f 690/1123/690 707/1124/707 655/1125/655
f 670/1053/670 691/1098/691 654/1028/654
f 670/1053/670 641/1054/641 693/1101/693
f 671/1055/671 642/1004/642 655/1029/655
f 641/1054/641 643/1100/643 693/1101/693
f 671/1055/671 692/1099/692 656/1030/656
f 610/1058/610 487/707/487 672/1056/672
f 630/983/630 695/1103/695 708/1126/708
f 658/1127/658 607/1060/607 675/1062/675
f 648/1020/648 510/751/510 579/1038/579
f 709/1128/709 550/840/550 549/838/549
f 678/1129/678 698/1107/698 615/959/615
f 678/1069/678 552/1068/552 708/1130/708
f 611/952/611 708/1131/708 552/868/552
f 647/1019/647 664/1047/664 697/1132/697
f 680/1133/680 594/1134/594 679/1135/679
f 677/1136/677 666/1137/666 710/1138/710
f 699/1109/699 596/1111/596 681/1139/681
f 534/803/534 711/1140/711 391/523/391
f 711/1141/711 598/931/598 391/599/391
f 450/642/450 599/932/599 667/1050/667
f 555/934/555 536/933/536 712/1142/712
f 536/933/536 702/1143/702 712/1142/712
f 455/816/455 478/818/478 713/1144/713
f 478/818/478 518/972/518 714/1145/714
f 621/974/621 519/772/519 497/730/497
f 670/1053/670 715/1146/715 691/1098/691
f 655/1125/655 707/1124/707 671/1147/671
f 670/1053/670 693/1101/693 715/1146/715
f 716/1148/716 671/1147/671 707/1124/707
f 561/863/561 694/1102/694 693/1101/693
f 717/1149/717 657/1032/657 644/1007/644
f 660/1037/660 709/1150/709 549/1011/549
f 527/915/527 676/1065/676 673/1151/673
f 661/1152/661 698/1153/698 695/1154/695
f 709/1128/709 718/1155/718 550/840/550
f 509/841/509 550/840/550 645/1156/645
f 662/1061/662 614/958/614 675/1062/675
f 658/1157/658 675/1158/675 647/1159/647
f 647/1160/647 719/1161/719 658/1162/658
f 659/1163/659 719/1164/719 697/1165/697
f 678/1069/678 695/1154/695 698/1153/698
f 675/1166/675 614/1017/614 647/1016/647
f 647/1167/647 697/1168/697 719/1169/719
f 563/916/563 720/1170/720 665/1048/665
f 650/1171/650 699/1172/699 649/1173/649
f 648/1020/648 721/1174/721 581/899/581
f 680/1133/680 710/1138/710 666/1137/666
f 581/899/581 721/1174/721 682/1175/682
f 612/956/612 567/878/567 722/1176/722
f 567/878/567 632/989/632 723/1177/723
f 476/686/476 724/1178/724 314/411/314
f 535/804/535 314/411/314 724/1178/724
f 494/724/494 725/1179/725 538/808/538
f 635/995/635 600/935/600 570/885/570
f 557/854/557 558/855/558 726/1180/726
f 455/816/455 713/1144/713 558/855/558
f 394/529/394 727/1181/727 620/973/620
f 498/1182/498 584/1183/584 409/1184/409
f 521/774/521 728/1185/728 638/998/638
f 639/999/639 729/1186/729 652/1024/652
f 689/1096/689 730/1187/730 639/999/639
f 687/1188/687 731/1189/731 690/1122/690
f 731/1189/731 707/1190/707 690/1122/690
f 691/1098/691 715/1146/715 732/1191/732
f 716/1148/716 692/1192/692 671/1147/671
f 693/1101/693 694/1102/694 715/1146/715
f 644/1031/644 692/1099/692 717/1193/717
f 694/1102/694 578/893/578 733/1194/733
f 578/894/578 587/942/587 733/1195/733
f 657/1196/657 672/1056/672 547/835/547
f 645/1008/645 734/1197/734 628/981/628
f 563/865/563 673/1057/673 720/1198/720
f 696/1199/696 659/1200/659 735/1201/735
f 663/1044/663 736/1202/736 674/1059/674
f 674/1059/674 736/1202/736 661/1040/661
f 610/951/610 737/1203/737 663/1044/663
f 630/1041/630 708/1131/708 611/952/611
f 658/1034/658 719/1204/719 659/1035/659
f 708/1130/708 695/1154/695 678/1069/678
f 699/1205/699 738/1206/738 649/1207/649
f 710/1208/710 739/1209/739 677/1210/677
f 583/902/583 700/1112/700 740/1211/740
f 598/931/598 725/1179/725 494/724/494
f 724/1178/724 741/1212/741 535/804/535
f 685/1089/685 686/1090/686 454/646/454
f 454/646/454 686/1090/686 429/601/429
f 622/975/622 742/1213/742 521/774/521
f 571/1214/571 623/1215/623 743/1216/743
f 638/998/638 728/1185/728 706/1121/706
f 624/977/624 744/1217/744 625/978/625
f 625/978/625 744/1217/744 687/1188/687
f 687/1188/687 745/1218/745 731/1189/731
f 628/981/628 746/1219/746 747/1220/747
f 696/1104/696 709/1128/709 660/1036/660
f 645/1008/645 748/1221/748 734/1197/734
f 661/1222/661 736/1223/736 698/1106/698
f 659/1200/659 697/1108/697 735/1201/735
f 680/1133/680 679/1135/679 749/1224/749
f 680/1133/680 749/1224/749 710/1138/710
f 699/1205/699 681/1225/681 738/1206/738
f 681/1086/681 750/1226/750 738/1227/738
f 710/1138/710 749/1224/749 739/1228/739
f 681/1086/681 682/1085/682 750/1226/750
f 567/878/567 723/1177/723 722/1176/722
f 343/455/343 701/1113/701 407/548/407
f 322/423/322 751/1229/751 355/471/355
f 668/1051/668 752/1230/752 635/995/635
f 684/1088/684 703/1117/703 517/814/517
f 498/731/498 571/886/571 584/904/584
f 652/1024/652 729/1186/729 705/1120/705
f 687/1188/687 744/1217/744 745/1218/745
f 691/1098/691 753/1231/753 689/1096/689
f 732/1191/732 753/1231/753 691/1098/691
f 715/1146/715 694/1102/694 732/1191/732
f 628/981/628 747/1220/747 587/912/587
f 673/1057/673 754/1232/754 720/1198/720
f 736/1202/736 663/1044/663 755/1233/755
f 663/1044/663 737/1203/737 755/1233/755
f 736/1223/736 756/1234/756 698/1106/698
f 550/840/550 748/1235/748 645/1156/645
f 698/1106/698 756/1234/756 679/1070/679
f 648/1020/648 757/1236/757 721/1174/721
f 721/1237/721 750/1226/750 682/1085/682
f 721/1174/721 758/1238/758 750/1239/750
f 651/1023/651 700/1112/700 568/879/568
f 759/1240/759 569/965/569 449/641/449
f 597/967/597 554/848/554 760/1241/760
f 634/994/634 599/932/599 344/456/344
f 725/1179/725 683/1087/683 538/808/538
f 636/996/636 761/1242/761 617/968/617
f 761/1242/761 636/996/636 703/1117/703
f 618/969/618 477/689/477 762/1243/762
f 762/1243/762 477/689/477 637/997/637
f 637/997/637 557/854/557 726/1180/726
f 621/974/621 763/1244/763 519/772/519
f 764/1245/764 716/1246/716 707/1190/707
f 765/1247/765 694/1102/694 733/1194/733
f 766/1248/766 657/1032/657 717/1149/717
f 657/1196/657 767/1249/767 672/1056/672
f 746/1219/746 628/981/628 734/1197/734
f 768/1250/768 709/1128/709 696/1104/696
f 609/947/609 612/985/612 769/1251/769
f 754/1252/754 665/1048/665 720/1170/720
f 676/1065/676 677/1066/677 770/1253/770
f 649/1021/649 738/1254/738 735/1201/735
f 677/1066/677 739/1255/739 770/1253/770
f 735/1201/735 738/1254/738 771/1256/771
f 612/956/612 722/1176/722 769/1257/769
f 739/1228/739 749/1224/749 772/1258/772
f 738/1254/738 750/1259/750 771/1256/771
f 758/1238/758 721/1174/721 757/1236/757
f 773/1260/773 566/877/566 665/1048/665
f 773/1260/773 651/1023/651 566/877/566
f 515/765/515 583/1261/583 774/1262/774
f 775/1263/775 724/1178/724 476/686/476
f 322/423/322 556/852/556 751/1229/751
f 776/1264/776 703/1117/703 684/1088/684
f 684/1088/684 618/969/618 776/1264/776
f 669/1052/669 777/1265/777 619/970/619
f 619/970/619 777/1265/777 496/726/496
f 496/726/496 777/1265/777 685/1089/685
f 558/855/558 713/1144/713 778/1266/778
f 620/973/620 779/1267/779 621/974/621
f 622/975/622 519/772/519 763/1244/763
f 742/1213/742 780/1268/780 521/774/521
f 639/999/639 730/1187/730 729/1186/729
f 689/1096/689 753/1231/753 781/1269/781
f 764/1245/764 692/1099/692 716/1246/716
f 764/1245/764 717/1193/717 692/1099/692
f 747/1270/747 733/1195/733 587/942/587
f 673/1271/673 676/1272/676 782/1273/782
f 755/1233/755 756/1274/756 736/1202/736
f 550/840/550 718/1155/718 748/1235/748
f 770/1253/770 739/1255/739 772/1275/772
f 632/989/632 759/1276/759 783/1277/783
f 632/989/632 569/880/569 759/1276/759
f 740/1278/740 774/1262/774 583/1261/583
f 534/803/534 633/990/633 784/1279/784
f 355/471/355 751/1229/751 785/1280/785
f 683/1281/683 786/1282/786 668/1283/668
f 617/968/617 761/1242/761 702/1143/702
f 518/972/518 704/1118/704 714/1145/714
f 584/1284/584 571/1285/571 743/1286/743
f 623/976/623 705/1120/705 787/1287/787
f 624/977/624 788/1288/788 744/1217/744
f 788/1288/788 745/1218/745 744/1217/744
f 731/1189/731 789/1289/789 707/1190/707
f 709/1290/709 768/1291/768 718/1292/718
f 579/895/579 609/947/609 790/1293/790
f 579/895/579 790/1293/790 648/1294/648
f 697/1108/697 649/1021/649 735/1201/735
f 770/1253/770 782/1295/782 676/1065/676
f 679/1070/679 756/1234/756 791/1296/791
f 679/1070/679 791/1296/791 749/1297/749
f 749/1297/749 791/1296/791 772/1298/772
f 772/1275/772 792/1299/792 770/1253/770
f 758/1300/758 793/1301/793 750/1302/750
f 758/1300/758 757/1303/757 793/1301/793
f 651/1023/651 773/1260/773 700/1112/700
f 723/1304/723 632/1305/632 783/1306/783
f 449/641/449 368/485/368 515/765/515
f 555/934/555 794/1307/794 616/992/616
f 555/934/555 712/1142/712 794/1307/794
f 535/804/535 741/1212/741 634/994/634
f 355/471/355 785/1280/785 554/848/554
f 584/1308/584 795/1309/795 540/1119/540
f 521/774/521 780/1268/780 728/1185/728
f 705/1120/705 796/1310/796 787/1287/787
f 705/1120/705 729/1186/729 796/1310/796
f 689/1096/689 781/1269/781 730/1187/730
f 753/1311/753 732/1312/732 797/1313/797
f 707/1190/707 789/1289/789 798/1314/798
f 707/1190/707 798/1314/798 764/1245/764
f 754/1232/754 673/1057/673 799/1315/799
f 673/1316/673 782/1317/782 799/1318/799
f 696/1104/696 800/1319/800 768/1250/768
f 696/1199/696 735/1201/735 800/1320/800
f 755/1321/755 801/1322/801 756/1234/756
f 801/1322/801 791/1296/791 756/1234/756
f 772/1323/772 802/1324/802 792/1325/792
f 791/1296/791 802/1326/802 772/1298/772
f 771/1256/771 750/1259/750 793/1327/793
f 754/1252/754 773/1260/773 665/1048/665
f 723/1304/723 783/1306/783 803/1328/803
f 407/548/407 701/1113/701 775/1263/775
f 476/686/476 407/548/407 775/1263/775
f 701/1113/701 616/966/616 794/1329/794
f 725/1179/725 786/1330/786 683/1087/683
f 635/995/635 752/1230/752 600/935/600
f 726/1180/726 558/855/558 778/1266/778
f 686/1090/686 727/1181/727 394/529/394
f 743/1216/743 623/1215/623 804/1331/804
f 742/1213/742 805/1332/805 780/1268/780
f 788/1288/788 706/1121/706 728/1185/728
f 706/1121/706 788/1288/788 624/977/624
f 730/1333/730 806/1334/806 729/1335/729
f 733/1336/733 807/1337/807 765/1338/765
f 672/1056/672 767/1249/767 610/1058/610
f 767/1249/767 808/1339/808 610/1058/610
f 755/1233/755 737/1203/737 801/1340/801
f 648/1020/648 790/1341/790 757/1236/757
f 759/1342/759 809/1343/809 783/1306/783
f 702/1143/702 761/1242/761 810/1344/810
f 669/1052/669 811/1345/811 777/1265/777
f 478/818/478 714/1145/714 812/1346/812
f 584/1308/584 743/1216/743 795/1309/795
f 804/1331/804 623/1215/623 787/1347/787
f 745/1218/745 813/1348/813 731/1189/731
f 813/1348/813 789/1289/789 731/1189/731
f 732/1312/732 814/1349/814 797/1313/797
f 732/1191/732 694/1102/694 814/1350/814
f 694/1102/694 765/1247/765 814/1350/814
f 747/1270/747 807/1351/807 733/1195/733
f 609/947/609 815/1352/815 790/1293/790
f 801/1353/801 816/1354/816 791/1355/791
f 735/1356/735 817/1357/817 818/1358/818
f 735/1356/735 771/1359/771 817/1357/817
f 771/1360/771 819/1361/819 820/1362/820
f 792/1363/792 802/1364/802 821/1365/821
f 757/1303/757 822/1366/822 793/1301/793
f 449/641/449 823/1367/823 759/1240/759
f 752/1230/752 824/1368/824 600/935/600
f 600/935/600 824/1368/824 669/1052/669
f 618/969/618 762/1243/762 776/1264/776
f 686/1090/686 685/1089/685 825/1369/825
f 728/1185/728 780/1268/780 788/1288/788
f 788/1370/788 826/1371/826 745/1372/745
f 730/1333/730 827/1373/827 806/1334/806
f 745/1372/745 826/1371/826 813/1374/813
f 730/1333/730 781/1375/781 827/1373/827
f 657/1196/657 766/1376/766 767/1249/767
f 737/1203/737 828/1377/828 801/1340/801
f 609/947/609 769/1251/769 815/1352/815
f 735/1378/735 818/1379/818 800/1380/800
f 791/1381/791 816/1382/816 829/1383/829
f 791/1381/791 829/1383/829 802/1384/802
f 771/1359/771 820/1385/820 817/1357/817
f 819/1361/819 830/1386/830 820/1362/820
f 770/1253/770 792/1299/792 831/1387/831
f 792/1299/792 832/1388/832 831/1387/831
f 793/1389/793 819/1390/819 771/1391/771
f 792/1299/792 821/1392/821 832/1388/832
f 793/1301/793 822/1366/822 819/1393/819
f 534/803/534 833/1394/833 711/1140/711
f 633/991/633 834/1395/834 835/1396/835
f 633/991/633 597/930/597 834/1395/834
f 668/1051/668 786/1330/786 752/1230/752
f 478/818/478 812/1346/812 713/1144/713
f 836/1397/836 727/1181/727 686/1090/686
f 620/973/620 837/1398/837 779/1267/779
f 704/1118/704 540/1119/540 795/1309/795
f 763/1244/763 742/1213/742 622/975/622
f 729/1335/729 806/1334/806 838/1399/838
f 781/1375/781 839/1400/839 827/1373/827
f 813/1401/813 840/1402/840 789/1403/789
f 781/1375/781 753/1311/753 839/1400/839
f 753/1311/753 797/1313/797 839/1400/839
f 789/1403/789 840/1402/840 798/1404/798
f 797/1313/797 814/1349/814 841/1405/841
f 764/1245/764 842/1406/842 717/1193/717
f 828/1377/828 843/1407/843 801/1340/801
f 610/951/610 844/1408/844 737/1203/737
f 801/1409/801 843/1410/843 816/1411/816
f 843/1410/843 845/1412/845 816/1411/816
f 816/1411/816 845/1412/845 829/1413/829
f 817/1414/817 820/1362/820 830/1386/830
f 845/1415/845 846/1416/846 829/1417/829
f 770/1253/770 831/1387/831 782/1295/782
f 819/1418/819 847/1419/847 830/1420/830
f 829/1421/829 832/1422/832 821/1423/821
f 802/1384/802 829/1383/829 821/1424/821
f 823/1367/823 809/1425/809 759/1240/759
f 669/1052/669 824/1368/824 811/1345/811
f 777/1265/777 848/1426/848 685/1089/685
f 727/1181/727 837/1398/837 620/973/620
f 779/1267/779 849/1427/849 621/974/621
f 787/1347/787 796/1428/796 850/1429/850
f 806/1430/806 851/1431/851 838/1432/838
f 806/1334/806 827/1373/827 851/1433/851
f 826/1434/826 852/1435/852 813/1348/813
f 797/1313/797 841/1405/841 839/1400/839
f 798/1404/798 840/1402/840 853/1436/853
f 814/1349/814 765/1338/765 841/1405/841
f 798/1404/798 853/1436/853 764/1437/764
f 764/1245/764 853/1438/853 842/1406/842
f 765/1338/765 854/1439/854 841/1405/841
f 717/1193/717 842/1406/842 855/1440/855
f 746/1441/746 856/1442/856 747/1443/747
f 828/1444/828 857/1445/857 843/1446/843
f 800/1380/800 818/1379/818 858/1447/858
f 818/1448/818 817/1449/817 858/1450/858
f 817/1451/817 830/1452/830 858/1453/858
f 832/1388/832 859/1454/859 831/1387/831
f 822/1366/822 860/1455/860 861/1456/861
f 757/1457/757 860/1458/860 822/1459/822
f 722/1460/722 862/1461/862 769/1462/769
f 773/1260/773 863/1463/863 700/1112/700
f 740/1211/740 700/1112/700 864/1464/864
f 534/803/534 784/1279/784 833/1394/833
f 598/931/598 865/1465/865 725/1179/725
f 634/994/634 866/1466/866 599/932/599
f 725/1179/725 867/1467/867 786/1330/786
f 726/1180/726 868/1468/868 637/997/637
f 685/1089/685 848/1426/848 825/1369/825
f 729/1335/729 838/1399/838 796/1428/796
f 827/1373/827 839/1400/839 869/1469/869
f 813/1348/813 870/1470/870 840/1471/840
f 840/1471/840 870/1470/870 871/1472/871
f 765/1473/765 872/1474/872 854/1475/854
f 855/1476/855 766/1248/766 717/1149/717
f 807/1351/807 747/1270/747 856/1477/856
f 769/1251/769 873/1478/873 815/1352/815
f 808/1479/808 844/1408/844 610/951/610
f 768/1480/768 874/1481/874 718/1482/718
f 843/1483/843 875/1484/875 845/1485/845
f 858/1486/858 876/1487/876 877/1488/877
f 858/1486/858 830/1489/830 876/1487/876
f 754/1252/754 878/1490/878 773/1260/773
f 822/1366/822 861/1456/861 819/1393/819
f 722/1460/722 723/1304/723 862/1461/862
f 723/1304/723 803/1328/803 862/1461/862
f 803/1328/803 783/1306/783 879/1491/879
f 809/1343/809 880/1492/880 783/1306/783
f 740/1278/740 864/1493/864 881/1494/881
f 774/1262/774 740/1278/740 881/1494/881
f 634/994/634 741/1212/741 882/1495/882
f 762/1243/762 883/1496/883 776/1264/776
f 637/997/637 868/1468/868 762/1243/762
f 825/1369/825 836/1397/836 686/1090/686
f 787/1347/787 850/1429/850 804/1331/804
f 780/1268/780 884/1497/884 788/1288/788
f 852/1435/852 870/1470/870 813/1348/813
f 885/1498/885 841/1405/841 854/1439/854
f 886/1499/886 768/1250/768 800/1319/800
f 828/1500/828 737/1501/737 844/1502/844
f 887/1503/887 858/1486/858 877/1488/877
f 858/1486/858 887/1503/887 800/1504/800
f 888/1505/888 769/1462/769 862/1461/862
f 875/1506/875 846/1416/846 845/1415/845
f 830/1507/830 889/1508/889 876/1509/876
f 830/1420/830 847/1419/847 889/1510/889
f 829/1417/829 846/1416/846 832/1511/832
f 819/1418/819 861/1512/861 847/1419/847
f 846/1416/846 859/1513/859 832/1511/832
f 890/1514/890 860/1515/860 757/1516/757
f 891/1517/891 863/1463/863 773/1260/773
f 879/1491/879 783/1306/783 880/1492/880
f 515/765/515 892/1518/892 449/641/449
f 835/1519/835 784/1279/784 633/990/633
f 834/1520/834 597/967/597 760/1241/760
f 760/1241/760 554/848/554 785/1280/785
f 893/1521/893 703/1117/703 776/1264/776
f 894/1522/894 778/1266/778 713/1144/713
f 713/1144/713 812/1346/812 894/1522/894
f 895/1523/895 714/1145/714 704/1118/704
f 849/1427/849 763/1244/763 621/974/621
f 743/1216/743 804/1331/804 896/1524/896
f 884/1497/884 897/1525/897 788/1288/788
f 796/1428/796 838/1399/838 898/1526/898
f 897/1527/897 826/1528/826 788/1529/788
f 897/1525/897 852/1435/852 826/1434/826
f 827/1373/827 869/1469/869 851/1433/851
f 839/1400/839 841/1405/841 869/1469/869
f 869/1469/869 841/1405/841 899/1530/899
f 840/1471/840 900/1531/900 853/1438/853
f 872/1532/872 765/1338/765 807/1337/807
f 828/1533/828 901/1534/901 857/1535/857
f 800/1319/800 887/1536/887 886/1499/886
f 828/1500/828 844/1502/844 901/1537/901
f 768/1250/768 886/1499/886 874/1538/874
f 799/1539/799 782/1540/782 902/1541/902
f 873/1478/873 769/1251/769 888/1542/888
f 718/1155/718 874/1538/874 748/1235/748
f 889/1543/889 847/1544/847 903/1545/903
f 847/1544/847 861/1546/861 904/1547/904
f 890/1514/890 904/1548/904 860/1515/860
f 861/1456/861 860/1455/860 904/1549/904
f 701/1113/701 905/1550/905 775/1263/775
f 784/1279/784 835/1519/835 906/1551/906
f 712/1142/712 702/1143/702 810/1344/810
f 761/1242/761 703/1117/703 893/1521/893
f 837/1398/837 907/1552/907 779/1267/779
f 897/1525/897 908/1553/908 852/1435/852
f 851/1554/851 909/1555/909 838/1556/838
f 852/1435/852 908/1553/908 870/1470/870
f 908/1553/908 910/1557/910 870/1470/870
f 909/1555/909 851/1554/851 869/1558/869
f 871/1472/871 900/1531/900 840/1471/840
f 899/1530/899 841/1405/841 885/1498/885
f 900/1531/900 855/1440/855 853/1438/853
f 853/1438/853 855/1440/855 842/1406/842
f 854/1559/854 872/1560/872 885/1561/885
f 734/1562/734 911/1563/911 746/1441/746
f 857/1564/857 901/1565/901 912/1566/912
f 734/1567/734 748/1235/748 911/1568/911
f 808/1479/808 913/1569/913 844/1408/844
f 857/1564/857 912/1566/912 843/1570/843
f 877/1571/877 914/1572/914 887/1573/887
f 843/1570/843 912/1566/912 875/1574/875
f 912/1566/912 846/1575/846 875/1574/875
f 877/1571/877 876/1576/876 914/1572/914
f 876/1576/876 889/1543/889 914/1572/914
f 889/1543/889 903/1545/903 914/1572/914
f 878/1490/878 891/1517/891 773/1260/773
f 847/1544/847 904/1547/904 903/1545/903
f 775/1263/775 915/1577/915 724/1178/724
f 724/1178/724 915/1577/915 741/1212/741
f 865/1465/865 867/1467/867 725/1179/725
f 786/1330/786 867/1467/867 752/1230/752
f 726/1180/726 778/1266/778 868/1468/868
f 916/1578/916 805/1332/805 742/1213/742
f 780/1268/780 805/1332/805 917/1579/917
f 870/1470/870 910/1557/910 871/1472/871
f 869/1558/869 918/1580/918 909/1555/909
f 869/1558/869 899/1581/899 918/1580/918
f 910/1557/910 919/1582/919 871/1472/871
f 919/1582/919 900/1531/900 871/1472/871
f 885/1561/885 920/1583/920 899/1581/899
f 856/1442/856 746/1441/746 921/1584/921
f 831/1387/831 859/1454/859 922/1585/922
f 846/1575/846 922/1586/922 859/1587/859
f 863/1463/863 864/1464/864 700/1112/700
f 515/765/515 774/1262/774 892/1518/892
f 711/1141/711 833/1588/833 598/931/598
f 833/1588/833 865/1465/865 598/931/598
f 810/1344/810 761/1242/761 923/1589/923
f 883/1496/883 762/1243/762 868/1468/868
f 742/1213/742 763/1244/763 916/1578/916
f 805/1332/805 924/1590/924 917/1579/917
f 796/1428/796 898/1526/898 850/1429/850
f 884/1497/884 925/1591/925 897/1525/897
f 899/1581/899 920/1583/920 918/1580/918
f 900/1531/900 919/1582/919 926/1592/926
f 900/1531/900 926/1592/926 855/1440/855
f 885/1561/885 872/1560/872 920/1583/920
f 748/1235/748 927/1593/927 911/1568/911
f 912/1566/912 928/1594/928 846/1575/846
f 790/1595/790 890/1514/890 757/1516/757
f 846/1575/846 928/1594/928 922/1586/922
f 890/1514/890 929/1596/929 904/1548/904
f 833/1394/833 784/1279/784 906/1551/906
f 794/1307/794 712/1142/712 930/1597/930
f 556/852/556 931/1598/931 751/1229/751
f 599/932/599 866/1466/866 667/1050/667
f 752/1230/752 867/1467/867 932/1599/932
f 895/1523/895 933/1600/933 714/1145/714
f 849/1427/849 934/1601/934 763/1244/763
f 850/1429/850 935/1602/935 804/1331/804
f 917/1579/917 884/1497/884 780/1268/780
f 838/1399/838 936/1603/936 898/1526/898
f 838/1399/838 909/1604/909 936/1603/936
f 897/1525/897 937/1605/937 908/1553/908
f 908/1553/908 937/1605/937 910/1557/910
f 807/1337/807 938/1606/938 872/1532/872
f 901/1537/901 844/1502/844 913/1607/913
f 815/1352/815 939/1608/939 790/1293/790
f 913/1569/913 808/1479/808 940/1609/940
f 782/1295/782 941/1610/941 902/1611/902
f 790/1595/790 939/1612/939 890/1514/890
f 782/1295/782 831/1387/831 941/1610/941
f 903/1545/903 904/1547/904 929/1613/929
f 890/1614/890 942/1615/942 929/1616/929
f 890/1617/890 943/1618/943 942/1619/942
f 836/1397/836 837/1398/837 727/1181/727
f 944/1620/944 743/1216/743 896/1524/896
f 934/1601/934 916/1578/916 763/1244/763
f 925/1591/925 937/1605/937 897/1525/897
f 919/1582/919 910/1557/910 945/1621/945
f 938/1622/938 807/1351/807 856/1477/856
f 921/1584/921 746/1441/746 911/1563/911
f 886/1623/886 887/1573/887 914/1572/914
f 874/1538/874 927/1593/927 748/1235/748
f 946/1624/946 922/1625/922 928/1626/928
f 941/1627/941 831/1628/831 922/1629/922
f 947/1630/947 712/1142/712 810/1344/810
f 868/1468/868 778/1266/778 948/1631/948
f 949/1632/949 704/1118/704 795/1309/795
f 896/1524/896 804/1331/804 935/1602/935
f 945/1621/945 926/1592/926 919/1582/919
f 950/1633/950 920/1634/920 872/1532/872
f 855/1476/855 951/1635/951 766/1248/766
f 886/1499/886 952/1636/952 874/1538/874
f 901/1637/901 953/1638/953 912/1639/912
f 912/1640/912 953/1641/953 928/1642/928
f 953/1641/953 954/1643/954 928/1642/928
f 903/1644/903 955/1645/955 914/1646/914
f 939/1612/939 943/1647/943 890/1514/890
f 929/1648/929 956/1649/956 903/1644/903
f 862/1461/862 803/1328/803 957/1650/957
f 809/1425/809 823/1367/823 958/1651/958
f 701/1113/701 794/1329/794 930/1652/930
f 760/1241/760 785/1280/785 959/1653/959
f 810/1654/810 923/1655/923 960/1656/960
f 761/1242/761 961/1657/961 923/1589/923
f 868/1468/868 962/1658/962 883/1496/883
f 963/1659/963 964/1660/964 777/1265/777
f 795/1309/795 743/1216/743 944/1620/944
f 924/1590/924 805/1332/805 916/1578/916
f 937/1605/937 945/1621/945 910/1557/910
f 909/1604/909 965/1661/965 936/1603/936
f 909/1604/909 918/1662/918 965/1661/965
f 855/1440/855 926/1592/926 951/1663/951
f 966/1664/966 808/1339/808 767/1249/767
f 967/1665/967 886/1499/886 968/1666/968
f 886/1499/886 914/1667/914 968/1666/968
f 914/1646/914 955/1645/955 968/1668/968
f 902/1611/902 941/1610/941 969/1669/969
f 955/1645/955 903/1644/903 956/1649/956
f 929/1670/929 970/1671/970 956/1672/956
f 922/1629/922 946/1673/946 941/1627/941
f 929/1674/929 971/1675/971 970/1676/970
f 929/1677/929 942/1619/942 971/1678/971
f 942/1619/942 972/1679/972 971/1678/971
f 862/1461/862 957/1650/957 973/1680/973
f 943/1618/943 972/1679/972 942/1619/942
f 803/1328/803 974/1681/974 957/1650/957
f 803/1328/803 879/1491/879 974/1681/974
f 775/1263/775 975/1682/975 915/1577/915
f 760/1241/760 959/1653/959 834/1520/834
f 810/1344/810 960/1683/960 947/1630/947
f 893/1521/893 961/1657/961 761/1242/761
f 752/1230/752 932/1599/932 824/1368/824
f 776/1264/776 976/1684/976 977/1685/977
f 811/1345/811 824/1368/824 963/1659/963
f 811/1345/811 963/1659/963 777/1265/777
f 964/1660/964 848/1426/848 777/1265/777
f 778/1266/778 894/1522/894 948/1631/948
f 812/1346/812 714/1145/714 933/1600/933
f 924/1590/924 978/1686/978 917/1579/917
f 935/1602/935 850/1429/850 979/1687/979
f 917/1579/917 978/1686/978 884/1497/884
f 754/1232/754 799/1315/799 878/1688/878
f 901/1637/901 980/1689/980 953/1638/953
f 980/1690/980 981/1691/981 953/1692/953
f 953/1692/953 981/1691/981 954/1693/954
f 968/1694/968 955/1695/955 982/1696/982
f 954/1643/954 981/1697/981 928/1642/928
f 888/1505/888 862/1461/862 973/1680/973
f 928/1698/928 981/1699/981 946/1700/946
f 741/1212/741 915/1577/915 983/1701/983
f 776/1264/776 977/1685/977 893/1521/893
f 850/1429/850 898/1526/898 979/1687/979
f 918/1662/918 920/1634/920 950/1633/950
f 886/1499/886 967/1665/967 952/1636/952
f 901/1637/901 913/1569/913 980/1689/980
f 984/1702/984 891/1517/891 878/1490/878
f 955/1695/955 956/1703/956 982/1696/982
f 956/1672/956 970/1671/970 982/1704/982
f 941/1627/941 985/1705/985 969/1706/969
f 981/1699/981 985/1707/985 946/1700/946
f 946/1673/946 985/1705/985 941/1627/941
f 971/1708/971 972/1709/972 970/1710/970
f 986/1711/986 972/1679/972 943/1618/943
f 701/1113/701 930/1652/930 905/1550/905
f 833/1394/833 906/1551/906 987/1712/987
f 833/1588/833 987/1713/987 865/1465/865
f 712/1142/712 947/1630/947 930/1597/930
f 894/1522/894 812/1346/812 988/1714/988
f 978/1686/978 925/1591/925 884/1497/884
f 965/1661/965 918/1662/918 950/1633/950
f 950/1633/950 872/1532/872 938/1606/938
f 766/1376/766 989/1715/989 966/1664/966
f 766/1376/766 966/1664/966 767/1249/767
f 921/1584/921 911/1563/911 927/1716/927
f 973/1680/973 873/1717/873 888/1505/888
f 980/1718/980 990/1719/990 981/1720/981
f 982/1721/982 970/1722/970 991/1723/991
f 939/1612/939 986/1724/986 943/1647/943
f 992/1725/992 985/1726/985 981/1727/981
f 993/1728/993 863/1463/863 891/1517/891
f 994/1729/994 864/1464/864 863/1463/863
f 880/1492/880 809/1343/809 958/1730/958
f 983/1701/983 882/1495/882 741/1212/741
f 961/1657/961 893/1521/893 977/1685/977
f 995/1731/995 824/1368/824 932/1599/932
f 988/1714/988 812/1346/812 933/1600/933
f 996/1732/996 837/1398/837 836/1397/836
f 907/1552/907 849/1427/849 779/1267/779
f 997/1733/997 937/1605/937 925/1591/925
f 936/1603/936 965/1661/965 998/1734/998
f 999/1735/999 980/1689/980 913/1569/913
f 913/1569/913 940/1609/940 999/1735/999
f 980/1689/980 999/1735/999 990/1736/990
f 968/1666/968 1000/1737/1000 967/1665/967
f 874/1538/874 1001/1738/1001 927/1593/927
f 968/1739/968 982/1740/982 1000/1741/1000
f 982/1721/982 991/1723/991 1000/1742/1000
f 981/1743/981 990/1744/990 992/1745/992
f 970/1722/970 1002/1746/1002 991/1723/991
f 985/1747/985 992/1748/992 969/1749/969
f 1002/1746/1002 970/1722/970 972/1750/972
f 986/1751/986 1002/1752/1002 972/1753/972
f 863/1463/863 1003/1754/1003 994/1729/994
f 976/1684/976 776/1264/776 883/1496/883
f 868/1468/868 948/1631/948 962/1658/962
f 1004/1755/1004 825/1369/825 848/1426/848
f 825/1369/825 1005/1756/1005 836/1397/836
f 704/1118/704 949/1632/949 895/1523/895
f 907/1552/907 1006/1757/1006 849/1427/849
f 997/1733/997 1007/1758/1007 937/1605/937
f 937/1605/937 1008/1759/1008 945/1621/945
f 967/1665/967 1009/1760/1009 952/1636/952
f 878/1688/878 799/1315/799 1010/1761/1010
f 999/1762/999 1011/1763/1011 990/1764/990
f 939/1765/939 815/1766/815 1012/1767/1012
f 1000/1737/1000 1013/1768/1013 967/1665/967
f 991/1769/991 1014/1770/1014 1000/1771/1000
f 1011/1763/1011 1015/1772/1015 990/1764/990
f 990/1764/990 1015/1772/1015 992/1773/992
f 991/1769/991 1002/1774/1002 1014/1770/1014
f 969/1775/969 992/1776/992 1016/1777/1016
f 930/1652/930 1017/1778/1017 905/1550/905
f 834/1520/834 959/1653/959 1018/1779/1018
f 930/1597/930 947/1630/947 1019/1780/1019
f 865/1465/865 1020/1781/1020 867/1467/867
f 867/1467/867 995/1731/995 932/1599/932
f 795/1309/795 944/1620/944 949/1632/949
f 898/1526/898 936/1603/936 1021/1782/1021
f 936/1603/936 1022/1783/1022 1021/1782/1021
f 945/1621/945 1023/1784/1023 926/1592/926
f 856/1442/856 921/1584/921 1024/1785/1024
f 878/1688/878 1010/1761/1010 984/1786/984
f 808/1339/808 966/1664/966 1025/1787/1025
f 902/1788/902 1026/1789/1026 1010/1761/1010
f 799/1790/799 902/1791/902 1010/1792/1010
f 1009/1760/1009 967/1665/967 1013/1768/1013
f 984/1702/984 993/1728/993 891/1517/891
f 1015/1793/1015 1016/1777/1016 992/1776/992
f 1002/1774/1002 1027/1794/1027 1014/1770/1014
f 986/1795/986 1027/1796/1027 1002/1797/1002
f 863/1463/863 993/1728/993 1003/1754/1003
f 449/641/449 892/1518/892 823/1367/823
f 882/1495/882 866/1466/866 634/994/634
f 556/852/556 667/1050/667 931/1598/931
f 867/1467/867 1020/1781/1020 995/1731/995
f 1028/1798/1028 963/1659/963 824/1368/824
f 1029/1799/1029 883/1496/883 962/1658/962
f 1005/1756/1005 996/1732/996 836/1397/836
f 933/1600/933 1030/1800/1030 1031/1801/1031
f 935/1602/935 979/1687/979 1032/1802/1032
f 979/1687/979 898/1526/898 1021/1782/1021
f 936/1603/936 998/1734/998 1022/1783/1022
f 950/1633/950 1033/1803/1033 965/1661/965
f 1023/1784/1023 1034/1804/1034 926/1592/926
f 1034/1804/1034 951/1663/951 926/1592/926
f 873/1478/873 1012/1805/1012 815/1352/815
f 808/1479/808 1025/1806/1025 940/1609/940
f 1000/1771/1000 1014/1770/1014 1013/1807/1013
f 879/1491/879 880/1492/880 974/1681/974
f 880/1492/880 1035/1808/1035 974/1681/974
f 1036/1809/1036 774/1262/774 881/1494/881
f 785/1280/785 1037/1810/1037 959/1653/959
f 751/1229/751 1037/1810/1037 785/1280/785
f 995/1731/995 1038/1811/1038 824/1368/824
f 1038/1811/1038 1028/1798/1028 824/1368/824
f 825/1369/825 1039/1812/1039 1005/1756/1005
f 933/1600/933 895/1523/895 1030/1800/1030
f 1040/1813/1040 934/1601/934 849/1427/849
f 935/1602/935 1032/1802/1032 896/1524/896
f 978/1686/978 1041/1814/1041 1042/1815/1042
f 965/1661/965 1043/1816/1043 998/1734/998
f 937/1605/937 1007/1758/1007 1008/1759/1008
f 945/1621/945 1008/1759/1008 1023/1784/1023
f 1034/1804/1034 1044/1817/1044 951/1663/951
f 999/1818/999 1045/1819/1045 1011/1820/1011
f 1009/1821/1009 1013/1822/1013 1046/1823/1046
f 902/1611/902 969/1669/969 1026/1824/1026
f 1013/1822/1013 1014/1825/1014 1047/1826/1047
f 973/1680/973 957/1650/957 1048/1827/1048
f 1016/1828/1016 1049/1829/1049 969/1830/969
f 1016/1828/1016 1015/1831/1015 1049/1829/1049
f 986/1832/986 1050/1833/1050 1027/1834/1027
f 775/1263/775 905/1550/905 975/1682/975
f 930/1597/930 1019/1780/1019 1017/1835/1017
f 751/1229/751 931/1598/931 1037/1810/1037
f 848/1426/848 964/1660/964 1004/1755/1004
f 894/1522/894 988/1714/988 948/1631/948
f 934/1601/934 1051/1836/1051 916/1578/916
f 896/1524/896 1032/1802/1032 1052/1837/1052
f 924/1590/924 916/1578/916 1041/1814/1041
f 924/1590/924 1041/1814/1041 978/1686/978
f 1042/1815/1042 997/1733/997 978/1686/978
f 978/1686/978 997/1733/997 925/1591/925
f 965/1661/965 1033/1803/1033 1043/1816/1043
f 950/1633/950 938/1606/938 1053/1838/1053
f 938/1606/938 1054/1839/1054 1053/1838/1053
f 766/1248/766 951/1635/951 989/1840/989
f 921/1584/921 1055/1841/1055 1024/1785/1024
f 940/1609/940 1045/1842/1045 999/1735/999
f 1009/1760/1009 1046/1843/1046 952/1636/952
f 873/1478/873 973/1844/973 1056/1845/1056
f 952/1846/952 1001/1847/1001 874/1848/874
f 1013/1822/1013 1047/1826/1047 1046/1823/1046
f 1014/1825/1014 1057/1849/1057 1047/1826/1047
f 1014/1825/1014 1027/1850/1027 1057/1849/1057
f 969/1851/969 1049/1852/1049 1058/1853/1058
f 1027/1854/1027 1050/1855/1050 1059/1856/1059
f 957/1650/957 974/1681/974 1048/1827/1048
f 834/1520/834 1018/1779/1018 835/1519/835
f 1018/1857/1018 1060/1858/1060 835/1859/835
f 1061/1860/1061 1020/1781/1020 865/1465/865
f 1028/1798/1028 1062/1861/1062 963/1659/963
f 948/1631/948 1063/1862/1063 962/1658/962
f 825/1369/825 1004/1755/1004 1039/1812/1039
f 996/1732/996 907/1552/907 837/1398/837
f 896/1524/896 1052/1837/1052 944/1620/944
f 1021/1782/1021 1022/1783/1022 1064/1863/1064
f 1033/1803/1033 950/1633/950 1053/1838/1053
f 951/1635/951 1044/1864/1044 989/1840/989
f 938/1622/938 856/1477/856 1054/1865/1054
f 856/1477/856 1024/1866/1024 1054/1865/1054
f 927/1716/927 1055/1841/1055 921/1584/921
f 939/1867/939 1012/1868/1012 1065/1869/1065
f 864/1464/864 994/1729/994 881/1870/881
f 880/1492/880 958/1730/958 1035/1808/1035
f 987/1713/987 1061/1860/1061 865/1465/865
f 961/1657/961 1066/1871/1066 923/1589/923
f 1066/1871/1066 961/1657/961 1067/1872/1067
f 977/1685/977 976/1684/976 1067/1872/1067
f 976/1684/976 883/1496/883 1029/1799/1029
f 963/1659/963 1062/1861/1062 964/1660/964
f 948/1631/948 988/1714/988 1063/1862/1063
f 895/1523/895 949/1632/949 1068/1873/1068
f 916/1578/916 1051/1836/1051 1041/1814/1041
f 1055/1841/1055 927/1716/927 1069/1874/1069
f 940/1609/940 1070/1875/1070 1045/1842/1045
f 1046/1843/1046 1071/1876/1071 952/1636/952
f 952/1636/952 1071/1876/1071 1001/1738/1001
f 873/1478/873 1056/1845/1056 1012/1805/1012
f 973/1680/973 1048/1827/1048 1056/1877/1056
f 939/1612/939 1065/1878/1065 986/1724/986
f 1026/1824/1026 969/1669/969 1058/1879/1058
f 1011/1820/1011 1072/1880/1072 1015/1831/1015
f 1057/1849/1057 1027/1850/1027 1073/1881/1073
f 1027/1850/1027 1059/1882/1059 1073/1881/1073
f 1050/1855/1050 1074/1883/1074 1059/1856/1059
f 1050/1884/1050 986/1724/986 1074/1885/1074
f 974/1681/974 1075/1886/1075 1048/1827/1048
f 905/1550/905 1076/1887/1076 975/1682/975
f 961/1657/961 977/1685/977 1067/1872/1067
f 1030/1800/1030 895/1523/895 1068/1873/1068
f 1006/1757/1006 1040/1813/1040 849/1427/849
f 1077/1888/1077 1041/1814/1041 1051/1836/1051
f 1032/1802/1032 979/1687/979 1078/1889/1078
f 979/1687/979 1021/1782/1021 1078/1889/1078
f 1033/1803/1033 1053/1838/1053 1079/1890/1079
f 1080/1891/1080 1047/1892/1047 1081/1893/1081
f 1046/1843/1046 1047/1894/1047 1080/1895/1080
f 1045/1819/1045 1082/1896/1082 1011/1820/1011
f 1011/1820/1011 1082/1896/1082 1072/1880/1072
f 1015/1831/1015 1072/1880/1072 1049/1829/1049
f 1083/1897/1083 1049/1829/1049 1072/1880/1072
f 1049/1898/1049 1083/1899/1083 1058/1900/1058
f 1060/1901/1060 906/1551/906 835/1519/835
f 1084/1902/1084 1067/1872/1067 976/1684/976
f 976/1684/976 1029/1799/1029 1085/1903/1085
f 933/1600/933 1031/1801/1031 988/1714/988
f 1005/1756/1005 1086/1904/1086 996/1732/996
f 1087/1905/1087 1040/1813/1040 1006/1757/1006
f 997/1906/997 1088/1907/1088 1007/1908/1007
f 998/1734/998 1043/1816/1043 1089/1909/1089
f 1089/1909/1089 1043/1816/1043 1090/1910/1090
f 1043/1816/1043 1033/1803/1033 1090/1910/1090
f 1091/1911/1091 1092/1912/1092 1008/1913/1008
f 1090/1910/1090 1033/1803/1033 1079/1890/1079
f 1092/1912/1092 1023/1914/1023 1008/1913/1008
f 1092/1912/1092 1093/1915/1093 1023/1914/1023
f 1023/1914/1023 1093/1915/1093 1034/1916/1034
f 1080/1895/1080 1071/1876/1071 1046/1843/1046
f 1094/1917/1094 1082/1918/1082 1045/1919/1045
f 1082/1920/1082 1095/1921/1095 1072/1922/1072
f 1095/1921/1095 1096/1923/1096 1072/1922/1072
f 1057/1924/1057 1081/1893/1081 1047/1892/1047
f 986/1724/986 1097/1925/1097 1074/1885/1074
f 1096/1926/1096 1083/1927/1083 1072/1928/1072
f 1059/1856/1059 1074/1883/1074 1098/1929/1098
f 892/1518/892 1099/1930/1099 823/1367/823
f 1020/1781/1020 1100/1931/1100 995/1731/995
f 934/1601/934 1040/1813/1040 1051/1836/1051
f 998/1734/998 1101/1932/1101 1022/1783/1022
f 1088/1907/1088 1091/1911/1091 1007/1908/1007
f 1101/1932/1101 998/1734/998 1089/1909/1089
f 1007/1908/1007 1091/1911/1091 1008/1913/1008
f 1079/1890/1079 1102/1933/1102 1103/1934/1103
f 1079/1890/1079 1053/1838/1053 1102/1933/1102
f 1034/1804/1034 1104/1935/1104 1044/1817/1044
f 966/1664/966 1105/1936/1105 1025/1787/1025
f 1071/1937/1071 1106/1938/1106 1001/1939/1001
f 1065/1878/1065 1097/1925/1097 986/1724/986
f 1081/1893/1081 1057/1924/1057 1107/1940/1107
f 1057/1924/1057 1073/1941/1073 1107/1940/1107
f 1096/1942/1096 1108/1943/1108 1083/1944/1083
f 1073/1945/1073 1059/1946/1059 1107/1947/1107
f 1059/1948/1059 1098/1949/1098 1107/1950/1107
f 993/1728/993 1109/1951/1109 1003/1754/1003
f 1035/1808/1035 1075/1886/1075 974/1681/974
f 1003/1754/1003 1110/1952/1110 994/1729/994
f 1035/1808/1035 1111/1953/1111 1075/1886/1075
f 1112/1954/1112 994/1729/994 1110/1952/1110
f 1112/1954/1112 881/1870/881 994/1729/994
f 947/1630/947 960/1683/960 1113/1955/1113
f 1066/1871/1066 960/1683/960 923/1589/923
f 1114/1956/1114 1100/1931/1100 1020/1781/1020
f 1031/1801/1031 1030/1800/1030 1115/1957/1115
f 1116/1958/1116 907/1552/907 996/1732/996
f 1041/1814/1041 1117/1959/1117 1042/1815/1042
f 1078/1889/1078 1021/1782/1021 1118/1960/1118
f 1118/1960/1118 1021/1782/1021 1064/1863/1064
f 1101/1932/1101 1089/1909/1089 1119/1961/1119
f 1120/1962/1120 1089/1909/1089 1090/1910/1090
f 1121/1963/1121 1092/1964/1092 1091/1965/1091
f 1103/1934/1103 1090/1910/1090 1079/1890/1079
f 1122/1966/1122 1093/1967/1093 1092/1964/1092
f 1104/1968/1104 1034/1969/1034 1093/1970/1093
f 1105/1936/1105 966/1664/966 989/1715/989
f 1070/1875/1070 1094/1971/1094 1045/1842/1045
f 1123/1972/1123 984/1786/984 1010/1761/1010
f 1106/1938/1106 1071/1937/1071 1124/1973/1124
f 1070/1875/1070 940/1609/940 1025/1806/1025
f 1125/1974/1125 1095/1921/1095 1082/1920/1082
f 1094/1971/1094 1125/1975/1125 1082/1976/1082
f 1080/1977/1080 1081/1978/1081 1126/1979/1126
f 1127/1980/1127 1096/1981/1096 1095/1982/1095
f 1081/1978/1081 1107/1950/1107 1128/1983/1128
f 1127/1984/1127 1129/1985/1129 1096/1986/1096
f 1128/1983/1128 1107/1950/1107 1130/1987/1130
f 1129/1988/1129 1108/1989/1108 1096/1990/1096
f 1110/1952/1110 1003/1754/1003 1109/1951/1109
f 823/1367/823 1099/1930/1099 958/1651/958
f 906/1551/906 1131/1991/1131 987/1712/987
f 1132/1992/1132 983/1701/983 915/1577/915
f 1113/1955/1113 960/1683/960 1066/1871/1066
f 995/1731/995 1133/1993/1133 1038/1811/1038
f 1134/1994/1134 962/1658/962 1063/1862/1063
f 997/1733/997 1135/1995/1135 1088/1996/1088
f 1022/1997/1022 1101/1998/1101 1136/1999/1136
f 1088/1907/1088 1137/2000/1137 1091/1911/1091
f 1122/1966/1122 1138/2001/1138 1093/1967/1093
f 1138/2001/1138 1104/1935/1104 1093/1967/1093
f 1053/1838/1053 1054/1839/1054 1102/1933/1102
f 1070/1875/1070 1139/2002/1139 1094/1971/1094
f 1080/1895/1080 1126/2003/1126 1140/2004/1140
f 1001/1738/1001 1106/2005/1106 927/1593/927
f 1095/1921/1095 1125/1974/1125 1127/2006/1127
f 1081/1978/1081 1128/1983/1128 1126/1979/1126
f 1065/1878/1065 1141/2007/1141 1097/1925/1097
f 1123/2008/1123 993/1728/993 984/1702/984
f 1107/1950/1107 1098/1949/1098 1130/1987/1130
f 1058/2009/1058 1083/2010/1083 1108/2011/1108
f 1097/1925/1097 1142/2012/1142 1074/1885/1074
f 1074/1883/1074 1142/2013/1142 1098/1929/1098
f 1035/1808/1035 958/1730/958 1111/1953/1111
f 975/1682/975 1076/1887/1076 1132/1992/1132
f 987/1713/987 1143/2014/1143 1061/1860/1061
f 983/1701/983 1144/2015/1144 882/1495/882
f 1019/1780/1019 947/1630/947 1113/1955/1113
f 962/1658/962 1134/1994/1134 1029/1799/1029
f 988/1714/988 1145/2016/1145 1063/1862/1063
f 988/1714/988 1031/1801/1031 1145/2016/1145
f 949/1632/949 944/1620/944 1146/2017/1146
f 944/1620/944 1052/1837/1052 1146/2017/1146
f 1022/1783/1022 1136/2018/1136 1064/1863/1064
f 1088/2019/1088 1135/2020/1135 1137/2021/1137
f 1101/1932/1101 1147/2022/1147 1136/2018/1136
f 1089/1909/1089 1120/1962/1120 1119/1961/1119
f 1148/2023/1148 1121/1963/1121 1091/1965/1091
f 1090/1910/1090 1103/1934/1103 1120/1962/1120
f 1121/1963/1121 1122/1966/1122 1092/1964/1092
f 1080/1895/1080 1149/2024/1149 1071/1876/1071
f 1125/1975/1125 1094/1971/1094 1150/2025/1150
f 1080/1895/1080 1140/2004/1140 1149/2024/1149
f 1012/2026/1012 1151/2027/1151 1065/1878/1065
f 1125/1974/1125 1150/2028/1150 1152/2029/1152
f 1126/2030/1126 1153/2031/1153 1140/2032/1140
f 1125/1974/1125 1152/2029/1152 1127/2006/1127
f 1126/2030/1126 1128/2033/1128 1153/2031/1153
f 1152/2029/1152 1154/2034/1154 1127/2006/1127
f 1128/2033/1128 1130/2035/1130 1155/2036/1155
f 1127/2006/1127 1154/2034/1154 1129/2037/1129
f 1058/2009/1058 1108/2011/1108 1156/2038/1156
f 1129/1988/1129 1154/2039/1154 1108/1989/1108
f 1130/2040/1130 1098/1929/1098 1155/2041/1155
f 774/1262/774 1157/2042/1157 892/1518/892
f 1060/1901/1060 1158/2043/1158 906/1551/906
f 915/1577/915 975/1682/975 1132/1992/1132
f 1131/2044/1131 1143/2014/1143 987/1713/987
f 959/1653/959 1159/2045/1159 1018/1779/1018
f 882/1495/882 1160/2046/1160 866/1466/866
f 1061/1860/1061 1114/1956/1114 1020/1781/1020
f 1084/1902/1084 976/1684/976 1085/1903/1085
f 1028/1798/1028 1161/2047/1161 1062/1861/1062
f 996/1732/996 1086/1904/1086 1116/1958/1116
f 1051/2048/1051 1040/2049/1040 1162/2050/1162
f 1162/2051/1162 1077/1888/1077 1051/1836/1051
f 1078/1889/1078 1163/2052/1163 1032/1802/1032
f 1042/1815/1042 1135/1995/1135 997/1733/997
f 1091/1965/1091 1137/2053/1137 1148/2023/1148
f 1101/1932/1101 1119/1961/1119 1147/2022/1147
f 1103/1934/1103 1164/2054/1164 1120/1962/1120
f 1121/1963/1121 1165/2055/1165 1122/1966/1122
f 1103/2056/1103 1166/2057/1166 1164/2058/1164
f 1103/2056/1103 1102/2059/1102 1166/2057/1166
f 1102/1933/1102 1167/2060/1167 1166/2061/1166
f 1054/1839/1054 1167/2060/1167 1102/1933/1102
f 1054/1865/1054 1024/1866/1024 1167/2062/1167
f 1139/2063/1139 1070/2064/1070 1168/2065/1168
f 1128/2033/1128 1155/2036/1155 1153/2031/1153
f 1026/1824/1026 1058/1879/1058 1169/2066/1169
f 1098/1929/1098 1170/2067/1170 1155/2041/1155
f 1098/1929/1098 1142/2013/1142 1170/2067/1170
f 1123/2008/1123 1109/1951/1109 993/1728/993
f 905/1550/905 1017/1778/1017 1171/2068/1171
f 1017/1835/1017 1019/1780/1019 1171/2069/1171
f 1019/1780/1019 1172/2070/1172 1171/2069/1171
f 1019/1780/1019 1113/1955/1113 1172/2070/1172
f 1037/1810/1037 1159/2045/1159 959/1653/959
f 1100/1931/1100 1133/1993/1133 995/1731/995
f 1038/1811/1038 1161/2047/1161 1028/1798/1028
f 1077/2071/1077 1173/2072/1173 1041/2073/1041
f 1119/2074/1119 1174/2075/1174 1147/2076/1147
f 1148/2023/1148 1175/2077/1175 1121/1963/1121
f 1120/2078/1120 1176/2079/1176 1119/2080/1119
f 1120/2078/1120 1164/2081/1164 1176/2079/1176
f 1122/1966/1122 1165/2055/1165 1138/2001/1138
f 1044/1864/1044 1177/2082/1177 989/1840/989
f 989/1840/989 1177/2082/1177 1105/2083/1105
f 1071/1876/1071 1149/2024/1149 1124/2084/1124
f 1094/1971/1094 1139/2002/1139 1150/2025/1150
f 1012/1805/1012 1056/1845/1056 1151/2085/1151
f 1141/2007/1141 1178/2086/1178 1097/1925/1097
f 1058/1879/1058 1156/2087/1156 1169/2066/1169
f 1154/2039/1154 1156/2088/1156 1108/1989/1108
f 1178/2089/1178 1170/2090/1170 1097/2091/1097
f 1097/1925/1097 1170/2092/1170 1142/2012/1142
f 881/1494/881 1112/2093/1112 1036/1809/1036
f 906/1551/906 1158/2043/1158 1131/1991/1131
f 905/1550/905 1171/2068/1171 1076/1887/1076
f 882/1495/882 1144/2015/1144 1160/2046/1160
f 866/1466/866 1179/2094/1179 667/1050/667
f 1133/1993/1133 1180/2095/1180 1038/1811/1038
f 1181/2096/1181 1067/1872/1067 1084/1902/1084
f 1182/2097/1182 1004/1755/1004 964/1660/964
f 1068/1873/1068 949/1632/949 1146/2017/1146
f 1183/2098/1183 1118/1960/1118 1064/1863/1064
f 1136/2099/1136 1147/2076/1147 1174/2075/1174
f 1184/2100/1184 1137/2053/1137 1135/1995/1135
f 1184/2100/1184 1148/2023/1148 1137/2053/1137
f 1184/2100/1184 1175/2077/1175 1148/2023/1148
f 1119/1961/1119 1176/2101/1176 1174/2102/1174
f 1165/2055/1165 1121/1963/1121 1175/2077/1175
f 1138/2001/1138 1185/2103/1185 1104/1935/1104
f 1185/2103/1185 1044/1817/1044 1104/1935/1104
f 1186/2104/1186 1150/2025/1150 1139/2002/1139
f 1187/2105/1187 1151/2085/1151 1056/1845/1056
f 1188/2106/1188 1140/2107/1140 1189/2108/1189
f 1140/2107/1140 1153/2109/1153 1189/2108/1189
f 1187/2110/1187 1056/1877/1056 1048/1827/1048
f 1153/2109/1153 1155/2111/1155 1190/2112/1190
f 1191/2113/1191 1156/2114/1156 1154/2115/1154
f 1190/2112/1190 1155/2111/1155 1170/2116/1170
f 1192/2117/1192 1048/1827/1048 1075/1886/1075
f 1193/2118/1193 1060/1901/1060 1018/1779/1018
f 1085/1903/1085 1029/1799/1029 1194/2119/1194
f 1029/1799/1029 1134/1994/1134 1194/2119/1194
f 1041/1814/1041 1173/2120/1173 1117/1959/1117
f 1195/2121/1195 1032/1802/1032 1163/2052/1163
f 1183/2098/1183 1064/1863/1064 1136/2018/1136
f 1010/1761/1010 1026/1789/1026 1123/1972/1123
f 1139/2063/1139 1168/2065/1168 1186/2122/1186
f 1149/2024/1149 1140/2004/1140 1196/2123/1196
f 1151/2027/1151 1141/2007/1141 1065/1878/1065
f 1150/2124/1150 1197/2125/1197 1152/2126/1152
f 1152/2126/1152 1198/2127/1198 1154/2128/1154
f 1199/2129/1199 1191/2130/1191 1154/2131/1154
f 1192/2117/1192 1075/1886/1075 1200/2132/1200
f 1111/1953/1111 958/1730/958 1099/2133/1099
f 1037/1810/1037 1201/2134/1201 1159/2045/1159
f 667/1050/667 1179/2094/1179 931/1598/931
f 1062/1861/1062 1202/2135/1202 964/1660/964
f 907/1552/907 1116/1958/1116 1006/1757/1006
f 1087/2136/1087 1203/2137/1203 1040/2049/1040
f 1078/1889/1078 1118/1960/1118 1163/2052/1163
f 1042/2138/1042 1204/2139/1204 1135/2140/1135
f 1174/2102/1174 1176/2101/1176 1205/2141/1205
f 1176/2101/1176 1164/2054/1164 1205/2141/1205
f 1184/2142/1184 1206/2143/1206 1175/2144/1175
f 1164/2054/1164 1166/2061/1166 1207/2145/1207
f 1166/2061/1166 1167/2060/1167 1207/2145/1207
f 1185/2146/1185 1208/2147/1208 1044/2148/1044
f 1186/2104/1186 1209/2149/1209 1150/2025/1150
f 1124/1973/1124 1210/2150/1210 1106/1938/1106
f 1070/1875/1070 1025/1806/1025 1168/2151/1168
f 1106/2005/1106 1069/2152/1069 927/1593/927
f 1187/2110/1187 1048/1827/1048 1192/2117/1192
f 1201/2134/1201 1037/1810/1037 931/1598/931
f 1113/1955/1113 1066/1871/1066 1211/2153/1211
f 1066/1871/1066 1067/1872/1067 1211/2153/1211
f 1212/2154/1212 1039/1812/1039 1004/1755/1004
f 1212/2154/1212 1005/1756/1005 1039/1812/1039
f 1052/1837/1052 1032/1802/1032 1213/2155/1213
f 1213/2155/1213 1032/1802/1032 1195/2121/1195
f 1204/2139/1204 1042/2138/1042 1117/2156/1117
f 1214/2157/1214 1135/2140/1135 1204/2139/1204
f 1215/2158/1215 1184/2142/1184 1135/2140/1135
f 1165/2159/1165 1185/2146/1185 1138/2160/1138
f 1216/2161/1216 1167/2062/1167 1024/1866/1024
f 1216/2162/1216 1024/1785/1024 1055/1841/1055
f 1055/1841/1055 1069/1874/1069 1217/2163/1217
f 1210/2164/1210 1124/2084/1124 1149/2024/1149
f 1210/2150/1210 1218/2165/1218 1106/1938/1106
f 1219/2166/1219 1168/2151/1168 1025/1806/1025
f 1196/2167/1196 1140/2107/1140 1188/2106/1188
f 1153/2109/1153 1220/2168/1220 1189/2108/1189
f 1220/2168/1220 1153/2109/1153 1190/2112/1190
f 1156/2114/1156 1191/2113/1191 1221/2169/1221
f 1190/2170/1190 1170/2090/1170 1222/2171/1222
f 1178/2089/1178 1222/2171/1222 1170/2090/1170
f 1132/1992/1132 1076/1887/1076 1223/2172/1223
f 1211/2153/1211 1067/1872/1067 1181/2096/1181
f 1004/1755/1004 1182/2097/1182 1212/2154/1212
f 1214/2157/1214 1215/2158/1215 1135/2140/1135
f 1215/2158/1215 1206/2143/1206 1184/2142/1184
f 1136/2018/1136 1174/2102/1174 1224/2173/1224
f 1174/2102/1174 1205/2141/1205 1224/2173/1224
f 1175/2144/1175 1206/2143/1206 1165/2159/1165
f 1177/2082/1177 1044/1864/1044 1208/2174/1208
f 1150/2025/1150 1209/2149/1209 1225/2175/1225
f 1196/2123/1196 1210/2164/1210 1149/2024/1149
f 1026/1789/1026 1169/2176/1169 1123/1972/1123
f 1186/2122/1186 1168/2065/1168 1226/2177/1226
f 1154/2128/1154 1198/2127/1198 1199/2178/1199
f 1191/2113/1191 1199/2179/1199 1221/2169/1221
f 1111/1953/1111 1099/2133/1099 1227/2180/1227
f 1112/2093/1112 1228/2181/1228 1036/1809/1036
f 1036/1809/1036 1157/2042/1157 774/1262/774
f 1132/1992/1132 1144/2015/1144 983/1701/983
f 1229/2182/1229 1172/2070/1172 1113/1955/1113
f 1180/2095/1180 1161/2047/1161 1038/1811/1038
f 964/1660/964 1202/2135/1202 1182/2097/1182
f 1005/1756/1005 1230/2183/1230 1086/1904/1086
f 1068/1873/1068 1146/2017/1146 1231/2184/1231
f 1205/2141/1205 1164/2054/1164 1207/2145/1207
f 1185/2146/1185 1165/2159/1165 1206/2143/1206
f 1232/2185/1232 1167/2062/1167 1216/2161/1216
f 1219/2186/1219 1025/2187/1025 1105/2188/1105
f 1233/2189/1233 1234/2190/1234 1235/2191/1235
f 1234/2192/1234 1236/2193/1236 1235/2194/1235
f 1197/2125/1197 1198/2127/1198 1152/2126/1152
f 1237/2195/1237 1238/2196/1238 1198/2197/1198
f 1169/2198/1169 1156/2199/1156 1239/2200/1239
f 1220/2201/1220 1190/2202/1190 1240/2203/1240
f 1239/2200/1239 1156/2199/1156 1221/2204/1221
f 1198/2197/1198 1238/2196/1238 1199/2205/1199
f 1238/2206/1238 1221/2207/1221 1199/2208/1199
f 1109/1951/1109 1241/2209/1241 1110/1952/1110
f 1158/2043/1158 1060/1901/1060 1193/2118/1193
f 1242/2210/1242 1131/1991/1131 1158/2043/1158
f 1131/2044/1131 1243/2211/1243 1143/2014/1143
f 1244/2212/1244 1132/1992/1132 1223/2172/1223
f 1229/2182/1229 1113/1955/1113 1211/2153/1211
f 1181/2096/1181 1084/1902/1084 1245/2213/1245
f 1245/2213/1245 1084/1902/1084 1085/1903/1085
f 1246/2214/1246 1062/1861/1062 1161/2047/1161
f 1247/2215/1247 1063/1862/1063 1145/2016/1145
f 1212/2154/1212 1230/2183/1230 1005/1756/1005
f 1115/1957/1115 1030/1800/1030 1248/2216/1248
f 1030/1800/1030 1068/1873/1068 1248/2216/1248
f 1040/2049/1040 1203/2137/1203 1162/2050/1162
f 1249/2217/1249 1117/2156/1117 1173/2072/1173
f 1250/2218/1250 1136/2018/1136 1224/2173/1224
f 1207/2145/1207 1167/2060/1167 1232/2219/1232
f 1225/2220/1225 1251/2221/1251 1197/2125/1197
f 1251/2221/1251 1252/2222/1252 1197/2125/1197
f 1251/2223/1251 1253/2224/1253 1254/2225/1254
f 1189/2226/1189 1220/2227/1220 1255/2228/1255
f 1220/2227/1220 1240/2229/1240 1255/2228/1255
f 1238/2206/1238 1239/2230/1239 1221/2207/1221
f 1240/2231/1240 1190/2232/1190 1256/2233/1256
f 1190/2170/1190 1222/2171/1222 1256/2234/1256
f 1178/2086/1178 1257/2235/1257 1222/2236/1222
f 1075/1886/1075 1111/1953/1111 1200/2132/1200
f 1110/2237/1110 1241/2238/1241 1112/2239/1112
f 1111/1953/1111 1227/2180/1227 1200/2132/1200
f 1132/1992/1132 1244/2212/1244 1144/2015/1144
f 1061/1860/1061 1258/2240/1258 1114/1956/1114
f 1100/1931/1100 1259/2241/1259 1133/1993/1133
f 1202/2135/1202 1062/1861/1062 1246/2214/1246
f 1194/2119/1194 1134/1994/1134 1260/2242/1260
f 1077/2071/1077 1162/2243/1162 1173/2072/1173
f 1136/2018/1136 1250/2218/1250 1183/2098/1183
f 1206/2143/1206 1261/2244/1261 1185/2146/1185
f 1216/2161/1216 1262/2245/1262 1232/2185/1232
f 1177/2246/1177 1263/2247/1263 1105/2188/1105
f 1105/2188/1105 1263/2247/1263 1219/2186/1219
f 1196/2123/1196 1264/2248/1264 1210/2164/1210
f 1169/2176/1169 1265/2249/1265 1123/1972/1123
f 1150/2124/1150 1225/2220/1225 1197/2125/1197
f 1210/2150/1210 1264/2250/1264 1218/2165/1218
f 1187/2105/1187 1266/2251/1266 1151/2085/1151
f 1168/2151/1168 1219/2166/1219 1226/2252/1226
f 1267/2253/1267 1188/2254/1188 1236/2193/1236
f 1106/2005/1106 1268/2255/1268 1069/2152/1069
f 1236/2256/1236 1269/2257/1269 1235/2258/1235
f 1236/2193/1236 1188/2254/1188 1270/2259/1270
f 1169/2198/1169 1239/2200/1239 1265/2260/1265
f 1222/2171/1222 1257/2261/1257 1256/2234/1256
f 1112/2239/1112 1241/2238/1241 1228/2262/1228
f 1099/2133/1099 1271/2263/1271 1227/2180/1227
f 1018/1779/1018 1159/2045/1159 1193/2118/1193
f 1272/2264/1272 1201/2134/1201 931/1598/931
f 1063/1862/1063 1247/2215/1247 1134/1994/1134
f 1031/1801/1031 1273/2265/1273 1145/2016/1145
f 1031/1801/1031 1115/1957/1115 1273/2265/1273
f 1146/2017/1146 1052/1837/1052 1274/2266/1274
f 1213/2155/1213 1274/2266/1274 1052/1837/1052
f 1162/2243/1162 1275/2267/1275 1173/2072/1173
f 1195/2121/1195 1276/2268/1276 1213/2155/1213
f 1117/2156/1117 1249/2217/1249 1204/2139/1204
f 1277/2269/1277 1215/2158/1215 1214/2157/1214
f 1224/2173/1224 1205/2141/1205 1278/2270/1278
f 1205/2141/1205 1207/2145/1207 1279/2271/1279
f 1280/2272/1280 1261/2244/1261 1206/2143/1206
f 1207/2145/1207 1232/2219/1232 1281/2273/1281
f 1261/2244/1261 1282/2274/1282 1185/2146/1185
f 1185/2146/1185 1282/2274/1282 1208/2147/1208
f 1177/2082/1177 1208/2174/1208 1263/2275/1263
f 1234/2192/1234 1267/2253/1267 1236/2193/1236
f 1217/2163/1217 1069/1874/1069 1268/2276/1268
f 1151/2085/1151 1266/2251/1266 1283/2277/1283
f 1188/2254/1188 1267/2253/1267 1196/2278/1196
f 1151/2085/1151 1284/2279/1284 1141/2280/1141
f 1236/2281/1236 1270/2282/1270 1269/2283/1269
f 1235/2191/1235 1285/2284/1285 1233/2189/1233
f 1109/2285/1109 1286/2286/1286 1241/2238/1241
f 1286/2286/1286 1228/2262/1228 1241/2238/1241
f 866/1466/866 1160/2046/1160 1179/2094/1179
f 1118/1960/1118 1183/2098/1183 1163/2052/1163
f 1204/2139/1204 1287/2287/1287 1214/2157/1214
f 1207/2145/1207 1281/2273/1281 1279/2271/1279
f 1232/2288/1232 1288/2289/1288 1281/2290/1281
f 1123/1972/1123 1265/2249/1265 1289/2291/1289
f 1186/2122/1186 1226/2177/1226 1209/2292/1209
f 1251/2221/1251 1225/2220/1225 1253/2293/1253
f 1219/2166/1219 1290/2294/1290 1226/2252/1226
f 1188/2254/1188 1291/2295/1291 1270/2259/1270
f 1251/2296/1251 1254/2297/1254 1252/2298/1252
f 1188/2106/1188 1189/2108/1189 1291/2299/1291
f 1235/2191/1235 1292/2300/1292 1285/2284/1285
f 1269/2301/1269 1292/2302/1292 1235/2303/1235
f 1187/2110/1187 1192/2117/1192 1266/2304/1266
f 1198/2305/1198 1293/2306/1293 1237/2307/1237
f 1284/2308/1284 1257/2235/1257 1141/2007/1141
f 1123/2309/1123 1289/2310/1289 1109/2285/1109
f 1237/2311/1237 1294/2312/1294 1238/2313/1238
f 1141/2007/1141 1257/2235/1257 1178/2086/1178
f 1239/2230/1239 1294/2314/1294 1295/2315/1295
f 1238/2206/1238 1294/2314/1294 1239/2230/1239
f 1114/1956/1114 1258/2240/1258 1100/1931/1100
f 1181/2096/1181 1296/2316/1296 1211/2153/1211
f 1145/2016/1145 1273/2265/1273 1247/2215/1247
f 1249/2217/1249 1287/2287/1287 1204/2139/1204
f 1215/2158/1215 1297/2317/1297 1206/2143/1206
f 1297/2317/1297 1280/2272/1280 1206/2143/1206
f 1278/2270/1278 1205/2141/1205 1279/2271/1279
f 1298/2318/1298 1279/2319/1279 1288/2289/1288
f 1279/2319/1279 1281/2290/1281 1288/2289/1288
f 1261/2244/1261 1299/2320/1299 1282/2274/1282
f 1232/2219/1232 1300/2321/1300 1288/2322/1288
f 1301/2323/1301 1302/2324/1302 1282/2274/1282
f 1282/2274/1282 1302/2324/1302 1208/2147/1208
f 1232/2185/1232 1262/2245/1262 1303/2325/1303
f 1055/1841/1055 1217/2163/1217 1216/2162/1216
f 1225/2175/1225 1304/2326/1304 1253/2327/1253
f 1234/2328/1234 1305/2329/1305 1267/2330/1267
f 1234/2190/1234 1233/2189/1233 1305/2331/1305
f 1151/2085/1151 1283/2277/1283 1284/2279/1284
f 1306/2332/1306 1307/2333/1307 1308/2334/1308
f 1254/2335/1254 1304/2336/1304 1309/2337/1309
f 1285/2284/1285 1308/2338/1308 1233/2189/1233
f 1269/2301/1269 1310/2339/1310 1292/2302/1292
f 1252/2340/1252 1311/2341/1311 1197/2342/1197
f 1237/2311/1237 1293/2343/1293 1294/2312/1294
f 1198/2344/1198 1312/2345/1312 1293/2346/1293
f 1240/2347/1240 1256/2348/1256 1313/2349/1313
f 1256/2348/1256 1314/2350/1314 1313/2349/1313
f 1200/2132/1200 1315/2351/1315 1192/2117/1192
f 1036/1809/1036 1228/2181/1228 1157/2042/1157
f 1193/2118/1193 1316/2352/1316 1158/2043/1158
f 1171/2068/1171 1317/2353/1317 1076/1887/1076
f 1144/2015/1144 1318/2354/1318 1160/2046/1160
f 1143/2014/1143 1319/2355/1319 1061/1860/1061
f 1319/2355/1319 1258/2240/1258 1061/1860/1061
f 1133/1993/1133 1259/2241/1259 1180/2095/1180
f 1134/1994/1134 1320/2356/1320 1260/2242/1260
f 1134/1994/1134 1247/2215/1247 1320/2356/1320
f 1116/1958/1116 1321/2357/1321 1006/1757/1006
f 1006/1757/1006 1321/2357/1321 1087/1905/1087
f 1248/2216/1248 1068/1873/1068 1231/2184/1231
f 1274/2266/1274 1213/2155/1213 1322/2358/1322
f 1183/2098/1183 1323/2359/1323 1163/2052/1163
f 1323/2359/1323 1183/2098/1183 1250/2218/1250
f 1287/2287/1287 1277/2269/1277 1214/2157/1214
f 1297/2317/1297 1324/2360/1324 1280/2272/1280
f 1324/2360/1324 1325/2361/1325 1280/2272/1280
f 1278/2362/1278 1279/2319/1279 1326/2363/1326
f 1326/2363/1326 1279/2319/1279 1298/2318/1298
f 1325/2361/1325 1299/2320/1299 1280/2272/1280
f 1280/2272/1280 1299/2320/1299 1261/2244/1261
f 1288/2322/1288 1327/2364/1327 1298/2365/1298
f 1299/2320/1299 1301/2323/1301 1282/2274/1282
f 1305/2329/1305 1264/2248/1264 1267/2330/1267
f 1233/2189/1233 1308/2338/1308 1305/2331/1305
f 1328/2366/1328 1309/2367/1309 1304/2368/1304
f 1218/2369/1218 1329/2370/1329 1106/2005/1106
f 1307/2371/1307 1330/2372/1330 1328/2373/1328
f 1306/2374/1306 1330/2375/1330 1307/2376/1307
f 1252/2377/1252 1331/2378/1331 1311/2379/1311
f 1239/2200/1239 1332/2380/1332 1265/2260/1265
f 1257/2261/1257 1333/2381/1333 1256/2234/1256
f 1099/1930/1099 892/1518/892 1271/2382/1271
f 892/1518/892 1157/2042/1157 1334/2383/1334
f 1193/2118/1193 1335/2384/1335 1316/2352/1316
f 1131/1991/1131 1242/2210/1242 1243/2385/1243
f 1179/2094/1179 1272/2264/1272 931/1598/931
f 1172/2070/1172 1229/2182/1229 1336/2386/1336
f 1258/2240/1258 1337/2387/1337 1100/1931/1100
f 1337/2387/1337 1259/2241/1259 1100/1931/1100
f 1296/2316/1296 1181/2096/1181 1338/2388/1338
f 1182/2097/1182 1339/2389/1339 1212/2154/1212
f 1163/2052/1163 1340/2390/1340 1195/2121/1195
f 1224/2391/1224 1341/2392/1341 1250/2393/1250
f 1277/2269/1277 1342/2394/1342 1215/2158/1215
f 1224/2391/1224 1278/2362/1278 1341/2392/1341
f 1215/2158/1215 1342/2394/1342 1297/2317/1297
f 1342/2394/1342 1343/2395/1343 1297/2317/1297
f 1341/2392/1341 1278/2362/1278 1326/2363/1326
f 1343/2395/1343 1324/2360/1324 1297/2317/1297
f 1343/2395/1343 1344/2396/1344 1324/2360/1324
f 1326/2397/1326 1298/2365/1298 1345/2398/1345
f 1288/2322/1288 1300/2321/1300 1327/2364/1327
f 1232/2219/1232 1303/2399/1303 1300/2321/1300
f 1209/2149/1209 1346/2400/1346 1225/2175/1225
f 1304/2326/1304 1225/2175/1225 1346/2400/1346
f 1305/2329/1305 1347/2401/1347 1264/2248/1264
f 1267/2330/1267 1264/2248/1264 1196/2123/1196
f 1348/2402/1348 1349/2403/1349 1265/2249/1265
f 1253/2404/1253 1304/2336/1304 1254/2335/1254
f 1328/2405/1328 1304/2326/1304 1307/2406/1307
f 1209/2292/1209 1226/2177/1226 1350/2407/1350
f 1307/2333/1307 1305/2408/1305 1308/2334/1308
f 1106/2005/1106 1329/2370/1329 1268/2255/1268
f 1285/2284/1285 1292/2300/1292 1351/2409/1351
f 1197/2410/1197 1311/2411/1311 1352/2412/1352
f 1252/2413/1252 1353/2414/1353 1331/2415/1331
f 1252/2416/1252 1254/2417/1254 1353/2418/1353
f 1270/2419/1270 1354/2420/1354 1269/2421/1269
f 1270/2259/1270 1291/2295/1291 1354/2422/1354
f 1284/2308/1284 1333/2423/1333 1257/2235/1257
f 1239/2230/1239 1295/2315/1295 1332/2424/1332
f 1256/2425/1256 1333/2423/1333 1314/2426/1314
f 1289/2310/1289 1286/2286/1286 1109/2285/1109
f 1286/2286/1286 1355/2427/1355 1228/2262/1228
f 1143/2014/1143 1243/2211/1243 1319/2355/1319
f 1181/2096/1181 1245/2213/1245 1356/2428/1356
f 1180/2095/1180 1357/2429/1357 1161/2047/1161
f 1161/2047/1161 1357/2429/1357 1246/2214/1246
f 1202/2135/1202 1339/2389/1339 1182/2097/1182
f 1247/2215/1247 1273/2265/1273 1320/2356/1320
f 1086/1904/1086 1358/2430/1358 1116/1958/1116
f 1276/2268/1276 1322/2358/1322 1213/2155/1213
f 1163/2052/1163 1323/2359/1323 1340/2390/1340
f 1287/2287/1287 1359/2431/1359 1277/2269/1277
f 1277/2269/1277 1360/2432/1360 1342/2394/1342
f 1341/2433/1341 1345/2398/1345 1361/2434/1361
f 1341/2433/1341 1326/2397/1326 1345/2398/1345
f 1342/2394/1342 1362/2435/1362 1343/2395/1343
f 1324/2360/1324 1344/2396/1344 1325/2361/1325
f 1325/2361/1325 1344/2396/1344 1363/2436/1363
f 1325/2361/1325 1363/2436/1363 1299/2320/1299
f 1298/2365/1298 1327/2364/1327 1364/2437/1364
f 1363/2436/1363 1301/2323/1301 1299/2320/1299
f 1303/2399/1303 1365/2438/1365 1300/2321/1300
f 1217/2163/1217 1262/2439/1262 1216/2162/1216
f 1217/2163/1217 1366/2440/1366 1262/2439/1262
f 1265/2249/1265 1349/2403/1349 1289/2291/1289
f 1209/2292/1209 1350/2407/1350 1346/2441/1346
f 1307/2406/1307 1304/2326/1304 1367/2442/1367
f 1284/2279/1284 1283/2277/1283 1368/2443/1368
f 1264/2250/1264 1369/2444/1369 1218/2165/1218
f 1308/2334/1308 1285/2445/1285 1306/2332/1306
f 1354/2420/1354 1310/2446/1310 1269/2421/1269
f 1198/2127/1198 1197/2125/1197 1312/2447/1312
f 1294/2314/1294 1332/2424/1332 1295/2315/1295
f 1200/2132/1200 1227/2180/1227 1370/2448/1370
f 1193/2118/1193 1159/2045/1159 1371/2449/1371
f 1339/2389/1339 1372/2450/1372 1212/2154/1212
f 1212/2154/1212 1372/2450/1372 1230/2183/1230
f 1373/2451/1373 1359/2431/1359 1287/2287/1287
f 1374/2452/1374 1250/2393/1250 1341/2392/1341
f 1359/2431/1359 1360/2432/1360 1277/2269/1277
f 1342/2394/1342 1360/2432/1360 1362/2435/1362
f 1298/2365/1298 1364/2437/1364 1345/2398/1345
f 1375/2453/1375 1327/2364/1327 1376/2454/1376
f 1377/2455/1377 1301/2456/1301 1363/2457/1363
f 1327/2364/1327 1300/2321/1300 1376/2454/1376
f 1377/2455/1377 1302/2458/1302 1301/2456/1301
f 1377/2455/1377 1378/2459/1378 1302/2458/1302
f 1376/2454/1376 1300/2321/1300 1365/2438/1365
f 1379/2460/1379 1208/2147/1208 1302/2324/1302
f 1367/2442/1367 1305/2329/1305 1307/2406/1307
f 1380/2461/1380 1306/2332/1306 1285/2445/1285
f 1351/2462/1351 1380/2461/1380 1285/2445/1285
f 1265/2260/1265 1332/2380/1332 1381/2463/1381
f 1382/2464/1382 1294/2312/1294 1293/2343/1293
f 1382/2465/1382 1383/2466/1383 1294/2314/1294
f 1383/2466/1383 1332/2424/1332 1294/2314/1294
f 1313/2349/1313 1314/2350/1314 1384/2467/1384
f 1370/2448/1370 1315/2351/1315 1200/2132/1200
f 1316/2352/1316 1242/2210/1242 1158/2043/1158
f 1385/2468/1385 1159/2045/1159 1201/2134/1201
f 1386/2469/1386 1229/2182/1229 1211/2153/1211
f 1337/2387/1337 1258/2240/1258 1387/2470/1387
f 1259/2241/1259 1388/2471/1388 1180/2095/1180
f 1338/2388/1338 1181/2096/1181 1356/2428/1356
f 1085/1903/1085 1194/2119/1194 1245/2213/1245
f 1231/2184/1231 1146/2017/1146 1274/2266/1274
f 1275/2472/1275 1162/2050/1162 1203/2137/1203
f 1389/2473/1389 1276/2268/1276 1340/2390/1340
f 1340/2390/1340 1276/2268/1276 1195/2121/1195
f 1390/2474/1390 1249/2217/1249 1173/2072/1173
f 1391/2475/1391 1340/2390/1340 1323/2359/1323
f 1391/2475/1391 1323/2359/1323 1392/2476/1392
f 1392/2476/1392 1323/2359/1323 1250/2218/1250
f 1392/2476/1392 1250/2218/1250 1374/2477/1374
f 1344/2396/1344 1343/2395/1343 1362/2435/1362
f 1344/2478/1344 1393/2479/1393 1363/2457/1363
f 1364/2437/1364 1327/2364/1327 1375/2453/1375
f 1363/2457/1363 1394/2480/1394 1377/2455/1377
f 1302/2458/1302 1378/2459/1378 1379/2481/1379
f 1366/2440/1366 1217/2163/1217 1268/2276/1268
f 1346/2400/1346 1367/2442/1367 1304/2326/1304
f 1305/2329/1305 1367/2442/1367 1347/2401/1347
f 1347/2482/1347 1369/2444/1369 1264/2250/1264
f 1283/2483/1283 1266/2304/1266 1395/2484/1395
f 1226/2252/1226 1290/2294/1290 1350/2485/1350
f 1369/2486/1369 1329/2370/1329 1218/2369/1218
f 1312/2487/1312 1382/2488/1382 1293/2489/1293
f 1313/2490/1313 1255/2491/1255 1240/2492/1240
f 1384/2493/1384 1314/2426/1314 1333/2423/1333
f 1266/2304/1266 1192/2117/1192 1315/2351/1315
f 1315/2351/1315 1370/2448/1370 1396/2494/1396
f 1336/2386/1336 1229/2182/1229 1386/2469/1386
f 1386/2469/1386 1211/2153/1211 1397/2495/1397
f 1211/2153/1211 1296/2316/1296 1397/2495/1397
f 1320/2356/1320 1273/2265/1273 1398/2496/1398
f 1249/2217/1249 1373/2451/1373 1287/2287/1287
f 1374/2477/1374 1341/2433/1341 1361/2434/1361
f 1361/2434/1361 1345/2398/1345 1399/2497/1399
f 1362/2498/1362 1393/2479/1393 1344/2478/1344
f 1345/2398/1345 1400/2499/1400 1399/2497/1399
f 1345/2398/1345 1364/2437/1364 1400/2499/1400
f 1393/2479/1393 1394/2480/1394 1363/2457/1363
f 1400/2499/1400 1364/2437/1364 1375/2453/1375
f 1401/2500/1401 1378/2501/1378 1377/2502/1377
f 1263/2247/1263 1402/2503/1402 1219/2186/1219
f 1369/2504/1369 1347/2505/1347 1403/2506/1403
f 1265/2249/1265 1404/2507/1404 1348/2402/1348
f 1265/2260/1265 1381/2463/1381 1404/2508/1404
f 1306/2509/1306 1380/2510/1380 1330/2511/1330
f 1284/2308/1284 1368/2512/1368 1333/2423/1333
f 1289/2310/1289 1349/2513/1349 1286/2286/1286
f 1291/2295/1291 1405/2514/1405 1354/2422/1354
f 1368/2512/1368 1406/2515/1406 1333/2423/1333
f 1383/2516/1383 1381/2463/1381 1332/2380/1332
f 1333/2423/1333 1406/2515/1406 1384/2493/1384
f 1313/2349/1313 1384/2467/1384 1407/2517/1407
f 1315/2351/1315 1396/2494/1396 1266/2304/1266
f 1242/2210/1242 1408/2518/1408 1243/2385/1243
f 1171/2069/1171 1172/2070/1172 1317/2519/1317
f 1319/2355/1319 1387/2470/1387 1258/2240/1258
f 1202/2135/1202 1246/2214/1246 1339/2389/1339
f 1230/2183/1230 1358/2430/1358 1086/1904/1086
f 1358/2430/1358 1321/2357/1321 1116/1958/1116
f 1340/2390/1340 1391/2475/1391 1389/2473/1389
f 1373/2451/1373 1409/2520/1409 1359/2431/1359
f 1361/2434/1361 1399/2497/1399 1410/2521/1410
f 1411/2522/1411 1362/2498/1362 1360/2523/1360
f 1394/2524/1394 1393/2525/1393 1412/2526/1412
f 1394/2524/1394 1401/2500/1401 1377/2502/1377
f 1401/2500/1401 1413/2527/1413 1378/2501/1378
f 1378/2501/1378 1414/2528/1414 1379/2460/1379
f 1303/2399/1303 1415/2529/1415 1365/2438/1365
f 1263/2275/1263 1208/2174/1208 1402/2530/1402
f 1268/2276/1268 1329/2531/1329 1366/2440/1366
f 1219/2186/1219 1402/2503/1402 1290/2532/1290
f 1346/2441/1346 1350/2407/1350 1367/2533/1367
f 1367/2533/1367 1350/2407/1350 1403/2506/1403
f 1367/2533/1367 1403/2506/1403 1347/2505/1347
f 1197/2125/1197 1352/2534/1352 1312/2447/1312
f 1292/2302/1292 1310/2339/1310 1416/2535/1416
f 1381/2463/1381 1383/2516/1383 1382/2536/1382
f 1255/2491/1255 1313/2490/1313 1417/2537/1417
f 1313/2349/1313 1407/2517/1407 1417/2538/1417
f 1271/2263/1271 1370/2448/1370 1227/2180/1227
f 1223/2172/1223 1076/1887/1076 1418/2539/1418
f 1172/2070/1172 1336/2386/1336 1317/2519/1317
f 1159/2045/1159 1385/2468/1385 1371/2449/1371
f 1144/2015/1144 1244/2212/1244 1318/2354/1318
f 1259/2540/1259 1419/2541/1419 1388/2542/1388
f 1245/2213/1245 1194/2119/1194 1420/2543/1420
f 1115/1957/1115 1421/2544/1421 1273/2265/1273
f 1322/2358/1322 1422/2545/1422 1274/2266/1274
f 1275/2267/1275 1423/2546/1423 1173/2072/1173
f 1249/2217/1249 1390/2474/1390 1373/2451/1373
f 1362/2498/1362 1424/2547/1424 1393/2479/1393
f 1412/2526/1412 1401/2500/1401 1394/2524/1394
f 1413/2527/1413 1425/2548/1425 1378/2501/1378
f 1425/2548/1425 1414/2528/1414 1378/2501/1378
f 1414/2549/1414 1426/2550/1426 1379/2551/1379
f 1208/2174/1208 1426/2550/1426 1402/2530/1402
f 1379/2551/1379 1426/2550/1426 1208/2174/1208
f 1303/2325/1303 1262/2245/1262 1415/2552/1415
f 1369/2486/1369 1427/2553/1427 1329/2370/1329
f 1328/2554/1328 1428/2555/1428 1309/2556/1309
f 1328/2373/1328 1330/2372/1330 1428/2557/1428
f 1354/2420/1354 1429/2558/1429 1310/2446/1310
f 1430/2559/1430 1406/2515/1406 1368/2512/1368
f 1189/2560/1189 1255/2561/1255 1431/2562/1431
f 1406/2563/1406 1407/2564/1407 1384/2565/1384
f 1355/2427/1355 1157/2566/1157 1228/2262/1228
f 892/1518/892 1334/2383/1334 1432/2567/1432
f 1316/2352/1316 1408/2518/1408 1242/2210/1242
f 1388/2471/1388 1357/2429/1357 1180/2095/1180
f 1420/2543/1420 1194/2119/1194 1260/2242/1260
f 1231/2184/1231 1274/2266/1274 1433/2568/1433
f 1276/2268/1276 1389/2473/1389 1434/2569/1434
f 1390/2474/1390 1173/2072/1173 1423/2546/1423
f 1392/2476/1392 1374/2477/1374 1435/2570/1435
f 1409/2520/1409 1411/2571/1411 1359/2431/1359
f 1374/2477/1374 1361/2434/1361 1436/2572/1436
f 1411/2522/1411 1360/2523/1360 1359/2573/1359
f 1436/2572/1436 1361/2434/1361 1410/2521/1410
f 1424/2547/1424 1362/2498/1362 1411/2522/1411
f 1437/2574/1437 1399/2497/1399 1400/2499/1400
f 1401/2500/1401 1412/2526/1412 1438/2575/1438
f 1439/2576/1439 1376/2454/1376 1365/2438/1365
f 1427/2553/1427 1369/2486/1369 1403/2577/1403
f 1440/2578/1440 1404/2508/1404 1381/2463/1381
f 1417/2538/1417 1407/2517/1407 1406/2579/1406
f 1441/2580/1441 1355/2427/1355 1286/2286/1286
f 1418/2539/1418 1076/1887/1076 1317/2353/1317
f 1419/2541/1419 1259/2540/1259 1337/2581/1337
f 1260/2242/1260 1320/2356/1320 1442/2582/1442
f 1339/2583/1339 1443/2584/1443 1372/2585/1372
f 1273/2265/1273 1444/2586/1444 1398/2496/1398
f 1444/2586/1444 1273/2265/1273 1421/2544/1421
f 1230/2587/1230 1445/2588/1445 1358/2589/1358
f 1446/2590/1446 1275/2472/1275 1203/2137/1203
f 1389/2473/1389 1391/2475/1391 1447/2591/1447
f 1391/2475/1391 1392/2476/1392 1435/2570/1435
f 1374/2477/1374 1436/2572/1436 1435/2570/1435
f 1410/2521/1410 1399/2497/1399 1437/2574/1437
f 1448/2592/1448 1412/2526/1412 1424/2593/1424
f 1424/2593/1424 1412/2526/1412 1393/2525/1393
f 1437/2574/1437 1400/2499/1400 1449/2594/1449
f 1449/2594/1449 1400/2499/1400 1375/2453/1375
f 1401/2500/1401 1438/2575/1438 1413/2527/1413
f 1375/2453/1375 1376/2454/1376 1439/2576/1439
f 1439/2576/1439 1365/2438/1365 1450/2595/1450
f 1451/2596/1451 1452/2597/1452 1425/2548/1425
f 1453/2598/1453 1450/2599/1450 1454/2600/1454
f 1365/2438/1365 1415/2529/1415 1450/2595/1450
f 1415/2552/1415 1262/2245/1262 1455/2601/1455
f 1368/2443/1368 1283/2277/1283 1456/2602/1456
f 1427/2553/1427 1457/2603/1457 1329/2370/1329
f 1350/2485/1350 1290/2294/1290 1458/2604/1458
f 1350/2485/1350 1458/2604/1458 1403/2577/1403
f 1403/2577/1403 1458/2604/1458 1427/2553/1427
f 1459/2605/1459 1404/2508/1404 1440/2578/1440
f 1460/2606/1460 1428/2557/1428 1330/2372/1330
f 1292/2300/1292 1416/2607/1416 1351/2409/1351
f 1405/2608/1405 1291/2299/1291 1431/2609/1431
f 1291/2299/1291 1189/2108/1189 1431/2609/1431
f 1461/2610/1461 1353/2611/1353 1254/2335/1254
f 1440/2612/1440 1381/2613/1381 1382/2488/1382
f 1395/2484/1395 1266/2304/1266 1462/2614/1462
f 1255/2561/1255 1463/2615/1463 1431/2562/1431
f 1417/2537/1417 1463/2616/1463 1255/2491/1255
f 1406/2579/1406 1463/2617/1463 1417/2538/1417
f 1440/2612/1440 1382/2488/1382 1464/2618/1464
f 1382/2488/1382 1312/2487/1312 1464/2618/1464
f 1193/2118/1193 1371/2449/1371 1335/2384/1335
f 1201/2134/1201 1272/2264/1272 1465/2619/1465
f 1357/2620/1357 1466/2621/1466 1246/2622/1246
f 1246/2622/1246 1467/2623/1467 1339/2583/1339
f 1442/2582/1442 1320/2356/1320 1398/2496/1398
f 1087/2624/1087 1321/2625/1321 1203/2626/1203
f 1423/2546/1423 1275/2267/1275 1468/2627/1468
f 1390/2474/1390 1409/2520/1409 1373/2451/1373
f 1411/2571/1411 1448/2592/1448 1424/2593/1424
f 1448/2592/1448 1469/2628/1469 1412/2526/1412
f 1469/2628/1469 1438/2575/1438 1412/2526/1412
f 1449/2594/1449 1375/2453/1375 1439/2576/1439
f 1439/2629/1439 1470/2630/1470 1471/2631/1471
f 1470/2630/1470 1439/2629/1439 1453/2598/1453
f 1472/2632/1472 1425/2548/1425 1413/2527/1413
f 1451/2596/1451 1425/2548/1425 1472/2632/1472
f 1453/2598/1453 1439/2629/1439 1450/2599/1450
f 1473/2633/1473 1474/2634/1474 1451/2596/1451
f 1451/2596/1451 1474/2634/1474 1452/2597/1452
f 1453/2598/1453 1454/2600/1454 1475/2635/1475
f 1414/2528/1414 1452/2597/1452 1474/2634/1474
f 1454/2636/1454 1450/2637/1450 1476/2638/1476
f 1452/2597/1452 1414/2528/1414 1425/2548/1425
f 1450/2639/1450 1415/2640/1415 1477/2641/1477
f 1415/2552/1415 1455/2601/1455 1477/2642/1477
f 1290/2532/1290 1402/2503/1402 1478/2643/1478
f 1404/2508/1404 1459/2605/1459 1348/2644/1348
f 1330/2511/1330 1380/2510/1380 1460/2645/1460
f 1479/2646/1479 1406/2515/1406 1430/2559/1430
f 1349/2513/1349 1441/2580/1441 1286/2286/1286
f 1254/2335/1254 1309/2337/1309 1461/2610/1461
f 1311/2647/1311 1480/2648/1480 1352/2649/1352
f 1311/2379/1311 1331/2378/1331 1480/2650/1480
f 1312/2487/1312 1352/2649/1352 1464/2618/1464
f 1266/2304/1266 1396/2494/1396 1462/2614/1462
f 1355/2427/1355 1481/2651/1481 1157/2566/1157
f 1271/2382/1271 892/1518/892 1482/2652/1482
f 1418/2539/1418 1317/2353/1317 1483/2653/1483
f 1243/2654/1243 1484/2655/1484 1319/2656/1319
f 1336/2386/1336 1386/2469/1386 1485/2657/1485
f 1420/2543/1420 1356/2428/1356 1245/2213/1245
f 1357/2620/1357 1486/2658/1486 1466/2621/1466
f 1433/2568/1433 1274/2266/1274 1422/2545/1422
f 1276/2268/1276 1434/2569/1434 1487/2659/1487
f 1322/2358/1322 1276/2268/1276 1487/2659/1487
f 1434/2569/1434 1389/2473/1389 1447/2591/1447
f 1447/2591/1447 1391/2475/1391 1435/2570/1435
f 1409/2520/1409 1488/2660/1488 1411/2571/1411
f 1489/2661/1489 1490/2662/1490 1438/2575/1438
f 1491/2663/1491 1473/2633/1473 1490/2662/1490
f 1471/2631/1471 1492/2664/1492 1493/2665/1493
f 1490/2662/1490 1472/2632/1472 1438/2575/1438
f 1471/2631/1471 1470/2630/1470 1492/2664/1492
f 1449/2666/1449 1439/2629/1439 1471/2631/1471
f 1490/2662/1490 1473/2633/1473 1451/2596/1451
f 1490/2662/1490 1451/2596/1451 1472/2632/1472
f 1438/2575/1438 1472/2632/1472 1413/2527/1413
f 1470/2630/1470 1453/2598/1453 1475/2635/1475
f 1492/2664/1492 1470/2630/1470 1475/2635/1475
f 1494/2667/1494 1495/2668/1495 1473/2633/1473
f 1473/2633/1473 1495/2668/1495 1474/2634/1474
f 1475/2669/1475 1476/2670/1476 1496/2671/1496
f 1475/2669/1475 1454/2672/1454 1476/2670/1476
f 1474/2634/1474 1497/2673/1497 1414/2528/1414
f 1474/2634/1474 1495/2668/1495 1497/2673/1497
f 1450/2639/1450 1477/2641/1477 1476/2674/1476
f 1348/2402/1348 1498/2675/1498 1349/2403/1349
f 1368/2443/1368 1456/2602/1456 1430/2676/1430
f 1499/2677/1499 1348/2644/1348 1459/2605/1459
f 1500/2678/1500 1441/2580/1441 1349/2513/1349
f 1440/2578/1440 1501/2679/1501 1459/2605/1459
f 1352/2649/1352 1502/2680/1502 1464/2618/1464
f 1352/2649/1352 1480/2648/1480 1502/2680/1502
f 1353/2414/1353 1480/2681/1480 1331/2415/1331
f 1405/2514/1405 1429/2682/1429 1354/2422/1354
f 1479/2646/1479 1463/2683/1463 1406/2515/1406
f 1440/2612/1440 1464/2618/1464 1501/2684/1501
f 1463/2685/1463 1503/2686/1503 1431/2687/1431
f 1504/2688/1504 1396/2494/1396 1370/2448/1370
f 1481/2651/1481 1355/2427/1355 1441/2580/1441
f 1370/2448/1370 1271/2263/1271 1505/2689/1505
f 1482/2652/1482 892/1518/892 1432/2567/1432
f 1244/2690/1244 1223/2691/1223 1506/2692/1506
f 1272/2264/1272 1507/2693/1507 1465/2619/1465
f 1386/2694/1386 1397/2695/1397 1485/2696/1485
f 1387/2697/1387 1508/2698/1508 1337/2581/1337
f 1337/2581/1337 1508/2698/1508 1419/2541/1419
f 1372/2585/1372 1445/2588/1445 1230/2587/1230
f 1509/2699/1509 1409/2520/1409 1390/2474/1390
f 1411/2571/1411 1488/2660/1488 1448/2592/1448
f 1510/2700/1510 1489/2661/1489 1469/2628/1469
f 1511/2701/1511 1489/2661/1489 1510/2700/1510
f 1512/2702/1512 1513/2703/1513 1493/2665/1493
f 1511/2701/1511 1491/2663/1491 1489/2661/1489
f 1513/2703/1513 1471/2631/1471 1493/2665/1493
f 1513/2703/1513 1449/2666/1449 1471/2631/1471
f 1469/2628/1469 1489/2661/1489 1438/2575/1438
f 1489/2661/1489 1491/2663/1491 1490/2662/1490
f 1494/2667/1494 1473/2633/1473 1491/2663/1491
f 1493/2704/1493 1492/2705/1492 1514/2706/1514
f 1514/2706/1514 1492/2705/1492 1496/2671/1496
f 1492/2705/1492 1475/2669/1475 1496/2671/1496
f 1497/2673/1497 1495/2668/1495 1515/2707/1515
f 1515/2707/1515 1476/2674/1476 1477/2641/1477
f 1426/2550/1426 1414/2549/1414 1497/2708/1497
f 1478/2643/1478 1402/2503/1402 1426/2709/1426
f 1329/2531/1329 1457/2710/1457 1366/2440/1366
f 1498/2675/1498 1500/2711/1500 1349/2403/1349
f 1459/2605/1459 1501/2679/1501 1499/2677/1499
f 1501/2684/1501 1464/2618/1464 1502/2680/1502
f 1479/2646/1479 1503/2712/1503 1463/2683/1463
f 1201/2134/1201 1465/2619/1465 1385/2468/1385
f 1516/2713/1516 1179/2094/1179 1160/2046/1160
f 1517/2714/1517 1272/2264/1272 1179/2094/1179
f 1338/2388/1338 1356/2428/1356 1518/2715/1518
f 1420/2543/1420 1260/2242/1260 1442/2582/1442
f 1467/2623/1467 1246/2622/1246 1466/2621/1466
f 1248/2216/1248 1421/2544/1421 1115/1957/1115
f 1519/2716/1519 1321/2625/1321 1358/2589/1358
f 1248/2216/1248 1231/2184/1231 1520/2717/1520
f 1521/2718/1521 1203/2626/1203 1321/2625/1321
f 1446/2719/1446 1522/2720/1522 1275/2267/1275
f 1522/2720/1522 1468/2627/1468 1275/2267/1275
f 1447/2591/1447 1435/2570/1435 1523/2721/1523
f 1524/2722/1524 1435/2570/1435 1436/2572/1436
f 1436/2572/1436 1410/2521/1410 1525/2723/1525
f 1526/2724/1526 1527/2725/1527 1525/2726/1525
f 1528/2727/1528 1510/2700/1510 1448/2592/1448
f 1526/2724/1526 1525/2726/1525 1513/2703/1513
f 1525/2726/1525 1437/2728/1437 1513/2703/1513
f 1510/2700/1510 1529/2729/1529 1511/2701/1511
f 1448/2592/1448 1510/2700/1510 1469/2628/1469
f 1527/2725/1527 1513/2703/1513 1512/2702/1512
f 1437/2728/1437 1449/2666/1449 1513/2703/1513
f 1530/2730/1530 1493/2704/1493 1514/2706/1514
f 1531/2731/1531 1494/2667/1494 1491/2663/1491
f 1532/2732/1532 1495/2668/1495 1494/2667/1494
f 1514/2733/1514 1496/2734/1496 1532/2732/1532
f 1532/2732/1532 1496/2734/1496 1515/2707/1515
f 1496/2734/1496 1476/2674/1476 1515/2707/1515
f 1532/2732/1532 1515/2707/1515 1495/2668/1495
f 1262/2439/1262 1366/2440/1366 1455/2735/1455
f 1348/2402/1348 1499/2736/1499 1498/2675/1498
f 1456/2737/1456 1283/2483/1283 1395/2484/1395
f 1502/2680/1502 1480/2648/1480 1533/2738/1533
f 1405/2739/1405 1534/2740/1534 1429/2741/1429
f 1405/2739/1405 1431/2687/1431 1503/2686/1503
f 1505/2689/1505 1271/2263/1271 1482/2742/1482
f 1157/2566/1157 1481/2651/1481 1535/2743/1535
f 1481/2744/1481 1536/2745/1536 1535/2746/1535
f 1408/2747/1408 1484/2655/1484 1243/2654/1243
f 1467/2623/1467 1443/2584/1443 1339/2583/1339
f 1423/2546/1423 1537/2748/1537 1538/2749/1538
f 1423/2546/1423 1538/2749/1538 1390/2474/1390
f 1488/2660/1488 1528/2727/1528 1448/2592/1448
f 1510/2700/1510 1528/2727/1528 1529/2729/1529
f 1529/2729/1529 1528/2727/1528 1539/2750/1539
f 1527/2751/1527 1540/2752/1540 1525/2753/1525
f 1525/2726/1525 1410/2754/1410 1437/2728/1437
f 1513/2703/1513 1527/2725/1527 1526/2724/1526
f 1511/2701/1511 1529/2729/1529 1541/2755/1541
f 1512/2756/1512 1530/2730/1530 1542/2757/1542
f 1493/2704/1493 1530/2730/1530 1512/2756/1512
f 1511/2701/1511 1541/2755/1541 1491/2663/1491
f 1541/2755/1541 1531/2731/1531 1491/2663/1491
f 1530/2758/1530 1514/2733/1514 1543/2759/1543
f 1543/2759/1543 1514/2733/1514 1532/2732/1532
f 1531/2731/1531 1532/2732/1532 1494/2667/1494
f 1477/2642/1477 1544/2760/1544 1515/2761/1515
f 1457/2710/1457 1455/2735/1455 1366/2440/1366
f 1427/2762/1427 1545/2763/1545 1457/2764/1457
f 1546/2765/1546 1458/2766/1458 1478/2643/1478
f 1290/2532/1290 1478/2643/1478 1458/2766/1458
f 1395/2484/1395 1462/2614/1462 1547/2767/1547
f 1479/2646/1479 1430/2559/1430 1548/2768/1548
f 1309/2769/1309 1428/2770/1428 1461/2771/1461
f 1501/2679/1501 1533/2772/1533 1499/2677/1499
f 1502/2773/1502 1533/2772/1533 1501/2679/1501
f 1503/2686/1503 1548/2774/1548 1405/2739/1405
f 1351/2409/1351 1416/2607/1416 1549/2775/1549
f 1429/2776/1429 1534/2777/1534 1310/2778/1310
f 1405/2739/1405 1548/2774/1548 1534/2740/1534
f 1479/2646/1479 1548/2768/1548 1503/2712/1503
f 1353/2779/1353 1550/2780/1550 1480/2781/1480
f 1370/2448/1370 1505/2689/1505 1504/2688/1504
f 1441/2580/1441 1551/2782/1551 1481/2651/1481
f 1335/2384/1335 1552/2783/1552 1316/2352/1316
f 1223/2172/1223 1418/2539/1418 1506/2784/1506
f 1316/2352/1316 1552/2783/1552 1408/2518/1408
f 1179/2094/1179 1516/2713/1516 1517/2714/1517
f 1553/2785/1553 1387/2697/1387 1319/2656/1319
f 1296/2316/1296 1554/2786/1554 1397/2495/1397
f 1321/2625/1321 1519/2716/1519 1521/2718/1521
f 1422/2545/1422 1322/2358/1322 1555/2787/1555
f 1487/2659/1487 1555/2787/1555 1322/2358/1322
f 1468/2627/1468 1537/2748/1537 1423/2546/1423
f 1538/2749/1538 1509/2699/1509 1390/2474/1390
f 1435/2570/1435 1524/2722/1524 1523/2721/1523
f 1409/2520/1409 1509/2699/1509 1488/2660/1488
f 1556/2788/1556 1488/2660/1488 1509/2699/1509
f 1556/2788/1556 1528/2727/1528 1488/2660/1488
f 1524/2722/1524 1436/2572/1436 1525/2723/1525
f 1539/2750/1539 1557/2789/1557 1529/2729/1529
f 1527/2790/1527 1512/2756/1512 1542/2757/1542
f 1557/2789/1557 1541/2755/1541 1529/2729/1529
f 1543/2759/1543 1532/2732/1532 1531/2731/1531
f 1497/2708/1497 1546/2791/1546 1426/2550/1426
f 1497/2708/1497 1515/2761/1515 1546/2791/1546
f 1477/2642/1477 1455/2601/1455 1544/2760/1544
f 1455/2792/1455 1457/2764/1457 1545/2763/1545
f 1430/2676/1430 1456/2602/1456 1558/2793/1558
f 1456/2737/1456 1395/2484/1395 1547/2767/1547
f 1559/2794/1559 1548/2768/1548 1430/2559/1430
f 1428/2795/1428 1560/2796/1560 1461/2797/1461
f 1428/2557/1428 1460/2606/1460 1560/2798/1560
f 1351/2799/1351 1561/2800/1561 1380/2801/1380
f 1353/2611/1353 1461/2610/1461 1550/2802/1550
f 1310/2339/1310 1534/2803/1534 1416/2535/1416
f 1396/2494/1396 1504/2688/1504 1462/2614/1462
f 1244/2212/1244 1562/2804/1562 1318/2354/1318
f 1160/2046/1160 1563/2805/1563 1516/2713/1516
f 1319/2656/1319 1484/2655/1484 1553/2785/1553
f 1387/2697/1387 1564/2806/1564 1508/2698/1508
f 1296/2316/1296 1338/2388/1338 1554/2786/1554
f 1388/2542/1388 1486/2658/1486 1357/2620/1357
f 1356/2428/1356 1420/2543/1420 1565/2807/1565
f 1420/2543/1420 1566/2808/1566 1565/2807/1565
f 1442/2582/1442 1398/2496/1398 1567/2809/1567
f 1372/2585/1372 1568/2810/1568 1445/2588/1445
f 1421/2544/1421 1569/2811/1569 1444/2586/1444
f 1570/2812/1570 1519/2716/1519 1445/2588/1445
f 1445/2588/1445 1519/2716/1519 1358/2589/1358
f 1524/2813/1524 1540/2814/1540 1571/2815/1571
f 1525/2816/1525 1540/2814/1540 1524/2813/1524
f 1527/2790/1527 1542/2757/1542 1540/2817/1540
f 1542/2818/1542 1530/2758/1530 1543/2759/1543
f 1541/2755/1541 1543/2759/1543 1531/2731/1531
f 1426/2709/1426 1546/2765/1546 1478/2643/1478
f 1430/2676/1430 1558/2793/1558 1559/2819/1559
f 1462/2614/1462 1572/2820/1572 1547/2767/1547
f 1499/2677/1499 1533/2772/1533 1573/2821/1573
f 1533/2772/1533 1574/2822/1574 1573/2821/1573
f 1460/2823/1460 1575/2824/1575 1560/2825/1560
f 1460/2826/1460 1380/2827/1380 1575/2828/1575
f 1480/2829/1480 1550/2830/1550 1533/2831/1533
f 1549/2832/1549 1561/2800/1561 1351/2799/1351
f 1533/2772/1533 1550/2833/1550 1574/2822/1574
f 1576/2834/1576 1416/2835/1416 1534/2836/1534
f 1577/2837/1577 1574/2838/1574 1550/2839/1550
f 1461/2840/1461 1577/2841/1577 1550/2842/1550
f 1504/2688/1504 1572/2820/1572 1462/2614/1462
f 1157/2042/1157 1535/2843/1535 1334/2383/1334
f 1317/2519/1317 1336/2386/1336 1578/2844/1578
f 1553/2845/1553 1564/2846/1564 1387/2847/1387
f 1388/2542/1388 1419/2541/1419 1486/2658/1486
f 1231/2184/1231 1433/2568/1433 1579/2848/1579
f 1521/2718/1521 1580/2849/1580 1203/2626/1203
f 1203/2626/1203 1580/2849/1580 1446/2719/1446
f 1434/2569/1434 1447/2591/1447 1581/2850/1581
f 1556/2788/1556 1582/2851/1582 1528/2727/1528
f 1582/2851/1582 1539/2750/1539 1528/2727/1528
f 1583/2852/1583 1540/2814/1540 1584/2853/1584
f 1540/2814/1540 1542/2818/1542 1584/2853/1584
f 1584/2853/1584 1542/2818/1542 1543/2759/1543
f 1584/2853/1584 1543/2759/1543 1557/2789/1557
f 1557/2789/1557 1543/2759/1543 1541/2755/1541
f 1515/2761/1515 1544/2760/1544 1546/2791/1546
f 1545/2763/1545 1544/2854/1544 1455/2792/1455
f 1458/2766/1458 1545/2763/1545 1427/2762/1427
f 1458/2766/1458 1546/2765/1546 1545/2763/1545
f 1498/2855/1498 1585/2856/1585 1500/2678/1500
f 1558/2857/1558 1456/2737/1456 1547/2767/1547
f 1548/2858/1548 1559/2859/1559 1576/2860/1576
f 1559/2859/1559 1586/2861/1586 1576/2860/1576
f 1574/2822/1574 1587/2862/1587 1573/2821/1573
f 1500/2678/1500 1551/2782/1551 1441/2580/1441
f 1587/2863/1587 1574/2838/1574 1577/2837/1577
f 1577/2837/1577 1461/2864/1461 1587/2863/1587
f 1380/2801/1380 1561/2800/1561 1575/2865/1575
f 1534/2866/1534 1548/2858/1548 1576/2860/1576
f 1549/2867/1549 1416/2868/1416 1576/2869/1576
f 1504/2688/1504 1505/2689/1505 1588/2870/1588
f 1482/2742/1482 1589/2871/1589 1505/2689/1505
f 1335/2384/1335 1590/2872/1590 1552/2783/1552
f 1160/2046/1160 1318/2354/1318 1563/2805/1563
f 1518/2715/1518 1356/2428/1356 1591/2873/1591
f 1248/2216/1248 1520/2717/1520 1421/2544/1421
f 1433/2568/1433 1422/2545/1422 1579/2848/1579
f 1468/2627/1468 1592/2874/1592 1537/2748/1537
f 1537/2748/1537 1593/2875/1593 1538/2749/1538
f 1538/2749/1538 1593/2875/1593 1509/2699/1509
f 1447/2591/1447 1523/2721/1523 1581/2850/1581
f 1509/2699/1509 1593/2875/1593 1556/2788/1556
f 1524/2813/1524 1571/2815/1571 1594/2876/1594
f 1582/2851/1582 1571/2815/1571 1583/2852/1583
f 1571/2815/1571 1540/2814/1540 1583/2852/1583
f 1539/2750/1539 1582/2851/1582 1583/2852/1583
f 1539/2750/1539 1584/2853/1584 1557/2789/1557
f 1539/2750/1539 1583/2852/1583 1584/2853/1584
f 1544/2854/1544 1545/2763/1545 1546/2765/1546
f 1573/2877/1573 1595/2878/1595 1499/2736/1499
f 1573/2821/1573 1586/2861/1586 1596/2879/1596
f 1596/2879/1596 1586/2861/1586 1559/2859/1559
f 1573/2821/1573 1587/2862/1587 1586/2861/1586
f 1587/2862/1587 1575/2880/1575 1586/2861/1586
f 1561/2881/1561 1586/2861/1586 1575/2880/1575
f 1549/2882/1549 1586/2883/1586 1561/2884/1561
f 1576/2885/1576 1586/2886/1586 1549/2887/1549
f 1560/2888/1560 1587/2889/1587 1461/2890/1461
f 1587/2862/1587 1560/2891/1560 1575/2880/1575
f 1597/2892/1597 1598/2893/1598 1551/2782/1551
f 1554/2786/1554 1338/2388/1338 1518/2715/1518
f 1565/2807/1565 1591/2873/1591 1356/2428/1356
f 1420/2543/1420 1442/2582/1442 1566/2808/1566
f 1231/2184/1231 1579/2848/1579 1520/2717/1520
f 1594/2876/1594 1523/2894/1523 1524/2813/1524
f 1599/2895/1599 1582/2851/1582 1556/2788/1556
f 1600/2896/1600 1594/2876/1594 1571/2815/1571
f 1499/2736/1499 1601/2897/1601 1498/2675/1498
f 1499/2736/1499 1595/2878/1595 1601/2897/1601
f 1500/2678/1500 1585/2856/1585 1551/2782/1551
f 1585/2856/1585 1597/2892/1597 1551/2782/1551
f 1551/2782/1551 1598/2893/1598 1481/2651/1481
f 1408/2747/1408 1602/2898/1602 1484/2655/1484
f 1244/2212/1244 1506/2784/1506 1562/2804/1562
f 1336/2386/1336 1485/2657/1485 1578/2844/1578
f 1466/2621/1466 1603/2899/1603 1467/2623/1467
f 1467/2623/1467 1603/2899/1603 1604/2900/1604
f 1443/2901/1443 1568/2902/1568 1372/2903/1372
f 1581/2850/1581 1605/2904/1605 1434/2569/1434
f 1581/2905/1581 1523/2894/1523 1594/2876/1594
f 1600/2896/1600 1571/2815/1571 1582/2851/1582
f 1573/2877/1573 1596/2906/1596 1595/2878/1595
f 1559/2819/1559 1606/2907/1606 1596/2906/1596
f 1601/2897/1601 1585/2908/1585 1498/2675/1498
f 1572/2820/1572 1607/2909/1607 1547/2767/1547
f 1572/2820/1572 1504/2688/1504 1588/2870/1588
f 1598/2893/1598 1536/2910/1536 1481/2651/1481
f 1432/2567/1432 1589/2911/1589 1482/2652/1482
f 1552/2783/1552 1602/2912/1602 1408/2518/1408
f 1272/2264/1272 1517/2714/1517 1507/2693/1507
f 1508/2698/1508 1608/2913/1608 1419/2541/1419
f 1566/2808/1566 1567/2809/1567 1609/2914/1609
f 1442/2582/1442 1567/2809/1567 1566/2808/1566
f 1567/2809/1567 1398/2496/1398 1610/2915/1610
f 1570/2812/1570 1611/2916/1611 1519/2716/1519
f 1487/2659/1487 1434/2569/1434 1605/2904/1605
f 1605/2917/1605 1581/2905/1581 1612/2918/1612
f 1537/2748/1537 1613/2919/1613 1593/2875/1593
f 1581/2905/1581 1594/2876/1594 1614/2920/1614
f 1556/2788/1556 1593/2875/1593 1599/2895/1599
f 1594/2876/1594 1600/2896/1600 1614/2920/1614
f 1600/2896/1600 1582/2851/1582 1599/2895/1599
f 1595/2878/1595 1596/2906/1596 1606/2907/1606
f 1606/2907/1606 1559/2819/1559 1615/2921/1615
f 1559/2819/1559 1558/2793/1558 1615/2921/1615
f 1558/2857/1558 1547/2767/1547 1607/2909/1607
f 1607/2922/1607 1588/2923/1588 1616/2924/1616
f 1607/2922/1607 1572/2925/1572 1588/2923/1588
f 1588/2923/1588 1505/2926/1505 1616/2924/1616
f 1617/2927/1617 1432/2567/1432 1334/2383/1334
f 1335/2384/1335 1371/2449/1371 1590/2872/1590
f 1483/2653/1483 1317/2353/1317 1618/2928/1618
f 1578/2844/1578 1485/2657/1485 1619/2929/1619
f 1619/2929/1619 1485/2657/1485 1397/2495/1397
f 1609/2914/1609 1567/2809/1567 1620/2930/1620
f 1604/2900/1604 1443/2584/1443 1467/2623/1467
f 1398/2496/1398 1444/2586/1444 1610/2915/1610
f 1621/2931/1621 1445/2588/1445 1568/2810/1568
f 1621/2931/1621 1570/2812/1570 1445/2588/1445
f 1522/2720/1522 1446/2719/1446 1580/2849/1580
f 1614/2920/1614 1600/2896/1600 1599/2895/1599
f 1558/2932/1558 1607/2922/1607 1615/2933/1615
f 1616/2924/1616 1505/2926/1505 1589/2934/1589
f 1622/2935/1622 1535/2743/1535 1536/2910/1536
f 1589/2911/1589 1432/2567/1432 1617/2927/1617
f 1535/2843/1535 1617/2927/1617 1334/2383/1334
f 1623/2936/1623 1506/2784/1506 1418/2539/1418
f 1602/2912/1602 1552/2783/1552 1624/2937/1624
f 1397/2495/1397 1554/2786/1554 1619/2929/1619
f 1569/2811/1569 1421/2544/1421 1520/2717/1520
f 1612/2918/1612 1581/2905/1581 1625/2938/1625
f 1593/2875/1593 1613/2919/1613 1599/2895/1599
f 1581/2905/1581 1614/2920/1614 1625/2938/1625
f 1585/2856/1585 1626/2939/1626 1597/2892/1597
f 1627/2940/1627 1615/2933/1615 1607/2922/1607
f 1626/2939/1626 1598/2893/1598 1597/2892/1597
f 1622/2935/1622 1536/2910/1536 1598/2893/1598
f 1535/2743/1535 1622/2935/1622 1617/2941/1617
f 1317/2519/1317 1578/2844/1578 1618/2942/1618
f 1385/2468/1385 1465/2619/1465 1628/2943/1628
f 1518/2715/1518 1629/2944/1629 1554/2786/1554
f 1519/2716/1519 1611/2916/1611 1521/2718/1521
f 1521/2718/1521 1630/2945/1630 1580/2849/1580
f 1555/2787/1555 1631/2946/1631 1422/2545/1422
f 1537/2748/1537 1592/2874/1592 1613/2919/1613
f 1632/2947/1632 1599/2895/1599 1613/2919/1613
f 1614/2920/1614 1599/2895/1599 1632/2947/1632
f 1585/2856/1585 1601/2948/1601 1626/2939/1626
f 1626/2939/1626 1633/2949/1633 1598/2893/1598
f 1634/2950/1634 1627/2940/1627 1635/2951/1635
f 1627/2940/1627 1616/2924/1616 1635/2951/1635
f 1607/2922/1607 1616/2924/1616 1627/2940/1627
f 1633/2949/1633 1622/2935/1622 1598/2893/1598
f 1589/2934/1589 1636/2952/1636 1616/2924/1616
f 1483/2653/1483 1623/2936/1623 1418/2539/1418
f 1590/2872/1590 1371/2449/1371 1637/2953/1637
f 1638/2954/1638 1562/2804/1562 1506/2784/1506
f 1371/2449/1371 1385/2468/1385 1637/2953/1637
f 1385/2468/1385 1628/2943/1628 1637/2953/1637
f 1639/2955/1639 1318/2354/1318 1562/2804/1562
f 1578/2844/1578 1619/2929/1619 1640/2956/1640
f 1619/2929/1619 1554/2786/1554 1641/2957/1641
f 1608/2913/1608 1486/2658/1486 1419/2541/1419
f 1565/2807/1565 1566/2808/1566 1642/2958/1642
f 1522/2720/1522 1592/2874/1592 1468/2627/1468
f 1643/2959/1643 1632/2947/1632 1613/2919/1613
f 1625/2938/1625 1614/2920/1614 1632/2947/1632
f 1633/2949/1633 1644/2960/1644 1622/2935/1622
f 1616/2924/1616 1636/2952/1636 1635/2951/1635
f 1589/2934/1589 1617/2941/1617 1636/2952/1636
f 1590/2872/1590 1645/2961/1645 1552/2783/1552
f 1623/2936/1623 1638/2954/1638 1506/2784/1506
f 1563/2805/1563 1318/2354/1318 1639/2955/1639
f 1507/2693/1507 1646/2962/1646 1465/2619/1465
f 1647/2963/1647 1484/2655/1484 1602/2898/1602
f 1484/2655/1484 1647/2963/1647 1553/2785/1553
f 1640/2956/1640 1619/2929/1619 1641/2957/1641
f 1641/2957/1641 1554/2786/1554 1629/2944/1629
f 1648/2964/1648 1608/2913/1608 1508/2698/1508
f 1486/2658/1486 1649/2965/1649 1466/2621/1466
f 1649/2965/1649 1650/2966/1650 1466/2621/1466
f 1650/2966/1650 1603/2899/1603 1466/2621/1466
f 1610/2915/1610 1620/2930/1620 1567/2809/1567
f 1604/2900/1604 1651/2967/1651 1443/2584/1443
f 1630/2945/1630 1521/2718/1521 1611/2916/1611
f 1652/2968/1652 1632/2947/1632 1643/2959/1643
f 1606/2969/1606 1615/2933/1615 1634/2950/1634
f 1595/2970/1595 1606/2969/1606 1634/2950/1634
f 1595/2970/1595 1634/2950/1634 1601/2948/1601
f 1634/2950/1634 1633/2949/1633 1601/2948/1601
f 1601/2948/1601 1633/2949/1633 1626/2939/1626
f 1615/2933/1615 1627/2940/1627 1634/2950/1634
f 1634/2950/1634 1653/2971/1653 1633/2949/1633
f 1635/2972/1635 1653/2973/1653 1634/2974/1634
f 1635/2972/1635 1654/2975/1654 1653/2973/1653
f 1655/2976/1655 1656/2977/1656 1633/2978/1633
f 1635/2972/1635 1636/2979/1636 1654/2975/1654
f 1633/2978/1633 1656/2977/1656 1644/2980/1644
f 1656/2981/1656 1636/2982/1636 1644/2983/1644
f 1636/2952/1636 1617/2941/1617 1644/2960/1644
f 1644/2960/1644 1617/2941/1617 1622/2935/1622
f 1553/2845/1553 1647/2984/1647 1564/2846/1564
f 1564/2806/1564 1648/2964/1648 1508/2698/1508
f 1566/2808/1566 1609/2914/1609 1642/2958/1642
f 1443/2584/1443 1651/2967/1651 1568/2810/1568
f 1651/2967/1651 1621/2931/1621 1568/2810/1568
f 1522/2720/1522 1657/2985/1657 1592/2874/1592
f 1487/2986/1487 1658/2987/1658 1555/2988/1555
f 1487/2986/1487 1605/2989/1605 1658/2987/1658
f 1592/2874/1592 1659/2990/1659 1613/2919/1613
f 1613/2919/1613 1659/2990/1659 1643/2959/1643
f 1632/2947/1632 1652/2968/1652 1625/2938/1625
f 1653/2991/1653 1655/2992/1655 1633/2993/1633
f 1636/2982/1636 1656/2981/1656 1660/2994/1660
f 1661/2995/1661 1564/2806/1564 1647/2963/1647
f 1641/2996/1641 1629/2997/1629 1662/2998/1662
f 1629/2944/1629 1518/2715/1518 1663/2999/1663
f 1518/2715/1518 1591/2873/1591 1663/2999/1663
f 1664/3000/1664 1486/2658/1486 1608/2913/1608
f 1610/2915/1610 1444/2586/1444 1665/3001/1665
f 1444/2586/1444 1569/2811/1569 1665/3001/1665
f 1579/2848/1579 1422/2545/1422 1631/2946/1631
f 1655/2992/1655 1653/2991/1653 1666/3002/1666
f 1648/2964/1648 1664/3000/1664 1608/2913/1608
f 1486/2658/1486 1664/3000/1664 1649/2965/1649
f 1591/2873/1591 1565/2807/1565 1642/2958/1642
f 1650/2966/1650 1667/3003/1667 1603/2899/1603
f 1620/2930/1620 1610/2915/1610 1668/3004/1668
f 1669/3005/1669 1520/2717/1520 1579/2848/1579
f 1655/2976/1655 1670/3006/1670 1656/2977/1656
f 1653/2973/1653 1654/2975/1654 1671/3007/1671
f 1645/2961/1645 1624/2937/1624 1552/2783/1552
f 1672/3008/1672 1638/2954/1638 1623/2936/1623
f 1517/2714/1517 1673/3009/1673 1507/2693/1507
f 1563/2805/1563 1674/3010/1674 1516/2713/1516
f 1610/2915/1610 1665/3001/1665 1668/3004/1668
f 1579/2848/1579 1631/2946/1631 1669/3005/1669
f 1653/2991/1653 1671/3011/1671 1666/3002/1666
f 1636/2982/1636 1660/2994/1660 1654/3012/1654
f 1590/2872/1590 1637/2953/1637 1645/2961/1645
f 1618/2942/1618 1578/2844/1578 1675/3013/1675
f 1639/2955/1639 1562/2804/1562 1676/3014/1676
f 1465/2619/1465 1646/2962/1646 1628/2943/1628
f 1602/2898/1602 1677/3015/1677 1647/2963/1647
f 1661/2995/1661 1648/2964/1648 1564/2806/1564
f 1667/3003/1667 1604/2900/1604 1603/2899/1603
f 1678/3016/1678 1652/2968/1652 1643/2959/1643
f 1670/3006/1670 1679/3017/1679 1656/2977/1656
f 1666/3018/1666 1660/3019/1660 1680/3020/1680
f 1656/2981/1656 1680/3021/1680 1660/2994/1660
f 1517/2714/1517 1516/2713/1516 1674/3010/1674
f 1675/3013/1675 1578/2844/1578 1640/2956/1640
f 1677/3015/1677 1681/3022/1681 1647/2963/1647
f 1682/3023/1682 1609/2914/1609 1620/2930/1620
f 1683/3024/1683 1651/2967/1651 1604/2900/1604
f 1678/3016/1678 1643/2959/1643 1659/2990/1659
f 1612/2918/1612 1625/2938/1625 1652/2968/1652
f 1684/3025/1684 1655/2992/1655 1666/3002/1666
f 1666/3018/1666 1685/3026/1685 1660/3019/1660
f 1679/3027/1679 1680/3021/1680 1656/2981/1656
f 1686/3028/1686 1624/2937/1624 1645/2961/1645
f 1645/2961/1645 1637/2953/1637 1687/3029/1687
f 1638/2954/1638 1676/3014/1676 1562/2804/1562
f 1646/2962/1646 1507/2693/1507 1673/3009/1673
f 1517/2714/1517 1674/3010/1674 1673/3009/1673
f 1681/3030/1681 1661/3031/1661 1647/3032/1647
f 1661/2995/1661 1688/3033/1688 1648/2964/1648
f 1689/3034/1689 1649/2965/1649 1664/3000/1664
f 1683/3024/1683 1690/3035/1690 1651/2967/1651
f 1522/2720/1522 1691/3036/1691 1657/2985/1657
f 1657/2985/1657 1659/2990/1659 1592/2874/1592
f 1655/2992/1655 1684/3025/1684 1670/3037/1670
f 1666/3038/1666 1680/3039/1680 1684/3040/1684
f 1684/3040/1684 1680/3039/1680 1692/3041/1692
f 1671/3007/1671 1654/2975/1654 1693/3042/1693
f 1694/3043/1694 1660/3044/1660 1685/3045/1685
f 1660/2994/1660 1693/3046/1693 1654/3012/1654
f 1623/2936/1623 1483/2653/1483 1695/3047/1695
f 1637/3048/1637 1628/3049/1628 1696/3050/1696
f 1662/3051/1662 1697/3052/1697 1641/2957/1641
f 1662/3051/1662 1629/2944/1629 1697/3052/1697
f 1642/2958/1642 1663/2999/1663 1591/2873/1591
f 1689/3034/1689 1650/2966/1650 1649/2965/1649
f 1604/2900/1604 1667/3003/1667 1683/3024/1683
f 1620/2930/1620 1668/3004/1668 1698/3053/1698
f 1651/2967/1651 1699/3054/1699 1621/2931/1621
f 1651/2967/1651 1690/3035/1690 1699/3054/1699
f 1621/2931/1621 1699/3054/1699 1570/2812/1570
f 1699/3054/1699 1700/3055/1700 1570/2812/1570
f 1520/2717/1520 1701/3056/1701 1569/2811/1569
f 1630/2945/1630 1702/3057/1702 1580/2849/1580
f 1580/2849/1580 1691/3036/1691 1522/2720/1522
f 1658/3058/1658 1703/3059/1703 1555/2787/1555
f 1666/3060/1666 1704/3061/1704 1685/3062/1685
f 1684/3063/1684 1694/3064/1694 1685/3065/1685
f 1684/3063/1684 1692/3066/1692 1694/3064/1694
f 1660/2994/1660 1694/3067/1694 1693/3046/1693
f 1623/2936/1623 1695/3047/1695 1672/3008/1672
f 1624/3068/1624 1677/3015/1677 1602/2898/1602
f 1646/2962/1646 1705/3069/1705 1628/2943/1628
f 1639/2955/1639 1674/3010/1674 1563/2805/1563
f 1640/3070/1640 1641/3071/1641 1706/3072/1706
f 1609/2914/1609 1682/3023/1682 1642/2958/1642
f 1570/2812/1570 1700/3055/1700 1611/2916/1611
f 1520/2717/1520 1669/3005/1669 1701/3056/1701
f 1612/3073/1612 1707/3074/1707 1605/2989/1605
f 1652/2968/1652 1708/3075/1708 1612/2918/1612
f 1666/3002/1666 1671/3011/1671 1704/3076/1704
f 1685/3077/1685 1704/3076/1704 1684/3025/1684
f 1638/2954/1638 1672/3008/1672 1676/3014/1676
f 1709/3078/1709 1673/3009/1673 1674/3010/1674
f 1689/3034/1689 1664/3000/1664 1710/3079/1710
f 1711/3080/1711 1650/2966/1650 1689/3034/1689
f 1665/3001/1665 1569/2811/1569 1712/3081/1712
f 1700/3055/1700 1630/2945/1630 1611/2916/1611
f 1700/3055/1700 1702/3057/1702 1630/2945/1630
f 1713/3082/1713 1631/2946/1631 1703/3059/1703
f 1703/3059/1703 1631/2946/1631 1555/2787/1555
f 1707/3074/1707 1658/2987/1658 1605/2989/1605
f 1708/3075/1708 1707/3083/1707 1612/2918/1612
f 1694/3084/1694 1692/3085/1692 1680/3086/1680
f 1686/3028/1686 1645/2961/1645 1687/3029/1687
f 1695/3047/1695 1483/2653/1483 1618/2928/1618
f 1714/3087/1714 1676/3014/1676 1672/3008/1672
f 1673/3009/1673 1709/3078/1709 1705/3069/1705
f 1674/3010/1674 1715/3088/1715 1709/3078/1709
f 1682/3023/1682 1620/2930/1620 1698/3053/1698
f 1668/3004/1668 1665/3001/1665 1716/3089/1716
f 1712/3081/1712 1569/2811/1569 1701/3056/1701
f 1713/3082/1713 1669/3005/1669 1631/2946/1631
f 1684/3025/1684 1704/3076/1704 1670/3037/1670
f 1679/3027/1679 1694/3067/1694 1680/3021/1680
f 1717/3090/1717 1693/3046/1693 1694/3067/1694
f 1637/2953/1637 1696/3091/1696 1687/3029/1687
f 1639/2955/1639 1676/3014/1676 1718/3092/1718
f 1639/2955/1639 1715/3088/1715 1674/3010/1674
f 1673/3009/1673 1705/3069/1705 1646/2962/1646
f 1677/3015/1677 1719/3093/1719 1681/3022/1681
f 1681/3022/1681 1719/3093/1719 1661/2995/1661
f 1648/2964/1648 1710/3079/1710 1664/3000/1664
f 1702/3057/1702 1691/3036/1691 1580/2849/1580
f 1691/3036/1691 1720/3094/1720 1657/2985/1657
f 1670/3095/1670 1704/3096/1704 1679/3097/1679
f 1693/3042/1693 1717/3098/1717 1671/3007/1671
f 1628/2943/1628 1705/3069/1705 1696/3091/1696
f 1714/3087/1714 1718/3092/1718 1676/3014/1676
f 1639/2955/1639 1718/3092/1718 1715/3088/1715
f 1719/3093/1719 1721/3099/1721 1661/2995/1661
f 1661/2995/1661 1721/3099/1721 1688/3033/1688
f 1629/2944/1629 1663/2999/1663 1722/3100/1722
f 1682/3023/1682 1723/3101/1723 1642/2958/1642
f 1703/3102/1703 1658/2987/1658 1707/3074/1707
f 1671/3103/1671 1717/3104/1717 1704/3096/1704
f 1679/3027/1679 1717/3090/1717 1694/3067/1694
f 1624/2937/1624 1686/3028/1686 1724/3105/1724
f 1642/2958/1642 1723/3101/1723 1663/2999/1663
f 1683/3024/1683 1725/3106/1725 1690/3035/1690
f 1699/3054/1699 1726/3107/1726 1700/3055/1700
f 1657/2985/1657 1727/3108/1727 1659/2990/1659
f 1704/3096/1704 1717/3104/1717 1679/3097/1679
f 1696/3091/1696 1728/3109/1728 1687/3029/1687
f 1624/3068/1624 1724/3110/1724 1677/3015/1677
f 1705/3111/1705 1729/3112/1729 1696/3113/1696
f 1714/3087/1714 1730/3114/1730 1718/3092/1718
f 1675/3013/1675 1640/2956/1640 1706/3115/1706
f 1641/2957/1641 1731/3116/1731 1706/3115/1706
f 1629/2944/1629 1722/3100/1722 1697/3052/1697
f 1688/3033/1688 1710/3079/1710 1648/2964/1648
f 1663/2999/1663 1732/3117/1732 1722/3100/1722
f 1682/3023/1682 1698/3053/1698 1733/3118/1733
f 1667/3003/1667 1734/3119/1734 1683/3024/1683
f 1690/3035/1690 1725/3106/1725 1699/3054/1699
f 1665/3001/1665 1735/3120/1735 1716/3089/1716
f 1712/3081/1712 1735/3120/1735 1665/3001/1665
f 1702/3057/1702 1700/3055/1700 1736/3121/1736
f 1703/3059/1703 1737/3122/1737 1713/3082/1713
f 1659/2990/1659 1727/3108/1727 1678/3016/1678
f 1641/2957/1641 1697/3052/1697 1731/3116/1731
f 1650/2966/1650 1711/3080/1711 1667/3003/1667
f 1667/3003/1667 1711/3080/1711 1734/3119/1734
f 1668/3004/1668 1716/3089/1716 1698/3053/1698
f 1725/3106/1725 1738/3123/1738 1699/3054/1699
f 1699/3054/1699 1738/3123/1738 1726/3107/1726
f 1678/3016/1678 1708/3075/1708 1652/2968/1652
f 1695/3047/1695 1739/3124/1739 1672/3008/1672
f 1695/3047/1695 1618/2928/1618 1739/3124/1739
f 1677/3015/1677 1724/3110/1724 1740/3125/1740
f 1618/2942/1618 1675/3013/1675 1741/3126/1741
f 1677/3015/1677 1740/3125/1740 1719/3093/1719
f 1691/3036/1691 1702/3057/1702 1720/3094/1720
f 1703/3102/1703 1707/3074/1707 1737/3127/1737
f 1675/3013/1675 1706/3115/1706 1741/3126/1741
f 1710/3079/1710 1742/3128/1742 1689/3034/1689
f 1663/2999/1663 1723/3101/1723 1732/3117/1732
f 1723/3101/1723 1682/3023/1682 1733/3118/1733
f 1733/3118/1733 1698/3053/1698 1743/3129/1743
f 1734/3119/1734 1744/3130/1744 1683/3024/1683
f 1683/3024/1683 1744/3130/1744 1725/3106/1725
f 1743/3129/1743 1698/3053/1698 1716/3089/1716
f 1736/3121/1736 1700/3055/1700 1726/3107/1726
f 1701/3056/1701 1669/3005/1669 1745/3131/1745
f 1736/3121/1736 1720/3094/1720 1702/3057/1702
f 1727/3108/1727 1657/2985/1657 1720/3094/1720
f 1746/3132/1746 1707/3083/1707 1708/3075/1708
f 1747/3133/1747 1686/3028/1686 1687/3029/1687
f 1748/3134/1748 1687/3029/1687 1728/3109/1728
f 1749/3135/1749 1714/3087/1714 1672/3008/1672
f 1729/3136/1729 1705/3069/1705 1709/3078/1709
f 1729/3137/1729 1709/3138/1709 1750/3139/1750
f 1750/3140/1750 1715/3088/1715 1718/3092/1718
f 1750/3140/1750 1709/3078/1709 1715/3088/1715
f 1745/3131/1745 1669/3005/1669 1713/3082/1713
f 1687/3029/1687 1748/3134/1748 1747/3133/1747
f 1730/3114/1730 1714/3087/1714 1749/3135/1749
f 1672/3008/1672 1739/3124/1739 1749/3135/1749
f 1730/3114/1730 1750/3140/1750 1718/3092/1718
f 1706/3115/1706 1731/3116/1731 1751/3141/1751
f 1688/3033/1688 1742/3128/1742 1710/3079/1710
f 1737/3122/1737 1752/3142/1752 1713/3082/1713
f 1678/3016/1678 1753/3143/1753 1708/3075/1708
f 1739/3144/1739 1618/2942/1618 1741/3126/1741
f 1731/3116/1731 1697/3052/1697 1751/3141/1751
f 1744/3130/1744 1738/3123/1738 1725/3106/1725
f 1716/3089/1716 1735/3120/1735 1754/3145/1754
f 1726/3107/1726 1738/3123/1738 1755/3146/1755
f 1712/3081/1712 1756/3147/1756 1735/3120/1735
f 1712/3081/1712 1701/3056/1701 1745/3131/1745
f 1737/3148/1737 1707/3083/1707 1746/3132/1746
f 1727/3108/1727 1753/3143/1753 1678/3016/1678
f 1729/3136/1729 1728/3109/1728 1696/3091/1696
f 1740/3125/1740 1757/3149/1757 1719/3093/1719
f 1751/3141/1751 1697/3052/1697 1758/3150/1758
f 1697/3052/1697 1722/3100/1722 1758/3150/1758
f 1759/3151/1759 1711/3080/1711 1689/3034/1689
f 1744/3130/1744 1760/3152/1760 1738/3123/1738
f 1716/3089/1716 1754/3145/1754 1743/3129/1743
f 1712/3081/1712 1745/3131/1745 1756/3147/1756
f 1745/3131/1745 1713/3082/1713 1761/3153/1761
f 1729/3136/1729 1750/3140/1750 1728/3109/1728
f 1757/3154/1757 1721/3155/1721 1719/3156/1719
f 1688/3033/1688 1762/3157/1762 1742/3128/1742
f 1742/3128/1742 1759/3151/1759 1689/3034/1689
f 1723/3101/1723 1763/3158/1763 1764/3159/1764
f 1763/3158/1763 1723/3101/1723 1733/3118/1733
f 1743/3129/1743 1754/3145/1754 1765/3160/1765
f 1726/3107/1726 1755/3146/1755 1736/3121/1736
f 1766/3161/1766 1727/3108/1727 1720/3094/1720
f 1730/3114/1730 1749/3135/1749 1767/3162/1767
f 1728/3109/1728 1750/3140/1750 1768/3163/1768
f 1730/3114/1730 1768/3163/1768 1750/3140/1750
f 1686/3028/1686 1747/3133/1747 1724/3105/1724
f 1724/3110/1724 1769/3164/1769 1740/3125/1740
f 1706/3165/1706 1751/3166/1751 1770/3167/1770
f 1721/3099/1721 1762/3157/1762 1688/3033/1688
f 1758/3150/1758 1722/3100/1722 1771/3168/1771
f 1772/3169/1772 1742/3128/1742 1762/3157/1762
f 1773/3170/1773 1733/3118/1733 1743/3129/1743
f 1735/3171/1735 1774/3172/1774 1754/3173/1754
f 1735/3120/1735 1756/3147/1756 1774/3174/1774
f 1738/3123/1738 1775/3175/1775 1755/3146/1755
f 1752/3142/1752 1761/3153/1761 1713/3082/1713
f 1736/3121/1736 1776/3176/1776 1720/3094/1720
f 1746/3132/1746 1752/3177/1752 1737/3148/1737
f 1708/3075/1708 1777/3178/1777 1746/3132/1746
f 1730/3114/1730 1767/3162/1767 1768/3163/1768
f 1706/3115/1706 1770/3179/1770 1741/3126/1741
f 1757/3149/1757 1778/3180/1778 1721/3099/1721
f 1721/3099/1721 1778/3180/1778 1762/3157/1762
f 1732/3117/1732 1771/3168/1771 1722/3100/1722
f 1733/3118/1733 1773/3170/1773 1763/3158/1763
f 1734/3119/1734 1779/3181/1779 1744/3130/1744
f 1743/3129/1743 1765/3160/1765 1773/3170/1773
f 1756/3147/1756 1745/3131/1745 1780/3182/1780
f 1745/3131/1745 1761/3153/1761 1780/3182/1780
f 1776/3176/1776 1766/3161/1766 1720/3094/1720
f 1708/3075/1708 1753/3143/1753 1777/3178/1777
f 1747/3133/1747 1769/3183/1769 1724/3105/1724
f 1739/3144/1739 1741/3126/1741 1781/3184/1781
f 1742/3128/1742 1782/3185/1782 1759/3151/1759
f 1759/3151/1759 1779/3181/1779 1711/3080/1711
f 1711/3080/1711 1779/3181/1779 1734/3119/1734
f 1774/3174/1774 1765/3160/1765 1754/3145/1754
f 1728/3109/1728 1768/3163/1768 1748/3134/1748
f 1783/3186/1783 1762/3157/1762 1778/3180/1778
f 1782/3185/1782 1742/3128/1742 1772/3169/1772
f 1732/3117/1732 1723/3101/1723 1764/3159/1764
f 1784/3187/1784 1763/3158/1763 1773/3170/1773
f 1760/3152/1760 1775/3175/1775 1738/3123/1738
f 1756/3147/1756 1780/3182/1780 1774/3174/1774
f 1775/3175/1775 1785/3188/1785 1755/3146/1755
f 1747/3133/1747 1748/3134/1748 1786/3189/1786
f 1787/3190/1787 1749/3135/1749 1739/3124/1739
f 1781/3184/1781 1741/3126/1741 1770/3179/1770
f 1740/3125/1740 1769/3164/1769 1757/3149/1757
f 1788/3191/1788 1778/3192/1778 1757/3193/1757
f 1783/3186/1783 1772/3169/1772 1762/3157/1762
f 1771/3168/1771 1732/3117/1732 1764/3159/1764
f 1789/3194/1789 1779/3181/1779 1759/3151/1759
f 1779/3181/1779 1790/3195/1790 1744/3130/1744
f 1790/3195/1790 1760/3152/1760 1744/3130/1744
f 1780/3196/1780 1761/3197/1761 1791/3198/1791
f 1776/3176/1776 1736/3121/1736 1755/3146/1755
f 1752/3177/1752 1746/3132/1746 1792/3199/1792
f 1766/3161/1766 1753/3143/1753 1727/3108/1727
f 1768/3163/1768 1793/3200/1793 1748/3134/1748
f 1786/3189/1786 1769/3183/1769 1747/3133/1747
f 1739/3201/1739 1781/3202/1781 1787/3203/1787
f 1757/3149/1757 1769/3164/1769 1788/3204/1788
f 1783/3186/1783 1794/3205/1794 1772/3169/1772
f 1759/3151/1759 1782/3185/1782 1789/3194/1789
f 1773/3170/1773 1765/3160/1765 1784/3187/1784
f 1746/3132/1746 1777/3178/1777 1792/3199/1792
f 1768/3163/1768 1767/3162/1767 1793/3200/1793
f 1795/3206/1795 1786/3189/1786 1748/3134/1748
f 1796/3207/1796 1797/3208/1797 1769/3164/1769
f 1781/3184/1781 1770/3179/1770 1798/3209/1798
f 1770/3179/1770 1751/3141/1751 1798/3209/1798
f 1751/3141/1751 1758/3150/1758 1799/3210/1799
f 1758/3150/1758 1771/3168/1771 1799/3210/1799
f 1782/3185/1782 1800/3211/1800 1789/3194/1789
f 1784/3187/1784 1765/3160/1765 1801/3212/1801
f 1790/3195/1790 1802/3213/1802 1760/3152/1760
f 1761/3197/1761 1752/3177/1752 1791/3198/1791
f 1748/3134/1748 1793/3200/1793 1795/3206/1795
f 1749/3135/1749 1787/3190/1787 1767/3162/1767
f 1786/3214/1786 1796/3207/1796 1769/3164/1769
f 1798/3209/1798 1751/3141/1751 1803/3215/1803
f 1751/3141/1751 1799/3210/1799 1803/3215/1803
f 1799/3210/1799 1771/3168/1771 1804/3216/1804
f 1772/3169/1772 1800/3211/1800 1782/3185/1782
f 1764/3159/1764 1763/3158/1763 1805/3217/1805
f 1765/3160/1765 1774/3174/1774 1801/3212/1801
f 1775/3175/1775 1760/3152/1760 1802/3213/1802
f 1802/3213/1802 1806/3218/1806 1775/3175/1775
f 1766/3161/1766 1807/3219/1807 1753/3143/1753
f 1787/3203/1787 1781/3202/1781 1808/3220/1808
f 1797/3208/1797 1788/3204/1788 1769/3164/1769
f 1779/3181/1779 1809/3221/1809 1790/3195/1790
f 1806/3218/1806 1785/3188/1785 1775/3175/1775
f 1774/3222/1774 1780/3196/1780 1810/3223/1810
f 1776/3176/1776 1755/3146/1755 1785/3188/1785
f 1791/3198/1791 1752/3177/1752 1811/3224/1811
f 1776/3176/1776 1812/3225/1812 1766/3161/1766
f 1777/3178/1777 1813/3226/1813 1792/3199/1792
f 1753/3143/1753 1813/3226/1813 1777/3178/1777
f 1767/3162/1767 1814/3227/1814 1793/3200/1793
f 1767/3162/1767 1787/3190/1787 1814/3227/1814
f 1781/3202/1781 1798/3228/1798 1815/3229/1815
f 1797/3208/1797 1816/3230/1816 1788/3204/1788
f 1788/3204/1788 1816/3230/1816 1778/3180/1778
f 1772/3169/1772 1794/3205/1794 1800/3211/1800
f 1764/3159/1764 1817/3231/1817 1771/3168/1771
f 1817/3231/1817 1764/3159/1764 1805/3217/1805
f 1789/3194/1789 1809/3221/1809 1779/3181/1779
f 1810/3223/1810 1801/3232/1801 1774/3222/1774
f 1752/3177/1752 1792/3199/1792 1811/3224/1811
f 1781/3202/1781 1815/3229/1815 1808/3220/1808
f 1798/3233/1798 1803/3234/1803 1815/3235/1815
f 1778/3180/1778 1816/3230/1816 1783/3186/1783
f 1804/3236/1804 1771/3237/1771 1817/3238/1817
f 1805/3217/1805 1763/3158/1763 1784/3187/1784
f 1818/3239/1818 1784/3240/1784 1801/3232/1801
f 1780/3196/1780 1791/3198/1791 1810/3223/1810
f 1812/3225/1812 1807/3219/1807 1766/3161/1766
f 1793/3200/1793 1814/3227/1814 1795/3206/1795
f 1795/3241/1795 1819/3242/1819 1786/3214/1786
f 1794/3205/1794 1820/3243/1820 1800/3211/1800
f 1809/3221/1809 1821/3244/1821 1790/3195/1790
f 1818/3239/1818 1801/3232/1801 1822/3245/1822
f 1821/3244/1821 1802/3213/1802 1790/3195/1790
f 1810/3223/1810 1822/3245/1822 1801/3232/1801
f 1785/3188/1785 1812/3225/1812 1776/3176/1776
f 1819/3242/1819 1796/3207/1796 1786/3214/1786
f 1823/3246/1823 1796/3207/1796 1819/3242/1819
f 1796/3207/1796 1823/3246/1823 1797/3208/1797
f 1816/3230/1816 1797/3208/1797 1823/3246/1823
f 1824/3247/1824 1794/3205/1794 1783/3186/1783
f 1825/3248/1825 1799/3249/1799 1804/3236/1804
f 1817/3238/1817 1805/3250/1805 1826/3251/1826
f 1789/3194/1789 1827/3252/1827 1809/3221/1809
f 1818/3239/1818 1822/3245/1822 1828/3253/1828
f 1806/3218/1806 1812/3225/1812 1785/3188/1785
f 1810/3223/1810 1791/3198/1791 1829/3254/1829
f 1811/3224/1811 1792/3199/1792 1813/3226/1813
f 1813/3226/1813 1753/3143/1753 1807/3219/1807
f 1787/3203/1787 1808/3220/1808 1814/3255/1814
f 1819/3242/1819 1830/3256/1830 1823/3246/1823
f 1808/3220/1808 1815/3229/1815 1831/3257/1831
f 1803/3258/1803 1799/3249/1799 1825/3248/1825
f 1816/3230/1816 1832/3259/1832 1783/3186/1783
f 1832/3259/1832 1824/3247/1824 1783/3186/1783
f 1824/3247/1824 1820/3243/1820 1794/3205/1794
f 1833/3260/1833 1800/3211/1800 1820/3243/1820
f 1833/3260/1833 1789/3194/1789 1800/3211/1800
f 1784/3240/1784 1834/3261/1834 1805/3250/1805
f 1784/3240/1784 1818/3239/1818 1834/3261/1834
f 1835/3262/1835 1822/3245/1822 1810/3223/1810
f 1810/3223/1810 1829/3254/1829 1835/3262/1835
f 1806/3218/1806 1836/3263/1836 1812/3225/1812
f 1795/3241/1795 1837/3264/1837 1819/3242/1819
f 1795/3241/1795 1814/3255/1814 1837/3264/1837
f 1808/3220/1808 1837/3264/1837 1814/3255/1814
f 1808/3220/1808 1831/3257/1831 1838/3265/1838
f 1823/3246/1823 1830/3256/1830 1839/3266/1839
f 1823/3246/1823 1839/3266/1839 1816/3230/1816
f 1815/3229/1815 1803/3258/1803 1825/3248/1825
f 1839/3266/1839 1832/3259/1832 1816/3230/1816
f 1804/3236/1804 1817/3238/1817 1826/3251/1826
f 1833/3260/1833 1827/3252/1827 1789/3194/1789
f 1834/3261/1834 1818/3239/1818 1840/3267/1840
f 1821/3244/1821 1806/3218/1806 1802/3213/1802
f 1821/3244/1821 1841/3268/1841 1806/3218/1806
f 1806/3218/1806 1841/3268/1841 1836/3263/1836
f 1791/3198/1791 1842/3269/1842 1829/3254/1829
f 1842/3269/1842 1811/3224/1811 1843/3270/1843
f 1842/3269/1842 1791/3198/1791 1811/3224/1811
f 1811/3224/1811 1813/3226/1813 1843/3270/1843
f 1843/3270/1843 1813/3226/1813 1807/3219/1807
f 1837/3264/1837 1844/3271/1844 1819/3242/1819
f 1808/3220/1808 1838/3265/1838 1837/3264/1837
f 1819/3242/1819 1844/3271/1844 1830/3256/1830
f 1815/3229/1815 1825/3248/1825 1831/3257/1831
f 1825/3248/1825 1804/3236/1804 1845/3272/1845
f 1804/3236/1804 1826/3251/1826 1845/3272/1845
f 1826/3251/1826 1805/3250/1805 1834/3261/1834
f 1827/3252/1827 1821/3244/1821 1809/3221/1809
f 1827/3252/1827 1846/3273/1846 1821/3244/1821
f 1840/3267/1840 1818/3239/1818 1828/3253/1828
f 1828/3253/1828 1822/3245/1822 1835/3262/1835
f 1836/3263/1836 1847/3274/1847 1812/3225/1812
f 1829/3254/1829 1842/3269/1842 1848/3275/1848
f 1847/3274/1847 1807/3219/1807 1812/3225/1812
f 1847/3274/1847 1843/3270/1843 1807/3219/1807
f 1837/3264/1837 1849/3276/1849 1844/3271/1844
f 1837/3264/1837 1838/3265/1838 1849/3276/1849
f 1838/3265/1838 1831/3257/1831 1849/3276/1849
f 1844/3271/1844 1850/3277/1850 1830/3256/1830
f 1830/3256/1830 1850/3277/1850 1839/3266/1839
f 1851/3278/1851 1849/3276/1849 1831/3257/1831
f 1851/3278/1851 1831/3257/1831 1825/3248/1825
f 1832/3259/1832 1852/3279/1852 1824/3247/1824
f 1824/3247/1824 1853/3280/1853 1820/3243/1820
f 1824/3247/1824 1852/3279/1852 1853/3280/1853
f 1853/3280/1853 1833/3260/1833 1820/3243/1820
f 1854/3281/1854 1826/3251/1826 1834/3261/1834
f 1833/3260/1833 1855/3282/1855 1827/3252/1827
f 1828/3253/1828 1835/3262/1835 1856/3283/1856
f 1848/3275/1848 1856/3283/1856 1829/3254/1829
f 1829/3254/1829 1856/3283/1856 1835/3262/1835
f 1841/3268/1841 1857/3284/1857 1836/3263/1836
f 1857/3284/1857 1847/3274/1847 1836/3263/1836
f 1842/3269/1842 1843/3270/1843 1847/3274/1847
f 1849/3276/1849 1851/3278/1851 1844/3271/1844
f 1844/3271/1844 1851/3278/1851 1850/3277/1850
f 1825/3248/1825 1845/3272/1845 1851/3278/1851
f 1850/3277/1850 1832/3259/1832 1839/3266/1839
f 1850/3277/1850 1852/3279/1852 1832/3259/1832
f 1851/3278/1851 1845/3272/1845 1858/3285/1858
f 1826/3251/1826 1854/3281/1854 1845/3272/1845
f 1853/3280/1853 1855/3282/1855 1833/3260/1833
f 1854/3281/1854 1834/3261/1834 1859/3286/1859
f 1859/3286/1859 1834/3261/1834 1840/3267/1840
f 1827/3252/1827 1855/3282/1855 1860/3287/1860
f 1860/3287/1860 1846/3273/1846 1827/3252/1827
f 1846/3273/1846 1861/3288/1861 1862/3289/1862
f 1846/3273/1846 1841/3268/1841 1821/3244/1821
f 1846/3273/1846 1862/3289/1862 1841/3268/1841
f 1857/3284/1857 1841/3268/1841 1862/3289/1862
f 1862/3289/1862 1848/3275/1848 1857/3284/1857
f 1848/3275/1848 1863/3290/1863 1856/3283/1856
f 1848/3275/1848 1842/3269/1842 1857/3284/1857
f 1857/3284/1857 1842/3269/1842 1847/3274/1847
f 1851/3278/1851 1858/3285/1858 1850/3277/1850
f 1850/3277/1850 1858/3285/1858 1852/3279/1852
f 1858/3285/1858 1864/3291/1864 1852/3279/1852
f 1845/3272/1845 1854/3281/1854 1858/3285/1858
f 1858/3285/1858 1854/3281/1854 1864/3291/1864
f 1852/3279/1852 1864/3291/1864 1853/3280/1853
f 1864/3291/1864 1859/3286/1859 1853/3280/1853
f 1854/3281/1854 1859/3286/1859 1864/3291/1864
f 1853/3280/1853 1859/3286/1859 1865/3292/1865
f 1853/3280/1853 1865/3292/1865 1855/3282/1855
f 1859/3286/1859 1840/3267/1840 1866/3293/1866
f 1859/3286/1859 1866/3293/1866 1865/3292/1865
f 1855/3282/1855 1865/3292/1865 1860/3287/1860
f 1866/3293/1866 1860/3287/1860 1865/3292/1865
f 1840/3267/1840 1828/3253/1828 1866/3293/1866
f 1860/3287/1860 1866/3293/1866 1861/3288/1861
f 1860/3287/1860 1861/3288/1861 1846/3273/1846
f 1861/3288/1861 1866/3293/1866 1856/3283/1856
f 1828/3253/1828 1856/3283/1856 1866/3293/1866
f 1861/3288/1861 1856/3283/1856 1863/3290/1863
f 1861/3288/1861 1863/3290/1863 1862/3289/1862
f 1848/3275/1848 1862/3289/1862 1863/3290/1863
