# Blender 4.3.2
# www.blender.org
o 立方体
v 0.000000 0.115803 -0.399084
v -1.971709 0.294743 -2.009797
v -1.971709 0.015612 -2.009797
v -1.971709 0.294744 2.004737
v -1.971709 0.015613 2.004737
v -0.077857 0.115803 -0.391415
v 1.985852 0.294743 -2.009797
v 1.985852 0.015612 -2.009797
v -0.152723 0.115803 -0.368705
v 1.985852 0.294744 2.004737
v 1.985852 0.015613 2.004737
v -0.221719 0.115803 -0.331826
v -0.282195 0.115803 -0.282195
v -0.331826 0.115803 -0.221719
v -0.368705 0.115803 -0.152723
v -0.391415 0.115803 -0.077857
v -0.399084 0.115803 -0.000000
v -0.391415 0.115803 0.077857
v -0.368705 0.115803 0.152723
v -0.331826 0.115803 0.221719
v -0.282195 0.115803 0.282195
v -0.221719 0.115803 0.331826
v -0.152723 0.115803 0.368705
v -0.077857 0.115803 0.391415
v 0.000000 0.115803 0.399084
v 0.077857 0.115803 0.391415
v 0.152723 0.115803 0.368705
v 0.221719 0.115803 0.331826
v 0.282195 0.115803 0.282195
v 0.331826 0.115803 0.221719
v 0.368705 0.115803 0.152722
v 0.391415 0.115803 0.077857
v 0.399084 0.115803 -0.000000
v 0.391415 0.115803 -0.077858
v 0.368705 0.115803 -0.152723
v 0.331826 0.115803 -0.221719
v 0.282194 0.115803 -0.282195
v 0.221719 0.115803 -0.331826
v 0.152722 0.115803 -0.368705
v 0.077857 0.115803 -0.391415
v 0.000000 0.021230 -0.388196
v -0.075733 0.021230 -0.380736
v -0.148556 0.021230 -0.358646
v -0.215670 0.021230 -0.322773
v -0.274496 0.021230 -0.274496
v -0.322773 0.021230 -0.215670
v -0.358646 0.021230 -0.148556
v -0.380736 0.021230 -0.075733
v -0.388196 0.021230 -0.000000
v -0.380737 0.021230 0.075733
v -0.358646 0.021230 0.148556
v -0.322773 0.021230 0.215670
v -0.274496 0.021230 0.274496
v -0.215670 0.021230 0.322773
v -0.148556 0.021230 0.358646
v -0.075733 0.021230 0.380737
v 0.000000 0.021230 0.388196
v 0.075733 0.021230 0.380737
v 0.148556 0.021230 0.358646
v 0.215670 0.021230 0.322773
v 0.274496 0.021230 0.274496
v 0.322773 0.021230 0.215670
v 0.358646 0.021230 0.148556
v 0.380737 0.021230 0.075733
v 0.388196 0.021230 -0.000000
v 0.380736 0.021230 -0.075733
v 0.358646 0.021230 -0.148556
v 0.322773 0.021230 -0.215670
v 0.274495 0.021230 -0.274496
v 0.215669 0.021230 -0.322773
v 0.148556 0.021230 -0.358646
v 0.075733 0.021230 -0.380737
v -0.058557 0.115803 -0.394763
v -0.039117 0.115803 -0.397160
v -0.019582 0.115803 -0.398602
v -0.134447 0.115803 -0.375754
v -0.115847 0.115803 -0.381898
v -0.096969 0.115803 -0.387123
v -0.205169 0.115803 -0.342305
v -0.188126 0.115803 -0.351959
v -0.170630 0.115803 -0.360767
v -0.268008 0.115803 -0.295701
v -0.253175 0.115803 -0.308495
v -0.237733 0.115803 -0.320546
v -0.320546 0.115803 -0.237733
v -0.308495 0.115803 -0.253175
v -0.295701 0.115803 -0.268007
v -0.360767 0.115803 -0.170630
v -0.351959 0.115803 -0.188126
v -0.342305 0.115803 -0.205169
v -0.387123 0.115803 -0.096969
v -0.381898 0.115803 -0.115847
v -0.375754 0.115803 -0.134447
v -0.398602 0.115803 -0.019582
v -0.397160 0.115803 -0.039117
v -0.394763 0.115803 -0.058557
v -0.394763 0.115803 0.058558
v -0.397160 0.115803 0.039117
v -0.398602 0.115803 0.019582
v -0.375754 0.115803 0.134447
v -0.381898 0.115803 0.115847
v -0.387123 0.115803 0.096969
v -0.342305 0.115803 0.205169
v -0.351959 0.115803 0.188126
v -0.360767 0.115803 0.170630
v -0.295701 0.115803 0.268008
v -0.308495 0.115803 0.253175
v -0.320546 0.115803 0.237733
v -0.237733 0.115803 0.320546
v -0.253175 0.115803 0.308495
v -0.268008 0.115803 0.295701
v -0.170630 0.115803 0.360767
v -0.188126 0.115803 0.351959
v -0.205169 0.115803 0.342305
v -0.096969 0.115803 0.387123
v -0.115847 0.115803 0.381898
v -0.134447 0.115803 0.375754
v -0.019582 0.115803 0.398602
v -0.039117 0.115803 0.397160
v -0.058557 0.115803 0.394763
v 0.058558 0.115803 0.394763
v 0.039117 0.115803 0.397160
v 0.019582 0.115803 0.398602
v 0.134447 0.115803 0.375754
v 0.115848 0.115803 0.381898
v 0.096969 0.115803 0.387123
v 0.205170 0.115803 0.342305
v 0.188126 0.115803 0.351959
v 0.170630 0.115803 0.360767
v 0.268008 0.115803 0.295701
v 0.253175 0.115803 0.308495
v 0.237734 0.115803 0.320546
v 0.320547 0.115803 0.237733
v 0.308495 0.115803 0.253175
v 0.295701 0.115803 0.268007
v 0.360767 0.115803 0.170630
v 0.351959 0.115803 0.188126
v 0.342305 0.115803 0.205169
v 0.387123 0.115803 0.096969
v 0.381898 0.115803 0.115847
v 0.375754 0.115803 0.134447
v 0.398602 0.115803 0.019582
v 0.397161 0.115803 0.039117
v 0.394763 0.115803 0.058557
v 0.394763 0.115803 -0.058558
v 0.397160 0.115803 -0.039117
v 0.398602 0.115803 -0.019582
v 0.375754 0.115803 -0.134447
v 0.381898 0.115803 -0.115848
v 0.387123 0.115803 -0.096970
v 0.342305 0.115803 -0.205170
v 0.351959 0.115803 -0.188126
v 0.360766 0.115803 -0.170630
v 0.295700 0.115803 -0.268008
v 0.308494 0.115803 -0.253175
v 0.320546 0.115803 -0.237734
v 0.237733 0.115803 -0.320547
v 0.253175 0.115803 -0.308495
v 0.268007 0.115803 -0.295701
v 0.170629 0.115803 -0.360767
v 0.188126 0.115803 -0.351959
v 0.205169 0.115803 -0.342305
v 0.096969 0.115803 -0.387123
v 0.115847 0.115803 -0.381898
v 0.134446 0.115803 -0.375754
v 0.019582 0.115803 -0.398602
v 0.039117 0.115803 -0.397160
v 0.058557 0.115803 -0.394763
v 0.000000 0.263717 -0.401144
v 0.000000 0.183778 -0.400445
v 0.078259 0.263717 -0.393436
v 0.078122 0.183778 -0.392751
v -0.078123 0.183778 -0.392751
v -0.078259 0.263717 -0.393436
v -0.153244 0.183778 -0.369963
v -0.153511 0.263717 -0.370609
v -0.222475 0.183778 -0.332958
v -0.222864 0.263717 -0.333539
v -0.283157 0.183778 -0.283157
v -0.283652 0.263717 -0.283652
v -0.332958 0.183778 -0.222475
v -0.333539 0.263717 -0.222864
v -0.369963 0.183778 -0.153244
v -0.370609 0.263717 -0.153511
v -0.392751 0.183778 -0.078123
v -0.393436 0.263717 -0.078259
v -0.400445 0.183778 -0.000000
v -0.401144 0.263717 -0.000000
v -0.392751 0.183778 0.078123
v -0.393436 0.263717 0.078259
v -0.369963 0.183778 0.153244
v -0.370609 0.263717 0.153511
v -0.332958 0.183778 0.222475
v -0.333539 0.263717 0.222864
v -0.283157 0.183778 0.283158
v -0.283652 0.263717 0.283652
v -0.222475 0.183778 0.332958
v -0.222864 0.263717 0.333539
v -0.153244 0.183778 0.369963
v -0.153511 0.263717 0.370609
v -0.078123 0.183778 0.392751
v -0.078259 0.263717 0.393436
v 0.000000 0.183778 0.400445
v 0.000000 0.263717 0.401144
v 0.078123 0.183778 0.392751
v 0.078259 0.263717 0.393436
v 0.153244 0.183778 0.369963
v 0.153511 0.263717 0.370609
v 0.222476 0.183778 0.332958
v 0.222864 0.263717 0.333539
v 0.283158 0.183778 0.283157
v 0.283652 0.263717 0.283651
v 0.332958 0.183778 0.222475
v 0.333539 0.263717 0.222863
v 0.369963 0.183778 0.153243
v 0.370609 0.263717 0.153511
v 0.392751 0.183778 0.078123
v 0.393436 0.263717 0.078259
v 0.400445 0.183778 -0.000000
v 0.401144 0.263717 -0.000000
v 0.392751 0.183778 -0.078123
v 0.393436 0.263717 -0.078260
v 0.369963 0.183778 -0.153244
v 0.370608 0.263717 -0.153511
v 0.332958 0.183778 -0.222476
v 0.333539 0.263717 -0.222864
v 0.283157 0.183778 -0.283158
v 0.283651 0.263717 -0.283652
v 0.222475 0.183778 -0.332958
v 0.222863 0.263717 -0.333539
v 0.153243 0.183778 -0.369963
v 0.153511 0.263717 -0.370609
v 0.000000 0.016900 -0.385488
v -0.075205 0.016900 -0.378081
v -0.056960 0.021230 -0.383993
v -0.038050 0.021230 -0.386325
v -0.019048 0.021230 -0.387727
v -0.147520 0.016900 -0.356144
v -0.130779 0.021230 -0.365502
v -0.112687 0.021230 -0.371479
v -0.094324 0.021230 -0.376561
v -0.214166 0.016900 -0.320521
v -0.199572 0.021230 -0.332966
v -0.182993 0.021230 -0.342357
v -0.165975 0.021230 -0.350924
v -0.272581 0.016900 -0.272581
v -0.260696 0.021230 -0.287633
v -0.246268 0.021230 -0.300078
v -0.231247 0.021230 -0.311801
v -0.320521 0.016900 -0.214165
v -0.311801 0.021230 -0.231247
v -0.300078 0.021230 -0.246268
v -0.287633 0.021230 -0.260696
v -0.356144 0.016900 -0.147520
v -0.350924 0.021230 -0.165975
v -0.342357 0.021230 -0.182993
v -0.332966 0.021230 -0.199572
v -0.378081 0.016900 -0.075205
v -0.376561 0.021230 -0.094324
v -0.371479 0.021230 -0.112687
v -0.365502 0.021230 -0.130779
v -0.385488 0.016900 -0.000000
v -0.387727 0.021230 -0.019048
v -0.386325 0.021230 -0.038050
v -0.383993 0.021230 -0.056960
v -0.378081 0.016900 0.075205
v -0.383993 0.021230 0.056960
v -0.386325 0.021230 0.038050
v -0.387727 0.021230 0.019048
v -0.356144 0.016900 0.147520
v -0.365502 0.021230 0.130779
v -0.371479 0.021230 0.112687
v -0.376561 0.021230 0.094324
v -0.320521 0.016900 0.214166
v -0.332966 0.021230 0.199572
v -0.342357 0.021230 0.182993
v -0.350924 0.021230 0.165975
v -0.272581 0.016900 0.272581
v -0.287633 0.021230 0.260696
v -0.300078 0.021230 0.246268
v -0.311801 0.021230 0.231247
v -0.214165 0.016900 0.320521
v -0.231247 0.021230 0.311801
v -0.246268 0.021230 0.300078
v -0.260696 0.021230 0.287633
v -0.147520 0.016900 0.356144
v -0.165975 0.021230 0.350924
v -0.182993 0.021230 0.342357
v -0.199572 0.021230 0.332966
v -0.075205 0.016900 0.378081
v -0.094324 0.021230 0.376561
v -0.112687 0.021230 0.371479
v -0.130779 0.021230 0.365503
v 0.000000 0.016900 0.385488
v -0.019048 0.021230 0.387727
v -0.038049 0.021230 0.386325
v -0.056960 0.021230 0.383993
v 0.075205 0.016900 0.378081
v 0.056960 0.021230 0.383993
v 0.038050 0.021230 0.386325
v 0.019048 0.021230 0.387727
v 0.147520 0.016900 0.356144
v 0.130779 0.021230 0.365503
v 0.112687 0.021230 0.371479
v 0.094324 0.021230 0.376561
v 0.214166 0.016900 0.320521
v 0.199572 0.021230 0.332966
v 0.182994 0.021230 0.342357
v 0.165975 0.021230 0.350924
v 0.272581 0.016900 0.272581
v 0.260696 0.021230 0.287633
v 0.246268 0.021230 0.300078
v 0.231248 0.021230 0.311801
v 0.320522 0.016900 0.214165
v 0.311801 0.021230 0.231247
v 0.300078 0.021230 0.246268
v 0.287634 0.021230 0.260696
v 0.356144 0.016900 0.147520
v 0.350924 0.021230 0.165974
v 0.342357 0.021230 0.182993
v 0.332966 0.021230 0.199572
v 0.378081 0.016900 0.075205
v 0.376561 0.021230 0.094323
v 0.371479 0.021230 0.112686
v 0.365503 0.021230 0.130779
v 0.385488 0.016900 -0.000000
v 0.387727 0.021230 0.019047
v 0.386325 0.021230 0.038049
v 0.383993 0.021230 0.056960
v 0.378081 0.016900 -0.075205
v 0.383993 0.021230 -0.056960
v 0.386325 0.021230 -0.038050
v 0.387727 0.021230 -0.019048
v 0.356144 0.016900 -0.147520
v 0.365502 0.021230 -0.130779
v 0.371478 0.021230 -0.112687
v 0.376561 0.021230 -0.094324
v 0.320521 0.016900 -0.214166
v 0.332966 0.021230 -0.199572
v 0.342356 0.021230 -0.182994
v 0.350924 0.021230 -0.165975
v 0.272581 0.016900 -0.272581
v 0.287633 0.021230 -0.260696
v 0.300078 0.021230 -0.246268
v 0.311801 0.021230 -0.231248
v 0.214165 0.016900 -0.320522
v 0.231247 0.021230 -0.311801
v 0.246267 0.021230 -0.300078
v 0.260695 0.021230 -0.287634
v 0.147519 0.016900 -0.356144
v 0.165974 0.021230 -0.350924
v 0.182993 0.021230 -0.342357
v 0.199571 0.021230 -0.332966
v 0.075204 0.016900 -0.378081
v 0.094323 0.021230 -0.376561
v 0.112686 0.021230 -0.371479
v 0.130778 0.021230 -0.365503
v 0.019048 0.021230 -0.387727
v 0.038049 0.021230 -0.386325
v 0.056960 0.021230 -0.383993
v 0.000000 0.028105 -0.391189
v 0.000000 0.042337 -0.394205
v 0.000000 0.069583 -0.396928
v 0.077436 0.069583 -0.389301
v 0.076905 0.042337 -0.386631
v 0.076317 0.028105 -0.383673
v -0.076317 0.028105 -0.383673
v -0.076906 0.042337 -0.386631
v -0.077437 0.069583 -0.389301
v -0.149702 0.028105 -0.361412
v -0.150856 0.042337 -0.364198
v -0.151898 0.069583 -0.366713
v -0.217333 0.028105 -0.325262
v -0.219009 0.042337 -0.327770
v -0.220521 0.069583 -0.330033
v -0.276613 0.028105 -0.276613
v -0.278745 0.042337 -0.278745
v -0.280670 0.069583 -0.280670
v -0.325262 0.028105 -0.217333
v -0.327770 0.042337 -0.219009
v -0.330033 0.069583 -0.220521
v -0.361412 0.028105 -0.149702
v -0.364198 0.042337 -0.150856
v -0.366713 0.069583 -0.151898
v -0.383673 0.028105 -0.076317
v -0.386631 0.042337 -0.076906
v -0.389301 0.069583 -0.077437
v -0.391189 0.028105 -0.000000
v -0.394205 0.042337 -0.000000
v -0.396928 0.069583 -0.000000
v -0.383673 0.028105 0.076317
v -0.386631 0.042337 0.076906
v -0.389301 0.069583 0.077437
v -0.361412 0.028105 0.149702
v -0.364198 0.042337 0.150856
v -0.366713 0.069583 0.151898
v -0.325262 0.028105 0.217333
v -0.327770 0.042337 0.219009
v -0.330033 0.069583 0.220521
v -0.276613 0.028105 0.276613
v -0.278745 0.042337 0.278745
v -0.280670 0.069583 0.280670
v -0.217333 0.028105 0.325262
v -0.219009 0.042337 0.327770
v -0.220521 0.069583 0.330033
v -0.149702 0.028105 0.361412
v -0.150856 0.042337 0.364198
v -0.151898 0.069583 0.366713
v -0.076317 0.028105 0.383673
v -0.076906 0.042337 0.386631
v -0.077437 0.069583 0.389301
v 0.000000 0.028105 0.391189
v 0.000000 0.042337 0.394205
v 0.000000 0.069583 0.396928
v 0.076317 0.028105 0.383673
v 0.076906 0.042337 0.386631
v 0.077437 0.069583 0.389301
v 0.149702 0.028105 0.361412
v 0.150856 0.042337 0.364198
v 0.151898 0.069583 0.366713
v 0.217333 0.028105 0.325262
v 0.219009 0.042337 0.327770
v 0.220521 0.069583 0.330033
v 0.276613 0.028105 0.276613
v 0.278745 0.042337 0.278745
v 0.280670 0.069583 0.280670
v 0.325262 0.028105 0.217333
v 0.327770 0.042337 0.219008
v 0.330033 0.069583 0.220521
v 0.361412 0.028105 0.149701
v 0.364198 0.042337 0.150856
v 0.366714 0.069583 0.151897
v 0.383673 0.028105 0.076317
v 0.386631 0.042337 0.076905
v 0.389301 0.069583 0.077436
v 0.391189 0.028105 -0.000000
v 0.394205 0.042337 -0.000000
v 0.396928 0.069583 -0.000000
v 0.383673 0.028105 -0.076318
v 0.386631 0.042337 -0.076906
v 0.389301 0.069583 -0.077437
v 0.361412 0.028105 -0.149702
v 0.364198 0.042337 -0.150856
v 0.366713 0.069583 -0.151898
v 0.325262 0.028105 -0.217333
v 0.327769 0.042337 -0.219009
v 0.330033 0.069583 -0.220522
v 0.276612 0.028105 -0.276613
v 0.278745 0.042337 -0.278746
v 0.280670 0.069583 -0.280671
v 0.217333 0.028105 -0.325262
v 0.219008 0.042337 -0.327770
v 0.220521 0.069583 -0.330033
v 0.149701 0.028105 -0.361412
v 0.150855 0.042337 -0.364198
v 0.151897 0.069583 -0.366714
v 0.019476 0.069583 -0.396449
v 0.038905 0.069583 -0.395015
v 0.058241 0.069583 -0.392631
v 0.019343 0.042337 -0.393730
v 0.038638 0.042337 -0.392306
v 0.057841 0.042337 -0.389938
v 0.019195 0.028105 -0.390717
v 0.038343 0.028105 -0.389304
v 0.057399 0.028105 -0.386955
v -0.058241 0.069583 -0.392631
v -0.038905 0.069583 -0.395015
v -0.019476 0.069583 -0.396449
v -0.057842 0.042337 -0.389938
v -0.038639 0.042337 -0.392305
v -0.019343 0.042337 -0.393730
v -0.057399 0.028105 -0.386954
v -0.038343 0.028105 -0.389304
v -0.019195 0.028105 -0.390717
v -0.019649 0.183778 -0.399962
v -0.039250 0.183778 -0.398515
v -0.058757 0.183778 -0.396110
v -0.019683 0.263717 -0.400660
v -0.039319 0.263717 -0.399211
v -0.058860 0.263717 -0.396801
v 0.361997 0.183778 -0.171212
v 0.353160 0.183778 -0.188768
v 0.343472 0.183778 -0.205870
v 0.362629 0.263717 -0.171511
v 0.353776 0.263717 -0.189098
v 0.344072 0.263717 -0.206229
v -0.268922 0.183778 0.296710
v -0.254039 0.183778 0.309547
v -0.238544 0.183778 0.321640
v -0.269391 0.263717 0.297228
v -0.254482 0.263717 0.310087
v -0.238961 0.263717 0.322201
v 0.388443 0.183778 -0.097300
v 0.383201 0.183778 -0.116243
v 0.377036 0.183778 -0.134906
v 0.389121 0.263717 -0.097470
v 0.383869 0.263717 -0.116446
v 0.377694 0.263717 -0.135141
v -0.321640 0.183778 0.238544
v -0.309547 0.183778 0.254039
v -0.296710 0.183778 0.268922
v -0.322201 0.263717 0.238961
v -0.310087 0.263717 0.254482
v -0.297227 0.263717 0.269391
v 0.399962 0.183778 -0.019649
v 0.398515 0.183778 -0.039251
v 0.396110 0.183778 -0.058758
v 0.400660 0.263717 -0.019684
v 0.399211 0.263717 -0.039319
v 0.396801 0.263717 -0.058860
v -0.361997 0.183778 0.171212
v -0.353160 0.183778 0.188768
v -0.343473 0.183778 0.205870
v -0.362629 0.263717 0.171511
v -0.353776 0.263717 0.189097
v -0.344072 0.263717 0.206229
v 0.396110 0.183778 0.058757
v 0.398515 0.183778 0.039250
v 0.399962 0.183778 0.019649
v 0.396801 0.263717 0.058859
v 0.399211 0.263717 0.039318
v 0.400660 0.263717 0.019683
v -0.388444 0.183778 0.097300
v -0.383201 0.183778 0.116243
v -0.377036 0.183778 0.134906
v -0.389121 0.263717 0.097470
v -0.383869 0.263717 0.116445
v -0.377694 0.263717 0.135141
v 0.377036 0.183778 0.134905
v 0.383201 0.183778 0.116242
v 0.388444 0.183778 0.097300
v 0.377694 0.263717 0.135141
v 0.383869 0.263717 0.116445
v 0.389121 0.263717 0.097469
v -0.399962 0.183778 0.019649
v -0.398515 0.183778 0.039250
v -0.396110 0.183778 0.058757
v -0.400660 0.263717 0.019683
v -0.399211 0.263717 0.039319
v -0.396801 0.263717 0.058860
v 0.343473 0.183778 0.205869
v 0.353160 0.183778 0.188768
v 0.361997 0.183778 0.171212
v 0.344072 0.263717 0.206228
v 0.353776 0.263717 0.189097
v 0.362629 0.263717 0.171511
v -0.396110 0.183778 -0.058757
v -0.398515 0.183778 -0.039250
v -0.399962 0.183778 -0.019649
v -0.396801 0.263717 -0.058860
v -0.399211 0.263717 -0.039319
v -0.400660 0.263717 -0.019683
v 0.296710 0.183778 0.268922
v 0.309547 0.183778 0.254039
v 0.321640 0.183778 0.238544
v 0.297228 0.263717 0.269391
v 0.310087 0.263717 0.254482
v 0.322201 0.263717 0.238961
v -0.377036 0.183778 -0.134905
v -0.383201 0.183778 -0.116242
v -0.388443 0.183778 -0.097300
v -0.377694 0.263717 -0.135141
v -0.383869 0.263717 -0.116445
v -0.389121 0.263717 -0.097470
v 0.238545 0.183778 0.321640
v 0.254039 0.183778 0.309547
v 0.268922 0.183778 0.296710
v 0.238961 0.263717 0.322201
v 0.254482 0.263717 0.310087
v 0.269391 0.263717 0.297227
v -0.097300 0.183778 -0.388443
v -0.116243 0.183778 -0.383201
v -0.134905 0.183778 -0.377036
v -0.097470 0.263717 -0.389121
v -0.116445 0.263717 -0.383869
v -0.135141 0.263717 -0.377694
v -0.343473 0.183778 -0.205869
v -0.353160 0.183778 -0.188768
v -0.361997 0.183778 -0.171212
v -0.344072 0.263717 -0.206229
v -0.353776 0.263717 -0.189097
v -0.362629 0.263717 -0.171511
v 0.171212 0.183778 0.361997
v 0.188768 0.183778 0.353160
v 0.205870 0.183778 0.343473
v 0.171511 0.263717 0.362629
v 0.189097 0.263717 0.353776
v 0.206229 0.263717 0.344072
v -0.296710 0.183778 -0.268922
v -0.309547 0.183778 -0.254039
v -0.321640 0.183778 -0.238544
v -0.297227 0.263717 -0.269391
v -0.310087 0.263717 -0.254482
v -0.322201 0.263717 -0.238961
v 0.097300 0.183778 0.388444
v 0.116243 0.183778 0.383201
v 0.134906 0.183778 0.377036
v 0.097470 0.263717 0.389121
v 0.116446 0.263717 0.383869
v 0.135141 0.263717 0.377694
v 0.134905 0.183778 -0.377036
v 0.116242 0.183778 -0.383201
v 0.097300 0.183778 -0.388444
v 0.135140 0.263717 -0.377694
v 0.116445 0.263717 -0.383869
v 0.097469 0.263717 -0.389121
v -0.238544 0.183778 -0.321640
v -0.254039 0.183778 -0.309547
v -0.268922 0.183778 -0.296710
v -0.238961 0.263717 -0.322201
v -0.254482 0.263717 -0.310087
v -0.269391 0.263717 -0.297227
v 0.019649 0.183778 0.399962
v 0.039250 0.183778 0.398515
v 0.058757 0.183778 0.396110
v 0.019683 0.263717 0.400660
v 0.039319 0.263717 0.399211
v 0.058860 0.263717 0.396801
v 0.205869 0.183778 -0.343473
v 0.188767 0.183778 -0.353160
v 0.171212 0.183778 -0.361998
v 0.206228 0.263717 -0.344072
v 0.189097 0.263717 -0.353776
v 0.171510 0.263717 -0.362629
v -0.171212 0.183778 -0.361997
v -0.188768 0.183778 -0.353160
v -0.205869 0.183778 -0.343472
v -0.171511 0.263717 -0.362629
v -0.189097 0.263717 -0.353776
v -0.206229 0.263717 -0.344072
v -0.058757 0.183778 0.396110
v -0.039250 0.183778 0.398515
v -0.019649 0.183778 0.399962
v -0.058860 0.263717 0.396801
v -0.039319 0.263717 0.399211
v -0.019683 0.263717 0.400660
v 0.268922 0.183778 -0.296710
v 0.254038 0.183778 -0.309547
v 0.238544 0.183778 -0.321640
v 0.269391 0.263717 -0.297228
v 0.254482 0.263717 -0.310087
v 0.238960 0.263717 -0.322201
v -0.134905 0.183778 0.377036
v -0.116242 0.183778 0.383201
v -0.097300 0.183778 0.388444
v -0.135141 0.263717 0.377694
v -0.116445 0.263717 0.383869
v -0.097470 0.263717 0.389121
v 0.321640 0.183778 -0.238545
v 0.309547 0.183778 -0.254039
v 0.296709 0.183778 -0.268922
v 0.322201 0.263717 -0.238961
v 0.310087 0.263717 -0.254482
v 0.297227 0.263717 -0.269391
v -0.205869 0.183778 0.343473
v -0.188768 0.183778 0.353160
v -0.171212 0.183778 0.361997
v -0.206229 0.263717 0.344072
v -0.189097 0.263717 0.353776
v -0.171511 0.263717 0.362629
v 0.058757 0.183778 -0.396110
v 0.039250 0.183778 -0.398515
v 0.019649 0.183778 -0.399962
v 0.058859 0.263717 -0.396801
v 0.039318 0.263717 -0.399211
v 0.019683 0.263717 -0.400660
v 0.096445 0.069583 -0.385032
v 0.115221 0.069583 -0.379835
v 0.133720 0.069583 -0.373724
v 0.095783 0.042337 -0.382391
v 0.114431 0.042337 -0.377230
v 0.132803 0.042337 -0.371161
v 0.095051 0.028105 -0.379465
v 0.113555 0.028105 -0.374343
v 0.131787 0.028105 -0.368321
v 0.169708 0.069583 -0.358818
v 0.187109 0.069583 -0.350058
v 0.204061 0.069583 -0.340456
v 0.168544 0.042337 -0.356357
v 0.185826 0.042337 -0.347657
v 0.202661 0.042337 -0.338121
v 0.167254 0.028105 -0.353630
v 0.184404 0.028105 -0.344997
v 0.201111 0.028105 -0.335534
v 0.236449 0.069583 -0.318815
v 0.251807 0.069583 -0.306828
v 0.266559 0.069583 -0.294104
v 0.234827 0.042337 -0.316628
v 0.250080 0.042337 -0.304724
v 0.264731 0.042337 -0.292087
v 0.233030 0.028105 -0.314206
v 0.248167 0.028105 -0.302393
v 0.262706 0.028105 -0.289852
v 0.294103 0.069583 -0.266560
v 0.306828 0.069583 -0.251808
v 0.318814 0.069583 -0.236449
v 0.292086 0.042337 -0.264732
v 0.304723 0.042337 -0.250081
v 0.316628 0.042337 -0.234828
v 0.289851 0.028105 -0.262706
v 0.302392 0.028105 -0.248167
v 0.314205 0.028105 -0.233031
v 0.340455 0.069583 -0.204061
v 0.350057 0.069583 -0.187110
v 0.358817 0.069583 -0.169708
v 0.338120 0.042337 -0.202662
v 0.347657 0.042337 -0.185827
v 0.356356 0.042337 -0.168544
v 0.335533 0.028105 -0.201111
v 0.344997 0.028105 -0.184405
v 0.353630 0.028105 -0.167255
v 0.373724 0.069583 -0.133721
v 0.379835 0.069583 -0.115222
v 0.385031 0.069583 -0.096446
v 0.371161 0.042337 -0.132804
v 0.377229 0.042337 -0.114432
v 0.382391 0.042337 -0.095784
v 0.368321 0.028105 -0.131788
v 0.374343 0.028105 -0.113556
v 0.379465 0.028105 -0.095051
v 0.392631 0.069583 -0.058242
v 0.395015 0.069583 -0.038906
v 0.396449 0.069583 -0.019477
v 0.389938 0.042337 -0.057842
v 0.392306 0.042337 -0.038639
v 0.393730 0.042337 -0.019343
v 0.386955 0.028105 -0.057399
v 0.389304 0.028105 -0.038343
v 0.390717 0.028105 -0.019195
v 0.396449 0.069583 0.019476
v 0.395015 0.069583 0.038905
v 0.392631 0.069583 0.058241
v 0.393730 0.042337 0.019342
v 0.392306 0.042337 0.038638
v 0.389938 0.042337 0.057841
v 0.390717 0.028105 0.019194
v 0.389304 0.028105 0.038343
v 0.386955 0.028105 0.057399
v 0.385032 0.069583 0.096445
v 0.379835 0.069583 0.115221
v 0.373724 0.069583 0.133720
v 0.382391 0.042337 0.095784
v 0.377230 0.042337 0.114431
v 0.371161 0.042337 0.132803
v 0.379465 0.028105 0.095051
v 0.374343 0.028105 0.113556
v 0.368321 0.028105 0.131787
v 0.358818 0.069583 0.169708
v 0.350058 0.069583 0.187109
v 0.340456 0.069583 0.204061
v 0.356357 0.042337 0.168544
v 0.347657 0.042337 0.185826
v 0.338121 0.042337 0.202661
v 0.353630 0.028105 0.167254
v 0.344997 0.028105 0.184404
v 0.335534 0.028105 0.201111
v 0.318815 0.069583 0.236449
v 0.306828 0.069583 0.251807
v 0.294104 0.069583 0.266560
v 0.316628 0.042337 0.234827
v 0.304724 0.042337 0.250080
v 0.292086 0.042337 0.264731
v 0.314206 0.028105 0.233031
v 0.302392 0.028105 0.248167
v 0.289852 0.028105 0.262706
v 0.266560 0.069583 0.294103
v 0.251807 0.069583 0.306828
v 0.236449 0.069583 0.318815
v 0.264732 0.042337 0.292086
v 0.250081 0.042337 0.304724
v 0.234828 0.042337 0.316628
v 0.262706 0.028105 0.289852
v 0.248167 0.028105 0.302392
v 0.233031 0.028105 0.314205
v 0.204061 0.069583 0.340456
v 0.187110 0.069583 0.350058
v 0.169708 0.069583 0.358818
v 0.202662 0.042337 0.338120
v 0.185827 0.042337 0.347657
v 0.168544 0.042337 0.356357
v 0.201111 0.028105 0.335533
v 0.184405 0.028105 0.344997
v 0.167255 0.028105 0.353630
v 0.133721 0.069583 0.373724
v 0.115222 0.069583 0.379835
v 0.096446 0.069583 0.385031
v 0.132804 0.042337 0.371161
v 0.114431 0.042337 0.377229
v 0.095784 0.042337 0.382391
v 0.131788 0.028105 0.368321
v 0.113556 0.028105 0.374343
v 0.095051 0.028105 0.379465
v 0.058241 0.069583 0.392631
v 0.038906 0.069583 0.395015
v 0.019476 0.069583 0.396449
v 0.057842 0.042337 0.389938
v 0.038639 0.042337 0.392306
v 0.019343 0.042337 0.393730
v 0.057399 0.028105 0.386955
v 0.038343 0.028105 0.389304
v 0.019195 0.028105 0.390717
v -0.019476 0.069583 0.396449
v -0.038905 0.069583 0.395015
v -0.058241 0.069583 0.392631
v -0.019343 0.042337 0.393730
v -0.038638 0.042337 0.392306
v -0.057842 0.042337 0.389938
v -0.019195 0.028105 0.390717
v -0.038343 0.028105 0.389304
v -0.057399 0.028105 0.386955
v -0.096445 0.069583 0.385032
v -0.115221 0.069583 0.379835
v -0.133720 0.069583 0.373724
v -0.095784 0.042337 0.382391
v -0.114431 0.042337 0.377230
v -0.132803 0.042337 0.371161
v -0.095051 0.028105 0.379465
v -0.113556 0.028105 0.374343
v -0.131787 0.028105 0.368321
v -0.169708 0.069583 0.358818
v -0.187110 0.069583 0.350058
v -0.204061 0.069583 0.340456
v -0.168544 0.042337 0.356357
v -0.185826 0.042337 0.347657
v -0.202662 0.042337 0.338121
v -0.167255 0.028105 0.353630
v -0.184405 0.028105 0.344997
v -0.201111 0.028105 0.335534
v -0.236449 0.069583 0.318815
v -0.251807 0.069583 0.306828
v -0.266560 0.069583 0.294104
v -0.234827 0.042337 0.316628
v -0.250080 0.042337 0.304724
v -0.264731 0.042337 0.292086
v -0.233031 0.028105 0.314205
v -0.248167 0.028105 0.302392
v -0.262706 0.028105 0.289852
v -0.294103 0.069583 0.266560
v -0.306828 0.069583 0.251807
v -0.318815 0.069583 0.236449
v -0.292086 0.042337 0.264732
v -0.304724 0.042337 0.250080
v -0.316628 0.042337 0.234827
v -0.289852 0.028105 0.262706
v -0.302392 0.028105 0.248167
v -0.314206 0.028105 0.233031
v -0.340456 0.069583 0.204061
v -0.350058 0.069583 0.187110
v -0.358818 0.069583 0.169708
v -0.338120 0.042337 0.202662
v -0.347657 0.042337 0.185826
v -0.356357 0.042337 0.168544
v -0.335534 0.028105 0.201111
v -0.344997 0.028105 0.184405
v -0.353630 0.028105 0.167255
v -0.373724 0.069583 0.133721
v -0.379835 0.069583 0.115222
v -0.385031 0.069583 0.096445
v -0.371161 0.042337 0.132803
v -0.377229 0.042337 0.114431
v -0.382391 0.042337 0.095784
v -0.368321 0.028105 0.131787
v -0.374343 0.028105 0.113556
v -0.379465 0.028105 0.095051
v -0.392631 0.069583 0.058241
v -0.395015 0.069583 0.038905
v -0.396449 0.069583 0.019476
v -0.389938 0.042337 0.057842
v -0.392306 0.042337 0.038639
v -0.393730 0.042337 0.019343
v -0.386955 0.028105 0.057399
v -0.389304 0.028105 0.038343
v -0.390717 0.028105 0.019195
v -0.396449 0.069583 -0.019476
v -0.395015 0.069583 -0.038905
v -0.392631 0.069583 -0.058241
v -0.393730 0.042337 -0.019343
v -0.392306 0.042337 -0.038639
v -0.389938 0.042337 -0.057842
v -0.390717 0.028105 -0.019195
v -0.389304 0.028105 -0.038343
v -0.386954 0.028105 -0.057399
v -0.385031 0.069583 -0.096445
v -0.379835 0.069583 -0.115222
v -0.373724 0.069583 -0.133720
v -0.382391 0.042337 -0.095784
v -0.377229 0.042337 -0.114431
v -0.371161 0.042337 -0.132803
v -0.379465 0.028105 -0.095051
v -0.374343 0.028105 -0.113556
v -0.368321 0.028105 -0.131787
v -0.358818 0.069583 -0.169708
v -0.350058 0.069583 -0.187110
v -0.340456 0.069583 -0.204061
v -0.356357 0.042337 -0.168544
v -0.347657 0.042337 -0.185826
v -0.338120 0.042337 -0.202661
v -0.353630 0.028105 -0.167255
v -0.344997 0.028105 -0.184405
v -0.335533 0.028105 -0.201111
v -0.318815 0.069583 -0.236449
v -0.306828 0.069583 -0.251807
v -0.294103 0.069583 -0.266560
v -0.316628 0.042337 -0.234827
v -0.304724 0.042337 -0.250080
v -0.292086 0.042337 -0.264731
v -0.314205 0.028105 -0.233031
v -0.302392 0.028105 -0.248167
v -0.289852 0.028105 -0.262706
v -0.266560 0.069583 -0.294103
v -0.251807 0.069583 -0.306828
v -0.236449 0.069583 -0.318815
v -0.264731 0.042337 -0.292086
v -0.250080 0.042337 -0.304724
v -0.234827 0.042337 -0.316628
v -0.262706 0.028105 -0.289852
v -0.248167 0.028105 -0.302392
v -0.233031 0.028105 -0.314205
v -0.204061 0.069583 -0.340455
v -0.187110 0.069583 -0.350058
v -0.169708 0.069583 -0.358817
v -0.202662 0.042337 -0.338120
v -0.185826 0.042337 -0.347657
v -0.168544 0.042337 -0.356356
v -0.201111 0.028105 -0.335533
v -0.184405 0.028105 -0.344997
v -0.167255 0.028105 -0.353630
v -0.133721 0.069583 -0.373724
v -0.115222 0.069583 -0.379835
v -0.096445 0.069583 -0.385031
v -0.132803 0.042337 -0.371161
v -0.114431 0.042337 -0.377229
v -0.095784 0.042337 -0.382391
v -0.131787 0.028105 -0.368321
v -0.113556 0.028105 -0.374343
v -0.095051 0.028105 -0.379465
v -0.018915 0.016900 -0.385023
v -0.037784 0.016900 -0.383630
v -0.056563 0.016900 -0.381315
v -0.093666 0.016900 -0.373934
v -0.111901 0.016900 -0.368887
v -0.129867 0.016900 -0.362953
v -0.164817 0.016900 -0.348476
v -0.181717 0.016900 -0.339968
v -0.198180 0.016900 -0.330643
v -0.229634 0.016900 -0.309626
v -0.244550 0.016900 -0.297985
v -0.258877 0.016900 -0.285627
v -0.285627 0.016900 -0.258877
v -0.297985 0.016900 -0.244550
v -0.309626 0.016900 -0.229634
v -0.330643 0.016900 -0.198180
v -0.339969 0.016900 -0.181717
v -0.348476 0.016900 -0.164817
v -0.362953 0.016900 -0.129866
v -0.368887 0.016900 -0.111901
v -0.373934 0.016900 -0.093666
v -0.381315 0.016900 -0.056563
v -0.383630 0.016900 -0.037784
v -0.385023 0.016900 -0.018915
v -0.385023 0.016900 0.018915
v -0.383630 0.016900 0.037784
v -0.381315 0.016900 0.056563
v -0.373934 0.016900 0.093666
v -0.368887 0.016900 0.111901
v -0.362953 0.016900 0.129867
v -0.348476 0.016900 0.164817
v -0.339969 0.016900 0.181717
v -0.330643 0.016900 0.198180
v -0.309626 0.016900 0.229634
v -0.297985 0.016900 0.244550
v -0.285627 0.016900 0.258877
v -0.258877 0.016900 0.285627
v -0.244550 0.016900 0.297985
v -0.229634 0.016900 0.309626
v -0.198180 0.016900 0.330643
v -0.181717 0.016900 0.339969
v -0.164817 0.016900 0.348476
v -0.129866 0.016900 0.362953
v -0.111901 0.016900 0.368888
v -0.093666 0.016900 0.373934
v -0.056562 0.016900 0.381315
v -0.037784 0.016900 0.383630
v -0.018915 0.016900 0.385023
v 0.018915 0.016900 0.385023
v 0.037784 0.016900 0.383630
v 0.056563 0.016900 0.381315
v 0.093666 0.016900 0.373934
v 0.111901 0.016900 0.368887
v 0.129867 0.016900 0.362953
v 0.164817 0.016900 0.348476
v 0.181717 0.016900 0.339969
v 0.198180 0.016900 0.330643
v 0.229635 0.016900 0.309626
v 0.244550 0.016900 0.297985
v 0.258877 0.016900 0.285627
v 0.285627 0.016900 0.258877
v 0.297985 0.016900 0.244550
v 0.309626 0.016900 0.229634
v 0.330643 0.016900 0.198180
v 0.339969 0.016900 0.181717
v 0.348476 0.016900 0.164817
v 0.362953 0.016900 0.129866
v 0.368888 0.016900 0.111900
v 0.373934 0.016900 0.093665
v 0.381315 0.016900 0.056562
v 0.383630 0.016900 0.037784
v 0.385023 0.016900 0.018915
v 0.385023 0.016900 -0.018915
v 0.383630 0.016900 -0.037785
v 0.381315 0.016900 -0.056563
v 0.373934 0.016900 -0.093666
v 0.368887 0.016900 -0.111901
v 0.362953 0.016900 -0.129867
v 0.348476 0.016900 -0.164817
v 0.339968 0.016900 -0.181717
v 0.330643 0.016900 -0.198180
v 0.309626 0.016900 -0.229635
v 0.297985 0.016900 -0.244550
v 0.285627 0.016900 -0.258877
v 0.258877 0.016900 -0.285627
v 0.244549 0.016900 -0.297985
v 0.229634 0.016900 -0.309626
v 0.198179 0.016900 -0.330643
v 0.181717 0.016900 -0.339969
v 0.164816 0.016900 -0.348476
v 0.129866 0.016900 -0.362953
v 0.111900 0.016900 -0.368888
v 0.093665 0.016900 -0.373934
v 0.056562 0.016900 -0.381315
v 0.037784 0.016900 -0.383630
v 0.018915 0.016900 -0.385023
v -0.269459 0.294744 0.297303
v -0.254546 0.294744 0.310165
v -0.239021 0.294744 0.322282
v -0.222920 0.294744 0.333623
v -0.206281 0.294744 0.344159
v -0.189145 0.294744 0.353865
v -0.171554 0.294744 0.362721
v -0.153550 0.294744 0.370702
v -0.135175 0.294744 0.377789
v -0.116474 0.294744 0.383966
v -0.097494 0.294744 0.389219
v -0.078279 0.294744 0.393535
v -0.058875 0.294744 0.396901
v -0.039329 0.294744 0.399312
v -0.019688 0.294744 0.400761
v 0.000000 0.294744 0.401245
v 0.019688 0.294744 0.400761
v 0.039329 0.294744 0.399312
v 0.058875 0.294744 0.396901
v 0.078279 0.294744 0.393535
v 0.097494 0.294744 0.389219
v 0.116475 0.294744 0.383966
v 0.135175 0.294744 0.377789
v 0.153550 0.294744 0.370702
v 0.171554 0.294744 0.362721
v 0.189145 0.294744 0.353865
v 0.206281 0.294744 0.344158
v 0.222920 0.294744 0.333623
v 0.239021 0.294744 0.322282
v 0.254546 0.294744 0.310165
v 0.269459 0.294744 0.297302
v 0.297303 0.294744 0.269459
v 0.297302 0.294744 -0.269459
v 0.310165 0.294744 0.254546
v 0.322282 0.294744 0.239021
v 0.322282 0.294744 -0.239021
v 0.310165 0.294744 -0.254546
v 0.333623 0.294744 0.222919
v 0.344159 0.294744 0.206280
v 0.344158 0.294744 -0.206281
v 0.353865 0.294744 0.189144
v 0.362720 0.294744 -0.171554
v 0.362721 0.294744 0.171554
v 0.353865 0.294744 -0.189146
v 0.333623 0.294744 -0.222920
v 0.377789 0.294744 -0.135175
v 0.377789 0.294744 0.135175
v 0.389219 0.294744 -0.097495
v 0.389219 0.294744 0.097494
v 0.383966 0.294744 -0.116475
v 0.383966 0.294744 0.116474
v 0.396901 0.294744 -0.058875
v 0.401245 0.294744 -0.000000
v 0.400761 0.294744 -0.019689
v 0.400761 0.294744 0.019688
v 0.399312 0.294744 -0.039329
v 0.399312 0.294744 0.039328
v 0.396901 0.294744 0.058874
v 0.393535 0.294744 -0.078280
v 0.393535 0.294744 0.078279
v 0.370702 0.294744 -0.153550
v 0.370703 0.294744 0.153549
v 0.283724 0.294744 0.283722
v -0.401245 0.294744 -0.000000
v -0.400761 0.294744 -0.019688
v -0.400761 0.294744 0.019688
v -0.399312 0.294744 -0.039329
v -0.399312 0.294744 0.039329
v -0.396901 0.294744 -0.058875
v -0.396901 0.294744 0.058875
v -0.393535 0.294744 -0.078279
v -0.393535 0.294744 0.078279
v -0.389219 0.294744 -0.097494
v -0.389219 0.294744 0.097494
v -0.377789 0.294744 -0.135175
v -0.377789 0.294744 0.135175
v -0.383966 0.294744 -0.116475
v -0.383966 0.294744 0.116474
v -0.370702 0.294744 -0.153550
v -0.370702 0.294744 0.153550
v -0.362721 0.294744 -0.171554
v -0.362721 0.294744 0.171554
v -0.333623 0.294744 -0.222920
v -0.344159 0.294744 -0.206281
v -0.344159 0.294744 0.206281
v -0.353865 0.294744 -0.189145
v -0.353865 0.294744 0.189145
v -0.322282 0.294744 -0.239021
v -0.310165 0.294744 -0.254546
v -0.322282 0.294744 0.239021
v -0.297302 0.294744 -0.269459
v -0.283724 0.294744 -0.283723
v -0.283724 0.294744 0.283724
v -0.297302 0.294744 0.269459
v -0.310165 0.294744 0.254546
v -0.333623 0.294744 0.222920
v -0.269459 0.294744 -0.297302
v -0.254546 0.294744 -0.310165
v -0.239021 0.294744 -0.322282
v -0.222920 0.294744 -0.333623
v -0.206281 0.294744 -0.344158
v -0.189145 0.294744 -0.353865
v -0.171554 0.294744 -0.362720
v -0.135175 0.294744 -0.377789
v -0.097494 0.294744 -0.389219
v -0.116474 0.294744 -0.383966
v -0.058875 0.294744 -0.396901
v 0.000000 0.294744 -0.401245
v -0.019688 0.294744 -0.400761
v -0.039329 0.294744 -0.399312
v -0.078279 0.294744 -0.393535
v -0.153550 0.294744 -0.370702
v 0.019688 0.294744 -0.400761
v 0.039328 0.294744 -0.399312
v 0.058874 0.294744 -0.396901
v 0.078279 0.294744 -0.393535
v 0.097494 0.294744 -0.389219
v 0.116474 0.294744 -0.383966
v 0.135174 0.294744 -0.377789
v 0.153550 0.294744 -0.370703
v 0.171553 0.294744 -0.362721
v 0.189145 0.294744 -0.353865
v 0.206280 0.294744 -0.344159
v 0.222919 0.294744 -0.333623
v 0.239021 0.294744 -0.322282
v 0.254546 0.294744 -0.310165
v 0.269459 0.294744 -0.297303
v 0.283723 0.294744 -0.283724
v -0.384369 0.015613 -0.000000
v -0.383905 0.015613 -0.018860
v -0.383905 0.015613 0.018860
v -0.380208 0.015613 -0.056399
v -0.382516 0.015613 -0.037674
v -0.382516 0.015613 0.037674
v -0.380208 0.015613 0.056399
v -0.376983 0.015613 -0.074987
v -0.376983 0.015613 0.074987
v -0.372848 0.015613 -0.093394
v -0.372848 0.015613 0.093394
v -0.361899 0.015613 -0.129489
v -0.361899 0.015613 0.129490
v -0.367816 0.015613 -0.111576
v -0.367816 0.015613 0.111576
v -0.355110 0.015613 -0.147092
v -0.355110 0.015613 0.147092
v -0.347464 0.015613 0.164339
v -0.338982 0.015613 0.181189
v -0.347464 0.015613 -0.164338
v -0.329683 0.015613 0.197604
v -0.319591 0.015613 0.213544
v -0.329683 0.015613 -0.197604
v -0.338982 0.015613 -0.181189
v -0.308727 0.015613 0.228967
v -0.297120 0.015613 0.243840
v -0.297120 0.015613 -0.243840
v -0.308727 0.015613 -0.228967
v -0.284798 0.015613 0.258125
v -0.284798 0.015613 -0.258125
v -0.271790 0.015613 0.271790
v -0.271790 0.015613 -0.271790
v -0.319591 0.015613 -0.213543
v -0.258125 0.015613 0.284798
v -0.243840 0.015613 0.297120
v -0.228967 0.015613 0.308727
v -0.213543 0.015613 0.319591
v -0.197604 0.015613 0.329683
v -0.181189 0.015613 0.338982
v -0.164338 0.015613 0.347464
v -0.147092 0.015613 0.355110
v -0.129489 0.015613 0.361899
v -0.111576 0.015613 0.367817
v -0.074987 0.015613 0.376983
v -0.093394 0.015613 0.372848
v -0.056398 0.015613 0.380208
v -0.037674 0.015613 0.382516
v -0.018860 0.015613 0.383905
v 0.000000 0.015613 0.384369
v 0.018860 0.015613 0.383905
v 0.037674 0.015613 0.382516
v 0.056399 0.015613 0.380208
v 0.074987 0.015613 0.376983
v 0.093394 0.015613 0.372848
v 0.111576 0.015613 0.367816
v 0.129490 0.015613 0.361899
v 0.147092 0.015613 0.355110
v 0.164339 0.015613 0.347464
v 0.181189 0.015613 0.338982
v 0.197605 0.015613 0.329683
v 0.213544 0.015613 0.319591
v 0.228968 0.015613 0.308727
v 0.243840 0.015613 0.297120
v 0.258126 0.015613 0.284798
v 0.271790 0.015613 0.271790
v -0.258125 0.015613 -0.284798
v -0.243840 0.015613 -0.297120
v -0.228967 0.015613 -0.308727
v -0.213544 0.015613 -0.319591
v -0.197604 0.015613 -0.329683
v -0.164338 0.015613 -0.347464
v -0.181189 0.015613 -0.338981
v -0.147092 0.015613 -0.355110
v -0.129490 0.015613 -0.361899
v -0.093394 0.015613 -0.372848
v -0.111576 0.015613 -0.367816
v -0.056399 0.015613 -0.380208
v -0.018860 0.015613 -0.383905
v -0.037674 0.015613 -0.382516
v -0.074987 0.015613 -0.376983
v 0.000000 0.015613 -0.384369
v 0.018860 0.015613 -0.383905
v 0.037674 0.015613 -0.382516
v 0.056398 0.015613 -0.380208
v 0.074986 0.015613 -0.376983
v 0.093393 0.015613 -0.372848
v 0.111575 0.015613 -0.367817
v 0.129489 0.015613 -0.361900
v 0.147091 0.015613 -0.355110
v 0.164338 0.015613 -0.347464
v 0.181189 0.015613 -0.338982
v 0.197604 0.015613 -0.329683
v 0.213543 0.015613 -0.319591
v 0.228967 0.015613 -0.308727
v 0.243839 0.015613 -0.297120
v 0.258125 0.015613 -0.284798
v 0.271790 0.015613 -0.271790
v 0.284798 0.015613 -0.258126
v 0.284798 0.015613 0.258125
v 0.297120 0.015613 -0.243840
v 0.308727 0.015613 -0.228968
v 0.308727 0.015613 0.228967
v 0.297120 0.015613 0.243840
v 0.319591 0.015613 -0.213544
v 0.329683 0.015613 -0.197605
v 0.329683 0.015613 0.197604
v 0.338981 0.015613 -0.181189
v 0.347464 0.015613 -0.164339
v 0.347464 0.015613 0.164338
v 0.338982 0.015613 0.181189
v 0.319591 0.015613 0.213543
v 0.361899 0.015613 -0.129490
v 0.361900 0.015613 0.129489
v 0.372848 0.015613 -0.093394
v 0.372848 0.015613 0.093393
v 0.367816 0.015613 -0.111576
v 0.367817 0.015613 0.111576
v 0.384369 0.015613 -0.000000
v 0.383905 0.015613 -0.018860
v 0.383905 0.015613 0.018860
v 0.380208 0.015613 -0.056399
v 0.382516 0.015613 -0.037675
v 0.382516 0.015613 0.037674
v 0.380208 0.015613 0.056398
v 0.376983 0.015613 -0.074987
v 0.376983 0.015613 0.074986
v 0.355110 0.015613 -0.147092
v 0.355110 0.015613 0.147092
vn -1.0000 -0.0000 -0.0000
vn -0.0000 -0.0000 1.0000
vn 1.0000 -0.0000 -0.0000
vn -0.0000 -0.0000 -1.0000
vn -0.0000 1.0000 -0.0000
vn -0.0000 -1.0000 -0.0000
vn -0.0490 0.0730 0.9961
vn -0.0485 0.1535 0.9870
vn -0.0969 0.1535 0.9834
vn -0.0978 0.0730 0.9925
vn -0.1450 0.1535 0.9775
vn -0.1463 0.0730 0.9865
vn -0.0468 0.3044 0.9514
vn -0.0934 0.3044 0.9480
vn -0.1397 0.3044 0.9422
vn -0.0000 0.0333 0.9994
vn -0.0000 0.0730 0.9973
vn -0.0491 0.0333 0.9982
vn -0.0980 0.0333 0.9946
vn -0.1466 0.0333 0.9886
vn -0.1946 0.0730 0.9782
vn -0.1950 0.0333 0.9802
vn -0.1928 0.1535 0.9692
vn -0.1858 0.3044 0.9342
vn -0.1298 0.4655 0.8755
vn -0.1727 0.4655 0.8680
vn -0.0867 0.4655 0.8808
vn -0.0435 0.4655 0.8840
vn -0.0000 0.3044 0.9526
vn -0.0000 0.4655 0.8851
vn -0.0000 0.1535 0.9882
vn 0.1463 0.0730 0.9865
vn 0.1449 0.1535 0.9775
vn 0.0969 0.1535 0.9834
vn 0.0978 0.0730 0.9925
vn 0.0485 0.1535 0.9870
vn 0.0490 0.0730 0.9961
vn 0.1397 0.3044 0.9422
vn 0.0934 0.3044 0.9480
vn 0.0468 0.3044 0.9514
vn 0.1950 0.0333 0.9802
vn 0.1946 0.0730 0.9782
vn 0.1466 0.0333 0.9886
vn 0.0980 0.0333 0.9946
vn 0.0491 0.0333 0.9982
vn 0.0435 0.4655 0.8840
vn 0.0868 0.4655 0.8808
vn 0.1298 0.4655 0.8755
vn 0.1858 0.3044 0.9342
vn 0.1727 0.4655 0.8680
vn 0.1928 0.1535 0.9692
vn 0.0491 0.0144 0.9987
vn 0.0491 0.0060 0.9988
vn 0.0980 0.0060 0.9952
vn 0.0980 0.0144 0.9951
vn 0.1467 0.0060 0.9892
vn 0.1467 0.0144 0.9891
vn 0.0980 0.0033 0.9952
vn 0.0491 0.0033 0.9988
vn 0.1467 0.0033 0.9892
vn -0.0000 0.0144 0.9999
vn 0.1951 0.0144 0.9807
vn 0.1951 0.0060 0.9808
vn 0.1951 0.0033 0.9808
vn -0.0000 0.0060 1.0000
vn -0.0000 0.0033 1.0000
vn -0.9039 0.0144 0.4275
vn -0.9040 0.0060 0.4276
vn -0.8819 0.0060 0.4714
vn -0.8818 0.0144 0.4713
vn -0.8577 0.0060 0.5141
vn -0.8577 0.0144 0.5140
vn -0.8819 0.0033 0.4714
vn -0.9040 0.0033 0.4276
vn -0.8577 0.0033 0.5141
vn -0.9234 0.0333 0.3825
vn -0.9238 0.0144 0.3827
vn -0.9035 0.0333 0.4274
vn -0.8814 0.0333 0.4711
vn -0.8573 0.0333 0.5138
vn -0.8314 0.0144 0.5555
vn -0.8310 0.0333 0.5553
vn -0.8315 0.0060 0.5556
vn -0.8315 0.0033 0.5556
vn -0.9239 0.0060 0.3827
vn -0.9239 0.0033 0.3827
vn 0.6715 0.0144 -0.7409
vn 0.6715 0.0060 -0.7410
vn 0.6344 0.0060 -0.7730
vn 0.6343 0.0144 -0.7729
vn 0.5957 0.0060 -0.8032
vn 0.5957 0.0144 -0.8031
vn 0.6344 0.0033 -0.7730
vn 0.6715 0.0033 -0.7410
vn 0.5957 0.0033 -0.8032
vn 0.7067 0.0333 -0.7067
vn 0.7070 0.0144 -0.7070
vn 0.6712 0.0333 -0.7406
vn 0.6340 0.0333 -0.7726
vn 0.5954 0.0333 -0.8027
vn 0.5555 0.0144 -0.8314
vn 0.5553 0.0333 -0.8310
vn 0.5556 0.0060 -0.8315
vn 0.5556 0.0033 -0.8315
vn 0.7071 0.0060 -0.7071
vn 0.7071 0.0033 -0.7071
vn -0.9699 0.0144 0.2430
vn -0.9700 0.0060 0.2430
vn -0.9569 0.0060 0.2903
vn -0.9568 0.0144 0.2902
vn -0.9415 0.0060 0.3369
vn -0.9415 0.0144 0.3368
vn -0.9569 0.0033 0.2903
vn -0.9700 0.0033 0.2430
vn -0.9415 0.0033 0.3369
vn -0.9802 0.0333 0.1950
vn -0.9807 0.0144 0.1951
vn -0.9695 0.0333 0.2429
vn -0.9564 0.0333 0.2901
vn -0.9410 0.0333 0.3367
vn -0.9808 0.0060 0.1951
vn -0.9808 0.0033 0.1951
vn 0.8031 0.0144 -0.5957
vn 0.8032 0.0060 -0.5957
vn 0.7730 0.0060 -0.6344
vn 0.7729 0.0144 -0.6343
vn 0.7410 0.0060 -0.6715
vn 0.7409 0.0144 -0.6715
vn 0.7730 0.0033 -0.6344
vn 0.8032 0.0033 -0.5957
vn 0.7410 0.0033 -0.6715
vn 0.8310 0.0333 -0.5553
vn 0.8314 0.0144 -0.5555
vn 0.8027 0.0333 -0.5954
vn 0.7726 0.0333 -0.6340
vn 0.7406 0.0333 -0.6712
vn 0.8315 0.0060 -0.5556
vn 0.8315 0.0033 -0.5556
vn -0.9987 0.0144 0.0491
vn -0.9988 0.0060 0.0491
vn -0.9952 0.0060 0.0980
vn -0.9951 0.0144 0.0980
vn -0.9892 0.0060 0.1467
vn -0.9891 0.0144 0.1467
vn -0.9952 0.0033 0.0980
vn -0.9988 0.0033 0.0491
vn -0.9892 0.0033 0.1467
vn -0.9994 0.0333 -0.0000
vn -0.9999 0.0144 -0.0000
vn -0.9982 0.0333 0.0491
vn -0.9946 0.0333 0.0980
vn -0.9886 0.0333 0.1466
vn -1.0000 0.0060 -0.0000
vn -1.0000 0.0033 -0.0000
vn 0.9039 0.0144 -0.4275
vn 0.9040 0.0060 -0.4276
vn 0.8819 0.0060 -0.4714
vn 0.8818 0.0144 -0.4713
vn 0.8577 0.0060 -0.5141
vn 0.8577 0.0144 -0.5140
vn 0.8819 0.0033 -0.4714
vn 0.9040 0.0033 -0.4276
vn 0.8577 0.0033 -0.5141
vn 0.9234 0.0333 -0.3825
vn 0.9238 0.0144 -0.3826
vn 0.9035 0.0333 -0.4273
vn 0.8814 0.0333 -0.4711
vn 0.8573 0.0333 -0.5138
vn 0.9239 0.0060 -0.3827
vn 0.9239 0.0033 -0.3827
vn -0.9891 0.0144 -0.1467
vn -0.9892 0.0060 -0.1467
vn -0.9952 0.0060 -0.0980
vn -0.9951 0.0144 -0.0980
vn -0.9988 0.0060 -0.0491
vn -0.9987 0.0144 -0.0491
vn -0.9892 0.0033 -0.1467
vn -0.9952 0.0033 -0.0980
vn -0.9988 0.0033 -0.0491
vn -0.9802 0.0333 -0.1950
vn -0.9807 0.0144 -0.1951
vn -0.9886 0.0333 -0.1466
vn -0.9946 0.0333 -0.0980
vn -0.9982 0.0333 -0.0491
vn -0.9808 0.0060 -0.1951
vn -0.9808 0.0033 -0.1951
vn 0.9699 0.0144 -0.2430
vn 0.9700 0.0060 -0.2430
vn 0.9569 0.0060 -0.2903
vn 0.9568 0.0144 -0.2903
vn 0.9415 0.0060 -0.3368
vn 0.9415 0.0144 -0.3368
vn 0.9569 0.0033 -0.2903
vn 0.9700 0.0033 -0.2430
vn 0.9416 0.0033 -0.3368
vn 0.9802 0.0333 -0.1950
vn 0.9807 0.0144 -0.1951
vn 0.9695 0.0333 -0.2429
vn 0.9564 0.0333 -0.2901
vn 0.9410 0.0333 -0.3367
vn 0.9808 0.0060 -0.1951
vn 0.9808 0.0033 -0.1951
vn -0.9415 0.0144 -0.3368
vn -0.9415 0.0060 -0.3368
vn -0.9569 0.0060 -0.2903
vn -0.9568 0.0144 -0.2903
vn -0.9700 0.0060 -0.2430
vn -0.9699 0.0144 -0.2430
vn -0.9416 0.0033 -0.3368
vn -0.9569 0.0033 -0.2903
vn -0.9700 0.0033 -0.2430
vn -0.9234 0.0333 -0.3825
vn -0.9238 0.0144 -0.3826
vn -0.9410 0.0333 -0.3367
vn -0.9564 0.0333 -0.2901
vn -0.9695 0.0333 -0.2429
vn -0.9239 0.0060 -0.3827
vn -0.9239 0.0033 -0.3827
vn 0.9987 0.0144 -0.0491
vn 0.9988 0.0060 -0.0491
vn 0.9952 0.0060 -0.0980
vn 0.9951 0.0144 -0.0980
vn 0.9892 0.0060 -0.1467
vn 0.9891 0.0144 -0.1467
vn 0.9952 0.0033 -0.0980
vn 0.9988 0.0033 -0.0491
vn 0.9892 0.0033 -0.1467
vn 0.9994 0.0333 -0.0000
vn 0.9999 0.0144 -0.0000
vn 0.9982 0.0333 -0.0491
vn 0.9946 0.0333 -0.0980
vn 0.9886 0.0333 -0.1466
vn 1.0000 0.0060 -0.0000
vn 1.0000 0.0033 -0.0000
vn -0.8577 0.0144 -0.5140
vn -0.8577 0.0060 -0.5141
vn -0.8819 0.0060 -0.4714
vn -0.8818 0.0144 -0.4713
vn -0.9040 0.0060 -0.4276
vn -0.9039 0.0144 -0.4275
vn -0.8577 0.0033 -0.5141
vn -0.8819 0.0033 -0.4714
vn -0.9040 0.0033 -0.4276
vn -0.8310 0.0333 -0.5553
vn -0.8314 0.0144 -0.5555
vn -0.8573 0.0333 -0.5138
vn -0.8814 0.0333 -0.4711
vn -0.9035 0.0333 -0.4273
vn -0.8315 0.0060 -0.5556
vn -0.8315 0.0033 -0.5556
vn 0.9891 0.0144 0.1467
vn 0.9892 0.0060 0.1467
vn 0.9952 0.0060 0.0980
vn 0.9951 0.0144 0.0980
vn 0.9988 0.0060 0.0491
vn 0.9987 0.0144 0.0491
vn 0.9952 0.0033 0.0980
vn 0.9892 0.0033 0.1467
vn 0.9988 0.0033 0.0491
vn 0.9802 0.0333 0.1950
vn 0.9807 0.0144 0.1951
vn 0.9886 0.0333 0.1466
vn 0.9946 0.0333 0.0980
vn 0.9982 0.0333 0.0491
vn 0.9808 0.0060 0.1951
vn 0.9808 0.0033 0.1951
vn -0.7409 0.0144 -0.6715
vn -0.7410 0.0060 -0.6715
vn -0.7730 0.0060 -0.6344
vn -0.7729 0.0144 -0.6343
vn -0.8032 0.0060 -0.5957
vn -0.8031 0.0144 -0.5957
vn -0.7410 0.0033 -0.6715
vn -0.7730 0.0033 -0.6344
vn -0.8032 0.0033 -0.5957
vn -0.7067 0.0333 -0.7067
vn -0.7070 0.0144 -0.7070
vn -0.7406 0.0333 -0.6712
vn -0.7726 0.0333 -0.6340
vn -0.8027 0.0333 -0.5954
vn -0.7071 0.0060 -0.7071
vn -0.7071 0.0033 -0.7071
vn 0.9415 0.0144 0.3368
vn 0.9415 0.0060 0.3368
vn 0.9569 0.0060 0.2903
vn 0.9568 0.0144 0.2902
vn 0.9700 0.0060 0.2430
vn 0.9699 0.0144 0.2430
vn 0.9569 0.0033 0.2903
vn 0.9416 0.0033 0.3368
vn 0.9700 0.0033 0.2430
vn 0.9234 0.0333 0.3825
vn 0.9238 0.0144 0.3826
vn 0.9410 0.0333 0.3367
vn 0.9564 0.0333 0.2901
vn 0.9695 0.0333 0.2429
vn 0.9239 0.0060 0.3827
vn 0.9239 0.0033 0.3827
vn -0.5957 0.0144 -0.8031
vn -0.5957 0.0060 -0.8032
vn -0.6344 0.0060 -0.7730
vn -0.6343 0.0144 -0.7729
vn -0.6715 0.0060 -0.7410
vn -0.6715 0.0144 -0.7409
vn -0.6344 0.0033 -0.7730
vn -0.5957 0.0033 -0.8032
vn -0.6715 0.0033 -0.7410
vn -0.5553 0.0333 -0.8310
vn -0.5555 0.0144 -0.8314
vn -0.5954 0.0333 -0.8027
vn -0.6340 0.0333 -0.7726
vn -0.6712 0.0333 -0.7406
vn -0.5556 0.0060 -0.8315
vn -0.5556 0.0033 -0.8315
vn 0.2430 0.0144 0.9699
vn 0.2430 0.0060 0.9700
vn 0.2903 0.0060 0.9569
vn 0.2902 0.0144 0.9568
vn 0.3368 0.0060 0.9415
vn 0.3368 0.0144 0.9415
vn 0.2903 0.0033 0.9569
vn 0.2430 0.0033 0.9700
vn 0.3368 0.0033 0.9416
vn 0.2429 0.0333 0.9695
vn 0.2901 0.0333 0.9564
vn 0.3367 0.0333 0.9410
vn 0.3826 0.0144 0.9238
vn 0.3825 0.0333 0.9234
vn 0.3827 0.0060 0.9239
vn 0.3827 0.0033 0.9239
vn 0.8577 0.0144 0.5140
vn 0.8577 0.0060 0.5141
vn 0.8819 0.0060 0.4714
vn 0.8818 0.0144 0.4713
vn 0.9040 0.0060 0.4276
vn 0.9039 0.0144 0.4275
vn 0.8819 0.0033 0.4714
vn 0.8577 0.0033 0.5141
vn 0.9040 0.0033 0.4276
vn 0.8310 0.0333 0.5553
vn 0.8314 0.0144 0.5555
vn 0.8573 0.0333 0.5138
vn 0.8814 0.0333 0.4711
vn 0.9035 0.0333 0.4273
vn 0.8315 0.0060 0.5556
vn 0.8315 0.0033 0.5556
vn -0.4275 0.0144 -0.9039
vn -0.4276 0.0060 -0.9040
vn -0.4714 0.0060 -0.8819
vn -0.4713 0.0144 -0.8818
vn -0.5141 0.0060 -0.8577
vn -0.5140 0.0144 -0.8577
vn -0.4714 0.0033 -0.8819
vn -0.4276 0.0033 -0.9040
vn -0.5141 0.0033 -0.8577
vn -0.3825 0.0333 -0.9234
vn -0.3826 0.0144 -0.9238
vn -0.4273 0.0333 -0.9035
vn -0.4711 0.0333 -0.8814
vn -0.5138 0.0333 -0.8573
vn -0.3827 0.0060 -0.9239
vn -0.3827 0.0033 -0.9239
vn 0.7409 0.0144 0.6715
vn 0.7410 0.0060 0.6715
vn 0.7730 0.0060 0.6344
vn 0.7729 0.0144 0.6343
vn 0.8032 0.0060 0.5957
vn 0.8031 0.0144 0.5957
vn 0.7730 0.0033 0.6344
vn 0.7410 0.0033 0.6715
vn 0.8032 0.0033 0.5957
vn 0.7067 0.0333 0.7067
vn 0.7070 0.0144 0.7070
vn 0.7406 0.0333 0.6712
vn 0.7726 0.0333 0.6340
vn 0.8027 0.0333 0.5954
vn 0.7071 0.0060 0.7071
vn 0.7071 0.0033 0.7071
vn -0.2430 0.0144 -0.9699
vn -0.2430 0.0060 -0.9700
vn -0.2903 0.0060 -0.9569
vn -0.2903 0.0144 -0.9568
vn -0.3368 0.0060 -0.9415
vn -0.3368 0.0144 -0.9415
vn -0.2903 0.0033 -0.9569
vn -0.2430 0.0033 -0.9700
vn -0.3368 0.0033 -0.9416
vn -0.1950 0.0333 -0.9802
vn -0.1951 0.0144 -0.9807
vn -0.2429 0.0333 -0.9695
vn -0.2901 0.0333 -0.9564
vn -0.3367 0.0333 -0.9410
vn -0.1951 0.0060 -0.9808
vn -0.1951 0.0033 -0.9808
vn -0.3368 0.0144 0.9415
vn -0.3368 0.0060 0.9415
vn -0.2903 0.0060 0.9569
vn -0.2903 0.0144 0.9568
vn -0.2430 0.0060 0.9700
vn -0.2430 0.0144 0.9699
vn -0.3368 0.0033 0.9416
vn -0.2903 0.0033 0.9569
vn -0.2430 0.0033 0.9700
vn -0.3825 0.0333 0.9234
vn -0.3826 0.0144 0.9238
vn -0.3367 0.0333 0.9410
vn -0.2901 0.0333 0.9564
vn -0.2429 0.0333 0.9695
vn -0.1951 0.0144 0.9807
vn -0.1951 0.0060 0.9808
vn -0.1951 0.0033 0.9808
vn -0.3827 0.0060 0.9239
vn -0.3827 0.0033 0.9239
vn 0.5957 0.0144 0.8031
vn 0.5957 0.0060 0.8032
vn 0.6344 0.0060 0.7730
vn 0.6343 0.0144 0.7729
vn 0.6715 0.0060 0.7410
vn 0.6715 0.0144 0.7409
vn 0.6344 0.0033 0.7730
vn 0.5957 0.0033 0.8032
vn 0.6715 0.0033 0.7410
vn 0.5553 0.0333 0.8310
vn 0.5555 0.0144 0.8314
vn 0.5954 0.0333 0.8027
vn 0.6340 0.0333 0.7726
vn 0.6712 0.0333 0.7406
vn 0.5556 0.0060 0.8315
vn 0.5556 0.0033 0.8315
vn -0.0491 0.0144 -0.9987
vn -0.0491 0.0060 -0.9988
vn -0.0980 0.0060 -0.9952
vn -0.0980 0.0144 -0.9951
vn -0.1467 0.0060 -0.9892
vn -0.1467 0.0144 -0.9891
vn -0.0980 0.0033 -0.9952
vn -0.0491 0.0033 -0.9988
vn -0.1467 0.0033 -0.9892
vn -0.0000 0.0333 -0.9994
vn -0.0000 0.0144 -0.9999
vn -0.0491 0.0333 -0.9982
vn -0.0980 0.0333 -0.9946
vn -0.1466 0.0333 -0.9886
vn -0.0000 0.0060 -1.0000
vn -0.0000 0.0033 -1.0000
vn -0.5140 0.0144 0.8577
vn -0.5141 0.0060 0.8577
vn -0.4714 0.0060 0.8819
vn -0.4714 0.0144 0.8818
vn -0.4276 0.0060 0.9040
vn -0.4275 0.0144 0.9039
vn -0.5141 0.0033 0.8577
vn -0.4714 0.0033 0.8819
vn -0.4276 0.0033 0.9040
vn -0.5553 0.0333 0.8310
vn -0.5555 0.0144 0.8314
vn -0.5138 0.0333 0.8573
vn -0.4711 0.0333 0.8814
vn -0.4273 0.0333 0.9035
vn -0.5556 0.0060 0.8315
vn -0.5556 0.0033 0.8315
vn 0.4275 0.0144 0.9039
vn 0.4276 0.0060 0.9040
vn 0.4714 0.0060 0.8819
vn 0.4714 0.0144 0.8818
vn 0.5141 0.0060 0.8577
vn 0.5140 0.0144 0.8577
vn 0.4714 0.0033 0.8819
vn 0.4276 0.0033 0.9040
vn 0.5141 0.0033 0.8577
vn 0.4273 0.0333 0.9035
vn 0.4711 0.0333 0.8814
vn 0.5138 0.0333 0.8573
vn 0.1467 0.0144 -0.9891
vn 0.1467 0.0060 -0.9892
vn 0.0980 0.0060 -0.9952
vn 0.0980 0.0144 -0.9951
vn 0.0491 0.0060 -0.9988
vn 0.0491 0.0144 -0.9987
vn 0.0980 0.0033 -0.9952
vn 0.1467 0.0033 -0.9892
vn 0.0491 0.0033 -0.9988
vn 0.1950 0.0333 -0.9802
vn 0.1951 0.0144 -0.9807
vn 0.1466 0.0333 -0.9886
vn 0.0980 0.0333 -0.9946
vn 0.0491 0.0333 -0.9982
vn 0.1951 0.0060 -0.9808
vn 0.1951 0.0033 -0.9808
vn -0.6715 0.0144 0.7409
vn -0.6715 0.0060 0.7410
vn -0.6344 0.0060 0.7730
vn -0.6343 0.0144 0.7729
vn -0.5957 0.0060 0.8032
vn -0.5957 0.0144 0.8031
vn -0.6715 0.0033 0.7410
vn -0.6344 0.0033 0.7730
vn -0.5957 0.0033 0.8032
vn -0.7067 0.0333 0.7067
vn -0.7070 0.0144 0.7070
vn -0.6712 0.0333 0.7406
vn -0.6340 0.0333 0.7726
vn -0.5954 0.0333 0.8027
vn -0.7071 0.0060 0.7071
vn -0.7071 0.0033 0.7071
vn 0.3368 0.0144 -0.9415
vn 0.3368 0.0060 -0.9415
vn 0.2903 0.0060 -0.9569
vn 0.2903 0.0144 -0.9568
vn 0.2430 0.0060 -0.9700
vn 0.2430 0.0144 -0.9699
vn 0.2903 0.0033 -0.9569
vn 0.3368 0.0033 -0.9416
vn 0.2430 0.0033 -0.9700
vn 0.3825 0.0333 -0.9234
vn 0.3826 0.0144 -0.9238
vn 0.3367 0.0333 -0.9410
vn 0.2901 0.0333 -0.9564
vn 0.2429 0.0333 -0.9695
vn 0.3827 0.0060 -0.9239
vn 0.3827 0.0033 -0.9239
vn -0.8031 0.0144 0.5957
vn -0.8032 0.0060 0.5957
vn -0.7730 0.0060 0.6344
vn -0.7729 0.0144 0.6343
vn -0.7410 0.0060 0.6715
vn -0.7409 0.0144 0.6715
vn -0.7730 0.0033 0.6344
vn -0.8032 0.0033 0.5957
vn -0.7410 0.0033 0.6715
vn -0.8027 0.0333 0.5954
vn -0.7726 0.0333 0.6341
vn -0.7406 0.0333 0.6712
vn 0.5140 0.0144 -0.8577
vn 0.5141 0.0060 -0.8577
vn 0.4714 0.0060 -0.8819
vn 0.4713 0.0144 -0.8818
vn 0.4276 0.0060 -0.9040
vn 0.4275 0.0144 -0.9039
vn 0.4714 0.0033 -0.8819
vn 0.5141 0.0033 -0.8577
vn 0.4276 0.0033 -0.9040
vn 0.5138 0.0333 -0.8573
vn 0.4711 0.0333 -0.8814
vn 0.4273 0.0333 -0.9035
vn -0.1467 0.0144 0.9891
vn -0.1467 0.0060 0.9892
vn -0.0980 0.0060 0.9952
vn -0.0980 0.0144 0.9951
vn -0.0491 0.0060 0.9988
vn -0.0491 0.0144 0.9987
vn -0.1467 0.0033 0.9892
vn -0.0980 0.0033 0.9952
vn -0.0491 0.0033 0.9988
vn -0.2424 0.0730 0.9674
vn -0.2401 0.1535 0.9585
vn -0.2869 0.1535 0.9456
vn -0.2895 0.0730 0.9544
vn -0.3329 0.1535 0.9304
vn -0.3360 0.0730 0.9390
vn -0.2315 0.3044 0.9240
vn -0.2765 0.3044 0.9115
vn -0.3209 0.3044 0.8969
vn -0.3816 0.0730 0.9214
vn -0.3781 0.1535 0.9129
vn -0.3645 0.3044 0.8800
vn -0.2981 0.4655 0.8333
vn -0.3387 0.4656 0.8177
vn -0.2569 0.4655 0.8469
vn -0.2151 0.4655 0.8585
vn -0.4264 0.0730 0.9016
vn -0.4225 0.1535 0.8933
vn -0.4658 0.1535 0.8715
vn -0.4701 0.0730 0.8796
vn -0.5080 0.1535 0.8476
vn -0.5127 0.0730 0.8555
vn -0.4073 0.3044 0.8611
vn -0.4490 0.3044 0.8401
vn -0.4897 0.3044 0.8170
vn -0.5541 0.0730 0.8293
vn -0.5490 0.1535 0.8216
vn -0.5292 0.3044 0.7920
vn -0.4550 0.4655 0.7591
vn -0.4917 0.4655 0.7359
vn -0.4172 0.4655 0.7805
vn -0.3784 0.4655 0.8000
vn -0.5941 0.0730 0.8010
vn -0.5887 0.1535 0.7937
vn -0.6269 0.1535 0.7639
vn -0.6327 0.0730 0.7709
vn -0.6636 0.1535 0.7322
vn -0.6697 0.0730 0.7390
vn -0.5675 0.3044 0.7651
vn -0.6043 0.3044 0.7363
vn -0.6397 0.3044 0.7058
vn -0.7052 0.0730 0.7052
vn -0.6987 0.1535 0.6987
vn -0.6736 0.3044 0.6735
vn -0.5943 0.4656 0.6558
vn -0.6258 0.4655 0.6258
vn -0.5614 0.4656 0.6841
vn -0.5272 0.4655 0.7108
vn -0.7390 0.0730 0.6697
vn -0.7322 0.1535 0.6636
vn -0.7638 0.1535 0.6269
vn -0.7709 0.0730 0.6327
vn -0.7937 0.1535 0.5887
vn -0.8010 0.0730 0.5941
vn -0.7058 0.3044 0.6397
vn -0.7363 0.3044 0.6043
vn -0.7651 0.3044 0.5675
vn -0.8293 0.0730 0.5541
vn -0.8216 0.1535 0.5490
vn -0.7920 0.3043 0.5292
vn -0.7109 0.4655 0.5272
vn -0.7359 0.4655 0.4917
vn -0.6841 0.4655 0.5615
vn -0.6558 0.4655 0.5943
vn -0.8555 0.0730 0.5127
vn -0.8476 0.1535 0.5080
vn -0.8715 0.1535 0.4658
vn -0.8796 0.0730 0.4701
vn -0.8933 0.1535 0.4225
vn -0.9016 0.0730 0.4264
vn -0.8170 0.3044 0.4897
vn -0.8401 0.3044 0.4490
vn -0.8611 0.3044 0.4073
vn -0.9214 0.0730 0.3817
vn -0.9129 0.1535 0.3782
vn -0.8800 0.3044 0.3645
vn -0.8000 0.4656 0.3784
vn -0.8177 0.4655 0.3387
vn -0.7805 0.4656 0.4172
vn -0.7591 0.4655 0.4550
vn -0.9390 0.0730 0.3360
vn -0.9304 0.1535 0.3329
vn -0.9456 0.1535 0.2868
vn -0.9544 0.0730 0.2895
vn -0.9585 0.1535 0.2402
vn -0.9674 0.0730 0.2424
vn -0.8969 0.3044 0.3209
vn -0.9115 0.3044 0.2765
vn -0.9240 0.3044 0.2315
vn -0.9782 0.0730 0.1946
vn -0.9692 0.1535 0.1928
vn -0.9342 0.3044 0.1858
vn -0.8585 0.4655 0.2151
vn -0.8680 0.4655 0.1727
vn -0.8469 0.4655 0.2569
vn -0.8333 0.4655 0.2981
vn -0.9865 0.0730 0.1463
vn -0.9775 0.1535 0.1450
vn -0.9834 0.1535 0.0969
vn -0.9925 0.0730 0.0978
vn -0.9870 0.1535 0.0485
vn -0.9961 0.0730 0.0490
vn -0.9422 0.3044 0.1397
vn -0.9480 0.3044 0.0934
vn -0.9514 0.3044 0.0468
vn -0.9973 0.0730 -0.0000
vn -0.9882 0.1535 -0.0000
vn -0.9526 0.3044 -0.0000
vn -0.8840 0.4655 0.0435
vn -0.8851 0.4655 -0.0000
vn -0.8808 0.4655 0.0867
vn -0.8755 0.4655 0.1298
vn -0.9961 0.0730 -0.0490
vn -0.9870 0.1535 -0.0485
vn -0.9834 0.1535 -0.0969
vn -0.9925 0.0730 -0.0978
vn -0.9775 0.1535 -0.1450
vn -0.9865 0.0730 -0.1463
vn -0.9514 0.3044 -0.0468
vn -0.9480 0.3044 -0.0934
vn -0.9422 0.3044 -0.1397
vn -0.9782 0.0730 -0.1946
vn -0.9692 0.1535 -0.1928
vn -0.9342 0.3044 -0.1858
vn -0.8755 0.4655 -0.1298
vn -0.8680 0.4655 -0.1727
vn -0.8808 0.4655 -0.0867
vn -0.8840 0.4655 -0.0435
vn -0.9674 0.0730 -0.2424
vn -0.9585 0.1535 -0.2401
vn -0.9456 0.1535 -0.2869
vn -0.9544 0.0730 -0.2895
vn -0.9304 0.1535 -0.3329
vn -0.9390 0.0730 -0.3360
vn -0.9240 0.3044 -0.2315
vn -0.9115 0.3044 -0.2765
vn -0.8969 0.3043 -0.3209
vn -0.9214 0.0730 -0.3816
vn -0.9129 0.1535 -0.3781
vn -0.8800 0.3044 -0.3645
vn -0.8333 0.4655 -0.2981
vn -0.8177 0.4655 -0.3387
vn -0.8469 0.4655 -0.2569
vn -0.8585 0.4655 -0.2151
vn -0.9016 0.0730 -0.4264
vn -0.8933 0.1535 -0.4225
vn -0.8715 0.1535 -0.4658
vn -0.8796 0.0730 -0.4701
vn -0.8476 0.1535 -0.5080
vn -0.8555 0.0730 -0.5127
vn -0.8611 0.3044 -0.4073
vn -0.8401 0.3044 -0.4490
vn -0.8171 0.3044 -0.4897
vn -0.8293 0.0730 -0.5541
vn -0.8216 0.1535 -0.5490
vn -0.7920 0.3044 -0.5292
vn -0.7591 0.4655 -0.4550
vn -0.7359 0.4655 -0.4917
vn -0.7805 0.4655 -0.4172
vn -0.8001 0.4655 -0.3784
vn -0.8010 0.0730 -0.5941
vn -0.7937 0.1535 -0.5887
vn -0.7639 0.1535 -0.6269
vn -0.7709 0.0730 -0.6327
vn -0.7322 0.1535 -0.6636
vn -0.7390 0.0730 -0.6697
vn -0.7651 0.3044 -0.5675
vn -0.7363 0.3044 -0.6043
vn -0.7058 0.3043 -0.6397
vn -0.7052 0.0730 -0.7052
vn -0.6987 0.1534 -0.6987
vn -0.6736 0.3044 -0.6736
vn -0.6558 0.4656 -0.5943
vn -0.6258 0.4656 -0.6258
vn -0.6841 0.4655 -0.5614
vn -0.7108 0.4655 -0.5272
vn -0.6697 0.0730 -0.7390
vn -0.6636 0.1535 -0.7322
vn -0.6269 0.1535 -0.7638
vn -0.6327 0.0730 -0.7709
vn -0.5887 0.1535 -0.7937
vn -0.5941 0.0730 -0.8010
vn -0.6397 0.3044 -0.7058
vn -0.6043 0.3044 -0.7363
vn -0.5675 0.3044 -0.7651
vn -0.5541 0.0730 -0.8293
vn -0.5490 0.1535 -0.8216
vn -0.5292 0.3044 -0.7920
vn -0.5272 0.4655 -0.7109
vn -0.4917 0.4655 -0.7359
vn -0.5615 0.4655 -0.6841
vn -0.5943 0.4656 -0.6558
vn -0.5127 0.0730 -0.8555
vn -0.5080 0.1535 -0.8476
vn -0.4658 0.1535 -0.8715
vn -0.4701 0.0730 -0.8796
vn -0.4225 0.1535 -0.8933
vn -0.4264 0.0730 -0.9016
vn -0.4897 0.3044 -0.8171
vn -0.4490 0.3044 -0.8401
vn -0.4073 0.3044 -0.8611
vn -0.3817 0.0730 -0.9214
vn -0.3781 0.1535 -0.9129
vn -0.3645 0.3044 -0.8800
vn -0.3784 0.4655 -0.8000
vn -0.3387 0.4655 -0.8177
vn -0.4172 0.4655 -0.7805
vn -0.4550 0.4655 -0.7591
vn -0.3360 0.0730 -0.9390
vn -0.3329 0.1535 -0.9304
vn -0.2868 0.1535 -0.9456
vn -0.2895 0.0730 -0.9544
vn -0.2402 0.1535 -0.9585
vn -0.2424 0.0730 -0.9674
vn -0.3209 0.3043 -0.8969
vn -0.2765 0.3043 -0.9115
vn -0.2315 0.3044 -0.9240
vn -0.1946 0.0730 -0.9782
vn -0.1928 0.1535 -0.9692
vn -0.1858 0.3044 -0.9342
vn -0.2151 0.4655 -0.8585
vn -0.1727 0.4655 -0.8680
vn -0.2569 0.4655 -0.8469
vn -0.2981 0.4655 -0.8333
vn -0.1463 0.0730 -0.9865
vn -0.1450 0.1535 -0.9775
vn -0.0969 0.1535 -0.9834
vn -0.0978 0.0730 -0.9925
vn -0.0485 0.1535 -0.9870
vn -0.0490 0.0730 -0.9961
vn -0.1397 0.3044 -0.9422
vn -0.0934 0.3044 -0.9480
vn -0.0468 0.3044 -0.9514
vn -0.0000 0.0730 -0.9973
vn -0.0000 0.1535 -0.9882
vn -0.0000 0.3044 -0.9526
vn -0.0435 0.4655 -0.8840
vn -0.0000 0.4655 -0.8851
vn -0.0867 0.4655 -0.8808
vn -0.1298 0.4655 -0.8755
vn 0.0490 0.0730 -0.9961
vn 0.0485 0.1535 -0.9870
vn 0.0969 0.1535 -0.9834
vn 0.0978 0.0730 -0.9925
vn 0.1450 0.1535 -0.9775
vn 0.1463 0.0730 -0.9865
vn 0.0468 0.3044 -0.9514
vn 0.0934 0.3044 -0.9480
vn 0.1397 0.3044 -0.9422
vn 0.1946 0.0730 -0.9782
vn 0.1928 0.1535 -0.9692
vn 0.1858 0.3044 -0.9342
vn 0.1298 0.4655 -0.8755
vn 0.1727 0.4655 -0.8680
vn 0.0867 0.4655 -0.8808
vn 0.0435 0.4655 -0.8840
vn 0.2424 0.0730 -0.9674
vn 0.2401 0.1535 -0.9585
vn 0.2869 0.1535 -0.9456
vn 0.2895 0.0730 -0.9544
vn 0.3329 0.1535 -0.9304
vn 0.3360 0.0730 -0.9390
vn 0.2315 0.3044 -0.9240
vn 0.2765 0.3044 -0.9115
vn 0.3209 0.3043 -0.8969
vn 0.3817 0.0730 -0.9214
vn 0.3781 0.1535 -0.9129
vn 0.3645 0.3044 -0.8800
vn 0.2981 0.4655 -0.8333
vn 0.3387 0.4655 -0.8177
vn 0.2569 0.4655 -0.8469
vn 0.2151 0.4655 -0.8585
vn 0.4264 0.0730 -0.9016
vn 0.4225 0.1535 -0.8933
vn 0.4658 0.1535 -0.8715
vn 0.4701 0.0730 -0.8796
vn 0.5080 0.1535 -0.8476
vn 0.5127 0.0730 -0.8555
vn 0.4073 0.3044 -0.8611
vn 0.4490 0.3044 -0.8401
vn 0.4897 0.3044 -0.8170
vn 0.5541 0.0730 -0.8292
vn 0.5490 0.1535 -0.8216
vn 0.5292 0.3044 -0.7920
vn 0.4550 0.4656 -0.7591
vn 0.4917 0.4656 -0.7359
vn 0.4172 0.4655 -0.7805
vn 0.3784 0.4655 -0.8000
vn 0.5941 0.0730 -0.8010
vn 0.5887 0.1535 -0.7937
vn 0.6269 0.1535 -0.7639
vn 0.6327 0.0730 -0.7710
vn 0.6636 0.1535 -0.7322
vn 0.6697 0.0730 -0.7390
vn 0.5675 0.3044 -0.7651
vn 0.6043 0.3044 -0.7363
vn 0.6397 0.3044 -0.7058
vn 0.7052 0.0730 -0.7052
vn 0.6987 0.1534 -0.6987
vn 0.6736 0.3044 -0.6736
vn 0.5943 0.4656 -0.6558
vn 0.6258 0.4656 -0.6258
vn 0.5615 0.4655 -0.6841
vn 0.5272 0.4655 -0.7108
vn 0.7390 0.0730 -0.6697
vn 0.7322 0.1535 -0.6636
vn 0.7639 0.1535 -0.6269
vn 0.7709 0.0730 -0.6327
vn 0.7937 0.1535 -0.5887
vn 0.8010 0.0730 -0.5941
vn 0.7058 0.3044 -0.6397
vn 0.7363 0.3044 -0.6043
vn 0.7651 0.3044 -0.5675
vn 0.8292 0.0730 -0.5541
vn 0.8216 0.1535 -0.5490
vn 0.7920 0.3044 -0.5292
vn 0.7108 0.4655 -0.5272
vn 0.7359 0.4656 -0.4917
vn 0.6841 0.4655 -0.5615
vn 0.6558 0.4655 -0.5943
vn 0.8555 0.0730 -0.5127
vn 0.8476 0.1535 -0.5080
vn 0.8715 0.1535 -0.4658
vn 0.8796 0.0730 -0.4701
vn 0.8933 0.1535 -0.4225
vn 0.9016 0.0730 -0.4264
vn 0.8171 0.3044 -0.4897
vn 0.8401 0.3044 -0.4490
vn 0.8611 0.3044 -0.4073
vn 0.9214 0.0730 -0.3817
vn 0.9129 0.1535 -0.3781
vn 0.8800 0.3044 -0.3645
vn 0.8000 0.4655 -0.3784
vn 0.8177 0.4655 -0.3387
vn 0.7805 0.4655 -0.4172
vn 0.7591 0.4655 -0.4550
vn 0.9390 0.0730 -0.3360
vn 0.9304 0.1535 -0.3329
vn 0.9456 0.1535 -0.2868
vn 0.9544 0.0730 -0.2895
vn 0.9585 0.1535 -0.2402
vn 0.9674 0.0730 -0.2424
vn 0.8969 0.3044 -0.3209
vn 0.9115 0.3044 -0.2765
vn 0.9240 0.3044 -0.2315
vn 0.9782 0.0730 -0.1946
vn 0.9692 0.1535 -0.1928
vn 0.9342 0.3044 -0.1858
vn 0.8585 0.4655 -0.2151
vn 0.8680 0.4655 -0.1727
vn 0.8469 0.4655 -0.2569
vn 0.8333 0.4655 -0.2981
vn 0.9865 0.0730 -0.1463
vn 0.9775 0.1535 -0.1450
vn 0.9834 0.1535 -0.0969
vn 0.9925 0.0730 -0.0978
vn 0.9870 0.1535 -0.0485
vn 0.9961 0.0730 -0.0490
vn 0.9422 0.3044 -0.1397
vn 0.9480 0.3044 -0.0934
vn 0.9514 0.3044 -0.0468
vn 0.9973 0.0730 -0.0000
vn 0.9882 0.1535 -0.0000
vn 0.9526 0.3044 -0.0000
vn 0.8840 0.4655 -0.0435
vn 0.8850 0.4655 -0.0000
vn 0.8808 0.4655 -0.0867
vn 0.8755 0.4655 -0.1298
vn 0.9961 0.0730 0.0490
vn 0.9870 0.1535 0.0485
vn 0.9834 0.1535 0.0969
vn 0.9925 0.0730 0.0978
vn 0.9775 0.1535 0.1450
vn 0.9865 0.0730 0.1463
vn 0.9514 0.3044 0.0468
vn 0.9480 0.3044 0.0934
vn 0.9422 0.3044 0.1397
vn 0.9782 0.0730 0.1946
vn 0.9692 0.1535 0.1928
vn 0.9342 0.3044 0.1858
vn 0.8755 0.4655 0.1298
vn 0.8680 0.4655 0.1727
vn 0.8808 0.4655 0.0868
vn 0.8840 0.4655 0.0435
vn 0.9674 0.0730 0.2424
vn 0.9585 0.1535 0.2402
vn 0.9456 0.1535 0.2869
vn 0.9544 0.0730 0.2895
vn 0.9304 0.1535 0.3329
vn 0.9390 0.0730 0.3360
vn 0.9240 0.3044 0.2315
vn 0.9115 0.3044 0.2765
vn 0.8969 0.3044 0.3209
vn 0.9214 0.0730 0.3817
vn 0.9129 0.1535 0.3781
vn 0.8800 0.3044 0.3645
vn 0.8333 0.4655 0.2981
vn 0.8177 0.4655 0.3387
vn 0.8469 0.4655 0.2569
vn 0.8585 0.4655 0.2151
vn 0.9016 0.0730 0.4264
vn 0.8933 0.1535 0.4225
vn 0.8715 0.1535 0.4658
vn 0.8796 0.0730 0.4701
vn 0.8476 0.1535 0.5080
vn 0.8555 0.0730 0.5127
vn 0.8611 0.3044 0.4073
vn 0.8401 0.3044 0.4490
vn 0.8171 0.3043 0.4897
vn 0.8293 0.0730 0.5541
vn 0.8216 0.1535 0.5490
vn 0.7920 0.3044 0.5292
vn 0.7591 0.4655 0.4550
vn 0.7359 0.4655 0.4917
vn 0.7805 0.4655 0.4172
vn 0.8000 0.4655 0.3784
vn 0.8010 0.0730 0.5941
vn 0.7937 0.1535 0.5887
vn 0.7639 0.1535 0.6269
vn 0.7709 0.0730 0.6327
vn 0.7322 0.1535 0.6636
vn 0.7390 0.0730 0.6697
vn 0.7651 0.3044 0.5675
vn 0.7363 0.3044 0.6043
vn 0.7058 0.3044 0.6397
vn 0.7052 0.0730 0.7052
vn 0.6987 0.1534 0.6987
vn 0.6736 0.3044 0.6736
vn 0.6558 0.4655 0.5943
vn 0.6258 0.4656 0.6258
vn 0.6841 0.4655 0.5615
vn 0.7108 0.4655 0.5272
vn 0.6697 0.0730 0.7390
vn 0.6636 0.1535 0.7322
vn 0.6269 0.1535 0.7639
vn 0.6327 0.0730 0.7709
vn 0.5887 0.1535 0.7937
vn 0.5941 0.0730 0.8010
vn 0.6397 0.3044 0.7058
vn 0.6043 0.3044 0.7363
vn 0.5675 0.3044 0.7651
vn 0.5541 0.0730 0.8293
vn 0.5490 0.1535 0.8216
vn 0.5292 0.3044 0.7920
vn 0.5272 0.4655 0.7108
vn 0.4917 0.4655 0.7359
vn 0.5615 0.4655 0.6841
vn 0.5943 0.4656 0.6558
vn 0.5127 0.0730 0.8555
vn 0.5080 0.1535 0.8476
vn 0.4658 0.1535 0.8715
vn 0.4701 0.0730 0.8796
vn 0.4225 0.1535 0.8933
vn 0.4264 0.0730 0.9016
vn 0.4897 0.3044 0.8171
vn 0.4490 0.3044 0.8401
vn 0.4073 0.3044 0.8611
vn 0.3817 0.0730 0.9214
vn 0.3782 0.1535 0.9129
vn 0.3645 0.3044 0.8800
vn 0.3784 0.4656 0.8000
vn 0.3387 0.4655 0.8177
vn 0.4172 0.4656 0.7805
vn 0.4550 0.4655 0.7591
vn 0.3360 0.0730 0.9390
vn 0.3329 0.1535 0.9304
vn 0.2868 0.1535 0.9456
vn 0.2895 0.0730 0.9544
vn 0.2402 0.1535 0.9585
vn 0.2424 0.0730 0.9674
vn 0.3209 0.3044 0.8969
vn 0.2765 0.3044 0.9115
vn 0.2315 0.3044 0.9240
vn 0.2151 0.4655 0.8585
vn 0.2569 0.4655 0.8469
vn 0.2981 0.4655 0.8333
vn 0.0395 0.5944 0.8032
vn 0.0788 0.5944 0.8003
vn 0.0740 0.6561 0.7511
vn 0.0371 0.6561 0.7538
vn 0.1180 0.5943 0.7955
vn 0.1107 0.6561 0.7466
vn 0.1569 0.5943 0.7888
vn 0.1473 0.6561 0.7402
vn -0.0000 0.5944 0.8042
vn -0.0000 0.6561 0.7547
vn 0.1954 0.5944 0.7801
vn 0.2334 0.5944 0.7695
vn 0.2191 0.6560 0.7222
vn 0.1834 0.6560 0.7321
vn 0.2709 0.5944 0.7572
vn 0.2542 0.6561 0.7106
vn 0.3077 0.5944 0.7430
vn 0.2888 0.6561 0.6972
vn 0.3439 0.5944 0.7269
vn 0.3791 0.5944 0.7092
vn 0.3558 0.6560 0.6656
vn 0.3227 0.6561 0.6822
vn 0.4134 0.5944 0.6898
vn 0.3880 0.6561 0.6474
vn 0.4468 0.5944 0.6686
vn 0.4193 0.6561 0.6275
vn 0.4791 0.5944 0.6459
vn 0.5102 0.5944 0.6216
vn 0.4788 0.6561 0.5834
vn 0.4496 0.6561 0.6062
vn 0.5400 0.5944 0.5959
vn 0.5068 0.6561 0.5592
vn 0.5686 0.5944 0.5686
vn 0.5336 0.6561 0.5336
vn 0.5959 0.5944 0.5400
vn 0.6216 0.5944 0.5102
vn 0.5834 0.6561 0.4788
vn 0.5592 0.6561 0.5068
vn 0.6459 0.5944 0.4791
vn 0.6062 0.6560 0.4496
vn 0.6686 0.5944 0.4468
vn 0.6275 0.6560 0.4193
vn 0.6473 0.6561 0.3880
vn 0.6898 0.5944 0.4134
vn 0.7092 0.5944 0.3791
vn 0.6656 0.6561 0.3558
vn 0.7269 0.5944 0.3438
vn 0.6822 0.6561 0.3227
vn 0.7430 0.5944 0.3077
vn 0.6972 0.6561 0.2888
vn 0.7106 0.6561 0.2542
vn 0.7572 0.5944 0.2709
vn 0.7695 0.5944 0.2334
vn 0.7222 0.6560 0.2191
vn 0.7801 0.5944 0.1954
vn 0.7321 0.6560 0.1834
vn 0.7888 0.5944 0.1569
vn 0.7402 0.6561 0.1473
vn 0.7465 0.6561 0.1107
vn 0.7955 0.5944 0.1180
vn 0.8003 0.5944 0.0788
vn 0.7511 0.6561 0.0740
vn 0.8032 0.5944 0.0395
vn 0.7538 0.6561 0.0371
vn 0.8042 0.5944 -0.0000
vn 0.7547 0.6561 -0.0000
vn 0.8032 0.5944 -0.0395
vn 0.8003 0.5944 -0.0788
vn 0.7511 0.6561 -0.0740
vn 0.7538 0.6561 -0.0371
vn 0.7955 0.5944 -0.1180
vn 0.7466 0.6561 -0.1107
vn 0.7887 0.5944 -0.1569
vn 0.7402 0.6561 -0.1473
vn 0.7801 0.5944 -0.1954
vn 0.7695 0.5944 -0.2334
vn 0.7222 0.6560 -0.2191
vn 0.7321 0.6560 -0.1834
vn 0.7572 0.5944 -0.2709
vn 0.7106 0.6561 -0.2542
vn 0.7430 0.5944 -0.3077
vn 0.6972 0.6561 -0.2888
vn 0.7270 0.5944 -0.3438
vn 0.7092 0.5944 -0.3791
vn 0.6656 0.6561 -0.3558
vn 0.6822 0.6561 -0.3227
vn 0.6898 0.5944 -0.4134
vn 0.6473 0.6561 -0.3880
vn 0.6686 0.5944 -0.4468
vn 0.6275 0.6561 -0.4193
vn 0.6459 0.5944 -0.4791
vn 0.6216 0.5944 -0.5102
vn 0.5834 0.6561 -0.4788
vn 0.6062 0.6561 -0.4496
vn 0.5959 0.5944 -0.5400
vn 0.5592 0.6561 -0.5068
vn 0.5686 0.5944 -0.5686
vn 0.5336 0.6561 -0.5336
vn 0.5400 0.5944 -0.5959
vn 0.5102 0.5944 -0.6217
vn 0.4788 0.6560 -0.5834
vn 0.5068 0.6560 -0.5592
vn 0.4791 0.5944 -0.6459
vn 0.4496 0.6560 -0.6062
vn 0.4468 0.5944 -0.6686
vn 0.4193 0.6560 -0.6275
vn 0.3880 0.6561 -0.6473
vn 0.4134 0.5944 -0.6898
vn 0.3791 0.5944 -0.7092
vn 0.3558 0.6561 -0.6656
vn 0.3438 0.5944 -0.7269
vn 0.3227 0.6561 -0.6822
vn 0.3077 0.5944 -0.7429
vn 0.2888 0.6561 -0.6972
vn 0.2542 0.6561 -0.7106
vn 0.2709 0.5944 -0.7572
vn 0.2334 0.5944 -0.7695
vn 0.2191 0.6561 -0.7222
vn 0.1954 0.5944 -0.7801
vn 0.1834 0.6561 -0.7321
vn 0.1569 0.5944 -0.7887
vn 0.1472 0.6561 -0.7402
vn 0.1107 0.6560 -0.7466
vn 0.1180 0.5944 -0.7955
vn 0.0788 0.5944 -0.8003
vn 0.0740 0.6561 -0.7511
vn 0.0395 0.5944 -0.8032
vn 0.0371 0.6561 -0.7538
vn -0.0000 0.5944 -0.8042
vn -0.0000 0.6561 -0.7547
vn -0.0395 0.5944 -0.8032
vn -0.0788 0.5944 -0.8003
vn -0.0740 0.6561 -0.7511
vn -0.0371 0.6561 -0.7538
vn -0.1180 0.5944 -0.7955
vn -0.1107 0.6560 -0.7466
vn -0.1569 0.5944 -0.7887
vn -0.1473 0.6561 -0.7402
vn -0.1954 0.5944 -0.7801
vn -0.2334 0.5944 -0.7695
vn -0.2191 0.6560 -0.7222
vn -0.1834 0.6560 -0.7321
vn -0.2709 0.5944 -0.7572
vn -0.2542 0.6561 -0.7106
vn -0.3077 0.5944 -0.7429
vn -0.2888 0.6561 -0.6972
vn -0.3438 0.5944 -0.7270
vn -0.3791 0.5944 -0.7092
vn -0.3558 0.6561 -0.6656
vn -0.3227 0.6561 -0.6822
vn -0.4134 0.5944 -0.6898
vn -0.3880 0.6560 -0.6474
vn -0.4468 0.5944 -0.6686
vn -0.4193 0.6561 -0.6275
vn -0.4496 0.6561 -0.6061
vn -0.4791 0.5944 -0.6459
vn -0.5102 0.5944 -0.6216
vn -0.4788 0.6561 -0.5834
vn -0.5400 0.5944 -0.5959
vn -0.5068 0.6561 -0.5592
vn -0.5686 0.5944 -0.5686
vn -0.5337 0.6560 -0.5337
vn -0.5592 0.6560 -0.5068
vn -0.5959 0.5944 -0.5400
vn -0.6217 0.5944 -0.5102
vn -0.5834 0.6560 -0.4788
vn -0.6459 0.5944 -0.4791
vn -0.6062 0.6560 -0.4496
vn -0.6687 0.5944 -0.4468
vn -0.6275 0.6560 -0.4193
vn -0.6898 0.5944 -0.4134
vn -0.7092 0.5944 -0.3791
vn -0.6656 0.6561 -0.3558
vn -0.6473 0.6561 -0.3880
vn -0.7270 0.5944 -0.3439
vn -0.6822 0.6561 -0.3227
vn -0.7430 0.5944 -0.3078
vn -0.6973 0.6560 -0.2888
vn -0.7572 0.5944 -0.2709
vn -0.7696 0.5944 -0.2334
vn -0.7222 0.6560 -0.2191
vn -0.7107 0.6560 -0.2543
vn -0.7801 0.5944 -0.1954
vn -0.7321 0.6561 -0.1834
vn -0.7887 0.5944 -0.1569
vn -0.7402 0.6561 -0.1472
vn -0.7955 0.5944 -0.1180
vn -0.8003 0.5944 -0.0788
vn -0.7511 0.6561 -0.0740
vn -0.7466 0.6560 -0.1107
vn -0.8032 0.5944 -0.0395
vn -0.7538 0.6561 -0.0371
vn -0.8042 0.5944 -0.0000
vn -0.7547 0.6561 -0.0000
vn -0.8032 0.5944 0.0395
vn -0.8003 0.5944 0.0788
vn -0.7511 0.6561 0.0740
vn -0.7538 0.6561 0.0371
vn -0.7955 0.5944 0.1180
vn -0.7466 0.6561 0.1107
vn -0.7888 0.5943 0.1569
vn -0.7402 0.6561 0.1473
vn -0.7801 0.5944 0.1954
vn -0.7696 0.5944 0.2334
vn -0.7222 0.6560 0.2191
vn -0.7321 0.6560 0.1834
vn -0.7572 0.5944 0.2709
vn -0.7106 0.6561 0.2542
vn -0.7430 0.5944 0.3077
vn -0.6972 0.6561 0.2888
vn -0.7270 0.5944 0.3439
vn -0.7092 0.5944 0.3791
vn -0.6656 0.6560 0.3558
vn -0.6822 0.6560 0.3227
vn -0.6898 0.5944 0.4134
vn -0.6474 0.6560 0.3880
vn -0.6687 0.5944 0.4468
vn -0.6275 0.6560 0.4193
vn -0.6459 0.5944 0.4791
vn -0.6216 0.5944 0.5102
vn -0.5834 0.6561 0.4788
vn -0.6062 0.6561 0.4496
vn -0.5959 0.5944 0.5400
vn -0.5592 0.6561 0.5068
vn -0.5687 0.5944 0.5687
vn -0.5337 0.6560 0.5337
vn -0.5400 0.5944 0.5959
vn -0.5102 0.5944 0.6217
vn -0.4788 0.6560 0.5834
vn -0.5068 0.6560 0.5593
vn -0.4791 0.5944 0.6459
vn -0.4496 0.6560 0.6062
vn -0.4468 0.5944 0.6687
vn -0.4193 0.6560 0.6275
vn -0.4134 0.5944 0.6898
vn -0.3791 0.5944 0.7092
vn -0.3558 0.6561 0.6656
vn -0.3880 0.6561 0.6474
vn -0.3438 0.5944 0.7270
vn -0.3227 0.6560 0.6823
vn -0.3078 0.5944 0.7430
vn -0.2889 0.6560 0.6973
vn -0.2709 0.5944 0.7572
vn -0.2334 0.5944 0.7696
vn -0.2191 0.6561 0.7222
vn -0.2543 0.6560 0.7107
vn -0.1954 0.5944 0.7801
vn -0.1834 0.6561 0.7321
vn -0.1569 0.5944 0.7887
vn -0.1473 0.6560 0.7402
vn -0.1180 0.5944 0.7955
vn -0.0788 0.5944 0.8003
vn -0.0740 0.6561 0.7511
vn -0.1107 0.6560 0.7466
vn -0.0395 0.5944 0.8032
vn -0.0371 0.6561 0.7538
vt 0.375000 0.000000
vt 0.625000 0.000000
vt 0.625000 0.250000
vt 0.375000 0.250000
vt 0.625000 0.500000
vt 0.375000 0.500000
vt 0.625000 0.750000
vt 0.375000 0.750000
vt 0.625000 1.000000
vt 0.375000 1.000000
vt 0.231630 0.642511
vt 0.125000 0.750000
vt 0.125000 0.500000
vt 0.231630 0.607174
vt 0.230773 0.608062
vt 0.229960 0.608991
vt 0.229195 0.609958
vt 0.228478 0.610960
vt 0.227813 0.611997
vt 0.227200 0.613064
vt 0.226640 0.614159
vt 0.226136 0.615280
vt 0.225688 0.616425
vt 0.225298 0.617589
vt 0.224966 0.618771
vt 0.224694 0.619968
vt 0.224481 0.621176
vt 0.224329 0.622393
vt 0.224237 0.623616
vt 0.224207 0.624842
vt 0.224237 0.626068
vt 0.224329 0.627292
vt 0.224481 0.628509
vt 0.224694 0.629717
vt 0.224966 0.630914
vt 0.225298 0.632096
vt 0.225688 0.633260
vt 0.226136 0.634405
vt 0.226640 0.635526
vt 0.227200 0.636621
vt 0.227813 0.637688
vt 0.228478 0.638724
vt 0.229195 0.639727
vt 0.229960 0.640694
vt 0.230773 0.641623
vt 0.232532 0.643357
vt 0.233474 0.644158
vt 0.234454 0.644912
vt 0.235471 0.645618
vt 0.236523 0.646274
vt 0.237605 0.646879
vt 0.238716 0.647430
vt 0.239854 0.647927
vt 0.241014 0.648369
vt 0.242196 0.648753
vt 0.243395 0.649081
vt 0.244608 0.649349
vt 0.245834 0.649559
vt 0.247069 0.649709
vt 0.248310 0.649799
vt 0.249553 0.649830
vt 0.250797 0.649799
vt 0.252038 0.649709
vt 0.253272 0.649559
vt 0.254498 0.649349
vt 0.255712 0.649081
vt 0.256911 0.648753
vt 0.258092 0.648369
vt 0.259253 0.647928
vt 0.260390 0.647430
vt 0.261502 0.646879
vt 0.262584 0.646275
vt 0.263635 0.645618
vt 0.264652 0.644912
vt 0.265633 0.644158
vt 0.266575 0.643357
vt 0.267476 0.642511
vt 0.268334 0.641623
vt 0.269147 0.640694
vt 0.269912 0.639727
vt 0.270628 0.638725
vt 0.271294 0.637688
vt 0.271907 0.636621
vt 0.272466 0.635526
vt 0.272971 0.634405
vt 0.273418 0.633260
vt 0.273809 0.632096
vt 0.274140 0.630914
vt 0.274413 0.629717
vt 0.274626 0.628509
vt 0.274778 0.627292
vt 0.274869 0.626069
vt 0.274900 0.624842
vt 0.274869 0.623616
vt 0.274778 0.622393
vt 0.274626 0.621176
vt 0.274413 0.619968
vt 0.274140 0.618771
vt 0.273809 0.617589
vt 0.273418 0.616425
vt 0.272971 0.615280
vt 0.272466 0.614159
vt 0.271907 0.613064
vt 0.271294 0.611997
vt 0.270628 0.610960
vt 0.269912 0.609958
vt 0.269147 0.608991
vt 0.268334 0.608062
vt 0.267476 0.607174
vt 0.266575 0.606328
vt 0.265633 0.605527
vt 0.264652 0.604773
vt 0.263635 0.604066
vt 0.262584 0.603410
vt 0.261502 0.602806
vt 0.260390 0.602254
vt 0.259253 0.601757
vt 0.258092 0.601316
vt 0.256911 0.600931
vt 0.255712 0.600604
vt 0.254498 0.600336
vt 0.253272 0.600126
vt 0.252038 0.599976
vt 0.250797 0.599886
vt 0.249553 0.599855
vt 0.248310 0.599886
vt 0.247069 0.599976
vt 0.245834 0.600126
vt 0.244608 0.600335
vt 0.243395 0.600604
vt 0.242196 0.600931
vt 0.241014 0.601316
vt 0.239854 0.601757
vt 0.238716 0.602254
vt 0.237605 0.602806
vt 0.236523 0.603410
vt 0.235471 0.604066
vt 0.234454 0.604773
vt 0.233474 0.605527
vt 0.232532 0.606328
vt 0.767616 0.641768
vt 0.875000 0.750000
vt 0.875000 0.500000
vt 0.767616 0.607917
vt 0.766753 0.607107
vt 0.765850 0.606340
vt 0.764911 0.605617
vt 0.763936 0.604940
vt 0.762929 0.604312
vt 0.761892 0.603733
vt 0.760828 0.603205
vt 0.759739 0.602728
vt 0.758626 0.602306
vt 0.757495 0.601937
vt 0.756346 0.601624
vt 0.755184 0.601366
vt 0.754009 0.601165
vt 0.752827 0.601022
vt 0.751638 0.600935
vt 0.750447 0.600906
vt 0.749255 0.600935
vt 0.748067 0.601022
vt 0.746884 0.601165
vt 0.745710 0.601366
vt 0.744547 0.601624
vt 0.743398 0.601937
vt 0.742267 0.602306
vt 0.741155 0.602728
vt 0.740065 0.603204
vt 0.739001 0.603733
vt 0.737964 0.604312
vt 0.736957 0.604940
vt 0.735983 0.605617
vt 0.735043 0.606340
vt 0.734141 0.607107
vt 0.733278 0.607917
vt 0.732456 0.608768
vt 0.731678 0.609658
vt 0.730944 0.610584
vt 0.730258 0.611544
vt 0.729621 0.612537
vt 0.729033 0.613559
vt 0.728497 0.614609
vt 0.728014 0.615682
vt 0.727585 0.616779
vt 0.727212 0.617894
vt 0.726894 0.619027
vt 0.726632 0.620173
vt 0.726429 0.621330
vt 0.726283 0.622496
vt 0.726195 0.623668
vt 0.726166 0.624843
vt 0.726195 0.626017
vt 0.726283 0.627189
vt 0.726429 0.628355
vt 0.726633 0.629512
vt 0.726894 0.630659
vt 0.727212 0.631791
vt 0.727585 0.632906
vt 0.728014 0.634002
vt 0.728497 0.635076
vt 0.729033 0.636126
vt 0.729621 0.637148
vt 0.730258 0.638141
vt 0.730944 0.639101
vt 0.731678 0.640027
vt 0.732456 0.640917
vt 0.733278 0.641768
vt 0.734141 0.642578
vt 0.735043 0.643345
vt 0.735983 0.644068
vt 0.736957 0.644745
vt 0.737964 0.645373
vt 0.739001 0.645952
vt 0.740065 0.646480
vt 0.741155 0.646957
vt 0.742267 0.647379
vt 0.743398 0.647748
vt 0.744547 0.648061
vt 0.745710 0.648319
vt 0.746884 0.648519
vt 0.748067 0.648663
vt 0.749255 0.648750
vt 0.750447 0.648779
vt 0.751638 0.648750
vt 0.752827 0.648663
vt 0.754009 0.648519
vt 0.755184 0.648319
vt 0.756346 0.648061
vt 0.757495 0.647748
vt 0.758627 0.647379
vt 0.759739 0.646956
vt 0.760828 0.646480
vt 0.761892 0.645952
vt 0.762929 0.645373
vt 0.763936 0.644745
vt 0.764911 0.644068
vt 0.765850 0.643345
vt 0.766752 0.642578
vt 0.768437 0.640917
vt 0.769216 0.640027
vt 0.769949 0.639101
vt 0.770635 0.638141
vt 0.771273 0.637148
vt 0.771860 0.636126
vt 0.772396 0.635076
vt 0.772879 0.634002
vt 0.773308 0.632906
vt 0.773682 0.631791
vt 0.774000 0.630658
vt 0.774261 0.629512
vt 0.774465 0.628355
vt 0.774610 0.627189
vt 0.774698 0.626017
vt 0.774727 0.624842
vt 0.774698 0.623668
vt 0.774610 0.622496
vt 0.774464 0.621330
vt 0.774261 0.620173
vt 0.774000 0.619026
vt 0.773682 0.617894
vt 0.773308 0.616779
vt 0.772879 0.615683
vt 0.772396 0.614608
vt 0.771860 0.613559
vt 0.771273 0.612537
vt 0.770635 0.611544
vt 0.769949 0.610584
vt 0.769216 0.609658
vt 0.768437 0.608768
vt 0.000000 0.000000
s 0
f 2/1/1 3/2/1 5/3/1 4/4/1
f 4/4/2 5/3/2 11/5/2 10/6/2
f 10/6/3 11/5/3 8/7/3 7/8/3
f 7/8/4 8/7/4 3/9/4 2/10/4
f 1124/11/5 2/12/5 4/13/5 1125/14/5 1126/15/5 1127/16/5 1122/17/5 1128/18/5 1117/19/5 1119/20/5 1114/21/5 1112/22/5 1108/23/5 1110/24/5 1106/25/5 1104/26/5 1102/27/5 1100/28/5 1098/29/5 1096/30/5 1097/31/5 1099/32/5 1101/33/5 1103/34/5 1105/35/5 1109/36/5 1107/37/5 1111/38/5 1113/39/5 1118/40/5 1116/41/5 1115/42/5 1120/43/5 1121/44/5 1123/45/5
f 4/13/5 10/6/5 7/8/5 2/12/5 1124/11/5 1129/46/5 1130/47/5 1131/48/5 1132/49/5 1133/50/5 1134/51/5 1135/52/5 1144/53/5 1136/54/5 1138/55/5 1137/56/5 1143/57/5 1139/58/5 1142/59/5 1141/60/5 1140/61/5 1145/62/5 1146/63/5 1147/64/5 1148/65/5 1149/66/5 1150/67/5 1151/68/5 1152/69/5 1153/70/5 1154/71/5 1155/72/5 1156/73/5 1157/74/5 1158/75/5 1159/76/5 1160/77/5 1065/78/5 1069/79/5 1068/80/5 1077/81/5 1072/82/5 1076/83/5 1074/84/5 1093/85/5 1078/86/5 1082/87/5 1080/88/5 1091/89/5 1084/90/5 1088/91/5 1086/92/5 1085/93/5 1087/94/5 1089/95/5 1090/96/5 1092/97/5 1081/98/5 1083/99/5 1079/100/5 1094/101/5 1075/102/5 1073/103/5 1071/104/5 1070/105/5 1067/106/5 1066/107/5 1064/108/5 1095/109/5 1063/110/5 1062/111/5 1061/112/5 1060/113/5 1059/114/5 1058/115/5 1057/116/5 1056/117/5 1055/118/5 1054/119/5 1053/120/5 1052/121/5 1051/122/5 1050/123/5 1049/124/5 1048/125/5 1047/126/5 1046/127/5 1045/128/5 1044/129/5 1043/130/5 1042/131/5 1041/132/5 1040/133/5 1039/134/5 1038/135/5 1037/136/5 1036/137/5 1035/138/5 1034/139/5 1033/140/5 1125/14/5
f 1192/141/6 3/142/6 8/7/6 11/5/6 5/143/6 1191/144/6 1194/145/6 1195/146/6 1196/147/6 1197/148/6 1198/149/6 1199/150/6 1200/151/6 1201/152/6 1202/153/6 1203/154/6 1205/155/6 1204/156/6 1206/157/6 1207/158/6 1208/159/6 1209/160/6 1210/161/6 1211/162/6 1212/163/6 1213/164/6 1214/165/6 1215/166/6 1216/167/6 1217/168/6 1218/169/6 1219/170/6 1220/171/6 1221/172/6 1222/173/6 1223/174/6 1224/175/6 1225/176/6 1259/177/6 1263/178/6 1262/179/6 1271/180/6 1266/181/6 1270/182/6 1269/183/6 1288/184/6 1273/185/6 1277/186/6 1275/187/6 1286/188/6 1284/189/6 1283/190/6 1280/191/6 1278/192/6 1279/193/6 1282/194/6 1281/195/6 1285/196/6 1274/197/6 1276/198/6 1272/199/6 1287/200/6 1268/201/6 1267/202/6 1265/203/6 1264/204/6 1261/205/6 1260/206/6 1258/207/6 1257/208/6 1256/209/6 1255/210/6 1254/211/6 1253/212/6 1252/213/6 1251/214/6 1250/215/6 1249/216/6 1248/217/6 1247/218/6 1246/219/6 1245/220/6 1244/221/6 1243/222/6 1242/223/6 1241/224/6 1238/225/6 1239/226/6 1237/227/6 1240/228/6 1235/229/6 1236/230/6 1234/231/6 1233/232/6 1231/233/6 1232/234/6 1230/235/6 1229/236/6 1228/237/6 1227/238/6 1226/239/6
f 1191/144/6 5/143/6 3/142/6 1192/141/6 1190/240/6 1187/241/6 1188/242/6 1193/243/6 1183/244/6 1184/245/6 1180/246/6 1176/247/6 1172/248/6 1174/249/6 1170/250/6 1168/251/6 1164/252/6 1165/253/6 1162/254/6 1161/255/6 1163/256/6 1166/257/6 1167/258/6 1169/259/6 1171/260/6 1175/261/6 1173/262/6 1177/263/6 1178/264/6 1179/265/6 1181/266/6 1182/267/6 1185/268/6 1186/269/6 1189/270/6
s 1
f 457/271/7 460/271/8 461/271/9 458/271/10
f 458/271/10 461/271/9 462/271/11 459/271/12
f 460/271/8 463/271/13 464/271/14 461/271/9
f 461/271/9 464/271/14 465/271/15 462/271/11
f 1/271/16 363/271/17 457/271/7 166/271/18
f 166/271/18 457/271/7 458/271/10 167/271/19
f 167/271/19 458/271/10 459/271/12 168/271/20
f 168/271/20 459/271/12 364/271/21 40/271/22
f 459/271/12 462/271/11 365/271/23 364/271/21
f 462/271/11 465/271/15 366/271/24 365/271/23
f 465/271/15 360/271/25 72/271/26 366/271/24
f 464/271/14 359/271/27 360/271/25 465/271/15
f 463/271/13 358/271/28 359/271/27 464/271/14
f 361/271/29 41/271/30 358/271/28 463/271/13
f 362/271/31 361/271/29 463/271/13 460/271/8
f 363/271/17 362/271/31 460/271/8 457/271/7
f 466/271/32 469/271/33 470/271/34 467/271/35
f 467/271/35 470/271/34 471/271/36 468/271/37
f 469/271/33 472/271/38 473/271/39 470/271/34
f 470/271/34 473/271/39 474/271/40 471/271/36
f 6/271/41 369/271/42 466/271/32 73/271/43
f 73/271/43 466/271/32 467/271/35 74/271/44
f 74/271/44 467/271/35 468/271/37 75/271/45
f 75/271/45 468/271/37 363/271/17 1/271/16
f 468/271/37 471/271/36 362/271/31 363/271/17
f 471/271/36 474/271/40 361/271/29 362/271/31
f 474/271/40 237/271/46 41/271/30 361/271/29
f 473/271/39 236/271/47 237/271/46 474/271/40
f 472/271/38 235/271/48 236/271/47 473/271/39
f 367/271/49 42/271/50 235/271/48 472/271/38
f 368/271/51 367/271/49 472/271/38 469/271/33
f 369/271/42 368/271/51 469/271/33 466/271/32
f 475/271/52 478/271/53 479/271/54 476/271/55
f 476/271/55 479/271/54 480/271/56 477/271/57
f 1142/271/58 479/271/54 478/271/53 1141/271/59
f 1139/271/60 480/271/56 479/271/54 1142/271/58
f 1/271/16 170/271/61 475/271/52 75/271/45
f 75/271/45 475/271/52 476/271/55 74/271/44
f 74/271/44 476/271/55 477/271/57 73/271/43
f 73/271/43 477/271/57 173/271/62 6/271/41
f 477/271/57 480/271/56 174/271/63 173/271/62
f 1143/271/64 174/271/63 480/271/56 1139/271/60
f 1141/271/59 478/271/53 169/271/65 1140/271/66
f 170/271/61 169/271/65 478/271/53 475/271/52
f 481/271/67 484/271/68 485/271/69 482/271/70
f 482/271/70 485/271/69 486/271/71 483/271/72
f 1076/271/73 485/271/69 484/271/68 1074/271/74
f 1072/271/75 486/271/71 485/271/69 1076/271/73
f 35/271/76 223/271/77 481/271/67 153/271/78
f 153/271/78 481/271/67 482/271/70 152/271/79
f 152/271/79 482/271/70 483/271/72 151/271/80
f 151/271/80 483/271/72 225/271/81 36/271/82
f 483/271/72 486/271/71 226/271/83 225/271/81
f 1077/271/84 226/271/83 486/271/71 1072/271/75
f 1074/271/74 484/271/68 224/271/85 1093/271/86
f 223/271/77 224/271/85 484/271/68 481/271/67
f 487/271/87 490/271/88 491/271/89 488/271/90
f 488/271/90 491/271/89 492/271/91 489/271/92
f 1034/271/93 491/271/89 490/271/88 1033/271/94
f 1035/271/95 492/271/91 491/271/89 1034/271/93
f 21/271/96 195/271/97 487/271/87 111/271/98
f 111/271/98 487/271/87 488/271/90 110/271/99
f 110/271/99 488/271/90 489/271/92 109/271/100
f 109/271/100 489/271/92 197/271/101 22/271/102
f 489/271/92 492/271/91 198/271/103 197/271/101
f 1036/271/104 198/271/103 492/271/91 1035/271/95
f 1033/271/94 490/271/88 196/271/105 1125/271/106
f 195/271/97 196/271/105 490/271/88 487/271/87
f 493/271/107 496/271/108 497/271/109 494/271/110
f 494/271/110 497/271/109 498/271/111 495/271/112
f 1082/271/113 497/271/109 496/271/108 1080/271/114
f 1078/271/115 498/271/111 497/271/109 1082/271/113
f 34/271/116 221/271/117 493/271/107 150/271/118
f 150/271/118 493/271/107 494/271/110 149/271/119
f 149/271/119 494/271/110 495/271/112 148/271/120
f 148/271/120 495/271/112 223/271/77 35/271/76
f 495/271/112 498/271/111 224/271/85 223/271/77
f 1093/271/86 224/271/85 498/271/111 1078/271/115
f 1080/271/114 496/271/108 222/271/121 1091/271/122
f 221/271/117 222/271/121 496/271/108 493/271/107
f 499/271/123 502/271/124 503/271/125 500/271/126
f 500/271/126 503/271/125 504/271/127 501/271/128
f 1127/271/129 503/271/125 502/271/124 1122/271/130
f 1126/271/131 504/271/127 503/271/125 1127/271/129
f 20/271/132 193/271/133 499/271/123 108/271/134
f 108/271/134 499/271/123 500/271/126 107/271/135
f 107/271/135 500/271/126 501/271/128 106/271/136
f 106/271/136 501/271/128 195/271/97 21/271/96
f 501/271/128 504/271/127 196/271/105 195/271/97
f 1125/271/106 196/271/105 504/271/127 1126/271/131
f 1122/271/130 502/271/124 194/271/137 1128/271/138
f 193/271/133 194/271/137 502/271/124 499/271/123
f 505/271/139 508/271/140 509/271/141 506/271/142
f 506/271/142 509/271/141 510/271/143 507/271/144
f 1088/271/145 509/271/141 508/271/140 1086/271/146
f 1084/271/147 510/271/143 509/271/141 1088/271/145
f 33/271/148 219/271/149 505/271/139 147/271/150
f 147/271/150 505/271/139 506/271/142 146/271/151
f 146/271/151 506/271/142 507/271/144 145/271/152
f 145/271/152 507/271/144 221/271/117 34/271/116
f 507/271/144 510/271/143 222/271/121 221/271/117
f 1091/271/122 222/271/121 510/271/143 1084/271/147
f 1086/271/146 508/271/140 220/271/153 1085/271/154
f 219/271/149 220/271/153 508/271/140 505/271/139
f 511/271/155 514/271/156 515/271/157 512/271/158
f 512/271/158 515/271/157 516/271/159 513/271/160
f 1119/271/161 515/271/157 514/271/156 1114/271/162
f 1117/271/163 516/271/159 515/271/157 1119/271/161
f 19/271/164 191/271/165 511/271/155 105/271/166
f 105/271/166 511/271/155 512/271/158 104/271/167
f 104/271/167 512/271/158 513/271/160 103/271/168
f 103/271/168 513/271/160 193/271/133 20/271/132
f 513/271/160 516/271/159 194/271/137 193/271/133
f 1128/271/138 194/271/137 516/271/159 1117/271/163
f 1114/271/162 514/271/156 192/271/169 1112/271/170
f 191/271/165 192/271/169 514/271/156 511/271/155
f 517/271/171 520/271/172 521/271/173 518/271/174
f 518/271/174 521/271/173 522/271/175 519/271/176
f 521/271/173 520/271/172 1090/271/177 1089/271/178
f 522/271/175 521/271/173 1089/271/178 1087/271/179
f 32/271/180 217/271/181 517/271/171 144/271/182
f 144/271/182 517/271/171 518/271/174 143/271/183
f 143/271/183 518/271/174 519/271/176 142/271/184
f 142/271/184 519/271/176 219/271/149 33/271/148
f 519/271/176 522/271/175 220/271/153 219/271/149
f 1085/271/154 220/271/153 522/271/175 1087/271/179
f 520/271/172 218/271/185 1092/271/186 1090/271/177
f 217/271/181 218/271/185 520/271/172 517/271/171
f 523/271/187 526/271/188 527/271/189 524/271/190
f 524/271/190 527/271/189 528/271/191 525/271/192
f 1110/271/193 527/271/189 526/271/188 1106/271/194
f 1108/271/195 528/271/191 527/271/189 1110/271/193
f 18/271/196 189/271/197 523/271/187 102/271/198
f 102/271/198 523/271/187 524/271/190 101/271/199
f 101/271/199 524/271/190 525/271/192 100/271/200
f 100/271/200 525/271/192 191/271/165 19/271/164
f 525/271/192 528/271/191 192/271/169 191/271/165
f 1112/271/170 192/271/169 528/271/191 1108/271/195
f 1106/271/194 526/271/188 190/271/201 1104/271/202
f 189/271/197 190/271/201 526/271/188 523/271/187
f 529/271/203 532/271/204 533/271/205 530/271/206
f 530/271/206 533/271/205 534/271/207 531/271/208
f 533/271/205 532/271/204 1079/271/209 1083/271/210
f 534/271/207 533/271/205 1083/271/210 1081/271/211
f 31/271/212 215/271/213 529/271/203 141/271/214
f 141/271/214 529/271/203 530/271/206 140/271/215
f 140/271/215 530/271/206 531/271/208 139/271/216
f 139/271/216 531/271/208 217/271/181 32/271/180
f 531/271/208 534/271/207 218/271/185 217/271/181
f 218/271/185 534/271/207 1081/271/211 1092/271/186
f 532/271/204 216/271/217 1094/271/218 1079/271/209
f 215/271/213 216/271/217 532/271/204 529/271/203
f 535/271/219 538/271/220 539/271/221 536/271/222
f 536/271/222 539/271/221 540/271/223 537/271/224
f 1100/271/225 539/271/221 538/271/220 1098/271/226
f 1102/271/227 540/271/223 539/271/221 1100/271/225
f 17/271/228 187/271/229 535/271/219 99/271/230
f 99/271/230 535/271/219 536/271/222 98/271/231
f 98/271/231 536/271/222 537/271/224 97/271/232
f 97/271/232 537/271/224 189/271/197 18/271/196
f 537/271/224 540/271/223 190/271/201 189/271/197
f 1104/271/202 190/271/201 540/271/223 1102/271/227
f 1098/271/226 538/271/220 188/271/233 1096/271/234
f 187/271/229 188/271/233 538/271/220 535/271/219
f 541/271/235 544/271/236 545/271/237 542/271/238
f 542/271/238 545/271/237 546/271/239 543/271/240
f 545/271/237 544/271/236 1071/271/241 1073/271/242
f 546/271/239 545/271/237 1073/271/242 1075/271/243
f 30/271/244 213/271/245 541/271/235 138/271/246
f 138/271/246 541/271/235 542/271/238 137/271/247
f 137/271/247 542/271/238 543/271/240 136/271/248
f 136/271/248 543/271/240 215/271/213 31/271/212
f 543/271/240 546/271/239 216/271/217 215/271/213
f 216/271/217 546/271/239 1075/271/243 1094/271/218
f 544/271/236 214/271/249 1070/271/250 1071/271/241
f 213/271/245 214/271/249 544/271/236 541/271/235
f 547/271/251 550/271/252 551/271/253 548/271/254
f 548/271/254 551/271/253 552/271/255 549/271/256
f 1099/271/257 551/271/253 550/271/252 1101/271/258
f 1097/271/259 552/271/255 551/271/253 1099/271/257
f 16/271/260 185/271/261 547/271/251 96/271/262
f 96/271/262 547/271/251 548/271/254 95/271/263
f 95/271/263 548/271/254 549/271/256 94/271/264
f 94/271/264 549/271/256 187/271/229 17/271/228
f 549/271/256 552/271/255 188/271/233 187/271/229
f 1096/271/234 188/271/233 552/271/255 1097/271/259
f 1101/271/258 550/271/252 186/271/265 1103/271/266
f 185/271/261 186/271/265 550/271/252 547/271/251
f 553/271/267 556/271/268 557/271/269 554/271/270
f 554/271/270 557/271/269 558/271/271 555/271/272
f 557/271/269 556/271/268 1064/271/273 1066/271/274
f 558/271/271 557/271/269 1066/271/274 1067/271/275
f 29/271/276 211/271/277 553/271/267 135/271/278
f 135/271/278 553/271/267 554/271/270 134/271/279
f 134/271/279 554/271/270 555/271/272 133/271/280
f 133/271/280 555/271/272 213/271/245 30/271/244
f 555/271/272 558/271/271 214/271/249 213/271/245
f 214/271/249 558/271/271 1067/271/275 1070/271/250
f 556/271/268 212/271/281 1095/271/282 1064/271/273
f 211/271/277 212/271/281 556/271/268 553/271/267
f 559/271/283 562/271/284 563/271/285 560/271/286
f 560/271/286 563/271/285 564/271/287 561/271/288
f 1109/271/289 563/271/285 562/271/284 1107/271/290
f 1105/271/291 564/271/287 563/271/285 1109/271/289
f 15/271/292 183/271/293 559/271/283 93/271/294
f 93/271/294 559/271/283 560/271/286 92/271/295
f 92/271/295 560/271/286 561/271/288 91/271/296
f 91/271/296 561/271/288 185/271/261 16/271/260
f 561/271/288 564/271/287 186/271/265 185/271/261
f 1103/271/266 186/271/265 564/271/287 1105/271/291
f 1107/271/290 562/271/284 184/271/297 1111/271/298
f 183/271/293 184/271/297 562/271/284 559/271/283
f 565/271/299 568/271/300 569/271/301 566/271/302
f 566/271/302 569/271/301 570/271/303 567/271/304
f 1062/271/305 569/271/301 568/271/300 1061/271/306
f 1063/271/307 570/271/303 569/271/301 1062/271/305
f 28/271/308 209/271/309 565/271/299 132/271/310
f 132/271/310 565/271/299 566/271/302 131/271/311
f 131/271/311 566/271/302 567/271/304 130/271/312
f 130/271/312 567/271/304 211/271/277 29/271/276
f 567/271/304 570/271/303 212/271/281 211/271/277
f 1095/271/282 212/271/281 570/271/303 1063/271/307
f 1061/271/306 568/271/300 210/271/313 1060/271/314
f 209/271/309 210/271/313 568/271/300 565/271/299
f 571/271/315 574/271/316 575/271/317 572/271/318
f 572/271/318 575/271/317 576/271/319 573/271/320
f 1138/271/321 575/271/317 574/271/316 1137/271/322
f 1136/271/323 576/271/319 575/271/317 1138/271/321
f 6/271/41 173/271/62 571/271/315 78/271/324
f 78/271/324 571/271/315 572/271/318 77/271/325
f 77/271/325 572/271/318 573/271/320 76/271/326
f 76/271/326 573/271/320 175/271/327 9/271/328
f 573/271/320 576/271/319 176/271/329 175/271/327
f 1144/271/330 176/271/329 576/271/319 1136/271/323
f 1137/271/322 574/271/316 174/271/63 1143/271/64
f 173/271/62 174/271/63 574/271/316 571/271/315
f 577/271/331 580/271/332 581/271/333 578/271/334
f 578/271/334 581/271/333 582/271/335 579/271/336
f 1118/271/337 581/271/333 580/271/332 1116/271/338
f 1113/271/339 582/271/335 581/271/333 1118/271/337
f 14/271/340 181/271/341 577/271/331 90/271/342
f 90/271/342 577/271/331 578/271/334 89/271/343
f 89/271/343 578/271/334 579/271/336 88/271/344
f 88/271/344 579/271/336 183/271/293 15/271/292
f 579/271/336 582/271/335 184/271/297 183/271/293
f 1111/271/298 184/271/297 582/271/335 1113/271/339
f 1116/271/338 580/271/332 182/271/345 1115/271/346
f 181/271/341 182/271/345 580/271/332 577/271/331
f 583/271/347 586/271/348 587/271/349 584/271/350
f 584/271/350 587/271/349 588/271/351 585/271/352
f 1058/271/353 587/271/349 586/271/348 1057/271/354
f 1059/271/355 588/271/351 587/271/349 1058/271/353
f 27/271/356 207/271/357 583/271/347 129/271/358
f 129/271/358 583/271/347 584/271/350 128/271/359
f 128/271/359 584/271/350 585/271/352 127/271/360
f 127/271/360 585/271/352 209/271/309 28/271/308
f 585/271/352 588/271/351 210/271/313 209/271/309
f 1060/271/314 210/271/313 588/271/351 1059/271/355
f 1057/271/354 586/271/348 208/271/361 1056/271/362
f 207/271/357 208/271/361 586/271/348 583/271/347
f 589/271/363 592/271/364 593/271/365 590/271/366
f 590/271/366 593/271/365 594/271/367 591/271/368
f 1121/271/369 593/271/365 592/271/364 1123/271/370
f 1120/271/371 594/271/367 593/271/365 1121/271/369
f 13/271/372 179/271/373 589/271/363 87/271/374
f 87/271/374 589/271/363 590/271/366 86/271/375
f 86/271/375 590/271/366 591/271/368 85/271/376
f 85/271/376 591/271/368 181/271/341 14/271/340
f 591/271/368 594/271/367 182/271/345 181/271/341
f 1115/271/346 182/271/345 594/271/367 1120/271/371
f 1123/271/370 592/271/364 180/271/377 1124/271/378
f 179/271/373 180/271/377 592/271/364 589/271/363
f 595/271/379 598/271/380 599/271/381 596/271/382
f 596/271/382 599/271/381 600/271/383 597/271/384
f 1054/271/385 599/271/381 598/271/380 1053/271/386
f 1055/271/387 600/271/383 599/271/381 1054/271/385
f 26/271/388 205/271/389 595/271/379 126/271/390
f 126/271/390 595/271/379 596/271/382 125/271/391
f 125/271/391 596/271/382 597/271/384 124/271/392
f 124/271/392 597/271/384 207/271/357 27/271/356
f 597/271/384 600/271/383 208/271/361 207/271/357
f 1056/271/362 208/271/361 600/271/383 1055/271/387
f 1053/271/386 598/271/380 206/271/393 1052/271/394
f 205/271/389 206/271/393 598/271/380 595/271/379
f 601/271/395 604/271/396 605/271/397 602/271/398
f 602/271/398 605/271/397 606/271/399 603/271/400
f 605/271/397 604/271/396 1151/271/401 1150/271/402
f 606/271/399 605/271/397 1150/271/402 1149/271/403
f 39/271/404 231/271/405 601/271/395 165/271/406
f 165/271/406 601/271/395 602/271/398 164/271/407
f 164/271/407 602/271/398 603/271/400 163/271/408
f 163/271/408 603/271/400 172/271/409 40/271/22
f 603/271/400 606/271/399 171/271/410 172/271/409
f 171/271/410 606/271/399 1149/271/403 1148/271/411
f 604/271/396 232/271/412 1152/271/413 1151/271/401
f 231/271/405 232/271/412 604/271/396 601/271/395
f 607/271/414 610/271/415 611/271/416 608/271/417
f 608/271/417 611/271/416 612/271/418 609/271/419
f 1130/271/420 611/271/416 610/271/415 1131/271/421
f 1129/271/422 612/271/418 611/271/416 1130/271/420
f 12/271/423 177/271/424 607/271/414 84/271/425
f 84/271/425 607/271/414 608/271/417 83/271/426
f 83/271/426 608/271/417 609/271/419 82/271/427
f 82/271/427 609/271/419 179/271/373 13/271/372
f 609/271/419 612/271/418 180/271/377 179/271/373
f 1124/271/378 180/271/377 612/271/418 1129/271/422
f 1131/271/421 610/271/415 178/271/428 1132/271/429
f 177/271/424 178/271/428 610/271/415 607/271/414
f 613/271/430 616/271/431 617/271/432 614/271/433
f 614/271/433 617/271/432 618/271/434 615/271/435
f 1050/271/436 617/271/432 616/271/431 1049/271/437
f 1051/271/438 618/271/434 617/271/432 1050/271/436
f 25/271/439 203/271/440 613/271/430 123/271/441
f 123/271/441 613/271/430 614/271/433 122/271/442
f 122/271/442 614/271/433 615/271/435 121/271/443
f 121/271/443 615/271/435 205/271/389 26/271/388
f 615/271/435 618/271/434 206/271/393 205/271/389
f 1052/271/394 206/271/393 618/271/434 1051/271/438
f 1049/271/437 616/271/431 204/271/444 1048/271/445
f 203/271/440 204/271/444 616/271/431 613/271/430
f 619/271/446 622/271/447 623/271/448 620/271/449
f 620/271/449 623/271/448 624/271/450 621/271/451
f 623/271/448 622/271/447 1155/271/452 1154/271/453
f 624/271/450 623/271/448 1154/271/453 1153/271/454
f 38/271/455 229/271/456 619/271/446 162/271/457
f 162/271/457 619/271/446 620/271/449 161/271/458
f 161/271/458 620/271/449 621/271/451 160/271/459
f 160/271/459 621/271/451 231/271/405 39/271/404
f 621/271/451 624/271/450 232/271/412 231/271/405
f 232/271/412 624/271/450 1153/271/454 1152/271/413
f 622/271/447 230/271/460 1156/271/461 1155/271/452
f 229/271/456 230/271/460 622/271/447 619/271/446
f 625/271/462 628/271/463 629/271/464 626/271/465
f 626/271/465 629/271/464 630/271/466 627/271/467
f 1134/271/468 629/271/464 628/271/463 1135/271/469
f 1133/271/470 630/271/466 629/271/464 1134/271/468
f 9/271/328 175/271/327 625/271/462 81/271/471
f 81/271/471 625/271/462 626/271/465 80/271/472
f 80/271/472 626/271/465 627/271/467 79/271/473
f 79/271/473 627/271/467 177/271/424 12/271/423
f 627/271/467 630/271/466 178/271/428 177/271/424
f 1132/271/429 178/271/428 630/271/466 1133/271/470
f 1135/271/469 628/271/463 176/271/329 1144/271/330
f 175/271/327 176/271/329 628/271/463 625/271/462
f 631/271/474 634/271/475 635/271/476 632/271/477
f 632/271/477 635/271/476 636/271/478 633/271/479
f 1046/271/480 635/271/476 634/271/475 1045/271/481
f 1047/271/482 636/271/478 635/271/476 1046/271/480
f 24/271/483 201/271/484 631/271/474 120/271/485
f 120/271/485 631/271/474 632/271/477 119/271/486
f 119/271/486 632/271/477 633/271/479 118/271/487
f 118/271/487 633/271/479 203/271/440 25/271/439
f 633/271/479 636/271/478 204/271/444 203/271/440
f 1048/271/445 204/271/444 636/271/478 1047/271/482
f 1045/271/481 634/271/475 202/271/488 1044/271/489
f 201/271/484 202/271/488 634/271/475 631/271/474
f 637/271/490 640/271/491 641/271/492 638/271/493
f 638/271/493 641/271/492 642/271/494 639/271/495
f 641/271/492 640/271/491 1159/271/496 1158/271/497
f 642/271/494 641/271/492 1158/271/497 1157/271/498
f 37/271/499 227/271/500 637/271/490 159/271/501
f 159/271/501 637/271/490 638/271/493 158/271/502
f 158/271/502 638/271/493 639/271/495 157/271/503
f 157/271/503 639/271/495 229/271/456 38/271/455
f 639/271/495 642/271/494 230/271/460 229/271/456
f 230/271/460 642/271/494 1157/271/498 1156/271/461
f 640/271/491 228/271/504 1160/271/505 1159/271/496
f 227/271/500 228/271/504 640/271/491 637/271/490
f 643/271/506 646/271/507 647/271/508 644/271/509
f 644/271/509 647/271/508 648/271/510 645/271/511
f 1042/271/512 647/271/508 646/271/507 1041/271/513
f 1043/271/514 648/271/510 647/271/508 1042/271/512
f 23/271/515 199/271/516 643/271/506 117/271/517
f 117/271/517 643/271/506 644/271/509 116/271/518
f 116/271/518 644/271/509 645/271/511 115/271/519
f 115/271/519 645/271/511 201/271/484 24/271/483
f 645/271/511 648/271/510 202/271/488 201/271/484
f 1044/271/489 202/271/488 648/271/510 1043/271/514
f 1041/271/513 646/271/507 200/271/520 1040/271/521
f 199/271/516 200/271/520 646/271/507 643/271/506
f 649/271/522 652/271/523 653/271/524 650/271/525
f 650/271/525 653/271/524 654/271/526 651/271/527
f 1069/271/528 653/271/524 652/271/523 1068/271/529
f 1065/271/530 654/271/526 653/271/524 1069/271/528
f 36/271/82 225/271/81 649/271/522 156/271/531
f 156/271/531 649/271/522 650/271/525 155/271/532
f 155/271/532 650/271/525 651/271/527 154/271/533
f 154/271/533 651/271/527 227/271/500 37/271/499
f 651/271/527 654/271/526 228/271/504 227/271/500
f 228/271/504 654/271/526 1065/271/530 1160/271/505
f 1068/271/529 652/271/523 226/271/83 1077/271/84
f 225/271/81 226/271/83 652/271/523 649/271/522
f 655/271/534 658/271/535 659/271/536 656/271/537
f 656/271/537 659/271/536 660/271/538 657/271/539
f 1038/271/540 659/271/536 658/271/535 1037/271/541
f 1039/271/542 660/271/538 659/271/536 1038/271/540
f 22/271/102 197/271/101 655/271/534 114/271/543
f 114/271/543 655/271/534 656/271/537 113/271/544
f 113/271/544 656/271/537 657/271/539 112/271/545
f 112/271/545 657/271/539 199/271/516 23/271/515
f 657/271/539 660/271/538 200/271/520 199/271/516
f 1040/271/521 200/271/520 660/271/538 1039/271/542
f 1037/271/541 658/271/535 198/271/103 1036/271/104
f 197/271/101 198/271/103 658/271/535 655/271/534
f 661/271/546 664/271/547 665/271/548 662/271/549
f 662/271/549 665/271/548 666/271/550 663/271/551
f 665/271/548 664/271/547 1147/271/552 1146/271/553
f 666/271/550 665/271/548 1146/271/553 1145/271/554
f 40/271/22 172/271/409 661/271/546 168/271/20
f 168/271/20 661/271/546 662/271/549 167/271/19
f 167/271/19 662/271/549 663/271/551 166/271/18
f 166/271/18 663/271/551 170/271/61 1/271/16
f 663/271/551 666/271/550 169/271/65 170/271/61
f 1140/271/66 169/271/65 666/271/550 1145/271/554
f 664/271/547 171/271/410 1148/271/411 1147/271/552
f 172/271/409 171/271/410 664/271/547 661/271/546
f 667/271/555 670/271/556 671/271/557 668/271/558
f 668/271/558 671/271/557 672/271/559 669/271/560
f 670/271/556 673/271/561 674/271/562 671/271/557
f 671/271/557 674/271/562 675/271/563 672/271/559
f 40/271/22 364/271/21 667/271/555 163/271/408
f 163/271/408 667/271/555 668/271/558 164/271/407
f 164/271/407 668/271/558 669/271/560 165/271/406
f 165/271/406 669/271/560 456/271/564 39/271/404
f 669/271/560 672/271/559 455/271/565 456/271/564
f 672/271/559 675/271/563 454/271/566 455/271/565
f 675/271/563 357/271/567 71/271/568 454/271/566
f 674/271/562 356/271/569 357/271/567 675/271/563
f 673/271/561 355/271/570 356/271/569 674/271/562
f 366/271/24 72/271/26 355/271/570 673/271/561
f 365/271/23 366/271/24 673/271/561 670/271/556
f 364/271/21 365/271/23 670/271/556 667/271/555
f 676/271/571 679/271/572 680/271/573 677/271/574
f 677/271/574 680/271/573 681/271/575 678/271/576
f 679/271/572 682/271/577 683/271/578 680/271/573
f 680/271/573 683/271/578 684/271/579 681/271/575
f 39/271/404 456/271/564 676/271/571 160/271/459
f 160/271/459 676/271/571 677/271/574 161/271/458
f 161/271/458 677/271/574 678/271/576 162/271/457
f 162/271/457 678/271/576 453/271/580 38/271/455
f 678/271/576 681/271/575 452/271/581 453/271/580
f 681/271/575 684/271/579 451/271/582 452/271/581
f 684/271/579 353/271/583 70/271/584 451/271/582
f 683/271/578 352/271/585 353/271/583 684/271/579
f 682/271/577 351/271/586 352/271/585 683/271/578
f 454/271/566 71/271/568 351/271/586 682/271/577
f 455/271/565 454/271/566 682/271/577 679/271/572
f 456/271/564 455/271/565 679/271/572 676/271/571
f 685/271/587 688/271/588 689/271/589 686/271/590
f 686/271/590 689/271/589 690/271/591 687/271/592
f 688/271/588 691/271/593 692/271/594 689/271/589
f 689/271/589 692/271/594 693/271/595 690/271/591
f 38/271/455 453/271/580 685/271/587 157/271/503
f 157/271/503 685/271/587 686/271/590 158/271/502
f 158/271/502 686/271/590 687/271/592 159/271/501
f 159/271/501 687/271/592 450/271/596 37/271/499
f 687/271/592 690/271/591 449/271/597 450/271/596
f 690/271/591 693/271/595 448/271/598 449/271/597
f 693/271/595 349/271/599 69/271/600 448/271/598
f 692/271/594 348/271/601 349/271/599 693/271/595
f 691/271/593 347/271/602 348/271/601 692/271/594
f 451/271/582 70/271/584 347/271/602 691/271/593
f 452/271/581 451/271/582 691/271/593 688/271/588
f 453/271/580 452/271/581 688/271/588 685/271/587
f 694/271/603 697/271/604 698/271/605 695/271/606
f 695/271/606 698/271/605 699/271/607 696/271/608
f 697/271/604 700/271/609 701/271/610 698/271/605
f 698/271/605 701/271/610 702/271/611 699/271/607
f 37/271/499 450/271/596 694/271/603 154/271/533
f 154/271/533 694/271/603 695/271/606 155/271/532
f 155/271/532 695/271/606 696/271/608 156/271/531
f 156/271/531 696/271/608 447/271/612 36/271/82
f 696/271/608 699/271/607 446/271/613 447/271/612
f 699/271/607 702/271/611 445/271/614 446/271/613
f 702/271/611 345/271/615 68/271/616 445/271/614
f 701/271/610 344/271/617 345/271/615 702/271/611
f 700/271/609 343/271/618 344/271/617 701/271/610
f 448/271/598 69/271/600 343/271/618 700/271/609
f 449/271/597 448/271/598 700/271/609 697/271/604
f 450/271/596 449/271/597 697/271/604 694/271/603
f 703/271/619 706/271/620 707/271/621 704/271/622
f 704/271/622 707/271/621 708/271/623 705/271/624
f 706/271/620 709/271/625 710/271/626 707/271/621
f 707/271/621 710/271/626 711/271/627 708/271/623
f 36/271/82 447/271/612 703/271/619 151/271/80
f 151/271/80 703/271/619 704/271/622 152/271/79
f 152/271/79 704/271/622 705/271/624 153/271/78
f 153/271/78 705/271/624 444/271/628 35/271/76
f 705/271/624 708/271/623 443/271/629 444/271/628
f 708/271/623 711/271/627 442/271/630 443/271/629
f 711/271/627 341/271/631 67/271/632 442/271/630
f 710/271/626 340/271/633 341/271/631 711/271/627
f 709/271/625 339/271/634 340/271/633 710/271/626
f 445/271/614 68/271/616 339/271/634 709/271/625
f 446/271/613 445/271/614 709/271/625 706/271/620
f 447/271/612 446/271/613 706/271/620 703/271/619
f 712/271/635 715/271/636 716/271/637 713/271/638
f 713/271/638 716/271/637 717/271/639 714/271/640
f 715/271/636 718/271/641 719/271/642 716/271/637
f 716/271/637 719/271/642 720/271/643 717/271/639
f 35/271/76 444/271/628 712/271/635 148/271/120
f 148/271/120 712/271/635 713/271/638 149/271/119
f 149/271/119 713/271/638 714/271/640 150/271/118
f 150/271/118 714/271/640 441/271/644 34/271/116
f 714/271/640 717/271/639 440/271/645 441/271/644
f 717/271/639 720/271/643 439/271/646 440/271/645
f 720/271/643 337/271/647 66/271/648 439/271/646
f 719/271/642 336/271/649 337/271/647 720/271/643
f 718/271/641 335/271/650 336/271/649 719/271/642
f 442/271/630 67/271/632 335/271/650 718/271/641
f 443/271/629 442/271/630 718/271/641 715/271/636
f 444/271/628 443/271/629 715/271/636 712/271/635
f 721/271/651 724/271/652 725/271/653 722/271/654
f 722/271/654 725/271/653 726/271/655 723/271/656
f 724/271/652 727/271/657 728/271/658 725/271/653
f 725/271/653 728/271/658 729/271/659 726/271/655
f 34/271/116 441/271/644 721/271/651 145/271/152
f 145/271/152 721/271/651 722/271/654 146/271/151
f 146/271/151 722/271/654 723/271/656 147/271/150
f 147/271/150 723/271/656 438/271/660 33/271/148
f 723/271/656 726/271/655 437/271/661 438/271/660
f 726/271/655 729/271/659 436/271/662 437/271/661
f 729/271/659 333/271/663 65/271/664 436/271/662
f 728/271/658 332/271/665 333/271/663 729/271/659
f 727/271/657 331/271/666 332/271/665 728/271/658
f 439/271/646 66/271/648 331/271/666 727/271/657
f 440/271/645 439/271/646 727/271/657 724/271/652
f 441/271/644 440/271/645 724/271/652 721/271/651
f 730/271/667 733/271/668 734/271/669 731/271/670
f 731/271/670 734/271/669 735/271/671 732/271/672
f 733/271/668 736/271/673 737/271/674 734/271/669
f 734/271/669 737/271/674 738/271/675 735/271/671
f 33/271/148 438/271/660 730/271/667 142/271/184
f 142/271/184 730/271/667 731/271/670 143/271/183
f 143/271/183 731/271/670 732/271/672 144/271/182
f 144/271/182 732/271/672 435/271/676 32/271/180
f 732/271/672 735/271/671 434/271/677 435/271/676
f 735/271/671 738/271/675 433/271/678 434/271/677
f 738/271/675 329/271/679 64/271/680 433/271/678
f 737/271/674 328/271/681 329/271/679 738/271/675
f 736/271/673 327/271/682 328/271/681 737/271/674
f 436/271/662 65/271/664 327/271/682 736/271/673
f 437/271/661 436/271/662 736/271/673 733/271/668
f 438/271/660 437/271/661 733/271/668 730/271/667
f 739/271/683 742/271/684 743/271/685 740/271/686
f 740/271/686 743/271/685 744/271/687 741/271/688
f 742/271/684 745/271/689 746/271/690 743/271/685
f 743/271/685 746/271/690 747/271/691 744/271/687
f 32/271/180 435/271/676 739/271/683 139/271/216
f 139/271/216 739/271/683 740/271/686 140/271/215
f 140/271/215 740/271/686 741/271/688 141/271/214
f 141/271/214 741/271/688 432/271/692 31/271/212
f 741/271/688 744/271/687 431/271/693 432/271/692
f 744/271/687 747/271/691 430/271/694 431/271/693
f 747/271/691 325/271/695 63/271/696 430/271/694
f 746/271/690 324/271/697 325/271/695 747/271/691
f 745/271/689 323/271/698 324/271/697 746/271/690
f 433/271/678 64/271/680 323/271/698 745/271/689
f 434/271/677 433/271/678 745/271/689 742/271/684
f 435/271/676 434/271/677 742/271/684 739/271/683
f 748/271/699 751/271/700 752/271/701 749/271/702
f 749/271/702 752/271/701 753/271/703 750/271/704
f 751/271/700 754/271/705 755/271/706 752/271/701
f 752/271/701 755/271/706 756/271/707 753/271/703
f 31/271/212 432/271/692 748/271/699 136/271/248
f 136/271/248 748/271/699 749/271/702 137/271/247
f 137/271/247 749/271/702 750/271/704 138/271/246
f 138/271/246 750/271/704 429/271/708 30/271/244
f 750/271/704 753/271/703 428/271/709 429/271/708
f 753/271/703 756/271/707 427/271/710 428/271/709
f 756/271/707 321/271/711 62/271/712 427/271/710
f 755/271/706 320/271/713 321/271/711 756/271/707
f 754/271/705 319/271/714 320/271/713 755/271/706
f 430/271/694 63/271/696 319/271/714 754/271/705
f 431/271/693 430/271/694 754/271/705 751/271/700
f 432/271/692 431/271/693 751/271/700 748/271/699
f 757/271/715 760/271/716 761/271/717 758/271/718
f 758/271/718 761/271/717 762/271/719 759/271/720
f 760/271/716 763/271/721 764/271/722 761/271/717
f 761/271/717 764/271/722 765/271/723 762/271/719
f 30/271/244 429/271/708 757/271/715 133/271/280
f 133/271/280 757/271/715 758/271/718 134/271/279
f 134/271/279 758/271/718 759/271/720 135/271/278
f 135/271/278 759/271/720 426/271/724 29/271/276
f 759/271/720 762/271/719 425/271/725 426/271/724
f 762/271/719 765/271/723 424/271/726 425/271/725
f 765/271/723 317/271/727 61/271/728 424/271/726
f 764/271/722 316/271/729 317/271/727 765/271/723
f 763/271/721 315/271/730 316/271/729 764/271/722
f 427/271/710 62/271/712 315/271/730 763/271/721
f 428/271/709 427/271/710 763/271/721 760/271/716
f 429/271/708 428/271/709 760/271/716 757/271/715
f 766/271/731 769/271/732 770/271/733 767/271/734
f 767/271/734 770/271/733 771/271/735 768/271/736
f 769/271/732 772/271/737 773/271/738 770/271/733
f 770/271/733 773/271/738 774/271/739 771/271/735
f 29/271/276 426/271/724 766/271/731 130/271/312
f 130/271/312 766/271/731 767/271/734 131/271/311
f 131/271/311 767/271/734 768/271/736 132/271/310
f 132/271/310 768/271/736 423/271/740 28/271/308
f 768/271/736 771/271/735 422/271/741 423/271/740
f 771/271/735 774/271/739 421/271/742 422/271/741
f 774/271/739 313/271/743 60/271/744 421/271/742
f 773/271/738 312/271/745 313/271/743 774/271/739
f 772/271/737 311/271/746 312/271/745 773/271/738
f 424/271/726 61/271/728 311/271/746 772/271/737
f 425/271/725 424/271/726 772/271/737 769/271/732
f 426/271/724 425/271/725 769/271/732 766/271/731
f 775/271/747 778/271/748 779/271/749 776/271/750
f 776/271/750 779/271/749 780/271/751 777/271/752
f 778/271/748 781/271/753 782/271/754 779/271/749
f 779/271/749 782/271/754 783/271/755 780/271/751
f 28/271/308 423/271/740 775/271/747 127/271/360
f 127/271/360 775/271/747 776/271/750 128/271/359
f 128/271/359 776/271/750 777/271/752 129/271/358
f 129/271/358 777/271/752 420/271/756 27/271/356
f 777/271/752 780/271/751 419/271/757 420/271/756
f 780/271/751 783/271/755 418/271/758 419/271/757
f 783/271/755 309/271/759 59/271/760 418/271/758
f 782/271/754 308/271/761 309/271/759 783/271/755
f 781/271/753 307/271/762 308/271/761 782/271/754
f 421/271/742 60/271/744 307/271/762 781/271/753
f 422/271/741 421/271/742 781/271/753 778/271/748
f 423/271/740 422/271/741 778/271/748 775/271/747
f 784/271/763 787/271/764 788/271/765 785/271/766
f 785/271/766 788/271/765 789/271/767 786/271/768
f 787/271/764 790/271/769 791/271/770 788/271/765
f 788/271/765 791/271/770 792/271/771 789/271/767
f 27/271/356 420/271/756 784/271/763 124/271/392
f 124/271/392 784/271/763 785/271/766 125/271/391
f 125/271/391 785/271/766 786/271/768 126/271/390
f 126/271/390 786/271/768 417/271/772 26/271/388
f 786/271/768 789/271/767 416/271/773 417/271/772
f 789/271/767 792/271/771 415/271/774 416/271/773
f 792/271/771 305/271/775 58/271/776 415/271/774
f 791/271/770 304/271/777 305/271/775 792/271/771
f 790/271/769 303/271/778 304/271/777 791/271/770
f 418/271/758 59/271/760 303/271/778 790/271/769
f 419/271/757 418/271/758 790/271/769 787/271/764
f 420/271/756 419/271/757 787/271/764 784/271/763
f 793/271/779 796/271/780 797/271/781 794/271/782
f 794/271/782 797/271/781 798/271/783 795/271/784
f 796/271/780 799/271/785 800/271/786 797/271/781
f 797/271/781 800/271/786 801/271/787 798/271/783
f 26/271/388 417/271/772 793/271/779 121/271/443
f 121/271/443 793/271/779 794/271/782 122/271/442
f 122/271/442 794/271/782 795/271/784 123/271/441
f 123/271/441 795/271/784 414/271/788 25/271/439
f 795/271/784 798/271/783 413/271/789 414/271/788
f 798/271/783 801/271/787 412/271/790 413/271/789
f 801/271/787 301/271/791 57/271/792 412/271/790
f 800/271/786 300/271/793 301/271/791 801/271/787
f 799/271/785 299/271/794 300/271/793 800/271/786
f 415/271/774 58/271/776 299/271/794 799/271/785
f 416/271/773 415/271/774 799/271/785 796/271/780
f 417/271/772 416/271/773 796/271/780 793/271/779
f 802/271/795 805/271/796 806/271/797 803/271/798
f 803/271/798 806/271/797 807/271/799 804/271/800
f 805/271/796 808/271/801 809/271/802 806/271/797
f 806/271/797 809/271/802 810/271/803 807/271/799
f 25/271/439 414/271/788 802/271/795 118/271/487
f 118/271/487 802/271/795 803/271/798 119/271/486
f 119/271/486 803/271/798 804/271/800 120/271/485
f 120/271/485 804/271/800 411/271/804 24/271/483
f 804/271/800 807/271/799 410/271/805 411/271/804
f 807/271/799 810/271/803 409/271/806 410/271/805
f 810/271/803 297/271/807 56/271/808 409/271/806
f 809/271/802 296/271/809 297/271/807 810/271/803
f 808/271/801 295/271/810 296/271/809 809/271/802
f 412/271/790 57/271/792 295/271/810 808/271/801
f 413/271/789 412/271/790 808/271/801 805/271/796
f 414/271/788 413/271/789 805/271/796 802/271/795
f 811/271/811 814/271/812 815/271/813 812/271/814
f 812/271/814 815/271/813 816/271/815 813/271/816
f 814/271/812 817/271/817 818/271/818 815/271/813
f 815/271/813 818/271/818 819/271/819 816/271/815
f 24/271/483 411/271/804 811/271/811 115/271/519
f 115/271/519 811/271/811 812/271/814 116/271/518
f 116/271/518 812/271/814 813/271/816 117/271/517
f 117/271/517 813/271/816 408/271/820 23/271/515
f 813/271/816 816/271/815 407/271/821 408/271/820
f 816/271/815 819/271/819 406/271/822 407/271/821
f 819/271/819 293/271/823 55/271/824 406/271/822
f 818/271/818 292/271/825 293/271/823 819/271/819
f 817/271/817 291/271/826 292/271/825 818/271/818
f 409/271/806 56/271/808 291/271/826 817/271/817
f 410/271/805 409/271/806 817/271/817 814/271/812
f 411/271/804 410/271/805 814/271/812 811/271/811
f 820/271/827 823/271/828 824/271/829 821/271/830
f 821/271/830 824/271/829 825/271/831 822/271/832
f 823/271/828 826/271/833 827/271/834 824/271/829
f 824/271/829 827/271/834 828/271/835 825/271/831
f 23/271/515 408/271/820 820/271/827 112/271/545
f 112/271/545 820/271/827 821/271/830 113/271/544
f 113/271/544 821/271/830 822/271/832 114/271/543
f 114/271/543 822/271/832 405/271/836 22/271/102
f 822/271/832 825/271/831 404/271/837 405/271/836
f 825/271/831 828/271/835 403/271/838 404/271/837
f 828/271/835 289/271/839 54/271/840 403/271/838
f 827/271/834 288/271/841 289/271/839 828/271/835
f 826/271/833 287/271/842 288/271/841 827/271/834
f 406/271/822 55/271/824 287/271/842 826/271/833
f 407/271/821 406/271/822 826/271/833 823/271/828
f 408/271/820 407/271/821 823/271/828 820/271/827
f 829/271/843 832/271/844 833/271/845 830/271/846
f 830/271/846 833/271/845 834/271/847 831/271/848
f 832/271/844 835/271/849 836/271/850 833/271/845
f 833/271/845 836/271/850 837/271/851 834/271/847
f 22/271/102 405/271/836 829/271/843 109/271/100
f 109/271/100 829/271/843 830/271/846 110/271/99
f 110/271/99 830/271/846 831/271/848 111/271/98
f 111/271/98 831/271/848 402/271/852 21/271/96
f 831/271/848 834/271/847 401/271/853 402/271/852
f 834/271/847 837/271/851 400/271/854 401/271/853
f 837/271/851 285/271/855 53/271/856 400/271/854
f 836/271/850 284/271/857 285/271/855 837/271/851
f 835/271/849 283/271/858 284/271/857 836/271/850
f 403/271/838 54/271/840 283/271/858 835/271/849
f 404/271/837 403/271/838 835/271/849 832/271/844
f 405/271/836 404/271/837 832/271/844 829/271/843
f 838/271/859 841/271/860 842/271/861 839/271/862
f 839/271/862 842/271/861 843/271/863 840/271/864
f 841/271/860 844/271/865 845/271/866 842/271/861
f 842/271/861 845/271/866 846/271/867 843/271/863
f 21/271/96 402/271/852 838/271/859 106/271/136
f 106/271/136 838/271/859 839/271/862 107/271/135
f 107/271/135 839/271/862 840/271/864 108/271/134
f 108/271/134 840/271/864 399/271/868 20/271/132
f 840/271/864 843/271/863 398/271/869 399/271/868
f 843/271/863 846/271/867 397/271/870 398/271/869
f 846/271/867 281/271/871 52/271/872 397/271/870
f 845/271/866 280/271/873 281/271/871 846/271/867
f 844/271/865 279/271/874 280/271/873 845/271/866
f 400/271/854 53/271/856 279/271/874 844/271/865
f 401/271/853 400/271/854 844/271/865 841/271/860
f 402/271/852 401/271/853 841/271/860 838/271/859
f 847/271/875 850/271/876 851/271/877 848/271/878
f 848/271/878 851/271/877 852/271/879 849/271/880
f 850/271/876 853/271/881 854/271/882 851/271/877
f 851/271/877 854/271/882 855/271/883 852/271/879
f 20/271/132 399/271/868 847/271/875 103/271/168
f 103/271/168 847/271/875 848/271/878 104/271/167
f 104/271/167 848/271/878 849/271/880 105/271/166
f 105/271/166 849/271/880 396/271/884 19/271/164
f 849/271/880 852/271/879 395/271/885 396/271/884
f 852/271/879 855/271/883 394/271/886 395/271/885
f 855/271/883 277/271/887 51/271/888 394/271/886
f 854/271/882 276/271/889 277/271/887 855/271/883
f 853/271/881 275/271/890 276/271/889 854/271/882
f 397/271/870 52/271/872 275/271/890 853/271/881
f 398/271/869 397/271/870 853/271/881 850/271/876
f 399/271/868 398/271/869 850/271/876 847/271/875
f 856/271/891 859/271/892 860/271/893 857/271/894
f 857/271/894 860/271/893 861/271/895 858/271/896
f 859/271/892 862/271/897 863/271/898 860/271/893
f 860/271/893 863/271/898 864/271/899 861/271/895
f 19/271/164 396/271/884 856/271/891 100/271/200
f 100/271/200 856/271/891 857/271/894 101/271/199
f 101/271/199 857/271/894 858/271/896 102/271/198
f 102/271/198 858/271/896 393/271/900 18/271/196
f 858/271/896 861/271/895 392/271/901 393/271/900
f 861/271/895 864/271/899 391/271/902 392/271/901
f 864/271/899 273/271/903 50/271/904 391/271/902
f 863/271/898 272/271/905 273/271/903 864/271/899
f 862/271/897 271/271/906 272/271/905 863/271/898
f 394/271/886 51/271/888 271/271/906 862/271/897
f 395/271/885 394/271/886 862/271/897 859/271/892
f 396/271/884 395/271/885 859/271/892 856/271/891
f 865/271/907 868/271/908 869/271/909 866/271/910
f 866/271/910 869/271/909 870/271/911 867/271/912
f 868/271/908 871/271/913 872/271/914 869/271/909
f 869/271/909 872/271/914 873/271/915 870/271/911
f 18/271/196 393/271/900 865/271/907 97/271/232
f 97/271/232 865/271/907 866/271/910 98/271/231
f 98/271/231 866/271/910 867/271/912 99/271/230
f 99/271/230 867/271/912 390/271/916 17/271/228
f 867/271/912 870/271/911 389/271/917 390/271/916
f 870/271/911 873/271/915 388/271/918 389/271/917
f 873/271/915 269/271/919 49/271/920 388/271/918
f 872/271/914 268/271/921 269/271/919 873/271/915
f 871/271/913 267/271/922 268/271/921 872/271/914
f 391/271/902 50/271/904 267/271/922 871/271/913
f 392/271/901 391/271/902 871/271/913 868/271/908
f 393/271/900 392/271/901 868/271/908 865/271/907
f 874/271/923 877/271/924 878/271/925 875/271/926
f 875/271/926 878/271/925 879/271/927 876/271/928
f 877/271/924 880/271/929 881/271/930 878/271/925
f 878/271/925 881/271/930 882/271/931 879/271/927
f 17/271/228 390/271/916 874/271/923 94/271/264
f 94/271/264 874/271/923 875/271/926 95/271/263
f 95/271/263 875/271/926 876/271/928 96/271/262
f 96/271/262 876/271/928 387/271/932 16/271/260
f 876/271/928 879/271/927 386/271/933 387/271/932
f 879/271/927 882/271/931 385/271/934 386/271/933
f 882/271/931 265/271/935 48/271/936 385/271/934
f 881/271/930 264/271/937 265/271/935 882/271/931
f 880/271/929 263/271/938 264/271/937 881/271/930
f 388/271/918 49/271/920 263/271/938 880/271/929
f 389/271/917 388/271/918 880/271/929 877/271/924
f 390/271/916 389/271/917 877/271/924 874/271/923
f 883/271/939 886/271/940 887/271/941 884/271/942
f 884/271/942 887/271/941 888/271/943 885/271/944
f 886/271/940 889/271/945 890/271/946 887/271/941
f 887/271/941 890/271/946 891/271/947 888/271/943
f 16/271/260 387/271/932 883/271/939 91/271/296
f 91/271/296 883/271/939 884/271/942 92/271/295
f 92/271/295 884/271/942 885/271/944 93/271/294
f 93/271/294 885/271/944 384/271/948 15/271/292
f 885/271/944 888/271/943 383/271/949 384/271/948
f 888/271/943 891/271/947 382/271/950 383/271/949
f 891/271/947 261/271/951 47/271/952 382/271/950
f 890/271/946 260/271/953 261/271/951 891/271/947
f 889/271/945 259/271/954 260/271/953 890/271/946
f 385/271/934 48/271/936 259/271/954 889/271/945
f 386/271/933 385/271/934 889/271/945 886/271/940
f 387/271/932 386/271/933 886/271/940 883/271/939
f 892/271/955 895/271/956 896/271/957 893/271/958
f 893/271/958 896/271/957 897/271/959 894/271/960
f 895/271/956 898/271/961 899/271/962 896/271/957
f 896/271/957 899/271/962 900/271/963 897/271/959
f 15/271/292 384/271/948 892/271/955 88/271/344
f 88/271/344 892/271/955 893/271/958 89/271/343
f 89/271/343 893/271/958 894/271/960 90/271/342
f 90/271/342 894/271/960 381/271/964 14/271/340
f 894/271/960 897/271/959 380/271/965 381/271/964
f 897/271/959 900/271/963 379/271/966 380/271/965
f 900/271/963 257/271/967 46/271/968 379/271/966
f 899/271/962 256/271/969 257/271/967 900/271/963
f 898/271/961 255/271/970 256/271/969 899/271/962
f 382/271/950 47/271/952 255/271/970 898/271/961
f 383/271/949 382/271/950 898/271/961 895/271/956
f 384/271/948 383/271/949 895/271/956 892/271/955
f 901/271/971 904/271/972 905/271/973 902/271/974
f 902/271/974 905/271/973 906/271/975 903/271/976
f 904/271/972 907/271/977 908/271/978 905/271/973
f 905/271/973 908/271/978 909/271/979 906/271/975
f 14/271/340 381/271/964 901/271/971 85/271/376
f 85/271/376 901/271/971 902/271/974 86/271/375
f 86/271/375 902/271/974 903/271/976 87/271/374
f 87/271/374 903/271/976 378/271/980 13/271/372
f 903/271/976 906/271/975 377/271/981 378/271/980
f 906/271/975 909/271/979 376/271/982 377/271/981
f 909/271/979 253/271/983 45/271/984 376/271/982
f 908/271/978 252/271/985 253/271/983 909/271/979
f 907/271/977 251/271/986 252/271/985 908/271/978
f 379/271/966 46/271/968 251/271/986 907/271/977
f 380/271/965 379/271/966 907/271/977 904/271/972
f 381/271/964 380/271/965 904/271/972 901/271/971
f 910/271/987 913/271/988 914/271/989 911/271/990
f 911/271/990 914/271/989 915/271/991 912/271/992
f 913/271/988 916/271/993 917/271/994 914/271/989
f 914/271/989 917/271/994 918/271/995 915/271/991
f 13/271/372 378/271/980 910/271/987 82/271/427
f 82/271/427 910/271/987 911/271/990 83/271/426
f 83/271/426 911/271/990 912/271/992 84/271/425
f 84/271/425 912/271/992 375/271/996 12/271/423
f 912/271/992 915/271/991 374/271/997 375/271/996
f 915/271/991 918/271/995 373/271/998 374/271/997
f 918/271/995 249/271/999 44/271/1000 373/271/998
f 917/271/994 248/271/1001 249/271/999 918/271/995
f 916/271/993 247/271/1002 248/271/1001 917/271/994
f 376/271/982 45/271/984 247/271/1002 916/271/993
f 377/271/981 376/271/982 916/271/993 913/271/988
f 378/271/980 377/271/981 913/271/988 910/271/987
f 919/271/1003 922/271/1004 923/271/1005 920/271/1006
f 920/271/1006 923/271/1005 924/271/1007 921/271/1008
f 922/271/1004 925/271/1009 926/271/1010 923/271/1005
f 923/271/1005 926/271/1010 927/271/1011 924/271/1007
f 12/271/423 375/271/996 919/271/1003 79/271/473
f 79/271/473 919/271/1003 920/271/1006 80/271/472
f 80/271/472 920/271/1006 921/271/1008 81/271/471
f 81/271/471 921/271/1008 372/271/1012 9/271/328
f 921/271/1008 924/271/1007 371/271/1013 372/271/1012
f 924/271/1007 927/271/1011 370/271/1014 371/271/1013
f 927/271/1011 245/271/1015 43/271/1016 370/271/1014
f 926/271/1010 244/271/1017 245/271/1015 927/271/1011
f 925/271/1009 243/271/1018 244/271/1017 926/271/1010
f 373/271/998 44/271/1000 243/271/1018 925/271/1009
f 374/271/997 373/271/998 925/271/1009 922/271/1004
f 375/271/996 374/271/997 922/271/1004 919/271/1003
f 928/271/1019 931/271/1020 932/271/1021 929/271/1022
f 929/271/1022 932/271/1021 933/271/1023 930/271/1024
f 931/271/1020 934/271/1025 935/271/1026 932/271/1021
f 932/271/1021 935/271/1026 936/271/1027 933/271/1023
f 9/271/328 372/271/1012 928/271/1019 76/271/326
f 76/271/326 928/271/1019 929/271/1022 77/271/325
f 77/271/325 929/271/1022 930/271/1024 78/271/324
f 78/271/324 930/271/1024 369/271/42 6/271/41
f 930/271/1024 933/271/1023 368/271/51 369/271/42
f 933/271/1023 936/271/1027 367/271/49 368/271/51
f 936/271/1027 241/271/1028 42/271/50 367/271/49
f 935/271/1026 240/271/1029 241/271/1028 936/271/1027
f 934/271/1025 239/271/1030 240/271/1029 935/271/1026
f 370/271/1014 43/271/1016 239/271/1030 934/271/1025
f 371/271/1013 370/271/1014 934/271/1025 931/271/1020
f 372/271/1012 371/271/1013 931/271/1020 928/271/1019
f 937/271/1031 938/271/1032 1239/271/1033 1238/271/1034
f 938/271/1032 939/271/1035 1237/271/1036 1239/271/1033
f 939/271/1035 234/271/1037 1240/271/1038 1237/271/1036
f 939/271/1035 235/271/48 42/271/50 234/271/1037
f 938/271/1032 236/271/47 235/271/48 939/271/1035
f 937/271/1031 237/271/46 236/271/47 938/271/1032
f 233/271/1039 41/271/30 237/271/46 937/271/1031
f 233/271/1039 937/271/1031 1238/271/1034 1241/271/1040
f 940/271/1041 941/271/1042 1236/271/1043 1235/271/1044
f 941/271/1042 942/271/1045 1234/271/1046 1236/271/1043
f 942/271/1045 238/271/1047 1233/271/1048 1234/271/1046
f 942/271/1045 239/271/1030 43/271/1016 238/271/1047
f 941/271/1042 240/271/1029 239/271/1030 942/271/1045
f 940/271/1041 241/271/1028 240/271/1029 941/271/1042
f 234/271/1037 42/271/50 241/271/1028 940/271/1041
f 234/271/1037 940/271/1041 1235/271/1044 1240/271/1038
f 943/271/1049 944/271/1050 1232/271/1051 1231/271/1052
f 944/271/1050 945/271/1053 1230/271/1054 1232/271/1051
f 945/271/1053 242/271/1055 1229/271/1056 1230/271/1054
f 945/271/1053 243/271/1018 44/271/1000 242/271/1055
f 944/271/1050 244/271/1017 243/271/1018 945/271/1053
f 943/271/1049 245/271/1015 244/271/1017 944/271/1050
f 238/271/1047 43/271/1016 245/271/1015 943/271/1049
f 238/271/1047 943/271/1049 1231/271/1052 1233/271/1048
f 946/271/1057 947/271/1058 1227/271/1059 1228/271/1060
f 947/271/1058 948/271/1061 1226/271/1062 1227/271/1059
f 948/271/1061 246/271/1063 1192/271/1064 1226/271/1062
f 948/271/1061 247/271/1002 45/271/984 246/271/1063
f 947/271/1058 248/271/1001 247/271/1002 948/271/1061
f 946/271/1057 249/271/999 248/271/1001 947/271/1058
f 242/271/1055 44/271/1000 249/271/999 946/271/1057
f 242/271/1055 946/271/1057 1228/271/1060 1229/271/1056
f 949/271/1065 950/271/1066 1187/271/1067 1190/271/1068
f 950/271/1066 951/271/1069 1188/271/1070 1187/271/1067
f 951/271/1069 250/271/1071 1193/271/1072 1188/271/1070
f 951/271/1069 251/271/986 46/271/968 250/271/1071
f 950/271/1066 252/271/985 251/271/986 951/271/1069
f 949/271/1065 253/271/983 252/271/985 950/271/1066
f 246/271/1063 45/271/984 253/271/983 949/271/1065
f 246/271/1063 949/271/1065 1190/271/1068 1192/271/1064
f 1183/271/1073 952/271/1074 953/271/1075 1184/271/1076
f 1184/271/1076 953/271/1075 954/271/1077 1180/271/1078
f 1180/271/1078 954/271/1077 254/271/1079 1176/271/1080
f 954/271/1077 255/271/970 47/271/952 254/271/1079
f 953/271/1075 256/271/969 255/271/970 954/271/1077
f 952/271/1074 257/271/967 256/271/969 953/271/1075
f 250/271/1071 46/271/968 257/271/967 952/271/1074
f 250/271/1071 952/271/1074 1183/271/1073 1193/271/1072
f 1172/271/1081 955/271/1082 956/271/1083 1174/271/1084
f 1174/271/1084 956/271/1083 957/271/1085 1170/271/1086
f 1170/271/1086 957/271/1085 258/271/1087 1168/271/1088
f 957/271/1085 259/271/954 48/271/936 258/271/1087
f 956/271/1083 260/271/953 259/271/954 957/271/1085
f 955/271/1082 261/271/951 260/271/953 956/271/1083
f 254/271/1079 47/271/952 261/271/951 955/271/1082
f 1176/271/1080 254/271/1079 955/271/1082 1172/271/1081
f 1164/271/1089 958/271/1090 959/271/1091 1165/271/1092
f 1165/271/1092 959/271/1091 960/271/1093 1162/271/1094
f 1162/271/1094 960/271/1093 262/271/1095 1161/271/1096
f 960/271/1093 263/271/938 49/271/920 262/271/1095
f 959/271/1091 264/271/937 263/271/938 960/271/1093
f 958/271/1090 265/271/935 264/271/937 959/271/1091
f 258/271/1087 48/271/936 265/271/935 958/271/1090
f 1168/271/1088 258/271/1087 958/271/1090 1164/271/1089
f 961/271/1097 962/271/1098 1166/271/1099 1163/271/1100
f 962/271/1098 963/271/1101 1167/271/1102 1166/271/1099
f 963/271/1101 266/271/1103 1169/271/1104 1167/271/1102
f 963/271/1101 267/271/922 50/271/904 266/271/1103
f 962/271/1098 268/271/921 267/271/922 963/271/1101
f 961/271/1097 269/271/919 268/271/921 962/271/1098
f 262/271/1095 49/271/920 269/271/919 961/271/1097
f 1161/271/1096 262/271/1095 961/271/1097 1163/271/1100
f 964/271/1105 965/271/1106 1175/271/1107 1171/271/1108
f 965/271/1106 966/271/1109 1173/271/1110 1175/271/1107
f 966/271/1109 270/271/1111 1177/271/1112 1173/271/1110
f 966/271/1109 271/271/906 51/271/888 270/271/1111
f 965/271/1106 272/271/905 271/271/906 966/271/1109
f 964/271/1105 273/271/903 272/271/905 965/271/1106
f 266/271/1103 50/271/904 273/271/903 964/271/1105
f 266/271/1103 964/271/1105 1171/271/1108 1169/271/1104
f 967/271/1113 968/271/1114 1179/271/1115 1178/271/1116
f 968/271/1114 969/271/1117 1181/271/1118 1179/271/1115
f 969/271/1117 274/271/1119 1182/271/1120 1181/271/1118
f 969/271/1117 275/271/890 52/271/872 274/271/1119
f 968/271/1114 276/271/889 275/271/890 969/271/1117
f 967/271/1113 277/271/887 276/271/889 968/271/1114
f 270/271/1111 51/271/888 277/271/887 967/271/1113
f 270/271/1111 967/271/1113 1178/271/1116 1177/271/1112
f 970/271/1121 971/271/1122 1186/271/1123 1185/271/1124
f 971/271/1122 972/271/1125 1189/271/1126 1186/271/1123
f 972/271/1125 278/271/1127 1191/271/1128 1189/271/1126
f 972/271/1125 279/271/874 53/271/856 278/271/1127
f 971/271/1122 280/271/873 279/271/874 972/271/1125
f 970/271/1121 281/271/871 280/271/873 971/271/1122
f 274/271/1119 52/271/872 281/271/871 970/271/1121
f 274/271/1119 970/271/1121 1185/271/1124 1182/271/1120
f 973/271/1129 974/271/1130 1195/271/1131 1194/271/1132
f 974/271/1130 975/271/1133 1196/271/1134 1195/271/1131
f 975/271/1133 282/271/1135 1197/271/1136 1196/271/1134
f 975/271/1133 283/271/858 54/271/840 282/271/1135
f 974/271/1130 284/271/857 283/271/858 975/271/1133
f 973/271/1129 285/271/855 284/271/857 974/271/1130
f 278/271/1127 53/271/856 285/271/855 973/271/1129
f 278/271/1127 973/271/1129 1194/271/1132 1191/271/1128
f 1198/271/1137 976/271/1138 977/271/1139 1199/271/1140
f 1199/271/1140 977/271/1139 978/271/1141 1200/271/1142
f 1200/271/1142 978/271/1141 286/271/1143 1201/271/1144
f 978/271/1141 287/271/842 55/271/824 286/271/1143
f 977/271/1139 288/271/841 287/271/842 978/271/1141
f 976/271/1138 289/271/839 288/271/841 977/271/1139
f 282/271/1135 54/271/840 289/271/839 976/271/1138
f 282/271/1135 976/271/1138 1198/271/1137 1197/271/1136
f 1202/271/1145 979/271/1146 980/271/1147 1203/271/1148
f 1203/271/1148 980/271/1147 981/271/1149 1205/271/1150
f 1205/271/1150 981/271/1149 290/271/1151 1204/271/1152
f 981/271/1149 291/271/826 56/271/808 290/271/1151
f 980/271/1147 292/271/825 291/271/826 981/271/1149
f 979/271/1146 293/271/823 292/271/825 980/271/1147
f 286/271/1143 55/271/824 293/271/823 979/271/1146
f 1201/271/1144 286/271/1143 979/271/1146 1202/271/1145
f 1206/271/1153 982/271/1154 983/271/1155 1207/271/1156
f 1207/271/1156 983/271/1155 984/271/1157 1208/271/1158
f 1208/271/1158 984/271/1157 294/271/1159 1209/271/1160
f 984/271/1157 295/271/810 57/271/792 294/271/1159
f 983/271/1155 296/271/809 295/271/810 984/271/1157
f 982/271/1154 297/271/807 296/271/809 983/271/1155
f 290/271/1151 56/271/808 297/271/807 982/271/1154
f 1204/271/1152 290/271/1151 982/271/1154 1206/271/1153
f 985/271/1161 986/271/1162 1211/271/1163 1210/271/1164
f 986/271/1162 987/271/1165 1212/271/1166 1211/271/1163
f 987/271/1165 298/271/1167 1213/271/1168 1212/271/1166
f 987/271/1165 299/271/794 58/271/776 298/271/1167
f 986/271/1162 300/271/793 299/271/794 987/271/1165
f 985/271/1161 301/271/791 300/271/793 986/271/1162
f 294/271/1159 57/271/792 301/271/791 985/271/1161
f 1209/271/1160 294/271/1159 985/271/1161 1210/271/1164
f 988/271/1169 989/271/1170 1215/271/1171 1214/271/1172
f 989/271/1170 990/271/1173 1216/271/1174 1215/271/1171
f 990/271/1173 302/271/1175 1217/271/1176 1216/271/1174
f 990/271/1173 303/271/778 59/271/760 302/271/1175
f 989/271/1170 304/271/777 303/271/778 990/271/1173
f 988/271/1169 305/271/775 304/271/777 989/271/1170
f 298/271/1167 58/271/776 305/271/775 988/271/1169
f 298/271/1167 988/271/1169 1214/271/1172 1213/271/1168
f 991/271/1177 992/271/1178 1219/271/1179 1218/271/1180
f 992/271/1178 993/271/1181 1220/271/1182 1219/271/1179
f 1220/271/1182 993/271/1181 306/271/1183 1221/271/1184
f 993/271/1181 307/271/762 60/271/744 306/271/1183
f 992/271/1178 308/271/761 307/271/762 993/271/1181
f 991/271/1177 309/271/759 308/271/761 992/271/1178
f 302/271/1175 59/271/760 309/271/759 991/271/1177
f 302/271/1175 991/271/1177 1218/271/1180 1217/271/1176
f 1222/271/1185 994/271/1186 995/271/1187 1223/271/1188
f 1223/271/1188 995/271/1187 996/271/1189 1224/271/1190
f 1224/271/1190 996/271/1189 310/271/1191 1225/271/1192
f 996/271/1189 311/271/746 61/271/728 310/271/1191
f 995/271/1187 312/271/745 311/271/746 996/271/1189
f 994/271/1186 313/271/743 312/271/745 995/271/1187
f 306/271/1183 60/271/744 313/271/743 994/271/1186
f 1221/271/1184 306/271/1183 994/271/1186 1222/271/1185
f 1259/271/1193 997/271/1194 998/271/1195 1263/271/1196
f 1263/271/1196 998/271/1195 999/271/1197 1262/271/1198
f 1262/271/1198 999/271/1197 314/271/1199 1271/271/1200
f 999/271/1197 315/271/730 62/271/712 314/271/1199
f 998/271/1195 316/271/729 315/271/730 999/271/1197
f 997/271/1194 317/271/727 316/271/729 998/271/1195
f 310/271/1191 61/271/728 317/271/727 997/271/1194
f 310/271/1191 997/271/1194 1259/271/1193 1225/271/1192
f 1000/271/1201 1001/271/1202 1270/271/1203 1266/271/1204
f 1001/271/1202 1002/271/1205 1269/271/1206 1270/271/1203
f 1002/271/1205 318/271/1207 1288/271/1208 1269/271/1206
f 1002/271/1205 319/271/714 63/271/696 318/271/1207
f 1001/271/1202 320/271/713 319/271/714 1002/271/1205
f 1000/271/1201 321/271/711 320/271/713 1001/271/1202
f 314/271/1199 62/271/712 321/271/711 1000/271/1201
f 1271/271/1200 314/271/1199 1000/271/1201 1266/271/1204
f 1003/271/1209 1004/271/1210 1277/271/1211 1273/271/1212
f 1004/271/1210 1005/271/1213 1275/271/1214 1277/271/1211
f 1005/271/1213 322/271/1215 1286/271/1216 1275/271/1214
f 1005/271/1213 323/271/698 64/271/680 322/271/1215
f 1004/271/1210 324/271/697 323/271/698 1005/271/1213
f 1003/271/1209 325/271/695 324/271/697 1004/271/1210
f 318/271/1207 63/271/696 325/271/695 1003/271/1209
f 318/271/1207 1003/271/1209 1273/271/1212 1288/271/1208
f 1006/271/1217 1007/271/1218 1283/271/1219 1284/271/1220
f 1007/271/1218 1008/271/1221 1280/271/1222 1283/271/1219
f 1008/271/1221 326/271/1223 1278/271/1224 1280/271/1222
f 1008/271/1221 327/271/682 65/271/664 326/271/1223
f 1007/271/1218 328/271/681 327/271/682 1008/271/1221
f 1006/271/1217 329/271/679 328/271/681 1007/271/1218
f 322/271/1215 64/271/680 329/271/679 1006/271/1217
f 322/271/1215 1006/271/1217 1284/271/1220 1286/271/1216
f 1009/271/1225 1010/271/1226 1282/271/1227 1279/271/1228
f 1010/271/1226 1011/271/1229 1281/271/1230 1282/271/1227
f 1011/271/1229 330/271/1231 1285/271/1232 1281/271/1230
f 1011/271/1229 331/271/666 66/271/648 330/271/1231
f 1010/271/1226 332/271/665 331/271/666 1011/271/1229
f 1009/271/1225 333/271/663 332/271/665 1010/271/1226
f 326/271/1223 65/271/664 333/271/663 1009/271/1225
f 326/271/1223 1009/271/1225 1279/271/1228 1278/271/1224
f 1012/271/1233 1013/271/1234 1276/271/1235 1274/271/1236
f 1013/271/1234 1014/271/1237 1272/271/1238 1276/271/1235
f 1014/271/1237 334/271/1239 1287/271/1240 1272/271/1238
f 1014/271/1237 335/271/650 67/271/632 334/271/1239
f 1013/271/1234 336/271/649 335/271/650 1014/271/1237
f 1012/271/1233 337/271/647 336/271/649 1013/271/1234
f 330/271/1231 66/271/648 337/271/647 1012/271/1233
f 330/271/1231 1012/271/1233 1274/271/1236 1285/271/1232
f 1015/271/1241 1016/271/1242 1267/271/1243 1268/271/1244
f 1016/271/1242 1017/271/1245 1265/271/1246 1267/271/1243
f 1017/271/1245 338/271/1247 1264/271/1248 1265/271/1246
f 1017/271/1245 339/271/634 68/271/616 338/271/1247
f 1016/271/1242 340/271/633 339/271/634 1017/271/1245
f 1015/271/1241 341/271/631 340/271/633 1016/271/1242
f 334/271/1239 67/271/632 341/271/631 1015/271/1241
f 334/271/1239 1015/271/1241 1268/271/1244 1287/271/1240
f 1018/271/1249 1019/271/1250 1260/271/1251 1261/271/1252
f 1019/271/1250 1020/271/1253 1258/271/1254 1260/271/1251
f 1020/271/1253 342/271/1255 1257/271/1256 1258/271/1254
f 1020/271/1253 343/271/618 69/271/600 342/271/1255
f 1019/271/1250 344/271/617 343/271/618 1020/271/1253
f 1018/271/1249 345/271/615 344/271/617 1019/271/1250
f 338/271/1247 68/271/616 345/271/615 1018/271/1249
f 338/271/1247 1018/271/1249 1261/271/1252 1264/271/1248
f 1021/271/1257 1022/271/1258 1255/271/1259 1256/271/1260
f 1022/271/1258 1023/271/1261 1254/271/1262 1255/271/1259
f 1023/271/1261 346/271/1263 1253/271/1264 1254/271/1262
f 1023/271/1261 347/271/602 70/271/584 346/271/1263
f 1022/271/1258 348/271/601 347/271/602 1023/271/1261
f 1021/271/1257 349/271/599 348/271/601 1022/271/1258
f 342/271/1255 69/271/600 349/271/599 1021/271/1257
f 342/271/1255 1021/271/1257 1256/271/1260 1257/271/1256
f 1024/271/1265 1025/271/1266 1251/271/1267 1252/271/1268
f 1025/271/1266 1026/271/1269 1250/271/1270 1251/271/1267
f 1026/271/1269 350/271/1271 1249/271/1272 1250/271/1270
f 1026/271/1269 351/271/586 71/271/568 350/271/1271
f 1025/271/1266 352/271/585 351/271/586 1026/271/1269
f 1024/271/1265 353/271/583 352/271/585 1025/271/1266
f 346/271/1263 70/271/584 353/271/583 1024/271/1265
f 346/271/1263 1024/271/1265 1252/271/1268 1253/271/1264
f 1027/271/1273 1028/271/1274 1247/271/1275 1248/271/1276
f 1028/271/1274 1029/271/1277 1246/271/1278 1247/271/1275
f 1029/271/1277 354/271/1279 1245/271/1280 1246/271/1278
f 1029/271/1277 355/271/570 72/271/26 354/271/1279
f 1028/271/1274 356/271/569 355/271/570 1029/271/1277
f 1027/271/1273 357/271/567 356/271/569 1028/271/1274
f 350/271/1271 71/271/568 357/271/567 1027/271/1273
f 350/271/1271 1027/271/1273 1248/271/1276 1249/271/1272
f 1030/271/1281 1031/271/1282 1243/271/1283 1244/271/1284
f 1031/271/1282 1032/271/1285 1242/271/1286 1243/271/1283
f 1032/271/1285 233/271/1039 1241/271/1040 1242/271/1286
f 1032/271/1285 358/271/28 41/271/30 233/271/1039
f 1031/271/1282 359/271/27 358/271/28 1032/271/1285
f 1030/271/1281 360/271/25 359/271/27 1031/271/1282
f 354/271/1279 72/271/26 360/271/25 1030/271/1281
f 354/271/1279 1030/271/1281 1244/271/1284 1245/271/1280
