# Blender 4.3.2
# www.blender.org
o 立方体
v 0.000000 0.115803 -0.399084
v -0.077857 0.115803 -0.391415
v -0.152723 0.115803 -0.368705
v -0.221719 0.115803 -0.331826
v -0.282195 0.115803 -0.282195
v -0.331826 0.115803 -0.221719
v -0.368705 0.115803 -0.152723
v -0.391415 0.115803 -0.077857
v -0.399084 0.115803 -0.000000
v -0.391415 0.115803 0.077857
v -0.368705 0.115803 0.152723
v -0.331826 0.115803 0.221719
v -0.282195 0.115803 0.282195
v -0.221719 0.115803 0.331826
v -0.152723 0.115803 0.368705
v -0.077857 0.115803 0.391415
v 0.000000 0.115803 0.399084
v 0.077857 0.115803 0.391415
v 0.152723 0.115803 0.368705
v 0.221719 0.115803 0.331826
v 0.282195 0.115803 0.282195
v 0.331826 0.115803 0.221719
v 0.368705 0.115803 0.152722
v 0.391415 0.115803 0.077857
v 0.399084 0.115803 -0.000000
v 0.391415 0.115803 -0.077858
v 0.368705 0.115803 -0.152723
v 0.331826 0.115803 -0.221719
v 0.282194 0.115803 -0.282195
v 0.221719 0.115803 -0.331826
v 0.152722 0.115803 -0.368705
v 0.077857 0.115803 -0.391415
v 0.000000 0.021230 -0.388196
v -0.075733 0.021230 -0.380736
v -0.148556 0.021230 -0.358646
v -0.215670 0.021230 -0.322773
v -0.274496 0.021230 -0.274496
v -0.322773 0.021230 -0.215670
v -0.358646 0.021230 -0.148556
v -0.380736 0.021230 -0.075733
v -0.388196 0.021230 -0.000000
v -0.380737 0.021230 0.075733
v -0.358646 0.021230 0.148556
v -0.322773 0.021230 0.215670
v -0.274496 0.021230 0.274496
v -0.215670 0.021230 0.322773
v -0.148556 0.021230 0.358646
v -0.075733 0.021230 0.380737
v 0.000000 0.021230 0.388196
v 0.075733 0.021230 0.380737
v 0.148556 0.021230 0.358646
v 0.215670 0.021230 0.322773
v 0.274496 0.021230 0.274496
v 0.322773 0.021230 0.215670
v 0.358646 0.021230 0.148556
v 0.380737 0.021230 0.075733
v 0.388196 0.021230 -0.000000
v 0.380736 0.021230 -0.075733
v 0.358646 0.021230 -0.148556
v 0.322773 0.021230 -0.215670
v 0.274495 0.021230 -0.274496
v 0.215669 0.021230 -0.322773
v 0.148556 0.021230 -0.358646
v 0.075733 0.021230 -0.380737
v -0.058557 0.115803 -0.394763
v -0.039117 0.115803 -0.397160
v -0.019582 0.115803 -0.398602
v -0.134447 0.115803 -0.375754
v -0.115847 0.115803 -0.381898
v -0.096969 0.115803 -0.387123
v -0.205169 0.115803 -0.342305
v -0.188126 0.115803 -0.351959
v -0.170630 0.115803 -0.360767
v -0.268008 0.115803 -0.295701
v -0.253175 0.115803 -0.308495
v -0.237733 0.115803 -0.320546
v -0.320546 0.115803 -0.237733
v -0.308495 0.115803 -0.253175
v -0.295701 0.115803 -0.268007
v -0.360767 0.115803 -0.170630
v -0.351959 0.115803 -0.188126
v -0.342305 0.115803 -0.205169
v -0.387123 0.115803 -0.096969
v -0.381898 0.115803 -0.115847
v -0.375754 0.115803 -0.134447
v -0.398602 0.115803 -0.019582
v -0.397160 0.115803 -0.039117
v -0.394763 0.115803 -0.058557
v -0.394763 0.115803 0.058558
v -0.397160 0.115803 0.039117
v -0.398602 0.115803 0.019582
v -0.375754 0.115803 0.134447
v -0.381898 0.115803 0.115847
v -0.387123 0.115803 0.096969
v -0.342305 0.115803 0.205169
v -0.351959 0.115803 0.188126
v -0.360767 0.115803 0.170630
v -0.295701 0.115803 0.268008
v -0.308495 0.115803 0.253175
v -0.320546 0.115803 0.237733
v -0.237733 0.115803 0.320546
v -0.253175 0.115803 0.308495
v -0.268008 0.115803 0.295701
v -0.170630 0.115803 0.360767
v -0.188126 0.115803 0.351959
v -0.205169 0.115803 0.342305
v -0.096969 0.115803 0.387123
v -0.115847 0.115803 0.381898
v -0.134447 0.115803 0.375754
v -0.019582 0.115803 0.398602
v -0.039117 0.115803 0.397160
v -0.058557 0.115803 0.394763
v 0.058558 0.115803 0.394763
v 0.039117 0.115803 0.397160
v 0.019582 0.115803 0.398602
v 0.134447 0.115803 0.375754
v 0.115848 0.115803 0.381898
v 0.096969 0.115803 0.387123
v 0.205170 0.115803 0.342305
v 0.188126 0.115803 0.351959
v 0.170630 0.115803 0.360767
v 0.268008 0.115803 0.295701
v 0.253175 0.115803 0.308495
v 0.237734 0.115803 0.320546
v 0.320547 0.115803 0.237733
v 0.308495 0.115803 0.253175
v 0.295701 0.115803 0.268007
v 0.360767 0.115803 0.170630
v 0.351959 0.115803 0.188126
v 0.342305 0.115803 0.205169
v 0.387123 0.115803 0.096969
v 0.381898 0.115803 0.115847
v 0.375754 0.115803 0.134447
v 0.398602 0.115803 0.019582
v 0.397161 0.115803 0.039117
v 0.394763 0.115803 0.058557
v 0.394763 0.115803 -0.058558
v 0.397160 0.115803 -0.039117
v 0.398602 0.115803 -0.019582
v 0.375754 0.115803 -0.134447
v 0.381898 0.115803 -0.115848
v 0.387123 0.115803 -0.096970
v 0.342305 0.115803 -0.205170
v 0.351959 0.115803 -0.188126
v 0.360766 0.115803 -0.170630
v 0.295700 0.115803 -0.268008
v 0.308494 0.115803 -0.253175
v 0.320546 0.115803 -0.237734
v 0.237733 0.115803 -0.320547
v 0.253175 0.115803 -0.308495
v 0.268007 0.115803 -0.295701
v 0.170629 0.115803 -0.360767
v 0.188126 0.115803 -0.351959
v 0.205169 0.115803 -0.342305
v 0.096969 0.115803 -0.387123
v 0.115847 0.115803 -0.381898
v 0.134446 0.115803 -0.375754
v 0.019582 0.115803 -0.398602
v 0.039117 0.115803 -0.397160
v 0.058557 0.115803 -0.394763
v 0.000000 0.263717 -0.401144
v 0.000000 0.183778 -0.400445
v 0.078259 0.263717 -0.393436
v 0.078122 0.183778 -0.392751
v -0.078123 0.183778 -0.392751
v -0.078259 0.263717 -0.393436
v -0.153244 0.183778 -0.369963
v -0.153511 0.263717 -0.370609
v -0.222475 0.183778 -0.332958
v -0.222864 0.263717 -0.333539
v -0.283157 0.183778 -0.283157
v -0.283652 0.263717 -0.283652
v -0.332958 0.183778 -0.222475
v -0.333539 0.263717 -0.222864
v -0.369963 0.183778 -0.153244
v -0.370609 0.263717 -0.153511
v -0.392751 0.183778 -0.078123
v -0.393436 0.263717 -0.078259
v -0.400445 0.183778 -0.000000
v -0.401144 0.263717 -0.000000
v -0.392751 0.183778 0.078123
v -0.393436 0.263717 0.078259
v -0.369963 0.183778 0.153244
v -0.370609 0.263717 0.153511
v -0.332958 0.183778 0.222475
v -0.333539 0.263717 0.222864
v -0.283157 0.183778 0.283158
v -0.283652 0.263717 0.283652
v -0.222475 0.183778 0.332958
v -0.222864 0.263717 0.333539
v -0.153244 0.183778 0.369963
v -0.153511 0.263717 0.370609
v -0.078123 0.183778 0.392751
v -0.078259 0.263717 0.393436
v 0.000000 0.183778 0.400445
v 0.000000 0.263717 0.401144
v 0.078123 0.183778 0.392751
v 0.078259 0.263717 0.393436
v 0.153244 0.183778 0.369963
v 0.153511 0.263717 0.370609
v 0.222476 0.183778 0.332958
v 0.222864 0.263717 0.333539
v 0.283158 0.183778 0.283157
v 0.283652 0.263717 0.283651
v 0.332958 0.183778 0.222475
v 0.333539 0.263717 0.222863
v 0.369963 0.183778 0.153243
v 0.370609 0.263717 0.153511
v 0.392751 0.183778 0.078123
v 0.393436 0.263717 0.078259
v 0.400445 0.183778 -0.000000
v 0.401144 0.263717 -0.000000
v 0.392751 0.183778 -0.078123
v 0.393436 0.263717 -0.078260
v 0.369963 0.183778 -0.153244
v 0.370608 0.263717 -0.153511
v 0.332958 0.183778 -0.222476
v 0.333539 0.263717 -0.222864
v 0.283157 0.183778 -0.283158
v 0.283651 0.263717 -0.283652
v 0.222475 0.183778 -0.332958
v 0.222863 0.263717 -0.333539
v 0.153243 0.183778 -0.369963
v 0.153511 0.263717 -0.370609
v 0.000000 0.016900 -0.385488
v -0.075205 0.016900 -0.378081
v -0.056960 0.021230 -0.383993
v -0.038050 0.021230 -0.386325
v -0.019048 0.021230 -0.387727
v -0.147520 0.016900 -0.356144
v -0.130779 0.021230 -0.365502
v -0.112687 0.021230 -0.371479
v -0.094324 0.021230 -0.376561
v -0.214166 0.016900 -0.320521
v -0.199572 0.021230 -0.332966
v -0.182993 0.021230 -0.342357
v -0.165975 0.021230 -0.350924
v -0.272581 0.016900 -0.272581
v -0.260696 0.021230 -0.287633
v -0.246268 0.021230 -0.300078
v -0.231247 0.021230 -0.311801
v -0.320521 0.016900 -0.214165
v -0.311801 0.021230 -0.231247
v -0.300078 0.021230 -0.246268
v -0.287633 0.021230 -0.260696
v -0.356144 0.016900 -0.147520
v -0.350924 0.021230 -0.165975
v -0.342357 0.021230 -0.182993
v -0.332966 0.021230 -0.199572
v -0.378081 0.016900 -0.075205
v -0.376561 0.021230 -0.094324
v -0.371479 0.021230 -0.112687
v -0.365502 0.021230 -0.130779
v -0.385488 0.016900 -0.000000
v -0.387727 0.021230 -0.019048
v -0.386325 0.021230 -0.038050
v -0.383993 0.021230 -0.056960
v -0.378081 0.016900 0.075205
v -0.383993 0.021230 0.056960
v -0.386325 0.021230 0.038050
v -0.387727 0.021230 0.019048
v -0.356144 0.016900 0.147520
v -0.365502 0.021230 0.130779
v -0.371479 0.021230 0.112687
v -0.376561 0.021230 0.094324
v -0.320521 0.016900 0.214166
v -0.332966 0.021230 0.199572
v -0.342357 0.021230 0.182993
v -0.350924 0.021230 0.165975
v -0.272581 0.016900 0.272581
v -0.287633 0.021230 0.260696
v -0.300078 0.021230 0.246268
v -0.311801 0.021230 0.231247
v -0.214165 0.016900 0.320521
v -0.231247 0.021230 0.311801
v -0.246268 0.021230 0.300078
v -0.260696 0.021230 0.287633
v -0.147520 0.016900 0.356144
v -0.165975 0.021230 0.350924
v -0.182993 0.021230 0.342357
v -0.199572 0.021230 0.332966
v -0.075205 0.016900 0.378081
v -0.094324 0.021230 0.376561
v -0.112687 0.021230 0.371479
v -0.130779 0.021230 0.365503
v 0.000000 0.016900 0.385488
v -0.019048 0.021230 0.387727
v -0.038049 0.021230 0.386325
v -0.056960 0.021230 0.383993
v 0.075205 0.016900 0.378081
v 0.056960 0.021230 0.383993
v 0.038050 0.021230 0.386325
v 0.019048 0.021230 0.387727
v 0.147520 0.016900 0.356144
v 0.130779 0.021230 0.365503
v 0.112687 0.021230 0.371479
v 0.094324 0.021230 0.376561
v 0.214166 0.016900 0.320521
v 0.199572 0.021230 0.332966
v 0.182994 0.021230 0.342357
v 0.165975 0.021230 0.350924
v 0.272581 0.016900 0.272581
v 0.260696 0.021230 0.287633
v 0.246268 0.021230 0.300078
v 0.231248 0.021230 0.311801
v 0.320522 0.016900 0.214165
v 0.311801 0.021230 0.231247
v 0.300078 0.021230 0.246268
v 0.287634 0.021230 0.260696
v 0.356144 0.016900 0.147520
v 0.350924 0.021230 0.165974
v 0.342357 0.021230 0.182993
v 0.332966 0.021230 0.199572
v 0.378081 0.016900 0.075205
v 0.376561 0.021230 0.094323
v 0.371479 0.021230 0.112686
v 0.365503 0.021230 0.130779
v 0.385488 0.016900 -0.000000
v 0.387727 0.021230 0.019047
v 0.386325 0.021230 0.038049
v 0.383993 0.021230 0.056960
v 0.378081 0.016900 -0.075205
v 0.383993 0.021230 -0.056960
v 0.386325 0.021230 -0.038050
v 0.387727 0.021230 -0.019048
v 0.356144 0.016900 -0.147520
v 0.365502 0.021230 -0.130779
v 0.371478 0.021230 -0.112687
v 0.376561 0.021230 -0.094324
v 0.320521 0.016900 -0.214166
v 0.332966 0.021230 -0.199572
v 0.342356 0.021230 -0.182994
v 0.350924 0.021230 -0.165975
v 0.272581 0.016900 -0.272581
v 0.287633 0.021230 -0.260696
v 0.300078 0.021230 -0.246268
v 0.311801 0.021230 -0.231248
v 0.214165 0.016900 -0.320522
v 0.231247 0.021230 -0.311801
v 0.246267 0.021230 -0.300078
v 0.260695 0.021230 -0.287634
v 0.147519 0.016900 -0.356144
v 0.165974 0.021230 -0.350924
v 0.182993 0.021230 -0.342357
v 0.199571 0.021230 -0.332966
v 0.075204 0.016900 -0.378081
v 0.094323 0.021230 -0.376561
v 0.112686 0.021230 -0.371479
v 0.130778 0.021230 -0.365503
v 0.019048 0.021230 -0.387727
v 0.038049 0.021230 -0.386325
v 0.056960 0.021230 -0.383993
v 0.000000 0.028105 -0.391189
v 0.000000 0.042337 -0.394205
v 0.000000 0.069583 -0.396928
v 0.077436 0.069583 -0.389301
v 0.076905 0.042337 -0.386631
v 0.076317 0.028105 -0.383673
v -0.076317 0.028105 -0.383673
v -0.076906 0.042337 -0.386631
v -0.077437 0.069583 -0.389301
v -0.149702 0.028105 -0.361412
v -0.150856 0.042337 -0.364198
v -0.151898 0.069583 -0.366713
v -0.217333 0.028105 -0.325262
v -0.219009 0.042337 -0.327770
v -0.220521 0.069583 -0.330033
v -0.276613 0.028105 -0.276613
v -0.278745 0.042337 -0.278745
v -0.280670 0.069583 -0.280670
v -0.325262 0.028105 -0.217333
v -0.327770 0.042337 -0.219009
v -0.330033 0.069583 -0.220521
v -0.361412 0.028105 -0.149702
v -0.364198 0.042337 -0.150856
v -0.366713 0.069583 -0.151898
v -0.383673 0.028105 -0.076317
v -0.386631 0.042337 -0.076906
v -0.389301 0.069583 -0.077437
v -0.391189 0.028105 -0.000000
v -0.394205 0.042337 -0.000000
v -0.396928 0.069583 -0.000000
v -0.383673 0.028105 0.076317
v -0.386631 0.042337 0.076906
v -0.389301 0.069583 0.077437
v -0.361412 0.028105 0.149702
v -0.364198 0.042337 0.150856
v -0.366713 0.069583 0.151898
v -0.325262 0.028105 0.217333
v -0.327770 0.042337 0.219009
v -0.330033 0.069583 0.220521
v -0.276613 0.028105 0.276613
v -0.278745 0.042337 0.278745
v -0.280670 0.069583 0.280670
v -0.217333 0.028105 0.325262
v -0.219009 0.042337 0.327770
v -0.220521 0.069583 0.330033
v -0.149702 0.028105 0.361412
v -0.150856 0.042337 0.364198
v -0.151898 0.069583 0.366713
v -0.076317 0.028105 0.383673
v -0.076906 0.042337 0.386631
v -0.077437 0.069583 0.389301
v 0.000000 0.028105 0.391189
v 0.000000 0.042337 0.394205
v 0.000000 0.069583 0.396928
v 0.076317 0.028105 0.383673
v 0.076906 0.042337 0.386631
v 0.077437 0.069583 0.389301
v 0.149702 0.028105 0.361412
v 0.150856 0.042337 0.364198
v 0.151898 0.069583 0.366713
v 0.217333 0.028105 0.325262
v 0.219009 0.042337 0.327770
v 0.220521 0.069583 0.330033
v 0.276613 0.028105 0.276613
v 0.278745 0.042337 0.278745
v 0.280670 0.069583 0.280670
v 0.325262 0.028105 0.217333
v 0.327770 0.042337 0.219008
v 0.330033 0.069583 0.220521
v 0.361412 0.028105 0.149701
v 0.364198 0.042337 0.150856
v 0.366714 0.069583 0.151897
v 0.383673 0.028105 0.076317
v 0.386631 0.042337 0.076905
v 0.389301 0.069583 0.077436
v 0.391189 0.028105 -0.000000
v 0.394205 0.042337 -0.000000
v 0.396928 0.069583 -0.000000
v 0.383673 0.028105 -0.076318
v 0.386631 0.042337 -0.076906
v 0.389301 0.069583 -0.077437
v 0.361412 0.028105 -0.149702
v 0.364198 0.042337 -0.150856
v 0.366713 0.069583 -0.151898
v 0.325262 0.028105 -0.217333
v 0.327769 0.042337 -0.219009
v 0.330033 0.069583 -0.220522
v 0.276612 0.028105 -0.276613
v 0.278745 0.042337 -0.278746
v 0.280670 0.069583 -0.280671
v 0.217333 0.028105 -0.325262
v 0.219008 0.042337 -0.327770
v 0.220521 0.069583 -0.330033
v 0.149701 0.028105 -0.361412
v 0.150855 0.042337 -0.364198
v 0.151897 0.069583 -0.366714
v 0.019476 0.069583 -0.396449
v 0.038905 0.069583 -0.395015
v 0.058241 0.069583 -0.392631
v 0.019343 0.042337 -0.393730
v 0.038638 0.042337 -0.392306
v 0.057841 0.042337 -0.389938
v 0.019195 0.028105 -0.390717
v 0.038343 0.028105 -0.389304
v 0.057399 0.028105 -0.386955
v -0.058241 0.069583 -0.392631
v -0.038905 0.069583 -0.395015
v -0.019476 0.069583 -0.396449
v -0.057842 0.042337 -0.389938
v -0.038639 0.042337 -0.392305
v -0.019343 0.042337 -0.393730
v -0.057399 0.028105 -0.386954
v -0.038343 0.028105 -0.389304
v -0.019195 0.028105 -0.390717
v -0.019649 0.183778 -0.399962
v -0.039250 0.183778 -0.398515
v -0.058757 0.183778 -0.396110
v -0.019683 0.263717 -0.400660
v -0.039319 0.263717 -0.399211
v -0.058860 0.263717 -0.396801
v 0.361997 0.183778 -0.171212
v 0.353160 0.183778 -0.188768
v 0.343472 0.183778 -0.205870
v 0.362629 0.263717 -0.171511
v 0.353776 0.263717 -0.189098
v 0.344072 0.263717 -0.206229
v -0.268922 0.183778 0.296710
v -0.254039 0.183778 0.309547
v -0.238544 0.183778 0.321640
v -0.269391 0.263717 0.297228
v -0.254482 0.263717 0.310087
v -0.238961 0.263717 0.322201
v 0.388443 0.183778 -0.097300
v 0.383201 0.183778 -0.116243
v 0.377036 0.183778 -0.134906
v 0.389121 0.263717 -0.097470
v 0.383869 0.263717 -0.116446
v 0.377694 0.263717 -0.135141
v -0.321640 0.183778 0.238544
v -0.309547 0.183778 0.254039
v -0.296710 0.183778 0.268922
v -0.322201 0.263717 0.238961
v -0.310087 0.263717 0.254482
v -0.297227 0.263717 0.269391
v 0.399962 0.183778 -0.019649
v 0.398515 0.183778 -0.039251
v 0.396110 0.183778 -0.058758
v 0.400660 0.263717 -0.019684
v 0.399211 0.263717 -0.039319
v 0.396801 0.263717 -0.058860
v -0.361997 0.183778 0.171212
v -0.353160 0.183778 0.188768
v -0.343473 0.183778 0.205870
v -0.362629 0.263717 0.171511
v -0.353776 0.263717 0.189097
v -0.344072 0.263717 0.206229
v 0.396110 0.183778 0.058757
v 0.398515 0.183778 0.039250
v 0.399962 0.183778 0.019649
v 0.396801 0.263717 0.058859
v 0.399211 0.263717 0.039318
v 0.400660 0.263717 0.019683
v -0.388444 0.183778 0.097300
v -0.383201 0.183778 0.116243
v -0.377036 0.183778 0.134906
v -0.389121 0.263717 0.097470
v -0.383869 0.263717 0.116445
v -0.377694 0.263717 0.135141
v 0.377036 0.183778 0.134905
v 0.383201 0.183778 0.116242
v 0.388444 0.183778 0.097300
v 0.377694 0.263717 0.135141
v 0.383869 0.263717 0.116445
v 0.389121 0.263717 0.097469
v -0.399962 0.183778 0.019649
v -0.398515 0.183778 0.039250
v -0.396110 0.183778 0.058757
v -0.400660 0.263717 0.019683
v -0.399211 0.263717 0.039319
v -0.396801 0.263717 0.058860
v 0.343473 0.183778 0.205869
v 0.353160 0.183778 0.188768
v 0.361997 0.183778 0.171212
v 0.344072 0.263717 0.206228
v 0.353776 0.263717 0.189097
v 0.362629 0.263717 0.171511
v -0.396110 0.183778 -0.058757
v -0.398515 0.183778 -0.039250
v -0.399962 0.183778 -0.019649
v -0.396801 0.263717 -0.058860
v -0.399211 0.263717 -0.039319
v -0.400660 0.263717 -0.019683
v 0.296710 0.183778 0.268922
v 0.309547 0.183778 0.254039
v 0.321640 0.183778 0.238544
v 0.297228 0.263717 0.269391
v 0.310087 0.263717 0.254482
v 0.322201 0.263717 0.238961
v -0.377036 0.183778 -0.134905
v -0.383201 0.183778 -0.116242
v -0.388443 0.183778 -0.097300
v -0.377694 0.263717 -0.135141
v -0.383869 0.263717 -0.116445
v -0.389121 0.263717 -0.097470
v 0.238545 0.183778 0.321640
v 0.254039 0.183778 0.309547
v 0.268922 0.183778 0.296710
v 0.238961 0.263717 0.322201
v 0.254482 0.263717 0.310087
v 0.269391 0.263717 0.297227
v -0.097300 0.183778 -0.388443
v -0.116243 0.183778 -0.383201
v -0.134905 0.183778 -0.377036
v -0.097470 0.263717 -0.389121
v -0.116445 0.263717 -0.383869
v -0.135141 0.263717 -0.377694
v -0.343473 0.183778 -0.205869
v -0.353160 0.183778 -0.188768
v -0.361997 0.183778 -0.171212
v -0.344072 0.263717 -0.206229
v -0.353776 0.263717 -0.189097
v -0.362629 0.263717 -0.171511
v 0.171212 0.183778 0.361997
v 0.188768 0.183778 0.353160
v 0.205870 0.183778 0.343473
v 0.171511 0.263717 0.362629
v 0.189097 0.263717 0.353776
v 0.206229 0.263717 0.344072
v -0.296710 0.183778 -0.268922
v -0.309547 0.183778 -0.254039
v -0.321640 0.183778 -0.238544
v -0.297227 0.263717 -0.269391
v -0.310087 0.263717 -0.254482
v -0.322201 0.263717 -0.238961
v 0.097300 0.183778 0.388444
v 0.116243 0.183778 0.383201
v 0.134906 0.183778 0.377036
v 0.097470 0.263717 0.389121
v 0.116446 0.263717 0.383869
v 0.135141 0.263717 0.377694
v 0.134905 0.183778 -0.377036
v 0.116242 0.183778 -0.383201
v 0.097300 0.183778 -0.388444
v 0.135140 0.263717 -0.377694
v 0.116445 0.263717 -0.383869
v 0.097469 0.263717 -0.389121
v -0.238544 0.183778 -0.321640
v -0.254039 0.183778 -0.309547
v -0.268922 0.183778 -0.296710
v -0.238961 0.263717 -0.322201
v -0.254482 0.263717 -0.310087
v -0.269391 0.263717 -0.297227
v 0.019649 0.183778 0.399962
v 0.039250 0.183778 0.398515
v 0.058757 0.183778 0.396110
v 0.019683 0.263717 0.400660
v 0.039319 0.263717 0.399211
v 0.058860 0.263717 0.396801
v 0.205869 0.183778 -0.343473
v 0.188767 0.183778 -0.353160
v 0.171212 0.183778 -0.361998
v 0.206228 0.263717 -0.344072
v 0.189097 0.263717 -0.353776
v 0.171510 0.263717 -0.362629
v -0.171212 0.183778 -0.361997
v -0.188768 0.183778 -0.353160
v -0.205869 0.183778 -0.343472
v -0.171511 0.263717 -0.362629
v -0.189097 0.263717 -0.353776
v -0.206229 0.263717 -0.344072
v -0.058757 0.183778 0.396110
v -0.039250 0.183778 0.398515
v -0.019649 0.183778 0.399962
v -0.058860 0.263717 0.396801
v -0.039319 0.263717 0.399211
v -0.019683 0.263717 0.400660
v 0.268922 0.183778 -0.296710
v 0.254038 0.183778 -0.309547
v 0.238544 0.183778 -0.321640
v 0.269391 0.263717 -0.297228
v 0.254482 0.263717 -0.310087
v 0.238960 0.263717 -0.322201
v -0.134905 0.183778 0.377036
v -0.116242 0.183778 0.383201
v -0.097300 0.183778 0.388444
v -0.135141 0.263717 0.377694
v -0.116445 0.263717 0.383869
v -0.097470 0.263717 0.389121
v 0.321640 0.183778 -0.238545
v 0.309547 0.183778 -0.254039
v 0.296709 0.183778 -0.268922
v 0.322201 0.263717 -0.238961
v 0.310087 0.263717 -0.254482
v 0.297227 0.263717 -0.269391
v -0.205869 0.183778 0.343473
v -0.188768 0.183778 0.353160
v -0.171212 0.183778 0.361997
v -0.206229 0.263717 0.344072
v -0.189097 0.263717 0.353776
v -0.171511 0.263717 0.362629
v 0.058757 0.183778 -0.396110
v 0.039250 0.183778 -0.398515
v 0.019649 0.183778 -0.399962
v 0.058859 0.263717 -0.396801
v 0.039318 0.263717 -0.399211
v 0.019683 0.263717 -0.400660
v 0.096445 0.069583 -0.385032
v 0.115221 0.069583 -0.379835
v 0.133720 0.069583 -0.373724
v 0.095783 0.042337 -0.382391
v 0.114431 0.042337 -0.377230
v 0.132803 0.042337 -0.371161
v 0.095051 0.028105 -0.379465
v 0.113555 0.028105 -0.374343
v 0.131787 0.028105 -0.368321
v 0.169708 0.069583 -0.358818
v 0.187109 0.069583 -0.350058
v 0.204061 0.069583 -0.340456
v 0.168544 0.042337 -0.356357
v 0.185826 0.042337 -0.347657
v 0.202661 0.042337 -0.338121
v 0.167254 0.028105 -0.353630
v 0.184404 0.028105 -0.344997
v 0.201111 0.028105 -0.335534
v 0.236449 0.069583 -0.318815
v 0.251807 0.069583 -0.306828
v 0.266559 0.069583 -0.294104
v 0.234827 0.042337 -0.316628
v 0.250080 0.042337 -0.304724
v 0.264731 0.042337 -0.292087
v 0.233030 0.028105 -0.314206
v 0.248167 0.028105 -0.302393
v 0.262706 0.028105 -0.289852
v 0.294103 0.069583 -0.266560
v 0.306828 0.069583 -0.251808
v 0.318814 0.069583 -0.236449
v 0.292086 0.042337 -0.264732
v 0.304723 0.042337 -0.250081
v 0.316628 0.042337 -0.234828
v 0.289851 0.028105 -0.262706
v 0.302392 0.028105 -0.248167
v 0.314205 0.028105 -0.233031
v 0.340455 0.069583 -0.204061
v 0.350057 0.069583 -0.187110
v 0.358817 0.069583 -0.169708
v 0.338120 0.042337 -0.202662
v 0.347657 0.042337 -0.185827
v 0.356356 0.042337 -0.168544
v 0.335533 0.028105 -0.201111
v 0.344997 0.028105 -0.184405
v 0.353630 0.028105 -0.167255
v 0.373724 0.069583 -0.133721
v 0.379835 0.069583 -0.115222
v 0.385031 0.069583 -0.096446
v 0.371161 0.042337 -0.132804
v 0.377229 0.042337 -0.114432
v 0.382391 0.042337 -0.095784
v 0.368321 0.028105 -0.131788
v 0.374343 0.028105 -0.113556
v 0.379465 0.028105 -0.095051
v 0.392631 0.069583 -0.058242
v 0.395015 0.069583 -0.038906
v 0.396449 0.069583 -0.019477
v 0.389938 0.042337 -0.057842
v 0.392306 0.042337 -0.038639
v 0.393730 0.042337 -0.019343
v 0.386955 0.028105 -0.057399
v 0.389304 0.028105 -0.038343
v 0.390717 0.028105 -0.019195
v 0.396449 0.069583 0.019476
v 0.395015 0.069583 0.038905
v 0.392631 0.069583 0.058241
v 0.393730 0.042337 0.019342
v 0.392306 0.042337 0.038638
v 0.389938 0.042337 0.057841
v 0.390717 0.028105 0.019194
v 0.389304 0.028105 0.038343
v 0.386955 0.028105 0.057399
v 0.385032 0.069583 0.096445
v 0.379835 0.069583 0.115221
v 0.373724 0.069583 0.133720
v 0.382391 0.042337 0.095784
v 0.377230 0.042337 0.114431
v 0.371161 0.042337 0.132803
v 0.379465 0.028105 0.095051
v 0.374343 0.028105 0.113556
v 0.368321 0.028105 0.131787
v 0.358818 0.069583 0.169708
v 0.350058 0.069583 0.187109
v 0.340456 0.069583 0.204061
v 0.356357 0.042337 0.168544
v 0.347657 0.042337 0.185826
v 0.338121 0.042337 0.202661
v 0.353630 0.028105 0.167254
v 0.344997 0.028105 0.184404
v 0.335534 0.028105 0.201111
v 0.318815 0.069583 0.236449
v 0.306828 0.069583 0.251807
v 0.294104 0.069583 0.266560
v 0.316628 0.042337 0.234827
v 0.304724 0.042337 0.250080
v 0.292086 0.042337 0.264731
v 0.314206 0.028105 0.233031
v 0.302392 0.028105 0.248167
v 0.289852 0.028105 0.262706
v 0.266560 0.069583 0.294103
v 0.251807 0.069583 0.306828
v 0.236449 0.069583 0.318815
v 0.264732 0.042337 0.292086
v 0.250081 0.042337 0.304724
v 0.234828 0.042337 0.316628
v 0.262706 0.028105 0.289852
v 0.248167 0.028105 0.302392
v 0.233031 0.028105 0.314205
v 0.204061 0.069583 0.340456
v 0.187110 0.069583 0.350058
v 0.169708 0.069583 0.358818
v 0.202662 0.042337 0.338120
v 0.185827 0.042337 0.347657
v 0.168544 0.042337 0.356357
v 0.201111 0.028105 0.335533
v 0.184405 0.028105 0.344997
v 0.167255 0.028105 0.353630
v 0.133721 0.069583 0.373724
v 0.115222 0.069583 0.379835
v 0.096446 0.069583 0.385031
v 0.132804 0.042337 0.371161
v 0.114431 0.042337 0.377229
v 0.095784 0.042337 0.382391
v 0.131788 0.028105 0.368321
v 0.113556 0.028105 0.374343
v 0.095051 0.028105 0.379465
v 0.058241 0.069583 0.392631
v 0.038906 0.069583 0.395015
v 0.019476 0.069583 0.396449
v 0.057842 0.042337 0.389938
v 0.038639 0.042337 0.392306
v 0.019343 0.042337 0.393730
v 0.057399 0.028105 0.386955
v 0.038343 0.028105 0.389304
v 0.019195 0.028105 0.390717
v -0.019476 0.069583 0.396449
v -0.038905 0.069583 0.395015
v -0.058241 0.069583 0.392631
v -0.019343 0.042337 0.393730
v -0.038638 0.042337 0.392306
v -0.057842 0.042337 0.389938
v -0.019195 0.028105 0.390717
v -0.038343 0.028105 0.389304
v -0.057399 0.028105 0.386955
v -0.096445 0.069583 0.385032
v -0.115221 0.069583 0.379835
v -0.133720 0.069583 0.373724
v -0.095784 0.042337 0.382391
v -0.114431 0.042337 0.377230
v -0.132803 0.042337 0.371161
v -0.095051 0.028105 0.379465
v -0.113556 0.028105 0.374343
v -0.131787 0.028105 0.368321
v -0.169708 0.069583 0.358818
v -0.187110 0.069583 0.350058
v -0.204061 0.069583 0.340456
v -0.168544 0.042337 0.356357
v -0.185826 0.042337 0.347657
v -0.202662 0.042337 0.338121
v -0.167255 0.028105 0.353630
v -0.184405 0.028105 0.344997
v -0.201111 0.028105 0.335534
v -0.236449 0.069583 0.318815
v -0.251807 0.069583 0.306828
v -0.266560 0.069583 0.294104
v -0.234827 0.042337 0.316628
v -0.250080 0.042337 0.304724
v -0.264731 0.042337 0.292086
v -0.233031 0.028105 0.314205
v -0.248167 0.028105 0.302392
v -0.262706 0.028105 0.289852
v -0.294103 0.069583 0.266560
v -0.306828 0.069583 0.251807
v -0.318815 0.069583 0.236449
v -0.292086 0.042337 0.264732
v -0.304724 0.042337 0.250080
v -0.316628 0.042337 0.234827
v -0.289852 0.028105 0.262706
v -0.302392 0.028105 0.248167
v -0.314206 0.028105 0.233031
v -0.340456 0.069583 0.204061
v -0.350058 0.069583 0.187110
v -0.358818 0.069583 0.169708
v -0.338120 0.042337 0.202662
v -0.347657 0.042337 0.185826
v -0.356357 0.042337 0.168544
v -0.335534 0.028105 0.201111
v -0.344997 0.028105 0.184405
v -0.353630 0.028105 0.167255
v -0.373724 0.069583 0.133721
v -0.379835 0.069583 0.115222
v -0.385031 0.069583 0.096445
v -0.371161 0.042337 0.132803
v -0.377229 0.042337 0.114431
v -0.382391 0.042337 0.095784
v -0.368321 0.028105 0.131787
v -0.374343 0.028105 0.113556
v -0.379465 0.028105 0.095051
v -0.392631 0.069583 0.058241
v -0.395015 0.069583 0.038905
v -0.396449 0.069583 0.019476
v -0.389938 0.042337 0.057842
v -0.392306 0.042337 0.038639
v -0.393730 0.042337 0.019343
v -0.386955 0.028105 0.057399
v -0.389304 0.028105 0.038343
v -0.390717 0.028105 0.019195
v -0.396449 0.069583 -0.019476
v -0.395015 0.069583 -0.038905
v -0.392631 0.069583 -0.058241
v -0.393730 0.042337 -0.019343
v -0.392306 0.042337 -0.038639
v -0.389938 0.042337 -0.057842
v -0.390717 0.028105 -0.019195
v -0.389304 0.028105 -0.038343
v -0.386954 0.028105 -0.057399
v -0.385031 0.069583 -0.096445
v -0.379835 0.069583 -0.115222
v -0.373724 0.069583 -0.133720
v -0.382391 0.042337 -0.095784
v -0.377229 0.042337 -0.114431
v -0.371161 0.042337 -0.132803
v -0.379465 0.028105 -0.095051
v -0.374343 0.028105 -0.113556
v -0.368321 0.028105 -0.131787
v -0.358818 0.069583 -0.169708
v -0.350058 0.069583 -0.187110
v -0.340456 0.069583 -0.204061
v -0.356357 0.042337 -0.168544
v -0.347657 0.042337 -0.185826
v -0.338120 0.042337 -0.202661
v -0.353630 0.028105 -0.167255
v -0.344997 0.028105 -0.184405
v -0.335533 0.028105 -0.201111
v -0.318815 0.069583 -0.236449
v -0.306828 0.069583 -0.251807
v -0.294103 0.069583 -0.266560
v -0.316628 0.042337 -0.234827
v -0.304724 0.042337 -0.250080
v -0.292086 0.042337 -0.264731
v -0.314205 0.028105 -0.233031
v -0.302392 0.028105 -0.248167
v -0.289852 0.028105 -0.262706
v -0.266560 0.069583 -0.294103
v -0.251807 0.069583 -0.306828
v -0.236449 0.069583 -0.318815
v -0.264731 0.042337 -0.292086
v -0.250080 0.042337 -0.304724
v -0.234827 0.042337 -0.316628
v -0.262706 0.028105 -0.289852
v -0.248167 0.028105 -0.302392
v -0.233031 0.028105 -0.314205
v -0.204061 0.069583 -0.340455
v -0.187110 0.069583 -0.350058
v -0.169708 0.069583 -0.358817
v -0.202662 0.042337 -0.338120
v -0.185826 0.042337 -0.347657
v -0.168544 0.042337 -0.356356
v -0.201111 0.028105 -0.335533
v -0.184405 0.028105 -0.344997
v -0.167255 0.028105 -0.353630
v -0.133721 0.069583 -0.373724
v -0.115222 0.069583 -0.379835
v -0.096445 0.069583 -0.385031
v -0.132803 0.042337 -0.371161
v -0.114431 0.042337 -0.377229
v -0.095784 0.042337 -0.382391
v -0.131787 0.028105 -0.368321
v -0.113556 0.028105 -0.374343
v -0.095051 0.028105 -0.379465
v -0.018915 0.016900 -0.385023
v -0.037784 0.016900 -0.383630
v -0.056563 0.016900 -0.381315
v -0.093666 0.016900 -0.373934
v -0.111901 0.016900 -0.368887
v -0.129867 0.016900 -0.362953
v -0.164817 0.016900 -0.348476
v -0.181717 0.016900 -0.339968
v -0.198180 0.016900 -0.330643
v -0.229634 0.016900 -0.309626
v -0.244550 0.016900 -0.297985
v -0.258877 0.016900 -0.285627
v -0.285627 0.016900 -0.258877
v -0.297985 0.016900 -0.244550
v -0.309626 0.016900 -0.229634
v -0.330643 0.016900 -0.198180
v -0.339969 0.016900 -0.181717
v -0.348476 0.016900 -0.164817
v -0.362953 0.016900 -0.129866
v -0.368887 0.016900 -0.111901
v -0.373934 0.016900 -0.093666
v -0.381315 0.016900 -0.056563
v -0.383630 0.016900 -0.037784
v -0.385023 0.016900 -0.018915
v -0.385023 0.016900 0.018915
v -0.383630 0.016900 0.037784
v -0.381315 0.016900 0.056563
v -0.373934 0.016900 0.093666
v -0.368887 0.016900 0.111901
v -0.362953 0.016900 0.129867
v -0.348476 0.016900 0.164817
v -0.339969 0.016900 0.181717
v -0.330643 0.016900 0.198180
v -0.309626 0.016900 0.229634
v -0.297985 0.016900 0.244550
v -0.285627 0.016900 0.258877
v -0.258877 0.016900 0.285627
v -0.244550 0.016900 0.297985
v -0.229634 0.016900 0.309626
v -0.198180 0.016900 0.330643
v -0.181717 0.016900 0.339969
v -0.164817 0.016900 0.348476
v -0.129866 0.016900 0.362953
v -0.111901 0.016900 0.368888
v -0.093666 0.016900 0.373934
v -0.056562 0.016900 0.381315
v -0.037784 0.016900 0.383630
v -0.018915 0.016900 0.385023
v 0.018915 0.016900 0.385023
v 0.037784 0.016900 0.383630
v 0.056563 0.016900 0.381315
v 0.093666 0.016900 0.373934
v 0.111901 0.016900 0.368887
v 0.129867 0.016900 0.362953
v 0.164817 0.016900 0.348476
v 0.181717 0.016900 0.339969
v 0.198180 0.016900 0.330643
v 0.229635 0.016900 0.309626
v 0.244550 0.016900 0.297985
v 0.258877 0.016900 0.285627
v 0.285627 0.016900 0.258877
v 0.297985 0.016900 0.244550
v 0.309626 0.016900 0.229634
v 0.330643 0.016900 0.198180
v 0.339969 0.016900 0.181717
v 0.348476 0.016900 0.164817
v 0.362953 0.016900 0.129866
v 0.368888 0.016900 0.111900
v 0.373934 0.016900 0.093665
v 0.381315 0.016900 0.056562
v 0.383630 0.016900 0.037784
v 0.385023 0.016900 0.018915
v 0.385023 0.016900 -0.018915
v 0.383630 0.016900 -0.037785
v 0.381315 0.016900 -0.056563
v 0.373934 0.016900 -0.093666
v 0.368887 0.016900 -0.111901
v 0.362953 0.016900 -0.129867
v 0.348476 0.016900 -0.164817
v 0.339968 0.016900 -0.181717
v 0.330643 0.016900 -0.198180
v 0.309626 0.016900 -0.229635
v 0.297985 0.016900 -0.244550
v 0.285627 0.016900 -0.258877
v 0.258877 0.016900 -0.285627
v 0.244549 0.016900 -0.297985
v 0.229634 0.016900 -0.309626
v 0.198179 0.016900 -0.330643
v 0.181717 0.016900 -0.339969
v 0.164816 0.016900 -0.348476
v 0.129866 0.016900 -0.362953
v 0.111900 0.016900 -0.368888
v 0.093665 0.016900 -0.373934
v 0.056562 0.016900 -0.381315
v 0.037784 0.016900 -0.383630
v 0.018915 0.016900 -0.385023
v -0.269459 0.294744 0.297303
v -0.254546 0.294744 0.310165
v -0.239021 0.294744 0.322282
v -0.222920 0.294744 0.333623
v -0.206281 0.294744 0.344159
v -0.189145 0.294744 0.353865
v -0.171554 0.294744 0.362721
v -0.153550 0.294744 0.370702
v -0.135175 0.294744 0.377789
v -0.116474 0.294744 0.383966
v -0.097494 0.294744 0.389219
v -0.078279 0.294744 0.393535
v -0.058875 0.294744 0.396901
v -0.039329 0.294744 0.399312
v -0.019688 0.294744 0.400761
v 0.000000 0.294744 0.401245
v 0.019688 0.294744 0.400761
v 0.039329 0.294744 0.399312
v 0.058875 0.294744 0.396901
v 0.078279 0.294744 0.393535
v 0.097494 0.294744 0.389219
v 0.116475 0.294744 0.383966
v 0.135175 0.294744 0.377789
v 0.153550 0.294744 0.370702
v 0.171554 0.294744 0.362721
v 0.189145 0.294744 0.353865
v 0.206281 0.294744 0.344158
v 0.222920 0.294744 0.333623
v 0.239021 0.294744 0.322282
v 0.254546 0.294744 0.310165
v 0.269459 0.294744 0.297302
v 0.297303 0.294744 0.269459
v 0.297302 0.294744 -0.269459
v 0.310165 0.294744 0.254546
v 0.322282 0.294744 0.239021
v 0.322282 0.294744 -0.239021
v 0.310165 0.294744 -0.254546
v 0.333623 0.294744 0.222919
v 0.344159 0.294744 0.206280
v 0.344158 0.294744 -0.206281
v 0.353865 0.294744 0.189144
v 0.362720 0.294744 -0.171554
v 0.362721 0.294744 0.171554
v 0.353865 0.294744 -0.189146
v 0.333623 0.294744 -0.222920
v 0.377789 0.294744 -0.135175
v 0.377789 0.294744 0.135175
v 0.389219 0.294744 -0.097495
v 0.389219 0.294744 0.097494
v 0.383966 0.294744 -0.116475
v 0.383966 0.294744 0.116474
v 0.396901 0.294744 -0.058875
v 0.401245 0.294744 -0.000000
v 0.400761 0.294744 -0.019689
v 0.400761 0.294744 0.019688
v 0.399312 0.294744 -0.039329
v 0.399312 0.294744 0.039328
v 0.396901 0.294744 0.058874
v 0.393535 0.294744 -0.078280
v 0.393535 0.294744 0.078279
v 0.370702 0.294744 -0.153550
v 0.370703 0.294744 0.153549
v 0.283724 0.294744 0.283722
v -0.401245 0.294744 -0.000000
v -0.400761 0.294744 -0.019688
v -0.400761 0.294744 0.019688
v -0.399312 0.294744 -0.039329
v -0.399312 0.294744 0.039329
v -0.396901 0.294744 -0.058875
v -0.396901 0.294744 0.058875
v -0.393535 0.294744 -0.078279
v -0.393535 0.294744 0.078279
v -0.389219 0.294744 -0.097494
v -0.389219 0.294744 0.097494
v -0.377789 0.294744 -0.135175
v -0.377789 0.294744 0.135175
v -0.383966 0.294744 -0.116475
v -0.383966 0.294744 0.116474
v -0.370702 0.294744 -0.153550
v -0.370702 0.294744 0.153550
v -0.362721 0.294744 -0.171554
v -0.362721 0.294744 0.171554
v -0.333623 0.294744 -0.222920
v -0.344159 0.294744 -0.206281
v -0.344159 0.294744 0.206281
v -0.353865 0.294744 -0.189145
v -0.353865 0.294744 0.189145
v -0.322282 0.294744 -0.239021
v -0.310165 0.294744 -0.254546
v -0.322282 0.294744 0.239021
v -0.297302 0.294744 -0.269459
v -0.283724 0.294744 -0.283723
v -0.283724 0.294744 0.283724
v -0.297302 0.294744 0.269459
v -0.310165 0.294744 0.254546
v -0.333623 0.294744 0.222920
v -0.269459 0.294744 -0.297302
v -0.254546 0.294744 -0.310165
v -0.239021 0.294744 -0.322282
v -0.222920 0.294744 -0.333623
v -0.206281 0.294744 -0.344158
v -0.189145 0.294744 -0.353865
v -0.171554 0.294744 -0.362720
v -0.135175 0.294744 -0.377789
v -0.097494 0.294744 -0.389219
v -0.116474 0.294744 -0.383966
v -0.058875 0.294744 -0.396901
v 0.000000 0.294744 -0.401245
v -0.019688 0.294744 -0.400761
v -0.039329 0.294744 -0.399312
v -0.078279 0.294744 -0.393535
v -0.153550 0.294744 -0.370702
v 0.019688 0.294744 -0.400761
v 0.039328 0.294744 -0.399312
v 0.058874 0.294744 -0.396901
v 0.078279 0.294744 -0.393535
v 0.097494 0.294744 -0.389219
v 0.116474 0.294744 -0.383966
v 0.135174 0.294744 -0.377789
v 0.153550 0.294744 -0.370703
v 0.171553 0.294744 -0.362721
v 0.189145 0.294744 -0.353865
v 0.206280 0.294744 -0.344159
v 0.222919 0.294744 -0.333623
v 0.239021 0.294744 -0.322282
v 0.254546 0.294744 -0.310165
v 0.269459 0.294744 -0.297303
v 0.283723 0.294744 -0.283724
v -0.384369 0.015613 -0.000000
v -0.383905 0.015613 -0.018860
v -0.383905 0.015613 0.018860
v -0.380208 0.015613 -0.056399
v -0.382516 0.015613 -0.037674
v -0.382516 0.015613 0.037674
v -0.380208 0.015613 0.056399
v -0.376983 0.015613 -0.074987
v -0.376983 0.015613 0.074987
v -0.372848 0.015613 -0.093394
v -0.372848 0.015613 0.093394
v -0.361899 0.015613 -0.129489
v -0.361899 0.015613 0.129490
v -0.367816 0.015613 -0.111576
v -0.367816 0.015613 0.111576
v -0.355110 0.015613 -0.147092
v -0.355110 0.015613 0.147092
v -0.347464 0.015613 0.164339
v -0.338982 0.015613 0.181189
v -0.347464 0.015613 -0.164338
v -0.329683 0.015613 0.197604
v -0.319591 0.015613 0.213544
v -0.329683 0.015613 -0.197604
v -0.338982 0.015613 -0.181189
v -0.308727 0.015613 0.228967
v -0.297120 0.015613 0.243840
v -0.297120 0.015613 -0.243840
v -0.308727 0.015613 -0.228967
v -0.284798 0.015613 0.258125
v -0.284798 0.015613 -0.258125
v -0.271790 0.015613 0.271790
v -0.271790 0.015613 -0.271790
v -0.319591 0.015613 -0.213543
v -0.258125 0.015613 0.284798
v -0.243840 0.015613 0.297120
v -0.228967 0.015613 0.308727
v -0.213543 0.015613 0.319591
v -0.197604 0.015613 0.329683
v -0.181189 0.015613 0.338982
v -0.164338 0.015613 0.347464
v -0.147092 0.015613 0.355110
v -0.129489 0.015613 0.361899
v -0.111576 0.015613 0.367817
v -0.074987 0.015613 0.376983
v -0.093394 0.015613 0.372848
v -0.056398 0.015613 0.380208
v -0.037674 0.015613 0.382516
v -0.018860 0.015613 0.383905
v 0.000000 0.015613 0.384369
v 0.018860 0.015613 0.383905
v 0.037674 0.015613 0.382516
v 0.056399 0.015613 0.380208
v 0.074987 0.015613 0.376983
v 0.093394 0.015613 0.372848
v 0.111576 0.015613 0.367816
v 0.129490 0.015613 0.361899
v 0.147092 0.015613 0.355110
v 0.164339 0.015613 0.347464
v 0.181189 0.015613 0.338982
v 0.197605 0.015613 0.329683
v 0.213544 0.015613 0.319591
v 0.228968 0.015613 0.308727
v 0.243840 0.015613 0.297120
v 0.258126 0.015613 0.284798
v 0.271790 0.015613 0.271790
v -0.258125 0.015613 -0.284798
v -0.243840 0.015613 -0.297120
v -0.228967 0.015613 -0.308727
v -0.213544 0.015613 -0.319591
v -0.197604 0.015613 -0.329683
v -0.164338 0.015613 -0.347464
v -0.181189 0.015613 -0.338981
v -0.147092 0.015613 -0.355110
v -0.129490 0.015613 -0.361899
v -0.093394 0.015613 -0.372848
v -0.111576 0.015613 -0.367816
v -0.056399 0.015613 -0.380208
v -0.018860 0.015613 -0.383905
v -0.037674 0.015613 -0.382516
v -0.074987 0.015613 -0.376983
v 0.000000 0.015613 -0.384369
v 0.018860 0.015613 -0.383905
v 0.037674 0.015613 -0.382516
v 0.056398 0.015613 -0.380208
v 0.074986 0.015613 -0.376983
v 0.093393 0.015613 -0.372848
v 0.111575 0.015613 -0.367817
v 0.129489 0.015613 -0.361900
v 0.147091 0.015613 -0.355110
v 0.164338 0.015613 -0.347464
v 0.181189 0.015613 -0.338982
v 0.197604 0.015613 -0.329683
v 0.213543 0.015613 -0.319591
v 0.228967 0.015613 -0.308727
v 0.243839 0.015613 -0.297120
v 0.258125 0.015613 -0.284798
v 0.271790 0.015613 -0.271790
v 0.284798 0.015613 -0.258126
v 0.284798 0.015613 0.258125
v 0.297120 0.015613 -0.243840
v 0.308727 0.015613 -0.228968
v 0.308727 0.015613 0.228967
v 0.297120 0.015613 0.243840
v 0.319591 0.015613 -0.213544
v 0.329683 0.015613 -0.197605
v 0.329683 0.015613 0.197604
v 0.338981 0.015613 -0.181189
v 0.347464 0.015613 -0.164339
v 0.347464 0.015613 0.164338
v 0.338982 0.015613 0.181189
v 0.319591 0.015613 0.213543
v 0.361899 0.015613 -0.129490
v 0.361900 0.015613 0.129489
v 0.372848 0.015613 -0.093394
v 0.372848 0.015613 0.093393
v 0.367816 0.015613 -0.111576
v 0.367817 0.015613 0.111576
v 0.384369 0.015613 -0.000000
v 0.383905 0.015613 -0.018860
v 0.383905 0.015613 0.018860
v 0.380208 0.015613 -0.056399
v 0.382516 0.015613 -0.037675
v 0.382516 0.015613 0.037674
v 0.380208 0.015613 0.056398
v 0.376983 0.015613 -0.074987
v 0.376983 0.015613 0.074986
v 0.355110 0.015613 -0.147092
v 0.355110 0.015613 0.147092
v 0.000000 0.119954 -0.408865
v -0.079765 0.119954 -0.401010
v -0.156466 0.119954 -0.377742
v -0.227154 0.119954 -0.339960
v -0.289112 0.119954 -0.289112
v -0.339960 0.119954 -0.227154
v -0.377742 0.119954 -0.156467
v -0.401009 0.119954 -0.079765
v -0.408865 0.119954 -0.000000
v -0.401009 0.119954 0.079765
v -0.377742 0.119954 0.156466
v -0.339960 0.119954 0.227154
v -0.289112 0.119954 0.289112
v -0.227154 0.119954 0.339960
v -0.156466 0.119954 0.377743
v -0.079765 0.119954 0.401009
v 0.000000 0.119954 0.408866
v 0.079766 0.119954 0.401009
v 0.156466 0.119954 0.377742
v 0.227154 0.119954 0.339960
v 0.289112 0.119954 0.289112
v 0.339960 0.119954 0.227154
v 0.377743 0.119954 0.156465
v 0.401009 0.119954 0.079765
v 0.408866 0.119954 -0.000000
v 0.401009 0.119954 -0.079766
v 0.377742 0.119954 -0.156467
v 0.339959 0.119954 -0.227154
v 0.289111 0.119954 -0.289112
v 0.227153 0.119954 -0.339960
v 0.156465 0.119954 -0.377743
v 0.079765 0.119954 -0.401010
v 0.000000 0.023567 -0.397996
v -0.077645 0.023567 -0.390348
v -0.152306 0.023567 -0.367700
v -0.221114 0.023567 -0.330921
v -0.281425 0.023567 -0.281425
v -0.330921 0.023567 -0.221114
v -0.367700 0.023567 -0.152306
v -0.390348 0.023567 -0.077645
v -0.397996 0.023567 -0.000000
v -0.390348 0.023567 0.077645
v -0.367700 0.023567 0.152306
v -0.330921 0.023567 0.221114
v -0.281425 0.023567 0.281425
v -0.221114 0.023567 0.330921
v -0.152306 0.023567 0.367700
v -0.077645 0.023567 0.390348
v 0.000000 0.023567 0.397996
v 0.077645 0.023567 0.390348
v 0.152306 0.023567 0.367700
v 0.221114 0.023567 0.330921
v 0.281426 0.023567 0.281425
v 0.330921 0.023567 0.221114
v 0.367700 0.023567 0.152306
v 0.390348 0.023567 0.077645
v 0.397996 0.023567 -0.000000
v 0.390348 0.023567 -0.077646
v 0.367700 0.023567 -0.152306
v 0.330921 0.023567 -0.221114
v 0.281425 0.023567 -0.281426
v 0.221114 0.023567 -0.330921
v 0.152306 0.023567 -0.367700
v 0.077645 0.023567 -0.390348
v -0.059993 0.119954 -0.404439
v -0.040076 0.119954 -0.406895
v -0.020062 0.119954 -0.408373
v -0.137742 0.119954 -0.384964
v -0.118687 0.119954 -0.391259
v -0.099346 0.119954 -0.396611
v -0.210198 0.119954 -0.350695
v -0.192737 0.119954 -0.360586
v -0.174812 0.119954 -0.369609
v -0.274577 0.119954 -0.302948
v -0.259381 0.119954 -0.316056
v -0.243561 0.119954 -0.328403
v -0.328403 0.119954 -0.243560
v -0.316056 0.119954 -0.259381
v -0.302948 0.119954 -0.274577
v -0.369609 0.119954 -0.174812
v -0.360586 0.119954 -0.192737
v -0.350695 0.119954 -0.210198
v -0.396611 0.119954 -0.099346
v -0.391259 0.119954 -0.118687
v -0.384965 0.119954 -0.137742
v -0.408373 0.119954 -0.020062
v -0.406896 0.119954 -0.040076
v -0.404439 0.119954 -0.059993
v -0.404439 0.119954 0.059993
v -0.406896 0.119954 0.040076
v -0.408373 0.119954 0.020062
v -0.384965 0.119954 0.137742
v -0.391259 0.119954 0.118687
v -0.396611 0.119954 0.099346
v -0.350695 0.119954 0.210198
v -0.360586 0.119954 0.192737
v -0.369609 0.119954 0.174812
v -0.302948 0.119954 0.274577
v -0.316056 0.119954 0.259381
v -0.328403 0.119954 0.243561
v -0.243561 0.119954 0.328403
v -0.259381 0.119954 0.316056
v -0.274577 0.119954 0.302948
v -0.174812 0.119954 0.369609
v -0.192737 0.119954 0.360586
v -0.210198 0.119954 0.350695
v -0.099346 0.119954 0.396612
v -0.118687 0.119954 0.391259
v -0.137742 0.119954 0.384965
v -0.020062 0.119954 0.408373
v -0.040076 0.119954 0.406896
v -0.059993 0.119954 0.404439
v 0.059993 0.119954 0.404439
v 0.040076 0.119954 0.406896
v 0.020062 0.119954 0.408373
v 0.137742 0.119954 0.384965
v 0.118687 0.119954 0.391259
v 0.099346 0.119954 0.396611
v 0.210198 0.119954 0.350695
v 0.192738 0.119954 0.360586
v 0.174813 0.119954 0.369609
v 0.274577 0.119954 0.302948
v 0.259381 0.119954 0.316056
v 0.243561 0.119954 0.328403
v 0.328403 0.119954 0.243560
v 0.316056 0.119954 0.259381
v 0.302950 0.119954 0.274577
v 0.369609 0.119954 0.174812
v 0.360586 0.119954 0.192737
v 0.350696 0.119954 0.210198
v 0.396612 0.119954 0.099345
v 0.391259 0.119954 0.118687
v 0.384965 0.119954 0.137742
v 0.408373 0.119954 0.020061
v 0.406896 0.119954 0.040076
v 0.404439 0.119954 0.059993
v 0.404439 0.119954 -0.059993
v 0.406896 0.119954 -0.040076
v 0.408373 0.119954 -0.020062
v 0.384964 0.119954 -0.137742
v 0.391259 0.119954 -0.118687
v 0.396611 0.119954 -0.099346
v 0.350695 0.119954 -0.210200
v 0.360586 0.119954 -0.192738
v 0.369609 0.119954 -0.174813
v 0.302948 0.119954 -0.274577
v 0.316056 0.119954 -0.259381
v 0.328403 0.119954 -0.243561
v 0.243560 0.119954 -0.328403
v 0.259380 0.119954 -0.316056
v 0.274576 0.119954 -0.302950
v 0.174812 0.119954 -0.369609
v 0.192737 0.119954 -0.360586
v 0.210198 0.119954 -0.350696
v 0.099345 0.119954 -0.396612
v 0.118686 0.119954 -0.391259
v 0.137742 0.119954 -0.384965
v 0.020062 0.119954 -0.408373
v 0.040076 0.119954 -0.406896
v 0.059993 0.119954 -0.404439
v 0.000000 0.272936 -0.410996
v 0.000000 0.190236 -0.410274
v 0.080180 0.272936 -0.403099
v 0.080040 0.190236 -0.402390
v -0.080041 0.190236 -0.402390
v -0.080181 0.272936 -0.403099
v -0.157005 0.190236 -0.379043
v -0.157281 0.272936 -0.379711
v -0.227935 0.190236 -0.341129
v -0.228337 0.272936 -0.341731
v -0.290107 0.190236 -0.290107
v -0.290618 0.272936 -0.290618
v -0.341129 0.190236 -0.227935
v -0.341731 0.272936 -0.228337
v -0.379043 0.190236 -0.157005
v -0.379711 0.272936 -0.157281
v -0.402390 0.190236 -0.080041
v -0.403099 0.272936 -0.080181
v -0.410274 0.190236 -0.000000
v -0.410996 0.272936 -0.000000
v -0.402390 0.190236 0.080041
v -0.403099 0.272936 0.080181
v -0.379043 0.190236 0.157005
v -0.379711 0.272936 0.157281
v -0.341129 0.190236 0.227935
v -0.341731 0.272936 0.228337
v -0.290107 0.190236 0.290107
v -0.290618 0.272936 0.290618
v -0.227935 0.190236 0.341130
v -0.228337 0.272936 0.341731
v -0.157005 0.190236 0.379043
v -0.157281 0.272936 0.379711
v -0.080041 0.190236 0.402390
v -0.080181 0.272936 0.403099
v 0.000000 0.190236 0.410274
v 0.000000 0.272936 0.410996
v 0.080041 0.190236 0.402390
v 0.080181 0.272936 0.403099
v 0.157005 0.190236 0.379043
v 0.157282 0.272936 0.379711
v 0.227936 0.190236 0.341129
v 0.228338 0.272936 0.341731
v 0.290108 0.190236 0.290107
v 0.290618 0.272936 0.290618
v 0.341130 0.190236 0.227935
v 0.341731 0.272936 0.228337
v 0.379043 0.190236 0.157005
v 0.379711 0.272936 0.157281
v 0.402390 0.190236 0.080040
v 0.403099 0.272936 0.080181
v 0.410274 0.190236 -0.000000
v 0.410996 0.272936 -0.000000
v 0.402390 0.190236 -0.080041
v 0.403099 0.272936 -0.080181
v 0.379043 0.190236 -0.157006
v 0.379711 0.272936 -0.157282
v 0.341129 0.190236 -0.227936
v 0.341731 0.272936 -0.228338
v 0.290107 0.190236 -0.290108
v 0.290618 0.272936 -0.290619
v 0.227935 0.190236 -0.341130
v 0.228337 0.272936 -0.341731
v 0.157005 0.190236 -0.379043
v 0.157281 0.272936 -0.379711
v 0.000000 0.019551 -0.395485
v 0.000000 0.016659 -0.392984
v -0.076667 0.016659 -0.385433
v -0.077155 0.019551 -0.387886
v -0.058398 0.023567 -0.393687
v -0.039010 0.023567 -0.396077
v -0.019528 0.023567 -0.397516
v -0.150389 0.016659 -0.363070
v -0.151346 0.019551 -0.365381
v -0.134080 0.023567 -0.374730
v -0.115532 0.023567 -0.380856
v -0.096704 0.023567 -0.386067
v -0.218331 0.016659 -0.326755
v -0.219720 0.019551 -0.328834
v -0.204610 0.023567 -0.341371
v -0.187613 0.023567 -0.350999
v -0.170164 0.023567 -0.359783
v -0.277882 0.016659 -0.277882
v -0.279650 0.019551 -0.279650
v -0.267277 0.023567 -0.294894
v -0.252485 0.023567 -0.307653
v -0.237085 0.023567 -0.319672
v -0.326755 0.016659 -0.218331
v -0.328834 0.019551 -0.219719
v -0.319672 0.023567 -0.237085
v -0.307654 0.023567 -0.252485
v -0.294895 0.023567 -0.267277
v -0.363070 0.016659 -0.150389
v -0.365381 0.019551 -0.151346
v -0.359783 0.023567 -0.170164
v -0.350999 0.023567 -0.187613
v -0.341371 0.023567 -0.204610
v -0.385433 0.016659 -0.076667
v -0.387886 0.019551 -0.077155
v -0.386067 0.023567 -0.096704
v -0.380856 0.023567 -0.115532
v -0.374730 0.023567 -0.134080
v -0.392984 0.016659 -0.000000
v -0.395485 0.019551 -0.000000
v -0.397516 0.023567 -0.019528
v -0.396077 0.023567 -0.039010
v -0.393687 0.023567 -0.058398
v -0.385433 0.016659 0.076667
v -0.387886 0.019551 0.077155
v -0.393687 0.023567 0.058398
v -0.396077 0.023567 0.039010
v -0.397516 0.023567 0.019528
v -0.363070 0.016659 0.150389
v -0.365381 0.019551 0.151346
v -0.374730 0.023567 0.134080
v -0.380856 0.023567 0.115532
v -0.386067 0.023567 0.096704
v -0.326755 0.016659 0.218331
v -0.328834 0.019551 0.219720
v -0.341371 0.023567 0.204610
v -0.351000 0.023567 0.187613
v -0.359783 0.023567 0.170164
v -0.277882 0.016660 0.277882
v -0.279650 0.019551 0.279650
v -0.294895 0.023567 0.267277
v -0.307654 0.023567 0.252485
v -0.319672 0.023567 0.237086
v -0.218331 0.016660 0.326755
v -0.219719 0.019551 0.328834
v -0.237085 0.023567 0.319672
v -0.252485 0.023567 0.307654
v -0.267277 0.023567 0.294895
v -0.150389 0.016660 0.363070
v -0.151346 0.019551 0.365381
v -0.170164 0.023567 0.359783
v -0.187613 0.023567 0.351000
v -0.204610 0.023567 0.341371
v -0.076667 0.016660 0.385433
v -0.077155 0.019551 0.387886
v -0.096704 0.023567 0.386068
v -0.115532 0.023567 0.380856
v -0.134080 0.023567 0.374730
v 0.000000 0.016660 0.392984
v 0.000000 0.019551 0.395485
v -0.019528 0.023567 0.397516
v -0.039010 0.023567 0.396077
v -0.058398 0.023567 0.393687
v 0.076668 0.016660 0.385433
v 0.077155 0.019551 0.387886
v 0.058398 0.023567 0.393687
v 0.039011 0.023567 0.396077
v 0.019529 0.023567 0.397516
v 0.150389 0.016660 0.363070
v 0.151346 0.019551 0.365381
v 0.134081 0.023567 0.374730
v 0.115532 0.023567 0.380856
v 0.096705 0.023567 0.386068
v 0.218331 0.016660 0.326755
v 0.219720 0.019551 0.328834
v 0.204610 0.023567 0.341371
v 0.187613 0.023567 0.350999
v 0.170165 0.023567 0.359783
v 0.277882 0.016660 0.277882
v 0.279650 0.019551 0.279650
v 0.267277 0.023567 0.294894
v 0.252485 0.023567 0.307653
v 0.237086 0.023567 0.319672
v 0.326755 0.016659 0.218331
v 0.328834 0.019551 0.219719
v 0.319672 0.023567 0.237085
v 0.307654 0.023567 0.252485
v 0.294895 0.023567 0.267277
v 0.363071 0.016659 0.150389
v 0.365381 0.019551 0.151346
v 0.359783 0.023567 0.170164
v 0.351000 0.023567 0.187613
v 0.341371 0.023567 0.204610
v 0.385433 0.016659 0.076667
v 0.387886 0.019551 0.077155
v 0.386068 0.023567 0.096704
v 0.380856 0.023567 0.115531
v 0.374730 0.023567 0.134080
v 0.392984 0.016659 -0.000000
v 0.395485 0.019551 -0.000000
v 0.397516 0.023567 0.019528
v 0.396077 0.023567 0.039010
v 0.393687 0.023567 0.058398
v 0.385433 0.016659 -0.076668
v 0.387886 0.019551 -0.077155
v 0.393687 0.023567 -0.058398
v 0.396077 0.023567 -0.039011
v 0.397516 0.023567 -0.019529
v 0.363070 0.016659 -0.150389
v 0.365381 0.019551 -0.151346
v 0.374730 0.023567 -0.134081
v 0.380856 0.023567 -0.115532
v 0.386067 0.023567 -0.096705
v 0.326754 0.016659 -0.218331
v 0.328834 0.019551 -0.219720
v 0.341371 0.023567 -0.204610
v 0.350999 0.023567 -0.187613
v 0.359783 0.023567 -0.170165
v 0.277882 0.016659 -0.277883
v 0.279650 0.019551 -0.279650
v 0.294894 0.023567 -0.267277
v 0.307653 0.023567 -0.252485
v 0.319672 0.023567 -0.237086
v 0.218330 0.016659 -0.326755
v 0.219719 0.019551 -0.328834
v 0.237085 0.023567 -0.319673
v 0.252485 0.023567 -0.307654
v 0.267276 0.023567 -0.294895
v 0.150388 0.016659 -0.363071
v 0.151345 0.019551 -0.365381
v 0.170164 0.023567 -0.359783
v 0.187612 0.023567 -0.351000
v 0.204610 0.023567 -0.341371
v 0.076667 0.016659 -0.385433
v 0.077154 0.019551 -0.387886
v 0.096704 0.023567 -0.386068
v 0.115531 0.023567 -0.380856
v 0.134080 0.023567 -0.374730
v 0.019528 0.023567 -0.397516
v 0.039010 0.023567 -0.396077
v 0.058397 0.023567 -0.393687
v 0.000000 0.030117 -0.400856
v 0.000000 0.044328 -0.403855
v 0.000000 0.072255 -0.406641
v 0.079332 0.072255 -0.398828
v 0.078787 0.044328 -0.396095
v 0.078203 0.030117 -0.393154
v -0.078203 0.030117 -0.393154
v -0.078788 0.044328 -0.396095
v -0.079332 0.072255 -0.398828
v -0.153401 0.030117 -0.370343
v -0.154549 0.044328 -0.373113
v -0.155615 0.072255 -0.375688
v -0.222704 0.030117 -0.333299
v -0.224370 0.044328 -0.335793
v -0.225918 0.072255 -0.338111
v -0.283448 0.030117 -0.283448
v -0.285569 0.044328 -0.285569
v -0.287539 0.072255 -0.287539
v -0.333299 0.030117 -0.222704
v -0.335793 0.044328 -0.224370
v -0.338111 0.072255 -0.225918
v -0.370343 0.030117 -0.153401
v -0.373113 0.044328 -0.154549
v -0.375688 0.072255 -0.155615
v -0.393154 0.030117 -0.078203
v -0.396095 0.044328 -0.078788
v -0.398828 0.072255 -0.079332
v -0.400856 0.030117 -0.000000
v -0.403855 0.044328 -0.000000
v -0.406641 0.072255 -0.000000
v -0.393154 0.030117 0.078203
v -0.396095 0.044328 0.078788
v -0.398828 0.072255 0.079332
v -0.370343 0.030117 0.153401
v -0.373113 0.044328 0.154549
v -0.375688 0.072255 0.155615
v -0.333299 0.030117 0.222704
v -0.335793 0.044328 0.224370
v -0.338111 0.072255 0.225918
v -0.283448 0.030117 0.283448
v -0.285569 0.044328 0.285569
v -0.287539 0.072255 0.287539
v -0.222704 0.030117 0.333299
v -0.224370 0.044328 0.335793
v -0.225918 0.072255 0.338111
v -0.153401 0.030117 0.370343
v -0.154549 0.044328 0.373113
v -0.155615 0.072255 0.375688
v -0.078203 0.030117 0.393154
v -0.078788 0.044328 0.396095
v -0.079332 0.072255 0.398828
v 0.000000 0.030117 0.400856
v 0.000000 0.044328 0.403855
v 0.000000 0.072255 0.406641
v 0.078204 0.030117 0.393154
v 0.078788 0.044328 0.396095
v 0.079332 0.072255 0.398828
v 0.153401 0.030117 0.370343
v 0.154549 0.044328 0.373113
v 0.155615 0.072255 0.375688
v 0.222704 0.030117 0.333299
v 0.224370 0.044328 0.335793
v 0.225918 0.072255 0.338111
v 0.283448 0.030117 0.283448
v 0.285569 0.044328 0.285569
v 0.287539 0.072255 0.287539
v 0.333300 0.030117 0.222704
v 0.335793 0.044328 0.224370
v 0.338111 0.072255 0.225918
v 0.370343 0.030117 0.153401
v 0.373113 0.044328 0.154549
v 0.375688 0.072255 0.155615
v 0.393154 0.030117 0.078203
v 0.396095 0.044328 0.078787
v 0.398828 0.072255 0.079332
v 0.400856 0.030117 -0.000000
v 0.403855 0.044328 -0.000000
v 0.406641 0.072255 -0.000000
v 0.393154 0.030117 -0.078204
v 0.396095 0.044328 -0.078788
v 0.398828 0.072255 -0.079332
v 0.370343 0.030117 -0.153401
v 0.373113 0.044328 -0.154549
v 0.375688 0.072255 -0.155616
v 0.333299 0.030117 -0.222704
v 0.335793 0.044328 -0.224370
v 0.338110 0.072255 -0.225918
v 0.283448 0.030117 -0.283448
v 0.285569 0.044328 -0.285569
v 0.287539 0.072255 -0.287539
v 0.222703 0.030117 -0.333300
v 0.224369 0.044328 -0.335793
v 0.225917 0.072255 -0.338111
v 0.153400 0.030117 -0.370343
v 0.154548 0.044328 -0.373113
v 0.155615 0.072255 -0.375688
v 0.019952 0.072255 -0.406151
v 0.039857 0.072255 -0.404682
v 0.059666 0.072255 -0.402240
v 0.019816 0.044328 -0.403368
v 0.039584 0.044328 -0.401909
v 0.059257 0.044328 -0.399483
v 0.019669 0.030117 -0.400372
v 0.039290 0.030117 -0.398924
v 0.058817 0.030117 -0.396517
v -0.059667 0.072255 -0.402240
v -0.039857 0.072255 -0.404682
v -0.019952 0.072255 -0.406151
v -0.059258 0.044328 -0.399483
v -0.039584 0.044328 -0.401909
v -0.019816 0.044328 -0.403368
v -0.058817 0.030117 -0.396517
v -0.039290 0.030117 -0.398924
v -0.019669 0.030117 -0.400372
v -0.020132 0.190236 -0.409778
v -0.040213 0.190236 -0.408296
v -0.060200 0.190236 -0.405832
v -0.020167 0.272936 -0.410500
v -0.040285 0.272936 -0.409015
v -0.060306 0.272936 -0.406547
v 0.370882 0.190236 -0.175414
v 0.361827 0.190236 -0.193401
v 0.351902 0.190236 -0.210923
v 0.371535 0.272936 -0.175724
v 0.362464 0.272936 -0.193742
v 0.352522 0.272936 -0.211294
v -0.275522 0.190236 0.303992
v -0.260273 0.190236 0.317144
v -0.244399 0.190236 0.329535
v -0.276007 0.272936 0.304528
v -0.260732 0.272936 0.317703
v -0.244830 0.272936 0.330115
v 0.397977 0.190236 -0.099688
v 0.392605 0.190236 -0.119096
v 0.386289 0.190236 -0.138217
v 0.398678 0.272936 -0.099864
v 0.393298 0.272936 -0.119306
v 0.386970 0.272936 -0.138461
v -0.329533 0.190236 0.244399
v -0.317144 0.190236 0.260274
v -0.303992 0.190236 0.275522
v -0.330114 0.272936 0.244830
v -0.317703 0.272936 0.260733
v -0.304528 0.272936 0.276007
v 0.409778 0.190236 -0.020132
v 0.408296 0.190236 -0.040214
v 0.405832 0.190236 -0.060200
v 0.410500 0.272936 -0.020167
v 0.409015 0.272936 -0.040285
v 0.406547 0.272936 -0.060306
v -0.370882 0.190236 0.175414
v -0.361827 0.190236 0.193400
v -0.351902 0.190236 0.210922
v -0.371535 0.272936 0.175723
v -0.362464 0.272936 0.193742
v -0.352522 0.272936 0.211293
v 0.405832 0.190236 0.060199
v 0.408296 0.190236 0.040213
v 0.409778 0.190236 0.020130
v 0.406547 0.272936 0.060305
v 0.409015 0.272936 0.040284
v 0.410500 0.272936 0.020166
v -0.397977 0.190236 0.099688
v -0.392605 0.190236 0.119096
v -0.386289 0.190236 0.138216
v -0.398678 0.272936 0.099864
v -0.393298 0.272936 0.119305
v -0.386970 0.272936 0.138461
v 0.386289 0.190236 0.138216
v 0.392605 0.190236 0.119095
v 0.397977 0.190236 0.099688
v 0.386970 0.272936 0.138460
v 0.393298 0.272936 0.119305
v 0.398678 0.272936 0.099864
v -0.409778 0.190236 0.020131
v -0.408296 0.190236 0.040213
v -0.405832 0.190236 0.060200
v -0.410500 0.272936 0.020167
v -0.409015 0.272936 0.040285
v -0.406547 0.272936 0.060305
v 0.351902 0.190236 0.210922
v 0.361828 0.190236 0.193400
v 0.370882 0.190236 0.175414
v 0.352522 0.272936 0.211293
v 0.362465 0.272936 0.193741
v 0.371535 0.272936 0.175722
v -0.405832 0.190236 -0.060200
v -0.408296 0.190236 -0.040213
v -0.409778 0.190236 -0.020130
v -0.406547 0.272936 -0.060306
v -0.409015 0.272936 -0.040285
v -0.410500 0.272936 -0.020167
v 0.303992 0.190236 0.275522
v 0.317145 0.190236 0.260273
v 0.329535 0.190236 0.244399
v 0.304528 0.272936 0.276007
v 0.317703 0.272936 0.260732
v 0.330115 0.272936 0.244830
v -0.386289 0.190236 -0.138216
v -0.392605 0.190236 -0.119096
v -0.397977 0.190236 -0.099688
v -0.386970 0.272936 -0.138461
v -0.393298 0.272936 -0.119305
v -0.398678 0.272936 -0.099864
v 0.244399 0.190236 0.329533
v 0.260274 0.190236 0.317144
v 0.275522 0.190236 0.303992
v 0.244830 0.272936 0.330114
v 0.260733 0.272936 0.317703
v 0.276007 0.272936 0.304527
v -0.099688 0.190236 -0.397977
v -0.119096 0.190236 -0.392605
v -0.138216 0.190236 -0.386289
v -0.099864 0.272936 -0.398678
v -0.119305 0.272936 -0.393298
v -0.138461 0.272936 -0.386970
v -0.351902 0.190236 -0.210922
v -0.361827 0.190236 -0.193400
v -0.370882 0.190236 -0.175414
v -0.352522 0.272936 -0.211293
v -0.362464 0.272936 -0.193742
v -0.371535 0.272936 -0.175723
v 0.175414 0.190236 0.370882
v 0.193401 0.190236 0.361827
v 0.210923 0.190236 0.351902
v 0.175724 0.272936 0.371535
v 0.193742 0.272936 0.362464
v 0.211294 0.272936 0.352522
v -0.303992 0.190236 -0.275522
v -0.317144 0.190236 -0.260273
v -0.329533 0.190236 -0.244399
v -0.304528 0.272936 -0.276008
v -0.317703 0.272936 -0.260732
v -0.330114 0.272936 -0.244830
v 0.099688 0.190236 0.397977
v 0.119096 0.190236 0.392605
v 0.138216 0.190236 0.386289
v 0.099864 0.272936 0.398678
v 0.119306 0.272936 0.393298
v 0.138461 0.272936 0.386970
v 0.138216 0.190236 -0.386289
v 0.119095 0.190236 -0.392605
v 0.099688 0.190236 -0.397977
v 0.138460 0.272936 -0.386970
v 0.119305 0.272936 -0.393298
v 0.099863 0.272936 -0.398678
v -0.244399 0.190236 -0.329534
v -0.260273 0.190236 -0.317144
v -0.275522 0.190236 -0.303992
v -0.244830 0.272936 -0.330114
v -0.260732 0.272936 -0.317703
v -0.276007 0.272936 -0.304528
v 0.020132 0.190236 0.409778
v 0.040213 0.190236 0.408296
v 0.060200 0.190236 0.405832
v 0.020167 0.272936 0.410500
v 0.040285 0.272936 0.409015
v 0.060306 0.272936 0.406547
v 0.210922 0.190236 -0.351902
v 0.193400 0.190236 -0.361828
v 0.175413 0.190236 -0.370882
v 0.211293 0.272936 -0.352522
v 0.193741 0.272936 -0.362465
v 0.175722 0.272936 -0.371535
v -0.175414 0.190236 -0.370882
v -0.193400 0.190236 -0.361827
v -0.210922 0.190236 -0.351902
v -0.175722 0.272936 -0.371535
v -0.193742 0.272936 -0.362464
v -0.211293 0.272936 -0.352522
v -0.060199 0.190236 0.405832
v -0.040213 0.190236 0.408296
v -0.020130 0.190236 0.409778
v -0.060306 0.272936 0.406547
v -0.040285 0.272936 0.409015
v -0.020167 0.272936 0.410500
v 0.275522 0.190236 -0.303992
v 0.260273 0.190236 -0.317145
v 0.244398 0.190236 -0.329535
v 0.276007 0.272936 -0.304528
v 0.260732 0.272936 -0.317704
v 0.244829 0.272936 -0.330115
v -0.138216 0.190236 0.386289
v -0.119096 0.190236 0.392605
v -0.099688 0.190236 0.397977
v -0.138460 0.272936 0.386970
v -0.119305 0.272936 0.393298
v -0.099864 0.272936 0.398678
v 0.329533 0.190236 -0.244399
v 0.317144 0.190236 -0.260274
v 0.303992 0.190236 -0.275522
v 0.330114 0.272936 -0.244830
v 0.317703 0.272936 -0.260733
v 0.304527 0.272936 -0.276008
v -0.210922 0.190236 0.351902
v -0.193400 0.190236 0.361828
v -0.175414 0.190236 0.370882
v -0.211293 0.272936 0.352522
v -0.193742 0.272936 0.362464
v -0.175722 0.272936 0.371535
v 0.060199 0.190236 -0.405832
v 0.040213 0.190236 -0.408296
v 0.020130 0.190236 -0.409778
v 0.060306 0.272936 -0.406547
v 0.040284 0.272936 -0.409015
v 0.020167 0.272936 -0.410500
v 0.098805 0.072255 -0.394455
v 0.118040 0.072255 -0.389130
v 0.136993 0.072255 -0.382870
v 0.098128 0.044328 -0.391751
v 0.117232 0.044328 -0.386464
v 0.136054 0.044328 -0.380247
v 0.097400 0.030117 -0.388842
v 0.116362 0.030117 -0.383595
v 0.135043 0.030117 -0.377424
v 0.173861 0.072255 -0.367599
v 0.191689 0.072255 -0.358625
v 0.209055 0.072255 -0.348787
v 0.172670 0.044328 -0.365081
v 0.190374 0.044328 -0.356167
v 0.207623 0.044328 -0.346398
v 0.171387 0.030117 -0.362369
v 0.188961 0.030117 -0.353522
v 0.206081 0.030117 -0.343825
v 0.242235 0.072255 -0.326617
v 0.257969 0.072255 -0.314337
v 0.273083 0.072255 -0.301301
v 0.240575 0.044328 -0.324379
v 0.256202 0.044328 -0.312184
v 0.271212 0.044328 -0.299236
v 0.238789 0.030117 -0.321971
v 0.254299 0.030117 -0.309866
v 0.269198 0.030117 -0.297014
v 0.301301 0.072255 -0.273084
v 0.314336 0.072255 -0.257971
v 0.326617 0.072255 -0.242236
v 0.299236 0.044328 -0.271212
v 0.312183 0.044328 -0.256202
v 0.324379 0.044328 -0.240576
v 0.297013 0.030117 -0.269198
v 0.309865 0.030117 -0.254300
v 0.321970 0.030117 -0.238789
v 0.348787 0.072255 -0.209056
v 0.358624 0.072255 -0.191690
v 0.367598 0.072255 -0.173862
v 0.346397 0.044328 -0.207623
v 0.356167 0.044328 -0.190375
v 0.365080 0.044328 -0.172671
v 0.343825 0.030117 -0.206082
v 0.353522 0.030117 -0.188962
v 0.362369 0.030117 -0.171388
v 0.382870 0.072255 -0.136993
v 0.389130 0.072255 -0.118041
v 0.394455 0.072255 -0.098806
v 0.380247 0.044328 -0.136055
v 0.386463 0.044328 -0.117233
v 0.391751 0.044328 -0.098129
v 0.377423 0.030117 -0.135045
v 0.383594 0.030117 -0.116362
v 0.388842 0.030117 -0.097400
v 0.402240 0.072255 -0.059667
v 0.404682 0.072255 -0.039858
v 0.406151 0.072255 -0.019954
v 0.399483 0.044328 -0.059258
v 0.401909 0.044328 -0.039585
v 0.403368 0.044328 -0.019817
v 0.396517 0.030117 -0.058818
v 0.398924 0.030117 -0.039291
v 0.400373 0.030117 -0.019669
v 0.406151 0.072255 0.019952
v 0.404682 0.072255 0.039857
v 0.402240 0.072255 0.059666
v 0.403368 0.044328 0.019816
v 0.401909 0.044328 0.039584
v 0.399483 0.044328 0.059257
v 0.400373 0.030117 0.019669
v 0.398924 0.030117 0.039290
v 0.396517 0.030117 0.058817
v 0.394455 0.072255 0.098805
v 0.389130 0.072255 0.118041
v 0.382870 0.072255 0.136993
v 0.391751 0.044328 0.098128
v 0.386464 0.044328 0.117232
v 0.380247 0.044328 0.136055
v 0.388842 0.030117 0.097400
v 0.383595 0.030117 0.116362
v 0.377424 0.030117 0.135043
v 0.367599 0.072255 0.173861
v 0.358625 0.072255 0.191689
v 0.348787 0.072255 0.209055
v 0.365081 0.044328 0.172670
v 0.356167 0.044328 0.190375
v 0.346398 0.044328 0.207623
v 0.362369 0.030117 0.171387
v 0.353522 0.030117 0.188962
v 0.343825 0.030117 0.206081
v 0.326617 0.072255 0.242235
v 0.314337 0.072255 0.257969
v 0.301301 0.072255 0.273083
v 0.324379 0.044328 0.240575
v 0.312183 0.044328 0.256202
v 0.299236 0.044328 0.271212
v 0.321971 0.030117 0.238789
v 0.309865 0.030117 0.254300
v 0.297014 0.030117 0.269198
v 0.273084 0.072255 0.301301
v 0.257969 0.072255 0.314337
v 0.242236 0.072255 0.326617
v 0.271212 0.044328 0.299236
v 0.256202 0.044328 0.312183
v 0.240576 0.044328 0.324379
v 0.269198 0.030117 0.297014
v 0.254300 0.030117 0.309865
v 0.238789 0.030117 0.321970
v 0.209056 0.072255 0.348787
v 0.191689 0.072255 0.358625
v 0.173862 0.072255 0.367599
v 0.207623 0.044328 0.346397
v 0.190375 0.044328 0.356167
v 0.172670 0.044328 0.365079
v 0.206081 0.030117 0.343825
v 0.188962 0.030117 0.353522
v 0.171387 0.030117 0.362369
v 0.136993 0.072255 0.382870
v 0.118041 0.072255 0.389130
v 0.098806 0.072255 0.394455
v 0.136055 0.044328 0.380247
v 0.117233 0.044328 0.386463
v 0.098128 0.044328 0.391751
v 0.135044 0.030117 0.377423
v 0.116362 0.030117 0.383594
v 0.097400 0.030117 0.388842
v 0.059667 0.072255 0.402240
v 0.039858 0.072255 0.404682
v 0.019952 0.072255 0.406151
v 0.059258 0.044328 0.399483
v 0.039585 0.044328 0.401909
v 0.019816 0.044328 0.403368
v 0.058818 0.030117 0.396517
v 0.039291 0.030117 0.398924
v 0.019669 0.030117 0.400373
v -0.019952 0.072255 0.406151
v -0.039857 0.072255 0.404682
v -0.059667 0.072255 0.402240
v -0.019816 0.044328 0.403368
v -0.039584 0.044328 0.401909
v -0.059257 0.044328 0.399483
v -0.019669 0.030117 0.400373
v -0.039290 0.030117 0.398924
v -0.058817 0.030117 0.396517
v -0.098805 0.072255 0.394455
v -0.118041 0.072255 0.389130
v -0.136993 0.072255 0.382870
v -0.098128 0.044328 0.391751
v -0.117232 0.044328 0.386464
v -0.136055 0.044328 0.380247
v -0.097400 0.030117 0.388842
v -0.116362 0.030117 0.383595
v -0.135044 0.030117 0.377424
v -0.173861 0.072255 0.367599
v -0.191689 0.072255 0.358625
v -0.209055 0.072255 0.348787
v -0.172670 0.044328 0.365081
v -0.190375 0.044328 0.356167
v -0.207623 0.044328 0.346397
v -0.171387 0.030117 0.362369
v -0.188962 0.030117 0.353522
v -0.206081 0.030117 0.343825
v -0.242235 0.072255 0.326617
v -0.257969 0.072255 0.314337
v -0.273083 0.072255 0.301301
v -0.240575 0.044328 0.324379
v -0.256202 0.044328 0.312183
v -0.271212 0.044328 0.299236
v -0.238789 0.030117 0.321971
v -0.254300 0.030117 0.309865
v -0.269198 0.030117 0.297014
v -0.301301 0.072255 0.273084
v -0.314337 0.072255 0.257969
v -0.326617 0.072255 0.242235
v -0.299236 0.044328 0.271212
v -0.312183 0.044328 0.256202
v -0.324379 0.044328 0.240575
v -0.297014 0.030117 0.269198
v -0.309865 0.030117 0.254300
v -0.321971 0.030117 0.238789
v -0.348787 0.072255 0.209055
v -0.358625 0.072255 0.191689
v -0.367599 0.072255 0.173862
v -0.346397 0.044328 0.207623
v -0.356167 0.044328 0.190375
v -0.365080 0.044328 0.172670
v -0.343825 0.030117 0.206081
v -0.353522 0.030117 0.188962
v -0.362369 0.030117 0.171387
v -0.382870 0.072255 0.136993
v -0.389130 0.072255 0.118041
v -0.394455 0.072255 0.098805
v -0.380247 0.044328 0.136055
v -0.386463 0.044328 0.117232
v -0.391751 0.044328 0.098128
v -0.377423 0.030117 0.135044
v -0.383594 0.030117 0.116362
v -0.388842 0.030117 0.097400
v -0.402240 0.072255 0.059667
v -0.404682 0.072255 0.039857
v -0.406151 0.072255 0.019952
v -0.399483 0.044328 0.059258
v -0.401909 0.044328 0.039584
v -0.403368 0.044328 0.019816
v -0.396517 0.030117 0.058817
v -0.398924 0.030117 0.039290
v -0.400372 0.030117 0.019669
v -0.406151 0.072255 -0.019952
v -0.404682 0.072255 -0.039857
v -0.402240 0.072255 -0.059667
v -0.403368 0.044328 -0.019816
v -0.401909 0.044328 -0.039584
v -0.399483 0.044328 -0.059258
v -0.400372 0.030117 -0.019669
v -0.398924 0.030117 -0.039290
v -0.396517 0.030117 -0.058817
v -0.394455 0.072255 -0.098805
v -0.389130 0.072255 -0.118041
v -0.382870 0.072255 -0.136993
v -0.391751 0.044328 -0.098128
v -0.386463 0.044328 -0.117232
v -0.380247 0.044328 -0.136055
v -0.388842 0.030117 -0.097400
v -0.383594 0.030117 -0.116362
v -0.377423 0.030117 -0.135045
v -0.367598 0.072255 -0.173861
v -0.358625 0.072255 -0.191689
v -0.348787 0.072255 -0.209055
v -0.365080 0.044328 -0.172670
v -0.356167 0.044328 -0.190375
v -0.346397 0.044328 -0.207623
v -0.362369 0.030117 -0.171387
v -0.353522 0.030117 -0.188962
v -0.343825 0.030117 -0.206081
v -0.326617 0.072255 -0.242235
v -0.314337 0.072255 -0.257970
v -0.301301 0.072255 -0.273083
v -0.324379 0.044328 -0.240575
v -0.312183 0.044328 -0.256202
v -0.299236 0.044328 -0.271212
v -0.321971 0.030117 -0.238789
v -0.309865 0.030117 -0.254300
v -0.297014 0.030117 -0.269198
v -0.273083 0.072255 -0.301301
v -0.257969 0.072255 -0.314337
v -0.242235 0.072255 -0.326617
v -0.271212 0.044328 -0.299236
v -0.256202 0.044328 -0.312183
v -0.240575 0.044328 -0.324379
v -0.269198 0.030117 -0.297014
v -0.254300 0.030117 -0.309865
v -0.238789 0.030117 -0.321970
v -0.209055 0.072255 -0.348787
v -0.191689 0.072255 -0.358625
v -0.173862 0.072255 -0.367598
v -0.207623 0.044328 -0.346397
v -0.190375 0.044328 -0.356167
v -0.172670 0.044328 -0.365080
v -0.206081 0.030117 -0.343825
v -0.188962 0.030117 -0.353522
v -0.171387 0.030117 -0.362369
v -0.136993 0.072255 -0.382870
v -0.118041 0.072255 -0.389130
v -0.098805 0.072255 -0.394455
v -0.136055 0.044328 -0.380247
v -0.117232 0.044328 -0.386463
v -0.098128 0.044328 -0.391751
v -0.135044 0.030117 -0.377423
v -0.116362 0.030117 -0.383594
v -0.097400 0.030117 -0.388842
v -0.019283 0.016659 -0.392510
v -0.038519 0.016659 -0.391090
v -0.057662 0.016659 -0.388730
v -0.019405 0.019551 -0.395008
v -0.038765 0.019551 -0.393579
v -0.058030 0.019551 -0.391204
v -0.095487 0.016659 -0.381206
v -0.114077 0.016659 -0.376061
v -0.132392 0.016659 -0.370011
v -0.096095 0.019551 -0.383632
v -0.114803 0.019551 -0.378454
v -0.133235 0.019551 -0.372366
v -0.168022 0.016659 -0.355252
v -0.185251 0.016659 -0.346580
v -0.202034 0.016659 -0.337073
v -0.169091 0.019551 -0.357513
v -0.186429 0.019551 -0.348785
v -0.203320 0.019551 -0.339218
v -0.234100 0.016659 -0.315647
v -0.249306 0.016659 -0.303779
v -0.263912 0.016659 -0.291182
v -0.235589 0.019551 -0.317656
v -0.250892 0.019551 -0.305713
v -0.265591 0.019551 -0.293034
v -0.291182 0.016659 -0.263912
v -0.303779 0.016659 -0.249306
v -0.315647 0.016659 -0.234100
v -0.293034 0.019551 -0.265591
v -0.305713 0.019551 -0.250892
v -0.317656 0.019551 -0.235589
v -0.337073 0.016659 -0.202034
v -0.346580 0.016659 -0.185251
v -0.355252 0.016659 -0.168022
v -0.339218 0.019551 -0.203320
v -0.348785 0.019551 -0.186429
v -0.357513 0.019551 -0.169091
v -0.370011 0.016659 -0.132392
v -0.376061 0.016659 -0.114077
v -0.381206 0.016659 -0.095487
v -0.372366 0.019551 -0.133235
v -0.378454 0.019551 -0.114803
v -0.383632 0.019551 -0.096095
v -0.388730 0.016659 -0.057662
v -0.391090 0.016659 -0.038519
v -0.392510 0.016659 -0.019283
v -0.391204 0.019551 -0.058030
v -0.393579 0.019551 -0.038765
v -0.395008 0.019551 -0.019405
v -0.392510 0.016659 0.019283
v -0.391090 0.016659 0.038519
v -0.388730 0.016659 0.057662
v -0.395008 0.019551 0.019405
v -0.393579 0.019551 0.038764
v -0.391204 0.019551 0.058030
v -0.381206 0.016659 0.095487
v -0.376061 0.016659 0.114077
v -0.370011 0.016659 0.132392
v -0.383632 0.019551 0.096095
v -0.378454 0.019551 0.114803
v -0.372366 0.019551 0.133234
v -0.355253 0.016659 0.168022
v -0.346580 0.016659 0.185251
v -0.337073 0.016659 0.202034
v -0.357513 0.019551 0.169091
v -0.348785 0.019551 0.186429
v -0.339218 0.019551 0.203320
v -0.315647 0.016659 0.234100
v -0.303779 0.016659 0.249306
v -0.291182 0.016660 0.263912
v -0.317656 0.019551 0.235590
v -0.305713 0.019551 0.250892
v -0.293034 0.019551 0.265591
v -0.263912 0.016660 0.291182
v -0.249306 0.016660 0.303779
v -0.234100 0.016660 0.315647
v -0.265591 0.019551 0.293034
v -0.250892 0.019551 0.305714
v -0.235589 0.019551 0.317656
v -0.202034 0.016660 0.337074
v -0.185251 0.016660 0.346580
v -0.168022 0.016660 0.355253
v -0.203320 0.019551 0.339218
v -0.186429 0.019551 0.348785
v -0.169091 0.019551 0.357513
v -0.132392 0.016660 0.370012
v -0.114077 0.016660 0.376062
v -0.095487 0.016660 0.381206
v -0.133235 0.019551 0.372366
v -0.114803 0.019551 0.378454
v -0.096095 0.019551 0.383633
v -0.057662 0.016660 0.388730
v -0.038519 0.016660 0.391090
v -0.019283 0.016660 0.392510
v -0.058030 0.019551 0.391204
v -0.038765 0.019551 0.393579
v -0.019405 0.019551 0.395008
v 0.019283 0.016660 0.392510
v 0.038519 0.016660 0.391090
v 0.057662 0.016660 0.388730
v 0.019406 0.019551 0.395008
v 0.038765 0.019551 0.393579
v 0.058030 0.019551 0.391204
v 0.095487 0.016660 0.381206
v 0.114077 0.016660 0.376061
v 0.132392 0.016660 0.370011
v 0.096095 0.019551 0.383633
v 0.114803 0.019551 0.378454
v 0.133235 0.019551 0.372366
v 0.168022 0.016660 0.355253
v 0.185251 0.016660 0.346580
v 0.202034 0.016660 0.337073
v 0.169092 0.019551 0.357513
v 0.186430 0.019551 0.348785
v 0.203320 0.019551 0.339218
v 0.234100 0.016660 0.315647
v 0.249306 0.016660 0.303779
v 0.263912 0.016660 0.291182
v 0.235590 0.019551 0.317656
v 0.250892 0.019551 0.305713
v 0.265591 0.019551 0.293034
v 0.291182 0.016660 0.263912
v 0.303779 0.016659 0.249306
v 0.315647 0.016659 0.234100
v 0.293034 0.019551 0.265591
v 0.305714 0.019551 0.250892
v 0.317656 0.019551 0.235589
v 0.337074 0.016659 0.202033
v 0.346580 0.016659 0.185251
v 0.355253 0.016659 0.168022
v 0.339219 0.019551 0.203320
v 0.348785 0.019551 0.186429
v 0.357513 0.019551 0.169091
v 0.370012 0.016659 0.132392
v 0.376062 0.016659 0.114077
v 0.381206 0.016659 0.095487
v 0.372366 0.019551 0.133234
v 0.378454 0.019551 0.114802
v 0.383633 0.019551 0.096095
v 0.388730 0.016659 0.057662
v 0.391090 0.016659 0.038519
v 0.392510 0.016659 0.019282
v 0.391204 0.019551 0.058030
v 0.393579 0.019551 0.038763
v 0.395008 0.019551 0.019405
v 0.392510 0.016659 -0.019283
v 0.391090 0.016659 -0.038519
v 0.388730 0.016659 -0.057663
v 0.395008 0.019551 -0.019406
v 0.393579 0.019551 -0.038765
v 0.391204 0.019551 -0.058030
v 0.381206 0.016659 -0.095487
v 0.376061 0.016659 -0.114077
v 0.370011 0.016659 -0.132392
v 0.383632 0.019551 -0.096095
v 0.378454 0.019551 -0.114803
v 0.372366 0.019551 -0.133236
v 0.355252 0.016659 -0.168022
v 0.346580 0.016659 -0.185251
v 0.337073 0.016659 -0.202034
v 0.357513 0.019551 -0.169092
v 0.348785 0.019551 -0.186430
v 0.339218 0.019551 -0.203320
v 0.315647 0.016659 -0.234100
v 0.303779 0.016659 -0.249306
v 0.291181 0.016659 -0.263912
v 0.317656 0.019551 -0.235590
v 0.305713 0.019551 -0.250893
v 0.293034 0.019551 -0.265591
v 0.263911 0.016659 -0.291182
v 0.249306 0.016659 -0.303780
v 0.234099 0.016659 -0.315647
v 0.265590 0.019551 -0.293035
v 0.250892 0.019551 -0.305714
v 0.235589 0.019551 -0.317656
v 0.202033 0.016659 -0.337074
v 0.185251 0.016659 -0.346580
v 0.168022 0.016659 -0.355253
v 0.203320 0.019551 -0.339219
v 0.186429 0.019551 -0.348785
v 0.169091 0.019551 -0.357513
v 0.132392 0.016659 -0.370012
v 0.114077 0.016659 -0.376062
v 0.095486 0.016659 -0.381206
v 0.133235 0.019551 -0.372366
v 0.114802 0.019551 -0.378454
v 0.096095 0.019551 -0.383633
v 0.057662 0.016659 -0.388730
v 0.038519 0.016659 -0.391090
v 0.019283 0.016659 -0.392510
v 0.058030 0.019551 -0.391204
v 0.038763 0.019551 -0.393579
v 0.019405 0.019551 -0.395008
v -0.290668 0.294744 -0.290668
v -0.290589 0.294744 -0.290744
v -0.290599 0.294744 0.290734
v -0.290668 0.294744 0.290668
v -0.304580 0.294744 0.276055
v -0.304580 0.294744 -0.276055
v -0.317758 0.294744 -0.260777
v -0.317758 0.294744 0.260778
v -0.330171 0.294744 0.244872
v -0.362527 0.294744 -0.193775
v -0.371599 0.294744 -0.175753
v -0.352583 0.294744 -0.211330
v -0.341790 0.294744 -0.228376
v -0.330171 0.294744 -0.244872
v -0.341790 0.294744 0.228376
v -0.352583 0.294744 0.211330
v -0.379776 0.294744 -0.157308
v -0.362527 0.294744 0.193775
v -0.371599 0.294744 0.175754
v -0.387037 0.294744 -0.138484
v -0.379776 0.294744 0.157308
v -0.387037 0.294744 0.138484
v -0.393366 0.294744 -0.119326
v -0.398747 0.294744 -0.099881
v -0.393366 0.294744 0.119326
v -0.398747 0.294744 0.099881
v -0.403168 0.294744 -0.080195
v -0.403168 0.294744 0.080195
v -0.406617 0.294744 0.060316
v -0.406617 0.294744 -0.060316
v -0.409086 0.294744 -0.040292
v -0.409086 0.294744 0.040292
v -0.410571 0.294744 0.020170
v -0.410571 0.294744 -0.020170
v -0.411067 0.294744 -0.000000
v -0.276055 0.294744 -0.304580
v -0.276055 0.294744 0.304580
v -0.260777 0.294744 -0.317758
v -0.244872 0.294744 -0.330171
v -0.260777 0.294744 0.317758
v -0.244872 0.294744 0.330172
v -0.228376 0.294744 -0.341790
v -0.211330 0.294744 -0.352583
v -0.193775 0.294744 -0.362527
v -0.175753 0.294744 -0.371599
v -0.228376 0.294744 0.341790
v -0.211330 0.294744 0.352583
v -0.193775 0.294744 0.362527
v -0.175753 0.294744 0.371599
v -0.157308 0.294744 -0.379776
v -0.157308 0.294744 0.379776
v -0.138484 0.294744 -0.387037
v -0.119326 0.294744 -0.393366
v -0.138484 0.294744 0.387037
v -0.119326 0.294744 0.393365
v -0.099881 0.294744 -0.398747
v -0.080195 0.294744 -0.403169
v -0.099881 0.294744 0.398747
v -0.080195 0.294744 0.403168
v -0.060316 0.294744 -0.406617
v -0.060316 0.294744 0.406617
v -0.040292 0.294744 -0.409086
v -0.020170 0.294744 -0.410571
v -0.040292 0.294744 0.409086
v -0.020170 0.294744 0.410571
v 0.000000 0.294744 -0.411067
v 0.020170 0.294744 -0.410571
v 0.000000 0.294744 0.411067
v 0.020170 0.294744 0.410571
v 0.040291 0.294744 -0.409086
v 0.060316 0.294744 -0.406617
v 0.040292 0.294744 0.409086
v 0.060316 0.294744 0.406617
v 0.080194 0.294744 -0.403169
v 0.099880 0.294744 -0.398747
v 0.080195 0.294744 0.403168
v 0.099881 0.294744 0.398747
v 0.119326 0.294744 -0.393366
v 0.138484 0.294744 -0.387037
v 0.119326 0.294744 0.393365
v 0.138484 0.294744 0.387037
v 0.157308 0.294744 -0.379776
v 0.175753 0.294744 -0.371599
v 0.157309 0.294744 0.379776
v 0.175754 0.294744 0.371599
v 0.193774 0.294744 -0.362528
v 0.211330 0.294744 -0.352583
v 0.193775 0.294744 0.362527
v 0.211331 0.294744 0.352583
v 0.228376 0.294744 -0.341790
v 0.244871 0.294744 -0.330172
v 0.228377 0.294744 0.341790
v 0.244872 0.294744 0.330171
v 0.260777 0.294744 -0.317758
v 0.276055 0.294744 -0.304580
v 0.260778 0.294744 0.317758
v 0.276055 0.294744 0.304579
v 0.290668 0.294744 -0.290669
v 0.290668 0.294744 0.290668
v 0.304579 0.294744 -0.276055
v 0.317758 0.294744 -0.260778
v 0.304580 0.294744 0.276055
v 0.317758 0.294744 0.260777
v 0.330171 0.294744 -0.244872
v 0.341790 0.294744 -0.228377
v 0.352583 0.294744 -0.211331
v 0.362527 0.294744 -0.193775
v 0.371599 0.294744 -0.175754
v 0.330172 0.294744 0.244872
v 0.341790 0.294744 0.228376
v 0.379776 0.294744 -0.157309
v 0.352583 0.294744 0.211330
v 0.362528 0.294744 0.193774
v 0.387037 0.294744 -0.138485
v 0.371599 0.294744 0.175753
v 0.379776 0.294744 0.157308
v 0.393366 0.294744 -0.119327
v 0.398747 0.294744 -0.099881
v 0.387037 0.294744 0.138484
v 0.393366 0.294744 0.119326
v 0.403168 0.294744 -0.080196
v 0.398747 0.294744 0.099881
v 0.403168 0.294744 0.080195
v 0.406617 0.294744 -0.060316
v 0.409086 0.294744 -0.040292
v 0.406617 0.294744 0.060316
v 0.409086 0.294744 0.040291
v 0.410571 0.294744 -0.020170
v 0.410571 0.294744 0.020169
v 0.411067 0.294744 -0.000000
v -0.276843 0.015613 -0.276956
v -0.276851 0.015613 0.276949
v -0.262980 0.015613 0.290154
v -0.262980 0.015613 -0.290154
v -0.248426 0.015613 -0.302707
v -0.248426 0.015613 0.302707
v -0.233274 0.015613 0.314533
v -0.233274 0.015613 -0.314533
v -0.217560 0.015613 -0.325601
v -0.184597 0.015613 -0.345357
v -0.201321 0.015613 -0.335883
v -0.217560 0.015613 0.325602
v -0.201321 0.015613 0.335884
v -0.184597 0.015613 0.345357
v -0.167429 0.015613 0.353999
v -0.167429 0.015613 -0.353999
v -0.149858 0.015613 0.361789
v -0.149858 0.015613 -0.361789
v -0.131925 0.015613 -0.368705
v -0.131925 0.015613 0.368705
v -0.113674 0.015613 0.374734
v -0.113674 0.015613 -0.374734
v -0.095150 0.015613 0.379861
v -0.095150 0.015613 -0.379861
v -0.076396 0.015613 -0.384073
v -0.076396 0.015613 0.384073
v -0.057459 0.015613 0.387358
v -0.057459 0.015613 -0.387358
v -0.038383 0.015613 -0.389710
v -0.038383 0.015613 0.389710
v -0.019215 0.015613 0.391125
v -0.019215 0.015613 -0.391125
v 0.000000 0.015613 -0.391597
v 0.000000 0.015613 0.391597
v 0.019215 0.015613 0.391125
v 0.019215 0.015613 -0.391125
v 0.038383 0.015613 -0.389710
v 0.038383 0.015613 0.389710
v 0.057459 0.015613 0.387358
v 0.057459 0.015613 -0.387358
v 0.076396 0.015613 -0.384073
v 0.076397 0.015613 0.384073
v 0.095150 0.015613 0.379861
v 0.095150 0.015613 -0.379861
v 0.113674 0.015613 -0.374734
v 0.113674 0.015613 0.374734
v 0.131925 0.015613 0.368705
v 0.131924 0.015613 -0.368705
v 0.149857 0.015613 -0.361789
v 0.149858 0.015613 0.361789
v 0.167429 0.015613 0.353999
v 0.167429 0.015613 -0.353999
v 0.184597 0.015613 -0.345357
v 0.184597 0.015613 0.345357
v 0.201321 0.015613 0.335883
v 0.201320 0.015613 -0.335884
v 0.217559 0.015613 -0.325602
v 0.217560 0.015613 0.325601
v 0.233274 0.015613 0.314533
v 0.233273 0.015613 -0.314533
v 0.248425 0.015613 -0.302708
v 0.248426 0.015613 0.302707
v 0.262980 0.015613 0.290154
v 0.262979 0.015613 -0.290154
v 0.276901 0.015613 0.276901
v 0.276901 0.015613 -0.276901
v 0.290153 0.015613 -0.262980
v 0.290154 0.015613 0.262980
v 0.302707 0.015613 0.248426
v 0.302707 0.015613 -0.248426
v 0.314533 0.015613 -0.233274
v 0.314533 0.015613 0.233273
v 0.335884 0.015613 0.201320
v 0.325602 0.015613 0.217560
v 0.345357 0.015613 0.184597
v 0.325601 0.015613 -0.217560
v 0.335883 0.015613 -0.201321
v 0.353999 0.015613 0.167429
v 0.345357 0.015613 -0.184597
v 0.353999 0.015613 -0.167429
v 0.361789 0.015613 0.149858
v 0.368705 0.015613 0.131925
v 0.361789 0.015613 -0.149858
v 0.368705 0.015613 -0.131925
v 0.374734 0.015613 0.113674
v 0.374734 0.015613 -0.113674
v 0.379861 0.015613 -0.095151
v 0.379861 0.015613 0.095150
v 0.384073 0.015613 0.076396
v 0.384073 0.015613 -0.076397
v 0.387358 0.015613 -0.057460
v 0.387358 0.015613 0.057459
v 0.389710 0.015613 0.038383
v 0.389710 0.015613 -0.038384
v 0.391125 0.015613 -0.019215
v 0.391125 0.015613 0.019214
v 0.391597 0.015613 -0.000000
v -0.276901 0.015613 0.276901
v -0.276901 0.015613 -0.276901
v -0.290154 0.015613 -0.262980
v -0.290154 0.015613 0.262980
v -0.302707 0.015613 0.248426
v -0.302707 0.015613 -0.248426
v -0.314533 0.015613 -0.233274
v -0.345357 0.015613 0.184597
v -0.325601 0.015613 0.217560
v -0.335883 0.015613 0.201321
v -0.314533 0.015613 0.233274
v -0.353999 0.015613 0.167429
v -0.325601 0.015613 -0.217560
v -0.335883 0.015613 -0.201321
v -0.345357 0.015613 -0.184597
v -0.353999 0.015613 -0.167429
v -0.361789 0.015613 0.149858
v -0.368705 0.015613 0.131925
v -0.361789 0.015613 -0.149858
v -0.368705 0.015613 -0.131925
v -0.374734 0.015613 0.113674
v -0.374734 0.015613 -0.113674
v -0.379861 0.015613 -0.095150
v -0.379861 0.015613 0.095150
v -0.384073 0.015613 0.076396
v -0.384073 0.015613 -0.076396
v -0.387358 0.015613 -0.057459
v -0.387358 0.015613 0.057459
v -0.389710 0.015613 0.038383
v -0.389710 0.015613 -0.038383
v -0.391125 0.015613 -0.019215
v -0.391125 0.015613 0.019215
v -0.391597 0.015613 -0.000000
vn -0.0000 1.0000 -0.0000
vn -0.0000 -1.0000 -0.0000
vn -0.0490 0.0730 0.9961
vn -0.0485 0.1535 0.9870
vn -0.0969 0.1535 0.9834
vn -0.0978 0.0730 0.9925
vn -0.1450 0.1535 0.9775
vn -0.1463 0.0730 0.9865
vn -0.0468 0.3044 0.9514
vn -0.0934 0.3044 0.9480
vn -0.1397 0.3044 0.9422
vn -0.0000 0.0333 0.9994
vn -0.0000 0.0730 0.9973
vn -0.0491 0.0333 0.9982
vn -0.0980 0.0333 0.9946
vn -0.1466 0.0333 0.9886
vn -0.1946 0.0730 0.9782
vn -0.1950 0.0333 0.9802
vn -0.1928 0.1535 0.9692
vn -0.1858 0.3044 0.9342
vn -0.1298 0.4655 0.8755
vn -0.1727 0.4655 0.8680
vn -0.0867 0.4655 0.8808
vn -0.0435 0.4655 0.8840
vn -0.0000 0.3044 0.9526
vn -0.0000 0.4655 0.8851
vn -0.0000 0.1535 0.9882
vn 0.1463 0.0730 0.9865
vn 0.1449 0.1535 0.9775
vn 0.0969 0.1535 0.9834
vn 0.0978 0.0730 0.9925
vn 0.0485 0.1535 0.9870
vn 0.0490 0.0730 0.9961
vn 0.1397 0.3044 0.9422
vn 0.0934 0.3044 0.9480
vn 0.0468 0.3044 0.9514
vn 0.1950 0.0333 0.9802
vn 0.1946 0.0730 0.9782
vn 0.1466 0.0333 0.9886
vn 0.0980 0.0333 0.9946
vn 0.0491 0.0333 0.9982
vn 0.0435 0.4655 0.8840
vn 0.0868 0.4655 0.8808
vn 0.1298 0.4655 0.8755
vn 0.1858 0.3044 0.9342
vn 0.1727 0.4655 0.8680
vn 0.1928 0.1535 0.9692
vn 0.0491 0.0144 0.9987
vn 0.0491 0.0060 0.9988
vn 0.0980 0.0060 0.9952
vn 0.0980 0.0144 0.9951
vn 0.1467 0.0060 0.9892
vn 0.1467 0.0144 0.9891
vn 0.0980 0.0033 0.9952
vn 0.0491 0.0033 0.9988
vn 0.1467 0.0033 0.9892
vn -0.0000 0.0144 0.9999
vn 0.1951 0.0144 0.9807
vn 0.1951 0.0060 0.9808
vn 0.1951 0.0033 0.9808
vn -0.0000 0.0060 1.0000
vn -0.0000 0.0033 1.0000
vn -0.9039 0.0144 0.4275
vn -0.9040 0.0060 0.4276
vn -0.8819 0.0060 0.4714
vn -0.8818 0.0144 0.4713
vn -0.8577 0.0060 0.5141
vn -0.8577 0.0144 0.5140
vn -0.8819 0.0033 0.4714
vn -0.9040 0.0033 0.4276
vn -0.8577 0.0033 0.5141
vn -0.9234 0.0333 0.3825
vn -0.9238 0.0144 0.3827
vn -0.9035 0.0333 0.4274
vn -0.8814 0.0333 0.4711
vn -0.8573 0.0333 0.5138
vn -0.8314 0.0144 0.5555
vn -0.8310 0.0333 0.5553
vn -0.8315 0.0060 0.5556
vn -0.8315 0.0033 0.5556
vn -0.9239 0.0060 0.3827
vn -0.9239 0.0033 0.3827
vn 0.6715 0.0144 -0.7409
vn 0.6715 0.0060 -0.7410
vn 0.6344 0.0060 -0.7730
vn 0.6343 0.0144 -0.7729
vn 0.5957 0.0060 -0.8032
vn 0.5957 0.0144 -0.8031
vn 0.6344 0.0033 -0.7730
vn 0.6715 0.0033 -0.7410
vn 0.5957 0.0033 -0.8032
vn 0.7067 0.0333 -0.7067
vn 0.7070 0.0144 -0.7070
vn 0.6712 0.0333 -0.7406
vn 0.6340 0.0333 -0.7726
vn 0.5954 0.0333 -0.8027
vn 0.5555 0.0144 -0.8314
vn 0.5553 0.0333 -0.8310
vn 0.5556 0.0060 -0.8315
vn 0.5556 0.0033 -0.8315
vn 0.7071 0.0060 -0.7071
vn 0.7071 0.0033 -0.7071
vn -0.9699 0.0144 0.2430
vn -0.9700 0.0060 0.2430
vn -0.9569 0.0060 0.2903
vn -0.9568 0.0144 0.2902
vn -0.9415 0.0060 0.3369
vn -0.9415 0.0144 0.3368
vn -0.9569 0.0033 0.2903
vn -0.9700 0.0033 0.2430
vn -0.9415 0.0033 0.3369
vn -0.9802 0.0333 0.1950
vn -0.9807 0.0144 0.1951
vn -0.9695 0.0333 0.2429
vn -0.9564 0.0333 0.2901
vn -0.9410 0.0333 0.3367
vn -0.9808 0.0060 0.1951
vn -0.9808 0.0033 0.1951
vn 0.8031 0.0144 -0.5957
vn 0.8032 0.0060 -0.5957
vn 0.7730 0.0060 -0.6344
vn 0.7729 0.0144 -0.6343
vn 0.7410 0.0060 -0.6715
vn 0.7409 0.0144 -0.6715
vn 0.7730 0.0033 -0.6344
vn 0.8032 0.0033 -0.5957
vn 0.7410 0.0033 -0.6715
vn 0.8310 0.0333 -0.5553
vn 0.8314 0.0144 -0.5555
vn 0.8027 0.0333 -0.5954
vn 0.7726 0.0333 -0.6340
vn 0.7406 0.0333 -0.6712
vn 0.8315 0.0060 -0.5556
vn 0.8315 0.0033 -0.5556
vn -0.9987 0.0144 0.0491
vn -0.9988 0.0060 0.0491
vn -0.9952 0.0060 0.0980
vn -0.9951 0.0144 0.0980
vn -0.9892 0.0060 0.1467
vn -0.9891 0.0144 0.1467
vn -0.9952 0.0033 0.0980
vn -0.9988 0.0033 0.0491
vn -0.9892 0.0033 0.1467
vn -0.9994 0.0333 -0.0000
vn -0.9999 0.0144 -0.0000
vn -0.9982 0.0333 0.0491
vn -0.9946 0.0333 0.0980
vn -0.9886 0.0333 0.1466
vn -1.0000 0.0060 -0.0000
vn -1.0000 0.0033 -0.0000
vn 0.9039 0.0144 -0.4275
vn 0.9040 0.0060 -0.4276
vn 0.8819 0.0060 -0.4714
vn 0.8818 0.0144 -0.4713
vn 0.8577 0.0060 -0.5141
vn 0.8577 0.0144 -0.5140
vn 0.8819 0.0033 -0.4714
vn 0.9040 0.0033 -0.4276
vn 0.8577 0.0033 -0.5141
vn 0.9234 0.0333 -0.3825
vn 0.9238 0.0144 -0.3826
vn 0.9035 0.0333 -0.4273
vn 0.8814 0.0333 -0.4711
vn 0.8573 0.0333 -0.5138
vn 0.9239 0.0060 -0.3827
vn 0.9239 0.0033 -0.3827
vn -0.9891 0.0144 -0.1467
vn -0.9892 0.0060 -0.1467
vn -0.9952 0.0060 -0.0980
vn -0.9951 0.0144 -0.0980
vn -0.9988 0.0060 -0.0491
vn -0.9987 0.0144 -0.0491
vn -0.9892 0.0033 -0.1467
vn -0.9952 0.0033 -0.0980
vn -0.9988 0.0033 -0.0491
vn -0.9802 0.0333 -0.1950
vn -0.9807 0.0144 -0.1951
vn -0.9886 0.0333 -0.1466
vn -0.9946 0.0333 -0.0980
vn -0.9982 0.0333 -0.0491
vn -0.9808 0.0060 -0.1951
vn -0.9808 0.0033 -0.1951
vn 0.9699 0.0144 -0.2430
vn 0.9700 0.0060 -0.2430
vn 0.9569 0.0060 -0.2903
vn 0.9568 0.0144 -0.2903
vn 0.9415 0.0060 -0.3368
vn 0.9415 0.0144 -0.3368
vn 0.9569 0.0033 -0.2903
vn 0.9700 0.0033 -0.2430
vn 0.9416 0.0033 -0.3368
vn 0.9802 0.0333 -0.1950
vn 0.9807 0.0144 -0.1951
vn 0.9695 0.0333 -0.2429
vn 0.9564 0.0333 -0.2901
vn 0.9410 0.0333 -0.3367
vn 0.9808 0.0060 -0.1951
vn 0.9808 0.0033 -0.1951
vn -0.9415 0.0144 -0.3368
vn -0.9415 0.0060 -0.3368
vn -0.9569 0.0060 -0.2903
vn -0.9568 0.0144 -0.2903
vn -0.9700 0.0060 -0.2430
vn -0.9699 0.0144 -0.2430
vn -0.9416 0.0033 -0.3368
vn -0.9569 0.0033 -0.2903
vn -0.9700 0.0033 -0.2430
vn -0.9234 0.0333 -0.3825
vn -0.9238 0.0144 -0.3826
vn -0.9410 0.0333 -0.3367
vn -0.9564 0.0333 -0.2901
vn -0.9695 0.0333 -0.2429
vn -0.9239 0.0060 -0.3827
vn -0.9239 0.0033 -0.3827
vn 0.9987 0.0144 -0.0491
vn 0.9988 0.0060 -0.0491
vn 0.9952 0.0060 -0.0980
vn 0.9951 0.0144 -0.0980
vn 0.9892 0.0060 -0.1467
vn 0.9891 0.0144 -0.1467
vn 0.9952 0.0033 -0.0980
vn 0.9988 0.0033 -0.0491
vn 0.9892 0.0033 -0.1467
vn 0.9994 0.0333 -0.0000
vn 0.9999 0.0144 -0.0000
vn 0.9982 0.0333 -0.0491
vn 0.9946 0.0333 -0.0980
vn 0.9886 0.0333 -0.1466
vn 1.0000 0.0060 -0.0000
vn 1.0000 0.0033 -0.0000
vn -0.8577 0.0144 -0.5140
vn -0.8577 0.0060 -0.5141
vn -0.8819 0.0060 -0.4714
vn -0.8818 0.0144 -0.4713
vn -0.9040 0.0060 -0.4276
vn -0.9039 0.0144 -0.4275
vn -0.8577 0.0033 -0.5141
vn -0.8819 0.0033 -0.4714
vn -0.9040 0.0033 -0.4276
vn -0.8310 0.0333 -0.5553
vn -0.8314 0.0144 -0.5555
vn -0.8573 0.0333 -0.5138
vn -0.8814 0.0333 -0.4711
vn -0.9035 0.0333 -0.4273
vn -0.8315 0.0060 -0.5556
vn -0.8315 0.0033 -0.5556
vn 0.9891 0.0144 0.1467
vn 0.9892 0.0060 0.1467
vn 0.9952 0.0060 0.0980
vn 0.9951 0.0144 0.0980
vn 0.9988 0.0060 0.0491
vn 0.9987 0.0144 0.0491
vn 0.9952 0.0033 0.0980
vn 0.9892 0.0033 0.1467
vn 0.9988 0.0033 0.0491
vn 0.9802 0.0333 0.1950
vn 0.9807 0.0144 0.1951
vn 0.9886 0.0333 0.1466
vn 0.9946 0.0333 0.0980
vn 0.9982 0.0333 0.0491
vn 0.9808 0.0060 0.1951
vn 0.9808 0.0033 0.1951
vn -0.7409 0.0144 -0.6715
vn -0.7410 0.0060 -0.6715
vn -0.7730 0.0060 -0.6344
vn -0.7729 0.0144 -0.6343
vn -0.8032 0.0060 -0.5957
vn -0.8031 0.0144 -0.5957
vn -0.7410 0.0033 -0.6715
vn -0.7730 0.0033 -0.6344
vn -0.8032 0.0033 -0.5957
vn -0.7067 0.0333 -0.7067
vn -0.7070 0.0144 -0.7070
vn -0.7406 0.0333 -0.6712
vn -0.7726 0.0333 -0.6340
vn -0.8027 0.0333 -0.5954
vn -0.7071 0.0060 -0.7071
vn -0.7071 0.0033 -0.7071
vn 0.9415 0.0144 0.3368
vn 0.9415 0.0060 0.3368
vn 0.9569 0.0060 0.2903
vn 0.9568 0.0144 0.2902
vn 0.9700 0.0060 0.2430
vn 0.9699 0.0144 0.2430
vn 0.9569 0.0033 0.2903
vn 0.9416 0.0033 0.3368
vn 0.9700 0.0033 0.2430
vn 0.9234 0.0333 0.3825
vn 0.9238 0.0144 0.3826
vn 0.9410 0.0333 0.3367
vn 0.9564 0.0333 0.2901
vn 0.9695 0.0333 0.2429
vn 0.9239 0.0060 0.3827
vn 0.9239 0.0033 0.3827
vn -0.5957 0.0144 -0.8031
vn -0.5957 0.0060 -0.8032
vn -0.6344 0.0060 -0.7730
vn -0.6343 0.0144 -0.7729
vn -0.6715 0.0060 -0.7410
vn -0.6715 0.0144 -0.7409
vn -0.6344 0.0033 -0.7730
vn -0.5957 0.0033 -0.8032
vn -0.6715 0.0033 -0.7410
vn -0.5553 0.0333 -0.8310
vn -0.5555 0.0144 -0.8314
vn -0.5954 0.0333 -0.8027
vn -0.6340 0.0333 -0.7726
vn -0.6712 0.0333 -0.7406
vn -0.5556 0.0060 -0.8315
vn -0.5556 0.0033 -0.8315
vn 0.2430 0.0144 0.9699
vn 0.2430 0.0060 0.9700
vn 0.2903 0.0060 0.9569
vn 0.2902 0.0144 0.9568
vn 0.3368 0.0060 0.9415
vn 0.3368 0.0144 0.9415
vn 0.2903 0.0033 0.9569
vn 0.2430 0.0033 0.9700
vn 0.3368 0.0033 0.9416
vn 0.2429 0.0333 0.9695
vn 0.2901 0.0333 0.9564
vn 0.3367 0.0333 0.9410
vn 0.3826 0.0144 0.9238
vn 0.3825 0.0333 0.9234
vn 0.3827 0.0060 0.9239
vn 0.3827 0.0033 0.9239
vn 0.8577 0.0144 0.5140
vn 0.8577 0.0060 0.5141
vn 0.8819 0.0060 0.4714
vn 0.8818 0.0144 0.4713
vn 0.9040 0.0060 0.4276
vn 0.9039 0.0144 0.4275
vn 0.8819 0.0033 0.4714
vn 0.8577 0.0033 0.5141
vn 0.9040 0.0033 0.4276
vn 0.8310 0.0333 0.5553
vn 0.8314 0.0144 0.5555
vn 0.8573 0.0333 0.5138
vn 0.8814 0.0333 0.4711
vn 0.9035 0.0333 0.4273
vn 0.8315 0.0060 0.5556
vn 0.8315 0.0033 0.5556
vn -0.4275 0.0144 -0.9039
vn -0.4276 0.0060 -0.9040
vn -0.4714 0.0060 -0.8819
vn -0.4713 0.0144 -0.8818
vn -0.5141 0.0060 -0.8577
vn -0.5140 0.0144 -0.8577
vn -0.4714 0.0033 -0.8819
vn -0.4276 0.0033 -0.9040
vn -0.5141 0.0033 -0.8577
vn -0.3825 0.0333 -0.9234
vn -0.3826 0.0144 -0.9238
vn -0.4273 0.0333 -0.9035
vn -0.4711 0.0333 -0.8814
vn -0.5138 0.0333 -0.8573
vn -0.3827 0.0060 -0.9239
vn -0.3827 0.0033 -0.9239
vn 0.7409 0.0144 0.6715
vn 0.7410 0.0060 0.6715
vn 0.7730 0.0060 0.6344
vn 0.7729 0.0144 0.6343
vn 0.8032 0.0060 0.5957
vn 0.8031 0.0144 0.5957
vn 0.7730 0.0033 0.6344
vn 0.7410 0.0033 0.6715
vn 0.8032 0.0033 0.5957
vn 0.7067 0.0333 0.7067
vn 0.7070 0.0144 0.7070
vn 0.7406 0.0333 0.6712
vn 0.7726 0.0333 0.6340
vn 0.8027 0.0333 0.5954
vn 0.7071 0.0060 0.7071
vn 0.7071 0.0033 0.7071
vn -0.2430 0.0144 -0.9699
vn -0.2430 0.0060 -0.9700
vn -0.2903 0.0060 -0.9569
vn -0.2903 0.0144 -0.9568
vn -0.3368 0.0060 -0.9415
vn -0.3368 0.0144 -0.9415
vn -0.2903 0.0033 -0.9569
vn -0.2430 0.0033 -0.9700
vn -0.3368 0.0033 -0.9416
vn -0.1950 0.0333 -0.9802
vn -0.1951 0.0144 -0.9807
vn -0.2429 0.0333 -0.9695
vn -0.2901 0.0333 -0.9564
vn -0.3367 0.0333 -0.9410
vn -0.1951 0.0060 -0.9808
vn -0.1951 0.0033 -0.9808
vn -0.3368 0.0144 0.9415
vn -0.3368 0.0060 0.9415
vn -0.2903 0.0060 0.9569
vn -0.2903 0.0144 0.9568
vn -0.2430 0.0060 0.9700
vn -0.2430 0.0144 0.9699
vn -0.3368 0.0033 0.9416
vn -0.2903 0.0033 0.9569
vn -0.2430 0.0033 0.9700
vn -0.3825 0.0333 0.9234
vn -0.3826 0.0144 0.9238
vn -0.3367 0.0333 0.9410
vn -0.2901 0.0333 0.9564
vn -0.2429 0.0333 0.9695
vn -0.1951 0.0144 0.9807
vn -0.1951 0.0060 0.9808
vn -0.1951 0.0033 0.9808
vn -0.3827 0.0060 0.9239
vn -0.3827 0.0033 0.9239
vn 0.5957 0.0144 0.8031
vn 0.5957 0.0060 0.8032
vn 0.6344 0.0060 0.7730
vn 0.6343 0.0144 0.7729
vn 0.6715 0.0060 0.7410
vn 0.6715 0.0144 0.7409
vn 0.6344 0.0033 0.7730
vn 0.5957 0.0033 0.8032
vn 0.6715 0.0033 0.7410
vn 0.5553 0.0333 0.8310
vn 0.5555 0.0144 0.8314
vn 0.5954 0.0333 0.8027
vn 0.6340 0.0333 0.7726
vn 0.6712 0.0333 0.7406
vn 0.5556 0.0060 0.8315
vn 0.5556 0.0033 0.8315
vn -0.0491 0.0144 -0.9987
vn -0.0491 0.0060 -0.9988
vn -0.0980 0.0060 -0.9952
vn -0.0980 0.0144 -0.9951
vn -0.1467 0.0060 -0.9892
vn -0.1467 0.0144 -0.9891
vn -0.0980 0.0033 -0.9952
vn -0.0491 0.0033 -0.9988
vn -0.1467 0.0033 -0.9892
vn -0.0000 0.0333 -0.9994
vn -0.0000 0.0144 -0.9999
vn -0.0491 0.0333 -0.9982
vn -0.0980 0.0333 -0.9946
vn -0.1466 0.0333 -0.9886
vn -0.0000 0.0060 -1.0000
vn -0.0000 0.0033 -1.0000
vn -0.5140 0.0144 0.8577
vn -0.5141 0.0060 0.8577
vn -0.4714 0.0060 0.8819
vn -0.4714 0.0144 0.8818
vn -0.4276 0.0060 0.9040
vn -0.4275 0.0144 0.9039
vn -0.5141 0.0033 0.8577
vn -0.4714 0.0033 0.8819
vn -0.4276 0.0033 0.9040
vn -0.5553 0.0333 0.8310
vn -0.5555 0.0144 0.8314
vn -0.5138 0.0333 0.8573
vn -0.4711 0.0333 0.8814
vn -0.4273 0.0333 0.9035
vn -0.5556 0.0060 0.8315
vn -0.5556 0.0033 0.8315
vn 0.4275 0.0144 0.9039
vn 0.4276 0.0060 0.9040
vn 0.4714 0.0060 0.8819
vn 0.4714 0.0144 0.8818
vn 0.5141 0.0060 0.8577
vn 0.5140 0.0144 0.8577
vn 0.4714 0.0033 0.8819
vn 0.4276 0.0033 0.9040
vn 0.5141 0.0033 0.8577
vn 0.4273 0.0333 0.9035
vn 0.4711 0.0333 0.8814
vn 0.5138 0.0333 0.8573
vn 0.1467 0.0144 -0.9891
vn 0.1467 0.0060 -0.9892
vn 0.0980 0.0060 -0.9952
vn 0.0980 0.0144 -0.9951
vn 0.0491 0.0060 -0.9988
vn 0.0491 0.0144 -0.9987
vn 0.0980 0.0033 -0.9952
vn 0.1467 0.0033 -0.9892
vn 0.0491 0.0033 -0.9988
vn 0.1950 0.0333 -0.9802
vn 0.1951 0.0144 -0.9807
vn 0.1466 0.0333 -0.9886
vn 0.0980 0.0333 -0.9946
vn 0.0491 0.0333 -0.9982
vn 0.1951 0.0060 -0.9808
vn 0.1951 0.0033 -0.9808
vn -0.6715 0.0144 0.7409
vn -0.6715 0.0060 0.7410
vn -0.6344 0.0060 0.7730
vn -0.6343 0.0144 0.7729
vn -0.5957 0.0060 0.8032
vn -0.5957 0.0144 0.8031
vn -0.6715 0.0033 0.7410
vn -0.6344 0.0033 0.7730
vn -0.5957 0.0033 0.8032
vn -0.7067 0.0333 0.7067
vn -0.7070 0.0144 0.7070
vn -0.6712 0.0333 0.7406
vn -0.6340 0.0333 0.7726
vn -0.5954 0.0333 0.8027
vn -0.7071 0.0060 0.7071
vn -0.7071 0.0033 0.7071
vn 0.3368 0.0144 -0.9415
vn 0.3368 0.0060 -0.9415
vn 0.2903 0.0060 -0.9569
vn 0.2903 0.0144 -0.9568
vn 0.2430 0.0060 -0.9700
vn 0.2430 0.0144 -0.9699
vn 0.2903 0.0033 -0.9569
vn 0.3368 0.0033 -0.9416
vn 0.2430 0.0033 -0.9700
vn 0.3825 0.0333 -0.9234
vn 0.3826 0.0144 -0.9238
vn 0.3367 0.0333 -0.9410
vn 0.2901 0.0333 -0.9564
vn 0.2429 0.0333 -0.9695
vn 0.3827 0.0060 -0.9239
vn 0.3827 0.0033 -0.9239
vn -0.8031 0.0144 0.5957
vn -0.8032 0.0060 0.5957
vn -0.7730 0.0060 0.6344
vn -0.7729 0.0144 0.6343
vn -0.7410 0.0060 0.6715
vn -0.7409 0.0144 0.6715
vn -0.7730 0.0033 0.6344
vn -0.8032 0.0033 0.5957
vn -0.7410 0.0033 0.6715
vn -0.8027 0.0333 0.5954
vn -0.7726 0.0333 0.6341
vn -0.7406 0.0333 0.6712
vn 0.5140 0.0144 -0.8577
vn 0.5141 0.0060 -0.8577
vn 0.4714 0.0060 -0.8819
vn 0.4713 0.0144 -0.8818
vn 0.4276 0.0060 -0.9040
vn 0.4275 0.0144 -0.9039
vn 0.4714 0.0033 -0.8819
vn 0.5141 0.0033 -0.8577
vn 0.4276 0.0033 -0.9040
vn 0.5138 0.0333 -0.8573
vn 0.4711 0.0333 -0.8814
vn 0.4273 0.0333 -0.9035
vn -0.1467 0.0144 0.9891
vn -0.1467 0.0060 0.9892
vn -0.0980 0.0060 0.9952
vn -0.0980 0.0144 0.9951
vn -0.0491 0.0060 0.9988
vn -0.0491 0.0144 0.9987
vn -0.1467 0.0033 0.9892
vn -0.0980 0.0033 0.9952
vn -0.0491 0.0033 0.9988
vn -0.2424 0.0730 0.9674
vn -0.2401 0.1535 0.9585
vn -0.2869 0.1535 0.9456
vn -0.2895 0.0730 0.9544
vn -0.3329 0.1535 0.9304
vn -0.3360 0.0730 0.9390
vn -0.2315 0.3044 0.9240
vn -0.2765 0.3044 0.9115
vn -0.3209 0.3044 0.8969
vn -0.3816 0.0730 0.9214
vn -0.3781 0.1535 0.9129
vn -0.3645 0.3044 0.8800
vn -0.2981 0.4655 0.8333
vn -0.3387 0.4656 0.8177
vn -0.2569 0.4655 0.8469
vn -0.2151 0.4655 0.8585
vn -0.4264 0.0730 0.9016
vn -0.4225 0.1535 0.8933
vn -0.4658 0.1535 0.8715
vn -0.4701 0.0730 0.8796
vn -0.5080 0.1535 0.8476
vn -0.5127 0.0730 0.8555
vn -0.4073 0.3044 0.8611
vn -0.4490 0.3044 0.8401
vn -0.4897 0.3044 0.8170
vn -0.5541 0.0730 0.8293
vn -0.5490 0.1535 0.8216
vn -0.5292 0.3044 0.7920
vn -0.4550 0.4655 0.7591
vn -0.4917 0.4655 0.7359
vn -0.4172 0.4655 0.7805
vn -0.3784 0.4655 0.8000
vn -0.5941 0.0730 0.8010
vn -0.5887 0.1535 0.7937
vn -0.6269 0.1535 0.7639
vn -0.6327 0.0730 0.7709
vn -0.6636 0.1535 0.7322
vn -0.6697 0.0730 0.7390
vn -0.5675 0.3044 0.7651
vn -0.6043 0.3044 0.7363
vn -0.6397 0.3044 0.7058
vn -0.7052 0.0730 0.7052
vn -0.6987 0.1535 0.6987
vn -0.6736 0.3044 0.6735
vn -0.5943 0.4656 0.6558
vn -0.6258 0.4655 0.6258
vn -0.5614 0.4656 0.6841
vn -0.5272 0.4655 0.7108
vn -0.7390 0.0730 0.6697
vn -0.7322 0.1535 0.6636
vn -0.7638 0.1535 0.6269
vn -0.7709 0.0730 0.6327
vn -0.7937 0.1535 0.5887
vn -0.8010 0.0730 0.5941
vn -0.7058 0.3044 0.6397
vn -0.7363 0.3044 0.6043
vn -0.7651 0.3044 0.5675
vn -0.8293 0.0730 0.5541
vn -0.8216 0.1535 0.5490
vn -0.7920 0.3043 0.5292
vn -0.7109 0.4655 0.5272
vn -0.7359 0.4655 0.4917
vn -0.6841 0.4655 0.5615
vn -0.6558 0.4655 0.5943
vn -0.8555 0.0730 0.5127
vn -0.8476 0.1535 0.5080
vn -0.8715 0.1535 0.4658
vn -0.8796 0.0730 0.4701
vn -0.8933 0.1535 0.4225
vn -0.9016 0.0730 0.4264
vn -0.8170 0.3044 0.4897
vn -0.8401 0.3044 0.4490
vn -0.8611 0.3044 0.4073
vn -0.9214 0.0730 0.3817
vn -0.9129 0.1535 0.3782
vn -0.8800 0.3044 0.3645
vn -0.8000 0.4656 0.3784
vn -0.8177 0.4655 0.3387
vn -0.7805 0.4656 0.4172
vn -0.7591 0.4655 0.4550
vn -0.9390 0.0730 0.3360
vn -0.9304 0.1535 0.3329
vn -0.9456 0.1535 0.2868
vn -0.9544 0.0730 0.2895
vn -0.9585 0.1535 0.2402
vn -0.9674 0.0730 0.2424
vn -0.8969 0.3044 0.3209
vn -0.9115 0.3044 0.2765
vn -0.9240 0.3044 0.2315
vn -0.9782 0.0730 0.1946
vn -0.9692 0.1535 0.1928
vn -0.9342 0.3044 0.1858
vn -0.8585 0.4655 0.2151
vn -0.8680 0.4655 0.1727
vn -0.8469 0.4655 0.2569
vn -0.8333 0.4655 0.2981
vn -0.9865 0.0730 0.1463
vn -0.9775 0.1535 0.1450
vn -0.9834 0.1535 0.0969
vn -0.9925 0.0730 0.0978
vn -0.9870 0.1535 0.0485
vn -0.9961 0.0730 0.0490
vn -0.9422 0.3044 0.1397
vn -0.9480 0.3044 0.0934
vn -0.9514 0.3044 0.0468
vn -0.9973 0.0730 -0.0000
vn -0.9882 0.1535 -0.0000
vn -0.9526 0.3044 -0.0000
vn -0.8840 0.4655 0.0435
vn -0.8851 0.4655 -0.0000
vn -0.8808 0.4655 0.0867
vn -0.8755 0.4655 0.1298
vn -0.9961 0.0730 -0.0490
vn -0.9870 0.1535 -0.0485
vn -0.9834 0.1535 -0.0969
vn -0.9925 0.0730 -0.0978
vn -0.9775 0.1535 -0.1450
vn -0.9865 0.0730 -0.1463
vn -0.9514 0.3044 -0.0468
vn -0.9480 0.3044 -0.0934
vn -0.9422 0.3044 -0.1397
vn -0.9782 0.0730 -0.1946
vn -0.9692 0.1535 -0.1928
vn -0.9342 0.3044 -0.1858
vn -0.8755 0.4655 -0.1298
vn -0.8680 0.4655 -0.1727
vn -0.8808 0.4655 -0.0867
vn -0.8840 0.4655 -0.0435
vn -0.9674 0.0730 -0.2424
vn -0.9585 0.1535 -0.2401
vn -0.9456 0.1535 -0.2869
vn -0.9544 0.0730 -0.2895
vn -0.9304 0.1535 -0.3329
vn -0.9390 0.0730 -0.3360
vn -0.9240 0.3044 -0.2315
vn -0.9115 0.3044 -0.2765
vn -0.8969 0.3043 -0.3209
vn -0.9214 0.0730 -0.3816
vn -0.9129 0.1535 -0.3781
vn -0.8800 0.3044 -0.3645
vn -0.8333 0.4655 -0.2981
vn -0.8177 0.4655 -0.3387
vn -0.8469 0.4655 -0.2569
vn -0.8585 0.4655 -0.2151
vn -0.9016 0.0730 -0.4264
vn -0.8933 0.1535 -0.4225
vn -0.8715 0.1535 -0.4658
vn -0.8796 0.0730 -0.4701
vn -0.8476 0.1535 -0.5080
vn -0.8555 0.0730 -0.5127
vn -0.8611 0.3044 -0.4073
vn -0.8401 0.3044 -0.4490
vn -0.8171 0.3044 -0.4897
vn -0.8293 0.0730 -0.5541
vn -0.8216 0.1535 -0.5490
vn -0.7920 0.3044 -0.5292
vn -0.7591 0.4655 -0.4550
vn -0.7359 0.4655 -0.4917
vn -0.7805 0.4655 -0.4172
vn -0.8001 0.4655 -0.3784
vn -0.8010 0.0730 -0.5941
vn -0.7937 0.1535 -0.5887
vn -0.7639 0.1535 -0.6269
vn -0.7709 0.0730 -0.6327
vn -0.7322 0.1535 -0.6636
vn -0.7390 0.0730 -0.6697
vn -0.7651 0.3044 -0.5675
vn -0.7363 0.3044 -0.6043
vn -0.7058 0.3043 -0.6397
vn -0.7052 0.0730 -0.7052
vn -0.6987 0.1534 -0.6987
vn -0.6736 0.3044 -0.6736
vn -0.6558 0.4656 -0.5943
vn -0.6258 0.4656 -0.6258
vn -0.6841 0.4655 -0.5614
vn -0.7108 0.4655 -0.5272
vn -0.6697 0.0730 -0.7390
vn -0.6636 0.1535 -0.7322
vn -0.6269 0.1535 -0.7638
vn -0.6327 0.0730 -0.7709
vn -0.5887 0.1535 -0.7937
vn -0.5941 0.0730 -0.8010
vn -0.6397 0.3044 -0.7058
vn -0.6043 0.3044 -0.7363
vn -0.5675 0.3044 -0.7651
vn -0.5541 0.0730 -0.8293
vn -0.5490 0.1535 -0.8216
vn -0.5292 0.3044 -0.7920
vn -0.5272 0.4655 -0.7109
vn -0.4917 0.4655 -0.7359
vn -0.5615 0.4655 -0.6841
vn -0.5943 0.4656 -0.6558
vn -0.5127 0.0730 -0.8555
vn -0.5080 0.1535 -0.8476
vn -0.4658 0.1535 -0.8715
vn -0.4701 0.0730 -0.8796
vn -0.4225 0.1535 -0.8933
vn -0.4264 0.0730 -0.9016
vn -0.4897 0.3044 -0.8171
vn -0.4490 0.3044 -0.8401
vn -0.4073 0.3044 -0.8611
vn -0.3817 0.0730 -0.9214
vn -0.3781 0.1535 -0.9129
vn -0.3645 0.3044 -0.8800
vn -0.3784 0.4655 -0.8000
vn -0.3387 0.4655 -0.8177
vn -0.4172 0.4655 -0.7805
vn -0.4550 0.4655 -0.7591
vn -0.3360 0.0730 -0.9390
vn -0.3329 0.1535 -0.9304
vn -0.2868 0.1535 -0.9456
vn -0.2895 0.0730 -0.9544
vn -0.2402 0.1535 -0.9585
vn -0.2424 0.0730 -0.9674
vn -0.3209 0.3043 -0.8969
vn -0.2765 0.3043 -0.9115
vn -0.2315 0.3044 -0.9240
vn -0.1946 0.0730 -0.9782
vn -0.1928 0.1535 -0.9692
vn -0.1858 0.3044 -0.9342
vn -0.2151 0.4655 -0.8585
vn -0.1727 0.4655 -0.8680
vn -0.2569 0.4655 -0.8469
vn -0.2981 0.4655 -0.8333
vn -0.1463 0.0730 -0.9865
vn -0.1450 0.1535 -0.9775
vn -0.0969 0.1535 -0.9834
vn -0.0978 0.0730 -0.9925
vn -0.0485 0.1535 -0.9870
vn -0.0490 0.0730 -0.9961
vn -0.1397 0.3044 -0.9422
vn -0.0934 0.3044 -0.9480
vn -0.0468 0.3044 -0.9514
vn -0.0000 0.0730 -0.9973
vn -0.0000 0.1535 -0.9882
vn -0.0000 0.3044 -0.9526
vn -0.0435 0.4655 -0.8840
vn -0.0000 0.4655 -0.8851
vn -0.0867 0.4655 -0.8808
vn -0.1298 0.4655 -0.8755
vn 0.0490 0.0730 -0.9961
vn 0.0485 0.1535 -0.9870
vn 0.0969 0.1535 -0.9834
vn 0.0978 0.0730 -0.9925
vn 0.1450 0.1535 -0.9775
vn 0.1463 0.0730 -0.9865
vn 0.0468 0.3044 -0.9514
vn 0.0934 0.3044 -0.9480
vn 0.1397 0.3044 -0.9422
vn 0.1946 0.0730 -0.9782
vn 0.1928 0.1535 -0.9692
vn 0.1858 0.3044 -0.9342
vn 0.1298 0.4655 -0.8755
vn 0.1727 0.4655 -0.8680
vn 0.0867 0.4655 -0.8808
vn 0.0435 0.4655 -0.8840
vn 0.2424 0.0730 -0.9674
vn 0.2401 0.1535 -0.9585
vn 0.2869 0.1535 -0.9456
vn 0.2895 0.0730 -0.9544
vn 0.3329 0.1535 -0.9304
vn 0.3360 0.0730 -0.9390
vn 0.2315 0.3044 -0.9240
vn 0.2765 0.3044 -0.9115
vn 0.3209 0.3043 -0.8969
vn 0.3817 0.0730 -0.9214
vn 0.3781 0.1535 -0.9129
vn 0.3645 0.3044 -0.8800
vn 0.2981 0.4655 -0.8333
vn 0.3387 0.4655 -0.8177
vn 0.2569 0.4655 -0.8469
vn 0.2151 0.4655 -0.8585
vn 0.4264 0.0730 -0.9016
vn 0.4225 0.1535 -0.8933
vn 0.4658 0.1535 -0.8715
vn 0.4701 0.0730 -0.8796
vn 0.5080 0.1535 -0.8476
vn 0.5127 0.0730 -0.8555
vn 0.4073 0.3044 -0.8611
vn 0.4490 0.3044 -0.8401
vn 0.4897 0.3044 -0.8170
vn 0.5541 0.0730 -0.8292
vn 0.5490 0.1535 -0.8216
vn 0.5292 0.3044 -0.7920
vn 0.4550 0.4656 -0.7591
vn 0.4917 0.4656 -0.7359
vn 0.4172 0.4655 -0.7805
vn 0.3784 0.4655 -0.8000
vn 0.5941 0.0730 -0.8010
vn 0.5887 0.1535 -0.7937
vn 0.6269 0.1535 -0.7639
vn 0.6327 0.0730 -0.7710
vn 0.6636 0.1535 -0.7322
vn 0.6697 0.0730 -0.7390
vn 0.5675 0.3044 -0.7651
vn 0.6043 0.3044 -0.7363
vn 0.6397 0.3044 -0.7058
vn 0.7052 0.0730 -0.7052
vn 0.6987 0.1534 -0.6987
vn 0.6736 0.3044 -0.6736
vn 0.5943 0.4656 -0.6558
vn 0.6258 0.4656 -0.6258
vn 0.5615 0.4655 -0.6841
vn 0.5272 0.4655 -0.7108
vn 0.7390 0.0730 -0.6697
vn 0.7322 0.1535 -0.6636
vn 0.7639 0.1535 -0.6269
vn 0.7709 0.0730 -0.6327
vn 0.7937 0.1535 -0.5887
vn 0.8010 0.0730 -0.5941
vn 0.7058 0.3044 -0.6397
vn 0.7363 0.3044 -0.6043
vn 0.7651 0.3044 -0.5675
vn 0.8292 0.0730 -0.5541
vn 0.8216 0.1535 -0.5490
vn 0.7920 0.3044 -0.5292
vn 0.7108 0.4655 -0.5272
vn 0.7359 0.4656 -0.4917
vn 0.6841 0.4655 -0.5615
vn 0.6558 0.4655 -0.5943
vn 0.8555 0.0730 -0.5127
vn 0.8476 0.1535 -0.5080
vn 0.8715 0.1535 -0.4658
vn 0.8796 0.0730 -0.4701
vn 0.8933 0.1535 -0.4225
vn 0.9016 0.0730 -0.4264
vn 0.8171 0.3044 -0.4897
vn 0.8401 0.3044 -0.4490
vn 0.8611 0.3044 -0.4073
vn 0.9214 0.0730 -0.3817
vn 0.9129 0.1535 -0.3781
vn 0.8800 0.3044 -0.3645
vn 0.8000 0.4655 -0.3784
vn 0.8177 0.4655 -0.3387
vn 0.7805 0.4655 -0.4172
vn 0.7591 0.4655 -0.4550
vn 0.9390 0.0730 -0.3360
vn 0.9304 0.1535 -0.3329
vn 0.9456 0.1535 -0.2868
vn 0.9544 0.0730 -0.2895
vn 0.9585 0.1535 -0.2402
vn 0.9674 0.0730 -0.2424
vn 0.8969 0.3044 -0.3209
vn 0.9115 0.3044 -0.2765
vn 0.9240 0.3044 -0.2315
vn 0.9782 0.0730 -0.1946
vn 0.9692 0.1535 -0.1928
vn 0.9342 0.3044 -0.1858
vn 0.8585 0.4655 -0.2151
vn 0.8680 0.4655 -0.1727
vn 0.8469 0.4655 -0.2569
vn 0.8333 0.4655 -0.2981
vn 0.9865 0.0730 -0.1463
vn 0.9775 0.1535 -0.1450
vn 0.9834 0.1535 -0.0969
vn 0.9925 0.0730 -0.0978
vn 0.9870 0.1535 -0.0485
vn 0.9961 0.0730 -0.0490
vn 0.9422 0.3044 -0.1397
vn 0.9480 0.3044 -0.0934
vn 0.9514 0.3044 -0.0468
vn 0.9973 0.0730 -0.0000
vn 0.9882 0.1535 -0.0000
vn 0.9526 0.3044 -0.0000
vn 0.8840 0.4655 -0.0435
vn 0.8850 0.4655 -0.0000
vn 0.8808 0.4655 -0.0867
vn 0.8755 0.4655 -0.1298
vn 0.9961 0.0730 0.0490
vn 0.9870 0.1535 0.0485
vn 0.9834 0.1535 0.0969
vn 0.9925 0.0730 0.0978
vn 0.9775 0.1535 0.1450
vn 0.9865 0.0730 0.1463
vn 0.9514 0.3044 0.0468
vn 0.9480 0.3044 0.0934
vn 0.9422 0.3044 0.1397
vn 0.9782 0.0730 0.1946
vn 0.9692 0.1535 0.1928
vn 0.9342 0.3044 0.1858
vn 0.8755 0.4655 0.1298
vn 0.8680 0.4655 0.1727
vn 0.8808 0.4655 0.0868
vn 0.8840 0.4655 0.0435
vn 0.9674 0.0730 0.2424
vn 0.9585 0.1535 0.2402
vn 0.9456 0.1535 0.2869
vn 0.9544 0.0730 0.2895
vn 0.9304 0.1535 0.3329
vn 0.9390 0.0730 0.3360
vn 0.9240 0.3044 0.2315
vn 0.9115 0.3044 0.2765
vn 0.8969 0.3044 0.3209
vn 0.9214 0.0730 0.3817
vn 0.9129 0.1535 0.3781
vn 0.8800 0.3044 0.3645
vn 0.8333 0.4655 0.2981
vn 0.8177 0.4655 0.3387
vn 0.8469 0.4655 0.2569
vn 0.8585 0.4655 0.2151
vn 0.9016 0.0730 0.4264
vn 0.8933 0.1535 0.4225
vn 0.8715 0.1535 0.4658
vn 0.8796 0.0730 0.4701
vn 0.8476 0.1535 0.5080
vn 0.8555 0.0730 0.5127
vn 0.8611 0.3044 0.4073
vn 0.8401 0.3044 0.4490
vn 0.8171 0.3043 0.4897
vn 0.8293 0.0730 0.5541
vn 0.8216 0.1535 0.5490
vn 0.7920 0.3044 0.5292
vn 0.7591 0.4655 0.4550
vn 0.7359 0.4655 0.4917
vn 0.7805 0.4655 0.4172
vn 0.8000 0.4655 0.3784
vn 0.8010 0.0730 0.5941
vn 0.7937 0.1535 0.5887
vn 0.7639 0.1535 0.6269
vn 0.7709 0.0730 0.6327
vn 0.7322 0.1535 0.6636
vn 0.7390 0.0730 0.6697
vn 0.7651 0.3044 0.5675
vn 0.7363 0.3044 0.6043
vn 0.7058 0.3044 0.6397
vn 0.7052 0.0730 0.7052
vn 0.6987 0.1534 0.6987
vn 0.6736 0.3044 0.6736
vn 0.6558 0.4655 0.5943
vn 0.6258 0.4656 0.6258
vn 0.6841 0.4655 0.5615
vn 0.7108 0.4655 0.5272
vn 0.6697 0.0730 0.7390
vn 0.6636 0.1535 0.7322
vn 0.6269 0.1535 0.7639
vn 0.6327 0.0730 0.7709
vn 0.5887 0.1535 0.7937
vn 0.5941 0.0730 0.8010
vn 0.6397 0.3044 0.7058
vn 0.6043 0.3044 0.7363
vn 0.5675 0.3044 0.7651
vn 0.5541 0.0730 0.8293
vn 0.5490 0.1535 0.8216
vn 0.5292 0.3044 0.7920
vn 0.5272 0.4655 0.7108
vn 0.4917 0.4655 0.7359
vn 0.5615 0.4655 0.6841
vn 0.5943 0.4656 0.6558
vn 0.5127 0.0730 0.8555
vn 0.5080 0.1535 0.8476
vn 0.4658 0.1535 0.8715
vn 0.4701 0.0730 0.8796
vn 0.4225 0.1535 0.8933
vn 0.4264 0.0730 0.9016
vn 0.4897 0.3044 0.8171
vn 0.4490 0.3044 0.8401
vn 0.4073 0.3044 0.8611
vn 0.3817 0.0730 0.9214
vn 0.3782 0.1535 0.9129
vn 0.3645 0.3044 0.8800
vn 0.3784 0.4656 0.8000
vn 0.3387 0.4655 0.8177
vn 0.4172 0.4656 0.7805
vn 0.4550 0.4655 0.7591
vn 0.3360 0.0730 0.9390
vn 0.3329 0.1535 0.9304
vn 0.2868 0.1535 0.9456
vn 0.2895 0.0730 0.9544
vn 0.2402 0.1535 0.9585
vn 0.2424 0.0730 0.9674
vn 0.3209 0.3044 0.8969
vn 0.2765 0.3044 0.9115
vn 0.2315 0.3044 0.9240
vn 0.2151 0.4655 0.8585
vn 0.2569 0.4655 0.8469
vn 0.2981 0.4655 0.8333
vn 0.0395 0.5944 0.8032
vn 0.0788 0.5944 0.8003
vn 0.0740 0.6561 0.7511
vn 0.0371 0.6561 0.7538
vn 0.1180 0.5943 0.7955
vn 0.1107 0.6561 0.7466
vn 0.1569 0.5943 0.7888
vn 0.1473 0.6561 0.7402
vn -0.0000 0.5944 0.8042
vn -0.0000 0.6561 0.7547
vn 0.1954 0.5944 0.7801
vn 0.2334 0.5944 0.7695
vn 0.2191 0.6560 0.7222
vn 0.1834 0.6560 0.7321
vn 0.2709 0.5944 0.7572
vn 0.2542 0.6561 0.7106
vn 0.3077 0.5944 0.7430
vn 0.2888 0.6561 0.6972
vn 0.3439 0.5944 0.7269
vn 0.3791 0.5944 0.7092
vn 0.3558 0.6560 0.6656
vn 0.3227 0.6561 0.6822
vn 0.4134 0.5944 0.6898
vn 0.3880 0.6561 0.6474
vn 0.4468 0.5944 0.6686
vn 0.4193 0.6561 0.6275
vn 0.4791 0.5944 0.6459
vn 0.5102 0.5944 0.6216
vn 0.4788 0.6561 0.5834
vn 0.4496 0.6561 0.6062
vn 0.5400 0.5944 0.5959
vn 0.5068 0.6561 0.5592
vn 0.5686 0.5944 0.5686
vn 0.5336 0.6561 0.5336
vn 0.5959 0.5944 0.5400
vn 0.6216 0.5944 0.5102
vn 0.5834 0.6561 0.4788
vn 0.5592 0.6561 0.5068
vn 0.6459 0.5944 0.4791
vn 0.6062 0.6560 0.4496
vn 0.6686 0.5944 0.4468
vn 0.6275 0.6560 0.4193
vn 0.6473 0.6561 0.3880
vn 0.6898 0.5944 0.4134
vn 0.7092 0.5944 0.3791
vn 0.6656 0.6561 0.3558
vn 0.7269 0.5944 0.3438
vn 0.6822 0.6561 0.3227
vn 0.7430 0.5944 0.3077
vn 0.6972 0.6561 0.2888
vn 0.7106 0.6561 0.2542
vn 0.7572 0.5944 0.2709
vn 0.7695 0.5944 0.2334
vn 0.7222 0.6560 0.2191
vn 0.7801 0.5944 0.1954
vn 0.7321 0.6560 0.1834
vn 0.7888 0.5944 0.1569
vn 0.7402 0.6561 0.1473
vn 0.7465 0.6561 0.1107
vn 0.7955 0.5944 0.1180
vn 0.8003 0.5944 0.0788
vn 0.7511 0.6561 0.0740
vn 0.8032 0.5944 0.0395
vn 0.7538 0.6561 0.0371
vn 0.8042 0.5944 -0.0000
vn 0.7547 0.6561 -0.0000
vn 0.8032 0.5944 -0.0395
vn 0.8003 0.5944 -0.0788
vn 0.7511 0.6561 -0.0740
vn 0.7538 0.6561 -0.0371
vn 0.7955 0.5944 -0.1180
vn 0.7466 0.6561 -0.1107
vn 0.7887 0.5944 -0.1569
vn 0.7402 0.6561 -0.1473
vn 0.7801 0.5944 -0.1954
vn 0.7695 0.5944 -0.2334
vn 0.7222 0.6560 -0.2191
vn 0.7321 0.6560 -0.1834
vn 0.7572 0.5944 -0.2709
vn 0.7106 0.6561 -0.2542
vn 0.7430 0.5944 -0.3077
vn 0.6972 0.6561 -0.2888
vn 0.7270 0.5944 -0.3438
vn 0.7092 0.5944 -0.3791
vn 0.6656 0.6561 -0.3558
vn 0.6822 0.6561 -0.3227
vn 0.6898 0.5944 -0.4134
vn 0.6473 0.6561 -0.3880
vn 0.6686 0.5944 -0.4468
vn 0.6275 0.6561 -0.4193
vn 0.6459 0.5944 -0.4791
vn 0.6216 0.5944 -0.5102
vn 0.5834 0.6561 -0.4788
vn 0.6062 0.6561 -0.4496
vn 0.5959 0.5944 -0.5400
vn 0.5592 0.6561 -0.5068
vn 0.5686 0.5944 -0.5686
vn 0.5336 0.6561 -0.5336
vn 0.5400 0.5944 -0.5959
vn 0.5102 0.5944 -0.6217
vn 0.4788 0.6560 -0.5834
vn 0.5068 0.6560 -0.5592
vn 0.4791 0.5944 -0.6459
vn 0.4496 0.6560 -0.6062
vn 0.4468 0.5944 -0.6686
vn 0.4193 0.6560 -0.6275
vn 0.3880 0.6561 -0.6473
vn 0.4134 0.5944 -0.6898
vn 0.3791 0.5944 -0.7092
vn 0.3558 0.6561 -0.6656
vn 0.3438 0.5944 -0.7269
vn 0.3227 0.6561 -0.6822
vn 0.3077 0.5944 -0.7429
vn 0.2888 0.6561 -0.6972
vn 0.2542 0.6561 -0.7106
vn 0.2709 0.5944 -0.7572
vn 0.2334 0.5944 -0.7695
vn 0.2191 0.6561 -0.7222
vn 0.1954 0.5944 -0.7801
vn 0.1834 0.6561 -0.7321
vn 0.1569 0.5944 -0.7887
vn 0.1472 0.6561 -0.7402
vn 0.1107 0.6560 -0.7466
vn 0.1180 0.5944 -0.7955
vn 0.0788 0.5944 -0.8003
vn 0.0740 0.6561 -0.7511
vn 0.0395 0.5944 -0.8032
vn 0.0371 0.6561 -0.7538
vn -0.0000 0.5944 -0.8042
vn -0.0000 0.6561 -0.7547
vn -0.0395 0.5944 -0.8032
vn -0.0788 0.5944 -0.8003
vn -0.0740 0.6561 -0.7511
vn -0.0371 0.6561 -0.7538
vn -0.1180 0.5944 -0.7955
vn -0.1107 0.6560 -0.7466
vn -0.1569 0.5944 -0.7887
vn -0.1473 0.6561 -0.7402
vn -0.1954 0.5944 -0.7801
vn -0.2334 0.5944 -0.7695
vn -0.2191 0.6560 -0.7222
vn -0.1834 0.6560 -0.7321
vn -0.2709 0.5944 -0.7572
vn -0.2542 0.6561 -0.7106
vn -0.3077 0.5944 -0.7429
vn -0.2888 0.6561 -0.6972
vn -0.3438 0.5944 -0.7270
vn -0.3791 0.5944 -0.7092
vn -0.3558 0.6561 -0.6656
vn -0.3227 0.6561 -0.6822
vn -0.4134 0.5944 -0.6898
vn -0.3880 0.6560 -0.6474
vn -0.4468 0.5944 -0.6686
vn -0.4193 0.6561 -0.6275
vn -0.4496 0.6561 -0.6061
vn -0.4791 0.5944 -0.6459
vn -0.5102 0.5944 -0.6216
vn -0.4788 0.6561 -0.5834
vn -0.5400 0.5944 -0.5959
vn -0.5068 0.6561 -0.5592
vn -0.5686 0.5944 -0.5686
vn -0.5337 0.6560 -0.5337
vn -0.5592 0.6560 -0.5068
vn -0.5959 0.5944 -0.5400
vn -0.6217 0.5944 -0.5102
vn -0.5834 0.6560 -0.4788
vn -0.6459 0.5944 -0.4791
vn -0.6062 0.6560 -0.4496
vn -0.6687 0.5944 -0.4468
vn -0.6275 0.6560 -0.4193
vn -0.6898 0.5944 -0.4134
vn -0.7092 0.5944 -0.3791
vn -0.6656 0.6561 -0.3558
vn -0.6473 0.6561 -0.3880
vn -0.7270 0.5944 -0.3439
vn -0.6822 0.6561 -0.3227
vn -0.7430 0.5944 -0.3078
vn -0.6973 0.6560 -0.2888
vn -0.7572 0.5944 -0.2709
vn -0.7696 0.5944 -0.2334
vn -0.7222 0.6560 -0.2191
vn -0.7107 0.6560 -0.2543
vn -0.7801 0.5944 -0.1954
vn -0.7321 0.6561 -0.1834
vn -0.7887 0.5944 -0.1569
vn -0.7402 0.6561 -0.1472
vn -0.7955 0.5944 -0.1180
vn -0.8003 0.5944 -0.0788
vn -0.7511 0.6561 -0.0740
vn -0.7466 0.6560 -0.1107
vn -0.8032 0.5944 -0.0395
vn -0.7538 0.6561 -0.0371
vn -0.8042 0.5944 -0.0000
vn -0.7547 0.6561 -0.0000
vn -0.8032 0.5944 0.0395
vn -0.8003 0.5944 0.0788
vn -0.7511 0.6561 0.0740
vn -0.7538 0.6561 0.0371
vn -0.7955 0.5944 0.1180
vn -0.7466 0.6561 0.1107
vn -0.7888 0.5943 0.1569
vn -0.7402 0.6561 0.1473
vn -0.7801 0.5944 0.1954
vn -0.7696 0.5944 0.2334
vn -0.7222 0.6560 0.2191
vn -0.7321 0.6560 0.1834
vn -0.7572 0.5944 0.2709
vn -0.7106 0.6561 0.2542
vn -0.7430 0.5944 0.3077
vn -0.6972 0.6561 0.2888
vn -0.7270 0.5944 0.3439
vn -0.7092 0.5944 0.3791
vn -0.6656 0.6560 0.3558
vn -0.6822 0.6560 0.3227
vn -0.6898 0.5944 0.4134
vn -0.6474 0.6560 0.3880
vn -0.6687 0.5944 0.4468
vn -0.6275 0.6560 0.4193
vn -0.6459 0.5944 0.4791
vn -0.6216 0.5944 0.5102
vn -0.5834 0.6561 0.4788
vn -0.6062 0.6561 0.4496
vn -0.5959 0.5944 0.5400
vn -0.5592 0.6561 0.5068
vn -0.5687 0.5944 0.5687
vn -0.5337 0.6560 0.5337
vn -0.5400 0.5944 0.5959
vn -0.5102 0.5944 0.6217
vn -0.4788 0.6560 0.5834
vn -0.5068 0.6560 0.5593
vn -0.4791 0.5944 0.6459
vn -0.4496 0.6560 0.6062
vn -0.4468 0.5944 0.6687
vn -0.4193 0.6560 0.6275
vn -0.4134 0.5944 0.6898
vn -0.3791 0.5944 0.7092
vn -0.3558 0.6561 0.6656
vn -0.3880 0.6561 0.6474
vn -0.3438 0.5944 0.7270
vn -0.3227 0.6560 0.6823
vn -0.3078 0.5944 0.7430
vn -0.2889 0.6560 0.6973
vn -0.2709 0.5944 0.7572
vn -0.2334 0.5944 0.7696
vn -0.2191 0.6561 0.7222
vn -0.2543 0.6560 0.7107
vn -0.1954 0.5944 0.7801
vn -0.1834 0.6561 0.7321
vn -0.1569 0.5944 0.7887
vn -0.1473 0.6560 0.7402
vn -0.1180 0.5944 0.7955
vn -0.0788 0.5944 0.8003
vn -0.0740 0.6561 0.7511
vn -0.1107 0.6560 0.7466
vn -0.0395 0.5944 0.8032
vn -0.0371 0.6561 0.7538
vn 0.0490 -0.0729 -0.9961
vn 0.0978 -0.0729 -0.9925
vn 0.0969 -0.1530 -0.9835
vn 0.0485 -0.1530 -0.9870
vn 0.1463 -0.0729 -0.9865
vn 0.1450 -0.1530 -0.9775
vn 0.0934 -0.3045 -0.9479
vn 0.0468 -0.3045 -0.9514
vn 0.1397 -0.3045 -0.9422
vn -0.0000 -0.0333 -0.9994
vn 0.0491 -0.0333 -0.9982
vn -0.0000 -0.0729 -0.9973
vn 0.0980 -0.0333 -0.9946
vn 0.1466 -0.0333 -0.9886
vn 0.1950 -0.0333 -0.9802
vn 0.1946 -0.0729 -0.9782
vn 0.1928 -0.1530 -0.9692
vn 0.1858 -0.3045 -0.9342
vn 0.1726 -0.4659 -0.8678
vn 0.1298 -0.4659 -0.8753
vn 0.0867 -0.4659 -0.8806
vn 0.0435 -0.4659 -0.8838
vn -0.0000 -0.3045 -0.9525
vn -0.0000 -0.4659 -0.8848
vn -0.0000 -0.1530 -0.9882
vn -0.1463 -0.0729 -0.9865
vn -0.0978 -0.0729 -0.9925
vn -0.0969 -0.1530 -0.9835
vn -0.1450 -0.1530 -0.9775
vn -0.0490 -0.0729 -0.9961
vn -0.0485 -0.1530 -0.9870
vn -0.0934 -0.3045 -0.9479
vn -0.1397 -0.3045 -0.9422
vn -0.0468 -0.3045 -0.9514
vn -0.1950 -0.0333 -0.9802
vn -0.1466 -0.0333 -0.9886
vn -0.1946 -0.0729 -0.9782
vn -0.0980 -0.0333 -0.9946
vn -0.0491 -0.0333 -0.9982
vn -0.0435 -0.4659 -0.8838
vn -0.0867 -0.4659 -0.8806
vn -0.1298 -0.4659 -0.8753
vn -0.1858 -0.3045 -0.9342
vn -0.1726 -0.4659 -0.8678
vn -0.1928 -0.1530 -0.9692
vn -0.0491 -0.0144 -0.9987
vn -0.0980 -0.0144 -0.9951
vn -0.0980 -0.0060 -0.9952
vn -0.0491 -0.0060 -0.9988
vn -0.1467 -0.0144 -0.9891
vn -0.1467 -0.0060 -0.9892
vn -0.0491 -0.0033 -0.9988
vn -0.0980 -0.0033 -0.9952
vn -0.1467 -0.0033 -0.9892
vn -0.0000 -0.0144 -0.9999
vn -0.1951 -0.0144 -0.9807
vn -0.1951 -0.0060 -0.9808
vn -0.1951 -0.0033 -0.9808
vn -0.0000 -0.0033 -1.0000
vn -0.0000 -0.0060 -1.0000
vn 0.8819 -0.0060 -0.4714
vn 0.9040 -0.0060 -0.4276
vn 0.9039 -0.0144 -0.4276
vn 0.8818 -0.0144 -0.4713
vn 0.8577 -0.0060 -0.5141
vn 0.8577 -0.0144 -0.5140
vn 0.9040 -0.0033 -0.4276
vn 0.8819 -0.0033 -0.4714
vn 0.8577 -0.0033 -0.5141
vn 0.9234 -0.0333 -0.3825
vn 0.9035 -0.0333 -0.4274
vn 0.9238 -0.0144 -0.3826
vn 0.8814 -0.0333 -0.4711
vn 0.8573 -0.0333 -0.5138
vn 0.8314 -0.0144 -0.5555
vn 0.8310 -0.0333 -0.5553
vn 0.8314 -0.0060 -0.5556
vn 0.8315 -0.0033 -0.5556
vn 0.9239 -0.0033 -0.3827
vn 0.9239 -0.0060 -0.3827
vn -0.6715 -0.0144 0.7409
vn -0.6343 -0.0144 0.7729
vn -0.6344 -0.0060 0.7730
vn -0.6715 -0.0060 0.7410
vn -0.5957 -0.0144 0.8031
vn -0.5957 -0.0060 0.8032
vn -0.6715 -0.0033 0.7410
vn -0.6344 -0.0033 0.7730
vn -0.5957 -0.0033 0.8032
vn -0.7067 -0.0333 0.7067
vn -0.6712 -0.0333 0.7406
vn -0.7070 -0.0144 0.7070
vn -0.6340 -0.0333 0.7726
vn -0.5954 -0.0333 0.8027
vn -0.5553 -0.0333 0.8310
vn -0.5555 -0.0144 0.8314
vn -0.5555 -0.0060 0.8315
vn -0.5556 -0.0033 0.8315
vn -0.7071 -0.0060 0.7071
vn -0.6895 -0.0033 0.7243
vn -0.7071 -0.0033 0.7071
vn 0.9699 -0.0144 -0.2430
vn 0.9568 -0.0144 -0.2903
vn 0.9569 -0.0060 -0.2903
vn 0.9700 -0.0060 -0.2430
vn 0.9415 -0.0144 -0.3368
vn 0.9415 -0.0060 -0.3369
vn 0.9700 -0.0033 -0.2430
vn 0.9569 -0.0033 -0.2903
vn 0.9415 -0.0033 -0.3369
vn 0.9802 -0.0333 -0.1950
vn 0.9695 -0.0333 -0.2429
vn 0.9807 -0.0144 -0.1951
vn 0.9564 -0.0333 -0.2901
vn 0.9410 -0.0333 -0.3367
vn 0.9808 -0.0033 -0.1951
vn 0.9808 -0.0060 -0.1951
vn -0.8031 -0.0144 0.5957
vn -0.7729 -0.0144 0.6343
vn -0.7730 -0.0060 0.6344
vn -0.8032 -0.0060 0.5957
vn -0.7409 -0.0144 0.6715
vn -0.7410 -0.0060 0.6715
vn -0.7730 -0.0033 0.6344
vn -0.8032 -0.0033 0.5957
vn -0.7410 -0.0033 0.6715
vn -0.8310 -0.0333 0.5553
vn -0.8027 -0.0333 0.5954
vn -0.8314 -0.0144 0.5555
vn -0.7726 -0.0333 0.6340
vn -0.7406 -0.0333 0.6712
vn -0.8315 -0.0060 0.5556
vn -0.8315 -0.0033 0.5556
vn 0.9987 -0.0144 -0.0491
vn 0.9951 -0.0144 -0.0980
vn 0.9952 -0.0060 -0.0980
vn 0.9988 -0.0060 -0.0491
vn 0.9891 -0.0144 -0.1467
vn 0.9892 -0.0060 -0.1467
vn 0.9988 -0.0033 -0.0491
vn 0.9952 -0.0033 -0.0980
vn 0.9892 -0.0033 -0.1467
vn 0.9994 -0.0333 -0.0000
vn 0.9982 -0.0333 -0.0491
vn 0.9999 -0.0144 -0.0000
vn 0.9946 -0.0333 -0.0980
vn 0.9886 -0.0333 -0.1466
vn 1.0000 -0.0033 -0.0000
vn 1.0000 -0.0060 -0.0000
vn -0.9039 -0.0144 0.4276
vn -0.8818 -0.0144 0.4714
vn -0.8819 -0.0060 0.4714
vn -0.9040 -0.0060 0.4276
vn -0.8577 -0.0144 0.5140
vn -0.8577 -0.0060 0.5141
vn -0.8819 -0.0033 0.4714
vn -0.9040 -0.0033 0.4276
vn -0.8577 -0.0033 0.5141
vn -0.9234 -0.0333 0.3825
vn -0.9035 -0.0333 0.4274
vn -0.9238 -0.0144 0.3826
vn -0.8814 -0.0333 0.4711
vn -0.8573 -0.0333 0.5138
vn -0.9239 -0.0060 0.3827
vn -0.9239 -0.0033 0.3827
vn 0.9891 -0.0144 0.1467
vn 0.9951 -0.0144 0.0980
vn 0.9952 -0.0060 0.0980
vn 0.9892 -0.0060 0.1467
vn 0.9987 -0.0144 0.0491
vn 0.9988 -0.0060 0.0491
vn 0.9892 -0.0033 0.1467
vn 0.9952 -0.0033 0.0980
vn 0.9988 -0.0033 0.0491
vn 0.9802 -0.0333 0.1950
vn 0.9886 -0.0333 0.1466
vn 0.9807 -0.0144 0.1951
vn 0.9946 -0.0333 0.0980
vn 0.9982 -0.0333 0.0491
vn 0.9808 -0.0033 0.1951
vn 0.9808 -0.0060 0.1951
vn -0.9699 -0.0144 0.2430
vn -0.9568 -0.0144 0.2903
vn -0.9569 -0.0060 0.2903
vn -0.9700 -0.0060 0.2430
vn -0.9415 -0.0144 0.3368
vn -0.9415 -0.0060 0.3369
vn -0.9569 -0.0033 0.2903
vn -0.9700 -0.0033 0.2430
vn -0.9415 -0.0033 0.3369
vn -0.9802 -0.0333 0.1950
vn -0.9695 -0.0333 0.2429
vn -0.9807 -0.0144 0.1951
vn -0.9564 -0.0333 0.2901
vn -0.9410 -0.0333 0.3367
vn -0.9808 -0.0060 0.1951
vn -0.9808 -0.0033 0.1951
vn 0.9415 -0.0144 0.3368
vn 0.9568 -0.0144 0.2903
vn 0.9569 -0.0060 0.2903
vn 0.9415 -0.0060 0.3369
vn 0.9699 -0.0144 0.2430
vn 0.9700 -0.0060 0.2430
vn 0.9415 -0.0033 0.3369
vn 0.9569 -0.0033 0.2903
vn 0.9700 -0.0033 0.2430
vn 0.9234 -0.0333 0.3825
vn 0.9410 -0.0333 0.3367
vn 0.9238 -0.0144 0.3826
vn 0.9564 -0.0333 0.2901
vn 0.9695 -0.0333 0.2429
vn 0.9239 -0.0033 0.3827
vn 0.9239 -0.0060 0.3827
vn -0.9987 -0.0144 0.0491
vn -0.9951 -0.0144 0.0980
vn -0.9952 -0.0060 0.0980
vn -0.9988 -0.0060 0.0491
vn -0.9891 -0.0144 0.1467
vn -0.9892 -0.0060 0.1467
vn -0.9952 -0.0033 0.0980
vn -0.9988 -0.0033 0.0491
vn -0.9892 -0.0033 0.1467
vn -0.9994 -0.0333 -0.0000
vn -0.9982 -0.0333 0.0491
vn -0.9999 -0.0144 -0.0000
vn -0.9946 -0.0333 0.0980
vn -0.9886 -0.0333 0.1466
vn -1.0000 -0.0033 -0.0000
vn -1.0000 -0.0060 -0.0000
vn 0.8577 -0.0144 0.5140
vn 0.8818 -0.0144 0.4713
vn 0.8819 -0.0060 0.4714
vn 0.8577 -0.0060 0.5141
vn 0.9039 -0.0144 0.4275
vn 0.9040 -0.0060 0.4276
vn 0.8577 -0.0033 0.5141
vn 0.8819 -0.0033 0.4714
vn 0.9040 -0.0033 0.4276
vn 0.8310 -0.0333 0.5553
vn 0.8573 -0.0333 0.5138
vn 0.8314 -0.0144 0.5555
vn 0.8814 -0.0333 0.4711
vn 0.9035 -0.0333 0.4274
vn 0.8315 -0.0033 0.5556
vn 0.8315 -0.0060 0.5555
vn -0.9891 -0.0144 -0.1467
vn -0.9951 -0.0144 -0.0980
vn -0.9952 -0.0060 -0.0980
vn -0.9892 -0.0060 -0.1467
vn -0.9987 -0.0144 -0.0491
vn -0.9988 -0.0060 -0.0491
vn -0.9892 -0.0033 -0.1467
vn -0.9952 -0.0033 -0.0980
vn -0.9988 -0.0033 -0.0491
vn -0.9802 -0.0333 -0.1950
vn -0.9886 -0.0333 -0.1466
vn -0.9807 -0.0144 -0.1951
vn -0.9946 -0.0333 -0.0980
vn -0.9982 -0.0333 -0.0491
vn -0.9808 -0.0060 -0.1951
vn -0.9808 -0.0033 -0.1951
vn 0.7409 -0.0144 0.6715
vn 0.7729 -0.0144 0.6343
vn 0.7730 -0.0060 0.6344
vn 0.7410 -0.0060 0.6715
vn 0.8031 -0.0144 0.5957
vn 0.8032 -0.0060 0.5957
vn 0.7410 -0.0033 0.6715
vn 0.7730 -0.0033 0.6344
vn 0.8032 -0.0033 0.5957
vn 0.7067 -0.0333 0.7067
vn 0.7406 -0.0333 0.6712
vn 0.7070 -0.0144 0.7070
vn 0.7726 -0.0333 0.6340
vn 0.8027 -0.0333 0.5954
vn 0.7071 -0.0033 0.7071
vn 0.7071 -0.0060 0.7071
vn -0.9415 -0.0144 -0.3368
vn -0.9568 -0.0144 -0.2903
vn -0.9569 -0.0060 -0.2903
vn -0.9415 -0.0060 -0.3369
vn -0.9699 -0.0144 -0.2430
vn -0.9700 -0.0060 -0.2430
vn -0.9415 -0.0033 -0.3369
vn -0.9569 -0.0033 -0.2903
vn -0.9700 -0.0033 -0.2430
vn -0.9234 -0.0333 -0.3825
vn -0.9410 -0.0333 -0.3367
vn -0.9238 -0.0144 -0.3826
vn -0.9564 -0.0333 -0.2901
vn -0.9695 -0.0333 -0.2429
vn -0.9239 -0.0033 -0.3827
vn -0.9239 -0.0060 -0.3827
vn 0.5957 -0.0144 0.8031
vn 0.6343 -0.0144 0.7729
vn 0.6344 -0.0060 0.7730
vn 0.5957 -0.0060 0.8032
vn 0.6715 -0.0144 0.7409
vn 0.6715 -0.0060 0.7410
vn 0.6344 -0.0033 0.7730
vn 0.5957 -0.0033 0.8032
vn 0.6715 -0.0033 0.7410
vn 0.5553 -0.0333 0.8310
vn 0.5954 -0.0333 0.8027
vn 0.5555 -0.0144 0.8314
vn 0.6340 -0.0333 0.7726
vn 0.6712 -0.0333 0.7406
vn 0.5556 -0.0060 0.8314
vn 0.5556 -0.0033 0.8315
vn -0.2430 -0.0144 -0.9699
vn -0.2903 -0.0144 -0.9568
vn -0.2903 -0.0060 -0.9569
vn -0.2430 -0.0060 -0.9700
vn -0.3368 -0.0144 -0.9415
vn -0.3369 -0.0060 -0.9415
vn -0.2430 -0.0033 -0.9700
vn -0.2903 -0.0033 -0.9569
vn -0.3369 -0.0033 -0.9415
vn -0.2429 -0.0333 -0.9695
vn -0.2901 -0.0333 -0.9564
vn -0.3367 -0.0333 -0.9410
vn -0.3825 -0.0333 -0.9234
vn -0.3826 -0.0144 -0.9238
vn -0.3827 -0.0060 -0.9239
vn -0.3827 -0.0033 -0.9239
vn -0.8577 -0.0144 -0.5140
vn -0.8818 -0.0144 -0.4714
vn -0.8819 -0.0060 -0.4714
vn -0.8577 -0.0060 -0.5141
vn -0.9039 -0.0144 -0.4276
vn -0.9040 -0.0060 -0.4276
vn -0.8577 -0.0033 -0.5141
vn -0.8819 -0.0033 -0.4714
vn -0.9040 -0.0033 -0.4276
vn -0.8310 -0.0333 -0.5553
vn -0.8573 -0.0333 -0.5138
vn -0.8314 -0.0144 -0.5555
vn -0.8814 -0.0333 -0.4711
vn -0.9035 -0.0333 -0.4274
vn -0.8315 -0.0033 -0.5556
vn -0.8315 -0.0060 -0.5556
vn 0.4275 -0.0144 0.9039
vn 0.4713 -0.0144 0.8818
vn 0.4714 -0.0060 0.8819
vn 0.4276 -0.0060 0.9040
vn 0.5140 -0.0144 0.8577
vn 0.5141 -0.0060 0.8577
vn 0.4714 -0.0033 0.8819
vn 0.4276 -0.0033 0.9040
vn 0.5141 -0.0033 0.8577
vn 0.3825 -0.0333 0.9234
vn 0.4273 -0.0333 0.9035
vn 0.3826 -0.0144 0.9238
vn 0.4711 -0.0333 0.8814
vn 0.5138 -0.0333 0.8573
vn 0.3827 -0.0060 0.9239
vn 0.3827 -0.0033 0.9239
vn -0.7409 -0.0144 -0.6715
vn -0.7729 -0.0144 -0.6343
vn -0.7730 -0.0060 -0.6344
vn -0.7410 -0.0060 -0.6715
vn -0.8031 -0.0144 -0.5957
vn -0.8032 -0.0060 -0.5957
vn -0.7410 -0.0033 -0.6715
vn -0.7730 -0.0033 -0.6344
vn -0.8032 -0.0033 -0.5957
vn -0.7067 -0.0333 -0.7067
vn -0.7406 -0.0333 -0.6712
vn -0.7070 -0.0144 -0.7070
vn -0.7726 -0.0333 -0.6340
vn -0.8027 -0.0333 -0.5954
vn -0.7071 -0.0033 -0.7071
vn -0.7071 -0.0060 -0.7071
vn 0.2430 -0.0144 0.9699
vn 0.2903 -0.0144 0.9568
vn 0.2903 -0.0060 0.9569
vn 0.2430 -0.0060 0.9700
vn 0.3368 -0.0144 0.9415
vn 0.3369 -0.0060 0.9415
vn 0.2903 -0.0033 0.9569
vn 0.2430 -0.0033 0.9700
vn 0.3369 -0.0033 0.9415
vn 0.1950 -0.0333 0.9802
vn 0.2429 -0.0333 0.9695
vn 0.1951 -0.0144 0.9807
vn 0.2901 -0.0333 0.9564
vn 0.3367 -0.0333 0.9410
vn 0.1951 -0.0060 0.9808
vn 0.1951 -0.0033 0.9808
vn 0.3368 -0.0144 -0.9415
vn 0.2903 -0.0144 -0.9568
vn 0.2903 -0.0060 -0.9569
vn 0.3369 -0.0060 -0.9415
vn 0.2430 -0.0144 -0.9699
vn 0.2430 -0.0060 -0.9700
vn 0.3369 -0.0033 -0.9415
vn 0.2903 -0.0033 -0.9569
vn 0.2430 -0.0033 -0.9700
vn 0.3825 -0.0333 -0.9234
vn 0.3367 -0.0333 -0.9410
vn 0.3827 -0.0144 -0.9238
vn 0.2901 -0.0333 -0.9564
vn 0.2429 -0.0333 -0.9695
vn 0.1951 -0.0144 -0.9807
vn 0.1951 -0.0060 -0.9808
vn 0.1951 -0.0033 -0.9808
vn 0.3827 -0.0033 -0.9239
vn 0.3827 -0.0060 -0.9239
vn -0.6344 -0.0060 -0.7730
vn -0.5957 -0.0060 -0.8032
vn -0.5957 -0.0144 -0.8031
vn -0.6343 -0.0144 -0.7729
vn -0.6715 -0.0060 -0.7410
vn -0.6715 -0.0144 -0.7409
vn -0.5957 -0.0033 -0.8032
vn -0.6344 -0.0033 -0.7730
vn -0.6715 -0.0033 -0.7410
vn -0.5555 -0.0144 -0.8314
vn -0.5553 -0.0333 -0.8310
vn -0.5954 -0.0333 -0.8027
vn -0.6340 -0.0333 -0.7726
vn -0.6712 -0.0333 -0.7406
vn -0.6895 -0.0033 -0.7243
vn -0.5556 -0.0033 -0.8315
vn -0.5556 -0.0060 -0.8315
vn 0.0491 -0.0144 0.9987
vn 0.0980 -0.0144 0.9951
vn 0.0980 -0.0060 0.9952
vn 0.0491 -0.0060 0.9988
vn 0.1467 -0.0144 0.9891
vn 0.1467 -0.0060 0.9892
vn 0.0980 -0.0033 0.9952
vn 0.0491 -0.0033 0.9988
vn 0.1467 -0.0033 0.9892
vn -0.0000 -0.0333 0.9994
vn 0.0491 -0.0333 0.9982
vn -0.0000 -0.0144 0.9999
vn 0.0980 -0.0333 0.9946
vn 0.1466 -0.0333 0.9886
vn -0.0000 -0.0033 1.0000
vn -0.0000 -0.0060 1.0000
vn 0.5140 -0.0144 -0.8577
vn 0.4713 -0.0144 -0.8818
vn 0.4714 -0.0060 -0.8819
vn 0.5141 -0.0060 -0.8577
vn 0.4275 -0.0144 -0.9039
vn 0.4276 -0.0060 -0.9040
vn 0.5141 -0.0033 -0.8577
vn 0.4714 -0.0033 -0.8819
vn 0.4276 -0.0033 -0.9040
vn 0.5553 -0.0333 -0.8310
vn 0.5138 -0.0333 -0.8573
vn 0.5555 -0.0144 -0.8314
vn 0.4711 -0.0333 -0.8814
vn 0.4274 -0.0333 -0.9035
vn 0.5556 -0.0033 -0.8315
vn 0.5556 -0.0060 -0.8315
vn -0.4714 -0.0060 -0.8819
vn -0.4276 -0.0060 -0.9040
vn -0.4276 -0.0144 -0.9039
vn -0.4714 -0.0144 -0.8818
vn -0.5141 -0.0060 -0.8577
vn -0.5140 -0.0144 -0.8577
vn -0.4276 -0.0033 -0.9040
vn -0.4714 -0.0033 -0.8819
vn -0.5141 -0.0033 -0.8577
vn -0.4274 -0.0333 -0.9035
vn -0.4711 -0.0333 -0.8814
vn -0.5138 -0.0333 -0.8573
vn -0.1467 -0.0144 0.9891
vn -0.0980 -0.0144 0.9951
vn -0.0980 -0.0060 0.9952
vn -0.1467 -0.0060 0.9892
vn -0.0491 -0.0144 0.9987
vn -0.0491 -0.0060 0.9988
vn -0.1467 -0.0033 0.9892
vn -0.0980 -0.0033 0.9952
vn -0.0491 -0.0033 0.9988
vn -0.1950 -0.0333 0.9802
vn -0.1466 -0.0333 0.9886
vn -0.1951 -0.0144 0.9807
vn -0.0980 -0.0333 0.9946
vn -0.0491 -0.0333 0.9982
vn -0.1951 -0.0060 0.9808
vn -0.1951 -0.0033 0.9808
vn 0.6715 -0.0144 -0.7409
vn 0.6343 -0.0144 -0.7729
vn 0.6344 -0.0060 -0.7730
vn 0.6715 -0.0060 -0.7410
vn 0.5957 -0.0144 -0.8031
vn 0.5957 -0.0060 -0.8032
vn 0.6715 -0.0033 -0.7410
vn 0.6344 -0.0033 -0.7730
vn 0.5957 -0.0033 -0.8032
vn 0.7067 -0.0333 -0.7067
vn 0.6712 -0.0333 -0.7406
vn 0.7070 -0.0144 -0.7070
vn 0.6340 -0.0333 -0.7726
vn 0.5954 -0.0333 -0.8027
vn 0.7071 -0.0033 -0.7071
vn 0.7071 -0.0060 -0.7071
vn -0.3368 -0.0144 0.9415
vn -0.2903 -0.0144 0.9568
vn -0.2903 -0.0060 0.9569
vn -0.3369 -0.0060 0.9415
vn -0.2430 -0.0144 0.9699
vn -0.2430 -0.0060 0.9700
vn -0.3369 -0.0033 0.9415
vn -0.2903 -0.0033 0.9569
vn -0.2430 -0.0033 0.9700
vn -0.3825 -0.0333 0.9234
vn -0.3367 -0.0333 0.9410
vn -0.3826 -0.0144 0.9238
vn -0.2901 -0.0333 0.9564
vn -0.2429 -0.0333 0.9695
vn -0.3827 -0.0060 0.9239
vn -0.3827 -0.0033 0.9239
vn 0.7730 -0.0060 -0.6344
vn 0.8032 -0.0060 -0.5957
vn 0.8031 -0.0144 -0.5957
vn 0.7729 -0.0144 -0.6343
vn 0.7410 -0.0060 -0.6715
vn 0.7409 -0.0144 -0.6715
vn 0.8032 -0.0033 -0.5957
vn 0.7730 -0.0033 -0.6344
vn 0.7410 -0.0033 -0.6715
vn 0.8027 -0.0333 -0.5954
vn 0.7726 -0.0333 -0.6340
vn 0.7406 -0.0333 -0.6712
vn -0.5140 -0.0144 0.8577
vn -0.4714 -0.0144 0.8818
vn -0.4714 -0.0060 0.8819
vn -0.5141 -0.0060 0.8577
vn -0.4275 -0.0144 0.9039
vn -0.4276 -0.0060 0.9040
vn -0.5141 -0.0033 0.8577
vn -0.4714 -0.0033 0.8819
vn -0.4276 -0.0033 0.9040
vn -0.5138 -0.0333 0.8573
vn -0.4711 -0.0333 0.8814
vn -0.4274 -0.0333 0.9035
vn 0.1467 -0.0144 -0.9891
vn 0.0980 -0.0144 -0.9951
vn 0.0980 -0.0060 -0.9952
vn 0.1467 -0.0060 -0.9892
vn 0.0491 -0.0144 -0.9987
vn 0.0491 -0.0060 -0.9988
vn 0.1467 -0.0033 -0.9892
vn 0.0980 -0.0033 -0.9952
vn 0.0491 -0.0033 -0.9988
vn 0.2401 -0.1530 -0.9586
vn 0.2424 -0.0729 -0.9674
vn 0.2895 -0.0729 -0.9544
vn 0.2869 -0.1530 -0.9457
vn 0.3360 -0.0729 -0.9391
vn 0.3329 -0.1530 -0.9305
vn 0.2315 -0.3045 -0.9240
vn 0.2765 -0.3045 -0.9115
vn 0.3209 -0.3045 -0.8968
vn 0.3817 -0.0729 -0.9214
vn 0.3782 -0.1530 -0.9130
vn 0.3645 -0.3045 -0.8800
vn 0.3386 -0.4659 -0.8175
vn 0.2981 -0.4659 -0.8331
vn 0.2569 -0.4659 -0.8467
vn 0.2150 -0.4659 -0.8583
vn 0.4226 -0.1530 -0.8933
vn 0.4264 -0.0729 -0.9016
vn 0.4701 -0.0729 -0.8796
vn 0.4658 -0.1530 -0.8715
vn 0.5127 -0.0729 -0.8555
vn 0.5080 -0.1530 -0.8477
vn 0.4073 -0.3045 -0.8610
vn 0.4490 -0.3045 -0.8400
vn 0.4897 -0.3045 -0.8170
vn 0.5541 -0.0729 -0.8293
vn 0.5490 -0.1530 -0.8217
vn 0.5292 -0.3045 -0.7920
vn 0.4916 -0.4659 -0.7357
vn 0.4549 -0.4659 -0.7590
vn 0.4171 -0.4659 -0.7804
vn 0.3783 -0.4659 -0.7999
vn 0.5887 -0.1530 -0.7937
vn 0.5941 -0.0729 -0.8010
vn 0.6327 -0.0729 -0.7710
vn 0.6269 -0.1530 -0.7639
vn 0.6697 -0.0729 -0.7390
vn 0.6636 -0.1530 -0.7323
vn 0.5674 -0.3045 -0.7651
vn 0.6043 -0.3045 -0.7363
vn 0.6396 -0.3045 -0.7058
vn 0.7052 -0.0729 -0.7052
vn 0.6988 -0.1530 -0.6988
vn 0.6735 -0.3045 -0.6735
vn 0.6257 -0.4659 -0.6257
vn 0.5942 -0.4659 -0.6556
vn 0.5613 -0.4659 -0.6840
vn 0.5271 -0.4659 -0.7107
vn 0.7323 -0.1530 -0.6636
vn 0.7390 -0.0729 -0.6697
vn 0.7709 -0.0729 -0.6327
vn 0.7639 -0.1530 -0.6269
vn 0.8010 -0.0729 -0.5941
vn 0.7937 -0.1530 -0.5887
vn 0.7058 -0.3045 -0.6396
vn 0.7363 -0.3045 -0.6043
vn 0.7650 -0.3045 -0.5674
vn 0.8293 -0.0729 -0.5541
vn 0.8217 -0.1530 -0.5490
vn 0.7920 -0.3045 -0.5292
vn 0.7357 -0.4659 -0.4916
vn 0.7107 -0.4659 -0.5271
vn 0.6840 -0.4659 -0.5613
vn 0.6557 -0.4659 -0.5942
vn 0.8477 -0.1530 -0.5080
vn 0.8555 -0.0729 -0.5127
vn 0.8796 -0.0729 -0.4701
vn 0.8715 -0.1530 -0.4658
vn 0.9016 -0.0729 -0.4265
vn 0.8933 -0.1530 -0.4226
vn 0.8170 -0.3045 -0.4897
vn 0.8400 -0.3045 -0.4490
vn 0.8610 -0.3045 -0.4073
vn 0.9214 -0.0729 -0.3817
vn 0.9130 -0.1530 -0.3782
vn 0.8800 -0.3045 -0.3645
vn 0.8175 -0.4659 -0.3386
vn 0.7999 -0.4659 -0.3783
vn 0.7803 -0.4659 -0.4171
vn 0.7590 -0.4659 -0.4549
vn 0.9305 -0.1530 -0.3329
vn 0.9391 -0.0729 -0.3360
vn 0.9544 -0.0729 -0.2895
vn 0.9457 -0.1530 -0.2869
vn 0.9674 -0.0729 -0.2424
vn 0.9586 -0.1530 -0.2402
vn 0.8969 -0.3045 -0.3209
vn 0.9115 -0.3045 -0.2765
vn 0.9240 -0.3045 -0.2315
vn 0.9782 -0.0729 -0.1946
vn 0.9692 -0.1530 -0.1928
vn 0.9342 -0.3045 -0.1858
vn 0.8678 -0.4659 -0.1726
vn 0.8583 -0.4659 -0.2150
vn 0.8467 -0.4659 -0.2568
vn 0.8331 -0.4659 -0.2981
vn 0.9865 -0.0729 -0.1463
vn 0.9925 -0.0729 -0.0978
vn 0.9835 -0.1530 -0.0969
vn 0.9775 -0.1530 -0.1450
vn 0.9961 -0.0729 -0.0490
vn 0.9870 -0.1530 -0.0485
vn 0.9479 -0.3045 -0.0934
vn 0.9422 -0.3045 -0.1397
vn 0.9514 -0.3045 -0.0468
vn 0.9973 -0.0729 -0.0000
vn 0.9882 -0.1530 -0.0000
vn 0.9525 -0.3045 -0.0000
vn 0.8848 -0.4659 -0.0000
vn 0.8838 -0.4659 -0.0435
vn 0.8806 -0.4659 -0.0867
vn 0.8753 -0.4659 -0.1298
vn 0.9961 -0.0729 0.0490
vn 0.9925 -0.0729 0.0978
vn 0.9835 -0.1530 0.0969
vn 0.9870 -0.1530 0.0485
vn 0.9865 -0.0729 0.1463
vn 0.9775 -0.1530 0.1450
vn 0.9479 -0.3045 0.0934
vn 0.9514 -0.3045 0.0468
vn 0.9422 -0.3045 0.1397
vn 0.9782 -0.0729 0.1946
vn 0.9692 -0.1530 0.1928
vn 0.9342 -0.3045 0.1858
vn 0.8678 -0.4659 0.1726
vn 0.8753 -0.4659 0.1298
vn 0.8806 -0.4659 0.0867
vn 0.8838 -0.4659 0.0435
vn 0.9586 -0.1530 0.2401
vn 0.9674 -0.0729 0.2424
vn 0.9544 -0.0729 0.2895
vn 0.9457 -0.1530 0.2869
vn 0.9391 -0.0729 0.3360
vn 0.9305 -0.1530 0.3329
vn 0.9240 -0.3045 0.2315
vn 0.9115 -0.3045 0.2765
vn 0.8968 -0.3045 0.3209
vn 0.9214 -0.0729 0.3817
vn 0.9130 -0.1530 0.3782
vn 0.8800 -0.3045 0.3645
vn 0.8175 -0.4659 0.3386
vn 0.8331 -0.4659 0.2981
vn 0.8467 -0.4659 0.2569
vn 0.8583 -0.4659 0.2150
vn 0.8933 -0.1530 0.4226
vn 0.9016 -0.0729 0.4264
vn 0.8796 -0.0729 0.4701
vn 0.8715 -0.1530 0.4658
vn 0.8555 -0.0729 0.5127
vn 0.8477 -0.1530 0.5080
vn 0.8610 -0.3045 0.4073
vn 0.8400 -0.3045 0.4490
vn 0.8170 -0.3045 0.4897
vn 0.8293 -0.0729 0.5541
vn 0.8217 -0.1530 0.5490
vn 0.7920 -0.3045 0.5292
vn 0.7357 -0.4659 0.4916
vn 0.7590 -0.4659 0.4549
vn 0.7804 -0.4659 0.4171
vn 0.7999 -0.4659 0.3783
vn 0.7937 -0.1530 0.5887
vn 0.8010 -0.0729 0.5942
vn 0.7710 -0.0729 0.6327
vn 0.7639 -0.1530 0.6269
vn 0.7390 -0.0729 0.6697
vn 0.7323 -0.1530 0.6636
vn 0.7650 -0.3045 0.5674
vn 0.7363 -0.3045 0.6043
vn 0.7058 -0.3045 0.6396
vn 0.7052 -0.0729 0.7052
vn 0.6988 -0.1530 0.6988
vn 0.6735 -0.3045 0.6735
vn 0.6257 -0.4659 0.6257
vn 0.6556 -0.4659 0.5942
vn 0.6840 -0.4659 0.5613
vn 0.7107 -0.4659 0.5271
vn 0.6636 -0.1530 0.7323
vn 0.6697 -0.0729 0.7390
vn 0.6327 -0.0729 0.7709
vn 0.6269 -0.1530 0.7639
vn 0.5942 -0.0729 0.8010
vn 0.5887 -0.1530 0.7937
vn 0.6396 -0.3045 0.7058
vn 0.6043 -0.3045 0.7363
vn 0.5674 -0.3045 0.7650
vn 0.5541 -0.0729 0.8293
vn 0.5490 -0.1530 0.8217
vn 0.5292 -0.3045 0.7920
vn 0.4916 -0.4659 0.7357
vn 0.5271 -0.4659 0.7107
vn 0.5613 -0.4659 0.6840
vn 0.5942 -0.4659 0.6556
vn 0.5080 -0.1530 0.8477
vn 0.5127 -0.0729 0.8555
vn 0.4701 -0.0729 0.8796
vn 0.4658 -0.1530 0.8715
vn 0.4264 -0.0729 0.9016
vn 0.4226 -0.1530 0.8933
vn 0.4897 -0.3045 0.8170
vn 0.4490 -0.3045 0.8400
vn 0.4073 -0.3045 0.8611
vn 0.3817 -0.0729 0.9214
vn 0.3782 -0.1530 0.9130
vn 0.3645 -0.3045 0.8800
vn 0.3386 -0.4659 0.8175
vn 0.3784 -0.4659 0.7999
vn 0.4171 -0.4659 0.7804
vn 0.4549 -0.4659 0.7590
vn 0.3329 -0.1530 0.9305
vn 0.3360 -0.0729 0.9391
vn 0.2895 -0.0729 0.9544
vn 0.2869 -0.1530 0.9457
vn 0.2424 -0.0729 0.9674
vn 0.2402 -0.1530 0.9586
vn 0.3209 -0.3045 0.8969
vn 0.2765 -0.3045 0.9115
vn 0.2315 -0.3045 0.9240
vn 0.1946 -0.0729 0.9782
vn 0.1928 -0.1530 0.9692
vn 0.1858 -0.3045 0.9342
vn 0.1726 -0.4659 0.8678
vn 0.2150 -0.4659 0.8583
vn 0.2569 -0.4659 0.8467
vn 0.2981 -0.4659 0.8331
vn 0.1463 -0.0729 0.9865
vn 0.0978 -0.0729 0.9925
vn 0.0969 -0.1530 0.9835
vn 0.1450 -0.1530 0.9775
vn 0.0490 -0.0729 0.9961
vn 0.0485 -0.1530 0.9870
vn 0.0934 -0.3045 0.9479
vn 0.1397 -0.3045 0.9422
vn 0.0468 -0.3045 0.9514
vn -0.0000 -0.0729 0.9973
vn -0.0000 -0.1530 0.9882
vn -0.0000 -0.3045 0.9525
vn -0.0000 -0.4659 0.8848
vn 0.0435 -0.4659 0.8838
vn 0.0867 -0.4659 0.8806
vn 0.1298 -0.4659 0.8753
vn -0.0490 -0.0729 0.9961
vn -0.0978 -0.0729 0.9925
vn -0.0969 -0.1530 0.9835
vn -0.0485 -0.1530 0.9870
vn -0.1463 -0.0729 0.9865
vn -0.1450 -0.1530 0.9775
vn -0.0934 -0.3045 0.9479
vn -0.0468 -0.3045 0.9514
vn -0.1397 -0.3045 0.9422
vn -0.1946 -0.0729 0.9782
vn -0.1928 -0.1530 0.9692
vn -0.1858 -0.3045 0.9342
vn -0.1726 -0.4659 0.8678
vn -0.1298 -0.4659 0.8753
vn -0.0867 -0.4659 0.8806
vn -0.0435 -0.4659 0.8838
vn -0.2869 -0.1530 0.9457
vn -0.2401 -0.1530 0.9586
vn -0.2424 -0.0729 0.9674
vn -0.2895 -0.0729 0.9544
vn -0.3329 -0.1530 0.9305
vn -0.3360 -0.0729 0.9391
vn -0.2765 -0.3045 0.9115
vn -0.2315 -0.3045 0.9240
vn -0.3209 -0.3045 0.8968
vn -0.3817 -0.0729 0.9214
vn -0.3782 -0.1530 0.9130
vn -0.3645 -0.3045 0.8800
vn -0.3386 -0.4659 0.8175
vn -0.2981 -0.4659 0.8331
vn -0.2569 -0.4659 0.8467
vn -0.2150 -0.4659 0.8583
vn -0.4659 -0.1530 0.8715
vn -0.4226 -0.1530 0.8933
vn -0.4265 -0.0729 0.9016
vn -0.4701 -0.0729 0.8796
vn -0.5080 -0.1530 0.8477
vn -0.5127 -0.0729 0.8555
vn -0.4490 -0.3045 0.8400
vn -0.4073 -0.3045 0.8610
vn -0.4897 -0.3045 0.8170
vn -0.5541 -0.0729 0.8293
vn -0.5490 -0.1530 0.8217
vn -0.5292 -0.3045 0.7920
vn -0.4916 -0.4659 0.7357
vn -0.4549 -0.4659 0.7589
vn -0.4171 -0.4659 0.7803
vn -0.3783 -0.4659 0.7999
vn -0.6269 -0.1530 0.7639
vn -0.5887 -0.1530 0.7937
vn -0.5942 -0.0729 0.8010
vn -0.6327 -0.0729 0.7710
vn -0.6636 -0.1530 0.7323
vn -0.6697 -0.0729 0.7390
vn -0.6043 -0.3045 0.7363
vn -0.5674 -0.3045 0.7650
vn -0.6396 -0.3045 0.7058
vn -0.7052 -0.0729 0.7052
vn -0.6988 -0.1530 0.6988
vn -0.6735 -0.3045 0.6735
vn -0.6257 -0.4659 0.6257
vn -0.5942 -0.4659 0.6556
vn -0.5613 -0.4659 0.6840
vn -0.5271 -0.4659 0.7107
vn -0.7323 -0.1530 0.6636
vn -0.7390 -0.0729 0.6697
vn -0.7710 -0.0729 0.6327
vn -0.7639 -0.1530 0.6269
vn -0.8010 -0.0729 0.5942
vn -0.7937 -0.1530 0.5887
vn -0.7058 -0.3045 0.6396
vn -0.7363 -0.3045 0.6043
vn -0.7651 -0.3045 0.5674
vn -0.8293 -0.0729 0.5541
vn -0.8217 -0.1530 0.5490
vn -0.7920 -0.3045 0.5292
vn -0.7357 -0.4659 0.4916
vn -0.7107 -0.4659 0.5271
vn -0.6840 -0.4659 0.5613
vn -0.6556 -0.4659 0.5942
vn -0.8477 -0.1530 0.5080
vn -0.8555 -0.0729 0.5127
vn -0.8796 -0.0729 0.4701
vn -0.8715 -0.1530 0.4659
vn -0.9016 -0.0729 0.4264
vn -0.8933 -0.1530 0.4226
vn -0.8170 -0.3045 0.4897
vn -0.8401 -0.3045 0.4490
vn -0.8611 -0.3045 0.4073
vn -0.9214 -0.0729 0.3817
vn -0.9130 -0.1530 0.3782
vn -0.8800 -0.3045 0.3645
vn -0.8175 -0.4659 0.3386
vn -0.7999 -0.4659 0.3783
vn -0.7803 -0.4659 0.4171
vn -0.7590 -0.4659 0.4549
vn -0.9305 -0.1530 0.3329
vn -0.9391 -0.0729 0.3360
vn -0.9544 -0.0729 0.2895
vn -0.9457 -0.1530 0.2869
vn -0.9674 -0.0729 0.2424
vn -0.9586 -0.1530 0.2402
vn -0.8969 -0.3045 0.3208
vn -0.9115 -0.3045 0.2765
vn -0.9240 -0.3045 0.2315
vn -0.9782 -0.0729 0.1946
vn -0.9692 -0.1530 0.1928
vn -0.9342 -0.3045 0.1858
vn -0.8678 -0.4659 0.1726
vn -0.8583 -0.4659 0.2150
vn -0.8467 -0.4659 0.2568
vn -0.8331 -0.4659 0.2981
vn -0.9865 -0.0729 0.1463
vn -0.9925 -0.0729 0.0978
vn -0.9835 -0.1530 0.0969
vn -0.9775 -0.1530 0.1450
vn -0.9961 -0.0729 0.0490
vn -0.9870 -0.1530 0.0485
vn -0.9479 -0.3045 0.0934
vn -0.9422 -0.3045 0.1397
vn -0.9514 -0.3045 0.0468
vn -0.9973 -0.0729 -0.0000
vn -0.9882 -0.1530 -0.0000
vn -0.9525 -0.3045 -0.0000
vn -0.8848 -0.4659 -0.0000
vn -0.8838 -0.4659 0.0435
vn -0.8806 -0.4659 0.0867
vn -0.8753 -0.4659 0.1298
vn -0.9961 -0.0729 -0.0490
vn -0.9925 -0.0729 -0.0978
vn -0.9835 -0.1530 -0.0969
vn -0.9870 -0.1530 -0.0485
vn -0.9865 -0.0729 -0.1463
vn -0.9775 -0.1530 -0.1450
vn -0.9479 -0.3045 -0.0934
vn -0.9514 -0.3045 -0.0468
vn -0.9422 -0.3045 -0.1397
vn -0.9782 -0.0729 -0.1946
vn -0.9692 -0.1530 -0.1928
vn -0.9342 -0.3045 -0.1858
vn -0.8678 -0.4659 -0.1726
vn -0.8753 -0.4659 -0.1298
vn -0.8806 -0.4659 -0.0867
vn -0.8838 -0.4659 -0.0435
vn -0.9457 -0.1530 -0.2869
vn -0.9586 -0.1530 -0.2402
vn -0.9674 -0.0729 -0.2424
vn -0.9544 -0.0729 -0.2895
vn -0.9305 -0.1530 -0.3329
vn -0.9391 -0.0729 -0.3360
vn -0.9115 -0.3045 -0.2765
vn -0.9240 -0.3045 -0.2315
vn -0.8969 -0.3045 -0.3208
vn -0.9214 -0.0729 -0.3817
vn -0.9130 -0.1530 -0.3782
vn -0.8800 -0.3045 -0.3645
vn -0.8175 -0.4659 -0.3386
vn -0.8331 -0.4659 -0.2981
vn -0.8467 -0.4659 -0.2568
vn -0.8583 -0.4659 -0.2150
vn -0.8715 -0.1530 -0.4658
vn -0.8933 -0.1530 -0.4226
vn -0.9016 -0.0729 -0.4264
vn -0.8796 -0.0729 -0.4701
vn -0.8477 -0.1530 -0.5080
vn -0.8555 -0.0729 -0.5127
vn -0.8400 -0.3045 -0.4490
vn -0.8610 -0.3045 -0.4073
vn -0.8170 -0.3045 -0.4897
vn -0.8293 -0.0729 -0.5541
vn -0.8217 -0.1530 -0.5490
vn -0.7920 -0.3045 -0.5292
vn -0.7357 -0.4659 -0.4916
vn -0.7590 -0.4659 -0.4549
vn -0.7803 -0.4659 -0.4171
vn -0.7999 -0.4659 -0.3783
vn -0.7639 -0.1530 -0.6269
vn -0.7937 -0.1530 -0.5887
vn -0.8010 -0.0729 -0.5942
vn -0.7710 -0.0729 -0.6327
vn -0.7323 -0.1530 -0.6636
vn -0.7390 -0.0729 -0.6697
vn -0.7363 -0.3045 -0.6043
vn -0.7650 -0.3045 -0.5674
vn -0.7058 -0.3045 -0.6396
vn -0.7052 -0.0729 -0.7052
vn -0.6988 -0.1530 -0.6988
vn -0.6735 -0.3045 -0.6735
vn -0.6257 -0.4659 -0.6257
vn -0.6556 -0.4659 -0.5942
vn -0.6840 -0.4659 -0.5613
vn -0.7107 -0.4659 -0.5271
vn -0.6636 -0.1530 -0.7323
vn -0.6697 -0.0729 -0.7390
vn -0.6327 -0.0729 -0.7710
vn -0.6269 -0.1530 -0.7639
vn -0.5942 -0.0729 -0.8010
vn -0.5887 -0.1530 -0.7937
vn -0.6396 -0.3045 -0.7058
vn -0.6043 -0.3045 -0.7363
vn -0.5674 -0.3045 -0.7650
vn -0.5541 -0.0729 -0.8293
vn -0.5490 -0.1530 -0.8217
vn -0.5292 -0.3045 -0.7920
vn -0.4916 -0.4659 -0.7357
vn -0.5271 -0.4659 -0.7107
vn -0.5613 -0.4659 -0.6840
vn -0.5942 -0.4659 -0.6556
vn -0.5080 -0.1530 -0.8477
vn -0.5127 -0.0729 -0.8555
vn -0.4701 -0.0729 -0.8796
vn -0.4658 -0.1530 -0.8715
vn -0.4264 -0.0729 -0.9016
vn -0.4226 -0.1530 -0.8933
vn -0.4897 -0.3045 -0.8170
vn -0.4490 -0.3045 -0.8400
vn -0.4073 -0.3045 -0.8610
vn -0.3817 -0.0729 -0.9214
vn -0.3782 -0.1530 -0.9130
vn -0.3645 -0.3045 -0.8800
vn -0.3386 -0.4659 -0.8175
vn -0.3783 -0.4659 -0.7999
vn -0.4171 -0.4659 -0.7803
vn -0.4549 -0.4659 -0.7590
vn -0.3329 -0.1530 -0.9305
vn -0.3360 -0.0729 -0.9391
vn -0.2895 -0.0729 -0.9544
vn -0.2869 -0.1530 -0.9457
vn -0.2424 -0.0729 -0.9674
vn -0.2402 -0.1530 -0.9586
vn -0.3208 -0.3045 -0.8969
vn -0.2765 -0.3045 -0.9115
vn -0.2315 -0.3045 -0.9240
vn -0.2150 -0.4659 -0.8583
vn -0.2568 -0.4659 -0.8467
vn -0.2981 -0.4659 -0.8331
vn -0.0591 -0.7982 -0.5995
vn -0.0671 -0.7294 -0.6808
vn -0.0336 -0.7294 -0.6832
vn -0.0296 -0.7982 -0.6017
vn -0.0884 -0.7982 -0.5959
vn -0.1003 -0.7294 -0.6766
vn -0.0789 -0.5933 -0.8011
vn -0.0395 -0.5933 -0.8040
vn -0.1181 -0.5933 -0.7963
vn -0.1175 -0.7982 -0.5909
vn -0.1335 -0.7294 -0.6709
vn -0.1571 -0.5933 -0.7895
vn -0.0000 -0.5933 -0.8050
vn -0.0000 -0.7295 -0.6840
vn -0.0000 -0.7982 -0.6024
vn -0.1749 -0.7981 -0.5765
vn -0.1986 -0.7294 -0.6546
vn -0.1662 -0.7294 -0.6636
vn -0.1464 -0.7982 -0.5844
vn -0.2030 -0.7981 -0.5673
vn -0.2304 -0.7294 -0.6441
vn -0.2337 -0.5933 -0.7703
vn -0.1956 -0.5933 -0.7809
vn -0.2712 -0.5933 -0.7579
vn -0.2306 -0.7981 -0.5566
vn -0.2618 -0.7294 -0.6320
vn -0.3081 -0.5933 -0.7437
vn -0.2840 -0.7981 -0.5314
vn -0.3225 -0.7294 -0.6033
vn -0.2925 -0.7294 -0.6184
vn -0.2576 -0.7981 -0.5446
vn -0.3097 -0.7982 -0.5168
vn -0.3517 -0.7294 -0.5868
vn -0.3795 -0.5933 -0.7099
vn -0.3442 -0.5933 -0.7277
vn -0.4138 -0.5933 -0.6905
vn -0.3347 -0.7982 -0.5009
vn -0.3800 -0.7294 -0.5688
vn -0.4472 -0.5933 -0.6693
vn -0.3822 -0.7982 -0.4657
vn -0.4340 -0.7294 -0.5288
vn -0.4075 -0.7294 -0.5494
vn -0.3589 -0.7982 -0.4839
vn -0.4045 -0.7982 -0.4464
vn -0.4594 -0.7294 -0.5069
vn -0.5107 -0.5933 -0.6223
vn -0.4796 -0.5933 -0.6466
vn -0.5406 -0.5933 -0.5965
vn -0.4260 -0.7982 -0.4260
vn -0.4837 -0.7294 -0.4837
vn -0.4155 -0.7981 -0.4364
vn -0.5692 -0.5933 -0.5692
vn -0.4657 -0.7981 -0.3822
vn -0.5288 -0.7294 -0.4340
vn -0.5069 -0.7294 -0.4594
vn -0.4464 -0.7982 -0.4045
vn -0.4839 -0.7982 -0.3589
vn -0.5495 -0.7294 -0.4075
vn -0.6223 -0.5933 -0.5107
vn -0.5965 -0.5933 -0.5406
vn -0.6466 -0.5933 -0.4796
vn -0.5009 -0.7982 -0.3347
vn -0.5688 -0.7294 -0.3801
vn -0.6693 -0.5933 -0.4472
vn -0.5313 -0.7981 -0.2840
vn -0.6033 -0.7294 -0.3225
vn -0.5868 -0.7294 -0.3517
vn -0.5168 -0.7982 -0.3097
vn -0.5446 -0.7981 -0.2576
vn -0.6184 -0.7294 -0.2925
vn -0.7099 -0.5933 -0.3795
vn -0.6905 -0.5933 -0.4138
vn -0.7277 -0.5933 -0.3442
vn -0.5566 -0.7981 -0.2306
vn -0.6320 -0.7294 -0.2618
vn -0.7437 -0.5933 -0.3081
vn -0.5765 -0.7981 -0.1749
vn -0.6546 -0.7294 -0.1986
vn -0.6441 -0.7294 -0.2304
vn -0.5673 -0.7981 -0.2029
vn -0.5844 -0.7982 -0.1464
vn -0.6636 -0.7294 -0.1662
vn -0.7703 -0.5933 -0.2337
vn -0.7579 -0.5933 -0.2712
vn -0.7809 -0.5933 -0.1956
vn -0.5909 -0.7982 -0.1175
vn -0.6709 -0.7294 -0.1335
vn -0.7895 -0.5933 -0.1571
vn -0.5995 -0.7982 -0.0591
vn -0.6808 -0.7294 -0.0671
vn -0.6766 -0.7294 -0.1003
vn -0.5959 -0.7982 -0.0884
vn -0.6017 -0.7982 -0.0296
vn -0.6832 -0.7294 -0.0336
vn -0.8011 -0.5933 -0.0789
vn -0.7963 -0.5933 -0.1181
vn -0.8040 -0.5933 -0.0395
vn -0.6024 -0.7982 -0.0000
vn -0.6840 -0.7295 -0.0000
vn -0.8050 -0.5933 -0.0000
vn -0.6808 -0.7294 0.0671
vn -0.6832 -0.7294 0.0336
vn -0.6017 -0.7982 0.0296
vn -0.5995 -0.7982 0.0591
vn -0.6766 -0.7294 0.1003
vn -0.5959 -0.7982 0.0884
vn -0.8011 -0.5933 0.0789
vn -0.8040 -0.5933 0.0395
vn -0.7963 -0.5933 0.1181
vn -0.5909 -0.7982 0.1175
vn -0.6709 -0.7294 0.1335
vn -0.7895 -0.5933 0.1571
vn -0.5765 -0.7981 0.1749
vn -0.6546 -0.7294 0.1986
vn -0.6636 -0.7294 0.1662
vn -0.5844 -0.7982 0.1464
vn -0.5673 -0.7981 0.2029
vn -0.6441 -0.7294 0.2304
vn -0.7703 -0.5933 0.2337
vn -0.7809 -0.5933 0.1956
vn -0.7579 -0.5933 0.2712
vn -0.5566 -0.7982 0.2305
vn -0.6320 -0.7294 0.2618
vn -0.7437 -0.5933 0.3081
vn -0.5313 -0.7982 0.2840
vn -0.6033 -0.7294 0.3225
vn -0.6184 -0.7294 0.2925
vn -0.5446 -0.7982 0.2576
vn -0.5168 -0.7982 0.3097
vn -0.5868 -0.7294 0.3517
vn -0.7099 -0.5933 0.3795
vn -0.7277 -0.5933 0.3442
vn -0.6905 -0.5933 0.4138
vn -0.5009 -0.7982 0.3347
vn -0.5688 -0.7294 0.3800
vn -0.6693 -0.5933 0.4472
vn -0.4657 -0.7981 0.3822
vn -0.5288 -0.7294 0.4340
vn -0.5494 -0.7294 0.4075
vn -0.4839 -0.7982 0.3589
vn -0.4464 -0.7982 0.4045
vn -0.5069 -0.7294 0.4594
vn -0.6465 -0.5933 0.4796
vn -0.6222 -0.5933 0.5107
vn -0.5965 -0.5933 0.5406
vn -0.4260 -0.7982 0.4260
vn -0.4837 -0.7294 0.4837
vn -0.5692 -0.5933 0.5692
vn -0.3822 -0.7982 0.4657
vn -0.4340 -0.7294 0.5288
vn -0.4594 -0.7294 0.5069
vn -0.4046 -0.7982 0.4464
vn -0.3589 -0.7981 0.4839
vn -0.4075 -0.7294 0.5495
vn -0.5406 -0.5933 0.5965
vn -0.5107 -0.5933 0.6223
vn -0.4796 -0.5933 0.6466
vn -0.3347 -0.7982 0.5009
vn -0.3801 -0.7294 0.5688
vn -0.4472 -0.5933 0.6693
vn -0.4155 -0.7981 0.4364
vn -0.2840 -0.7982 0.5313
vn -0.3225 -0.7294 0.6033
vn -0.3517 -0.7294 0.5868
vn -0.3097 -0.7982 0.5167
vn -0.2576 -0.7982 0.5446
vn -0.2925 -0.7294 0.6184
vn -0.3795 -0.5933 0.7099
vn -0.4138 -0.5933 0.6905
vn -0.3442 -0.5933 0.7277
vn -0.2305 -0.7982 0.5565
vn -0.2618 -0.7294 0.6320
vn -0.3081 -0.5933 0.7437
vn -0.1749 -0.7982 0.5764
vn -0.1986 -0.7294 0.6546
vn -0.2304 -0.7294 0.6441
vn -0.2029 -0.7982 0.5672
vn -0.1464 -0.7982 0.5844
vn -0.1662 -0.7294 0.6635
vn -0.2337 -0.5933 0.7703
vn -0.2712 -0.5933 0.7580
vn -0.1956 -0.5933 0.7808
vn -0.1175 -0.7982 0.5909
vn -0.1334 -0.7294 0.6709
vn -0.1570 -0.5933 0.7895
vn -0.0591 -0.7981 0.5996
vn -0.0671 -0.7294 0.6808
vn -0.1003 -0.7294 0.6766
vn -0.0884 -0.7982 0.5959
vn -0.0296 -0.7981 0.6018
vn -0.0336 -0.7294 0.6832
vn -0.0789 -0.5933 0.8011
vn -0.1181 -0.5933 0.7963
vn -0.0395 -0.5933 0.8040
vn -0.0000 -0.7981 0.6025
vn -0.0000 -0.7294 0.6841
vn -0.0000 -0.5933 0.8050
vn 0.0591 -0.7981 0.5996
vn 0.0671 -0.7294 0.6808
vn 0.0336 -0.7294 0.6832
vn 0.0296 -0.7981 0.6018
vn 0.0884 -0.7982 0.5959
vn 0.1003 -0.7294 0.6767
vn 0.0789 -0.5933 0.8011
vn 0.0395 -0.5933 0.8040
vn 0.1181 -0.5933 0.7963
vn 0.1175 -0.7982 0.5909
vn 0.1334 -0.7294 0.6709
vn 0.1570 -0.5933 0.7895
vn 0.1749 -0.7981 0.5765
vn 0.1986 -0.7294 0.6546
vn 0.1662 -0.7294 0.6635
vn 0.1464 -0.7982 0.5844
vn 0.2030 -0.7981 0.5673
vn 0.2304 -0.7294 0.6441
vn 0.2337 -0.5933 0.7703
vn 0.1956 -0.5933 0.7808
vn 0.2711 -0.5933 0.7579
vn 0.2305 -0.7982 0.5566
vn 0.2618 -0.7294 0.6320
vn 0.3080 -0.5933 0.7437
vn 0.2840 -0.7982 0.5313
vn 0.3225 -0.7294 0.6033
vn 0.2925 -0.7294 0.6184
vn 0.2576 -0.7982 0.5446
vn 0.3097 -0.7982 0.5168
vn 0.3517 -0.7294 0.5868
vn 0.3795 -0.5933 0.7099
vn 0.3442 -0.5933 0.7277
vn 0.4138 -0.5933 0.6905
vn 0.3347 -0.7982 0.5009
vn 0.3800 -0.7294 0.5688
vn 0.4472 -0.5933 0.6693
vn 0.3822 -0.7982 0.4657
vn 0.4340 -0.7294 0.5288
vn 0.4075 -0.7294 0.5494
vn 0.3589 -0.7982 0.4839
vn 0.4045 -0.7982 0.4464
vn 0.4594 -0.7294 0.5069
vn 0.4796 -0.5933 0.6466
vn 0.5107 -0.5933 0.6223
vn 0.5406 -0.5933 0.5965
vn 0.4260 -0.7982 0.4260
vn 0.4837 -0.7294 0.4837
vn 0.5692 -0.5933 0.5692
vn 0.4657 -0.7982 0.3822
vn 0.5288 -0.7294 0.4340
vn 0.5069 -0.7294 0.4594
vn 0.4464 -0.7982 0.4045
vn 0.4839 -0.7982 0.3589
vn 0.5494 -0.7294 0.4075
vn 0.5965 -0.5933 0.5406
vn 0.6223 -0.5933 0.5107
vn 0.6466 -0.5933 0.4796
vn 0.5009 -0.7982 0.3347
vn 0.5688 -0.7294 0.3801
vn 0.6693 -0.5933 0.4472
vn 0.5313 -0.7982 0.2840
vn 0.6033 -0.7294 0.3225
vn 0.5868 -0.7294 0.3516
vn 0.5167 -0.7982 0.3097
vn 0.5445 -0.7982 0.2576
vn 0.6184 -0.7294 0.2925
vn 0.7099 -0.5933 0.3795
vn 0.6905 -0.5933 0.4138
vn 0.7277 -0.5933 0.3442
vn 0.5565 -0.7982 0.2305
vn 0.6320 -0.7294 0.2618
vn 0.7437 -0.5932 0.3081
vn 0.5764 -0.7982 0.1748
vn 0.6546 -0.7294 0.1986
vn 0.6441 -0.7294 0.2304
vn 0.5672 -0.7982 0.2029
vn 0.5843 -0.7982 0.1464
vn 0.6635 -0.7294 0.1662
vn 0.7703 -0.5933 0.2337
vn 0.7580 -0.5932 0.2712
vn 0.7809 -0.5933 0.1956
vn 0.5909 -0.7982 0.1175
vn 0.6709 -0.7294 0.1334
vn 0.7895 -0.5933 0.1570
vn 0.5996 -0.7981 0.0591
vn 0.6808 -0.7294 0.0671
vn 0.6767 -0.7294 0.1003
vn 0.5959 -0.7982 0.0884
vn 0.6018 -0.7981 0.0296
vn 0.6832 -0.7294 0.0336
vn 0.8011 -0.5933 0.0789
vn 0.7963 -0.5933 0.1181
vn 0.8040 -0.5933 0.0395
vn 0.6024 -0.7982 -0.0000
vn 0.6840 -0.7294 -0.0000
vn 0.8050 -0.5933 -0.0000
vn 0.5995 -0.7982 -0.0591
vn 0.6808 -0.7294 -0.0671
vn 0.6832 -0.7294 -0.0336
vn 0.6017 -0.7982 -0.0296
vn 0.6767 -0.7294 -0.1003
vn 0.5959 -0.7982 -0.0884
vn 0.8011 -0.5933 -0.0789
vn 0.8040 -0.5933 -0.0395
vn 0.7963 -0.5933 -0.1181
vn 0.6709 -0.7294 -0.1335
vn 0.5909 -0.7982 -0.1175
vn 0.7895 -0.5933 -0.1571
vn 0.6546 -0.7294 -0.1986
vn 0.6636 -0.7294 -0.1663
vn 0.5844 -0.7981 -0.1464
vn 0.5765 -0.7981 -0.1749
vn 0.6441 -0.7294 -0.2304
vn 0.5673 -0.7981 -0.2029
vn 0.7703 -0.5933 -0.2337
vn 0.7809 -0.5933 -0.1956
vn 0.7579 -0.5933 -0.2712
vn 0.6320 -0.7294 -0.2618
vn 0.5567 -0.7981 -0.2306
vn 0.7437 -0.5933 -0.3080
vn 0.6033 -0.7294 -0.3225
vn 0.6184 -0.7294 -0.2925
vn 0.5447 -0.7981 -0.2576
vn 0.5313 -0.7981 -0.2840
vn 0.5868 -0.7294 -0.3517
vn 0.5168 -0.7981 -0.3097
vn 0.7099 -0.5933 -0.3795
vn 0.7277 -0.5933 -0.3442
vn 0.6905 -0.5933 -0.4138
vn 0.5688 -0.7294 -0.3800
vn 0.5009 -0.7981 -0.3347
vn 0.6693 -0.5933 -0.4472
vn 0.5288 -0.7294 -0.4340
vn 0.5494 -0.7294 -0.4075
vn 0.4839 -0.7981 -0.3589
vn 0.4657 -0.7981 -0.3822
vn 0.5069 -0.7294 -0.4594
vn 0.4464 -0.7982 -0.4046
vn 0.6223 -0.5933 -0.5107
vn 0.6465 -0.5933 -0.4796
vn 0.5965 -0.5933 -0.5406
vn 0.4837 -0.7294 -0.4837
vn 0.4260 -0.7982 -0.4260
vn 0.5692 -0.5933 -0.5692
vn 0.3822 -0.7982 -0.4657
vn 0.4339 -0.7294 -0.5288
vn 0.4594 -0.7294 -0.5069
vn 0.4045 -0.7982 -0.4464
vn 0.3589 -0.7982 -0.4839
vn 0.4075 -0.7294 -0.5494
vn 0.5107 -0.5933 -0.6223
vn 0.5406 -0.5933 -0.5965
vn 0.4795 -0.5933 -0.6465
vn 0.3347 -0.7982 -0.5009
vn 0.3801 -0.7294 -0.5688
vn 0.4472 -0.5933 -0.6693
vn 0.2840 -0.7982 -0.5313
vn 0.3225 -0.7294 -0.6033
vn 0.3516 -0.7294 -0.5867
vn 0.3097 -0.7982 -0.5167
vn 0.2576 -0.7982 -0.5445
vn 0.2925 -0.7294 -0.6184
vn 0.3795 -0.5933 -0.7099
vn 0.4138 -0.5933 -0.6905
vn 0.3442 -0.5933 -0.7277
vn 0.2305 -0.7982 -0.5565
vn 0.2618 -0.7294 -0.6320
vn 0.3081 -0.5933 -0.7437
vn 0.1748 -0.7982 -0.5764
vn 0.1986 -0.7294 -0.6546
vn 0.2304 -0.7294 -0.6441
vn 0.2029 -0.7982 -0.5671
vn 0.1464 -0.7982 -0.5844
vn 0.1662 -0.7294 -0.6635
vn 0.2337 -0.5933 -0.7703
vn 0.2712 -0.5933 -0.7580
vn 0.1956 -0.5933 -0.7808
vn 0.1175 -0.7982 -0.5909
vn 0.1334 -0.7294 -0.6709
vn 0.1570 -0.5933 -0.7895
vn 0.0591 -0.7982 -0.5995
vn 0.0671 -0.7294 -0.6808
vn 0.1003 -0.7294 -0.6767
vn 0.0884 -0.7982 -0.5959
vn 0.0296 -0.7982 -0.6017
vn 0.0336 -0.7294 -0.6832
vn 0.0789 -0.5933 -0.8011
vn 0.1181 -0.5933 -0.7963
vn 0.0395 -0.5933 -0.8040
vt 0.231196 0.606737
vt 0.231630 0.607174
vt 0.230773 0.608062
vt 0.229960 0.608991
vt 0.229195 0.609958
vt 0.228478 0.610960
vt 0.227813 0.611997
vt 0.227200 0.613064
vt 0.226640 0.614159
vt 0.226136 0.615280
vt 0.225688 0.616425
vt 0.225298 0.617589
vt 0.224966 0.618771
vt 0.224694 0.619968
vt 0.224481 0.621176
vt 0.224329 0.622393
vt 0.224237 0.623616
vt 0.224207 0.624842
vt 0.224237 0.626068
vt 0.224329 0.627292
vt 0.224481 0.628509
vt 0.224694 0.629717
vt 0.224966 0.630914
vt 0.225298 0.632096
vt 0.225688 0.633260
vt 0.226136 0.634405
vt 0.226640 0.635526
vt 0.227200 0.636621
vt 0.227813 0.637688
vt 0.228478 0.638724
vt 0.229195 0.639727
vt 0.229960 0.640694
vt 0.230773 0.641623
vt 0.231630 0.642511
vt 0.231197 0.642948
vt 0.231192 0.642944
vt 0.230313 0.642033
vt 0.229481 0.641082
vt 0.228696 0.640091
vt 0.227962 0.639064
vt 0.227281 0.638003
vt 0.226652 0.636909
vt 0.226079 0.635787
vt 0.225563 0.634639
vt 0.225104 0.633466
vt 0.224704 0.632273
vt 0.224364 0.631062
vt 0.224085 0.629836
vt 0.223867 0.628599
vt 0.223711 0.627351
vt 0.223617 0.626099
vt 0.223586 0.624843
vt 0.223617 0.623586
vt 0.223711 0.622333
vt 0.223867 0.621086
vt 0.224085 0.619848
vt 0.224364 0.618622
vt 0.224704 0.617411
vt 0.225104 0.616218
vt 0.225563 0.615046
vt 0.226079 0.613898
vt 0.226652 0.612775
vt 0.227281 0.611682
vt 0.227962 0.610621
vt 0.228696 0.609593
vt 0.229481 0.608603
vt 0.230313 0.607651
vt 0.231192 0.606741
vt 0.232532 0.643357
vt 0.233474 0.644158
vt 0.234454 0.644912
vt 0.235471 0.645618
vt 0.236523 0.646274
vt 0.237605 0.646879
vt 0.238716 0.647430
vt 0.239854 0.647927
vt 0.241014 0.648369
vt 0.242196 0.648753
vt 0.243395 0.649081
vt 0.244608 0.649349
vt 0.245834 0.649559
vt 0.247069 0.649709
vt 0.248310 0.649799
vt 0.249553 0.649830
vt 0.250797 0.649799
vt 0.252038 0.649709
vt 0.253272 0.649559
vt 0.254498 0.649349
vt 0.255712 0.649081
vt 0.256911 0.648753
vt 0.258092 0.648369
vt 0.259253 0.647928
vt 0.260390 0.647430
vt 0.261502 0.646879
vt 0.262584 0.646275
vt 0.263635 0.645618
vt 0.264652 0.644912
vt 0.265633 0.644158
vt 0.266575 0.643357
vt 0.267476 0.642511
vt 0.268334 0.641623
vt 0.269147 0.640694
vt 0.269912 0.639727
vt 0.270628 0.638725
vt 0.271294 0.637688
vt 0.271907 0.636621
vt 0.272466 0.635526
vt 0.272971 0.634405
vt 0.273418 0.633260
vt 0.273809 0.632096
vt 0.274140 0.630914
vt 0.274413 0.629717
vt 0.274626 0.628509
vt 0.274778 0.627292
vt 0.274869 0.626069
vt 0.274900 0.624842
vt 0.274869 0.623616
vt 0.274778 0.622393
vt 0.274626 0.621176
vt 0.274413 0.619968
vt 0.274140 0.618771
vt 0.273809 0.617589
vt 0.273418 0.616425
vt 0.272971 0.615280
vt 0.272466 0.614159
vt 0.271907 0.613064
vt 0.271294 0.611997
vt 0.270628 0.610960
vt 0.269912 0.609958
vt 0.269147 0.608991
vt 0.268334 0.608062
vt 0.267476 0.607174
vt 0.266575 0.606328
vt 0.265633 0.605527
vt 0.264652 0.604773
vt 0.263635 0.604066
vt 0.262584 0.603410
vt 0.261502 0.602806
vt 0.260390 0.602254
vt 0.259253 0.601757
vt 0.258092 0.601316
vt 0.256911 0.600931
vt 0.255712 0.600604
vt 0.254498 0.600336
vt 0.253272 0.600126
vt 0.252038 0.599976
vt 0.250797 0.599886
vt 0.249553 0.599855
vt 0.248310 0.599886
vt 0.247069 0.599976
vt 0.245834 0.600126
vt 0.244608 0.600335
vt 0.243395 0.600604
vt 0.242196 0.600931
vt 0.241014 0.601316
vt 0.239854 0.601757
vt 0.238716 0.602254
vt 0.237605 0.602806
vt 0.236523 0.603410
vt 0.235471 0.604066
vt 0.234454 0.604773
vt 0.233474 0.605527
vt 0.232532 0.606328
vt 0.232115 0.605875
vt 0.233080 0.605054
vt 0.234085 0.604281
vt 0.235127 0.603558
vt 0.236204 0.602886
vt 0.237312 0.602266
vt 0.238451 0.601701
vt 0.239616 0.601192
vt 0.240805 0.600740
vt 0.242015 0.600346
vt 0.243244 0.600011
vt 0.244487 0.599736
vt 0.245743 0.599521
vt 0.247008 0.599367
vt 0.248279 0.599275
vt 0.249553 0.599244
vt 0.250827 0.599275
vt 0.252099 0.599367
vt 0.253363 0.599521
vt 0.254619 0.599736
vt 0.255863 0.600011
vt 0.257091 0.600346
vt 0.258301 0.600740
vt 0.259491 0.601192
vt 0.260656 0.601701
vt 0.261794 0.602266
vt 0.262903 0.602886
vt 0.263980 0.603558
vt 0.265022 0.604282
vt 0.266027 0.605054
vt 0.266992 0.605875
vt 0.267915 0.606742
vt 0.268794 0.607652
vt 0.269626 0.608603
vt 0.270410 0.609593
vt 0.271144 0.610621
vt 0.271826 0.611682
vt 0.272454 0.612775
vt 0.273027 0.613898
vt 0.273544 0.615046
vt 0.274003 0.616218
vt 0.274402 0.617412
vt 0.274742 0.618622
vt 0.275022 0.619848
vt 0.275239 0.621086
vt 0.275395 0.622333
vt 0.275489 0.623586
vt 0.275521 0.624842
vt 0.275489 0.626098
vt 0.275395 0.627352
vt 0.275239 0.628598
vt 0.275022 0.629837
vt 0.274742 0.631062
vt 0.274402 0.632273
vt 0.274003 0.633466
vt 0.273544 0.634639
vt 0.273027 0.635788
vt 0.272454 0.636909
vt 0.271826 0.638003
vt 0.271144 0.639064
vt 0.270410 0.640092
vt 0.269626 0.641082
vt 0.268794 0.642034
vt 0.267915 0.642944
vt 0.266992 0.643810
vt 0.266027 0.644630
vt 0.265022 0.645404
vt 0.263980 0.646127
vt 0.262903 0.646799
vt 0.261794 0.647419
vt 0.260656 0.647983
vt 0.259490 0.648493
vt 0.258301 0.648945
vt 0.257091 0.649339
vt 0.255863 0.649674
vt 0.254619 0.649949
vt 0.253363 0.650164
vt 0.252099 0.650318
vt 0.250828 0.650410
vt 0.249553 0.650441
vt 0.248279 0.650410
vt 0.247008 0.650318
vt 0.245743 0.650164
vt 0.244487 0.649949
vt 0.243244 0.649674
vt 0.242016 0.649339
vt 0.240805 0.648945
vt 0.239616 0.648492
vt 0.238451 0.647983
vt 0.237313 0.647418
vt 0.236204 0.646799
vt 0.235127 0.646127
vt 0.234085 0.645403
vt 0.233080 0.644631
vt 0.232115 0.643810
vt 0.728084 0.614416
vt 0.728631 0.613347
vt 0.729229 0.612306
vt 0.729878 0.611294
vt 0.730578 0.610316
vt 0.731324 0.609372
vt 0.732118 0.608466
vt 0.732955 0.607598
vt 0.733834 0.606774
vt 0.734754 0.605992
vt 0.735711 0.605256
vt 0.736703 0.604566
vt 0.737730 0.603926
vt 0.738785 0.603336
vt 0.739870 0.602797
vt 0.740980 0.602313
vt 0.742114 0.601882
vt 0.743266 0.601506
vt 0.744436 0.601187
vt 0.745621 0.600925
vt 0.746818 0.600721
vt 0.748022 0.600574
vt 0.749233 0.600486
vt 0.750447 0.600456
vt 0.751661 0.600486
vt 0.752872 0.600574
vt 0.754076 0.600721
vt 0.755273 0.600925
vt 0.756457 0.601187
vt 0.757628 0.601506
vt 0.758781 0.601882
vt 0.759913 0.602312
vt 0.761024 0.602798
vt 0.762108 0.603336
vt 0.763165 0.603926
vt 0.764190 0.604566
vt 0.765183 0.605255
vt 0.766140 0.605992
vt 0.767060 0.606774
vt 0.767935 0.607596
vt 0.767616 0.607917
vt 0.766753 0.607107
vt 0.765850 0.606340
vt 0.764911 0.605617
vt 0.763936 0.604940
vt 0.762929 0.604312
vt 0.761892 0.603733
vt 0.760828 0.603205
vt 0.759739 0.602728
vt 0.758626 0.602306
vt 0.757495 0.601937
vt 0.756346 0.601624
vt 0.755184 0.601366
vt 0.754009 0.601165
vt 0.752827 0.601022
vt 0.751638 0.600935
vt 0.750447 0.600906
vt 0.749255 0.600935
vt 0.748067 0.601022
vt 0.746884 0.601165
vt 0.745710 0.601366
vt 0.744547 0.601624
vt 0.743398 0.601937
vt 0.742267 0.602306
vt 0.741155 0.602728
vt 0.740065 0.603204
vt 0.739001 0.603733
vt 0.737964 0.604312
vt 0.736957 0.604940
vt 0.735983 0.605617
vt 0.735043 0.606340
vt 0.734141 0.607107
vt 0.733278 0.607917
vt 0.732456 0.608768
vt 0.731678 0.609658
vt 0.730944 0.610584
vt 0.730258 0.611544
vt 0.729621 0.612537
vt 0.729033 0.613559
vt 0.728497 0.614609
vt 0.728014 0.615682
vt 0.727585 0.616779
vt 0.727212 0.617894
vt 0.726894 0.619027
vt 0.726632 0.620173
vt 0.726429 0.621330
vt 0.726283 0.622496
vt 0.726195 0.623668
vt 0.726166 0.624843
vt 0.726195 0.626017
vt 0.726283 0.627189
vt 0.726429 0.628355
vt 0.726633 0.629512
vt 0.726894 0.630659
vt 0.727212 0.631791
vt 0.727585 0.632906
vt 0.728014 0.634002
vt 0.728497 0.635076
vt 0.729033 0.636126
vt 0.729621 0.637148
vt 0.730258 0.638141
vt 0.730944 0.639101
vt 0.731678 0.640027
vt 0.732456 0.640917
vt 0.733278 0.641768
vt 0.734141 0.642578
vt 0.735043 0.643345
vt 0.735983 0.644068
vt 0.736957 0.644745
vt 0.737964 0.645373
vt 0.739001 0.645952
vt 0.740065 0.646480
vt 0.741155 0.646957
vt 0.742267 0.647379
vt 0.743398 0.647748
vt 0.744547 0.648061
vt 0.745710 0.648319
vt 0.746884 0.648519
vt 0.748067 0.648663
vt 0.749255 0.648750
vt 0.750447 0.648779
vt 0.751638 0.648750
vt 0.752827 0.648663
vt 0.754009 0.648519
vt 0.755184 0.648319
vt 0.756346 0.648061
vt 0.757495 0.647748
vt 0.758627 0.647379
vt 0.759739 0.646956
vt 0.760828 0.646480
vt 0.761892 0.645952
vt 0.762929 0.645373
vt 0.763936 0.644745
vt 0.764911 0.644068
vt 0.765850 0.643345
vt 0.766752 0.642578
vt 0.767616 0.641768
vt 0.767935 0.642089
vt 0.767060 0.642912
vt 0.766140 0.643693
vt 0.765183 0.644430
vt 0.764190 0.645119
vt 0.763164 0.645759
vt 0.762108 0.646349
vt 0.761023 0.646887
vt 0.759913 0.647372
vt 0.758780 0.647803
vt 0.757627 0.648178
vt 0.756457 0.648498
vt 0.755273 0.648760
vt 0.754077 0.648965
vt 0.752872 0.649111
vt 0.751660 0.649199
vt 0.750447 0.649229
vt 0.749233 0.649199
vt 0.748022 0.649111
vt 0.746817 0.648965
vt 0.745621 0.648760
vt 0.744436 0.648498
vt 0.743266 0.648179
vt 0.742113 0.647803
vt 0.740980 0.647373
vt 0.739870 0.646887
vt 0.738786 0.646349
vt 0.737729 0.645759
vt 0.736703 0.645118
vt 0.735711 0.644430
vt 0.734754 0.643693
vt 0.733834 0.642912
vt 0.732955 0.642086
vt 0.732117 0.641219
vt 0.731324 0.640313
vt 0.730577 0.639369
vt 0.729878 0.638391
vt 0.729229 0.637380
vt 0.728630 0.636338
vt 0.728085 0.635269
vt 0.727592 0.634175
vt 0.727156 0.633058
vt 0.726775 0.631921
vt 0.726451 0.630768
vt 0.726185 0.629600
vt 0.725978 0.628421
vt 0.725829 0.627233
vt 0.725739 0.626040
vt 0.725710 0.624842
vt 0.725739 0.623646
vt 0.725829 0.622452
vt 0.725977 0.621264
vt 0.726185 0.620085
vt 0.726451 0.618917
vt 0.726775 0.617763
vt 0.727156 0.616627
vt 0.727593 0.615510
vt 0.767938 0.642086
vt 0.768437 0.640917
vt 0.769216 0.640027
vt 0.769949 0.639101
vt 0.770635 0.638141
vt 0.771273 0.637148
vt 0.771860 0.636126
vt 0.772396 0.635076
vt 0.772879 0.634002
vt 0.773308 0.632906
vt 0.773682 0.631791
vt 0.774000 0.630658
vt 0.774261 0.629512
vt 0.774465 0.628355
vt 0.774610 0.627189
vt 0.774698 0.626017
vt 0.774727 0.624842
vt 0.774698 0.623668
vt 0.774610 0.622496
vt 0.774464 0.621330
vt 0.774261 0.620173
vt 0.774000 0.619026
vt 0.773682 0.617894
vt 0.773308 0.616779
vt 0.772879 0.615683
vt 0.772396 0.614608
vt 0.771860 0.613559
vt 0.771273 0.612537
vt 0.770635 0.611544
vt 0.769949 0.610584
vt 0.769216 0.609658
vt 0.768437 0.608768
vt 0.767938 0.607599
vt 0.768776 0.608466
vt 0.769569 0.609372
vt 0.770316 0.610316
vt 0.771015 0.611294
vt 0.771665 0.612306
vt 0.772263 0.613347
vt 0.772809 0.614416
vt 0.773301 0.615510
vt 0.773738 0.616627
vt 0.774118 0.617763
vt 0.774443 0.618917
vt 0.774709 0.620085
vt 0.774916 0.621264
vt 0.775065 0.622452
vt 0.775154 0.623646
vt 0.775184 0.624842
vt 0.775154 0.626039
vt 0.775065 0.627233
vt 0.774916 0.628421
vt 0.774709 0.629600
vt 0.774443 0.630768
vt 0.774119 0.631921
vt 0.773738 0.633058
vt 0.773301 0.634175
vt 0.772809 0.635269
vt 0.772263 0.636338
vt 0.771665 0.637379
vt 0.771015 0.638391
vt 0.770316 0.639369
vt 0.769569 0.640313
vt 0.768776 0.641219
vt 0.000000 0.000000
s 0
f 2435/1/1 1117/2/1 1118/3/1 1119/4/1 1114/5/1 1120/6/1 1109/7/1 1111/8/1 1106/9/1 1104/10/1 1100/11/1 1102/12/1 1098/13/1 1096/14/1 1094/15/1 1092/16/1 1090/17/1 1088/18/1 1089/19/1 1091/20/1 1093/21/1 1095/22/1 1097/23/1 1101/24/1 1099/25/1 1103/26/1 1105/27/1 1110/28/1 1108/29/1 1107/30/1 1112/31/1 1113/32/1 1115/33/1 1116/34/1 2434/35/1 2433/36/1 2438/37/1 2439/38/1 2446/39/1 2445/40/1 2444/41/1 2442/42/1 2443/43/1 2449/44/1 2452/45/1 2455/46/1 2456/47/1 2459/48/1 2462/49/1 2463/50/1 2466/51/1 2467/52/1 2465/53/1 2464/54/1 2461/55/1 2460/56/1 2458/57/1 2457/58/1 2454/59/1 2453/60/1 2451/61/1 2450/62/1 2448/63/1 2447/64/1 2441/65/1 2440/66/1 2437/67/1 2436/68/1
f 1116/34/1 1121/69/1 1122/70/1 1123/71/1 1124/72/1 1125/73/1 1126/74/1 1127/75/1 1136/76/1 1128/77/1 1130/78/1 1129/79/1 1135/80/1 1131/81/1 1134/82/1 1133/83/1 1132/84/1 1137/85/1 1138/86/1 1139/87/1 1140/88/1 1141/89/1 1142/90/1 1143/91/1 1144/92/1 1145/93/1 1146/94/1 1147/95/1 1148/96/1 1149/97/1 1150/98/1 1151/99/1 1152/100/1 1057/101/1 1061/102/1 1060/103/1 1069/104/1 1064/105/1 1068/106/1 1066/107/1 1085/108/1 1070/109/1 1074/110/1 1072/111/1 1083/112/1 1076/113/1 1080/114/1 1078/115/1 1077/116/1 1079/117/1 1081/118/1 1082/119/1 1084/120/1 1073/121/1 1075/122/1 1071/123/1 1086/124/1 1067/125/1 1065/126/1 1063/127/1 1062/128/1 1059/129/1 1058/130/1 1056/131/1 1087/132/1 1055/133/1 1054/134/1 1053/135/1 1052/136/1 1051/137/1 1050/138/1 1049/139/1 1048/140/1 1047/141/1 1046/142/1 1045/143/1 1044/144/1 1043/145/1 1042/146/1 1041/147/1 1040/148/1 1039/149/1 1038/150/1 1037/151/1 1036/152/1 1035/153/1 1034/154/1 1033/155/1 1032/156/1 1031/157/1 1030/158/1 1029/159/1 1028/160/1 1027/161/1 1026/162/1 1025/163/1 1117/2/1 2435/1/1 2469/164/1 2472/165/1 2473/166/1 2478/167/1 2479/168/1 2480/169/1 2481/170/1 2483/171/1 2486/172/1 2487/173/1 2490/174/1 2491/175/1 2493/176/1 2496/177/1 2497/178/1 2500/179/1 2501/180/1 2504/181/1 2505/182/1 2508/183/1 2509/184/1 2512/185/1 2513/186/1 2516/187/1 2517/188/1 2520/189/1 2521/190/1 2524/191/1 2525/192/1 2528/193/1 2529/194/1 2531/195/1 2534/196/1 2535/197/1 2541/198/1 2542/199/1 2544/200/1 2545/201/1 2547/202/1 2548/203/1 2551/204/1 2552/205/1 2554/206/1 2555/207/1 2558/208/1 2559/209/1 2561/210/1 2562/211/1 2560/212/1 2557/213/1 2556/214/1 2553/215/1 2550/216/1 2549/217/1 2546/218/1 2543/219/1 2540/220/1 2539/221/1 2538/222/1 2537/223/1 2536/224/1 2533/225/1 2532/226/1 2530/227/1 2527/228/1 2526/229/1 2523/230/1 2522/231/1 2519/232/1 2518/233/1 2515/234/1 2514/235/1 2511/236/1 2510/237/1 2507/238/1 2506/239/1 2503/240/1 2502/241/1 2499/242/1 2498/243/1 2495/244/1 2494/245/1 2492/246/1 2489/247/1 2488/248/1 2485/249/1 2484/250/1 2482/251/1 2477/252/1 2476/253/1 2475/254/1 2474/255/1 2471/256/1 2470/257/1 2468/258/1 2434/35/1
f 2640/259/2 2637/260/2 2635/261/2 2636/262/2 2634/263/2 2631/264/2 2630/265/2 2627/266/2 2625/267/2 2624/268/2 2621/269/2 2620/270/2 2617/271/2 2616/272/2 2613/273/2 2612/274/2 2609/275/2 2608/276/2 2605/277/2 2604/278/2 2601/279/2 2600/280/2 2597/281/2 2596/282/2 2593/283/2 2592/284/2 2589/285/2 2588/286/2 2585/287/2 2583/288/2 2582/289/2 2579/290/2 2577/291/2 2576/292/2 2575/293/2 2574/294/2 2569/295/2 2568/296/2 2565/297/2 2564/298/2 1183/299/2 1186/300/2 1187/301/2 1188/302/2 1189/303/2 1190/304/2 1191/305/2 1192/306/2 1193/307/2 1194/308/2 1195/309/2 1197/310/2 1196/311/2 1198/312/2 1199/313/2 1200/314/2 1201/315/2 1202/316/2 1203/317/2 1204/318/2 1205/319/2 1206/320/2 1207/321/2 1208/322/2 1209/323/2 1210/324/2 1211/325/2 1212/326/2 1213/327/2 1214/328/2 1215/329/2 1216/330/2 1217/331/2 1251/332/2 1255/333/2 1254/334/2 1263/335/2 1258/336/2 1262/337/2 1261/338/2 1280/339/2 1265/340/2 1269/341/2 1267/342/2 1278/343/2 1276/344/2 1275/345/2 1272/346/2 1270/347/2 1271/348/2 1274/349/2 1273/350/2 1277/351/2 1266/352/2 1268/353/2 1264/354/2 1279/355/2 1260/356/2 1259/357/2 1257/358/2 1256/359/2 1253/360/2 1252/361/2 1250/362/2 1249/363/2 1248/364/2 1247/365/2 1246/366/2 1245/367/2 1244/368/2 1243/369/2 1242/370/2 1241/371/2 1240/372/2 1239/373/2 1238/374/2 1237/375/2 1236/376/2 1235/377/2 1234/378/2 1233/379/2 1230/380/2 1231/381/2 1229/382/2 1232/383/2 1227/384/2 1228/385/2 1226/386/2 1225/387/2 1223/388/2 1224/389/2 1222/390/2 1221/391/2 1220/392/2 1219/393/2 1218/394/2 1184/395/2 2563/396/2 2566/397/2 2567/398/2 2570/399/2 2571/400/2 2573/401/2 2572/402/2 2578/403/2 2580/404/2 2581/405/2 2584/406/2 2586/407/2 2587/408/2 2590/409/2 2591/410/2 2594/411/2 2595/412/2 2598/413/2 2599/414/2 2602/415/2 2603/416/2 2606/417/2 2607/418/2 2610/419/2 2611/420/2 2614/421/2 2615/422/2 2618/423/2 2619/424/2 2622/425/2 2623/426/2 2626/427/2 2628/428/2 2629/429/2 2632/430/2 2633/431/2 2638/432/2 2639/433/2 2641/434/2 2642/435/2 2645/436/2 2646/437/2 2648/438/2 2649/439/2 2652/440/2 2653/441/2 2656/442/2 2657/443/2 2659/444/2 2658/445/2 2655/446/2 2654/447/2 2651/448/2 2650/449/2 2647/450/2 2644/451/2 2643/452/2
f 2661/453/2 2563/396/2 1184/395/2 1182/454/2 1179/455/2 1180/456/2 1185/457/2 1175/458/2 1176/459/2 1172/460/2 1168/461/2 1164/462/2 1166/463/2 1162/464/2 1160/465/2 1156/466/2 1157/467/2 1154/468/2 1153/469/2 1155/470/2 1158/471/2 1159/472/2 1161/473/2 1163/474/2 1167/475/2 1165/476/2 1169/477/2 1170/478/2 1171/479/2 1173/480/2 1174/481/2 1177/482/2 1178/483/2 1181/484/2 1183/299/2 2564/298/2 2660/485/2 2663/486/2 2664/487/2 2670/488/2 2668/489/2 2669/490/2 2667/491/2 2671/492/2 2676/493/2 2677/494/2 2680/495/2 2683/496/2 2684/497/2 2687/498/2 2688/499/2 2691/500/2 2692/501/2 2690/502/2 2689/503/2 2686/504/2 2685/505/2 2682/506/2 2681/507/2 2679/508/2 2678/509/2 2675/510/2 2674/511/2 2673/512/2 2672/513/2 2666/514/2 2665/515/2 2662/516/2
s 1
f 449/517/3 452/517/4 453/517/5 450/517/6
f 450/517/6 453/517/5 454/517/7 451/517/8
f 452/517/4 455/517/9 456/517/10 453/517/5
f 453/517/5 456/517/10 457/517/11 454/517/7
f 1/517/12 355/517/13 449/517/3 158/517/14
f 158/517/14 449/517/3 450/517/6 159/517/15
f 159/517/15 450/517/6 451/517/8 160/517/16
f 160/517/16 451/517/8 356/517/17 32/517/18
f 451/517/8 454/517/7 357/517/19 356/517/17
f 454/517/7 457/517/11 358/517/20 357/517/19
f 457/517/11 352/517/21 64/517/22 358/517/20
f 456/517/10 351/517/23 352/517/21 457/517/11
f 455/517/9 350/517/24 351/517/23 456/517/10
f 353/517/25 33/517/26 350/517/24 455/517/9
f 354/517/27 353/517/25 455/517/9 452/517/4
f 355/517/13 354/517/27 452/517/4 449/517/3
f 458/517/28 461/517/29 462/517/30 459/517/31
f 459/517/31 462/517/30 463/517/32 460/517/33
f 461/517/29 464/517/34 465/517/35 462/517/30
f 462/517/30 465/517/35 466/517/36 463/517/32
f 2/517/37 361/517/38 458/517/28 65/517/39
f 65/517/39 458/517/28 459/517/31 66/517/40
f 66/517/40 459/517/31 460/517/33 67/517/41
f 67/517/41 460/517/33 355/517/13 1/517/12
f 460/517/33 463/517/32 354/517/27 355/517/13
f 463/517/32 466/517/36 353/517/25 354/517/27
f 466/517/36 229/517/42 33/517/26 353/517/25
f 465/517/35 228/517/43 229/517/42 466/517/36
f 464/517/34 227/517/44 228/517/43 465/517/35
f 359/517/45 34/517/46 227/517/44 464/517/34
f 360/517/47 359/517/45 464/517/34 461/517/29
f 361/517/38 360/517/47 461/517/29 458/517/28
f 467/517/48 470/517/49 471/517/50 468/517/51
f 468/517/51 471/517/50 472/517/52 469/517/53
f 1134/517/54 471/517/50 470/517/49 1133/517/55
f 1131/517/56 472/517/52 471/517/50 1134/517/54
f 1/517/12 162/517/57 467/517/48 67/517/41
f 67/517/41 467/517/48 468/517/51 66/517/40
f 66/517/40 468/517/51 469/517/53 65/517/39
f 65/517/39 469/517/53 165/517/58 2/517/37
f 469/517/53 472/517/52 166/517/59 165/517/58
f 1135/517/60 166/517/59 472/517/52 1131/517/56
f 1133/517/55 470/517/49 161/517/61 1132/517/62
f 162/517/57 161/517/61 470/517/49 467/517/48
f 473/517/63 476/517/64 477/517/65 474/517/66
f 474/517/66 477/517/65 478/517/67 475/517/68
f 1068/517/69 477/517/65 476/517/64 1066/517/70
f 1064/517/71 478/517/67 477/517/65 1068/517/69
f 27/517/72 215/517/73 473/517/63 145/517/74
f 145/517/74 473/517/63 474/517/66 144/517/75
f 144/517/75 474/517/66 475/517/68 143/517/76
f 143/517/76 475/517/68 217/517/77 28/517/78
f 475/517/68 478/517/67 218/517/79 217/517/77
f 1069/517/80 218/517/79 478/517/67 1064/517/71
f 1066/517/70 476/517/64 216/517/81 1085/517/82
f 215/517/73 216/517/81 476/517/64 473/517/63
f 479/517/83 482/517/84 483/517/85 480/517/86
f 480/517/86 483/517/85 484/517/87 481/517/88
f 1026/517/89 483/517/85 482/517/84 1025/517/90
f 1027/517/91 484/517/87 483/517/85 1026/517/89
f 13/517/92 187/517/93 479/517/83 103/517/94
f 103/517/94 479/517/83 480/517/86 102/517/95
f 102/517/95 480/517/86 481/517/88 101/517/96
f 101/517/96 481/517/88 189/517/97 14/517/98
f 481/517/88 484/517/87 190/517/99 189/517/97
f 1028/517/100 190/517/99 484/517/87 1027/517/91
f 1025/517/90 482/517/84 188/517/101 1117/517/102
f 187/517/93 188/517/101 482/517/84 479/517/83
f 485/517/103 488/517/104 489/517/105 486/517/106
f 486/517/106 489/517/105 490/517/107 487/517/108
f 1074/517/109 489/517/105 488/517/104 1072/517/110
f 1070/517/111 490/517/107 489/517/105 1074/517/109
f 26/517/112 213/517/113 485/517/103 142/517/114
f 142/517/114 485/517/103 486/517/106 141/517/115
f 141/517/115 486/517/106 487/517/108 140/517/116
f 140/517/116 487/517/108 215/517/73 27/517/72
f 487/517/108 490/517/107 216/517/81 215/517/73
f 1085/517/82 216/517/81 490/517/107 1070/517/111
f 1072/517/110 488/517/104 214/517/117 1083/517/118
f 213/517/113 214/517/117 488/517/104 485/517/103
f 491/517/119 494/517/120 495/517/121 492/517/122
f 492/517/122 495/517/121 496/517/123 493/517/124
f 1119/517/125 495/517/121 494/517/120 1114/517/126
f 1118/517/127 496/517/123 495/517/121 1119/517/125
f 12/517/128 185/517/129 491/517/119 100/517/130
f 100/517/130 491/517/119 492/517/122 99/517/131
f 99/517/131 492/517/122 493/517/124 98/517/132
f 98/517/132 493/517/124 187/517/93 13/517/92
f 493/517/124 496/517/123 188/517/101 187/517/93
f 1117/517/102 188/517/101 496/517/123 1118/517/127
f 1114/517/126 494/517/120 186/517/133 1120/517/134
f 185/517/129 186/517/133 494/517/120 491/517/119
f 497/517/135 500/517/136 501/517/137 498/517/138
f 498/517/138 501/517/137 502/517/139 499/517/140
f 1080/517/141 501/517/137 500/517/136 1078/517/142
f 1076/517/143 502/517/139 501/517/137 1080/517/141
f 25/517/144 211/517/145 497/517/135 139/517/146
f 139/517/146 497/517/135 498/517/138 138/517/147
f 138/517/147 498/517/138 499/517/140 137/517/148
f 137/517/148 499/517/140 213/517/113 26/517/112
f 499/517/140 502/517/139 214/517/117 213/517/113
f 1083/517/118 214/517/117 502/517/139 1076/517/143
f 1078/517/142 500/517/136 212/517/149 1077/517/150
f 211/517/145 212/517/149 500/517/136 497/517/135
f 503/517/151 506/517/152 507/517/153 504/517/154
f 504/517/154 507/517/153 508/517/155 505/517/156
f 1111/517/157 507/517/153 506/517/152 1106/517/158
f 1109/517/159 508/517/155 507/517/153 1111/517/157
f 11/517/160 183/517/161 503/517/151 97/517/162
f 97/517/162 503/517/151 504/517/154 96/517/163
f 96/517/163 504/517/154 505/517/156 95/517/164
f 95/517/164 505/517/156 185/517/129 12/517/128
f 505/517/156 508/517/155 186/517/133 185/517/129
f 1120/517/134 186/517/133 508/517/155 1109/517/159
f 1106/517/158 506/517/152 184/517/165 1104/517/166
f 183/517/161 184/517/165 506/517/152 503/517/151
f 509/517/167 512/517/168 513/517/169 510/517/170
f 510/517/170 513/517/169 514/517/171 511/517/172
f 513/517/169 512/517/168 1082/517/173 1081/517/174
f 514/517/171 513/517/169 1081/517/174 1079/517/175
f 24/517/176 209/517/177 509/517/167 136/517/178
f 136/517/178 509/517/167 510/517/170 135/517/179
f 135/517/179 510/517/170 511/517/172 134/517/180
f 134/517/180 511/517/172 211/517/145 25/517/144
f 511/517/172 514/517/171 212/517/149 211/517/145
f 1077/517/150 212/517/149 514/517/171 1079/517/175
f 512/517/168 210/517/181 1084/517/182 1082/517/173
f 209/517/177 210/517/181 512/517/168 509/517/167
f 515/517/183 518/517/184 519/517/185 516/517/186
f 516/517/186 519/517/185 520/517/187 517/517/188
f 1102/517/189 519/517/185 518/517/184 1098/517/190
f 1100/517/191 520/517/187 519/517/185 1102/517/189
f 10/517/192 181/517/193 515/517/183 94/517/194
f 94/517/194 515/517/183 516/517/186 93/517/195
f 93/517/195 516/517/186 517/517/188 92/517/196
f 92/517/196 517/517/188 183/517/161 11/517/160
f 517/517/188 520/517/187 184/517/165 183/517/161
f 1104/517/166 184/517/165 520/517/187 1100/517/191
f 1098/517/190 518/517/184 182/517/197 1096/517/198
f 181/517/193 182/517/197 518/517/184 515/517/183
f 521/517/199 524/517/200 525/517/201 522/517/202
f 522/517/202 525/517/201 526/517/203 523/517/204
f 525/517/201 524/517/200 1071/517/205 1075/517/206
f 526/517/203 525/517/201 1075/517/206 1073/517/207
f 23/517/208 207/517/209 521/517/199 133/517/210
f 133/517/210 521/517/199 522/517/202 132/517/211
f 132/517/211 522/517/202 523/517/204 131/517/212
f 131/517/212 523/517/204 209/517/177 24/517/176
f 523/517/204 526/517/203 210/517/181 209/517/177
f 210/517/181 526/517/203 1073/517/207 1084/517/182
f 524/517/200 208/517/213 1086/517/214 1071/517/205
f 207/517/209 208/517/213 524/517/200 521/517/199
f 527/517/215 530/517/216 531/517/217 528/517/218
f 528/517/218 531/517/217 532/517/219 529/517/220
f 1092/517/221 531/517/217 530/517/216 1090/517/222
f 1094/517/223 532/517/219 531/517/217 1092/517/221
f 9/517/224 179/517/225 527/517/215 91/517/226
f 91/517/226 527/517/215 528/517/218 90/517/227
f 90/517/227 528/517/218 529/517/220 89/517/228
f 89/517/228 529/517/220 181/517/193 10/517/192
f 529/517/220 532/517/219 182/517/197 181/517/193
f 1096/517/198 182/517/197 532/517/219 1094/517/223
f 1090/517/222 530/517/216 180/517/229 1088/517/230
f 179/517/225 180/517/229 530/517/216 527/517/215
f 533/517/231 536/517/232 537/517/233 534/517/234
f 534/517/234 537/517/233 538/517/235 535/517/236
f 537/517/233 536/517/232 1063/517/237 1065/517/238
f 538/517/235 537/517/233 1065/517/238 1067/517/239
f 22/517/240 205/517/241 533/517/231 130/517/242
f 130/517/242 533/517/231 534/517/234 129/517/243
f 129/517/243 534/517/234 535/517/236 128/517/244
f 128/517/244 535/517/236 207/517/209 23/517/208
f 535/517/236 538/517/235 208/517/213 207/517/209
f 208/517/213 538/517/235 1067/517/239 1086/517/214
f 536/517/232 206/517/245 1062/517/246 1063/517/237
f 205/517/241 206/517/245 536/517/232 533/517/231
f 539/517/247 542/517/248 543/517/249 540/517/250
f 540/517/250 543/517/249 544/517/251 541/517/252
f 1091/517/253 543/517/249 542/517/248 1093/517/254
f 1089/517/255 544/517/251 543/517/249 1091/517/253
f 8/517/256 177/517/257 539/517/247 88/517/258
f 88/517/258 539/517/247 540/517/250 87/517/259
f 87/517/259 540/517/250 541/517/252 86/517/260
f 86/517/260 541/517/252 179/517/225 9/517/224
f 541/517/252 544/517/251 180/517/229 179/517/225
f 1088/517/230 180/517/229 544/517/251 1089/517/255
f 1093/517/254 542/517/248 178/517/261 1095/517/262
f 177/517/257 178/517/261 542/517/248 539/517/247
f 545/517/263 548/517/264 549/517/265 546/517/266
f 546/517/266 549/517/265 550/517/267 547/517/268
f 549/517/265 548/517/264 1056/517/269 1058/517/270
f 550/517/267 549/517/265 1058/517/270 1059/517/271
f 21/517/272 203/517/273 545/517/263 127/517/274
f 127/517/274 545/517/263 546/517/266 126/517/275
f 126/517/275 546/517/266 547/517/268 125/517/276
f 125/517/276 547/517/268 205/517/241 22/517/240
f 547/517/268 550/517/267 206/517/245 205/517/241
f 206/517/245 550/517/267 1059/517/271 1062/517/246
f 548/517/264 204/517/277 1087/517/278 1056/517/269
f 203/517/273 204/517/277 548/517/264 545/517/263
f 551/517/279 554/517/280 555/517/281 552/517/282
f 552/517/282 555/517/281 556/517/283 553/517/284
f 1101/517/285 555/517/281 554/517/280 1099/517/286
f 1097/517/287 556/517/283 555/517/281 1101/517/285
f 7/517/288 175/517/289 551/517/279 85/517/290
f 85/517/290 551/517/279 552/517/282 84/517/291
f 84/517/291 552/517/282 553/517/284 83/517/292
f 83/517/292 553/517/284 177/517/257 8/517/256
f 553/517/284 556/517/283 178/517/261 177/517/257
f 1095/517/262 178/517/261 556/517/283 1097/517/287
f 1099/517/286 554/517/280 176/517/293 1103/517/294
f 175/517/289 176/517/293 554/517/280 551/517/279
f 557/517/295 560/517/296 561/517/297 558/517/298
f 558/517/298 561/517/297 562/517/299 559/517/300
f 1054/517/301 561/517/297 560/517/296 1053/517/302
f 1055/517/303 562/517/299 561/517/297 1054/517/301
f 20/517/304 201/517/305 557/517/295 124/517/306
f 124/517/306 557/517/295 558/517/298 123/517/307
f 123/517/307 558/517/298 559/517/300 122/517/308
f 122/517/308 559/517/300 203/517/273 21/517/272
f 559/517/300 562/517/299 204/517/277 203/517/273
f 1087/517/278 204/517/277 562/517/299 1055/517/303
f 1053/517/302 560/517/296 202/517/309 1052/517/310
f 201/517/305 202/517/309 560/517/296 557/517/295
f 563/517/311 566/517/312 567/517/313 564/517/314
f 564/517/314 567/517/313 568/517/315 565/517/316
f 1130/517/317 567/517/313 566/517/312 1129/517/318
f 1128/517/319 568/517/315 567/517/313 1130/517/317
f 2/517/37 165/517/58 563/517/311 70/517/320
f 70/517/320 563/517/311 564/517/314 69/517/321
f 69/517/321 564/517/314 565/517/316 68/517/322
f 68/517/322 565/517/316 167/517/323 3/517/324
f 565/517/316 568/517/315 168/517/325 167/517/323
f 1136/517/326 168/517/325 568/517/315 1128/517/319
f 1129/517/318 566/517/312 166/517/59 1135/517/60
f 165/517/58 166/517/59 566/517/312 563/517/311
f 569/517/327 572/517/328 573/517/329 570/517/330
f 570/517/330 573/517/329 574/517/331 571/517/332
f 1110/517/333 573/517/329 572/517/328 1108/517/334
f 1105/517/335 574/517/331 573/517/329 1110/517/333
f 6/517/336 173/517/337 569/517/327 82/517/338
f 82/517/338 569/517/327 570/517/330 81/517/339
f 81/517/339 570/517/330 571/517/332 80/517/340
f 80/517/340 571/517/332 175/517/289 7/517/288
f 571/517/332 574/517/331 176/517/293 175/517/289
f 1103/517/294 176/517/293 574/517/331 1105/517/335
f 1108/517/334 572/517/328 174/517/341 1107/517/342
f 173/517/337 174/517/341 572/517/328 569/517/327
f 575/517/343 578/517/344 579/517/345 576/517/346
f 576/517/346 579/517/345 580/517/347 577/517/348
f 1050/517/349 579/517/345 578/517/344 1049/517/350
f 1051/517/351 580/517/347 579/517/345 1050/517/349
f 19/517/352 199/517/353 575/517/343 121/517/354
f 121/517/354 575/517/343 576/517/346 120/517/355
f 120/517/355 576/517/346 577/517/348 119/517/356
f 119/517/356 577/517/348 201/517/305 20/517/304
f 577/517/348 580/517/347 202/517/309 201/517/305
f 1052/517/310 202/517/309 580/517/347 1051/517/351
f 1049/517/350 578/517/344 200/517/357 1048/517/358
f 199/517/353 200/517/357 578/517/344 575/517/343
f 581/517/359 584/517/360 585/517/361 582/517/362
f 582/517/362 585/517/361 586/517/363 583/517/364
f 1113/517/365 585/517/361 584/517/360 1115/517/366
f 1112/517/367 586/517/363 585/517/361 1113/517/365
f 5/517/368 171/517/369 581/517/359 79/517/370
f 79/517/370 581/517/359 582/517/362 78/517/371
f 78/517/371 582/517/362 583/517/364 77/517/372
f 77/517/372 583/517/364 173/517/337 6/517/336
f 583/517/364 586/517/363 174/517/341 173/517/337
f 1107/517/342 174/517/341 586/517/363 1112/517/367
f 1115/517/366 584/517/360 172/517/373 1116/517/374
f 171/517/369 172/517/373 584/517/360 581/517/359
f 587/517/375 590/517/376 591/517/377 588/517/378
f 588/517/378 591/517/377 592/517/379 589/517/380
f 1046/517/381 591/517/377 590/517/376 1045/517/382
f 1047/517/383 592/517/379 591/517/377 1046/517/381
f 18/517/384 197/517/385 587/517/375 118/517/386
f 118/517/386 587/517/375 588/517/378 117/517/387
f 117/517/387 588/517/378 589/517/380 116/517/388
f 116/517/388 589/517/380 199/517/353 19/517/352
f 589/517/380 592/517/379 200/517/357 199/517/353
f 1048/517/358 200/517/357 592/517/379 1047/517/383
f 1045/517/382 590/517/376 198/517/389 1044/517/390
f 197/517/385 198/517/389 590/517/376 587/517/375
f 593/517/391 596/517/392 597/517/393 594/517/394
f 594/517/394 597/517/393 598/517/395 595/517/396
f 597/517/393 596/517/392 1143/517/397 1142/517/398
f 598/517/395 597/517/393 1142/517/398 1141/517/399
f 31/517/400 223/517/401 593/517/391 157/517/402
f 157/517/402 593/517/391 594/517/394 156/517/403
f 156/517/403 594/517/394 595/517/396 155/517/404
f 155/517/404 595/517/396 164/517/405 32/517/18
f 595/517/396 598/517/395 163/517/406 164/517/405
f 163/517/406 598/517/395 1141/517/399 1140/517/407
f 596/517/392 224/517/408 1144/517/409 1143/517/397
f 223/517/401 224/517/408 596/517/392 593/517/391
f 599/517/410 602/517/411 603/517/412 600/517/413
f 600/517/413 603/517/412 604/517/414 601/517/415
f 1122/517/416 603/517/412 602/517/411 1123/517/417
f 1121/517/418 604/517/414 603/517/412 1122/517/416
f 4/517/419 169/517/420 599/517/410 76/517/421
f 76/517/421 599/517/410 600/517/413 75/517/422
f 75/517/422 600/517/413 601/517/415 74/517/423
f 74/517/423 601/517/415 171/517/369 5/517/368
f 601/517/415 604/517/414 172/517/373 171/517/369
f 1116/517/374 172/517/373 604/517/414 1121/517/418
f 1123/517/417 602/517/411 170/517/424 1124/517/425
f 169/517/420 170/517/424 602/517/411 599/517/410
f 605/517/426 608/517/427 609/517/428 606/517/429
f 606/517/429 609/517/428 610/517/430 607/517/431
f 1042/517/432 609/517/428 608/517/427 1041/517/433
f 1043/517/434 610/517/430 609/517/428 1042/517/432
f 17/517/435 195/517/436 605/517/426 115/517/437
f 115/517/437 605/517/426 606/517/429 114/517/438
f 114/517/438 606/517/429 607/517/431 113/517/439
f 113/517/439 607/517/431 197/517/385 18/517/384
f 607/517/431 610/517/430 198/517/389 197/517/385
f 1044/517/390 198/517/389 610/517/430 1043/517/434
f 1041/517/433 608/517/427 196/517/440 1040/517/441
f 195/517/436 196/517/440 608/517/427 605/517/426
f 611/517/442 614/517/443 615/517/444 612/517/445
f 612/517/445 615/517/444 616/517/446 613/517/447
f 615/517/444 614/517/443 1147/517/448 1146/517/449
f 616/517/446 615/517/444 1146/517/449 1145/517/450
f 30/517/451 221/517/452 611/517/442 154/517/453
f 154/517/453 611/517/442 612/517/445 153/517/454
f 153/517/454 612/517/445 613/517/447 152/517/455
f 152/517/455 613/517/447 223/517/401 31/517/400
f 613/517/447 616/517/446 224/517/408 223/517/401
f 224/517/408 616/517/446 1145/517/450 1144/517/409
f 614/517/443 222/517/456 1148/517/457 1147/517/448
f 221/517/452 222/517/456 614/517/443 611/517/442
f 617/517/458 620/517/459 621/517/460 618/517/461
f 618/517/461 621/517/460 622/517/462 619/517/463
f 1126/517/464 621/517/460 620/517/459 1127/517/465
f 1125/517/466 622/517/462 621/517/460 1126/517/464
f 3/517/324 167/517/323 617/517/458 73/517/467
f 73/517/467 617/517/458 618/517/461 72/517/468
f 72/517/468 618/517/461 619/517/463 71/517/469
f 71/517/469 619/517/463 169/517/420 4/517/419
f 619/517/463 622/517/462 170/517/424 169/517/420
f 1124/517/425 170/517/424 622/517/462 1125/517/466
f 1127/517/465 620/517/459 168/517/325 1136/517/326
f 167/517/323 168/517/325 620/517/459 617/517/458
f 623/517/470 626/517/471 627/517/472 624/517/473
f 624/517/473 627/517/472 628/517/474 625/517/475
f 1038/517/476 627/517/472 626/517/471 1037/517/477
f 1039/517/478 628/517/474 627/517/472 1038/517/476
f 16/517/479 193/517/480 623/517/470 112/517/481
f 112/517/481 623/517/470 624/517/473 111/517/482
f 111/517/482 624/517/473 625/517/475 110/517/483
f 110/517/483 625/517/475 195/517/436 17/517/435
f 625/517/475 628/517/474 196/517/440 195/517/436
f 1040/517/441 196/517/440 628/517/474 1039/517/478
f 1037/517/477 626/517/471 194/517/484 1036/517/485
f 193/517/480 194/517/484 626/517/471 623/517/470
f 629/517/486 632/517/487 633/517/488 630/517/489
f 630/517/489 633/517/488 634/517/490 631/517/491
f 633/517/488 632/517/487 1151/517/492 1150/517/493
f 634/517/490 633/517/488 1150/517/493 1149/517/494
f 29/517/495 219/517/496 629/517/486 151/517/497
f 151/517/497 629/517/486 630/517/489 150/517/498
f 150/517/498 630/517/489 631/517/491 149/517/499
f 149/517/499 631/517/491 221/517/452 30/517/451
f 631/517/491 634/517/490 222/517/456 221/517/452
f 222/517/456 634/517/490 1149/517/494 1148/517/457
f 632/517/487 220/517/500 1152/517/501 1151/517/492
f 219/517/496 220/517/500 632/517/487 629/517/486
f 635/517/502 638/517/503 639/517/504 636/517/505
f 636/517/505 639/517/504 640/517/506 637/517/507
f 1034/517/508 639/517/504 638/517/503 1033/517/509
f 1035/517/510 640/517/506 639/517/504 1034/517/508
f 15/517/511 191/517/512 635/517/502 109/517/513
f 109/517/513 635/517/502 636/517/505 108/517/514
f 108/517/514 636/517/505 637/517/507 107/517/515
f 107/517/515 637/517/507 193/517/480 16/517/479
f 637/517/507 640/517/506 194/517/484 193/517/480
f 1036/517/485 194/517/484 640/517/506 1035/517/510
f 1033/517/509 638/517/503 192/517/516 1032/517/517
f 191/517/512 192/517/516 638/517/503 635/517/502
f 641/517/518 644/517/519 645/517/520 642/517/521
f 642/517/521 645/517/520 646/517/522 643/517/523
f 1061/517/524 645/517/520 644/517/519 1060/517/525
f 1057/517/526 646/517/522 645/517/520 1061/517/524
f 28/517/78 217/517/77 641/517/518 148/517/527
f 148/517/527 641/517/518 642/517/521 147/517/528
f 147/517/528 642/517/521 643/517/523 146/517/529
f 146/517/529 643/517/523 219/517/496 29/517/495
f 643/517/523 646/517/522 220/517/500 219/517/496
f 220/517/500 646/517/522 1057/517/526 1152/517/501
f 1060/517/525 644/517/519 218/517/79 1069/517/80
f 217/517/77 218/517/79 644/517/519 641/517/518
f 647/517/530 650/517/531 651/517/532 648/517/533
f 648/517/533 651/517/532 652/517/534 649/517/535
f 1030/517/536 651/517/532 650/517/531 1029/517/537
f 1031/517/538 652/517/534 651/517/532 1030/517/536
f 14/517/98 189/517/97 647/517/530 106/517/539
f 106/517/539 647/517/530 648/517/533 105/517/540
f 105/517/540 648/517/533 649/517/535 104/517/541
f 104/517/541 649/517/535 191/517/512 15/517/511
f 649/517/535 652/517/534 192/517/516 191/517/512
f 1032/517/517 192/517/516 652/517/534 1031/517/538
f 1029/517/537 650/517/531 190/517/99 1028/517/100
f 189/517/97 190/517/99 650/517/531 647/517/530
f 653/517/542 656/517/543 657/517/544 654/517/545
f 654/517/545 657/517/544 658/517/546 655/517/547
f 657/517/544 656/517/543 1139/517/548 1138/517/549
f 658/517/546 657/517/544 1138/517/549 1137/517/550
f 32/517/18 164/517/405 653/517/542 160/517/16
f 160/517/16 653/517/542 654/517/545 159/517/15
f 159/517/15 654/517/545 655/517/547 158/517/14
f 158/517/14 655/517/547 162/517/57 1/517/12
f 655/517/547 658/517/546 161/517/61 162/517/57
f 1132/517/62 161/517/61 658/517/546 1137/517/550
f 656/517/543 163/517/406 1140/517/407 1139/517/548
f 164/517/405 163/517/406 656/517/543 653/517/542
f 659/517/551 662/517/552 663/517/553 660/517/554
f 660/517/554 663/517/553 664/517/555 661/517/556
f 662/517/552 665/517/557 666/517/558 663/517/553
f 663/517/553 666/517/558 667/517/559 664/517/555
f 32/517/18 356/517/17 659/517/551 155/517/404
f 155/517/404 659/517/551 660/517/554 156/517/403
f 156/517/403 660/517/554 661/517/556 157/517/402
f 157/517/402 661/517/556 448/517/560 31/517/400
f 661/517/556 664/517/555 447/517/561 448/517/560
f 664/517/555 667/517/559 446/517/562 447/517/561
f 667/517/559 349/517/563 63/517/564 446/517/562
f 666/517/558 348/517/565 349/517/563 667/517/559
f 665/517/557 347/517/566 348/517/565 666/517/558
f 358/517/20 64/517/22 347/517/566 665/517/557
f 357/517/19 358/517/20 665/517/557 662/517/552
f 356/517/17 357/517/19 662/517/552 659/517/551
f 668/517/567 671/517/568 672/517/569 669/517/570
f 669/517/570 672/517/569 673/517/571 670/517/572
f 671/517/568 674/517/573 675/517/574 672/517/569
f 672/517/569 675/517/574 676/517/575 673/517/571
f 31/517/400 448/517/560 668/517/567 152/517/455
f 152/517/455 668/517/567 669/517/570 153/517/454
f 153/517/454 669/517/570 670/517/572 154/517/453
f 154/517/453 670/517/572 445/517/576 30/517/451
f 670/517/572 673/517/571 444/517/577 445/517/576
f 673/517/571 676/517/575 443/517/578 444/517/577
f 676/517/575 345/517/579 62/517/580 443/517/578
f 675/517/574 344/517/581 345/517/579 676/517/575
f 674/517/573 343/517/582 344/517/581 675/517/574
f 446/517/562 63/517/564 343/517/582 674/517/573
f 447/517/561 446/517/562 674/517/573 671/517/568
f 448/517/560 447/517/561 671/517/568 668/517/567
f 677/517/583 680/517/584 681/517/585 678/517/586
f 678/517/586 681/517/585 682/517/587 679/517/588
f 680/517/584 683/517/589 684/517/590 681/517/585
f 681/517/585 684/517/590 685/517/591 682/517/587
f 30/517/451 445/517/576 677/517/583 149/517/499
f 149/517/499 677/517/583 678/517/586 150/517/498
f 150/517/498 678/517/586 679/517/588 151/517/497
f 151/517/497 679/517/588 442/517/592 29/517/495
f 679/517/588 682/517/587 441/517/593 442/517/592
f 682/517/587 685/517/591 440/517/594 441/517/593
f 685/517/591 341/517/595 61/517/596 440/517/594
f 684/517/590 340/517/597 341/517/595 685/517/591
f 683/517/589 339/517/598 340/517/597 684/517/590
f 443/517/578 62/517/580 339/517/598 683/517/589
f 444/517/577 443/517/578 683/517/589 680/517/584
f 445/517/576 444/517/577 680/517/584 677/517/583
f 686/517/599 689/517/600 690/517/601 687/517/602
f 687/517/602 690/517/601 691/517/603 688/517/604
f 689/517/600 692/517/605 693/517/606 690/517/601
f 690/517/601 693/517/606 694/517/607 691/517/603
f 29/517/495 442/517/592 686/517/599 146/517/529
f 146/517/529 686/517/599 687/517/602 147/517/528
f 147/517/528 687/517/602 688/517/604 148/517/527
f 148/517/527 688/517/604 439/517/608 28/517/78
f 688/517/604 691/517/603 438/517/609 439/517/608
f 691/517/603 694/517/607 437/517/610 438/517/609
f 694/517/607 337/517/611 60/517/612 437/517/610
f 693/517/606 336/517/613 337/517/611 694/517/607
f 692/517/605 335/517/614 336/517/613 693/517/606
f 440/517/594 61/517/596 335/517/614 692/517/605
f 441/517/593 440/517/594 692/517/605 689/517/600
f 442/517/592 441/517/593 689/517/600 686/517/599
f 695/517/615 698/517/616 699/517/617 696/517/618
f 696/517/618 699/517/617 700/517/619 697/517/620
f 698/517/616 701/517/621 702/517/622 699/517/617
f 699/517/617 702/517/622 703/517/623 700/517/619
f 28/517/78 439/517/608 695/517/615 143/517/76
f 143/517/76 695/517/615 696/517/618 144/517/75
f 144/517/75 696/517/618 697/517/620 145/517/74
f 145/517/74 697/517/620 436/517/624 27/517/72
f 697/517/620 700/517/619 435/517/625 436/517/624
f 700/517/619 703/517/623 434/517/626 435/517/625
f 703/517/623 333/517/627 59/517/628 434/517/626
f 702/517/622 332/517/629 333/517/627 703/517/623
f 701/517/621 331/517/630 332/517/629 702/517/622
f 437/517/610 60/517/612 331/517/630 701/517/621
f 438/517/609 437/517/610 701/517/621 698/517/616
f 439/517/608 438/517/609 698/517/616 695/517/615
f 704/517/631 707/517/632 708/517/633 705/517/634
f 705/517/634 708/517/633 709/517/635 706/517/636
f 707/517/632 710/517/637 711/517/638 708/517/633
f 708/517/633 711/517/638 712/517/639 709/517/635
f 27/517/72 436/517/624 704/517/631 140/517/116
f 140/517/116 704/517/631 705/517/634 141/517/115
f 141/517/115 705/517/634 706/517/636 142/517/114
f 142/517/114 706/517/636 433/517/640 26/517/112
f 706/517/636 709/517/635 432/517/641 433/517/640
f 709/517/635 712/517/639 431/517/642 432/517/641
f 712/517/639 329/517/643 58/517/644 431/517/642
f 711/517/638 328/517/645 329/517/643 712/517/639
f 710/517/637 327/517/646 328/517/645 711/517/638
f 434/517/626 59/517/628 327/517/646 710/517/637
f 435/517/625 434/517/626 710/517/637 707/517/632
f 436/517/624 435/517/625 707/517/632 704/517/631
f 713/517/647 716/517/648 717/517/649 714/517/650
f 714/517/650 717/517/649 718/517/651 715/517/652
f 716/517/648 719/517/653 720/517/654 717/517/649
f 717/517/649 720/517/654 721/517/655 718/517/651
f 26/517/112 433/517/640 713/517/647 137/517/148
f 137/517/148 713/517/647 714/517/650 138/517/147
f 138/517/147 714/517/650 715/517/652 139/517/146
f 139/517/146 715/517/652 430/517/656 25/517/144
f 715/517/652 718/517/651 429/517/657 430/517/656
f 718/517/651 721/517/655 428/517/658 429/517/657
f 721/517/655 325/517/659 57/517/660 428/517/658
f 720/517/654 324/517/661 325/517/659 721/517/655
f 719/517/653 323/517/662 324/517/661 720/517/654
f 431/517/642 58/517/644 323/517/662 719/517/653
f 432/517/641 431/517/642 719/517/653 716/517/648
f 433/517/640 432/517/641 716/517/648 713/517/647
f 722/517/663 725/517/664 726/517/665 723/517/666
f 723/517/666 726/517/665 727/517/667 724/517/668
f 725/517/664 728/517/669 729/517/670 726/517/665
f 726/517/665 729/517/670 730/517/671 727/517/667
f 25/517/144 430/517/656 722/517/663 134/517/180
f 134/517/180 722/517/663 723/517/666 135/517/179
f 135/517/179 723/517/666 724/517/668 136/517/178
f 136/517/178 724/517/668 427/517/672 24/517/176
f 724/517/668 727/517/667 426/517/673 427/517/672
f 727/517/667 730/517/671 425/517/674 426/517/673
f 730/517/671 321/517/675 56/517/676 425/517/674
f 729/517/670 320/517/677 321/517/675 730/517/671
f 728/517/669 319/517/678 320/517/677 729/517/670
f 428/517/658 57/517/660 319/517/678 728/517/669
f 429/517/657 428/517/658 728/517/669 725/517/664
f 430/517/656 429/517/657 725/517/664 722/517/663
f 731/517/679 734/517/680 735/517/681 732/517/682
f 732/517/682 735/517/681 736/517/683 733/517/684
f 734/517/680 737/517/685 738/517/686 735/517/681
f 735/517/681 738/517/686 739/517/687 736/517/683
f 24/517/176 427/517/672 731/517/679 131/517/212
f 131/517/212 731/517/679 732/517/682 132/517/211
f 132/517/211 732/517/682 733/517/684 133/517/210
f 133/517/210 733/517/684 424/517/688 23/517/208
f 733/517/684 736/517/683 423/517/689 424/517/688
f 736/517/683 739/517/687 422/517/690 423/517/689
f 739/517/687 317/517/691 55/517/692 422/517/690
f 738/517/686 316/517/693 317/517/691 739/517/687
f 737/517/685 315/517/694 316/517/693 738/517/686
f 425/517/674 56/517/676 315/517/694 737/517/685
f 426/517/673 425/517/674 737/517/685 734/517/680
f 427/517/672 426/517/673 734/517/680 731/517/679
f 740/517/695 743/517/696 744/517/697 741/517/698
f 741/517/698 744/517/697 745/517/699 742/517/700
f 743/517/696 746/517/701 747/517/702 744/517/697
f 744/517/697 747/517/702 748/517/703 745/517/699
f 23/517/208 424/517/688 740/517/695 128/517/244
f 128/517/244 740/517/695 741/517/698 129/517/243
f 129/517/243 741/517/698 742/517/700 130/517/242
f 130/517/242 742/517/700 421/517/704 22/517/240
f 742/517/700 745/517/699 420/517/705 421/517/704
f 745/517/699 748/517/703 419/517/706 420/517/705
f 748/517/703 313/517/707 54/517/708 419/517/706
f 747/517/702 312/517/709 313/517/707 748/517/703
f 746/517/701 311/517/710 312/517/709 747/517/702
f 422/517/690 55/517/692 311/517/710 746/517/701
f 423/517/689 422/517/690 746/517/701 743/517/696
f 424/517/688 423/517/689 743/517/696 740/517/695
f 749/517/711 752/517/712 753/517/713 750/517/714
f 750/517/714 753/517/713 754/517/715 751/517/716
f 752/517/712 755/517/717 756/517/718 753/517/713
f 753/517/713 756/517/718 757/517/719 754/517/715
f 22/517/240 421/517/704 749/517/711 125/517/276
f 125/517/276 749/517/711 750/517/714 126/517/275
f 126/517/275 750/517/714 751/517/716 127/517/274
f 127/517/274 751/517/716 418/517/720 21/517/272
f 751/517/716 754/517/715 417/517/721 418/517/720
f 754/517/715 757/517/719 416/517/722 417/517/721
f 757/517/719 309/517/723 53/517/724 416/517/722
f 756/517/718 308/517/725 309/517/723 757/517/719
f 755/517/717 307/517/726 308/517/725 756/517/718
f 419/517/706 54/517/708 307/517/726 755/517/717
f 420/517/705 419/517/706 755/517/717 752/517/712
f 421/517/704 420/517/705 752/517/712 749/517/711
f 758/517/727 761/517/728 762/517/729 759/517/730
f 759/517/730 762/517/729 763/517/731 760/517/732
f 761/517/728 764/517/733 765/517/734 762/517/729
f 762/517/729 765/517/734 766/517/735 763/517/731
f 21/517/272 418/517/720 758/517/727 122/517/308
f 122/517/308 758/517/727 759/517/730 123/517/307
f 123/517/307 759/517/730 760/517/732 124/517/306
f 124/517/306 760/517/732 415/517/736 20/517/304
f 760/517/732 763/517/731 414/517/737 415/517/736
f 763/517/731 766/517/735 413/517/738 414/517/737
f 766/517/735 305/517/739 52/517/740 413/517/738
f 765/517/734 304/517/741 305/517/739 766/517/735
f 764/517/733 303/517/742 304/517/741 765/517/734
f 416/517/722 53/517/724 303/517/742 764/517/733
f 417/517/721 416/517/722 764/517/733 761/517/728
f 418/517/720 417/517/721 761/517/728 758/517/727
f 767/517/743 770/517/744 771/517/745 768/517/746
f 768/517/746 771/517/745 772/517/747 769/517/748
f 770/517/744 773/517/749 774/517/750 771/517/745
f 771/517/745 774/517/750 775/517/751 772/517/747
f 20/517/304 415/517/736 767/517/743 119/517/356
f 119/517/356 767/517/743 768/517/746 120/517/355
f 120/517/355 768/517/746 769/517/748 121/517/354
f 121/517/354 769/517/748 412/517/752 19/517/352
f 769/517/748 772/517/747 411/517/753 412/517/752
f 772/517/747 775/517/751 410/517/754 411/517/753
f 775/517/751 301/517/755 51/517/756 410/517/754
f 774/517/750 300/517/757 301/517/755 775/517/751
f 773/517/749 299/517/758 300/517/757 774/517/750
f 413/517/738 52/517/740 299/517/758 773/517/749
f 414/517/737 413/517/738 773/517/749 770/517/744
f 415/517/736 414/517/737 770/517/744 767/517/743
f 776/517/759 779/517/760 780/517/761 777/517/762
f 777/517/762 780/517/761 781/517/763 778/517/764
f 779/517/760 782/517/765 783/517/766 780/517/761
f 780/517/761 783/517/766 784/517/767 781/517/763
f 19/517/352 412/517/752 776/517/759 116/517/388
f 116/517/388 776/517/759 777/517/762 117/517/387
f 117/517/387 777/517/762 778/517/764 118/517/386
f 118/517/386 778/517/764 409/517/768 18/517/384
f 778/517/764 781/517/763 408/517/769 409/517/768
f 781/517/763 784/517/767 407/517/770 408/517/769
f 784/517/767 297/517/771 50/517/772 407/517/770
f 783/517/766 296/517/773 297/517/771 784/517/767
f 782/517/765 295/517/774 296/517/773 783/517/766
f 410/517/754 51/517/756 295/517/774 782/517/765
f 411/517/753 410/517/754 782/517/765 779/517/760
f 412/517/752 411/517/753 779/517/760 776/517/759
f 785/517/775 788/517/776 789/517/777 786/517/778
f 786/517/778 789/517/777 790/517/779 787/517/780
f 788/517/776 791/517/781 792/517/782 789/517/777
f 789/517/777 792/517/782 793/517/783 790/517/779
f 18/517/384 409/517/768 785/517/775 113/517/439
f 113/517/439 785/517/775 786/517/778 114/517/438
f 114/517/438 786/517/778 787/517/780 115/517/437
f 115/517/437 787/517/780 406/517/784 17/517/435
f 787/517/780 790/517/779 405/517/785 406/517/784
f 790/517/779 793/517/783 404/517/786 405/517/785
f 793/517/783 293/517/787 49/517/788 404/517/786
f 792/517/782 292/517/789 293/517/787 793/517/783
f 791/517/781 291/517/790 292/517/789 792/517/782
f 407/517/770 50/517/772 291/517/790 791/517/781
f 408/517/769 407/517/770 791/517/781 788/517/776
f 409/517/768 408/517/769 788/517/776 785/517/775
f 794/517/791 797/517/792 798/517/793 795/517/794
f 795/517/794 798/517/793 799/517/795 796/517/796
f 797/517/792 800/517/797 801/517/798 798/517/793
f 798/517/793 801/517/798 802/517/799 799/517/795
f 17/517/435 406/517/784 794/517/791 110/517/483
f 110/517/483 794/517/791 795/517/794 111/517/482
f 111/517/482 795/517/794 796/517/796 112/517/481
f 112/517/481 796/517/796 403/517/800 16/517/479
f 796/517/796 799/517/795 402/517/801 403/517/800
f 799/517/795 802/517/799 401/517/802 402/517/801
f 802/517/799 289/517/803 48/517/804 401/517/802
f 801/517/798 288/517/805 289/517/803 802/517/799
f 800/517/797 287/517/806 288/517/805 801/517/798
f 404/517/786 49/517/788 287/517/806 800/517/797
f 405/517/785 404/517/786 800/517/797 797/517/792
f 406/517/784 405/517/785 797/517/792 794/517/791
f 803/517/807 806/517/808 807/517/809 804/517/810
f 804/517/810 807/517/809 808/517/811 805/517/812
f 806/517/808 809/517/813 810/517/814 807/517/809
f 807/517/809 810/517/814 811/517/815 808/517/811
f 16/517/479 403/517/800 803/517/807 107/517/515
f 107/517/515 803/517/807 804/517/810 108/517/514
f 108/517/514 804/517/810 805/517/812 109/517/513
f 109/517/513 805/517/812 400/517/816 15/517/511
f 805/517/812 808/517/811 399/517/817 400/517/816
f 808/517/811 811/517/815 398/517/818 399/517/817
f 811/517/815 285/517/819 47/517/820 398/517/818
f 810/517/814 284/517/821 285/517/819 811/517/815
f 809/517/813 283/517/822 284/517/821 810/517/814
f 401/517/802 48/517/804 283/517/822 809/517/813
f 402/517/801 401/517/802 809/517/813 806/517/808
f 403/517/800 402/517/801 806/517/808 803/517/807
f 812/517/823 815/517/824 816/517/825 813/517/826
f 813/517/826 816/517/825 817/517/827 814/517/828
f 815/517/824 818/517/829 819/517/830 816/517/825
f 816/517/825 819/517/830 820/517/831 817/517/827
f 15/517/511 400/517/816 812/517/823 104/517/541
f 104/517/541 812/517/823 813/517/826 105/517/540
f 105/517/540 813/517/826 814/517/828 106/517/539
f 106/517/539 814/517/828 397/517/832 14/517/98
f 814/517/828 817/517/827 396/517/833 397/517/832
f 817/517/827 820/517/831 395/517/834 396/517/833
f 820/517/831 281/517/835 46/517/836 395/517/834
f 819/517/830 280/517/837 281/517/835 820/517/831
f 818/517/829 279/517/838 280/517/837 819/517/830
f 398/517/818 47/517/820 279/517/838 818/517/829
f 399/517/817 398/517/818 818/517/829 815/517/824
f 400/517/816 399/517/817 815/517/824 812/517/823
f 821/517/839 824/517/840 825/517/841 822/517/842
f 822/517/842 825/517/841 826/517/843 823/517/844
f 824/517/840 827/517/845 828/517/846 825/517/841
f 825/517/841 828/517/846 829/517/847 826/517/843
f 14/517/98 397/517/832 821/517/839 101/517/96
f 101/517/96 821/517/839 822/517/842 102/517/95
f 102/517/95 822/517/842 823/517/844 103/517/94
f 103/517/94 823/517/844 394/517/848 13/517/92
f 823/517/844 826/517/843 393/517/849 394/517/848
f 826/517/843 829/517/847 392/517/850 393/517/849
f 829/517/847 277/517/851 45/517/852 392/517/850
f 828/517/846 276/517/853 277/517/851 829/517/847
f 827/517/845 275/517/854 276/517/853 828/517/846
f 395/517/834 46/517/836 275/517/854 827/517/845
f 396/517/833 395/517/834 827/517/845 824/517/840
f 397/517/832 396/517/833 824/517/840 821/517/839
f 830/517/855 833/517/856 834/517/857 831/517/858
f 831/517/858 834/517/857 835/517/859 832/517/860
f 833/517/856 836/517/861 837/517/862 834/517/857
f 834/517/857 837/517/862 838/517/863 835/517/859
f 13/517/92 394/517/848 830/517/855 98/517/132
f 98/517/132 830/517/855 831/517/858 99/517/131
f 99/517/131 831/517/858 832/517/860 100/517/130
f 100/517/130 832/517/860 391/517/864 12/517/128
f 832/517/860 835/517/859 390/517/865 391/517/864
f 835/517/859 838/517/863 389/517/866 390/517/865
f 838/517/863 273/517/867 44/517/868 389/517/866
f 837/517/862 272/517/869 273/517/867 838/517/863
f 836/517/861 271/517/870 272/517/869 837/517/862
f 392/517/850 45/517/852 271/517/870 836/517/861
f 393/517/849 392/517/850 836/517/861 833/517/856
f 394/517/848 393/517/849 833/517/856 830/517/855
f 839/517/871 842/517/872 843/517/873 840/517/874
f 840/517/874 843/517/873 844/517/875 841/517/876
f 842/517/872 845/517/877 846/517/878 843/517/873
f 843/517/873 846/517/878 847/517/879 844/517/875
f 12/517/128 391/517/864 839/517/871 95/517/164
f 95/517/164 839/517/871 840/517/874 96/517/163
f 96/517/163 840/517/874 841/517/876 97/517/162
f 97/517/162 841/517/876 388/517/880 11/517/160
f 841/517/876 844/517/875 387/517/881 388/517/880
f 844/517/875 847/517/879 386/517/882 387/517/881
f 847/517/879 269/517/883 43/517/884 386/517/882
f 846/517/878 268/517/885 269/517/883 847/517/879
f 845/517/877 267/517/886 268/517/885 846/517/878
f 389/517/866 44/517/868 267/517/886 845/517/877
f 390/517/865 389/517/866 845/517/877 842/517/872
f 391/517/864 390/517/865 842/517/872 839/517/871
f 848/517/887 851/517/888 852/517/889 849/517/890
f 849/517/890 852/517/889 853/517/891 850/517/892
f 851/517/888 854/517/893 855/517/894 852/517/889
f 852/517/889 855/517/894 856/517/895 853/517/891
f 11/517/160 388/517/880 848/517/887 92/517/196
f 92/517/196 848/517/887 849/517/890 93/517/195
f 93/517/195 849/517/890 850/517/892 94/517/194
f 94/517/194 850/517/892 385/517/896 10/517/192
f 850/517/892 853/517/891 384/517/897 385/517/896
f 853/517/891 856/517/895 383/517/898 384/517/897
f 856/517/895 265/517/899 42/517/900 383/517/898
f 855/517/894 264/517/901 265/517/899 856/517/895
f 854/517/893 263/517/902 264/517/901 855/517/894
f 386/517/882 43/517/884 263/517/902 854/517/893
f 387/517/881 386/517/882 854/517/893 851/517/888
f 388/517/880 387/517/881 851/517/888 848/517/887
f 857/517/903 860/517/904 861/517/905 858/517/906
f 858/517/906 861/517/905 862/517/907 859/517/908
f 860/517/904 863/517/909 864/517/910 861/517/905
f 861/517/905 864/517/910 865/517/911 862/517/907
f 10/517/192 385/517/896 857/517/903 89/517/228
f 89/517/228 857/517/903 858/517/906 90/517/227
f 90/517/227 858/517/906 859/517/908 91/517/226
f 91/517/226 859/517/908 382/517/912 9/517/224
f 859/517/908 862/517/907 381/517/913 382/517/912
f 862/517/907 865/517/911 380/517/914 381/517/913
f 865/517/911 261/517/915 41/517/916 380/517/914
f 864/517/910 260/517/917 261/517/915 865/517/911
f 863/517/909 259/517/918 260/517/917 864/517/910
f 383/517/898 42/517/900 259/517/918 863/517/909
f 384/517/897 383/517/898 863/517/909 860/517/904
f 385/517/896 384/517/897 860/517/904 857/517/903
f 866/517/919 869/517/920 870/517/921 867/517/922
f 867/517/922 870/517/921 871/517/923 868/517/924
f 869/517/920 872/517/925 873/517/926 870/517/921
f 870/517/921 873/517/926 874/517/927 871/517/923
f 9/517/224 382/517/912 866/517/919 86/517/260
f 86/517/260 866/517/919 867/517/922 87/517/259
f 87/517/259 867/517/922 868/517/924 88/517/258
f 88/517/258 868/517/924 379/517/928 8/517/256
f 868/517/924 871/517/923 378/517/929 379/517/928
f 871/517/923 874/517/927 377/517/930 378/517/929
f 874/517/927 257/517/931 40/517/932 377/517/930
f 873/517/926 256/517/933 257/517/931 874/517/927
f 872/517/925 255/517/934 256/517/933 873/517/926
f 380/517/914 41/517/916 255/517/934 872/517/925
f 381/517/913 380/517/914 872/517/925 869/517/920
f 382/517/912 381/517/913 869/517/920 866/517/919
f 875/517/935 878/517/936 879/517/937 876/517/938
f 876/517/938 879/517/937 880/517/939 877/517/940
f 878/517/936 881/517/941 882/517/942 879/517/937
f 879/517/937 882/517/942 883/517/943 880/517/939
f 8/517/256 379/517/928 875/517/935 83/517/292
f 83/517/292 875/517/935 876/517/938 84/517/291
f 84/517/291 876/517/938 877/517/940 85/517/290
f 85/517/290 877/517/940 376/517/944 7/517/288
f 877/517/940 880/517/939 375/517/945 376/517/944
f 880/517/939 883/517/943 374/517/946 375/517/945
f 883/517/943 253/517/947 39/517/948 374/517/946
f 882/517/942 252/517/949 253/517/947 883/517/943
f 881/517/941 251/517/950 252/517/949 882/517/942
f 377/517/930 40/517/932 251/517/950 881/517/941
f 378/517/929 377/517/930 881/517/941 878/517/936
f 379/517/928 378/517/929 878/517/936 875/517/935
f 884/517/951 887/517/952 888/517/953 885/517/954
f 885/517/954 888/517/953 889/517/955 886/517/956
f 887/517/952 890/517/957 891/517/958 888/517/953
f 888/517/953 891/517/958 892/517/959 889/517/955
f 7/517/288 376/517/944 884/517/951 80/517/340
f 80/517/340 884/517/951 885/517/954 81/517/339
f 81/517/339 885/517/954 886/517/956 82/517/338
f 82/517/338 886/517/956 373/517/960 6/517/336
f 886/517/956 889/517/955 372/517/961 373/517/960
f 889/517/955 892/517/959 371/517/962 372/517/961
f 892/517/959 249/517/963 38/517/964 371/517/962
f 891/517/958 248/517/965 249/517/963 892/517/959
f 890/517/957 247/517/966 248/517/965 891/517/958
f 374/517/946 39/517/948 247/517/966 890/517/957
f 375/517/945 374/517/946 890/517/957 887/517/952
f 376/517/944 375/517/945 887/517/952 884/517/951
f 893/517/967 896/517/968 897/517/969 894/517/970
f 894/517/970 897/517/969 898/517/971 895/517/972
f 896/517/968 899/517/973 900/517/974 897/517/969
f 897/517/969 900/517/974 901/517/975 898/517/971
f 6/517/336 373/517/960 893/517/967 77/517/372
f 77/517/372 893/517/967 894/517/970 78/517/371
f 78/517/371 894/517/970 895/517/972 79/517/370
f 79/517/370 895/517/972 370/517/976 5/517/368
f 895/517/972 898/517/971 369/517/977 370/517/976
f 898/517/971 901/517/975 368/517/978 369/517/977
f 901/517/975 245/517/979 37/517/980 368/517/978
f 900/517/974 244/517/981 245/517/979 901/517/975
f 899/517/973 243/517/982 244/517/981 900/517/974
f 371/517/962 38/517/964 243/517/982 899/517/973
f 372/517/961 371/517/962 899/517/973 896/517/968
f 373/517/960 372/517/961 896/517/968 893/517/967
f 902/517/983 905/517/984 906/517/985 903/517/986
f 903/517/986 906/517/985 907/517/987 904/517/988
f 905/517/984 908/517/989 909/517/990 906/517/985
f 906/517/985 909/517/990 910/517/991 907/517/987
f 5/517/368 370/517/976 902/517/983 74/517/423
f 74/517/423 902/517/983 903/517/986 75/517/422
f 75/517/422 903/517/986 904/517/988 76/517/421
f 76/517/421 904/517/988 367/517/992 4/517/419
f 904/517/988 907/517/987 366/517/993 367/517/992
f 907/517/987 910/517/991 365/517/994 366/517/993
f 910/517/991 241/517/995 36/517/996 365/517/994
f 909/517/990 240/517/997 241/517/995 910/517/991
f 908/517/989 239/517/998 240/517/997 909/517/990
f 368/517/978 37/517/980 239/517/998 908/517/989
f 369/517/977 368/517/978 908/517/989 905/517/984
f 370/517/976 369/517/977 905/517/984 902/517/983
f 911/517/999 914/517/1000 915/517/1001 912/517/1002
f 912/517/1002 915/517/1001 916/517/1003 913/517/1004
f 914/517/1000 917/517/1005 918/517/1006 915/517/1001
f 915/517/1001 918/517/1006 919/517/1007 916/517/1003
f 4/517/419 367/517/992 911/517/999 71/517/469
f 71/517/469 911/517/999 912/517/1002 72/517/468
f 72/517/468 912/517/1002 913/517/1004 73/517/467
f 73/517/467 913/517/1004 364/517/1008 3/517/324
f 913/517/1004 916/517/1003 363/517/1009 364/517/1008
f 916/517/1003 919/517/1007 362/517/1010 363/517/1009
f 919/517/1007 237/517/1011 35/517/1012 362/517/1010
f 918/517/1006 236/517/1013 237/517/1011 919/517/1007
f 917/517/1005 235/517/1014 236/517/1013 918/517/1006
f 365/517/994 36/517/996 235/517/1014 917/517/1005
f 366/517/993 365/517/994 917/517/1005 914/517/1000
f 367/517/992 366/517/993 914/517/1000 911/517/999
f 920/517/1015 923/517/1016 924/517/1017 921/517/1018
f 921/517/1018 924/517/1017 925/517/1019 922/517/1020
f 923/517/1016 926/517/1021 927/517/1022 924/517/1017
f 924/517/1017 927/517/1022 928/517/1023 925/517/1019
f 3/517/324 364/517/1008 920/517/1015 68/517/322
f 68/517/322 920/517/1015 921/517/1018 69/517/321
f 69/517/321 921/517/1018 922/517/1020 70/517/320
f 70/517/320 922/517/1020 361/517/38 2/517/37
f 922/517/1020 925/517/1019 360/517/47 361/517/38
f 925/517/1019 928/517/1023 359/517/45 360/517/47
f 928/517/1023 233/517/1024 34/517/46 359/517/45
f 927/517/1022 232/517/1025 233/517/1024 928/517/1023
f 926/517/1021 231/517/1026 232/517/1025 927/517/1022
f 362/517/1010 35/517/1012 231/517/1026 926/517/1021
f 363/517/1009 362/517/1010 926/517/1021 923/517/1016
f 364/517/1008 363/517/1009 923/517/1016 920/517/1015
f 929/517/1027 930/517/1028 1231/517/1029 1230/517/1030
f 930/517/1028 931/517/1031 1229/517/1032 1231/517/1029
f 931/517/1031 226/517/1033 1232/517/1034 1229/517/1032
f 931/517/1031 227/517/44 34/517/46 226/517/1033
f 930/517/1028 228/517/43 227/517/44 931/517/1031
f 929/517/1027 229/517/42 228/517/43 930/517/1028
f 225/517/1035 33/517/26 229/517/42 929/517/1027
f 225/517/1035 929/517/1027 1230/517/1030 1233/517/1036
f 932/517/1037 933/517/1038 1228/517/1039 1227/517/1040
f 933/517/1038 934/517/1041 1226/517/1042 1228/517/1039
f 934/517/1041 230/517/1043 1225/517/1044 1226/517/1042
f 934/517/1041 231/517/1026 35/517/1012 230/517/1043
f 933/517/1038 232/517/1025 231/517/1026 934/517/1041
f 932/517/1037 233/517/1024 232/517/1025 933/517/1038
f 226/517/1033 34/517/46 233/517/1024 932/517/1037
f 226/517/1033 932/517/1037 1227/517/1040 1232/517/1034
f 935/517/1045 936/517/1046 1224/517/1047 1223/517/1048
f 936/517/1046 937/517/1049 1222/517/1050 1224/517/1047
f 937/517/1049 234/517/1051 1221/517/1052 1222/517/1050
f 937/517/1049 235/517/1014 36/517/996 234/517/1051
f 936/517/1046 236/517/1013 235/517/1014 937/517/1049
f 935/517/1045 237/517/1011 236/517/1013 936/517/1046
f 230/517/1043 35/517/1012 237/517/1011 935/517/1045
f 230/517/1043 935/517/1045 1223/517/1048 1225/517/1044
f 938/517/1053 939/517/1054 1219/517/1055 1220/517/1056
f 939/517/1054 940/517/1057 1218/517/1058 1219/517/1055
f 940/517/1057 238/517/1059 1184/517/1060 1218/517/1058
f 940/517/1057 239/517/998 37/517/980 238/517/1059
f 939/517/1054 240/517/997 239/517/998 940/517/1057
f 938/517/1053 241/517/995 240/517/997 939/517/1054
f 234/517/1051 36/517/996 241/517/995 938/517/1053
f 234/517/1051 938/517/1053 1220/517/1056 1221/517/1052
f 941/517/1061 942/517/1062 1179/517/1063 1182/517/1064
f 942/517/1062 943/517/1065 1180/517/1066 1179/517/1063
f 943/517/1065 242/517/1067 1185/517/1068 1180/517/1066
f 943/517/1065 243/517/982 38/517/964 242/517/1067
f 942/517/1062 244/517/981 243/517/982 943/517/1065
f 941/517/1061 245/517/979 244/517/981 942/517/1062
f 238/517/1059 37/517/980 245/517/979 941/517/1061
f 238/517/1059 941/517/1061 1182/517/1064 1184/517/1060
f 1175/517/1069 944/517/1070 945/517/1071 1176/517/1072
f 1176/517/1072 945/517/1071 946/517/1073 1172/517/1074
f 1172/517/1074 946/517/1073 246/517/1075 1168/517/1076
f 946/517/1073 247/517/966 39/517/948 246/517/1075
f 945/517/1071 248/517/965 247/517/966 946/517/1073
f 944/517/1070 249/517/963 248/517/965 945/517/1071
f 242/517/1067 38/517/964 249/517/963 944/517/1070
f 242/517/1067 944/517/1070 1175/517/1069 1185/517/1068
f 1164/517/1077 947/517/1078 948/517/1079 1166/517/1080
f 1166/517/1080 948/517/1079 949/517/1081 1162/517/1082
f 1162/517/1082 949/517/1081 250/517/1083 1160/517/1084
f 949/517/1081 251/517/950 40/517/932 250/517/1083
f 948/517/1079 252/517/949 251/517/950 949/517/1081
f 947/517/1078 253/517/947 252/517/949 948/517/1079
f 246/517/1075 39/517/948 253/517/947 947/517/1078
f 1168/517/1076 246/517/1075 947/517/1078 1164/517/1077
f 1156/517/1085 950/517/1086 951/517/1087 1157/517/1088
f 1157/517/1088 951/517/1087 952/517/1089 1154/517/1090
f 1154/517/1090 952/517/1089 254/517/1091 1153/517/1092
f 952/517/1089 255/517/934 41/517/916 254/517/1091
f 951/517/1087 256/517/933 255/517/934 952/517/1089
f 950/517/1086 257/517/931 256/517/933 951/517/1087
f 250/517/1083 40/517/932 257/517/931 950/517/1086
f 1160/517/1084 250/517/1083 950/517/1086 1156/517/1085
f 953/517/1093 954/517/1094 1158/517/1095 1155/517/1096
f 954/517/1094 955/517/1097 1159/517/1098 1158/517/1095
f 955/517/1097 258/517/1099 1161/517/1100 1159/517/1098
f 955/517/1097 259/517/918 42/517/900 258/517/1099
f 954/517/1094 260/517/917 259/517/918 955/517/1097
f 953/517/1093 261/517/915 260/517/917 954/517/1094
f 254/517/1091 41/517/916 261/517/915 953/517/1093
f 1153/517/1092 254/517/1091 953/517/1093 1155/517/1096
f 956/517/1101 957/517/1102 1167/517/1103 1163/517/1104
f 957/517/1102 958/517/1105 1165/517/1106 1167/517/1103
f 958/517/1105 262/517/1107 1169/517/1108 1165/517/1106
f 958/517/1105 263/517/902 43/517/884 262/517/1107
f 957/517/1102 264/517/901 263/517/902 958/517/1105
f 956/517/1101 265/517/899 264/517/901 957/517/1102
f 258/517/1099 42/517/900 265/517/899 956/517/1101
f 258/517/1099 956/517/1101 1163/517/1104 1161/517/1100
f 959/517/1109 960/517/1110 1171/517/1111 1170/517/1112
f 960/517/1110 961/517/1113 1173/517/1114 1171/517/1111
f 961/517/1113 266/517/1115 1174/517/1116 1173/517/1114
f 961/517/1113 267/517/886 44/517/868 266/517/1115
f 960/517/1110 268/517/885 267/517/886 961/517/1113
f 959/517/1109 269/517/883 268/517/885 960/517/1110
f 262/517/1107 43/517/884 269/517/883 959/517/1109
f 262/517/1107 959/517/1109 1170/517/1112 1169/517/1108
f 962/517/1117 963/517/1118 1178/517/1119 1177/517/1120
f 963/517/1118 964/517/1121 1181/517/1122 1178/517/1119
f 964/517/1121 270/517/1123 1183/517/1124 1181/517/1122
f 964/517/1121 271/517/870 45/517/852 270/517/1123
f 963/517/1118 272/517/869 271/517/870 964/517/1121
f 962/517/1117 273/517/867 272/517/869 963/517/1118
f 266/517/1115 44/517/868 273/517/867 962/517/1117
f 266/517/1115 962/517/1117 1177/517/1120 1174/517/1116
f 965/517/1125 966/517/1126 1187/517/1127 1186/517/1128
f 966/517/1126 967/517/1129 1188/517/1130 1187/517/1127
f 967/517/1129 274/517/1131 1189/517/1132 1188/517/1130
f 967/517/1129 275/517/854 46/517/836 274/517/1131
f 966/517/1126 276/517/853 275/517/854 967/517/1129
f 965/517/1125 277/517/851 276/517/853 966/517/1126
f 270/517/1123 45/517/852 277/517/851 965/517/1125
f 270/517/1123 965/517/1125 1186/517/1128 1183/517/1124
f 1190/517/1133 968/517/1134 969/517/1135 1191/517/1136
f 1191/517/1136 969/517/1135 970/517/1137 1192/517/1138
f 1192/517/1138 970/517/1137 278/517/1139 1193/517/1140
f 970/517/1137 279/517/838 47/517/820 278/517/1139
f 969/517/1135 280/517/837 279/517/838 970/517/1137
f 968/517/1134 281/517/835 280/517/837 969/517/1135
f 274/517/1131 46/517/836 281/517/835 968/517/1134
f 274/517/1131 968/517/1134 1190/517/1133 1189/517/1132
f 1194/517/1141 971/517/1142 972/517/1143 1195/517/1144
f 1195/517/1144 972/517/1143 973/517/1145 1197/517/1146
f 1197/517/1146 973/517/1145 282/517/1147 1196/517/1148
f 973/517/1145 283/517/822 48/517/804 282/517/1147
f 972/517/1143 284/517/821 283/517/822 973/517/1145
f 971/517/1142 285/517/819 284/517/821 972/517/1143
f 278/517/1139 47/517/820 285/517/819 971/517/1142
f 1193/517/1140 278/517/1139 971/517/1142 1194/517/1141
f 1198/517/1149 974/517/1150 975/517/1151 1199/517/1152
f 1199/517/1152 975/517/1151 976/517/1153 1200/517/1154
f 1200/517/1154 976/517/1153 286/517/1155 1201/517/1156
f 976/517/1153 287/517/806 49/517/788 286/517/1155
f 975/517/1151 288/517/805 287/517/806 976/517/1153
f 974/517/1150 289/517/803 288/517/805 975/517/1151
f 282/517/1147 48/517/804 289/517/803 974/517/1150
f 1196/517/1148 282/517/1147 974/517/1150 1198/517/1149
f 977/517/1157 978/517/1158 1203/517/1159 1202/517/1160
f 978/517/1158 979/517/1161 1204/517/1162 1203/517/1159
f 979/517/1161 290/517/1163 1205/517/1164 1204/517/1162
f 979/517/1161 291/517/790 50/517/772 290/517/1163
f 978/517/1158 292/517/789 291/517/790 979/517/1161
f 977/517/1157 293/517/787 292/517/789 978/517/1158
f 286/517/1155 49/517/788 293/517/787 977/517/1157
f 1201/517/1156 286/517/1155 977/517/1157 1202/517/1160
f 980/517/1165 981/517/1166 1207/517/1167 1206/517/1168
f 981/517/1166 982/517/1169 1208/517/1170 1207/517/1167
f 982/517/1169 294/517/1171 1209/517/1172 1208/517/1170
f 982/517/1169 295/517/774 51/517/756 294/517/1171
f 981/517/1166 296/517/773 295/517/774 982/517/1169
f 980/517/1165 297/517/771 296/517/773 981/517/1166
f 290/517/1163 50/517/772 297/517/771 980/517/1165
f 290/517/1163 980/517/1165 1206/517/1168 1205/517/1164
f 983/517/1173 984/517/1174 1211/517/1175 1210/517/1176
f 984/517/1174 985/517/1177 1212/517/1178 1211/517/1175
f 1212/517/1178 985/517/1177 298/517/1179 1213/517/1180
f 985/517/1177 299/517/758 52/517/740 298/517/1179
f 984/517/1174 300/517/757 299/517/758 985/517/1177
f 983/517/1173 301/517/755 300/517/757 984/517/1174
f 294/517/1171 51/517/756 301/517/755 983/517/1173
f 294/517/1171 983/517/1173 1210/517/1176 1209/517/1172
f 1214/517/1181 986/517/1182 987/517/1183 1215/517/1184
f 1215/517/1184 987/517/1183 988/517/1185 1216/517/1186
f 1216/517/1186 988/517/1185 302/517/1187 1217/517/1188
f 988/517/1185 303/517/742 53/517/724 302/517/1187
f 987/517/1183 304/517/741 303/517/742 988/517/1185
f 986/517/1182 305/517/739 304/517/741 987/517/1183
f 298/517/1179 52/517/740 305/517/739 986/517/1182
f 1213/517/1180 298/517/1179 986/517/1182 1214/517/1181
f 1251/517/1189 989/517/1190 990/517/1191 1255/517/1192
f 1255/517/1192 990/517/1191 991/517/1193 1254/517/1194
f 1254/517/1194 991/517/1193 306/517/1195 1263/517/1196
f 991/517/1193 307/517/726 54/517/708 306/517/1195
f 990/517/1191 308/517/725 307/517/726 991/517/1193
f 989/517/1190 309/517/723 308/517/725 990/517/1191
f 302/517/1187 53/517/724 309/517/723 989/517/1190
f 302/517/1187 989/517/1190 1251/517/1189 1217/517/1188
f 992/517/1197 993/517/1198 1262/517/1199 1258/517/1200
f 993/517/1198 994/517/1201 1261/517/1202 1262/517/1199
f 994/517/1201 310/517/1203 1280/517/1204 1261/517/1202
f 994/517/1201 311/517/710 55/517/692 310/517/1203
f 993/517/1198 312/517/709 311/517/710 994/517/1201
f 992/517/1197 313/517/707 312/517/709 993/517/1198
f 306/517/1195 54/517/708 313/517/707 992/517/1197
f 1263/517/1196 306/517/1195 992/517/1197 1258/517/1200
f 995/517/1205 996/517/1206 1269/517/1207 1265/517/1208
f 996/517/1206 997/517/1209 1267/517/1210 1269/517/1207
f 997/517/1209 314/517/1211 1278/517/1212 1267/517/1210
f 997/517/1209 315/517/694 56/517/676 314/517/1211
f 996/517/1206 316/517/693 315/517/694 997/517/1209
f 995/517/1205 317/517/691 316/517/693 996/517/1206
f 310/517/1203 55/517/692 317/517/691 995/517/1205
f 310/517/1203 995/517/1205 1265/517/1208 1280/517/1204
f 998/517/1213 999/517/1214 1275/517/1215 1276/517/1216
f 999/517/1214 1000/517/1217 1272/517/1218 1275/517/1215
f 1000/517/1217 318/517/1219 1270/517/1220 1272/517/1218
f 1000/517/1217 319/517/678 57/517/660 318/517/1219
f 999/517/1214 320/517/677 319/517/678 1000/517/1217
f 998/517/1213 321/517/675 320/517/677 999/517/1214
f 314/517/1211 56/517/676 321/517/675 998/517/1213
f 314/517/1211 998/517/1213 1276/517/1216 1278/517/1212
f 1001/517/1221 1002/517/1222 1274/517/1223 1271/517/1224
f 1002/517/1222 1003/517/1225 1273/517/1226 1274/517/1223
f 1003/517/1225 322/517/1227 1277/517/1228 1273/517/1226
f 1003/517/1225 323/517/662 58/517/644 322/517/1227
f 1002/517/1222 324/517/661 323/517/662 1003/517/1225
f 1001/517/1221 325/517/659 324/517/661 1002/517/1222
f 318/517/1219 57/517/660 325/517/659 1001/517/1221
f 318/517/1219 1001/517/1221 1271/517/1224 1270/517/1220
f 1004/517/1229 1005/517/1230 1268/517/1231 1266/517/1232
f 1005/517/1230 1006/517/1233 1264/517/1234 1268/517/1231
f 1006/517/1233 326/517/1235 1279/517/1236 1264/517/1234
f 1006/517/1233 327/517/646 59/517/628 326/517/1235
f 1005/517/1230 328/517/645 327/517/646 1006/517/1233
f 1004/517/1229 329/517/643 328/517/645 1005/517/1230
f 322/517/1227 58/517/644 329/517/643 1004/517/1229
f 322/517/1227 1004/517/1229 1266/517/1232 1277/517/1228
f 1007/517/1237 1008/517/1238 1259/517/1239 1260/517/1240
f 1008/517/1238 1009/517/1241 1257/517/1242 1259/517/1239
f 1009/517/1241 330/517/1243 1256/517/1244 1257/517/1242
f 1009/517/1241 331/517/630 60/517/612 330/517/1243
f 1008/517/1238 332/517/629 331/517/630 1009/517/1241
f 1007/517/1237 333/517/627 332/517/629 1008/517/1238
f 326/517/1235 59/517/628 333/517/627 1007/517/1237
f 326/517/1235 1007/517/1237 1260/517/1240 1279/517/1236
f 1010/517/1245 1011/517/1246 1252/517/1247 1253/517/1248
f 1011/517/1246 1012/517/1249 1250/517/1250 1252/517/1247
f 1012/517/1249 334/517/1251 1249/517/1252 1250/517/1250
f 1012/517/1249 335/517/614 61/517/596 334/517/1251
f 1011/517/1246 336/517/613 335/517/614 1012/517/1249
f 1010/517/1245 337/517/611 336/517/613 1011/517/1246
f 330/517/1243 60/517/612 337/517/611 1010/517/1245
f 330/517/1243 1010/517/1245 1253/517/1248 1256/517/1244
f 1013/517/1253 1014/517/1254 1247/517/1255 1248/517/1256
f 1014/517/1254 1015/517/1257 1246/517/1258 1247/517/1255
f 1015/517/1257 338/517/1259 1245/517/1260 1246/517/1258
f 1015/517/1257 339/517/598 62/517/580 338/517/1259
f 1014/517/1254 340/517/597 339/517/598 1015/517/1257
f 1013/517/1253 341/517/595 340/517/597 1014/517/1254
f 334/517/1251 61/517/596 341/517/595 1013/517/1253
f 334/517/1251 1013/517/1253 1248/517/1256 1249/517/1252
f 1016/517/1261 1017/517/1262 1243/517/1263 1244/517/1264
f 1017/517/1262 1018/517/1265 1242/517/1266 1243/517/1263
f 1018/517/1265 342/517/1267 1241/517/1268 1242/517/1266
f 1018/517/1265 343/517/582 63/517/564 342/517/1267
f 1017/517/1262 344/517/581 343/517/582 1018/517/1265
f 1016/517/1261 345/517/579 344/517/581 1017/517/1262
f 338/517/1259 62/517/580 345/517/579 1016/517/1261
f 338/517/1259 1016/517/1261 1244/517/1264 1245/517/1260
f 1019/517/1269 1020/517/1270 1239/517/1271 1240/517/1272
f 1020/517/1270 1021/517/1273 1238/517/1274 1239/517/1271
f 1021/517/1273 346/517/1275 1237/517/1276 1238/517/1274
f 1021/517/1273 347/517/566 64/517/22 346/517/1275
f 1020/517/1270 348/517/565 347/517/566 1021/517/1273
f 1019/517/1269 349/517/563 348/517/565 1020/517/1270
f 342/517/1267 63/517/564 349/517/563 1019/517/1269
f 342/517/1267 1019/517/1269 1240/517/1272 1241/517/1268
f 1022/517/1277 1023/517/1278 1235/517/1279 1236/517/1280
f 1023/517/1278 1024/517/1281 1234/517/1282 1235/517/1279
f 1024/517/1281 225/517/1035 1233/517/1036 1234/517/1282
f 1024/517/1281 350/517/24 33/517/26 225/517/1035
f 1023/517/1278 351/517/23 350/517/24 1024/517/1281
f 1022/517/1277 352/517/21 351/517/23 1023/517/1278
f 346/517/1275 64/517/22 352/517/21 1022/517/1277
f 346/517/1275 1022/517/1277 1236/517/1280 1237/517/1276
f 1761/517/1283 1762/517/1284 1765/517/1285 1764/517/1286
f 1762/517/1284 1763/517/1287 1766/517/1288 1765/517/1285
f 1764/517/1286 1765/517/1285 1768/517/1289 1767/517/1290
f 1765/517/1285 1766/517/1288 1769/517/1291 1768/517/1289
f 1281/517/1292 1438/517/1293 1761/517/1283 1667/517/1294
f 1438/517/1293 1439/517/1295 1762/517/1284 1761/517/1283
f 1439/517/1295 1440/517/1296 1763/517/1287 1762/517/1284
f 1440/517/1296 1312/517/1297 1668/517/1298 1763/517/1287
f 1763/517/1287 1668/517/1298 1669/517/1299 1766/517/1288
f 1766/517/1288 1669/517/1299 1670/517/1300 1769/517/1291
f 1769/517/1291 1670/517/1300 1344/517/1301 1664/517/1302
f 1768/517/1289 1769/517/1291 1664/517/1302 1663/517/1303
f 1767/517/1290 1768/517/1289 1663/517/1303 1662/517/1304
f 1665/517/1305 1767/517/1290 1662/517/1304 1313/517/1306
f 1666/517/1307 1764/517/1286 1767/517/1290 1665/517/1305
f 1667/517/1294 1761/517/1283 1764/517/1286 1666/517/1307
f 1770/517/1308 1771/517/1309 1774/517/1310 1773/517/1311
f 1771/517/1309 1772/517/1312 1775/517/1313 1774/517/1310
f 1773/517/1311 1774/517/1310 1777/517/1314 1776/517/1315
f 1774/517/1310 1775/517/1313 1778/517/1316 1777/517/1314
f 1282/517/1317 1345/517/1318 1770/517/1308 1673/517/1319
f 1345/517/1318 1346/517/1320 1771/517/1309 1770/517/1308
f 1346/517/1320 1347/517/1321 1772/517/1312 1771/517/1309
f 1347/517/1321 1281/517/1292 1667/517/1294 1772/517/1312
f 1772/517/1312 1667/517/1294 1666/517/1307 1775/517/1313
f 1775/517/1313 1666/517/1307 1665/517/1305 1778/517/1316
f 1778/517/1316 1665/517/1305 1313/517/1306 1511/517/1322
f 1777/517/1314 1778/517/1316 1511/517/1322 1510/517/1323
f 1776/517/1315 1777/517/1314 1510/517/1323 1509/517/1324
f 1671/517/1325 1776/517/1315 1509/517/1324 1314/517/1326
f 1672/517/1327 1773/517/1311 1776/517/1315 1671/517/1325
f 1673/517/1319 1770/517/1308 1773/517/1311 1672/517/1327
f 1779/517/1328 1780/517/1329 1783/517/1330 1782/517/1331
f 1780/517/1329 1781/517/1332 1784/517/1333 1783/517/1330
f 2495/517/1334 1782/517/1331 1783/517/1330 2494/517/1335
f 2494/517/1335 1783/517/1330 1784/517/1333 2492/517/1336
f 1281/517/1292 1347/517/1321 1779/517/1328 1442/517/1337
f 1347/517/1321 1346/517/1320 1780/517/1329 1779/517/1328
f 1346/517/1320 1345/517/1318 1781/517/1332 1780/517/1329
f 1345/517/1318 1282/517/1317 1445/517/1338 1781/517/1332
f 1781/517/1332 1445/517/1338 1446/517/1339 1784/517/1333
f 2492/517/1336 1784/517/1333 1446/517/1339 2489/517/1340
f 2498/517/1341 1441/517/1342 1782/517/1331 2495/517/1334
f 1442/517/1337 1779/517/1328 1782/517/1331 1441/517/1342
f 1789/517/1343 1788/517/1344 1785/517/1345 1786/517/1346
f 1790/517/1347 1789/517/1343 1786/517/1346 1787/517/1348
f 2540/517/1349 1788/517/1344 1789/517/1343 2539/517/1350
f 2539/517/1350 1789/517/1343 1790/517/1347 2538/517/1351
f 1307/517/1352 1425/517/1353 1785/517/1345 1495/517/1354
f 1786/517/1346 1785/517/1345 1425/517/1353 1424/517/1355
f 1787/517/1348 1786/517/1346 1424/517/1355 1423/517/1356
f 1497/517/1357 1787/517/1348 1423/517/1356 1308/517/1358
f 1497/517/1357 1498/517/1359 1790/517/1347 1787/517/1348
f 2538/517/1351 1790/517/1347 1498/517/1359 2537/517/1360
f 2543/517/1361 1496/517/1362 1788/517/1344 2540/517/1349
f 1495/517/1354 1785/517/1345 1788/517/1344 1496/517/1362
f 1791/517/1363 1792/517/1364 1795/517/1365 1794/517/1366
f 1792/517/1364 1793/517/1367 1796/517/1368 1795/517/1365
f 2469/517/1369 1794/517/1366 1795/517/1365 2472/517/1370
f 2472/517/1370 1795/517/1365 1796/517/1368 2473/517/1371
f 1293/517/1372 1383/517/1373 1791/517/1363 1467/517/1374
f 1383/517/1373 1382/517/1375 1792/517/1364 1791/517/1363
f 1382/517/1375 1381/517/1376 1793/517/1367 1792/517/1364
f 1381/517/1376 1294/517/1377 1469/517/1378 1793/517/1367
f 1793/517/1367 1469/517/1378 1470/517/1379 1796/517/1368
f 2473/517/1371 1796/517/1368 1470/517/1379 2478/517/1380
f 1468/517/1381 1794/517/1366 2469/517/1369 2435/517/1382 2436/517/1383
f 1467/517/1374 1791/517/1363 1794/517/1366 1468/517/1381
f 1797/517/1384 1798/517/1385 1801/517/1386 1800/517/1387
f 1798/517/1385 1799/517/1388 1802/517/1389 1801/517/1386
f 2550/517/1390 1800/517/1387 1801/517/1386 2549/517/1391
f 2549/517/1391 1801/517/1386 1802/517/1389 2546/517/1392
f 1306/517/1393 1422/517/1394 1797/517/1384 1493/517/1395
f 1422/517/1394 1421/517/1396 1798/517/1385 1797/517/1384
f 1421/517/1396 1420/517/1397 1799/517/1388 1798/517/1385
f 1420/517/1397 1307/517/1352 1495/517/1354 1799/517/1388
f 1799/517/1388 1495/517/1354 1496/517/1362 1802/517/1389
f 2546/517/1392 1802/517/1389 1496/517/1362 2543/517/1361
f 2553/517/1398 1494/517/1399 1800/517/1387 2550/517/1390
f 1493/517/1395 1797/517/1384 1800/517/1387 1494/517/1399
f 1803/517/1400 1804/517/1401 1807/517/1402 1806/517/1403
f 1804/517/1401 1805/517/1404 1808/517/1405 1807/517/1402
f 1806/517/1403 1807/517/1402 2440/517/1406 2441/517/1407
f 1807/517/1402 1808/517/1405 2437/517/1408 2440/517/1406
f 1292/517/1409 1380/517/1410 1803/517/1400 1465/517/1411
f 1380/517/1410 1379/517/1412 1804/517/1401 1803/517/1400
f 1379/517/1412 1378/517/1413 1805/517/1404 1804/517/1401
f 1378/517/1413 1293/517/1372 1467/517/1374 1805/517/1404
f 1467/517/1374 1468/517/1381 1808/517/1405 1805/517/1404
f 1808/517/1405 1468/517/1381 2436/517/1383 2437/517/1408
f 1466/517/1414 1806/517/1403 2441/517/1407 2447/517/1415
f 1465/517/1411 1803/517/1400 1806/517/1403 1466/517/1414
f 1809/517/1416 1810/517/1417 1813/517/1418 1812/517/1419
f 1810/517/1417 1811/517/1420 1814/517/1421 1813/517/1418
f 2560/517/1422 1812/517/1419 1813/517/1418 2557/517/1423
f 2557/517/1423 1813/517/1418 1814/517/1421 2556/517/1424
f 1305/517/1425 1419/517/1426 1809/517/1416 1491/517/1427
f 1419/517/1426 1418/517/1428 1810/517/1417 1809/517/1416
f 1418/517/1428 1417/517/1429 1811/517/1420 1810/517/1417
f 1417/517/1429 1306/517/1393 1493/517/1395 1811/517/1420
f 1811/517/1420 1493/517/1395 1494/517/1399 1814/517/1421
f 2556/517/1424 1814/517/1421 1494/517/1399 2553/517/1398
f 2562/517/1430 1492/517/1431 1812/517/1419 2560/517/1422
f 1491/517/1427 1809/517/1416 1812/517/1419 1492/517/1431
f 1815/517/1432 1816/517/1433 1819/517/1434 1818/517/1435
f 1816/517/1433 1817/517/1436 1820/517/1437 1819/517/1434
f 1818/517/1435 1819/517/1434 2450/517/1438 2451/517/1439
f 1819/517/1434 1820/517/1437 2448/517/1440 2450/517/1438
f 1291/517/1441 1377/517/1442 1815/517/1432 1463/517/1443
f 1377/517/1442 1376/517/1444 1816/517/1433 1815/517/1432
f 1376/517/1444 1375/517/1445 1817/517/1436 1816/517/1433
f 1375/517/1445 1292/517/1409 1465/517/1411 1817/517/1436
f 1465/517/1411 1466/517/1414 1820/517/1437 1817/517/1436
f 1820/517/1437 1466/517/1414 2447/517/1415 2448/517/1440
f 1464/517/1446 1818/517/1435 2451/517/1439 2453/517/1447
f 1463/517/1443 1815/517/1432 1818/517/1435 1464/517/1446
f 1821/517/1448 1822/517/1449 1825/517/1450 1824/517/1451
f 1822/517/1449 1823/517/1452 1826/517/1453 1825/517/1450
f 2558/517/1454 1824/517/1451 1825/517/1450 2559/517/1455
f 2559/517/1455 1825/517/1450 1826/517/1453 2561/517/1456
f 1304/517/1457 1416/517/1458 1821/517/1448 1489/517/1459
f 1416/517/1458 1415/517/1460 1822/517/1449 1821/517/1448
f 1415/517/1460 1414/517/1461 1823/517/1452 1822/517/1449
f 1414/517/1461 1305/517/1425 1491/517/1427 1823/517/1452
f 1823/517/1452 1491/517/1427 1492/517/1431 1826/517/1453
f 2561/517/1456 1826/517/1453 1492/517/1431 2562/517/1430
f 2555/517/1462 1490/517/1463 1824/517/1451 2558/517/1454
f 1489/517/1459 1821/517/1448 1824/517/1451 1490/517/1463
f 1827/517/1464 1828/517/1465 1831/517/1466 1830/517/1467
f 1828/517/1465 1829/517/1468 1832/517/1469 1831/517/1466
f 1830/517/1467 1831/517/1466 2457/517/1470 2458/517/1471
f 1831/517/1466 1832/517/1469 2454/517/1472 2457/517/1470
f 1290/517/1473 1374/517/1474 1827/517/1464 1461/517/1475
f 1374/517/1474 1373/517/1476 1828/517/1465 1827/517/1464
f 1373/517/1476 1372/517/1477 1829/517/1468 1828/517/1465
f 1372/517/1477 1291/517/1441 1463/517/1443 1829/517/1468
f 1829/517/1468 1463/517/1443 1464/517/1446 1832/517/1469
f 1832/517/1469 1464/517/1446 2453/517/1447 2454/517/1472
f 1462/517/1478 1830/517/1467 2458/517/1471 2460/517/1479
f 1461/517/1475 1827/517/1464 1830/517/1467 1462/517/1478
f 1833/517/1480 1834/517/1481 1837/517/1482 1836/517/1483
f 1834/517/1481 1835/517/1484 1838/517/1485 1837/517/1482
f 2551/517/1486 1836/517/1483 1837/517/1482 2552/517/1487
f 2552/517/1487 1837/517/1482 1838/517/1485 2554/517/1488
f 1303/517/1489 1413/517/1490 1833/517/1480 1487/517/1491
f 1413/517/1490 1412/517/1492 1834/517/1481 1833/517/1480
f 1412/517/1492 1411/517/1493 1835/517/1484 1834/517/1481
f 1411/517/1493 1304/517/1457 1489/517/1459 1835/517/1484
f 1835/517/1484 1489/517/1459 1490/517/1463 1838/517/1485
f 2554/517/1488 1838/517/1485 1490/517/1463 2555/517/1462
f 2548/517/1494 1488/517/1495 1836/517/1483 2551/517/1486
f 1487/517/1491 1833/517/1480 1836/517/1483 1488/517/1495
f 1839/517/1496 1840/517/1497 1843/517/1498 1842/517/1499
f 1840/517/1497 1841/517/1500 1844/517/1501 1843/517/1498
f 1842/517/1499 1843/517/1498 2464/517/1502 2465/517/1503
f 1843/517/1498 1844/517/1501 2461/517/1504 2464/517/1502
f 1289/517/1505 1371/517/1506 1839/517/1496 1459/517/1507
f 1371/517/1506 1370/517/1508 1840/517/1497 1839/517/1496
f 1370/517/1508 1369/517/1509 1841/517/1500 1840/517/1497
f 1369/517/1509 1290/517/1473 1461/517/1475 1841/517/1500
f 1841/517/1500 1461/517/1475 1462/517/1478 1844/517/1501
f 1844/517/1501 1462/517/1478 2460/517/1479 2461/517/1504
f 2467/517/1510 1460/517/1511 1842/517/1499 2465/517/1503
f 1459/517/1507 1839/517/1496 1842/517/1499 1460/517/1511
f 1845/517/1512 1846/517/1513 1849/517/1514 1848/517/1515
f 1846/517/1513 1847/517/1516 1850/517/1517 1849/517/1514
f 2544/517/1518 1848/517/1515 1849/517/1514 2545/517/1519
f 2545/517/1519 1849/517/1514 1850/517/1517 2547/517/1520
f 1302/517/1521 1410/517/1522 1845/517/1512 1485/517/1523
f 1410/517/1522 1409/517/1524 1846/517/1513 1845/517/1512
f 1409/517/1524 1408/517/1525 1847/517/1516 1846/517/1513
f 1408/517/1525 1303/517/1489 1487/517/1491 1847/517/1516
f 1847/517/1516 1487/517/1491 1488/517/1495 1850/517/1517
f 2547/517/1520 1850/517/1517 1488/517/1495 2548/517/1494
f 2542/517/1526 1486/517/1527 1848/517/1515 2544/517/1518
f 1485/517/1523 1845/517/1512 1848/517/1515 1486/517/1527
f 1851/517/1528 1852/517/1529 1855/517/1530 1854/517/1531
f 1852/517/1529 1853/517/1532 1856/517/1533 1855/517/1530
f 2462/517/1534 1854/517/1531 1855/517/1530 2463/517/1535
f 2463/517/1535 1855/517/1530 1856/517/1533 2466/517/1536
f 1288/517/1537 1368/517/1538 1851/517/1528 1457/517/1539
f 1368/517/1538 1367/517/1540 1852/517/1529 1851/517/1528
f 1367/517/1540 1366/517/1541 1853/517/1532 1852/517/1529
f 1366/517/1541 1289/517/1505 1459/517/1507 1853/517/1532
f 1853/517/1532 1459/517/1507 1460/517/1511 1856/517/1533
f 2466/517/1536 1856/517/1533 1460/517/1511 2467/517/1510
f 1458/517/1542 1854/517/1531 2462/517/1534 2459/517/1543
f 1457/517/1539 1851/517/1528 1854/517/1531 1458/517/1542
f 1857/517/1544 1858/517/1545 1861/517/1546 1860/517/1547
f 1858/517/1545 1859/517/1548 1862/517/1549 1861/517/1546
f 2534/517/1550 1860/517/1547 1861/517/1546 2535/517/1551
f 2535/517/1551 1861/517/1546 1862/517/1549 2541/517/1552
f 1301/517/1553 1407/517/1554 1857/517/1544 1483/517/1555
f 1407/517/1554 1406/517/1556 1858/517/1545 1857/517/1544
f 1406/517/1556 1405/517/1557 1859/517/1548 1858/517/1545
f 1405/517/1557 1302/517/1521 1485/517/1523 1859/517/1548
f 1485/517/1523 1486/517/1527 1862/517/1549 1859/517/1548
f 2541/517/1552 1862/517/1549 1486/517/1527 2542/517/1526
f 2531/517/1558 1484/517/1559 1860/517/1547 2534/517/1550
f 1483/517/1555 1857/517/1544 1860/517/1547 1484/517/1559
f 1863/517/1560 1864/517/1561 1867/517/1562 1866/517/1563
f 1864/517/1561 1865/517/1564 1868/517/1565 1867/517/1562
f 2452/517/1566 1866/517/1563 1867/517/1562 2455/517/1567
f 2455/517/1567 1867/517/1562 1868/517/1565 2456/517/1568
f 1287/517/1569 1365/517/1570 1863/517/1560 1455/517/1571
f 1365/517/1570 1364/517/1572 1864/517/1561 1863/517/1560
f 1364/517/1572 1363/517/1573 1865/517/1564 1864/517/1561
f 1363/517/1573 1288/517/1537 1457/517/1539 1865/517/1564
f 1865/517/1564 1457/517/1539 1458/517/1542 1868/517/1565
f 1868/517/1565 1458/517/1542 2459/517/1543 2456/517/1568
f 2449/517/1574 1456/517/1575 1866/517/1563 2452/517/1566
f 1455/517/1571 1863/517/1560 1866/517/1563 1456/517/1575
f 1869/517/1576 1870/517/1577 1873/517/1578 1872/517/1579
f 1870/517/1577 1871/517/1580 1874/517/1581 1873/517/1578
f 1872/517/1579 1873/517/1578 2528/517/1582 2525/517/1583
f 1873/517/1578 1874/517/1581 2529/517/1584 2528/517/1582
f 1300/517/1585 1404/517/1586 1869/517/1576 1481/517/1587
f 1404/517/1586 1403/517/1588 1870/517/1577 1869/517/1576
f 1403/517/1588 1402/517/1589 1871/517/1580 1870/517/1577
f 1402/517/1589 1301/517/1553 1483/517/1555 1871/517/1580
f 1483/517/1555 1484/517/1559 1874/517/1581 1871/517/1580
f 1874/517/1581 1484/517/1559 2531/517/1558 2529/517/1584
f 1482/517/1590 1872/517/1579 2525/517/1583 2524/517/1591
f 1481/517/1587 1869/517/1576 1872/517/1579 1482/517/1590
f 1875/517/1592 1876/517/1593 1879/517/1594 1878/517/1595
f 1876/517/1593 1877/517/1596 1880/517/1597 1879/517/1594
f 2488/517/1598 1878/517/1595 1879/517/1594 2485/517/1599
f 2485/517/1599 1879/517/1594 1880/517/1597 2484/517/1600
f 1282/517/1317 1350/517/1601 1875/517/1592 1445/517/1338
f 1350/517/1601 1349/517/1602 1876/517/1593 1875/517/1592
f 1349/517/1602 1348/517/1603 1877/517/1596 1876/517/1593
f 1348/517/1603 1283/517/1604 1447/517/1605 1877/517/1596
f 1877/517/1596 1447/517/1605 1448/517/1606 1880/517/1597
f 2484/517/1600 1880/517/1597 1448/517/1606 2482/517/1607
f 2489/517/1340 1446/517/1339 1878/517/1595 2488/517/1598
f 1445/517/1338 1875/517/1592 1878/517/1595 1446/517/1339
f 1881/517/1608 1882/517/1609 1885/517/1610 1884/517/1611
f 1882/517/1609 1883/517/1612 1886/517/1613 1885/517/1610
f 2444/517/1614 1884/517/1611 1885/517/1610 2442/517/1615
f 2442/517/1615 1885/517/1610 1886/517/1613 2443/517/1616
f 1286/517/1617 1362/517/1618 1881/517/1608 1453/517/1619
f 1362/517/1618 1361/517/1620 1882/517/1609 1881/517/1608
f 1361/517/1620 1360/517/1621 1883/517/1612 1882/517/1609
f 1360/517/1621 1287/517/1569 1455/517/1571 1883/517/1612
f 1883/517/1612 1455/517/1571 1456/517/1575 1886/517/1613
f 2443/517/1616 1886/517/1613 1456/517/1575 2449/517/1574
f 2445/517/1622 1454/517/1623 1884/517/1611 2444/517/1614
f 1453/517/1619 1881/517/1608 1884/517/1611 1454/517/1623
f 1887/517/1624 1888/517/1625 1891/517/1626 1890/517/1627
f 1888/517/1625 1889/517/1628 1892/517/1629 1891/517/1626
f 1890/517/1627 1891/517/1626 2520/517/1630 2517/517/1631
f 1891/517/1626 1892/517/1629 2521/517/1632 2520/517/1630
f 1299/517/1633 1401/517/1634 1887/517/1624 1479/517/1635
f 1401/517/1634 1400/517/1636 1888/517/1625 1887/517/1624
f 1400/517/1636 1399/517/1637 1889/517/1628 1888/517/1625
f 1399/517/1637 1300/517/1585 1481/517/1587 1889/517/1628
f 1481/517/1587 1482/517/1590 1892/517/1629 1889/517/1628
f 1892/517/1629 1482/517/1590 2524/517/1591 2521/517/1632
f 1480/517/1638 1890/517/1627 2517/517/1631 2516/517/1639
f 1479/517/1635 1887/517/1624 1890/517/1627 1480/517/1638
f 1893/517/1640 1894/517/1641 1897/517/1642 1896/517/1643
f 1894/517/1641 1895/517/1644 1898/517/1645 1897/517/1642
f 2438/517/1646 1896/517/1643 1897/517/1642 2439/517/1647
f 2439/517/1647 1897/517/1642 1898/517/1645 2446/517/1648
f 1285/517/1649 1359/517/1650 1893/517/1640 1451/517/1651
f 1359/517/1650 1358/517/1652 1894/517/1641 1893/517/1640
f 1358/517/1652 1357/517/1653 1895/517/1644 1894/517/1641
f 1357/517/1653 1286/517/1617 1453/517/1619 1895/517/1644
f 1895/517/1644 1453/517/1619 1454/517/1623 1898/517/1645
f 2446/517/1648 1898/517/1645 1454/517/1623 2445/517/1622
f 2433/517/1654 1452/517/1655 1896/517/1643 2438/517/1646
f 1451/517/1651 1893/517/1640 1896/517/1643 1452/517/1655
f 1899/517/1656 1900/517/1657 1903/517/1658 1902/517/1659
f 1900/517/1657 1901/517/1660 1904/517/1661 1903/517/1658
f 1902/517/1659 1903/517/1658 2512/517/1662 2509/517/1663
f 1903/517/1658 1904/517/1661 2513/517/1664 2512/517/1662
f 1298/517/1665 1398/517/1666 1899/517/1656 1477/517/1667
f 1398/517/1666 1397/517/1668 1900/517/1657 1899/517/1656
f 1397/517/1668 1396/517/1669 1901/517/1660 1900/517/1657
f 1396/517/1669 1299/517/1633 1479/517/1635 1901/517/1660
f 1901/517/1660 1479/517/1635 1480/517/1638 1904/517/1661
f 1904/517/1661 1480/517/1638 2516/517/1639 2513/517/1664
f 1478/517/1670 1902/517/1659 2509/517/1663 2508/517/1671
f 1477/517/1667 1899/517/1656 1902/517/1659 1478/517/1670
f 1905/517/1672 1906/517/1673 1909/517/1674 1908/517/1675
f 1906/517/1673 1907/517/1676 1910/517/1677 1909/517/1674
f 2511/517/1678 1908/517/1675 1909/517/1674 2510/517/1679
f 2510/517/1679 1909/517/1674 1910/517/1677 2507/517/1680
f 1311/517/1681 1437/517/1682 1905/517/1672 1503/517/1683
f 1437/517/1682 1436/517/1684 1906/517/1673 1905/517/1672
f 1436/517/1684 1435/517/1685 1907/517/1676 1906/517/1673
f 1435/517/1685 1312/517/1297 1444/517/1686 1907/517/1676
f 1907/517/1676 1444/517/1686 1443/517/1687 1910/517/1677
f 2507/517/1680 1910/517/1677 1443/517/1687 2506/517/1688
f 2514/517/1689 1504/517/1690 1908/517/1675 2511/517/1678
f 1503/517/1683 1905/517/1672 1908/517/1675 1504/517/1690
f 1915/517/1691 1914/517/1692 1911/517/1693 1912/517/1694
f 1916/517/1695 1915/517/1691 1912/517/1694 1913/517/1696
f 2471/517/1697 1914/517/1692 1915/517/1691 2470/517/1698
f 2470/517/1698 1915/517/1691 1916/517/1695 2468/517/1699
f 1911/517/1693 1449/517/1700 1284/517/1701 1356/517/1702
f 1912/517/1694 1911/517/1693 1356/517/1702 1355/517/1703
f 1913/517/1696 1912/517/1694 1355/517/1703 1354/517/1704
f 1451/517/1651 1913/517/1696 1354/517/1704 1285/517/1649
f 1451/517/1651 1452/517/1655 1916/517/1695 1913/517/1696
f 2468/517/1699 1916/517/1695 1452/517/1655 2433/517/1654 2434/517/1705
f 2474/517/1706 1450/517/1707 1914/517/1692 2471/517/1697
f 1914/517/1692 1450/517/1707 1449/517/1700 1911/517/1693
f 1917/517/1708 1918/517/1709 1921/517/1710 1920/517/1711
f 1918/517/1709 1919/517/1712 1922/517/1713 1921/517/1710
f 1920/517/1711 1921/517/1710 2504/517/1714 2501/517/1715
f 1921/517/1710 1922/517/1713 2505/517/1716 2504/517/1714
f 1297/517/1717 1395/517/1718 1917/517/1708 1475/517/1719
f 1395/517/1718 1394/517/1720 1918/517/1709 1917/517/1708
f 1394/517/1720 1393/517/1721 1919/517/1712 1918/517/1709
f 1393/517/1721 1298/517/1665 1477/517/1667 1919/517/1712
f 1919/517/1712 1477/517/1667 1478/517/1670 1922/517/1713
f 1922/517/1713 1478/517/1670 2508/517/1671 2505/517/1716
f 2500/517/1722 1476/517/1723 1920/517/1711 2501/517/1715
f 1475/517/1719 1917/517/1708 1920/517/1711 1476/517/1723
f 1923/517/1724 1924/517/1725 1927/517/1726 1926/517/1727
f 1924/517/1725 1925/517/1728 1928/517/1729 1927/517/1726
f 2519/517/1730 1926/517/1727 1927/517/1726 2518/517/1731
f 2518/517/1731 1927/517/1726 1928/517/1729 2515/517/1732
f 1310/517/1733 1434/517/1734 1923/517/1724 1501/517/1735
f 1434/517/1734 1433/517/1736 1924/517/1725 1923/517/1724
f 1433/517/1736 1432/517/1737 1925/517/1728 1924/517/1725
f 1432/517/1737 1311/517/1681 1503/517/1683 1925/517/1728
f 1925/517/1728 1503/517/1683 1504/517/1690 1928/517/1729
f 2515/517/1732 1928/517/1729 1504/517/1690 2514/517/1689
f 2522/517/1738 1502/517/1739 1926/517/1727 2519/517/1730
f 1501/517/1735 1923/517/1724 1926/517/1727 1502/517/1739
f 1933/517/1740 1932/517/1741 1929/517/1742 1930/517/1743
f 1934/517/1744 1933/517/1740 1930/517/1743 1931/517/1745
f 2477/517/1746 1932/517/1741 1933/517/1740 2476/517/1747
f 2476/517/1747 1933/517/1740 1934/517/1744 2475/517/1748
f 1283/517/1604 1353/517/1749 1929/517/1742 1447/517/1605
f 1930/517/1743 1929/517/1742 1353/517/1749 1352/517/1750
f 1931/517/1745 1930/517/1743 1352/517/1750 1351/517/1751
f 1449/517/1700 1931/517/1745 1351/517/1751 1284/517/1701
f 1449/517/1700 1450/517/1707 1934/517/1744 1931/517/1745
f 2475/517/1748 1934/517/1744 1450/517/1707 2474/517/1706
f 2482/517/1607 1448/517/1606 1932/517/1741 2477/517/1746
f 1447/517/1605 1929/517/1742 1932/517/1741 1448/517/1606
f 1935/517/1752 1936/517/1753 1939/517/1754 1938/517/1755
f 1936/517/1753 1937/517/1756 1940/517/1757 1939/517/1754
f 2493/517/1758 1938/517/1755 1939/517/1754 2496/517/1759
f 2496/517/1759 1939/517/1754 1940/517/1757 2497/517/1760
f 1296/517/1761 1392/517/1762 1935/517/1752 1473/517/1763
f 1392/517/1762 1391/517/1764 1936/517/1753 1935/517/1752
f 1391/517/1764 1390/517/1765 1937/517/1756 1936/517/1753
f 1390/517/1765 1297/517/1717 1475/517/1719 1937/517/1756
f 1937/517/1756 1475/517/1719 1476/517/1723 1940/517/1757
f 2497/517/1760 1940/517/1757 1476/517/1723 2500/517/1722
f 1474/517/1766 1938/517/1755 2493/517/1758 2491/517/1767
f 1473/517/1763 1935/517/1752 1938/517/1755 1474/517/1766
f 1941/517/1768 1942/517/1769 1945/517/1770 1944/517/1771
f 1942/517/1769 1943/517/1772 1946/517/1773 1945/517/1770
f 2527/517/1774 1944/517/1771 1945/517/1770 2526/517/1775
f 2526/517/1775 1945/517/1770 1946/517/1773 2523/517/1776
f 1309/517/1777 1431/517/1778 1941/517/1768 1499/517/1779
f 1431/517/1778 1430/517/1780 1942/517/1769 1941/517/1768
f 1430/517/1780 1429/517/1781 1943/517/1772 1942/517/1769
f 1429/517/1781 1310/517/1733 1501/517/1735 1943/517/1772
f 1501/517/1735 1502/517/1739 1946/517/1773 1943/517/1772
f 2523/517/1776 1946/517/1773 1502/517/1739 2522/517/1738
f 2530/517/1782 1500/517/1783 1944/517/1771 2527/517/1774
f 1499/517/1779 1941/517/1768 1944/517/1771 1500/517/1783
f 1947/517/1784 1948/517/1785 1951/517/1786 1950/517/1787
f 1948/517/1785 1949/517/1788 1952/517/1789 1951/517/1786
f 2486/517/1790 1950/517/1787 1951/517/1786 2487/517/1791
f 2487/517/1791 1951/517/1786 1952/517/1789 2490/517/1792
f 1295/517/1793 1389/517/1794 1947/517/1784 1471/517/1795
f 1389/517/1794 1388/517/1796 1948/517/1785 1947/517/1784
f 1388/517/1796 1387/517/1797 1949/517/1788 1948/517/1785
f 1387/517/1797 1296/517/1761 1473/517/1763 1949/517/1788
f 1949/517/1788 1473/517/1763 1474/517/1766 1952/517/1789
f 1952/517/1789 1474/517/1766 2491/517/1767 2490/517/1792
f 1472/517/1798 1950/517/1787 2486/517/1790 2483/517/1799
f 1471/517/1795 1947/517/1784 1950/517/1787 1472/517/1798
f 1957/517/1800 1956/517/1801 1953/517/1802 1954/517/1803
f 1958/517/1804 1957/517/1800 1954/517/1803 1955/517/1805
f 2536/517/1806 1956/517/1801 1957/517/1800 2533/517/1807
f 2533/517/1807 1957/517/1800 1958/517/1804 2532/517/1808
f 1953/517/1802 1497/517/1357 1308/517/1358 1428/517/1809
f 1954/517/1803 1953/517/1802 1428/517/1809 1427/517/1810
f 1955/517/1805 1954/517/1803 1427/517/1810 1426/517/1811
f 1499/517/1779 1955/517/1805 1426/517/1811 1309/517/1777
f 1499/517/1779 1500/517/1783 1958/517/1804 1955/517/1805
f 2532/517/1808 1958/517/1804 1500/517/1783 2530/517/1782
f 2537/517/1360 1498/517/1359 1956/517/1801 2536/517/1806
f 1956/517/1801 1498/517/1359 1497/517/1357 1953/517/1802
f 1959/517/1812 1960/517/1813 1963/517/1814 1962/517/1815
f 1960/517/1813 1961/517/1816 1964/517/1817 1963/517/1814
f 2479/517/1818 1962/517/1815 1963/517/1814 2480/517/1819
f 2480/517/1819 1963/517/1814 1964/517/1817 2481/517/1820
f 1294/517/1377 1386/517/1821 1959/517/1812 1469/517/1378
f 1386/517/1821 1385/517/1822 1960/517/1813 1959/517/1812
f 1385/517/1822 1384/517/1823 1961/517/1816 1960/517/1813
f 1384/517/1823 1295/517/1793 1471/517/1795 1961/517/1816
f 1961/517/1816 1471/517/1795 1472/517/1798 1964/517/1817
f 2481/517/1820 1964/517/1817 1472/517/1798 2483/517/1799
f 2478/517/1380 1470/517/1379 1962/517/1815 2479/517/1818
f 1469/517/1378 1959/517/1812 1962/517/1815 1470/517/1379
f 1965/517/1824 1966/517/1825 1969/517/1826 1968/517/1827
f 1966/517/1825 1967/517/1828 1970/517/1829 1969/517/1826
f 2503/517/1830 1968/517/1827 1969/517/1826 2502/517/1831
f 2502/517/1831 1969/517/1826 1970/517/1829 2499/517/1832
f 1312/517/1297 1440/517/1296 1965/517/1824 1444/517/1686
f 1440/517/1296 1439/517/1295 1966/517/1825 1965/517/1824
f 1439/517/1295 1438/517/1293 1967/517/1828 1966/517/1825
f 1438/517/1293 1281/517/1292 1442/517/1337 1967/517/1828
f 1967/517/1828 1442/517/1337 1441/517/1342 1970/517/1829
f 2499/517/1832 1970/517/1829 1441/517/1342 2498/517/1341
f 2506/517/1688 1443/517/1687 1968/517/1827 2503/517/1830
f 1444/517/1686 1965/517/1824 1968/517/1827 1443/517/1687
f 1974/517/1833 1971/517/1834 1972/517/1835 1975/517/1836
f 1975/517/1836 1972/517/1835 1973/517/1837 1976/517/1838
f 1977/517/1839 1974/517/1833 1975/517/1836 1978/517/1840
f 1978/517/1840 1975/517/1836 1976/517/1838 1979/517/1841
f 1312/517/1297 1435/517/1685 1971/517/1834 1668/517/1298
f 1435/517/1685 1436/517/1684 1972/517/1835 1971/517/1834
f 1972/517/1835 1436/517/1684 1437/517/1682 1973/517/1837
f 1973/517/1837 1437/517/1682 1311/517/1681 1760/517/1842
f 1759/517/1843 1976/517/1838 1973/517/1837 1760/517/1842
f 1758/517/1844 1979/517/1841 1976/517/1838 1759/517/1843
f 1343/517/1845 1661/517/1846 1979/517/1841 1758/517/1844
f 1661/517/1846 1660/517/1847 1978/517/1840 1979/517/1841
f 1660/517/1847 1659/517/1848 1977/517/1839 1978/517/1840
f 1659/517/1848 1344/517/1301 1670/517/1300 1977/517/1839
f 1670/517/1300 1669/517/1299 1974/517/1833 1977/517/1839
f 1668/517/1298 1971/517/1834 1974/517/1833 1669/517/1299
f 1983/517/1849 1980/517/1850 1981/517/1851 1984/517/1852
f 1984/517/1852 1981/517/1851 1982/517/1853 1985/517/1854
f 1986/517/1855 1983/517/1849 1984/517/1852 1987/517/1856
f 1987/517/1856 1984/517/1852 1985/517/1854 1988/517/1857
f 1760/517/1842 1311/517/1681 1432/517/1737 1980/517/1850
f 1980/517/1850 1432/517/1737 1433/517/1736 1981/517/1851
f 1981/517/1851 1433/517/1736 1434/517/1734 1982/517/1853
f 1982/517/1853 1434/517/1734 1310/517/1733 1757/517/1858
f 1756/517/1859 1985/517/1854 1982/517/1853 1757/517/1858
f 1755/517/1860 1988/517/1857 1985/517/1854 1756/517/1859
f 1342/517/1861 1656/517/1862 1988/517/1857 1755/517/1860
f 1656/517/1862 1655/517/1863 1987/517/1856 1988/517/1857
f 1655/517/1863 1654/517/1864 1986/517/1855 1987/517/1856
f 1654/517/1864 1343/517/1845 1758/517/1844 1986/517/1855
f 1758/517/1844 1759/517/1843 1983/517/1849 1986/517/1855
f 1759/517/1843 1760/517/1842 1980/517/1850 1983/517/1849
f 1992/517/1865 1989/517/1866 1990/517/1867 1993/517/1868
f 1993/517/1868 1990/517/1867 1991/517/1869 1994/517/1870
f 1995/517/1871 1992/517/1865 1993/517/1868 1996/517/1872
f 1996/517/1872 1993/517/1868 1994/517/1870 1997/517/1873
f 1757/517/1858 1310/517/1733 1429/517/1781 1989/517/1866
f 1989/517/1866 1429/517/1781 1430/517/1780 1990/517/1867
f 1990/517/1867 1430/517/1780 1431/517/1778 1991/517/1869
f 1991/517/1869 1431/517/1778 1309/517/1777 1754/517/1874
f 1753/517/1875 1994/517/1870 1991/517/1869 1754/517/1874
f 1752/517/1876 1997/517/1873 1994/517/1870 1753/517/1875
f 1341/517/1877 1651/517/1878 1997/517/1873 1752/517/1876
f 1651/517/1878 1650/517/1879 1996/517/1872 1997/517/1873
f 1650/517/1879 1649/517/1880 1995/517/1871 1996/517/1872
f 1649/517/1880 1342/517/1861 1755/517/1860 1995/517/1871
f 1755/517/1860 1756/517/1859 1992/517/1865 1995/517/1871
f 1756/517/1859 1757/517/1858 1989/517/1866 1992/517/1865
f 2001/517/1881 1998/517/1882 1999/517/1883 2002/517/1884
f 2002/517/1884 1999/517/1883 2000/517/1885 2003/517/1886
f 2004/517/1887 2001/517/1881 2002/517/1884 2005/517/1888
f 2005/517/1888 2002/517/1884 2003/517/1886 2006/517/1889
f 1754/517/1874 1309/517/1777 1426/517/1811 1998/517/1882
f 1998/517/1882 1426/517/1811 1427/517/1810 1999/517/1883
f 1999/517/1883 1427/517/1810 1428/517/1809 2000/517/1885
f 2000/517/1885 1428/517/1809 1308/517/1358 1751/517/1890
f 2000/517/1885 1751/517/1890 1750/517/1891 2003/517/1886
f 2003/517/1886 1750/517/1891 1749/517/1892 2006/517/1889
f 2006/517/1889 1749/517/1892 1340/517/1893 1646/517/1894
f 2005/517/1888 2006/517/1889 1646/517/1894 1645/517/1895
f 2004/517/1887 2005/517/1888 1645/517/1895 1644/517/1896
f 1752/517/1876 2004/517/1887 1644/517/1896 1341/517/1877
f 1752/517/1876 1753/517/1875 2001/517/1881 2004/517/1887
f 1753/517/1875 1754/517/1874 1998/517/1882 2001/517/1881
f 2010/517/1897 2007/517/1898 2008/517/1899 2011/517/1900
f 2011/517/1900 2008/517/1899 2009/517/1901 2012/517/1902
f 2013/517/1903 2010/517/1897 2011/517/1900 2014/517/1904
f 2014/517/1904 2011/517/1900 2012/517/1902 2015/517/1905
f 1751/517/1890 1308/517/1358 1423/517/1356 2007/517/1898
f 2007/517/1898 1423/517/1356 1424/517/1355 2008/517/1899
f 2008/517/1899 1424/517/1355 1425/517/1353 2009/517/1901
f 2009/517/1901 1425/517/1353 1307/517/1352 1748/517/1906
f 2009/517/1901 1748/517/1906 1747/517/1907 2012/517/1902
f 2012/517/1902 1747/517/1907 1746/517/1908 2015/517/1905
f 2015/517/1905 1746/517/1908 1339/517/1909 1641/517/1910
f 2014/517/1904 2015/517/1905 1641/517/1910 1640/517/1911
f 2013/517/1903 2014/517/1904 1640/517/1911 1639/517/1912
f 1749/517/1892 2013/517/1903 1639/517/1912 1340/517/1893
f 1749/517/1892 1750/517/1891 2010/517/1897 2013/517/1903
f 1750/517/1891 1751/517/1890 2007/517/1898 2010/517/1897
f 2019/517/1913 2016/517/1914 2017/517/1915 2020/517/1916
f 2020/517/1916 2017/517/1915 2018/517/1917 2021/517/1918
f 2022/517/1919 2019/517/1913 2020/517/1916 2023/517/1920
f 2023/517/1920 2020/517/1916 2021/517/1918 2024/517/1921
f 1748/517/1906 1307/517/1352 1420/517/1397 2016/517/1914
f 2016/517/1914 1420/517/1397 1421/517/1396 2017/517/1915
f 1421/517/1396 1422/517/1394 2018/517/1917 2017/517/1915
f 1422/517/1394 1306/517/1393 1745/517/1922 2018/517/1917
f 2018/517/1917 1745/517/1922 1744/517/1923 2021/517/1918
f 2021/517/1918 1744/517/1923 1743/517/1924 2024/517/1921
f 2024/517/1921 1743/517/1924 1338/517/1925 1636/517/1926
f 2023/517/1920 2024/517/1921 1636/517/1926 1635/517/1927
f 2022/517/1919 2023/517/1920 1635/517/1927 1634/517/1928
f 1746/517/1908 2022/517/1919 1634/517/1928 1339/517/1909
f 1746/517/1908 1747/517/1907 2019/517/1913 2022/517/1919
f 1747/517/1907 1748/517/1906 2016/517/1914 2019/517/1913
f 2025/517/1929 2026/517/1930 2029/517/1931 2028/517/1932
f 2026/517/1930 2027/517/1933 2030/517/1934 2029/517/1931
f 2028/517/1932 2029/517/1931 2032/517/1935 2031/517/1936
f 2029/517/1931 2030/517/1934 2033/517/1937 2032/517/1935
f 1306/517/1393 1417/517/1429 2025/517/1929 1745/517/1922
f 1417/517/1429 1418/517/1428 2026/517/1930 2025/517/1929
f 1418/517/1428 1419/517/1426 2027/517/1933 2026/517/1930
f 1419/517/1426 1305/517/1425 1742/517/1938 2027/517/1933
f 2027/517/1933 1742/517/1938 1741/517/1939 2030/517/1934
f 2030/517/1934 1741/517/1939 1740/517/1940 2033/517/1937
f 2033/517/1937 1740/517/1940 1337/517/1941 1631/517/1942
f 2032/517/1935 2033/517/1937 1631/517/1942 1630/517/1943
f 2031/517/1936 2032/517/1935 1630/517/1943 1629/517/1944
f 1743/517/1924 2031/517/1936 1629/517/1944 1338/517/1925
f 1744/517/1923 2028/517/1932 2031/517/1936 1743/517/1924
f 1745/517/1922 2025/517/1929 2028/517/1932 1744/517/1923
f 2034/517/1945 2035/517/1946 2038/517/1947 2037/517/1948
f 2035/517/1946 2036/517/1949 2039/517/1950 2038/517/1947
f 2037/517/1948 2038/517/1947 2041/517/1951 2040/517/1952
f 2038/517/1947 2039/517/1950 2042/517/1953 2041/517/1951
f 1305/517/1425 1414/517/1461 2034/517/1945 1742/517/1938
f 1414/517/1461 1415/517/1460 2035/517/1946 2034/517/1945
f 1415/517/1460 1416/517/1458 2036/517/1949 2035/517/1946
f 1416/517/1458 1304/517/1457 1739/517/1954 2036/517/1949
f 2036/517/1949 1739/517/1954 1738/517/1955 2039/517/1950
f 2039/517/1950 1738/517/1955 1737/517/1956 2042/517/1953
f 2042/517/1953 1737/517/1956 1336/517/1957 1626/517/1958
f 2041/517/1951 2042/517/1953 1626/517/1958 1625/517/1959
f 2040/517/1952 2041/517/1951 1625/517/1959 1624/517/1960
f 1740/517/1940 2040/517/1952 1624/517/1960 1337/517/1941
f 1741/517/1939 2037/517/1948 2040/517/1952 1740/517/1940
f 1742/517/1938 2034/517/1945 2037/517/1948 1741/517/1939
f 2046/517/1961 2043/517/1962 2044/517/1963 2047/517/1964
f 2047/517/1964 2044/517/1963 2045/517/1965 2048/517/1966
f 2049/517/1967 2046/517/1961 2047/517/1964 2050/517/1968
f 2050/517/1968 2047/517/1964 2048/517/1966 2051/517/1969
f 1304/517/1457 1411/517/1493 2043/517/1962 1739/517/1954
f 1411/517/1493 1412/517/1492 2044/517/1963 2043/517/1962
f 2044/517/1963 1412/517/1492 1413/517/1490 2045/517/1965
f 2045/517/1965 1413/517/1490 1303/517/1489 1736/517/1970
f 1735/517/1971 2048/517/1966 2045/517/1965 1736/517/1970
f 1734/517/1972 2051/517/1969 2048/517/1966 1735/517/1971
f 1335/517/1973 1621/517/1974 2051/517/1969 1734/517/1972
f 1621/517/1974 1620/517/1975 2050/517/1968 2051/517/1969
f 1620/517/1975 1619/517/1976 2049/517/1967 2050/517/1968
f 1619/517/1976 1336/517/1957 1737/517/1956 2049/517/1967
f 1737/517/1956 1738/517/1955 2046/517/1961 2049/517/1967
f 1739/517/1954 2043/517/1962 2046/517/1961 1738/517/1955
f 2055/517/1977 2052/517/1978 2053/517/1979 2056/517/1980
f 2056/517/1980 2053/517/1979 2054/517/1981 2057/517/1982
f 2058/517/1983 2055/517/1977 2056/517/1980 2059/517/1984
f 2059/517/1984 2056/517/1980 2057/517/1982 2060/517/1985
f 1736/517/1970 1303/517/1489 1408/517/1525 2052/517/1978
f 2052/517/1978 1408/517/1525 1409/517/1524 2053/517/1979
f 2053/517/1979 1409/517/1524 1410/517/1522 2054/517/1981
f 2054/517/1981 1410/517/1522 1302/517/1521 1733/517/1986
f 1732/517/1987 2057/517/1982 2054/517/1981 1733/517/1986
f 1731/517/1988 2060/517/1985 2057/517/1982 1732/517/1987
f 1334/517/1989 1616/517/1990 2060/517/1985 1731/517/1988
f 1616/517/1990 1615/517/1991 2059/517/1984 2060/517/1985
f 1615/517/1991 1614/517/1992 2058/517/1983 2059/517/1984
f 1614/517/1992 1335/517/1973 1734/517/1972 2058/517/1983
f 1734/517/1972 1735/517/1971 2055/517/1977 2058/517/1983
f 1735/517/1971 1736/517/1970 2052/517/1978 2055/517/1977
f 2064/517/1993 2061/517/1994 2062/517/1995 2065/517/1996
f 2065/517/1996 2062/517/1995 2063/517/1997 2066/517/1998
f 2067/517/1999 2064/517/1993 2065/517/1996 2068/517/2000
f 2068/517/2000 2065/517/1996 2066/517/1998 2069/517/2001
f 1733/517/1986 1302/517/1521 1405/517/1557 2061/517/1994
f 2061/517/1994 1405/517/1557 1406/517/1556 2062/517/1995
f 2062/517/1995 1406/517/1556 1407/517/1554 2063/517/1997
f 2063/517/1997 1407/517/1554 1301/517/1553 1730/517/2002
f 1729/517/2003 2066/517/1998 2063/517/1997 1730/517/2002
f 1728/517/2004 2069/517/2001 2066/517/1998 1729/517/2003
f 1333/517/2005 1611/517/2006 2069/517/2001 1728/517/2004
f 1611/517/2006 1610/517/2007 2068/517/2000 2069/517/2001
f 1610/517/2007 1609/517/2008 2067/517/1999 2068/517/2000
f 1609/517/2008 1334/517/1989 1731/517/1988 2067/517/1999
f 1731/517/1988 1732/517/1987 2064/517/1993 2067/517/1999
f 1732/517/1987 1733/517/1986 2061/517/1994 2064/517/1993
f 2073/517/2009 2070/517/2010 2071/517/2011 2074/517/2012
f 2074/517/2012 2071/517/2011 2072/517/2013 2075/517/2014
f 2076/517/2015 2073/517/2009 2074/517/2012 2077/517/2016
f 2077/517/2016 2074/517/2012 2075/517/2014 2078/517/2017
f 1730/517/2002 1301/517/1553 1402/517/1589 2070/517/2010
f 2070/517/2010 1402/517/1589 1403/517/1588 2071/517/2011
f 2071/517/2011 1403/517/1588 1404/517/1586 2072/517/2013
f 2072/517/2013 1404/517/1586 1300/517/1585 1727/517/2018
f 1726/517/2019 2075/517/2014 2072/517/2013 1727/517/2018
f 1725/517/2020 2078/517/2017 2075/517/2014 1726/517/2019
f 1332/517/2021 1606/517/2022 2078/517/2017 1725/517/2020
f 1606/517/2022 1605/517/2023 2077/517/2016 2078/517/2017
f 1605/517/2023 1604/517/2024 2076/517/2015 2077/517/2016
f 1604/517/2024 1333/517/2005 1728/517/2004 2076/517/2015
f 1728/517/2004 1729/517/2003 2073/517/2009 2076/517/2015
f 1729/517/2003 1730/517/2002 2070/517/2010 2073/517/2009
f 2082/517/2025 2079/517/2026 2080/517/2027 2083/517/2028
f 2083/517/2028 2080/517/2027 2081/517/2029 2084/517/2030
f 2085/517/2031 2082/517/2025 2083/517/2028 2086/517/2032
f 2086/517/2032 2083/517/2028 2084/517/2030 2087/517/2033
f 1727/517/2018 1300/517/1585 1399/517/1637 2079/517/2026
f 2079/517/2026 1399/517/1637 1400/517/1636 2080/517/2027
f 2080/517/2027 1400/517/1636 1401/517/1634 2081/517/2029
f 2081/517/2029 1401/517/1634 1299/517/1633 1724/517/2034
f 1723/517/2035 2084/517/2030 2081/517/2029 1724/517/2034
f 1722/517/2036 2087/517/2033 2084/517/2030 1723/517/2035
f 1331/517/2037 1601/517/2038 2087/517/2033 1722/517/2036
f 1601/517/2038 1600/517/2039 2086/517/2032 2087/517/2033
f 1600/517/2039 1599/517/2040 2085/517/2031 2086/517/2032
f 1599/517/2040 1332/517/2021 1725/517/2020 2085/517/2031
f 1725/517/2020 1726/517/2019 2082/517/2025 2085/517/2031
f 1726/517/2019 1727/517/2018 2079/517/2026 2082/517/2025
f 2091/517/2041 2088/517/2042 2089/517/2043 2092/517/2044
f 2092/517/2044 2089/517/2043 2090/517/2045 2093/517/2046
f 2094/517/2047 2091/517/2041 2092/517/2044 2095/517/2048
f 2095/517/2048 2092/517/2044 2093/517/2046 2096/517/2049
f 1724/517/2034 1299/517/1633 1396/517/1669 2088/517/2042
f 2088/517/2042 1396/517/1669 1397/517/1668 2089/517/2043
f 1397/517/1668 1398/517/1666 2090/517/2045 2089/517/2043
f 1398/517/1666 1298/517/1665 1721/517/2050 2090/517/2045
f 2090/517/2045 1721/517/2050 1720/517/2051 2093/517/2046
f 2093/517/2046 1720/517/2051 1719/517/2052 2096/517/2049
f 2096/517/2049 1719/517/2052 1330/517/2053 1596/517/2054
f 2095/517/2048 2096/517/2049 1596/517/2054 1595/517/2055
f 2094/517/2047 2095/517/2048 1595/517/2055 1594/517/2056
f 1594/517/2056 1331/517/2037 1722/517/2036 2094/517/2047
f 1722/517/2036 1723/517/2035 2091/517/2041 2094/517/2047
f 1723/517/2035 1724/517/2034 2088/517/2042 2091/517/2041
f 2097/517/2057 2098/517/2058 2101/517/2059 2100/517/2060
f 2098/517/2058 2099/517/2061 2102/517/2062 2101/517/2059
f 2100/517/2060 2101/517/2059 2104/517/2063 2103/517/2064
f 2101/517/2059 2102/517/2062 2105/517/2065 2104/517/2063
f 1298/517/1665 1393/517/1721 2097/517/2057 1721/517/2050
f 1393/517/1721 1394/517/1720 2098/517/2058 2097/517/2057
f 1394/517/1720 1395/517/1718 2099/517/2061 2098/517/2058
f 1395/517/1718 1297/517/1717 1718/517/2066 2099/517/2061
f 2099/517/2061 1718/517/2066 1717/517/2067 2102/517/2062
f 2102/517/2062 1717/517/2067 1716/517/2068 2105/517/2065
f 2105/517/2065 1716/517/2068 1329/517/2069 1591/517/2070
f 2104/517/2063 2105/517/2065 1591/517/2070 1590/517/2071
f 2103/517/2064 2104/517/2063 1590/517/2071 1589/517/2072
f 1719/517/2052 2103/517/2064 1589/517/2072 1330/517/2053
f 1720/517/2051 2100/517/2060 2103/517/2064 1719/517/2052
f 1721/517/2050 2097/517/2057 2100/517/2060 1720/517/2051
f 2106/517/2073 2107/517/2074 2110/517/2075 2109/517/2076
f 2107/517/2074 2108/517/2077 2111/517/2078 2110/517/2075
f 2109/517/2076 2110/517/2075 2113/517/2079 2112/517/2080
f 2110/517/2075 2111/517/2078 2114/517/2081 2113/517/2079
f 1297/517/1717 1390/517/1765 2106/517/2073 1718/517/2066
f 1390/517/1765 1391/517/1764 2107/517/2074 2106/517/2073
f 1391/517/1764 1392/517/1762 2108/517/2077 2107/517/2074
f 1392/517/1762 1296/517/1761 1715/517/2082 2108/517/2077
f 2108/517/2077 1715/517/2082 1714/517/2083 2111/517/2078
f 2111/517/2078 1714/517/2083 1713/517/2084 2114/517/2081
f 2114/517/2081 1713/517/2084 1328/517/2085 1586/517/2086
f 2113/517/2079 2114/517/2081 1586/517/2086 1585/517/2087
f 2112/517/2080 2113/517/2079 1585/517/2087 1584/517/2088
f 1716/517/2068 2112/517/2080 1584/517/2088 1329/517/2069
f 1717/517/2067 2109/517/2076 2112/517/2080 1716/517/2068
f 1718/517/2066 2106/517/2073 2109/517/2076 1717/517/2067
f 2119/517/2089 2118/517/2090 2115/517/2091 2116/517/2092
f 2120/517/2093 2119/517/2089 2116/517/2092 2117/517/2094
f 2122/517/2095 2121/517/2096 2118/517/2090 2119/517/2089
f 2123/517/2097 2122/517/2095 2119/517/2089 2120/517/2093
f 1296/517/1761 1387/517/1797 2115/517/2091 1715/517/2082
f 1387/517/1797 1388/517/1796 2116/517/2092 2115/517/2091
f 2117/517/2094 2116/517/2092 1388/517/1796 1389/517/1794
f 1712/517/2098 2117/517/2094 1389/517/1794 1295/517/1793
f 1711/517/2099 2120/517/2093 2117/517/2094 1712/517/2098
f 1710/517/2100 2123/517/2097 2120/517/2093 1711/517/2099
f 1327/517/2101 1581/517/2102 2123/517/2097 1710/517/2100
f 1581/517/2102 1580/517/2103 2122/517/2095 2123/517/2097
f 1580/517/2103 1579/517/2104 2121/517/2096 2122/517/2095
f 1579/517/2104 1328/517/2085 1713/517/2084 2121/517/2096
f 2121/517/2096 1713/517/2084 1714/517/2083 2118/517/2090
f 1715/517/2082 2115/517/2091 2118/517/2090 1714/517/2083
f 2128/517/2105 2127/517/2106 2124/517/2107 2125/517/2108
f 2129/517/2109 2128/517/2105 2125/517/2108 2126/517/2110
f 2131/517/2111 2130/517/2112 2127/517/2106 2128/517/2105
f 2132/517/2113 2131/517/2111 2128/517/2105 2129/517/2109
f 2124/517/2107 1712/517/2098 1295/517/1793 1384/517/1823
f 2125/517/2108 2124/517/2107 1384/517/1823 1385/517/1822
f 2126/517/2110 2125/517/2108 1385/517/1822 1386/517/1821
f 1709/517/2114 2126/517/2110 1386/517/1821 1294/517/1377
f 1708/517/2115 2129/517/2109 2126/517/2110 1709/517/2114
f 1707/517/2116 2132/517/2113 2129/517/2109 1708/517/2115
f 1326/517/2117 1576/517/2118 2132/517/2113 1707/517/2116
f 1576/517/2118 1575/517/2119 2131/517/2111 2132/517/2113
f 1575/517/2119 1574/517/2120 2130/517/2112 2131/517/2111
f 1574/517/2120 1327/517/2101 1710/517/2100 2130/517/2112
f 2130/517/2112 1710/517/2100 1711/517/2099 2127/517/2106
f 2127/517/2106 1711/517/2099 1712/517/2098 2124/517/2107
f 2137/517/2121 2136/517/2122 2133/517/2123 2134/517/2124
f 2138/517/2125 2137/517/2121 2134/517/2124 2135/517/2126
f 2140/517/2127 2139/517/2128 2136/517/2122 2137/517/2121
f 2141/517/2129 2140/517/2127 2137/517/2121 2138/517/2125
f 2133/517/2123 1709/517/2114 1294/517/1377 1381/517/1376
f 2134/517/2124 2133/517/2123 1381/517/1376 1382/517/1375
f 2135/517/2126 2134/517/2124 1382/517/1375 1383/517/1373
f 1706/517/2130 2135/517/2126 1383/517/1373 1293/517/1372
f 1705/517/2131 2138/517/2125 2135/517/2126 1706/517/2130
f 1704/517/2132 2141/517/2129 2138/517/2125 1705/517/2131
f 1325/517/2133 1571/517/2134 2141/517/2129 1704/517/2132
f 1571/517/2134 1570/517/2135 2140/517/2127 2141/517/2129
f 1570/517/2135 1569/517/2136 2139/517/2128 2140/517/2127
f 1569/517/2136 1326/517/2117 1707/517/2116 2139/517/2128
f 2139/517/2128 1707/517/2116 1708/517/2115 2136/517/2122
f 2136/517/2122 1708/517/2115 1709/517/2114 2133/517/2123
f 2145/517/2137 2142/517/2138 2143/517/2139 2146/517/2140
f 2146/517/2140 2143/517/2139 2144/517/2141 2147/517/2142
f 2148/517/2143 2145/517/2137 2146/517/2140 2149/517/2144
f 2149/517/2144 2146/517/2140 2147/517/2142 2150/517/2145
f 1706/517/2130 1293/517/1372 1378/517/1413 2142/517/2138
f 2142/517/2138 1378/517/1413 1379/517/1412 2143/517/2139
f 2143/517/2139 1379/517/1412 1380/517/1410 2144/517/2141
f 2144/517/2141 1380/517/1410 1292/517/1409 1703/517/2146
f 1702/517/2147 2147/517/2142 2144/517/2141 1703/517/2146
f 1701/517/2148 2150/517/2145 2147/517/2142 1702/517/2147
f 1324/517/2149 1566/517/2150 2150/517/2145 1701/517/2148
f 1566/517/2150 1565/517/2151 2149/517/2144 2150/517/2145
f 1565/517/2151 1564/517/2152 2148/517/2143 2149/517/2144
f 1564/517/2152 1325/517/2133 1704/517/2132 2148/517/2143
f 1704/517/2132 1705/517/2131 2145/517/2137 2148/517/2143
f 1705/517/2131 1706/517/2130 2142/517/2138 2145/517/2137
f 2154/517/2153 2151/517/2154 2152/517/2155 2155/517/2156
f 2155/517/2156 2152/517/2155 2153/517/2157 2156/517/2158
f 2157/517/2159 2154/517/2153 2155/517/2156 2158/517/2160
f 2158/517/2160 2155/517/2156 2156/517/2158 2159/517/2161
f 1703/517/2146 1292/517/1409 1375/517/1445 2151/517/2154
f 2151/517/2154 1375/517/1445 1376/517/1444 2152/517/2155
f 2152/517/2155 1376/517/1444 1377/517/1442 2153/517/2157
f 2153/517/2157 1377/517/1442 1291/517/1441 1700/517/2162
f 1699/517/2163 2156/517/2158 2153/517/2157 1700/517/2162
f 1698/517/2164 2159/517/2161 2156/517/2158 1699/517/2163
f 1323/517/2165 1561/517/2166 2159/517/2161 1698/517/2164
f 1561/517/2166 1560/517/2167 2158/517/2160 2159/517/2161
f 1560/517/2167 1559/517/2168 2157/517/2159 2158/517/2160
f 1559/517/2168 1324/517/2149 1701/517/2148 2157/517/2159
f 1701/517/2148 1702/517/2147 2154/517/2153 2157/517/2159
f 1702/517/2147 1703/517/2146 2151/517/2154 2154/517/2153
f 2163/517/2169 2160/517/2170 2161/517/2171 2164/517/2172
f 2164/517/2172 2161/517/2171 2162/517/2173 2165/517/2174
f 2166/517/2175 2163/517/2169 2164/517/2172 2167/517/2176
f 2167/517/2176 2164/517/2172 2165/517/2174 2168/517/2177
f 1700/517/2162 1291/517/1441 1372/517/1477 2160/517/2170
f 2160/517/2170 1372/517/1477 1373/517/1476 2161/517/2171
f 1373/517/1476 1374/517/1474 2162/517/2173 2161/517/2171
f 1374/517/1474 1290/517/1473 1697/517/2178 2162/517/2173
f 2162/517/2173 1697/517/2178 1696/517/2179 2165/517/2174
f 2165/517/2174 1696/517/2179 1695/517/2180 2168/517/2177
f 2168/517/2177 1695/517/2180 1322/517/2181 1556/517/2182
f 2167/517/2176 2168/517/2177 1556/517/2182 1555/517/2183
f 2166/517/2175 2167/517/2176 1555/517/2183 1554/517/2184
f 1554/517/2184 1323/517/2165 1698/517/2164 2166/517/2175
f 1698/517/2164 1699/517/2163 2163/517/2169 2166/517/2175
f 1699/517/2163 1700/517/2162 2160/517/2170 2163/517/2169
f 2169/517/2185 2170/517/2186 2173/517/2187 2172/517/2188
f 2170/517/2186 2171/517/2189 2174/517/2190 2173/517/2187
f 2172/517/2188 2173/517/2187 2176/517/2191 2175/517/2192
f 2173/517/2187 2174/517/2190 2177/517/2193 2176/517/2191
f 1290/517/1473 1369/517/1509 2169/517/2185 1697/517/2178
f 1369/517/1509 1370/517/1508 2170/517/2186 2169/517/2185
f 1370/517/1508 1371/517/1506 2171/517/2189 2170/517/2186
f 1371/517/1506 1289/517/1505 1694/517/2194 2171/517/2189
f 2171/517/2189 1694/517/2194 1693/517/2195 2174/517/2190
f 2174/517/2190 1693/517/2195 1692/517/2196 2177/517/2193
f 2177/517/2193 1692/517/2196 1321/517/2197 1551/517/2198
f 2176/517/2191 2177/517/2193 1551/517/2198 1550/517/2199
f 2175/517/2192 2176/517/2191 1550/517/2199 1549/517/2200
f 1695/517/2180 2175/517/2192 1549/517/2200 1322/517/2181
f 1696/517/2179 2172/517/2188 2175/517/2192 1695/517/2180
f 1697/517/2178 2169/517/2185 2172/517/2188 1696/517/2179
f 2178/517/2201 2179/517/2202 2182/517/2203 2181/517/2204
f 2179/517/2202 2180/517/2205 2183/517/2206 2182/517/2203
f 2181/517/2204 2182/517/2203 2185/517/2207 2184/517/2208
f 2182/517/2203 2183/517/2206 2186/517/2209 2185/517/2207
f 1289/517/1505 1366/517/1541 2178/517/2201 1694/517/2194
f 1366/517/1541 1367/517/1540 2179/517/2202 2178/517/2201
f 1367/517/1540 1368/517/1538 2180/517/2205 2179/517/2202
f 1368/517/1538 1288/517/1537 1691/517/2210 2180/517/2205
f 2180/517/2205 1691/517/2210 1690/517/2211 2183/517/2206
f 2183/517/2206 1690/517/2211 1689/517/2212 2186/517/2209
f 2186/517/2209 1689/517/2212 1320/517/2213 1546/517/2214
f 2185/517/2207 2186/517/2209 1546/517/2214 1545/517/2215
f 2184/517/2208 2185/517/2207 1545/517/2215 1544/517/2216
f 1692/517/2196 2184/517/2208 1544/517/2216 1321/517/2197
f 1693/517/2195 2181/517/2204 2184/517/2208 1692/517/2196
f 1694/517/2194 2178/517/2201 2181/517/2204 1693/517/2195
f 2191/517/2217 2190/517/2218 2187/517/2219 2188/517/2220
f 2192/517/2221 2191/517/2217 2188/517/2220 2189/517/2222
f 2194/517/2223 2193/517/2224 2190/517/2218 2191/517/2217
f 2195/517/2225 2194/517/2223 2191/517/2217 2192/517/2221
f 1288/517/1537 1363/517/1573 2187/517/2219 1691/517/2210
f 1363/517/1573 1364/517/1572 2188/517/2220 2187/517/2219
f 2189/517/2222 2188/517/2220 1364/517/1572 1365/517/1570
f 1688/517/2226 2189/517/2222 1365/517/1570 1287/517/1569
f 1687/517/2227 2192/517/2221 2189/517/2222 1688/517/2226
f 1686/517/2228 2195/517/2225 2192/517/2221 1687/517/2227
f 1319/517/2229 1541/517/2230 2195/517/2225 1686/517/2228
f 1541/517/2230 1540/517/2231 2194/517/2223 2195/517/2225
f 1540/517/2231 1539/517/2232 2193/517/2224 2194/517/2223
f 1539/517/2232 1320/517/2213 1689/517/2212 2193/517/2224
f 2193/517/2224 1689/517/2212 1690/517/2211 2190/517/2218
f 1691/517/2210 2187/517/2219 2190/517/2218 1690/517/2211
f 2200/517/2233 2199/517/2234 2196/517/2235 2197/517/2236
f 2201/517/2237 2200/517/2233 2197/517/2236 2198/517/2238
f 2203/517/2239 2202/517/2240 2199/517/2234 2200/517/2233
f 2204/517/2241 2203/517/2239 2200/517/2233 2201/517/2237
f 2196/517/2235 1688/517/2226 1287/517/1569 1360/517/1621
f 2197/517/2236 2196/517/2235 1360/517/1621 1361/517/1620
f 2198/517/2238 2197/517/2236 1361/517/1620 1362/517/1618
f 1685/517/2242 2198/517/2238 1362/517/1618 1286/517/1617
f 1684/517/2243 2201/517/2237 2198/517/2238 1685/517/2242
f 1683/517/2244 2204/517/2241 2201/517/2237 1684/517/2243
f 1318/517/2245 1536/517/2246 2204/517/2241 1683/517/2244
f 1536/517/2246 1535/517/2247 2203/517/2239 2204/517/2241
f 1535/517/2247 1534/517/2248 2202/517/2240 2203/517/2239
f 1534/517/2248 1319/517/2229 1686/517/2228 2202/517/2240
f 2202/517/2240 1686/517/2228 1687/517/2227 2199/517/2234
f 2199/517/2234 1687/517/2227 1688/517/2226 2196/517/2235
f 2209/517/2249 2208/517/2250 2205/517/2251 2206/517/2252
f 2210/517/2253 2209/517/2249 2206/517/2252 2207/517/2254
f 2212/517/2255 2211/517/2256 2208/517/2250 2209/517/2249
f 2213/517/2257 2212/517/2255 2209/517/2249 2210/517/2253
f 2205/517/2251 1685/517/2242 1286/517/1617 1357/517/1653
f 2206/517/2252 2205/517/2251 1357/517/1653 1358/517/1652
f 2207/517/2254 2206/517/2252 1358/517/1652 1359/517/1650
f 1682/517/2258 2207/517/2254 1359/517/1650 1285/517/1649
f 1681/517/2259 2210/517/2253 2207/517/2254 1682/517/2258
f 1680/517/2260 2213/517/2257 2210/517/2253 1681/517/2259
f 1317/517/2261 1531/517/2262 2213/517/2257 1680/517/2260
f 1531/517/2262 1530/517/2263 2212/517/2255 2213/517/2257
f 1530/517/2263 1529/517/2264 2211/517/2256 2212/517/2255
f 1529/517/2264 1318/517/2245 1683/517/2244 2211/517/2256
f 2211/517/2256 1683/517/2244 1684/517/2243 2208/517/2250
f 2208/517/2250 1684/517/2243 1685/517/2242 2205/517/2251
f 2217/517/2265 2214/517/2266 2215/517/2267 2218/517/2268
f 2218/517/2268 2215/517/2267 2216/517/2269 2219/517/2270
f 2220/517/2271 2217/517/2265 2218/517/2268 2221/517/2272
f 2221/517/2272 2218/517/2268 2219/517/2270 2222/517/2273
f 1682/517/2258 1285/517/1649 1354/517/1704 2214/517/2266
f 2214/517/2266 1354/517/1704 1355/517/1703 2215/517/2267
f 2215/517/2267 1355/517/1703 1356/517/1702 2216/517/2269
f 2216/517/2269 1356/517/1702 1284/517/1701 1679/517/2274
f 2216/517/2269 1679/517/2274 1678/517/2275 2219/517/2270
f 2219/517/2270 1678/517/2275 1677/517/2276 2222/517/2273
f 2222/517/2273 1677/517/2276 1316/517/2277 1526/517/2278
f 2221/517/2272 2222/517/2273 1526/517/2278 1525/517/2279
f 2220/517/2271 2221/517/2272 1525/517/2279 1524/517/2280
f 1680/517/2260 2220/517/2271 1524/517/2280 1317/517/2261
f 1680/517/2260 1681/517/2259 2217/517/2265 2220/517/2271
f 1681/517/2259 1682/517/2258 2214/517/2266 2217/517/2265
f 2226/517/2281 2223/517/2282 2224/517/2283 2227/517/2284
f 2227/517/2284 2224/517/2283 2225/517/2285 2228/517/2286
f 2229/517/2287 2226/517/2281 2227/517/2284 2230/517/2288
f 2230/517/2288 2227/517/2284 2228/517/2286 2231/517/2289
f 1679/517/2274 1284/517/1701 1351/517/1751 2223/517/2282
f 2223/517/2282 1351/517/1751 1352/517/1750 2224/517/2283
f 2224/517/2283 1352/517/1750 1353/517/1749 2225/517/2285
f 2225/517/2285 1353/517/1749 1283/517/1604 1676/517/2290
f 2225/517/2285 1676/517/2290 1675/517/2291 2228/517/2286
f 2228/517/2286 1675/517/2291 1674/517/2292 2231/517/2289
f 2231/517/2289 1674/517/2292 1315/517/2293 1521/517/2294
f 2230/517/2288 2231/517/2289 1521/517/2294 1520/517/2295
f 2229/517/2287 2230/517/2288 1520/517/2295 1519/517/2296
f 1677/517/2276 2229/517/2287 1519/517/2296 1316/517/2277
f 1677/517/2276 1678/517/2275 2226/517/2281 2229/517/2287
f 1678/517/2275 1679/517/2274 2223/517/2282 2226/517/2281
f 2235/517/2297 2232/517/2298 2233/517/2299 2236/517/2300
f 2236/517/2300 2233/517/2299 2234/517/2301 2237/517/2302
f 2238/517/2303 2235/517/2297 2236/517/2300 2239/517/2304
f 2239/517/2304 2236/517/2300 2237/517/2302 2240/517/2305
f 1676/517/2290 1283/517/1604 1348/517/1603 2232/517/2298
f 2232/517/2298 1348/517/1603 1349/517/1602 2233/517/2299
f 1349/517/1602 1350/517/1601 2234/517/2301 2233/517/2299
f 1350/517/1601 1282/517/1317 1673/517/1319 2234/517/2301
f 2234/517/2301 1673/517/1319 1672/517/1327 2237/517/2302
f 2237/517/2302 1672/517/1327 1671/517/1325 2240/517/2305
f 2240/517/2305 1671/517/1325 1314/517/1326 1516/517/2306
f 2239/517/2304 2240/517/2305 1516/517/2306 1515/517/2307
f 2238/517/2303 2239/517/2304 1515/517/2307 1514/517/2308
f 1674/517/2292 2238/517/2303 1514/517/2308 1315/517/2293
f 1674/517/2292 1675/517/2291 2235/517/2297 2238/517/2303
f 1675/517/2291 1676/517/2290 2232/517/2298 2235/517/2297
f 2591/517/2309 2242/517/2310 2241/517/2311 2594/517/2312
f 2590/517/2313 2243/517/2314 2242/517/2310 2591/517/2309
f 2241/517/2311 2242/517/2310 2245/517/2315 2244/517/2316
f 2242/517/2310 2243/517/2314 2246/517/2317 2245/517/2315
f 2587/517/2318 1507/517/2319 2243/517/2314 2590/517/2313
f 2243/517/2314 1507/517/2319 1508/517/2320 2246/517/2317
f 2246/517/2317 1508/517/2320 1314/517/1326 1509/517/1324
f 2245/517/2315 2246/517/2317 1509/517/1324 1510/517/1323
f 2244/517/2316 2245/517/2315 1510/517/1323 1511/517/1322
f 1505/517/2321 2244/517/2316 1511/517/1322 1313/517/1306
f 1506/517/2322 2241/517/2311 2244/517/2316 1505/517/2321
f 2594/517/2312 2241/517/2311 1506/517/2322 2595/517/2323
f 2584/517/2324 2248/517/2325 2247/517/2326 2586/517/2327
f 2581/517/2328 2249/517/2329 2248/517/2325 2584/517/2324
f 2247/517/2326 2248/517/2325 2251/517/2330 2250/517/2331
f 2248/517/2325 2249/517/2329 2252/517/2332 2251/517/2330
f 2580/517/2333 1512/517/2334 2249/517/2329 2581/517/2328
f 1512/517/2334 1513/517/2335 2252/517/2332 2249/517/2329
f 1513/517/2335 1315/517/2293 1514/517/2308 2252/517/2332
f 2252/517/2332 1514/517/2308 1515/517/2307 2251/517/2330
f 2251/517/2330 1515/517/2307 1516/517/2306 2250/517/2331
f 1508/517/2320 2250/517/2331 1516/517/2306 1314/517/1326
f 1507/517/2319 2247/517/2326 2250/517/2331 1508/517/2320
f 2586/517/2327 2247/517/2326 1507/517/2319 2587/517/2318
f 2572/517/2336 2254/517/2337 2253/517/2338 2578/517/2339
f 2573/517/2340 2255/517/2341 2254/517/2337 2572/517/2336
f 2257/517/2342 2256/517/2343 2253/517/2338 2254/517/2337
f 2258/517/2344 2257/517/2342 2254/517/2337 2255/517/2341
f 2571/517/2345 1517/517/2346 2255/517/2341 2573/517/2340
f 1517/517/2346 1518/517/2347 2258/517/2344 2255/517/2341
f 1518/517/2347 1316/517/2277 1519/517/2296 2258/517/2344
f 2258/517/2344 1519/517/2296 1520/517/2295 2257/517/2342
f 2257/517/2342 1520/517/2295 1521/517/2294 2256/517/2343
f 1521/517/2294 1315/517/2293 1513/517/2335 2256/517/2343
f 2256/517/2343 1513/517/2335 1512/517/2334 2253/517/2338
f 2578/517/2339 2253/517/2338 1512/517/2334 2580/517/2333
f 2567/517/2348 2260/517/2349 2259/517/2350 2570/517/2351
f 2566/517/2352 2261/517/2353 2260/517/2349 2567/517/2348
f 2263/517/2354 2262/517/2355 2259/517/2350 2260/517/2349
f 2264/517/2356 2263/517/2354 2260/517/2349 2261/517/2353
f 2661/517/2357 1522/517/2358 2261/517/2353 2566/517/2352 2563/517/2359
f 1522/517/2358 1523/517/2360 2264/517/2356 2261/517/2353
f 1523/517/2360 1317/517/2261 1524/517/2280 2264/517/2356
f 2264/517/2356 1524/517/2280 1525/517/2279 2263/517/2354
f 2263/517/2354 1525/517/2279 1526/517/2278 2262/517/2355
f 1526/517/2278 1316/517/2277 1518/517/2347 2262/517/2355
f 2262/517/2355 1518/517/2347 1517/517/2346 2259/517/2350
f 2570/517/2351 2259/517/2350 1517/517/2346 2571/517/2345
f 2665/517/2361 2266/517/2362 2265/517/2363 2662/517/2364
f 2666/517/2365 2267/517/2366 2266/517/2362 2665/517/2361
f 2269/517/2367 2268/517/2368 2265/517/2363 2266/517/2362
f 2270/517/2369 2269/517/2367 2266/517/2362 2267/517/2366
f 2672/517/2370 1527/517/2371 2267/517/2366 2666/517/2365
f 1527/517/2371 1528/517/2372 2270/517/2369 2267/517/2366
f 2270/517/2369 1528/517/2372 1318/517/2245 1529/517/2264
f 2269/517/2367 2270/517/2369 1529/517/2264 1530/517/2263
f 2268/517/2368 2269/517/2367 1530/517/2263 1531/517/2262
f 1523/517/2360 2268/517/2368 1531/517/2262 1317/517/2261
f 2268/517/2368 1523/517/2360 1522/517/2358 2265/517/2363
f 2662/517/2364 2265/517/2363 1522/517/2358 2661/517/2357
f 2674/517/2373 2272/517/2374 2271/517/2375 2673/517/2376
f 2675/517/2377 2273/517/2378 2272/517/2374 2674/517/2373
f 2271/517/2375 2272/517/2374 2275/517/2379 2274/517/2380
f 2272/517/2374 2273/517/2378 2276/517/2381 2275/517/2379
f 2678/517/2382 1532/517/2383 2273/517/2378 2675/517/2377
f 2273/517/2378 1532/517/2383 1533/517/2384 2276/517/2381
f 2276/517/2381 1533/517/2384 1319/517/2229 1534/517/2248
f 2275/517/2379 2276/517/2381 1534/517/2248 1535/517/2247
f 2274/517/2380 2275/517/2379 1535/517/2247 1536/517/2246
f 1528/517/2372 2274/517/2380 1536/517/2246 1318/517/2245
f 2274/517/2380 1528/517/2372 1527/517/2371 2271/517/2375
f 2673/517/2376 2271/517/2375 1527/517/2371 2672/517/2370
f 2681/517/2385 2278/517/2386 2277/517/2387 2679/517/2388
f 2682/517/2389 2279/517/2390 2278/517/2386 2681/517/2385
f 2277/517/2387 2278/517/2386 2281/517/2391 2280/517/2392
f 2278/517/2386 2279/517/2390 2282/517/2393 2281/517/2391
f 2685/517/2394 1537/517/2395 2279/517/2390 2682/517/2389
f 2279/517/2390 1537/517/2395 1538/517/2396 2282/517/2393
f 2282/517/2393 1538/517/2396 1320/517/2213 1539/517/2232
f 2281/517/2391 2282/517/2393 1539/517/2232 1540/517/2231
f 2280/517/2392 2281/517/2391 1540/517/2231 1541/517/2230
f 1533/517/2384 2280/517/2392 1541/517/2230 1319/517/2229
f 1532/517/2383 2277/517/2387 2280/517/2392 1533/517/2384
f 2679/517/2388 2277/517/2387 1532/517/2383 2678/517/2382
f 2689/517/2397 2284/517/2398 2283/517/2399 2686/517/2400
f 2690/517/2401 2285/517/2402 2284/517/2398 2689/517/2397
f 2283/517/2399 2284/517/2398 2287/517/2403 2286/517/2404
f 2284/517/2398 2285/517/2402 2288/517/2405 2287/517/2403
f 2692/517/2406 1542/517/2407 2285/517/2402 2690/517/2401
f 2285/517/2402 1542/517/2407 1543/517/2408 2288/517/2405
f 2288/517/2405 1543/517/2408 1321/517/2197 1544/517/2216
f 2287/517/2403 2288/517/2405 1544/517/2216 1545/517/2215
f 2286/517/2404 2287/517/2403 1545/517/2215 1546/517/2214
f 1538/517/2396 2286/517/2404 1546/517/2214 1320/517/2213
f 1537/517/2395 2283/517/2399 2286/517/2404 1538/517/2396
f 2686/517/2400 2283/517/2399 1537/517/2395 2685/517/2394
f 2290/517/2409 2289/517/2410 2691/517/2411 2688/517/2412
f 2291/517/2413 2290/517/2409 2688/517/2412 2687/517/2414
f 2289/517/2410 2290/517/2409 2293/517/2415 2292/517/2416
f 2290/517/2409 2291/517/2413 2294/517/2417 2293/517/2415
f 2684/517/2418 1547/517/2419 2291/517/2413 2687/517/2414
f 2291/517/2413 1547/517/2419 1548/517/2420 2294/517/2417
f 2294/517/2417 1548/517/2420 1322/517/2181 1549/517/2200
f 2293/517/2415 2294/517/2417 1549/517/2200 1550/517/2199
f 2292/517/2416 2293/517/2415 1550/517/2199 1551/517/2198
f 1543/517/2408 2292/517/2416 1551/517/2198 1321/517/2197
f 1542/517/2407 2289/517/2410 2292/517/2416 1543/517/2408
f 2289/517/2410 1542/517/2407 2692/517/2406 2691/517/2411
f 2680/517/2421 2296/517/2422 2295/517/2423 2683/517/2424
f 2677/517/2425 2297/517/2426 2296/517/2422 2680/517/2421
f 2295/517/2423 2296/517/2422 2299/517/2427 2298/517/2428
f 2296/517/2422 2297/517/2426 2300/517/2429 2299/517/2427
f 2676/517/2430 1552/517/2431 2297/517/2426 2677/517/2425
f 1552/517/2431 1553/517/2432 2300/517/2429 2297/517/2426
f 1553/517/2432 1323/517/2165 1554/517/2184 2300/517/2429
f 2300/517/2429 1554/517/2184 1555/517/2183 2299/517/2427
f 2299/517/2427 1555/517/2183 1556/517/2182 2298/517/2428
f 1548/517/2420 2298/517/2428 1556/517/2182 1322/517/2181
f 1547/517/2419 2295/517/2423 2298/517/2428 1548/517/2420
f 2683/517/2424 2295/517/2423 1547/517/2419 2684/517/2418
f 2667/517/2433 2302/517/2434 2301/517/2435 2671/517/2436
f 2669/517/2437 2303/517/2438 2302/517/2434 2667/517/2433
f 2301/517/2435 2302/517/2434 2305/517/2439 2304/517/2440
f 2302/517/2434 2303/517/2438 2306/517/2441 2305/517/2439
f 2668/517/2442 1557/517/2443 2303/517/2438 2669/517/2437
f 1558/517/2444 2306/517/2441 2303/517/2438 1557/517/2443
f 1558/517/2444 1324/517/2149 1559/517/2168 2306/517/2441
f 2306/517/2441 1559/517/2168 1560/517/2167 2305/517/2439
f 2305/517/2439 1560/517/2167 1561/517/2166 2304/517/2440
f 1553/517/2432 2304/517/2440 1561/517/2166 1323/517/2165
f 1552/517/2431 2301/517/2435 2304/517/2440 1553/517/2432
f 2301/517/2435 1552/517/2431 2676/517/2430 2671/517/2436
f 2664/517/2445 2308/517/2446 2307/517/2447 2670/517/2448
f 2663/517/2449 2309/517/2450 2308/517/2446 2664/517/2445
f 2310/517/2451 2307/517/2447 2308/517/2446 2311/517/2452
f 2311/517/2452 2308/517/2446 2309/517/2450 2312/517/2453
f 2660/517/2454 1562/517/2455 2309/517/2450 2663/517/2449
f 1563/517/2456 2312/517/2453 2309/517/2450 1562/517/2455
f 1563/517/2456 1325/517/2133 1564/517/2152 2312/517/2453
f 2312/517/2453 1564/517/2152 1565/517/2151 2311/517/2452
f 2311/517/2452 1565/517/2151 1566/517/2150 2310/517/2451
f 1558/517/2444 2310/517/2451 1566/517/2150 1324/517/2149
f 1558/517/2444 1557/517/2443 2307/517/2447 2310/517/2451
f 2670/517/2448 2307/517/2447 1557/517/2443 2668/517/2442
f 2568/517/2457 2314/517/2458 2313/517/2459 2565/517/2460
f 2569/517/2461 2315/517/2462 2314/517/2458 2568/517/2457
f 2316/517/2463 2313/517/2459 2314/517/2458 2317/517/2464
f 2317/517/2464 2314/517/2458 2315/517/2462 2318/517/2465
f 2574/517/2466 1567/517/2467 2315/517/2462 2569/517/2461
f 1568/517/2468 2318/517/2465 2315/517/2462 1567/517/2467
f 2318/517/2465 1568/517/2468 1326/517/2117 1569/517/2136
f 2317/517/2464 2318/517/2465 1569/517/2136 1570/517/2135
f 2316/517/2463 2317/517/2464 1570/517/2135 1571/517/2134
f 1563/517/2456 2316/517/2463 1571/517/2134 1325/517/2133
f 1563/517/2456 1562/517/2455 2313/517/2459 2316/517/2463
f 2565/517/2460 2313/517/2459 1562/517/2455 2660/517/2454 2564/517/2469
f 2576/517/2470 2320/517/2471 2319/517/2472 2575/517/2473
f 2577/517/2474 2321/517/2475 2320/517/2471 2576/517/2470
f 2319/517/2472 2320/517/2471 2323/517/2476 2322/517/2477
f 2320/517/2471 2321/517/2475 2324/517/2478 2323/517/2476
f 2579/517/2479 1572/517/2480 2321/517/2475 2577/517/2474
f 2321/517/2475 1572/517/2480 1573/517/2481 2324/517/2478
f 2324/517/2478 1573/517/2481 1327/517/2101 1574/517/2120
f 2323/517/2476 2324/517/2478 1574/517/2120 1575/517/2119
f 2322/517/2477 2323/517/2476 1575/517/2119 1576/517/2118
f 1568/517/2468 2322/517/2477 1576/517/2118 1326/517/2117
f 1568/517/2468 1567/517/2467 2319/517/2472 2322/517/2477
f 2575/517/2473 2319/517/2472 1567/517/2467 2574/517/2466
f 2583/517/2482 2326/517/2483 2325/517/2484 2582/517/2485
f 2585/517/2486 2327/517/2487 2326/517/2483 2583/517/2482
f 2325/517/2484 2326/517/2483 2329/517/2488 2328/517/2489
f 2326/517/2483 2327/517/2487 2330/517/2490 2329/517/2488
f 2588/517/2491 1577/517/2492 2327/517/2487 2585/517/2486
f 2327/517/2487 1577/517/2492 1578/517/2493 2330/517/2490
f 2330/517/2490 1578/517/2493 1328/517/2085 1579/517/2104
f 2329/517/2488 2330/517/2490 1579/517/2104 1580/517/2103
f 2328/517/2489 2329/517/2488 1580/517/2103 1581/517/2102
f 1573/517/2481 2328/517/2489 1581/517/2102 1327/517/2101
f 1572/517/2480 2325/517/2484 2328/517/2489 1573/517/2481
f 2582/517/2485 2325/517/2484 1572/517/2480 2579/517/2479
f 2592/517/2494 2332/517/2495 2331/517/2496 2589/517/2497
f 2593/517/2498 2333/517/2499 2332/517/2495 2592/517/2494
f 2331/517/2496 2332/517/2495 2335/517/2500 2334/517/2501
f 2332/517/2495 2333/517/2499 2336/517/2502 2335/517/2500
f 2596/517/2503 1582/517/2504 2333/517/2499 2593/517/2498
f 2333/517/2499 1582/517/2504 1583/517/2505 2336/517/2502
f 2336/517/2502 1583/517/2505 1329/517/2069 1584/517/2088
f 2335/517/2500 2336/517/2502 1584/517/2088 1585/517/2087
f 2334/517/2501 2335/517/2500 1585/517/2087 1586/517/2086
f 1578/517/2493 2334/517/2501 1586/517/2086 1328/517/2085
f 1577/517/2492 2331/517/2496 2334/517/2501 1578/517/2493
f 2589/517/2497 2331/517/2496 1577/517/2492 2588/517/2491
f 2600/517/2506 2338/517/2507 2337/517/2508 2597/517/2509
f 2601/517/2510 2339/517/2511 2338/517/2507 2600/517/2506
f 2337/517/2508 2338/517/2507 2341/517/2512 2340/517/2513
f 2338/517/2507 2339/517/2511 2342/517/2514 2341/517/2512
f 2604/517/2515 1587/517/2516 2339/517/2511 2601/517/2510
f 2339/517/2511 1587/517/2516 1588/517/2517 2342/517/2514
f 2342/517/2514 1588/517/2517 1330/517/2053 1589/517/2072
f 2341/517/2512 2342/517/2514 1589/517/2072 1590/517/2071
f 2340/517/2513 2341/517/2512 1590/517/2071 1591/517/2070
f 1583/517/2505 2340/517/2513 1591/517/2070 1329/517/2069
f 1582/517/2504 2337/517/2508 2340/517/2513 1583/517/2505
f 2597/517/2509 2337/517/2508 1582/517/2504 2596/517/2503
f 2608/517/2518 2344/517/2519 2343/517/2520 2605/517/2521
f 2609/517/2522 2345/517/2523 2344/517/2519 2608/517/2518
f 2343/517/2520 2344/517/2519 2347/517/2524 2346/517/2525
f 2344/517/2519 2345/517/2523 2348/517/2526 2347/517/2524
f 2612/517/2527 1592/517/2528 2345/517/2523 2609/517/2522
f 1592/517/2528 1593/517/2529 2348/517/2526 2345/517/2523
f 1593/517/2529 1331/517/2037 1594/517/2056 2348/517/2526
f 2348/517/2526 1594/517/2056 1595/517/2055 2347/517/2524
f 2347/517/2524 1595/517/2055 1596/517/2054 2346/517/2525
f 1588/517/2517 2346/517/2525 1596/517/2054 1330/517/2053
f 1587/517/2516 2343/517/2520 2346/517/2525 1588/517/2517
f 2605/517/2521 2343/517/2520 1587/517/2516 2604/517/2515
f 2616/517/2530 2350/517/2531 2349/517/2532 2613/517/2533
f 2617/517/2534 2351/517/2535 2350/517/2531 2616/517/2530
f 2349/517/2532 2350/517/2531 2353/517/2536 2352/517/2537
f 2350/517/2531 2351/517/2535 2354/517/2538 2353/517/2536
f 2620/517/2539 1597/517/2540 2351/517/2535 2617/517/2534
f 2351/517/2535 1597/517/2540 1598/517/2541 2354/517/2538
f 1598/517/2541 1332/517/2021 1599/517/2040 2354/517/2538
f 2354/517/2538 1599/517/2040 1600/517/2039 2353/517/2536
f 2353/517/2536 1600/517/2039 1601/517/2038 2352/517/2537
f 1593/517/2529 2352/517/2537 1601/517/2038 1331/517/2037
f 1592/517/2528 2349/517/2532 2352/517/2537 1593/517/2529
f 2613/517/2533 2349/517/2532 1592/517/2528 2612/517/2527
f 2624/517/2542 2356/517/2543 2355/517/2544 2621/517/2545
f 2625/517/2546 2357/517/2547 2356/517/2543 2624/517/2542
f 2358/517/2548 2355/517/2544 2356/517/2543 2359/517/2549
f 2359/517/2549 2356/517/2543 2357/517/2547 2360/517/2550
f 2627/517/2551 1602/517/2552 2357/517/2547 2625/517/2546
f 2357/517/2547 1602/517/2552 1603/517/2553 2360/517/2550
f 1603/517/2553 1333/517/2005 1604/517/2024 2360/517/2550
f 2360/517/2550 1604/517/2024 1605/517/2023 2359/517/2549
f 2359/517/2549 1605/517/2023 1606/517/2022 2358/517/2548
f 1598/517/2541 2358/517/2548 1606/517/2022 1332/517/2021
f 1598/517/2541 1597/517/2540 2355/517/2544 2358/517/2548
f 2621/517/2545 2355/517/2544 1597/517/2540 2620/517/2539
f 2631/517/2554 2362/517/2555 2361/517/2556 2630/517/2557
f 2634/517/2558 2363/517/2559 2362/517/2555 2631/517/2554
f 2364/517/2560 2361/517/2556 2362/517/2555 2365/517/2561
f 2365/517/2561 2362/517/2555 2363/517/2559 2366/517/2562
f 2636/517/2563 1607/517/2564 2363/517/2559 2634/517/2558
f 2363/517/2559 1607/517/2564 1608/517/2565 2366/517/2562
f 1608/517/2565 1334/517/1989 1609/517/2008 2366/517/2562
f 2366/517/2562 1609/517/2008 1610/517/2007 2365/517/2561
f 2365/517/2561 1610/517/2007 1611/517/2006 2364/517/2560
f 1603/517/2553 2364/517/2560 1611/517/2006 1333/517/2005
f 1603/517/2553 1602/517/2552 2361/517/2556 2364/517/2560
f 2630/517/2557 2361/517/2556 1602/517/2552 2627/517/2551
f 2637/517/2566 2368/517/2567 2367/517/2568 2635/517/2569
f 2640/517/2570 2369/517/2571 2368/517/2567 2637/517/2566
f 2367/517/2568 2368/517/2567 2371/517/2572 2370/517/2573
f 2368/517/2567 2369/517/2571 2372/517/2574 2371/517/2572
f 2643/517/2575 1612/517/2576 2369/517/2571 2640/517/2570
f 1612/517/2576 1613/517/2577 2372/517/2574 2369/517/2571
f 1613/517/2577 1335/517/1973 1614/517/1992 2372/517/2574
f 2372/517/2574 1614/517/1992 1615/517/1991 2371/517/2572
f 2371/517/2572 1615/517/1991 1616/517/1990 2370/517/2573
f 1608/517/2565 2370/517/2573 1616/517/1990 1334/517/1989
f 1608/517/2565 1607/517/2564 2367/517/2568 2370/517/2573
f 2635/517/2569 2367/517/2568 1607/517/2564 2636/517/2563
f 2647/517/2578 2374/517/2579 2373/517/2580 2644/517/2581
f 2650/517/2582 2375/517/2583 2374/517/2579 2647/517/2578
f 2373/517/2580 2374/517/2579 2377/517/2584 2376/517/2585
f 2374/517/2579 2375/517/2583 2378/517/2586 2377/517/2584
f 2651/517/2587 1617/517/2588 2375/517/2583 2650/517/2582
f 2375/517/2583 1617/517/2588 1618/517/2589 2378/517/2586
f 1618/517/2589 1336/517/1957 1619/517/1976 2378/517/2586
f 2378/517/2586 1619/517/1976 1620/517/1975 2377/517/2584
f 2377/517/2584 1620/517/1975 1621/517/1974 2376/517/2585
f 1613/517/2577 2376/517/2585 1621/517/1974 1335/517/1973
f 1612/517/2576 2373/517/2580 2376/517/2585 1613/517/2577
f 2644/517/2581 2373/517/2580 1612/517/2576 2643/517/2575
f 2655/517/2590 2380/517/2591 2379/517/2592 2654/517/2593
f 2658/517/2594 2381/517/2595 2380/517/2591 2655/517/2590
f 2379/517/2592 2380/517/2591 2383/517/2596 2382/517/2597
f 2380/517/2591 2381/517/2595 2384/517/2598 2383/517/2596
f 2659/517/2599 1622/517/2600 2381/517/2595 2658/517/2594
f 2381/517/2595 1622/517/2600 1623/517/2601 2384/517/2598
f 2384/517/2598 1623/517/2601 1337/517/1941 1624/517/1960
f 2383/517/2596 2384/517/2598 1624/517/1960 1625/517/1959
f 2382/517/2597 2383/517/2596 1625/517/1959 1626/517/1958
f 1618/517/2589 2382/517/2597 1626/517/1958 1336/517/1957
f 1617/517/2588 2379/517/2592 2382/517/2597 1618/517/2589
f 2654/517/2593 2379/517/2592 1617/517/2588 2651/517/2587
f 2656/517/2602 2386/517/2603 2385/517/2604 2657/517/2605
f 2387/517/2606 2386/517/2603 2656/517/2602 2653/517/2607
f 2385/517/2604 2386/517/2603 2389/517/2608 2388/517/2609
f 2386/517/2603 2387/517/2606 2390/517/2610 2389/517/2608
f 1627/517/2611 2387/517/2606 2653/517/2607 2652/517/2612
f 2387/517/2606 1627/517/2611 1628/517/2613 2390/517/2610
f 2390/517/2610 1628/517/2613 1338/517/1925 1629/517/1944
f 2389/517/2608 2390/517/2610 1629/517/1944 1630/517/1943
f 2388/517/2609 2389/517/2608 1630/517/1943 1631/517/1942
f 1623/517/2601 2388/517/2609 1631/517/1942 1337/517/1941
f 1622/517/2600 2385/517/2604 2388/517/2609 1623/517/2601
f 2657/517/2605 2385/517/2604 1622/517/2600 2659/517/2599
f 2392/517/2614 2391/517/2615 2649/517/2616 2648/517/2617
f 2393/517/2618 2392/517/2614 2648/517/2617 2646/517/2619
f 2391/517/2615 2392/517/2614 2395/517/2620 2394/517/2621
f 2392/517/2614 2393/517/2618 2396/517/2622 2395/517/2620
f 1632/517/2623 2393/517/2618 2646/517/2619 2645/517/2624
f 1632/517/2623 1633/517/2625 2396/517/2622 2393/517/2618
f 1633/517/2625 1339/517/1909 1634/517/1928 2396/517/2622
f 2396/517/2622 1634/517/1928 1635/517/1927 2395/517/2620
f 2395/517/2620 1635/517/1927 1636/517/1926 2394/517/2621
f 1628/517/2613 2394/517/2621 1636/517/1926 1338/517/1925
f 1627/517/2611 2391/517/2615 2394/517/2621 1628/517/2613
f 2391/517/2615 1627/517/2611 2652/517/2612 2649/517/2616
f 2398/517/2626 2397/517/2627 2642/517/2628 2641/517/2629
f 2399/517/2630 2398/517/2626 2641/517/2629 2639/517/2631
f 2401/517/2632 2400/517/2633 2397/517/2627 2398/517/2626
f 2402/517/2634 2401/517/2632 2398/517/2626 2399/517/2630
f 1637/517/2635 2399/517/2630 2639/517/2631 2638/517/2636
f 1637/517/2635 1638/517/2637 2402/517/2634 2399/517/2630
f 1638/517/2637 1340/517/1893 1639/517/1912 2402/517/2634
f 2402/517/2634 1639/517/1912 1640/517/1911 2401/517/2632
f 2401/517/2632 1640/517/1911 1641/517/1910 2400/517/2633
f 1641/517/1910 1339/517/1909 1633/517/2625 2400/517/2633
f 2400/517/2633 1633/517/2625 1632/517/2623 2397/517/2627
f 2397/517/2627 1632/517/2623 2645/517/2624 2642/517/2628
f 2404/517/2638 2403/517/2639 2633/517/2640 2632/517/2641
f 2405/517/2642 2404/517/2638 2632/517/2641 2629/517/2643
f 2403/517/2639 2404/517/2638 2407/517/2644 2406/517/2645
f 2404/517/2638 2405/517/2642 2408/517/2646 2407/517/2644
f 1642/517/2647 2405/517/2642 2629/517/2643 2628/517/2648
f 1642/517/2647 1643/517/2649 2408/517/2646 2405/517/2642
f 1643/517/2649 1341/517/1877 1644/517/1896 2408/517/2646
f 2408/517/2646 1644/517/1896 1645/517/1895 2407/517/2644
f 2407/517/2644 1645/517/1895 1646/517/1894 2406/517/2645
f 1646/517/1894 1340/517/1893 1638/517/2637 2406/517/2645
f 1637/517/2635 2403/517/2639 2406/517/2645 1638/517/2637
f 2403/517/2639 1637/517/2635 2638/517/2636 2633/517/2640
f 2623/517/2650 2410/517/2651 2409/517/2652 2626/517/2653
f 2622/517/2654 2411/517/2655 2410/517/2651 2623/517/2650
f 2409/517/2652 2410/517/2651 2413/517/2656 2412/517/2657
f 2410/517/2651 2411/517/2655 2414/517/2658 2413/517/2656
f 2619/517/2659 1647/517/2660 2411/517/2655 2622/517/2654
f 1647/517/2660 1648/517/2661 2414/517/2658 2411/517/2655
f 1648/517/2661 1342/517/1861 1649/517/1880 2414/517/2658
f 2414/517/2658 1649/517/1880 1650/517/1879 2413/517/2656
f 2413/517/2656 1650/517/1879 1651/517/1878 2412/517/2657
f 1643/517/2649 2412/517/2657 1651/517/1878 1341/517/1877
f 1642/517/2647 2409/517/2652 2412/517/2657 1643/517/2649
f 2626/517/2653 2409/517/2652 1642/517/2647 2628/517/2648
f 2615/517/2662 2416/517/2663 2415/517/2664 2618/517/2665
f 2614/517/2666 2417/517/2667 2416/517/2663 2615/517/2662
f 2415/517/2664 2416/517/2663 2419/517/2668 2418/517/2669
f 2416/517/2663 2417/517/2667 2420/517/2670 2419/517/2668
f 2611/517/2671 1652/517/2672 2417/517/2667 2614/517/2666
f 1652/517/2672 1653/517/2673 2420/517/2670 2417/517/2667
f 1653/517/2673 1343/517/1845 1654/517/1864 2420/517/2670
f 2420/517/2670 1654/517/1864 1655/517/1863 2419/517/2668
f 2419/517/2668 1655/517/1863 1656/517/1862 2418/517/2669
f 1648/517/2661 2418/517/2669 1656/517/1862 1342/517/1861
f 1647/517/2660 2415/517/2664 2418/517/2669 1648/517/2661
f 2618/517/2665 2415/517/2664 1647/517/2660 2619/517/2659
f 2607/517/2674 2422/517/2675 2421/517/2676 2610/517/2677
f 2606/517/2678 2423/517/2679 2422/517/2675 2607/517/2674
f 2421/517/2676 2422/517/2675 2425/517/2680 2424/517/2681
f 2422/517/2675 2423/517/2679 2426/517/2682 2425/517/2680
f 2603/517/2683 1657/517/2684 2423/517/2679 2606/517/2678
f 2423/517/2679 1657/517/2684 1658/517/2685 2426/517/2682
f 1658/517/2685 1344/517/1301 1659/517/1848 2426/517/2682
f 2426/517/2682 1659/517/1848 1660/517/1847 2425/517/2680
f 2425/517/2680 1660/517/1847 1661/517/1846 2424/517/2681
f 1653/517/2673 2424/517/2681 1661/517/1846 1343/517/1845
f 1652/517/2672 2421/517/2676 2424/517/2681 1653/517/2673
f 2610/517/2677 2421/517/2676 1652/517/2672 2611/517/2671
f 2599/517/2686 2428/517/2687 2427/517/2688 2602/517/2689
f 2598/517/2690 2429/517/2691 2428/517/2687 2599/517/2686
f 2427/517/2688 2428/517/2687 2431/517/2692 2430/517/2693
f 2428/517/2687 2429/517/2691 2432/517/2694 2431/517/2692
f 2595/517/2323 1506/517/2322 2429/517/2691 2598/517/2690
f 2429/517/2691 1506/517/2322 1505/517/2321 2432/517/2694
f 2432/517/2694 1505/517/2321 1313/517/1306 1662/517/1304
f 2431/517/2692 2432/517/2694 1662/517/1304 1663/517/1303
f 2430/517/2693 2431/517/2692 1663/517/1303 1664/517/1302
f 1658/517/2685 2430/517/2693 1664/517/1302 1344/517/1301
f 1657/517/2684 2427/517/2688 2430/517/2693 1658/517/2685
f 2602/517/2689 2427/517/2688 1657/517/2684 2603/517/2683
