# Blender 4.3.2
# www.blender.org
o Mesh1.0
v -0.768201 0.012077 -0.281662
v -0.786445 0.023311 -0.281258
v -0.804191 0.039030 -0.277793
v -0.816507 0.049617 -0.274024
v -0.789810 0.018554 -0.280336
v -0.776717 0.021647 -0.279572
v -0.785733 0.029370 -0.278468
v -0.793899 0.035293 -0.277223
v -0.805664 0.044415 -0.275198
v -0.814496 0.043799 -0.275914
v -0.821784 0.058287 -0.270520
v -0.760019 0.002660 -0.281648
v -0.772208 0.008994 -0.281974
v -0.762509 0.010255 -0.279981
v -0.787558 0.029226 -0.275686
v -0.790701 0.032525 -0.275535
v -0.802519 0.041748 -0.273046
v -0.805604 0.044836 -0.273557
v -0.813605 0.050137 -0.272399
v -0.835640 0.057756 -0.269540
v -0.743930 -0.007660 -0.281420
v -0.746934 -0.002433 -0.280847
v -0.754218 0.003985 -0.279582
v -0.747847 -0.000541 -0.278453
v -0.815535 0.052670 -0.270239
v -0.826299 0.061540 -0.267333
v -0.837207 0.066685 -0.267993
v -0.833204 0.067700 -0.266879
v -0.734950 -0.009421 -0.279159
v -0.759721 0.007581 -0.277574
v -0.772801 0.017354 -0.277186
v -0.827401 0.044088 -0.271732
v -0.815543 0.049928 -0.268884
v -0.840845 0.074669 -0.261215
v -0.854173 0.072736 -0.262071
v -0.846678 0.076745 -0.263020
v -0.728404 -0.016398 -0.278888
v -0.727812 -0.014707 -0.275834
v -0.750447 -0.000367 -0.276504
v -0.827631 0.040092 -0.262662
v -0.846588 0.079850 -0.260487
v -0.720346 -0.019783 -0.276096
v -0.758593 -0.010287 -0.271078
v -0.788767 0.015875 -0.272475
v -0.833055 0.064483 -0.263029
v -0.857102 0.088067 -0.256734
v -0.853812 0.086459 -0.256405
v -0.721531 -0.023355 -0.277792
v -0.705325 -0.031364 -0.273843
v -0.723680 -0.026697 -0.277011
v -0.709367 -0.027050 -0.274115
v -0.714612 -0.024044 -0.272170
v -0.760040 -0.014019 -0.276791
v -0.798370 0.005405 -0.273380
v -0.829376 0.030849 -0.268106
v -0.845085 0.063821 -0.256849
v -0.852395 0.083011 -0.254341
v -0.724029 -0.018593 -0.273391
v -0.865221 0.086139 -0.256693
v -0.694565 -0.038561 -0.270168
v -0.848169 0.054557 -0.263595
v -0.862758 0.094808 -0.251398
v -0.860324 0.091908 -0.250418
v -0.866514 0.095774 -0.252320
v -0.698602 -0.034236 -0.270181
v -0.703395 -0.030605 -0.271113
v -0.791045 -0.000165 -0.265465
v -0.827335 0.019246 -0.257098
v -0.884674 0.098566 -0.244701
v -0.700988 -0.040296 -0.271929
v -0.870125 0.100789 -0.246645
v -0.678138 -0.050610 -0.263594
v -0.705565 -0.031218 -0.269087
v -0.872729 0.099266 -0.241279
v -0.679765 -0.047037 -0.262727
v -0.688314 -0.040694 -0.265755
v -0.831923 0.011514 -0.260760
v -0.874207 0.071219 -0.251206
v -0.883303 0.107402 -0.243060
v -0.880991 0.109352 -0.240907
v -0.750307 -0.041450 -0.265446
v -0.795271 -0.014561 -0.266434
v -0.817141 -0.007307 -0.251503
v -0.879372 0.079833 -0.236655
v -0.669413 -0.053752 -0.257867
v -0.687298 -0.042531 -0.263397
v -0.718198 -0.039628 -0.263598
v -0.733221 -0.029412 -0.267276
v -0.777115 -0.031201 -0.255431
v -0.883884 0.089876 -0.245653
v -0.887227 0.109553 -0.230907
v -0.877938 0.106250 -0.238893
v -0.895739 0.116853 -0.233446
v -0.888687 0.116118 -0.234808
v -0.661076 -0.061510 -0.254012
v -0.718402 -0.050298 -0.265429
v -0.682677 -0.053372 -0.264234
v -0.671355 -0.052427 -0.257177
v -0.678619 -0.049098 -0.258794
v -0.700722 -0.051392 -0.257441
v -0.854591 0.008880 -0.238593
v -0.883973 0.112121 -0.236183
v -0.656640 -0.068138 -0.250583
v -0.894251 0.100530 -0.226256
v -0.864002 0.032124 -0.249952
v -0.883390 0.044753 -0.239038
v -0.860836 0.026450 -0.239898
v -0.901325 0.072343 -0.230027
v -0.896318 0.121488 -0.230436
v -0.651509 -0.066362 -0.247424
v -0.657195 -0.061895 -0.249422
v -0.797013 -0.032083 -0.247767
v -0.847301 0.006390 -0.251020
v -0.902994 0.124219 -0.216145
v -0.892846 0.119123 -0.227420
v -0.910075 0.131181 -0.218662
v -0.697679 -0.074859 -0.248909
v -0.666245 -0.056953 -0.252757
v -0.721216 -0.066971 -0.253650
v -0.762944 -0.060080 -0.249679
v -0.778949 -0.031252 -0.263746
v -0.817260 -0.016531 -0.256184
v -0.905557 0.117451 -0.227420
v -0.643264 -0.074910 -0.241858
v -0.647644 -0.068467 -0.242983
v -0.906194 0.130035 -0.214373
v -0.904460 0.129471 -0.221240
v -0.897762 0.124874 -0.225201
v -0.642159 -0.080180 -0.239068
v -0.737624 -0.052798 -0.251946
v -0.821792 -0.027140 -0.238976
v -0.643215 -0.071536 -0.241250
v -0.841509 -0.008147 -0.238308
v -0.769093 -0.052375 -0.244841
v -0.920594 0.123940 -0.212751
v -0.647137 -0.070529 -0.239450
v -0.806062 -0.056692 -0.235501
v -0.816592 -0.045020 -0.239080
v -0.909051 0.134073 -0.214446
v -0.631361 -0.087473 -0.230117
v -0.631708 -0.082270 -0.232661
v -0.681539 -0.092550 -0.232896
v -0.639161 -0.073902 -0.236932
v -0.859991 -0.014931 -0.231591
v -0.879462 0.007766 -0.228889
v -0.880108 0.017728 -0.222845
v -0.910957 0.058184 -0.217833
v -0.890588 0.042214 -0.222415
v -0.909656 0.092999 -0.224096
v -0.628237 -0.080804 -0.228995
v -0.640931 -0.074112 -0.235180
v -0.687427 -0.059535 -0.252372
v -0.832595 -0.028982 -0.240630
v -0.898795 0.028809 -0.210721
v -0.675882 -0.074899 -0.248601
v -0.658225 -0.074711 -0.237597
v -0.740690 -0.069516 -0.239248
v -0.849468 -0.018704 -0.227110
v -0.899177 0.068525 -0.219646
v -0.919829 0.135612 -0.210339
v -0.630783 -0.078893 -0.228453
v -0.698031 -0.086553 -0.227900
v -0.914945 0.114262 -0.206706
v -0.915925 0.140312 -0.205973
v -0.619158 -0.090149 -0.220951
v -0.768161 -0.072509 -0.238261
v -0.784203 -0.058027 -0.234244
v -0.930254 0.140614 -0.199135
v -0.621403 -0.085552 -0.222512
v -0.925660 0.144045 -0.201081
v -0.918560 0.141731 -0.206300
v -0.929515 0.125134 -0.189028
v -0.617190 -0.087627 -0.216466
v -0.641494 -0.086303 -0.222945
v -0.879506 -0.017488 -0.214574
v -0.881796 -0.002214 -0.211505
v -0.729132 -0.082219 -0.230017
v -0.806859 -0.073766 -0.218950
v -0.812683 -0.053622 -0.224204
v -0.932806 0.121631 -0.200179
v -0.920870 0.138341 -0.197125
v -0.934154 0.153220 -0.178697
v -0.923037 0.145703 -0.194952
v -0.605953 -0.099375 -0.205633
v -0.609826 -0.094762 -0.210968
v -0.619581 -0.086730 -0.216120
v -0.768610 -0.076652 -0.223576
v -0.826912 -0.067400 -0.213628
v -0.843062 -0.046078 -0.222718
v -0.874848 -0.022423 -0.203618
v -0.899925 0.013275 -0.213165
v -0.923807 0.087399 -0.209374
v -0.935871 0.095314 -0.195236
v -0.933986 0.078799 -0.183546
v -0.607915 -0.093250 -0.205248
v -0.687759 -0.104807 -0.208536
v -0.848738 -0.043283 -0.209334
v -0.910224 0.024049 -0.208080
v -0.903633 -0.001278 -0.189726
v -0.920595 0.071704 -0.199273
v -0.931911 0.152041 -0.188715
v -0.600014 -0.106636 -0.195004
v -0.717359 -0.093186 -0.230244
v -0.798724 -0.077005 -0.218857
v -0.847551 -0.051132 -0.214433
v -0.863065 -0.042074 -0.209163
v -0.604984 -0.095227 -0.203329
v -0.610252 -0.093847 -0.204391
v -0.790186 -0.080146 -0.216432
v -0.796647 -0.075333 -0.216157
v -0.814146 -0.075449 -0.212323
v -0.805082 -0.075182 -0.215564
v -0.787608 -0.072118 -0.218844
v -0.873746 -0.033952 -0.207328
v -0.896238 -0.012936 -0.201984
v -0.924494 0.029278 -0.193085
v -0.920582 0.035956 -0.187889
v -0.912452 0.046517 -0.202260
v -0.945946 0.144374 -0.178404
v -0.937516 0.152207 -0.185370
v -0.592914 -0.106768 -0.189480
v -0.670205 -0.113927 -0.206835
v -0.751677 -0.092201 -0.224643
v -0.788582 -0.079847 -0.222184
v -0.787673 -0.082876 -0.217587
v -0.786587 -0.074894 -0.216702
v -0.801972 -0.072482 -0.214612
v -0.801676 -0.069304 -0.215118
v -0.847739 -0.052212 -0.210584
v -0.852467 -0.047527 -0.209365
v -0.861000 -0.043397 -0.207044
v -0.855582 -0.042261 -0.206653
v -0.869847 -0.037481 -0.196808
v -0.895523 -0.014858 -0.198789
v -0.900637 -0.009033 -0.199218
v -0.928389 0.034430 -0.187939
v -0.931046 0.040533 -0.189367
v -0.617347 -0.096071 -0.216120
v -0.663308 -0.105894 -0.202954
v -0.705792 -0.106830 -0.205390
v -0.783407 -0.079626 -0.214549
v -0.811144 -0.075453 -0.211328
v -0.810753 -0.073436 -0.208976
v -0.845127 -0.051737 -0.208255
v -0.843248 -0.048184 -0.209351
v -0.858837 -0.039438 -0.204244
v -0.901299 -0.008777 -0.195443
v -0.925035 0.026463 -0.188705
v -0.932565 0.039914 -0.184804
v -0.927315 0.037813 -0.184865
v -0.930335 0.047785 -0.179776
v -0.934596 0.155328 -0.181367
v -0.599516 -0.098875 -0.197481
v -0.640729 -0.104233 -0.213290
v -0.779945 -0.091800 -0.213185
v -0.783582 -0.083716 -0.213004
v -0.838349 -0.064356 -0.207358
v -0.813573 -0.070107 -0.207532
v -0.842581 -0.058194 -0.208095
v -0.864431 -0.042400 -0.201887
v -0.866919 -0.041090 -0.198109
v -0.893120 -0.020520 -0.197484
v -0.892960 -0.015142 -0.195811
v -0.889746 -0.012656 -0.195959
v -0.894771 -0.010786 -0.195129
v -0.908203 -0.005134 -0.193741
v -0.902217 -0.006523 -0.192867
v -0.895378 -0.005218 -0.195194
v -0.923817 0.031254 -0.186577
v -0.922817 0.037078 -0.186197
v -0.933234 0.040642 -0.182039
v -0.929436 0.043006 -0.181219
v -0.778640 -0.080101 -0.214773
v -0.819167 -0.078717 -0.205984
v -0.840862 -0.063871 -0.203645
v -0.839755 -0.056868 -0.205488
v -0.836330 -0.055858 -0.206398
v -0.869383 -0.042018 -0.203469
v -0.891448 -0.023727 -0.198605
v -0.912182 -0.006412 -0.186238
v -0.907197 -0.005651 -0.189898
v -0.923440 0.023161 -0.185387
v -0.919863 0.025254 -0.185680
v -0.938288 0.041874 -0.177182
v -0.943919 0.060996 -0.163325
v -0.594827 -0.100877 -0.190964
v -0.601188 -0.098013 -0.194873
v -0.780752 -0.098517 -0.204941
v -0.782480 -0.089027 -0.212234
v -0.816407 -0.078573 -0.203703
v -0.873175 -0.047779 -0.193776
v -0.869531 -0.043715 -0.197061
v -0.890085 -0.019313 -0.194174
v -0.909213 -0.000518 -0.182551
v -0.925460 0.019391 -0.186525
v -0.934880 0.041752 -0.177613
v -0.946611 0.113000 -0.181741
v -0.942114 0.134494 -0.170514
v -0.940980 0.159115 -0.175068
v -0.941013 0.160985 -0.169437
v -0.731285 -0.108992 -0.210326
v -0.747632 -0.093441 -0.212770
v -0.779600 -0.085583 -0.209459
v -0.836448 -0.061949 -0.201091
v -0.891917 -0.026410 -0.192822
v -0.887139 -0.020975 -0.193274
v -0.914803 -0.003497 -0.188258
v -0.908798 -0.003522 -0.183978
v -0.920646 0.021610 -0.182544
v -0.940647 0.044883 -0.177872
v -0.938256 0.040154 -0.171134
v -0.940506 0.158878 -0.166459
v -0.588084 -0.104103 -0.182169
v -0.703722 -0.111932 -0.210613
v -0.758087 -0.109996 -0.200870
v -0.781844 -0.094077 -0.205433
v -0.820317 -0.085743 -0.197705
v -0.816542 -0.085404 -0.196570
v -0.815973 -0.078113 -0.199389
v -0.870688 -0.046935 -0.190968
v -0.889935 -0.032618 -0.192299
v -0.916867 -0.009795 -0.179558
v -0.925838 0.014467 -0.185082
v -0.936336 0.044050 -0.171728
v -0.943280 0.063977 -0.180319
v -0.627856 -0.116794 -0.191223
v -0.691700 -0.128796 -0.185040
v -0.778822 -0.092862 -0.201607
v -0.842980 -0.069404 -0.196869
v -0.839891 -0.065892 -0.197199
v -0.871874 -0.052897 -0.189096
v -0.914633 -0.010101 -0.177888
v -0.945804 0.157990 -0.172210
v -0.594720 -0.101439 -0.186464
v -0.610042 -0.107757 -0.183329
v -0.645450 -0.112035 -0.189732
v -0.892470 -0.030419 -0.188152
v -0.887985 -0.026497 -0.188997
v -0.913136 -0.010249 -0.174220
v -0.942336 0.036172 -0.168678
v -0.579986 -0.113757 -0.169733
v -0.583308 -0.108641 -0.176006
v -0.663953 -0.121278 -0.179939
v -0.746628 -0.110355 -0.189587
v -0.784002 -0.099475 -0.198249
v -0.775319 -0.095073 -0.198383
v -0.809987 -0.093974 -0.190584
v -0.815072 -0.083853 -0.194024
v -0.817375 -0.079578 -0.194610
v -0.867589 -0.061777 -0.183481
v -0.868880 -0.052226 -0.185548
v -0.876754 -0.044780 -0.196339
v -0.912802 -0.005953 -0.174785
v -0.942584 0.028507 -0.165525
v -0.939137 0.034690 -0.164684
v -0.956302 0.078058 -0.161367
v -0.948962 0.077796 -0.159053
v -0.587998 -0.113445 -0.177720
v -0.584451 -0.105259 -0.175908
v -0.590801 -0.103674 -0.180136
v -0.748097 -0.116982 -0.191851
v -0.738741 -0.112709 -0.189194
v -0.783540 -0.103494 -0.196908
v -0.808483 -0.090441 -0.188873
v -0.848075 -0.081944 -0.180169
v -0.837296 -0.068007 -0.192581
v -0.902031 -0.041080 -0.169946
v -0.896066 -0.036682 -0.180776
v -0.894745 -0.032766 -0.181749
v -0.916271 -0.015253 -0.174548
v -0.933197 0.010007 -0.170363
v -0.930780 0.014918 -0.173107
v -0.926565 0.015200 -0.169094
v -0.926203 0.017560 -0.173519
v -0.944598 0.040714 -0.170640
v -0.952139 0.103272 -0.156044
v -0.755211 -0.115268 -0.189177
v -0.759061 -0.115230 -0.191739
v -0.788880 -0.101719 -0.192365
v -0.782063 -0.098197 -0.193826
v -0.806682 -0.098657 -0.188373
v -0.796369 -0.102112 -0.188694
v -0.847587 -0.072201 -0.188468
v -0.845889 -0.070266 -0.188777
v -0.865569 -0.058027 -0.182076
v -0.889542 -0.031315 -0.181904
v -0.915402 -0.024888 -0.169030
v -0.911995 -0.021097 -0.171126
v -0.933852 0.016304 -0.167522
v -0.931542 0.017473 -0.166338
v -0.939723 0.018865 -0.164230
v -0.937287 0.025251 -0.163598
v -0.946934 0.165351 -0.154792
v -0.951071 0.166790 -0.156197
v -0.740693 -0.120987 -0.187377
v -0.747184 -0.116192 -0.189931
v -0.747708 -0.112357 -0.189086
v -0.795288 -0.098484 -0.189158
v -0.788250 -0.098995 -0.190672
v -0.798696 -0.095063 -0.186804
v -0.810659 -0.089048 -0.186621
v -0.847874 -0.075968 -0.186699
v -0.859428 -0.071044 -0.181512
v -0.860632 -0.067037 -0.181983
v -0.871325 -0.043533 -0.189905
v -0.911246 -0.017714 -0.169663
v -0.921488 -0.009928 -0.175412
v -0.913982 -0.011300 -0.168102
v -0.934925 0.020781 -0.164141
v -0.937236 0.026477 -0.160114
v -0.939511 0.038196 -0.162837
v -0.958720 0.166576 -0.147163
v -0.948735 0.167276 -0.155437
v -0.578169 -0.109498 -0.166551
v -0.603030 -0.116574 -0.163304
v -0.739592 -0.115497 -0.187082
v -0.763608 -0.117256 -0.183105
v -0.759856 -0.113652 -0.183540
v -0.807730 -0.102127 -0.183975
v -0.767280 -0.115823 -0.172141
v -0.783317 -0.099303 -0.188625
v -0.867544 -0.066354 -0.181291
v -0.852940 -0.070310 -0.183598
v -0.851773 -0.069047 -0.181649
v -0.858480 -0.065734 -0.180671
v -0.868705 -0.053887 -0.181392
v -0.901593 -0.035606 -0.173269
v -0.891264 -0.034711 -0.175403
v -0.897236 -0.033058 -0.173529
v -0.944105 0.024273 -0.162985
v -0.648498 -0.132293 -0.170504
v -0.736623 -0.124766 -0.185251
v -0.768877 -0.117742 -0.182589
v -0.788092 -0.106337 -0.189835
v -0.759667 -0.110831 -0.184282
v -0.845040 -0.070920 -0.183642
v -0.875912 -0.053700 -0.187909
v -0.856159 -0.067861 -0.177194
v -0.906248 -0.033301 -0.170484
v -0.902356 -0.032350 -0.171007
v -0.907390 -0.025858 -0.169816
v -0.910249 -0.020144 -0.166537
v -0.930873 0.016012 -0.164006
v -0.957643 0.050042 -0.151245
v -0.962106 0.097194 -0.136458
v -0.954036 0.135853 -0.149068
v -0.952473 0.168529 -0.142136
v -0.574189 -0.112677 -0.162201
v -0.581698 -0.107966 -0.166441
v -0.736839 -0.123752 -0.182673
v -0.732361 -0.117349 -0.183496
v -0.760464 -0.107483 -0.187705
v -0.880460 -0.062910 -0.170817
v -0.870997 -0.063644 -0.166311
v -0.899391 -0.032279 -0.169466
v -0.905080 -0.027408 -0.168193
v -0.923942 -0.022420 -0.158078
v -0.939230 0.013464 -0.163645
v -0.693258 -0.122607 -0.180433
v -0.765510 -0.119325 -0.175911
v -0.826288 -0.098151 -0.175570
v -0.894032 -0.053255 -0.167953
v -0.882021 -0.053395 -0.166975
v -0.925530 -0.003520 -0.157638
v -0.957021 0.041382 -0.148864
v -0.962326 0.059738 -0.144724
v -0.961615 0.127218 -0.154916
v -0.571208 -0.112615 -0.155507
v -0.735350 -0.128077 -0.177622
v -0.731273 -0.122800 -0.176116
v -0.764810 -0.117663 -0.173163
v -0.817116 -0.104655 -0.172198
v -0.834408 -0.094685 -0.171444
v -0.841622 -0.092652 -0.170417
v -0.826659 -0.089931 -0.173055
v -0.873390 -0.071320 -0.168432
v -0.888090 -0.057663 -0.167663
v -0.893190 -0.054632 -0.163844
v -0.886107 -0.055466 -0.165564
v -0.931881 -0.008476 -0.156784
v -0.932758 -0.006831 -0.159073
v -0.934472 -0.005327 -0.153858
v -0.928039 -0.006015 -0.155486
v -0.958162 0.053843 -0.146801
v -0.957360 0.056272 -0.144750
v -0.953154 0.057834 -0.146691
v -0.959786 0.173338 -0.125238
v -0.957252 0.169537 -0.145789
v -0.676926 -0.136986 -0.166647
v -0.732724 -0.127924 -0.182128
v -0.825253 -0.097836 -0.172653
v -0.832745 -0.091754 -0.169539
v -0.837319 -0.088092 -0.167859
v -0.880709 -0.062082 -0.167402
v -0.878128 -0.058015 -0.166814
v -0.892501 -0.051619 -0.160556
v -0.892822 -0.046110 -0.161484
v -0.926392 -0.014904 -0.156997
v -0.919817 -0.014379 -0.156819
v -0.924044 -0.010432 -0.155918
v -0.939695 -0.000605 -0.150816
v -0.938581 -0.001901 -0.147935
v -0.934059 -0.003024 -0.151954
v -0.940815 0.010141 -0.141851
v -0.955327 0.050986 -0.146079
v -0.952618 0.052445 -0.146518
v -0.951925 0.045447 -0.144890
v -0.962244 0.058839 -0.140624
v -0.958630 0.060754 -0.139658
v -0.956549 0.063044 -0.141501
v -0.574786 -0.121246 -0.153046
v -0.693381 -0.139945 -0.162065
v -0.764739 -0.125725 -0.167103
v -0.817390 -0.101035 -0.170178
v -0.811484 -0.100506 -0.169970
v -0.824166 -0.094544 -0.171379
v -0.839114 -0.092387 -0.166825
v -0.912828 -0.036320 -0.161044
v -0.896835 -0.054136 -0.159738
v -0.900006 -0.034827 -0.163525
v -0.955100 0.044096 -0.144034
v -0.967880 0.147153 -0.138179
v -0.953319 0.170699 -0.144362
v -0.565664 -0.117570 -0.145389
v -0.663729 -0.134127 -0.152299
v -0.717349 -0.138650 -0.164554
v -0.762317 -0.123172 -0.166293
v -0.771168 -0.124690 -0.169542
v -0.762817 -0.121752 -0.162947
v -0.847737 -0.093780 -0.161307
v -0.843185 -0.092883 -0.162960
v -0.871414 -0.079643 -0.157578
v -0.875834 -0.068944 -0.165847
v -0.873265 -0.065998 -0.163897
v -0.923336 -0.023072 -0.154852
v -0.922201 -0.018239 -0.153999
v -0.942369 -0.000416 -0.144513
v -0.936698 0.002916 -0.146325
v -0.956778 0.033839 -0.142861
v -0.955203 0.039939 -0.141917
v -0.963987 0.111805 -0.150902
v -0.558234 -0.124091 -0.129325
v -0.579583 -0.111887 -0.156392
v -0.663850 -0.134262 -0.170779
v -0.679536 -0.137571 -0.163742
v -0.687327 -0.138423 -0.161214
v -0.735948 -0.133830 -0.167215
v -0.713553 -0.140573 -0.140148
v -0.735986 -0.131401 -0.169629
v -0.733577 -0.127373 -0.169514
v -0.728502 -0.125236 -0.170751
v -0.812143 -0.104764 -0.166018
v -0.804383 -0.110148 -0.158464
v -0.842118 -0.090044 -0.161447
v -0.899200 -0.056485 -0.151584
v -0.895947 -0.052960 -0.153196
v -0.918533 -0.020412 -0.152734
v -0.953715 0.038286 -0.139478
v -0.950278 0.038404 -0.142862
v -0.964025 0.174990 -0.130263
v -0.957818 0.173992 -0.130650
v -0.573206 -0.112370 -0.151018
v -0.667341 -0.139211 -0.157643
v -0.633284 -0.121988 -0.167118
v -0.674794 -0.135936 -0.160115
v -0.685451 -0.135613 -0.159538
v -0.680735 -0.134981 -0.160419
v -0.673510 -0.130752 -0.161475
v -0.685876 -0.131232 -0.162380
v -0.736856 -0.127920 -0.161956
v -0.758070 -0.127154 -0.161940
v -0.812502 -0.109931 -0.164618
v -0.897337 -0.047716 -0.152665
v -0.944145 -0.001543 -0.136580
v -0.940288 -0.000043 -0.140421
v -0.954296 0.011308 -0.134271
v -0.957004 0.033271 -0.137772
v -0.967188 0.059573 -0.130911
v -0.564742 -0.115098 -0.142182
v -0.566958 -0.114114 -0.142096
v -0.607963 -0.130465 -0.132026
v -0.700868 -0.144476 -0.152460
v -0.692562 -0.140001 -0.157487
v -0.691930 -0.137213 -0.154526
v -0.671032 -0.133065 -0.158388
v -0.690435 -0.133929 -0.157648
v -0.750403 -0.135602 -0.157873
v -0.759010 -0.132033 -0.160480
v -0.751199 -0.130707 -0.160189
v -0.744009 -0.130937 -0.162054
v -0.752405 -0.127868 -0.159029
v -0.849025 -0.096504 -0.154891
v -0.844627 -0.093987 -0.154105
v -0.845094 -0.088454 -0.158393
v -0.872676 -0.074998 -0.158617
v -0.902213 -0.053901 -0.154899
v -0.896781 -0.054666 -0.142647
v -0.922194 -0.026003 -0.146096
v -0.967401 0.060775 -0.135024
v -0.963276 0.061838 -0.130458
v -0.965416 0.109639 -0.129471
v -0.963278 0.153562 -0.127277
v -0.959624 0.175650 -0.132428
v -0.668181 -0.136576 -0.154831
v -0.741896 -0.135254 -0.161717
v -0.775462 -0.134893 -0.146273
v -0.745551 -0.128860 -0.157607
v -0.759403 -0.124846 -0.157499
v -0.854636 -0.093296 -0.157231
v -0.847431 -0.101134 -0.147796
v -0.869986 -0.073896 -0.156050
v -0.921953 -0.035704 -0.147168
v -0.895983 -0.058463 -0.142668
v -0.960625 0.026253 -0.129986
v -0.954720 0.035100 -0.134559
v -0.965509 0.060115 -0.122022
v -0.665320 -0.139387 -0.150479
v -0.695158 -0.142169 -0.149321
v -0.695680 -0.136138 -0.151336
v -0.722657 -0.136825 -0.145634
v -0.810077 -0.120191 -0.149960
v -0.808426 -0.111349 -0.156546
v -0.874228 -0.082392 -0.148392
v -0.872635 -0.078401 -0.150473
v -0.866109 -0.074186 -0.157775
v -0.899240 -0.061534 -0.143281
v -0.919900 -0.029011 -0.139917
v -0.944633 -0.004447 -0.132640
v -0.948165 0.001886 -0.136491
v -0.940709 -0.003605 -0.131629
v -0.939765 0.001960 -0.138876
v -0.969966 0.063187 -0.131494
v -0.969862 0.056973 -0.125421
v -0.664414 -0.141926 -0.150895
v -0.732839 -0.142873 -0.148397
v -0.811160 -0.114937 -0.154321
v -0.843903 -0.098620 -0.145942
v -0.924252 -0.033048 -0.142581
v -0.924731 -0.030238 -0.140428
v -0.923460 -0.028282 -0.138509
v -0.955484 0.005349 -0.124855
v -0.960245 0.018683 -0.125466
v -0.953889 0.019537 -0.121852
v -0.610335 -0.129854 -0.159159
v -0.662282 -0.144932 -0.144827
v -0.693754 -0.141635 -0.143370
v -0.784081 -0.135544 -0.136516
v -0.810284 -0.112785 -0.165809
v -0.841861 -0.107232 -0.140994
v -0.903997 -0.060953 -0.140282
v -0.896368 -0.066303 -0.138189
v -0.894466 -0.062657 -0.137754
v -0.944093 -0.012983 -0.126719
v -0.940293 -0.011831 -0.127016
v -0.970064 0.052842 -0.120504
v -0.975738 0.120266 -0.124877
v -0.662253 -0.138714 -0.140065
v -0.812504 -0.115693 -0.149423
v -0.809620 -0.113823 -0.146344
v -0.845161 -0.096162 -0.143821
v -0.875686 -0.081675 -0.144567
v -0.868456 -0.080085 -0.144848
v -0.907510 -0.051859 -0.128958
v -0.929562 -0.030214 -0.132439
v -0.925768 -0.028403 -0.132372
v -0.939926 -0.008522 -0.126650
v -0.962266 0.032034 -0.125645
v -0.960402 0.035527 -0.124038
v -0.958604 0.034846 -0.122928
v -0.969961 0.047389 -0.117918
v -0.966291 0.052479 -0.118457
v -0.965691 0.058022 -0.117174
v -0.964821 0.065070 -0.121954
v -0.964417 0.179562 -0.120880
v -0.557053 -0.117621 -0.127512
v -0.702449 -0.148510 -0.143019
v -0.694456 -0.148550 -0.137541
v -0.638483 -0.133149 -0.144258
v -0.722591 -0.144297 -0.142789
v -0.728952 -0.142954 -0.144260
v -0.741657 -0.143259 -0.143842
v -0.735229 -0.142490 -0.142783
v -0.731177 -0.138219 -0.143563
v -0.732359 -0.135225 -0.146367
v -0.778119 -0.130001 -0.136537
v -0.812932 -0.120048 -0.145821
v -0.818346 -0.118500 -0.141670
v -0.840332 -0.103449 -0.140474
v -0.877749 -0.085838 -0.139202
v -0.874163 -0.080355 -0.141492
v -0.872082 -0.080077 -0.139723
v -0.889400 -0.074235 -0.135423
v -0.888668 -0.071148 -0.133869
v -0.913376 -0.054953 -0.130616
v -0.918249 -0.049764 -0.130113
v -0.929960 -0.034539 -0.131004
v -0.936481 -0.023513 -0.127696
v -0.948768 -0.006726 -0.127888
v -0.954712 0.007570 -0.123233
v -0.944515 0.002981 -0.125617
v -0.948842 0.007726 -0.123764
v -0.953674 0.013333 -0.122565
v -0.958732 0.015877 -0.123738
v -0.960959 0.020550 -0.117813
v -0.957623 0.018967 -0.119491
v -0.966759 0.029106 -0.118360
v -0.965867 0.038144 -0.118737
v -0.963577 0.039917 -0.119010
v -0.964941 0.045095 -0.117423
v -0.563013 -0.125296 -0.133039
v -0.553641 -0.121525 -0.121926
v -0.664578 -0.142004 -0.141655
v -0.720666 -0.142226 -0.141058
v -0.743133 -0.144024 -0.138296
v -0.725339 -0.139073 -0.143690
v -0.738074 -0.137713 -0.139498
v -0.826408 -0.116510 -0.138473
v -0.848056 -0.105409 -0.142143
v -0.834790 -0.109580 -0.138319
v -0.860414 -0.103737 -0.128604
v -0.839641 -0.103198 -0.137690
v -0.889196 -0.077746 -0.133070
v -0.883371 -0.078696 -0.136141
v -0.879553 -0.077415 -0.135592
v -0.910927 -0.057018 -0.134557
v -0.894450 -0.061517 -0.134833
v -0.916068 -0.048801 -0.126466
v -0.923570 -0.044771 -0.128833
v -0.917320 -0.042770 -0.124362
v -0.925940 -0.028061 -0.127996
v -0.931536 -0.022182 -0.127348
v -0.936732 -0.015448 -0.125150
v -0.965342 0.022523 -0.116312
v -0.963945 0.021044 -0.115263
v -0.958653 0.023397 -0.116019
v -0.970376 0.041346 -0.115856
v -0.962329 0.040396 -0.116077
v -0.964859 0.049827 -0.113920
v -0.974908 0.088625 -0.104505
v -0.970536 0.174119 -0.119097
v -0.587623 -0.135759 -0.128073
v -0.583093 -0.121537 -0.132838
v -0.691363 -0.143038 -0.136044
v -0.817834 -0.122959 -0.136953
v -0.809284 -0.123017 -0.125396
v -0.834787 -0.113831 -0.137346
v -0.827400 -0.112889 -0.137959
v -0.817751 -0.114806 -0.141014
v -0.829352 -0.109899 -0.135896
v -0.881212 -0.082146 -0.137510
v -0.878479 -0.078191 -0.131867
v -0.889861 -0.069094 -0.129949
v -0.909586 -0.058893 -0.128741
v -0.910138 -0.051914 -0.127376
v -0.926370 -0.043593 -0.120650
v -0.912662 -0.047508 -0.126184
v -0.952234 -0.002440 -0.123510
v -0.935314 -0.018201 -0.119992
v -0.941257 -0.007249 -0.121777
v -0.951360 0.003105 -0.120893
v -0.956877 0.025524 -0.118838
v -0.975361 0.063552 -0.115410
v -0.976141 0.067542 -0.112467
v -0.977290 0.074024 -0.110107
v -0.978320 0.076061 -0.112623
v -0.980661 0.084281 -0.109362
v -0.558642 -0.117013 -0.125718
v -0.686539 -0.150545 -0.130574
v -0.685418 -0.145328 -0.131303
v -0.743924 -0.141367 -0.129388
v -0.776523 -0.137070 -0.134211
v -0.745494 -0.138889 -0.130590
v -0.796071 -0.134096 -0.133479
v -0.790689 -0.134050 -0.133146
v -0.767172 -0.134422 -0.132898
v -0.814186 -0.113929 -0.140490
v -0.906825 -0.062320 -0.125765
v -0.921242 -0.043603 -0.120516
v -0.942888 -0.019609 -0.123368
v -0.951594 -0.005455 -0.118358
v -0.973763 0.069392 -0.108948
v -0.973759 0.077822 -0.108236
v -0.978669 0.079191 -0.107832
v -0.971715 0.079819 -0.109484
v -0.553312 -0.118424 -0.119535
v -0.573005 -0.124439 -0.112042
v -0.668594 -0.148989 -0.132489
v -0.691707 -0.152574 -0.129421
v -0.667930 -0.144879 -0.132643
v -0.635050 -0.140741 -0.120513
v -0.718334 -0.146224 -0.141931
v -0.717475 -0.145360 -0.138178
v -0.714803 -0.142222 -0.137205
v -0.748766 -0.146095 -0.133250
v -0.744792 -0.145168 -0.128000
v -0.773370 -0.139512 -0.134334
v -0.778272 -0.134293 -0.133912
v -0.777864 -0.131626 -0.134404
v -0.787278 -0.130646 -0.131672
v -0.791780 -0.128278 -0.130073
v -0.825085 -0.111688 -0.134903
v -0.905994 -0.055636 -0.126858
v -0.925314 -0.038055 -0.114798
v -0.949616 -0.015028 -0.113794
v -0.950650 -0.005914 -0.114944
v -0.948413 -0.002382 -0.115544
v -0.964883 0.021684 -0.104074
v -0.962513 0.024085 -0.106733
v -0.972631 0.052768 -0.118473
v -0.963291 0.029559 -0.103493
v -0.971072 0.069489 -0.109007
v -0.980929 0.082669 -0.104656
v -0.976821 0.083934 -0.103393
v -0.985594 0.108702 -0.096719
v -0.551700 -0.127958 -0.112472
v -0.666715 -0.150256 -0.132084
v -0.675268 -0.153106 -0.124458
v -0.674728 -0.150241 -0.128224
v -0.676720 -0.148703 -0.128307
v -0.672584 -0.146079 -0.128356
v -0.665188 -0.142191 -0.132086
v -0.673100 -0.145968 -0.121534
v -0.676128 -0.145423 -0.126533
v -0.770616 -0.136600 -0.131105
v -0.796689 -0.134810 -0.126205
v -0.791675 -0.130720 -0.128140
v -0.840693 -0.117601 -0.124237
v -0.872043 -0.098461 -0.121046
v -0.900798 -0.061411 -0.125333
v -0.904368 -0.062715 -0.122020
v -0.975490 0.059533 -0.108139
v -0.972338 0.060643 -0.104729
v -0.979056 0.082930 -0.102177
v -0.965322 0.179502 -0.108451
v -0.964253 0.180407 -0.115106
v -0.970358 0.182667 -0.106996
v -0.713336 -0.146332 -0.130460
v -0.693914 -0.142963 -0.131546
v -0.748743 -0.149263 -0.123089
v -0.796297 -0.133104 -0.119730
v -0.858053 -0.098751 -0.122059
v -0.932099 -0.040707 -0.118568
v -0.929990 -0.043695 -0.111280
v -0.925618 -0.041248 -0.112584
v -0.949910 -0.006012 -0.109957
v -0.947493 -0.005155 -0.112078
v -0.967361 0.017993 -0.101186
v -0.977541 0.047056 -0.098856
v -0.972250 0.057292 -0.101075
v -0.972811 0.115952 -0.111499
v -0.606017 -0.149814 -0.099411
v -0.549832 -0.119360 -0.111847
v -0.629437 -0.145145 -0.132707
v -0.712692 -0.151310 -0.127352
v -0.710281 -0.145054 -0.127278
v -0.744867 -0.148179 -0.122961
v -0.765975 -0.144431 -0.129237
v -0.767178 -0.141907 -0.126975
v -0.766580 -0.138910 -0.126501
v -0.800353 -0.135436 -0.124100
v -0.870986 -0.097622 -0.118441
v -0.869967 -0.092300 -0.118447
v -0.930926 -0.045512 -0.106458
v -0.963563 0.024006 -0.097833
v -0.980725 0.083674 -0.095077
v -0.970872 0.180209 -0.111389
v -0.546604 -0.126382 -0.106577
v -0.708311 -0.160952 -0.097656
v -0.741499 -0.146228 -0.117740
v -0.813215 -0.136003 -0.108694
v -0.861238 -0.105026 -0.120662
v -0.864619 -0.100971 -0.119998
v -0.877486 -0.095641 -0.112943
v -0.862137 -0.098862 -0.118991
v -0.884188 -0.091134 -0.117682
v -0.866707 -0.096131 -0.118601
v -0.872530 -0.094770 -0.114548
v -0.904867 -0.068834 -0.124468
v -0.905893 -0.071455 -0.113610
v -0.904380 -0.066371 -0.115555
v -0.946056 -0.020371 -0.090023
v -0.950982 -0.004956 -0.103426
v -0.966029 0.013050 -0.097035
v -0.963476 0.020050 -0.099134
v -0.975701 0.055811 -0.101322
v -0.973122 0.053201 -0.093129
v -0.974986 0.183256 -0.098842
v -0.640564 -0.152705 -0.113479
v -0.708965 -0.153724 -0.124666
v -0.683521 -0.144371 -0.127527
v -0.713357 -0.150518 -0.121703
v -0.742262 -0.153986 -0.112392
v -0.739645 -0.151432 -0.114185
v -0.745132 -0.143481 -0.117494
v -0.801789 -0.139760 -0.108890
v -0.797943 -0.137318 -0.112510
v -0.878143 -0.095497 -0.118965
v -0.925856 -0.045350 -0.103616
v -0.925805 -0.043021 -0.103572
v -0.968415 0.020594 -0.104387
v -0.984314 0.082706 -0.094535
v -0.544618 -0.119908 -0.101220
v -0.763586 -0.139274 -0.122742
v -0.856705 -0.104384 -0.115904
v -0.906024 -0.067191 -0.108521
v -0.927865 -0.048637 -0.102409
v -0.950260 -0.025048 -0.095888
v -0.952265 -0.011921 -0.108386
v -0.954716 -0.008140 -0.100416
v -0.953356 -0.003883 -0.098761
v -0.962545 0.004149 -0.093869
v -0.960446 0.008948 -0.094601
v -0.975256 0.055259 -0.093524
v -0.981613 0.080925 -0.088423
v -0.986891 0.163856 -0.080820
v -0.546448 -0.119215 -0.100400
v -0.714739 -0.153909 -0.114536
v -0.764292 -0.147667 -0.116049
v -0.830627 -0.127859 -0.108005
v -0.796761 -0.135064 -0.110923
v -0.854070 -0.112590 -0.114743
v -0.855196 -0.108314 -0.113419
v -0.852602 -0.107416 -0.111895
v -0.883952 -0.095165 -0.103472
v -0.878569 -0.093824 -0.105695
v -0.878581 -0.090117 -0.106580
v -0.901185 -0.066807 -0.114198
v -0.909088 -0.067729 -0.105310
v -0.905390 -0.067392 -0.104149
v -0.934735 -0.045367 -0.100779
v -0.921747 -0.053896 -0.100364
v -0.957369 -0.000213 -0.095518
v -0.953360 -0.003927 -0.093041
v -0.960458 0.010888 -0.093306
v -0.979403 0.051394 -0.090040
v -0.985958 0.079324 -0.087839
v -0.979511 0.088387 -0.089382
v -0.980411 0.121832 -0.089229
v -0.978653 0.153742 -0.085597
v -0.973306 0.162207 -0.098835
v -0.972742 0.185984 -0.094351
v -0.552307 -0.118185 -0.114163
v -0.658330 -0.155407 -0.103636
v -0.728788 -0.157653 -0.103588
v -0.714244 -0.151243 -0.112866
v -0.760310 -0.149415 -0.119033
v -0.731751 -0.153237 -0.108129
v -0.733079 -0.149792 -0.108530
v -0.764779 -0.146897 -0.112124
v -0.794287 -0.140738 -0.103463
v -0.797945 -0.130652 -0.117857
v -0.848080 -0.121807 -0.102832
v -0.850976 -0.116434 -0.112524
v -0.910458 -0.070684 -0.103683
v -0.910474 -0.065056 -0.101338
v -0.915911 -0.067670 -0.099028
v -0.915106 -0.064922 -0.101136
v -0.925293 -0.054436 -0.100173
v -0.922412 -0.049334 -0.098413
v -0.957350 -0.009666 -0.096365
v -0.956082 0.000925 -0.094332
v -0.976978 0.029535 -0.088731
v -0.975906 0.056213 -0.088840
v -0.982016 0.073859 -0.084062
v -0.983816 0.138096 -0.101763
v -0.540160 -0.122044 -0.094227
v -0.648363 -0.155660 -0.102586
v -0.718149 -0.155377 -0.109101
v -0.724900 -0.156449 -0.105605
v -0.709059 -0.149112 -0.111486
v -0.726466 -0.153392 -0.105744
v -0.824889 -0.129975 -0.104806
v -0.848663 -0.110951 -0.107228
v -0.879866 -0.095252 -0.099719
v -0.916133 -0.059307 -0.099153
v -0.949139 -0.026880 -0.090164
v -0.961981 -0.003053 -0.091881
v -0.950439 -0.014936 -0.085997
v -0.967921 0.009357 -0.093676
v -0.973030 0.017120 -0.088232
v -0.975130 0.024151 -0.084851
v -0.982077 0.053327 -0.084852
v -0.980320 0.083677 -0.084086
v -0.661216 -0.155090 -0.101809
v -0.673630 -0.159126 -0.098716
v -0.657349 -0.151863 -0.101695
v -0.654958 -0.148502 -0.103356
v -0.664801 -0.150057 -0.101674
v -0.713549 -0.157966 -0.106925
v -0.747726 -0.162637 -0.075642
v -0.720329 -0.153189 -0.107616
v -0.763904 -0.153605 -0.102547
v -0.766265 -0.150208 -0.105441
v -0.764252 -0.146294 -0.107447
v -0.760457 -0.144785 -0.108144
v -0.792042 -0.144148 -0.100388
v -0.817670 -0.133808 -0.105560
v -0.792849 -0.138051 -0.100311
v -0.802327 -0.132488 -0.106136
v -0.833576 -0.127936 -0.099932
v -0.822097 -0.128268 -0.101765
v -0.878805 -0.093721 -0.096888
v -0.908060 -0.077413 -0.098064
v -0.929911 -0.051636 -0.098564
v -0.936511 -0.033338 -0.091230
v -0.954948 -0.020344 -0.088224
v -0.949654 -0.022187 -0.088126
v -0.972043 0.031127 -0.082417
v -0.978971 0.035443 -0.084649
v -0.978445 0.035877 -0.081275
v -0.970990 0.034431 -0.083010
v -0.982250 0.046423 -0.084043
v -0.985683 0.069316 -0.082330
v -0.979520 0.059249 -0.083747
v -0.983828 0.060158 -0.082017
v -0.979867 0.072117 -0.080647
v -0.972751 0.186843 -0.085978
v -0.577050 -0.142618 -0.094990
v -0.539687 -0.118726 -0.087991
v -0.651424 -0.154136 -0.101565
v -0.664957 -0.155301 -0.098229
v -0.664129 -0.152304 -0.097367
v -0.717939 -0.151164 -0.103076
v -0.726535 -0.151137 -0.102610
v -0.771429 -0.151375 -0.100009
v -0.778420 -0.151484 -0.096415
v -0.786677 -0.142281 -0.098269
v -0.814645 -0.129397 -0.101762
v -0.831910 -0.126047 -0.098392
v -0.825945 -0.125131 -0.101431
v -0.831555 -0.123248 -0.099385
v -0.853720 -0.115113 -0.100423
v -0.852431 -0.111745 -0.104906
v -0.877897 -0.100152 -0.090542
v -0.910761 -0.066153 -0.090096
v -0.918010 -0.055896 -0.095554
v -0.941797 -0.039148 -0.090687
v -0.937774 -0.035581 -0.087808
v -0.942415 -0.029518 -0.089767
v -0.955076 -0.018062 -0.083413
v -0.952862 -0.017265 -0.083330
v -0.969471 0.004350 -0.081003
v -0.970347 0.023240 -0.082036
v -0.966471 0.021796 -0.083550
v -0.974590 0.037629 -0.078805
v -0.974995 0.043095 -0.077835
v -0.976979 0.059084 -0.082938
v -0.979275 0.064905 -0.081115
v -0.979209 0.182279 -0.090322
v -0.642597 -0.154049 -0.095375
v -0.641010 -0.148905 -0.096556
v -0.670294 -0.158726 -0.091121
v -0.643893 -0.147086 -0.100823
v -0.734981 -0.149000 -0.105048
v -0.769188 -0.147891 -0.100568
v -0.764645 -0.147059 -0.098420
v -0.781477 -0.147939 -0.098224
v -0.777435 -0.145397 -0.096514
v -0.807651 -0.133415 -0.098139
v -0.814446 -0.131749 -0.099394
v -0.852726 -0.117237 -0.102979
v -0.883123 -0.101941 -0.087244
v -0.899738 -0.089311 -0.086689
v -0.941615 -0.035814 -0.088860
v -0.959540 -0.015372 -0.076569
v -0.981330 0.040507 -0.074459
v -0.978138 0.040942 -0.074397
v -0.991075 0.096355 -0.079244
v -0.971757 0.184500 -0.088237
v -0.535777 -0.123935 -0.085573
v -0.701031 -0.160712 -0.096790
v -0.667816 -0.152263 -0.093219
v -0.795908 -0.146543 -0.096851
v -0.810517 -0.138470 -0.098867
v -0.778444 -0.144805 -0.092497
v -0.842262 -0.128591 -0.090823
v -0.838501 -0.130084 -0.086485
v -0.834636 -0.125809 -0.092599
v -0.857015 -0.117418 -0.092200
v -0.854732 -0.113598 -0.093549
v -0.876915 -0.098259 -0.087339
v -0.935248 -0.040170 -0.084569
v -0.932863 -0.044943 -0.079373
v -0.970907 0.014813 -0.080305
v -0.967769 0.018796 -0.080000
v -0.965156 0.011384 -0.075076
v -0.983879 0.043170 -0.075734
v -0.986825 0.090160 -0.062515
v -0.987937 0.153735 -0.049771
v -0.538143 -0.128662 -0.088160
v -0.636111 -0.156848 -0.090038
v -0.641146 -0.155739 -0.094930
v -0.668682 -0.155530 -0.085923
v -0.720182 -0.162071 -0.087791
v -0.707678 -0.159909 -0.090991
v -0.808982 -0.136168 -0.094953
v -0.800238 -0.138694 -0.088357
v -0.859055 -0.118277 -0.088788
v -0.872812 -0.106228 -0.085513
v -0.898757 -0.079494 -0.085580
v -0.908810 -0.072580 -0.081211
v -0.937813 -0.043161 -0.083724
v -0.962030 -0.012559 -0.079186
v -0.955141 -0.013550 -0.076745
v -0.971079 0.008910 -0.078353
v -0.987387 0.060427 -0.077332
v -0.549195 -0.135405 -0.077554
v -0.534472 -0.118914 -0.078920
v -0.635932 -0.150309 -0.087762
v -0.610434 -0.142666 -0.087603
v -0.634448 -0.147707 -0.092431
v -0.698424 -0.160602 -0.089614
v -0.669696 -0.154333 -0.084686
v -0.699407 -0.158237 -0.088332
v -0.715820 -0.160838 -0.085618
v -0.710995 -0.157575 -0.088697
v -0.705418 -0.157008 -0.090044
v -0.703598 -0.154494 -0.091295
v -0.808499 -0.139844 -0.093678
v -0.858747 -0.113609 -0.088993
v -0.853214 -0.114068 -0.087696
v -0.901370 -0.084075 -0.081757
v -0.910816 -0.078524 -0.082405
v -0.905651 -0.078759 -0.081356
v -0.914290 -0.076059 -0.085245
v -0.908978 -0.075046 -0.079521
v -0.980609 0.040353 -0.063293
v -0.992586 0.080456 -0.066741
v -0.673002 -0.163194 -0.075279
v -0.693737 -0.161752 -0.084851
v -0.715933 -0.157251 -0.083618
v -0.712355 -0.154403 -0.090049
v -0.835350 -0.127633 -0.083113
v -0.865877 -0.112463 -0.085240
v -0.890772 -0.096576 -0.088631
v -0.871873 -0.104196 -0.084416
v -0.865487 -0.109290 -0.083186
v -0.900426 -0.087990 -0.082541
v -0.917036 -0.075315 -0.076160
v -0.899885 -0.080891 -0.082243
v -0.911665 -0.073207 -0.077542
v -0.938033 -0.046523 -0.083615
v -0.960326 -0.018481 -0.067480
v -0.957027 -0.015262 -0.068171
v -0.956906 -0.012424 -0.067188
v -0.971153 0.007311 -0.070397
v -0.967885 0.011593 -0.073141
v -0.966545 0.008209 -0.064054
v -0.979646 0.043684 -0.058663
v -0.978118 0.047012 -0.070773
v -0.994780 0.092089 -0.060718
v -0.977491 0.190089 -0.074378
v -0.637231 -0.154611 -0.084335
v -0.691993 -0.157975 -0.081652
v -0.697101 -0.155958 -0.087693
v -0.689205 -0.155490 -0.084595
v -0.765030 -0.158812 -0.080066
v -0.805713 -0.139068 -0.086010
v -0.838565 -0.132479 -0.080695
v -0.894197 -0.095293 -0.077139
v -0.874271 -0.101799 -0.079937
v -0.887612 -0.093307 -0.075045
v -0.936565 -0.046210 -0.075245
v -0.934386 -0.045532 -0.075390
v -0.972993 0.004332 -0.063412
v -0.984644 0.039740 -0.063284
v -0.986960 0.040399 -0.059203
v -0.985375 0.077364 -0.063356
v -0.636036 -0.157936 -0.081035
v -0.670590 -0.160711 -0.079116
v -0.720201 -0.163066 -0.072330
v -0.804089 -0.144275 -0.092922
v -0.806916 -0.142771 -0.084057
v -0.834074 -0.130370 -0.077282
v -0.874646 -0.110544 -0.082638
v -0.837017 -0.122150 -0.091756
v -0.864314 -0.109975 -0.078961
v -0.892327 -0.090807 -0.076388
v -0.919415 -0.074689 -0.071294
v -0.914618 -0.073821 -0.071624
v -0.914083 -0.071576 -0.072060
v -0.937827 -0.050899 -0.073067
v -0.956067 -0.019040 -0.063163
v -0.990897 0.068838 -0.062746
v -0.992143 0.082021 -0.063029
v -0.988664 0.079611 -0.062319
v -0.989541 0.088087 -0.059882
v -0.979170 0.188148 -0.079813
v -0.522268 -0.125842 -0.060698
v -0.571403 -0.146810 -0.065129
v -0.597897 -0.154737 -0.065598
v -0.555186 -0.125190 -0.069141
v -0.637113 -0.154807 -0.076686
v -0.666941 -0.155896 -0.075624
v -0.718879 -0.158771 -0.074859
v -0.754708 -0.160943 -0.075661
v -0.763224 -0.158536 -0.076451
v -0.810698 -0.145622 -0.072541
v -0.806120 -0.145569 -0.081325
v -0.807086 -0.141579 -0.079014
v -0.803144 -0.141014 -0.076729
v -0.832233 -0.135732 -0.072978
v -0.863741 -0.118035 -0.080857
v -0.834926 -0.127954 -0.074724
v -0.929863 -0.060978 -0.077328
v -0.939559 -0.046911 -0.068385
v -0.935136 -0.046003 -0.069101
v -0.962495 -0.018111 -0.065732
v -0.955494 -0.024759 -0.061047
v -0.958582 -0.024565 -0.061449
v -0.969487 0.009970 -0.062929
v -0.983207 0.031067 -0.055626
v -0.980146 0.038003 -0.059059
v -0.991225 0.063566 -0.061537
v -0.984105 0.065136 -0.058776
v -0.986475 0.072452 -0.060845
v -0.993434 0.088436 -0.058659
v -0.523671 -0.124007 -0.064202
v -0.526912 -0.116576 -0.066518
v -0.621088 -0.148474 -0.069598
v -0.690276 -0.163196 -0.079811
v -0.662509 -0.159426 -0.067883
v -0.773299 -0.157345 -0.072947
v -0.758548 -0.155946 -0.073717
v -0.767263 -0.154956 -0.073946
v -0.761084 -0.153052 -0.075902
v -0.771208 -0.153758 -0.072144
v -0.828890 -0.133696 -0.070400
v -0.854118 -0.119597 -0.069070
v -0.874280 -0.107554 -0.061774
v -0.919426 -0.076564 -0.065408
v -0.914675 -0.076940 -0.061102
v -0.954252 -0.030696 -0.060246
v -0.955444 -0.017580 -0.058576
v -0.973070 0.008051 -0.061974
v -0.979466 0.032753 -0.056274
v -0.989851 0.092379 -0.055697
v -0.978189 0.188993 -0.063682
v -0.536433 -0.130535 -0.080548
v -0.638622 -0.158441 -0.069798
v -0.662761 -0.162717 -0.064691
v -0.635324 -0.151370 -0.074333
v -0.691888 -0.161276 -0.078395
v -0.724310 -0.165874 -0.061536
v -0.753671 -0.158818 -0.072119
v -0.776623 -0.156785 -0.069385
v -0.746305 -0.156156 -0.071624
v -0.771838 -0.151763 -0.073841
v -0.826711 -0.141039 -0.067611
v -0.840232 -0.134633 -0.074119
v -0.821320 -0.140533 -0.069272
v -0.810697 -0.141945 -0.072628
v -0.851220 -0.131322 -0.061005
v -0.831133 -0.131686 -0.067842
v -0.891877 -0.099022 -0.069147
v -0.915467 -0.080918 -0.057229
v -0.945401 -0.044266 -0.061530
v -0.949324 -0.036317 -0.059740
v -0.942983 -0.041868 -0.062042
v -0.951513 -0.026670 -0.056832
v -0.972996 0.013554 -0.057406
v -0.975400 0.022234 -0.054141
v -0.978717 0.036734 -0.054284
v -0.987202 0.063391 -0.055824
v -0.994377 0.091653 -0.052362
v -0.989847 0.098412 -0.051170
v -0.534792 -0.117695 -0.073650
v -0.662648 -0.156291 -0.067577
v -0.782513 -0.156638 -0.071707
v -0.774886 -0.153490 -0.067258
v -0.814761 -0.143638 -0.069487
v -0.814566 -0.140866 -0.069450
v -0.914527 -0.074020 -0.060319
v -0.951876 -0.037700 -0.057731
v -0.940696 -0.041411 -0.060546
v -0.977574 0.020796 -0.054482
v -0.990852 0.057646 -0.054100
v -0.983797 0.059761 -0.054654
v -0.626849 -0.158619 -0.077088
v -0.641388 -0.158458 -0.065389
v -0.650359 -0.161339 -0.059673
v -0.638869 -0.153149 -0.067718
v -0.633130 -0.152412 -0.050946
v -0.653957 -0.158954 -0.062989
v -0.691467 -0.164618 -0.066994
v -0.690699 -0.160133 -0.067462
v -0.718986 -0.164781 -0.059724
v -0.720780 -0.156799 -0.075062
v -0.778491 -0.151626 -0.062823
v -0.812678 -0.140428 -0.067039
v -0.871245 -0.119113 -0.059990
v -0.889298 -0.096633 -0.067625
v -0.910817 -0.081262 -0.052482
v -0.980045 0.035879 -0.046095
v -0.991827 0.093766 -0.046994
v -0.988142 0.187811 -0.052975
v -0.983034 0.191511 -0.058522
v -0.640913 -0.161086 -0.060280
v -0.647085 -0.158721 -0.062193
v -0.644221 -0.155350 -0.063276
v -0.651967 -0.156119 -0.061244
v -0.662933 -0.155779 -0.063247
v -0.716502 -0.162123 -0.058632
v -0.747440 -0.162596 -0.069351
v -0.748528 -0.158617 -0.069786
v -0.779878 -0.157799 -0.061808
v -0.776544 -0.154570 -0.059782
v -0.813783 -0.146565 -0.066723
v -0.890711 -0.105412 -0.054796
v -0.886301 -0.106775 -0.067106
v -0.892460 -0.100461 -0.059288
v -0.891255 -0.097385 -0.057999
v -0.886548 -0.097519 -0.065346
v -0.971498 0.014269 -0.052612
v -0.985343 0.056539 -0.044256
v -0.996750 0.092693 -0.050136
v -0.997624 0.091134 -0.043278
v -0.998086 0.100118 -0.050057
v -0.994687 0.121881 -0.062256
v -0.522528 -0.116384 -0.060632
v -0.524184 -0.114003 -0.058385
v -0.633022 -0.150264 -0.070899
v -0.695538 -0.163834 -0.058992
v -0.693605 -0.160856 -0.059274
v -0.680846 -0.159985 -0.046306
v -0.687859 -0.158842 -0.062119
v -0.716895 -0.159923 -0.058451
v -0.867037 -0.121625 -0.054898
v -0.909638 -0.089189 -0.051701
v -0.977865 0.011250 -0.053904
v -0.990554 0.050693 -0.051551
v -0.991182 0.056128 -0.046157
v -0.993517 0.091031 -0.040614
v -0.982871 0.173295 -0.058041
v -0.513864 -0.119691 -0.052713
v -0.632359 -0.160202 -0.053000
v -0.581672 -0.134931 -0.078759
v -0.694496 -0.167344 -0.054088
v -0.714169 -0.165373 -0.054128
v -0.737758 -0.165118 -0.064869
v -0.711190 -0.161325 -0.049183
v -0.775365 -0.155717 -0.053126
v -0.801628 -0.152659 -0.060742
v -0.859204 -0.123605 -0.052773
v -0.853610 -0.124148 -0.052664
v -0.896882 -0.099103 -0.052586
v -0.895110 -0.096528 -0.052357
v -0.901404 -0.094834 -0.050598
v -0.904265 -0.088958 -0.048389
v -0.950849 -0.044410 -0.041301
v -0.955293 -0.025580 -0.036813
v -0.950321 -0.027717 -0.053409
v -0.962720 -0.009429 -0.043706
v -0.984170 0.022362 -0.039089
v 0.393699 -0.083801 -0.043867
v 0.442159 -0.062118 -0.043066
v 0.333520 -0.057626 -0.045896
v -0.515923 -0.110956 -0.050228
v -0.695773 -0.165928 -0.057291
v -0.708967 -0.166018 -0.051892
v -0.701692 -0.163145 -0.054434
v -0.707589 -0.162526 -0.051445
v -0.712207 -0.162809 -0.053234
v -0.738155 -0.158930 -0.057061
v -0.782809 -0.159589 -0.052464
v -0.776634 -0.158886 -0.051967
v -0.852286 -0.130700 -0.055533
v -0.866094 -0.120571 -0.050506
v -0.859599 -0.120328 -0.052417
v -0.866283 -0.117573 -0.049134
v -0.870157 -0.115370 -0.042818
v -0.892585 -0.096788 -0.047487
v -0.921487 -0.076443 -0.061191
v -0.926162 -0.062580 -0.054012
v -0.956866 -0.034700 -0.042876
v -0.947049 -0.037875 -0.039924
v -0.963403 -0.025046 -0.034512
v -0.980587 0.016915 -0.050184
v -0.977845 0.023934 -0.035415
v -0.985408 0.044422 -0.026424
v -0.987064 0.059239 -0.047288
v -0.997630 0.086032 -0.037647
v -0.997918 0.154521 -0.039794
v -0.982681 0.193541 -0.032379
v -0.981781 0.193633 -0.050917
v 0.577439 -0.084258 -0.040669
v 0.501713 -0.080678 -0.040754
v 0.418174 -0.099483 -0.040296
v 0.450469 -0.088742 -0.041089
v 0.665602 -0.073921 -0.039338
v 0.650969 -0.077073 -0.041265
v 0.545620 -0.058993 -0.041631
v 0.636889 -0.043905 -0.040604
v 0.607369 -0.035128 -0.039929
v 0.562548 -0.030112 -0.040019
v -0.524830 -0.128742 -0.057019
v 0.421673 -0.030509 -0.040898
v 0.457243 -0.032021 -0.041099
v 0.363731 -0.033997 -0.041316
v -0.514819 -0.113397 -0.052519
v -0.522894 -0.112124 -0.048710
v -0.705143 -0.166982 -0.050810
v -0.712617 -0.167614 -0.049397
v -0.743527 -0.164911 -0.054490
v -0.743994 -0.162562 -0.056679
v -0.742116 -0.159950 -0.055981
v -0.770728 -0.157592 -0.044901
v -0.776899 -0.154162 -0.050809
v -0.851010 -0.129666 -0.052512
v -0.847852 -0.129527 -0.050688
v -0.844540 -0.128646 -0.051948
v -0.874349 -0.119441 -0.041425
v -0.869393 -0.118606 -0.044727
v -0.900598 -0.091025 -0.046040
v -0.911937 -0.078946 -0.048589
v -0.941066 -0.051099 -0.064235
v -0.958622 -0.031047 -0.038242
v -0.993536 0.057181 -0.037796
v -0.987836 0.059920 -0.039027
v -0.993123 0.085432 -0.034647
v 0.641180 -0.108961 -0.037032
v 0.629770 -0.100576 -0.039662
v 0.581199 -0.100990 -0.038339
v 0.515197 -0.097279 -0.038353
v 0.660658 -0.102046 -0.036960
v 0.466887 -0.099223 -0.038424
v 0.371957 -0.108365 -0.039661
v 0.324899 -0.110022 -0.041819
v 0.338901 -0.102804 -0.044028
v 0.665189 -0.053793 -0.037564
v 0.297429 -0.089962 -0.046375
v 0.626505 -0.034358 -0.037370
v 0.590964 -0.027024 -0.037790
v -0.505606 -0.119321 -0.043246
v 0.529316 -0.025575 -0.039058
v 0.311491 -0.045679 -0.042959
v -0.630877 -0.157708 -0.048658
v -0.635431 -0.157504 -0.046348
v -0.623581 -0.151442 -0.048609
v -0.631646 -0.153566 -0.048688
v -0.745611 -0.164944 -0.047612
v -0.772469 -0.161251 -0.045328
v -0.809013 -0.146246 -0.039264
v -0.911773 -0.090061 -0.049098
v -0.953756 -0.035604 -0.037992
v -0.950727 -0.035051 -0.037695
v -0.942209 -0.046087 -0.034555
v -0.959814 -0.024962 -0.032082
v -0.956309 -0.028589 -0.035488
v -0.982404 0.020515 -0.035338
v -0.980675 0.024103 -0.033855
v -0.975260 0.015264 -0.031535
v -0.983582 0.028216 -0.033580
v -0.981720 0.033888 -0.033189
v -0.989986 0.062257 -0.036163
v -0.997825 0.081215 -0.035132
v -0.993352 0.071940 -0.033692
v -0.992053 0.094625 -0.034730
v -0.988846 0.128963 -0.054540
v 0.608082 -0.109614 -0.035954
v 0.415824 -0.107837 -0.036214
v 0.321144 -0.114436 -0.038655
v 0.294217 -0.106781 -0.043738
v 0.677023 -0.076905 -0.035282
v 0.662563 -0.047331 -0.035340
v 0.606244 -0.026582 -0.034907
v 0.287504 -0.052049 -0.043439
v -0.622464 -0.159389 -0.047234
v -0.623344 -0.157013 -0.046318
v -0.636337 -0.155366 -0.044827
v -0.616380 -0.149845 -0.043309
v -0.697211 -0.169143 -0.039525
v -0.745250 -0.166877 -0.044180
v -0.746084 -0.161995 -0.046039
v -0.763997 -0.163063 -0.040836
v -0.809488 -0.152529 -0.041872
v -0.792015 -0.150635 -0.042339
v -0.840529 -0.139675 -0.043637
v -0.844494 -0.135137 -0.046879
v -0.842045 -0.132897 -0.044876
v -0.899319 -0.099973 -0.049324
v -0.870225 -0.118095 -0.036798
v -0.918531 -0.084366 -0.039218
v -0.904972 -0.089544 -0.035690
v -0.948764 -0.045912 -0.037049
v -0.947572 -0.042230 -0.035745
v -0.971720 -0.010115 -0.035486
v -0.959322 -0.020679 -0.029954
v -0.980342 0.010451 -0.034226
v -0.980241 0.015573 -0.033125
v -0.978296 0.019463 -0.033091
v -0.986431 0.030326 -0.033871
v -0.991534 0.039272 -0.030392
v -0.984770 0.037423 -0.029033
v -0.998425 0.070521 -0.030847
v -0.996410 0.068344 -0.033610
v -0.987950 0.062587 -0.033991
v -0.989852 0.067838 -0.032592
v -0.999697 0.088409 -0.036276
v 0.622343 -0.113605 -0.032935
v 0.566308 -0.107058 -0.034515
v 0.485122 -0.106940 -0.032453
v 0.503722 -0.104201 -0.034997
v 0.460059 -0.108084 -0.032374
v 0.436837 -0.107618 -0.034727
v 0.432090 -0.105142 -0.037049
v 0.676116 -0.056444 -0.033686
v 0.647363 -0.041827 -0.037067
v 0.281923 -0.065471 -0.042841
v 0.551037 -0.020166 -0.034809
v -0.505246 -0.110445 -0.045531
v -0.618031 -0.158124 -0.039976
v -0.504156 -0.106118 -0.041932
v 0.289113 -0.043177 -0.040859
v -0.643337 -0.162492 -0.045546
v -0.621355 -0.152335 -0.045408
v -0.640874 -0.160326 -0.040496
v 0.375284 -0.024475 -0.035802
v -0.640026 -0.156485 -0.038762
v -0.681295 -0.167146 -0.035774
v -0.699839 -0.160484 -0.051594
v -0.774288 -0.162596 -0.040992
v -0.750579 -0.161607 -0.042197
v -0.758280 -0.161962 -0.041329
v -0.798539 -0.155810 -0.042689
v -0.838254 -0.133461 -0.042121
v -0.909856 -0.091527 -0.036100
v -0.918164 -0.083974 -0.034627
v -0.913795 -0.084115 -0.033375
v -0.910122 -0.084180 -0.036056
v -0.965720 -0.020804 -0.024589
v -0.989634 0.037042 -0.028132
v -0.994733 0.121911 -0.020901
v 0.604036 -0.114009 -0.029316
v 0.572647 -0.110332 -0.030720
v 0.664685 -0.110073 -0.032823
v 0.680827 -0.092304 -0.031843
v 0.297291 -0.116376 -0.037182
v 0.292907 -0.112335 -0.041357
v 0.690011 -0.074770 -0.028421
v 0.283983 -0.098840 -0.039590
v 0.676182 -0.049968 -0.028203
v 0.658129 -0.042513 -0.032118
v 0.632563 -0.033435 -0.033453
v 0.617142 -0.027129 -0.029613
v 0.595811 -0.021449 -0.030416
v -0.502970 -0.113760 -0.044381
v 0.502494 -0.016917 -0.032629
v 0.478735 -0.022281 -0.037408
v -0.583100 -0.140235 -0.029221
v 0.429437 -0.021979 -0.036241
v 0.332695 -0.034419 -0.039744
v 0.311382 -0.034968 -0.037414
v -0.691632 -0.167842 -0.034544
v -0.722351 -0.168801 -0.043901
v -0.688794 -0.161505 -0.035584
v -0.751070 -0.165657 -0.040532
v -0.742127 -0.159779 -0.045734
v -0.750873 -0.159910 -0.039768
v -0.761728 -0.158288 -0.039787
v -0.800884 -0.154119 -0.040262
v -0.810499 -0.151795 -0.037505
v -0.798618 -0.150226 -0.039795
v -0.808365 -0.148612 -0.036416
v -0.869689 -0.119447 -0.030165
v -0.870937 -0.116153 -0.032408
v -0.908066 -0.090247 -0.033568
v -0.925816 -0.079063 -0.030499
v -0.917377 -0.080596 -0.029895
v -0.916110 -0.079704 -0.032036
v -0.977097 0.014093 -0.029271
v -0.986859 0.039579 -0.024223
v -0.995730 0.060463 -0.034834
v -0.992221 0.071422 -0.015551
v -0.991883 0.081107 -0.031152
v -0.981619 0.195139 -0.042038
v 0.587099 -0.112756 -0.028023
v 0.529996 -0.110142 -0.026277
v 0.556697 -0.110856 -0.027278
v 0.529600 -0.106642 -0.032988
v 0.469024 -0.109727 -0.028245
v 0.423201 -0.111094 -0.030606
v 0.410644 -0.113100 -0.027917
v 0.383728 -0.112677 -0.034018
v 0.364151 -0.113156 -0.035997
v 0.688030 -0.085431 -0.028511
v 0.689384 -0.065662 -0.027270
v 0.278106 -0.085578 -0.040139
v -0.491651 -0.107462 -0.040109
v 0.531340 -0.017752 -0.032897
v -0.490585 -0.103418 -0.039673
v 0.282271 -0.051390 -0.038784
v -0.617623 -0.156123 -0.035344
v -0.598398 -0.143621 -0.054610
v -0.668124 -0.167350 -0.030030
v -0.642596 -0.161919 -0.030200
v 0.406042 -0.017124 -0.028399
v -0.648816 -0.154917 -0.058470
v -0.698375 -0.168879 -0.030521
v -0.677126 -0.160383 -0.036222
v -0.687230 -0.162819 -0.034892
v -0.752131 -0.166661 -0.036447
v -0.792388 -0.152472 -0.037921
v -0.816885 -0.150739 -0.033337
v -0.811381 -0.148559 -0.031760
v -0.839781 -0.134931 -0.036755
v -0.873437 -0.121808 -0.029900
v -0.900058 -0.094712 -0.030091
v -0.923178 -0.080188 -0.026107
v -0.934798 -0.058633 -0.021983
v -0.944990 -0.045229 -0.031236
v -0.963365 -0.018321 -0.022000
v -0.979491 0.009191 -0.026715
v -0.974774 0.010371 -0.024544
v -0.990520 0.038877 -0.018783
v 0.642078 -0.116944 -0.028690
v 0.502039 -0.109710 -0.027413
v 0.355764 -0.116492 -0.031069
v 0.316395 -0.117917 -0.033728
v 0.655579 -0.040112 -0.026911
v -0.496117 -0.115415 -0.037844
v 0.471515 -0.014856 -0.028869
v -0.641168 -0.157080 -0.028124
v -0.642446 -0.155164 -0.037168
v -0.682073 -0.164564 -0.035041
v -0.691797 -0.164071 -0.030402
v -0.775585 -0.156520 -0.025580
v -0.771467 -0.155791 -0.043222
v -0.785983 -0.153683 -0.034084
v -0.813337 -0.150422 -0.028575
v -0.829926 -0.146432 -0.032711
v -0.841310 -0.138047 -0.037713
v -0.922091 -0.078204 -0.022910
v -0.922657 -0.075100 -0.021350
v -0.946172 -0.049660 -0.028372
v -0.943180 -0.048526 -0.013307
v -0.967478 -0.020373 -0.027164
v -0.966979 -0.020031 -0.015454
v -0.977458 0.010350 -0.023089
v -0.994256 0.098412 -0.020272
v 0.621879 -0.116035 -0.024514
v 0.598078 -0.114119 -0.024115
v 0.654267 -0.115221 -0.031096
v 0.677127 -0.110622 -0.027288
v 0.452658 -0.111400 -0.025343
v 0.370595 -0.116139 -0.028151
v 0.288228 -0.110672 -0.036467
v 0.281121 -0.102728 -0.035051
v 0.274823 -0.076424 -0.036448
v -0.546722 -0.140304 -0.039578
v 0.276191 -0.060252 -0.037199
v -0.614835 -0.160078 -0.042687
v -0.480337 -0.107364 -0.036408
v 0.566606 -0.019192 -0.033556
v -0.510652 -0.105707 -0.039251
v -0.735248 -0.169023 -0.023712
v -0.772534 -0.164621 -0.008108
v -0.788705 -0.157658 -0.035094
v -0.821443 -0.150674 -0.019029
v -0.813913 -0.145922 -0.029532
v -0.867347 -0.124176 -0.023332
v -0.866450 -0.121288 -0.023538
v -0.903314 -0.094089 -0.029086
v -0.965402 -0.018190 -0.013541
v -0.987587 0.041861 -0.012985
v -1.000419 0.079506 -0.020060
v 0.667975 -0.118678 -0.021442
v 0.289331 -0.119890 -0.029295
v 0.672053 -0.045870 -0.024640
v -0.468601 -0.102583 -0.035098
v 0.264055 -0.062817 -0.029228
v -0.468815 -0.097250 -0.037310
v -0.617265 -0.153522 -0.033217
v -0.646606 -0.164392 -0.023469
v -0.479907 -0.095933 -0.035814
v -0.640608 -0.161933 -0.022478
v -0.671401 -0.166854 -0.029280
v 0.287575 -0.039336 -0.035053
v -0.640879 -0.156114 -0.019799
v 0.291432 -0.036925 -0.037155
v -0.669479 -0.160762 -0.029136
v -0.695510 -0.165066 -0.018571
v -0.782839 -0.161191 -0.033423
v -0.812632 -0.149362 -0.019499
v -0.841629 -0.135922 -0.028669
v -0.838422 -0.135472 -0.028359
v -0.879674 -0.119022 -0.029314
v -0.904173 -0.096882 -0.029983
v -0.925793 -0.079782 -0.014905
v -0.946699 -0.051654 -0.034617
v -0.976815 0.010077 -0.017574
v -0.998440 0.062886 -0.013199
v -1.002091 0.107435 -0.027949
v 0.569864 -0.112767 -0.019237
v 0.701796 -0.088517 -0.013379
v 0.531505 -0.012397 -0.024402
v -0.536898 -0.117975 -0.042241
v -0.448340 -0.093463 -0.036348
v -0.423930 -0.087294 -0.036004
v -0.614347 -0.150357 -0.029563
v -0.468430 -0.087304 -0.029032
v -0.404368 -0.081741 -0.036648
v -0.636855 -0.157093 -0.020191
v -0.667121 -0.166613 -0.021311
v 0.385194 -0.017255 -0.025177
v -0.695347 -0.166568 -0.026006
v -0.720333 -0.169885 -0.019246
v -0.727101 -0.168520 -0.019991
v -0.694270 -0.162135 -0.028379
v -0.740857 -0.168415 -0.019437
v -0.753677 -0.160120 -0.016647
v -0.813706 -0.152022 -0.015947
v -0.842465 -0.139099 -0.029598
v -0.847250 -0.137142 -0.023420
v -0.847092 -0.133683 -0.023053
v -0.867982 -0.127452 -0.021226
v -0.857877 -0.131296 -0.020044
v -0.861443 -0.124320 -0.019483
v -0.903075 -0.099419 -0.032219
v -0.868254 -0.118593 -0.021563
v -0.923079 -0.075646 -0.007439
v -0.946836 -0.049443 -0.015346
v -0.965603 -0.014431 -0.006982
v -0.979938 0.005609 -0.020069
v -0.979842 0.008542 -0.017666
v -0.993564 0.041760 -0.018783
v -0.990672 0.037709 -0.014069
v -0.999088 0.071962 -0.016638
v -1.000124 0.086424 -0.017571
v -0.995171 0.084148 -0.014998
v -0.992903 0.080129 -0.016675
v -1.001400 0.090985 -0.016525
v -0.987604 0.179185 -0.023789
v 0.612396 -0.113525 -0.020326
v 0.589515 -0.112027 -0.019633
v 0.502479 -0.111188 -0.014788
v 0.284291 -0.115407 -0.023264
v 0.274041 -0.095030 -0.030831
v 0.631375 -0.032535 -0.022650
v 0.599190 -0.020047 -0.022998
v 0.583999 -0.015142 -0.021322
v -0.616520 -0.158458 -0.028435
v -0.619563 -0.159337 -0.017497
v -0.620728 -0.157836 -0.020416
v 0.255008 -0.053714 -0.026938
v -0.634849 -0.160855 -0.018254
v 0.465529 -0.012286 -0.022724
v -0.429980 -0.084094 -0.036809
v -0.403001 -0.077613 -0.036439
v -0.365736 -0.076809 -0.034040
v 0.242728 -0.050153 -0.025697
v 0.229559 -0.045487 -0.026611
v 0.260472 -0.047364 -0.028850
v -0.670317 -0.164692 -0.026664
v -0.325153 -0.071570 -0.032307
v 0.276664 -0.037570 -0.029105
v 0.263326 -0.040725 -0.027635
v 0.344809 -0.022584 -0.028127
v -0.350243 -0.068951 -0.035328
v 0.246214 -0.042074 -0.026880
v 0.288113 -0.030626 -0.024257
v -0.699998 -0.169063 -0.008301
v -0.329150 -0.067927 -0.034852
v -0.306605 -0.068375 -0.032490
v -0.300859 -0.063978 -0.033755
v -0.253890 -0.062095 -0.031124
v -0.267095 -0.059251 -0.032676
v 0.171924 -0.040093 -0.027520
v -0.196722 -0.056100 -0.030990
v 0.133469 -0.043584 -0.028095
v -0.727403 -0.165299 -0.019160
v -0.718152 -0.163030 -0.020208
v -0.158177 -0.057031 -0.028384
v -0.735790 -0.165600 -0.018129
v -0.127938 -0.054759 -0.029629
v 0.075606 -0.044004 -0.028874
v -0.730808 -0.163141 -0.021298
v -0.143513 -0.050744 -0.031181
v 0.030975 -0.043527 -0.029835
v -0.029793 -0.042367 -0.029770
v -0.780787 -0.157262 -0.024798
v -0.812970 -0.147793 -0.011931
v -0.856616 -0.133498 -0.019800
v -0.842810 -0.133539 -0.021145
v -0.854259 -0.129666 -0.019301
v -0.923970 -0.078236 -0.012118
v -0.945925 -0.047538 -0.013226
v -0.965964 -0.022064 -0.010013
v -0.975189 -0.012925 0.008992
v -0.981565 0.006665 -0.010015
v -0.975118 0.009075 -0.012511
v -0.992452 0.035310 -0.009242
v -0.989720 0.035811 -0.010496
v -0.993739 0.071811 -0.013835
v -0.991561 0.064616 -0.012517
v -0.996041 0.073110 -0.014485
v -0.995708 0.092465 -0.010613
v -0.992102 0.158507 -0.016874
v 0.631259 -0.116101 -0.019604
v 0.610060 -0.110320 -0.019341
v 0.703047 -0.073536 -0.012335
v 0.698074 -0.065757 -0.017299
v 0.650136 -0.039216 -0.019761
v 0.628099 -0.033673 -0.019960
v 0.261735 -0.070542 -0.024871
v 0.612121 -0.029951 -0.019439
v 0.613482 -0.027295 -0.020361
v 0.594454 -0.022546 -0.017807
v 0.606732 -0.023620 -0.021105
v -0.448929 -0.097233 -0.033606
v -0.412150 -0.087843 -0.032860
v -0.628345 -0.159420 -0.018097
v -0.620964 -0.154461 -0.020668
v -0.666075 -0.166573 -0.012016
v -0.457173 -0.089912 -0.036045
v 0.229791 -0.050628 -0.024206
v -0.630251 -0.156081 -0.017521
v -0.425914 -0.077412 -0.031918
v 0.197053 -0.048909 -0.025255
v -0.712727 -0.170411 -0.015511
v 0.134801 -0.048302 -0.025532
v 0.205473 -0.045254 -0.026970
v -0.209564 -0.060742 -0.028123
v 0.095925 -0.048494 -0.025983
v 0.208694 -0.038722 -0.026637
v 0.057847 -0.049350 -0.025693
v 0.089824 -0.046177 -0.027811
v -0.744457 -0.167600 -0.011965
v -0.718672 -0.164543 -0.016745
v -0.070757 -0.054292 -0.026277
v -0.011450 -0.050776 -0.027463
v -0.235295 -0.052885 -0.030635
v -0.210868 -0.052879 -0.031272
v -0.015676 -0.047721 -0.029657
v -0.739729 -0.165397 -0.014638
v -0.739872 -0.162308 -0.016644
v 0.122181 -0.037835 -0.028071
v 0.038151 -0.039687 -0.029315
v -0.780127 -0.161098 -0.021199
v -0.841260 -0.141919 -0.022255
v -0.860759 -0.132282 -0.015373
v -0.854671 -0.127208 -0.016219
v -0.969886 -0.018783 -0.012085
v -0.963120 -0.025481 -0.006687
v -0.978859 0.012645 -0.010742
v -0.989920 0.029530 -0.007997
v -0.986226 0.035708 -0.006977
v -0.987598 0.046932 -0.013709
v -0.995552 0.064057 -0.010975
v -1.002293 0.095776 -0.009635
v -0.996291 0.094731 -0.007337
v -0.994002 0.093116 -0.012511
v 0.646141 -0.116543 -0.014592
v 0.632559 -0.112952 -0.017723
v 0.692844 -0.101927 -0.019613
v 0.289028 -0.118335 -0.033265
v 0.643465 -0.059463 -0.018165
v 0.689140 -0.057338 -0.022347
v 0.690974 -0.054115 -0.011820
v 0.647608 -0.041002 -0.017646
v 0.581781 -0.057664 -0.015994
v 0.661911 -0.042175 -0.017992
v 0.270582 -0.085995 -0.028183
v 0.589215 -0.017851 -0.017496
v -0.452922 -0.101560 -0.027857
v -0.379648 -0.082153 -0.030720
v -0.666481 -0.162572 -0.016724
v -0.321409 -0.073310 -0.029169
v -0.398603 -0.073212 -0.034138
v 0.181539 -0.051077 -0.023542
v -0.696096 -0.167235 -0.008660
v 0.263812 -0.033654 -0.023241
v -0.719315 -0.168433 -0.015935
v -0.332395 -0.064160 -0.033372
v 0.067529 -0.051966 -0.021963
v 0.243519 -0.034742 -0.023157
v -0.147185 -0.058949 -0.024265
v 0.215842 -0.035648 -0.025119
v 0.181275 -0.033879 -0.024088
v -0.742108 -0.165778 -0.006649
v -0.740643 -0.163341 -0.012235
v 0.115898 -0.034668 -0.026091
v -0.126036 -0.046511 -0.030354
v 0.036551 -0.036289 -0.027012
v -0.810228 -0.151447 -0.011272
v -0.810868 -0.148645 -0.007340
v -0.862435 -0.130751 -0.009565
v -0.861639 -0.123939 -0.011141
v -0.874428 -0.116375 -0.009552
v -0.901143 -0.098470 -0.011041
v -0.898751 -0.098250 -0.008950
v -0.922852 -0.082594 -0.004952
v -0.921115 -0.080960 -0.004412
v -0.949311 -0.048653 -0.008443
v -0.944335 -0.047380 -0.005139
v -0.953320 -0.044612 -0.005394
v -0.949398 -0.043618 -0.006958
v -0.965382 -0.026891 -0.004326
v -0.956739 -0.034733 -0.004296
v -0.963087 -0.020015 -0.005401
v -0.984644 0.011805 -0.005249
v -0.982473 0.012040 -0.008477
v -0.977812 0.015177 -0.006375
v -0.986216 0.021081 -0.006409
v -0.982117 0.017649 -0.006916
v -0.983190 0.024939 -0.004564
v -0.986487 0.040823 -0.006195
v -0.991103 0.060630 -0.007733
v -0.991677 0.193036 -0.020357
v 0.647862 -0.118901 -0.018493
v 0.557519 -0.112249 -0.009464
v 0.567186 -0.110963 -0.013947
v 0.648510 -0.083862 -0.015106
v 0.401515 -0.115077 -0.017891
v 0.582183 -0.109746 -0.017981
v 0.573458 -0.059223 -0.012754
v 0.675757 -0.046281 -0.014659
v -0.552958 -0.145314 -0.000925
v -0.471283 -0.109332 -0.023376
v 0.583791 -0.018418 -0.014060
v 0.252992 -0.063015 -0.022258
v 0.247626 -0.056820 -0.023282
v 0.239394 -0.056236 -0.020751
v -0.365353 -0.081789 -0.024957
v -0.260277 -0.065445 -0.028321
v 0.313349 -0.025550 -0.022032
v -0.696268 -0.162855 -0.013349
v 0.039929 -0.053494 -0.020354
v -0.710808 -0.163158 -0.010055
v -0.275725 -0.056819 -0.031437
v 0.146292 -0.033612 -0.024841
v -0.154572 -0.044791 -0.027621
v -0.095438 -0.041714 -0.027320
v -0.778185 -0.160027 -0.012051
v -0.875282 -0.122810 -0.010077
v -0.852990 -0.128925 -0.009535
v -0.872874 -0.121847 -0.008303
v -0.881653 -0.118015 -0.005126
v -0.868504 -0.120742 -0.009718
v -0.928472 -0.079181 -0.007673
v -0.947576 -0.052824 -0.009385
v -0.960835 -0.034323 -0.004421
v -0.954984 -0.033877 -0.000750
v -0.968381 -0.005948 -0.012601
v -0.989867 0.025138 -0.005605
v -0.982315 0.026697 -0.000130
v -0.998101 0.055780 -0.007453
v -0.996624 0.059860 -0.005838
v -0.998287 0.095123 -0.004922
v -0.994870 0.097731 -0.006728
v -0.999631 0.161882 -0.014656
v -0.987896 0.187864 0.001486
v 0.678848 -0.120309 -0.008208
v 0.689943 -0.112052 -0.015388
v 0.698296 -0.104265 -0.010425
v 0.273681 -0.104118 -0.020728
v 0.658453 -0.043193 -0.014939
v 0.667265 -0.044404 -0.013430
v 0.580702 -0.014334 -0.014226
v 0.561266 -0.010162 -0.015262
v -0.611806 -0.150619 -0.005081
v -0.620480 -0.153260 -0.017374
v 0.509001 -0.009267 -0.015664
v -0.667110 -0.163288 -0.008739
v 0.426236 -0.011748 -0.014620
v -0.662427 -0.160572 -0.012898
v 0.110630 -0.051495 -0.021460
v -0.693198 -0.167500 -0.002909
v 0.306528 -0.030807 -0.031923
v 0.349293 -0.018356 -0.015524
v -0.361307 -0.064641 -0.029837
v -0.198224 -0.062795 -0.022062
v -0.001065 -0.055231 -0.019043
v -0.288636 -0.055681 -0.028567
v 0.221281 -0.032217 -0.021689
v -0.741274 -0.163349 -0.003641
v -0.777556 -0.162501 -0.012799
v 0.043170 -0.032650 -0.022163
v -0.776219 -0.157913 -0.012903
v -0.804851 -0.156132 -0.004831
v -0.805048 -0.153827 -0.006219
v -0.861388 -0.128350 -0.007783
v -0.877086 -0.117086 -0.005301
v -0.904186 -0.101495 -0.003580
v -0.903879 -0.097673 -0.005069
v -0.902277 -0.096657 -0.003878
v -0.914424 -0.089567 -0.001252
v -0.920007 -0.079355 -0.001083
v -0.993286 0.061461 -0.006301
v -0.986184 0.195334 -0.038161
v 0.667847 -0.121278 -0.007853
v 0.461079 -0.111812 -0.015589
v 0.659087 -0.045984 -0.013193
v 0.257353 -0.074550 -0.017201
v -0.620316 -0.159781 -0.009620
v -0.634915 -0.162831 -0.014360
v 0.226437 -0.055199 -0.019613
v -0.669075 -0.166630 -0.003940
v -0.669149 -0.167532 -0.000662
v 0.151432 -0.053833 -0.018687
v -0.713382 -0.169016 -0.007058
v -0.712693 -0.164633 -0.008314
v -0.693933 -0.163098 -0.006404
v 0.248108 -0.030122 -0.017268
v -0.315182 -0.058090 -0.028320
v -0.779191 -0.162651 -0.004456
v -0.196279 -0.045429 -0.024446
v -0.131031 -0.039934 -0.020542
v -0.795338 -0.157588 -0.001965
v -0.804622 -0.151138 -0.003704
v -0.856883 -0.132481 -0.004900
v -0.854678 -0.129956 -0.005357
v -0.881602 -0.112884 0.002993
v -0.881060 -0.112157 -0.002808
v -0.917943 -0.090083 0.001245
v -0.909842 -0.092610 -0.001574
v -0.948312 -0.044138 0.019971
v -1.002189 0.095035 0.002182
v -0.997428 0.094681 0.002200
v -0.993123 0.194383 -0.001292
v 0.650064 -0.112682 -0.011542
v 0.684384 -0.116680 -0.014550
v 0.566934 -0.106986 -0.011989
v 0.659734 -0.065666 -0.011932
v 0.701075 -0.061911 -0.006974
v 0.265440 -0.086746 -0.019242
v 0.667003 -0.046104 -0.008880
v 0.568361 -0.051107 -0.007443
v -0.580358 -0.153784 -0.029890
v 0.572786 -0.010907 -0.009852
v 0.210943 -0.056875 -0.014888
v -0.672468 -0.165519 -0.001244
v -0.443478 -0.077377 -0.021235
v -0.687025 -0.166322 0.001494
v -0.689427 -0.162194 0.000775
v -0.078762 -0.058071 -0.018545
v 0.263912 -0.028994 -0.017433
v -0.290697 -0.052084 -0.019798
v -0.751261 -0.167797 0.000756
v 0.196429 -0.029321 -0.016863
v -0.255441 -0.050172 -0.024345
v 0.158596 -0.029742 -0.017871
v -0.742883 -0.161435 -0.004795
v 0.125101 -0.031347 -0.021669
v -0.780755 -0.160748 -0.004706
v -0.779595 -0.158752 -0.005144
v -0.788676 -0.159502 -0.001300
v -0.771305 -0.157596 -0.004548
v -0.031403 -0.035914 -0.023442
v -0.791856 -0.155402 0.000188
v -0.853797 -0.135525 -0.003074
v -0.853257 -0.134207 0.001954
v -0.847677 -0.132475 0.002627
v -0.901426 -0.102184 -0.010661
v -0.909928 -0.090929 0.000696
v -0.914762 -0.084880 0.009868
v -0.963362 -0.020856 0.011549
v -0.995275 0.097869 0.004773
v 0.556774 -0.111357 -0.002548
v 0.695851 -0.112654 -0.004109
v 0.319069 -0.119984 -0.023320
v 0.285987 -0.120859 -0.016999
v 0.271027 -0.104248 -0.010571
v 0.237825 -0.059452 -0.016094
v 0.576947 -0.014995 -0.009541
v 0.574109 -0.012701 -0.006343
v -0.521495 -0.108349 -0.024356
v 0.166880 -0.057031 -0.011172
v -0.306571 -0.075038 -0.018138
v -0.680840 -0.167884 0.004429
v -0.692817 -0.168978 0.002707
v -0.653019 -0.158123 -0.006880
v -0.417414 -0.072487 -0.026101
v -0.679600 -0.165289 0.002063
v -0.681649 -0.162265 0.003775
v -0.144996 -0.062269 -0.014736
v -0.739900 -0.166066 0.004487
v -0.738939 -0.162612 0.006119
v 0.129815 -0.028563 -0.013795
v -0.799878 -0.151455 0.001325
v -0.884806 -0.116433 0.005477
v -0.882026 -0.115017 0.005608
v -0.957649 -0.041307 -0.001638
v -0.950049 -0.041575 0.018616
v -0.963051 -0.031217 0.009563
v -0.970373 -0.020606 0.014876
v -0.955980 -0.032904 0.009961
v -0.996513 0.059646 0.001217
v -0.985271 0.196722 -0.015579
v 0.689279 -0.118116 -0.001846
v 0.360868 -0.117951 -0.016993
v 0.664243 -0.050021 -0.009156
v 0.270949 -0.097708 -0.019441
v 0.699557 -0.058356 0.001097
v 0.686978 -0.050221 -0.000835
v -0.495379 -0.118788 -0.023538
v -0.385753 -0.088033 -0.013983
v 0.521359 -0.007330 0.000044
v -0.346341 -0.081368 -0.011883
v -0.410205 -0.067985 -0.013552
v -0.670663 -0.161483 -0.000459
v -0.258864 -0.068754 -0.019941
v 0.065341 -0.055060 -0.013184
v -0.376474 -0.064062 -0.023986
v 0.297185 -0.025150 -0.010958
v -0.712859 -0.166363 0.004540
v -0.784258 -0.162373 0.002293
v 0.100642 -0.031205 -0.021341
v -0.800941 -0.157952 0.000602
v 0.023084 -0.031042 -0.015949
v -0.777578 -0.157094 -0.001459
v -0.821374 -0.151478 0.005009
v -0.789371 -0.154940 0.002423
v -0.804197 -0.150160 0.005950
v -0.824165 -0.143745 0.012391
v -0.886024 -0.116440 -0.003900
v -0.905910 -0.101836 0.004014
v -0.920851 -0.087209 0.010701
v -0.919026 -0.081156 0.011385
v -0.990173 0.026095 0.011633
v -0.998543 0.057179 0.004700
v -0.993785 0.062287 0.005355
v -0.996629 0.090374 0.008384
v 0.657487 -0.114724 -0.005924
v 0.704479 -0.096875 -0.003196
v 0.667057 -0.073835 -0.004632
v 0.707165 -0.085321 -0.001366
v 0.248256 -0.065572 -0.015598
v 0.568654 -0.032762 -0.002239
v -0.441728 -0.101783 -0.013159
v -0.412757 -0.092546 -0.022351
v 0.389938 -0.013496 -0.010712
v 0.283382 -0.025720 -0.012857
v -0.707981 -0.162860 0.006544
v -0.735943 -0.165085 0.010018
v -0.736025 -0.162193 0.011566
v -0.830000 -0.148687 0.007063
v -0.851799 -0.132247 0.002974
v -0.881843 -0.113185 0.025768
v -0.924976 -0.081143 0.013288
v -0.925716 -0.076373 0.015418
v -0.925501 -0.073939 0.014188
v -0.960498 -0.032763 0.011854
v -0.957756 -0.031669 0.011986
v -0.966827 -0.024594 0.014210
v -0.964476 -0.022896 0.014459
v -0.970316 -0.006470 0.025117
v -0.986623 0.015892 0.013868
v -0.983035 0.023910 0.013129
v -0.995601 0.041591 0.013066
v -0.986731 0.036850 0.013181
v -0.988566 0.043774 0.020028
v -0.997859 0.062252 0.008346
v -1.003024 0.131463 -0.004341
v 0.656578 -0.118930 -0.008222
v 0.552948 -0.111657 0.009252
v 0.703003 -0.104939 0.004810
v 0.557918 -0.109333 -0.001553
v 0.560039 -0.061629 0.003630
v 0.239362 -0.065071 -0.006522
v -0.554043 -0.125152 0.010405
v 0.200387 -0.059011 -0.006798
v -0.667007 -0.166534 0.017749
v -0.667968 -0.159292 0.003634
v -0.662459 -0.158982 0.014732
v -0.711653 -0.169047 0.005528
v -0.715586 -0.167469 0.010101
v -0.729717 -0.166825 0.014481
v 0.246679 -0.027198 -0.010835
v -0.757979 -0.166584 0.008687
v -0.730320 -0.164181 0.013636
v -0.773761 -0.164271 0.015053
v 0.182188 -0.027757 -0.011110
v -0.739560 -0.160929 0.014852
v -0.194862 -0.041972 -0.013691
v -0.066468 -0.034646 -0.015288
v -0.815070 -0.151130 0.011248
v -0.821839 -0.150423 0.009800
v -0.806514 -0.150524 0.010935
v -0.800987 -0.151397 0.018488
v -0.816772 -0.148570 0.010885
v -0.819573 -0.146151 0.010914
v -0.881553 -0.118066 0.016795
v -0.880825 -0.115338 0.020119
v -0.921167 -0.088102 0.005826
v -0.908702 -0.091184 0.014284
v -0.919742 -0.083354 0.012930
v -0.928588 -0.078516 0.015066
v -0.958073 -0.040841 0.009626
v -0.954188 -0.037298 0.015154
v -0.968805 -0.018641 0.018498
v -0.978265 0.012698 0.018067
v -0.987598 0.026622 0.013403
v -0.988755 0.033986 0.014783
v -0.993832 0.067002 0.010855
v -0.996225 0.083472 0.011487
v -1.001502 0.090550 0.008423
v -0.994781 0.090026 0.012319
v 0.661577 -0.098632 -0.005150
v 0.257207 -0.080653 -0.007083
v -0.585628 -0.156555 -0.001957
v -0.606221 -0.160692 -0.003948
v 0.117765 -0.054936 -0.012528
v 0.307904 -0.023968 -0.009654
v -0.736077 -0.168261 0.015391
v -0.723080 -0.169572 0.016908
v -0.720452 -0.168228 0.013412
v 0.284800 -0.023201 -0.003950
v -0.749443 -0.166999 0.015253
v -0.713585 -0.163020 0.012698
v -0.720273 -0.164385 0.013885
v -0.758938 -0.164172 0.016236
v -0.730152 -0.161913 0.015780
v -0.757891 -0.159785 0.013481
v 0.160594 -0.026495 -0.000339
v 0.070003 -0.029013 -0.013730
v -0.811771 -0.154305 0.009700
v -0.838919 -0.144721 0.009603
v -0.830804 -0.146576 0.015876
v -0.825157 -0.145292 0.015195
v -0.885508 -0.117668 0.014111
v -0.910476 -0.092201 0.015648
v -0.931263 -0.074579 0.023380
v -0.951223 -0.051652 0.023888
v -0.954779 -0.044656 0.014998
v -0.951940 -0.041789 0.019905
v -0.984626 0.021439 0.015059
v -0.981136 0.016432 0.017869
v -1.000945 0.071253 0.015456
v -0.991813 0.062056 0.008651
v -0.997452 0.066833 0.011177
v -1.001462 0.082945 0.013224
v -0.995193 0.075802 0.012369
v 0.282196 -0.116912 -0.006954
v 0.559705 -0.071117 0.002764
v 0.670297 -0.047914 -0.000795
v 0.674845 -0.046205 -0.002264
v 0.227847 -0.061385 -0.005224
v 0.570457 -0.012922 0.002649
v -0.349071 -0.082290 -0.000094
v -0.654832 -0.164650 0.018376
v -0.630384 -0.154526 -0.013918
v -0.480094 -0.087314 -0.016063
v -0.206389 -0.066511 -0.005784
v -0.679978 -0.161053 0.007120
v -0.751322 -0.163157 0.019699
v -0.767654 -0.163508 0.019626
v -0.756244 -0.162019 0.018149
v -0.752431 -0.160768 0.017012
v -0.762552 -0.161404 0.020116
v 0.132246 -0.026624 0.004394
v -0.759752 -0.159839 0.017364
v 0.115848 -0.027167 -0.007312
v -0.809204 -0.153940 0.014141
v -0.004351 -0.030259 -0.007609
v -0.807319 -0.152452 0.015519
v -0.829985 -0.144604 0.020776
v -0.852897 -0.134885 0.014886
v -0.934727 -0.073326 0.014439
v -0.928161 -0.073322 0.024067
v -0.972857 -0.014820 0.022504
v -0.969370 -0.012830 0.025903
v -0.984474 0.016070 0.017914
v -0.993851 0.039863 0.017442
v -0.991291 0.038033 0.017504
v -0.993529 0.075958 0.014885
v -1.004145 0.107155 0.015277
v 0.662196 -0.116614 0.000285
v 0.707872 -0.072669 0.004390
v 0.671308 -0.060767 0.000398
v 0.705816 -0.066624 0.007362
v 0.551801 -0.063519 0.005606
v -0.463635 -0.109240 0.003872
v -0.658061 -0.162176 0.020513
v -0.652194 -0.158477 0.017590
v -0.299035 -0.075248 -0.008113
v -0.660852 -0.160697 0.019501
v -0.667462 -0.159455 0.027222
v 0.284855 -0.022337 0.005186
v -0.718503 -0.162225 0.016509
v -0.748524 -0.160862 0.019117
v -0.765641 -0.158467 0.021635
v -0.805104 -0.156059 0.016907
v -0.855737 -0.134334 0.021674
v -0.851825 -0.132469 0.017599
v -0.877388 -0.121677 0.022989
v -0.877224 -0.119598 0.022944
v -0.909994 -0.096195 0.017112
v -0.966455 -0.016085 0.018180
v -0.985016 0.012468 0.020226
v -0.992743 0.041740 0.024148
v -0.990010 0.043024 0.023167
v 0.664325 -0.120499 -0.001391
v 0.671242 -0.075936 0.002038
v 0.548981 -0.061212 0.007091
v 0.557212 -0.061576 0.005583
v 0.671111 -0.051093 0.003033
v 0.248185 -0.071521 -0.003777
v -0.498341 -0.121648 0.005091
v 0.569224 -0.012407 0.011676
v -0.664005 -0.163841 0.023279
v -0.654108 -0.161053 0.021884
v 0.151069 -0.057932 0.000601
v 0.112777 -0.056695 0.001390
v 0.337141 -0.018197 -0.000132
v -0.745728 -0.166361 0.022122
v 0.235991 -0.025745 -0.000861
v -0.238644 -0.044718 -0.004866
v -0.765933 -0.159776 0.026990
v -0.801065 -0.156749 0.025544
v -0.831190 -0.143878 0.026782
v -0.879277 -0.122053 0.024229
v -0.861976 -0.130030 0.024333
v -0.870527 -0.123033 0.025727
v -0.903384 -0.095698 0.022246
v -0.928661 -0.072653 0.031542
v -0.929520 -0.068509 0.028775
v -0.950567 -0.043547 0.025642
v -0.973435 -0.012538 0.030745
v -0.975039 -0.011950 0.037864
v -1.002957 0.091253 0.015183
v 0.698677 -0.112136 0.012791
v 0.555590 -0.108998 0.010257
v 0.558050 -0.068575 0.005661
v 0.549806 -0.066632 0.007552
v 0.557039 -0.059399 0.008857
v 0.547964 -0.060195 0.011494
v 0.269028 -0.100145 0.015399
v 0.560196 -0.056944 0.008165
v -0.400816 -0.091702 0.000797
v 0.192354 -0.059714 0.001105
v -0.327395 -0.079455 -0.000234
v -0.665307 -0.162182 0.027581
v 0.445781 -0.008898 0.003315
v -0.257009 -0.070890 0.000864
v 0.388228 -0.012628 0.012766
v -0.714472 -0.169660 0.014569
v -0.041934 -0.058617 -0.008948
v -0.739331 -0.167250 0.032084
v -0.314165 -0.053020 -0.008776
v -0.745456 -0.162581 0.026213
v -0.139382 -0.037382 -0.006085
v -0.797458 -0.151799 0.036137
v -0.847823 -0.139859 0.023749
v -0.828891 -0.142170 0.020878
v -0.869362 -0.128294 0.025620
v -0.874002 -0.124740 0.031002
v -0.856970 -0.131585 0.022315
v -0.884555 -0.118100 0.036185
v -0.851190 -0.131248 0.024937
v -0.867247 -0.123447 0.029235
v -0.905294 -0.101976 0.019655
v -0.906223 -0.099345 0.024933
v -0.976483 0.008377 0.030075
v -0.989493 0.045774 0.028403
v -0.999194 0.062357 0.011928
v -1.000923 0.159362 0.022075
v -0.986284 0.198224 0.015917
v 0.663474 -0.112975 0.005038
v 0.704570 -0.101643 0.016391
v 0.545477 -0.062378 0.009307
v 0.544929 -0.062146 0.011556
v -0.432230 -0.099487 0.007693
v -0.629090 -0.160699 0.025269
v -0.665914 -0.164211 0.030110
v 0.066662 -0.056478 -0.001103
v -0.159564 -0.064168 -0.002202
v -0.770531 -0.162805 0.031742
v -0.766163 -0.159359 0.035092
v 0.117660 -0.026700 0.007111
v -0.803734 -0.154611 0.024130
v -0.862807 -0.130428 0.034829
v -0.904889 -0.096022 0.023185
v -0.931689 -0.074675 0.036187
v -0.969073 -0.011490 0.031441
v -0.968373 -0.012623 0.035660
v -0.980782 0.012788 0.025982
v -0.989790 0.042851 0.030013
v -0.994432 0.146743 0.019017
v 0.683472 -0.120625 0.014070
v 0.708882 -0.079586 0.010674
v 0.558813 -0.071654 0.012005
v 0.673177 -0.067796 0.008144
v 0.553083 -0.069344 0.011419
v 0.548239 -0.066119 0.009755
v 0.548420 -0.063391 0.013742
v 0.557184 -0.059721 0.013117
v 0.560242 -0.057502 0.014059
v 0.260094 -0.086021 -0.000706
v -0.499249 -0.121460 0.032480
v -0.617019 -0.157810 0.029288
v -0.651149 -0.162397 0.025374
v -0.651671 -0.160372 0.025455
v -0.496361 -0.092823 0.002206
v -0.665962 -0.164691 0.034464
v -0.646743 -0.156175 0.026540
v -0.437066 -0.073734 -0.006184
v 0.298282 -0.024390 0.013371
v -0.367120 -0.059931 -0.006932
v -0.770119 -0.156648 0.035670
v 0.032449 -0.028483 0.000965
v 0.065567 -0.027537 0.001735
v -0.802022 -0.152870 0.025536
v -0.829352 -0.143666 0.038404
v -0.858964 -0.133735 0.034661
v -0.865818 -0.123780 0.032392
v -0.876739 -0.117081 0.035762
v -0.903364 -0.103796 0.036335
v -0.905819 -0.099387 0.032287
v -0.949386 -0.043901 0.033591
v -0.983212 0.012504 0.028419
v -0.992643 0.038825 0.038054
v -0.988041 0.188254 0.024946
v 0.664088 -0.118783 0.009714
v 0.557540 -0.111945 0.024099
v 0.671147 -0.084053 0.009672
v 0.275572 -0.110794 -0.007726
v 0.559744 -0.068720 0.017863
v 0.272281 -0.107579 0.017000
v 0.557506 -0.066584 0.016252
v 0.559523 -0.061620 0.016382
v 0.675397 -0.047112 0.011094
v 0.249153 -0.073021 0.004879
v -0.569173 -0.150670 0.033513
v 0.566177 -0.035029 0.018306
v -0.603275 -0.159060 0.031816
v -0.652049 -0.162588 0.033525
v -0.659745 -0.163421 0.035302
v -0.652345 -0.160036 0.030812
v -0.623030 -0.152585 0.023595
v -0.663231 -0.161760 0.033711
v -0.659499 -0.160538 0.034979
v -0.665563 -0.159101 0.035621
v -0.372049 -0.061949 0.012238
v -0.022793 -0.057764 0.012806
v -0.744098 -0.163294 0.032150
v -0.311056 -0.052385 0.004434
v -0.743144 -0.161641 0.033598
v -0.738451 -0.160667 0.029044
v -0.835027 -0.144137 0.039923
v -0.860123 -0.126585 0.035567
v -0.878925 -0.120050 0.035745
v -0.870789 -0.123755 0.034646
v -0.882117 -0.114062 0.041748
v -0.903885 -0.095245 0.041809
v -0.928239 -0.076295 0.040270
v -0.926516 -0.072581 0.040777
v -0.952009 -0.048052 0.032589
v -0.970551 -0.015898 0.037733
v -0.984839 0.008980 0.029450
v -0.978284 0.012797 0.036648
v -0.995560 0.043656 0.029086
v -0.988259 0.038350 0.038704
v -1.001397 0.082192 0.034484
v -1.002607 0.098831 0.037185
v -0.989487 0.198619 0.007934
v 0.663754 -0.114264 0.012295
v 0.558481 -0.109543 0.022593
v 0.559508 -0.086974 0.021645
v 0.707492 -0.093214 0.008215
v 0.672067 -0.051438 0.011875
v 0.673033 -0.048592 0.010521
v 0.689073 -0.051458 0.021602
v -0.383845 -0.087534 0.009376
v -0.589087 -0.142514 0.011744
v 0.211913 -0.060564 0.006447
v 0.567092 -0.008622 0.003382
v -0.607566 -0.147956 0.028968
v -0.655111 -0.160389 0.033458
v -0.706532 -0.169147 0.019065
v -0.667984 -0.157581 0.039734
v 0.340334 -0.019042 0.025420
v -0.743061 -0.165342 0.033148
v -0.763601 -0.159576 0.042309
v -0.206576 -0.041679 0.003887
v -0.803811 -0.154952 0.042831
v -0.803491 -0.154040 0.035792
v -0.859366 -0.130836 0.037144
v -0.851447 -0.130059 0.039934
v -0.882771 -0.117143 0.041047
v -0.884387 -0.110502 0.043734
v -0.905304 -0.095715 0.036640
v -0.951671 -0.049962 0.043286
v -0.984525 0.013241 0.035613
v -0.981625 0.013965 0.034541
v 0.705853 -0.078495 0.025500
v 0.672094 -0.064485 0.017389
v 0.239339 -0.066273 0.008806
v 0.227404 -0.062222 0.008689
v 0.571090 -0.011681 0.021561
v -0.646516 -0.163089 0.024174
v 0.536321 -0.007859 0.021382
v -0.725149 -0.167403 0.043508
v -0.746800 -0.161236 0.042342
v -0.764856 -0.161231 0.043472
v -0.756470 -0.159046 0.046449
v -0.764433 -0.156829 0.044258
v -0.085131 -0.036425 0.018403
v -0.802939 -0.152191 0.038710
v -0.827608 -0.145303 0.043415
v -0.854241 -0.130775 0.040780
v -0.907773 -0.098500 0.038308
v -0.928973 -0.078307 0.044142
v -0.923518 -0.079520 0.046041
v -0.952707 -0.045717 0.039463
v -0.951015 -0.040540 0.043788
v -0.965178 -0.024588 0.043226
v -0.968121 -0.023434 0.044175
v -0.962777 -0.023753 0.045489
v -0.966073 -0.016232 0.041801
v -0.986936 0.039946 0.041005
v -0.999626 0.065300 0.037660
v -0.993643 0.080990 0.035461
v 0.694190 -0.116118 0.017731
v 0.673511 -0.046515 0.021309
v -0.577347 -0.135870 0.034121
v 0.197571 -0.058945 0.013298
v 0.568318 -0.009524 0.024870
v -0.363564 -0.082967 0.014107
v -0.503084 -0.096886 0.019369
v 0.141367 -0.057049 0.010880
v -0.658632 -0.156239 0.042830
v -0.650373 -0.156229 0.037223
v 0.311725 -0.023427 0.020687
v -0.077936 -0.060440 0.005423
v 0.285060 -0.023415 0.014916
v -0.731171 -0.165119 0.049012
v -0.746714 -0.164439 0.045667
v -0.750539 -0.160060 0.045699
v 0.183488 -0.027196 0.015075
v -0.768800 -0.162237 0.045158
v -0.741285 -0.158886 0.041713
v 0.084038 -0.028811 0.016449
v -0.085388 -0.034196 0.001352
v -0.806556 -0.152654 0.042955
v -0.820895 -0.147697 0.048223
v -0.852365 -0.135981 0.041804
v -0.884688 -0.115129 0.052377
v -0.911442 -0.096034 0.043718
v -0.911256 -0.094160 0.043296
v -0.910032 -0.090066 0.045242
v -0.916438 -0.083971 0.047823
v -0.924153 -0.074503 0.047570
v -0.956725 -0.040240 0.043384
v -0.961991 -0.032276 0.044641
v -0.985596 0.017549 0.040409
v -0.982600 0.018362 0.040711
v -0.985301 0.027896 0.042568
v -1.000520 0.088396 0.036258
v -0.996367 0.084620 0.036779
v -0.995949 0.091199 0.037804
v -0.994806 0.089201 0.035646
v -0.986360 0.196162 0.021020
v 0.662663 -0.113327 0.018396
v 0.705127 -0.094086 0.024025
v 0.699915 -0.060392 0.025896
v 0.565434 -0.054405 0.025292
v 0.247860 -0.070220 0.015966
v -0.464552 -0.108832 0.020086
v 0.418022 -0.011244 0.021366
v -0.418212 -0.069518 0.004312
v -0.718271 -0.165810 0.048337
v -0.740840 -0.165504 0.049031
v -0.728185 -0.161718 0.050561
v -0.726498 -0.159564 0.049083
v 0.231839 -0.026557 0.014085
v -0.757990 -0.163203 0.052081
v -0.731954 -0.159993 0.053366
v -0.755450 -0.161331 0.047862
v -0.730390 -0.158787 0.049027
v -0.751861 -0.157208 0.050272
v -0.809782 -0.151884 0.046757
v -0.801804 -0.149647 0.048407
v -0.814728 -0.149596 0.048302
v -0.810596 -0.148253 0.049010
v -0.823336 -0.143110 0.046792
v -0.817021 -0.144007 0.051714
v -0.829712 -0.140657 0.037240
v -0.893767 -0.112385 0.032426
v -0.920393 -0.086214 0.046642
v -0.988369 0.025113 0.042649
v -0.988819 0.022622 0.045599
v -0.979210 0.017055 0.043321
v -0.983545 0.028584 0.044850
v -0.999770 0.072056 0.037156
v -0.992203 0.068376 0.041153
v -0.995507 0.076721 0.038107
v -0.994855 0.098343 0.039115
v 0.684247 -0.119371 0.027664
v 0.697070 -0.109511 0.026917
v 0.390253 -0.116511 0.031151
v 0.668778 -0.085416 0.018718
v 0.563674 -0.077596 0.027280
v 0.572663 -0.030423 0.027557
v 0.196814 -0.056069 0.022450
v 0.484713 -0.008406 0.024349
v -0.638584 -0.149891 0.066701
v 0.085594 -0.055081 0.015648
v -0.197599 -0.061542 0.025430
v -0.160732 -0.063324 0.011917
v -0.717073 -0.162131 0.050254
v -0.714426 -0.159726 0.049145
v -0.750695 -0.163984 0.050401
v -0.736106 -0.162699 0.056134
v 0.155730 -0.028293 0.017519
v -0.138230 -0.037937 0.010024
v -0.015742 -0.031202 0.011139
v -0.812591 -0.151434 0.052257
v -0.883467 -0.111724 0.057511
v -0.919785 -0.087955 0.047603
v -0.942009 -0.052084 0.047154
v -0.985337 0.012838 0.042605
v -1.001108 0.095300 0.039946
v -0.996165 0.112729 0.018219
v 0.664821 -0.121368 0.026149
v 0.668075 -0.121605 0.031094
v 0.659515 -0.113877 0.024218
v 0.670341 -0.048958 0.019603
v -0.409829 -0.092007 0.016374
v 0.223413 -0.058334 0.021615
v -0.478222 -0.086363 0.014551
v -0.676737 -0.164421 0.050387
v -0.310764 -0.074830 0.016123
v -0.709144 -0.165872 0.051845
v -0.705118 -0.164759 0.061331
v -0.710551 -0.163553 0.054003
v -0.709790 -0.160868 0.054737
v -0.708291 -0.159128 0.051742
v -0.734595 -0.159824 0.059483
v -0.235606 -0.044533 0.007403
v -0.735464 -0.157816 0.057293
v -0.805001 -0.145157 0.065591
v -0.851728 -0.131446 0.045734
v -0.825458 -0.140721 0.049254
v -0.848961 -0.130629 0.053076
v -0.909928 -0.098022 0.049555
v -0.910373 -0.088337 0.054846
v -0.918146 -0.080723 0.053816
v -0.954442 -0.035809 0.045497
v -0.962075 -0.021883 0.047895
v -0.997899 0.062050 0.044778
v -0.995694 0.065895 0.043488
v -0.996508 0.097346 0.043002
v 0.563581 -0.111121 0.030204
v 0.701621 -0.087952 0.033411
v 0.667160 -0.065728 0.026188
v 0.705482 -0.068630 0.021681
v 0.568992 -0.064543 0.031145
v 0.666217 -0.050459 0.026678
v 0.680259 -0.047365 0.020416
v 0.130546 -0.054734 0.019922
v -0.673857 -0.162507 0.055450
v -0.682586 -0.163341 0.055935
v -0.692744 -0.163985 0.062086
v -0.685345 -0.162144 0.059043
v -0.678591 -0.159837 0.057178
v 0.091087 -0.051764 0.025601
v -0.239994 -0.064547 0.025615
v -0.679878 -0.157061 0.056184
v 0.041339 -0.055255 0.016662
v -0.735345 -0.158152 0.062996
v -0.787323 -0.157784 0.058701
v -0.215658 -0.044387 0.016570
v -0.800466 -0.154245 0.060986
v -0.111226 -0.039005 0.021430
v -0.833752 -0.144841 0.049151
v -0.795893 -0.148204 0.061014
v -0.851353 -0.132272 0.052099
v -0.882475 -0.115600 0.062137
v -0.885117 -0.108352 0.057610
v -0.918973 -0.081345 0.058999
v -0.961206 -0.036043 0.047620
v -0.994915 0.041497 0.038432
v 0.662140 -0.119364 0.022685
v 0.686617 -0.115616 0.034180
v 0.561093 -0.112953 0.033488
v 0.516036 -0.111673 0.041607
v 0.653435 -0.116200 0.029958
v 0.257649 -0.081238 0.016127
v 0.579902 -0.042950 0.035206
v -0.437701 -0.098902 0.021065
v 0.242900 -0.063529 0.022179
v 0.575777 -0.015061 0.028778
v 0.578662 -0.014304 0.032694
v -0.621279 -0.155527 0.059918
v 0.234005 -0.060407 0.021299
v -0.665745 -0.162112 0.059553
v -0.448796 -0.078041 0.014527
v 0.416101 -0.013211 0.033704
v -0.673552 -0.159780 0.057200
v -0.672849 -0.157047 0.055429
v -0.663434 -0.154662 0.057958
v -0.689263 -0.161004 0.063912
v 0.028751 -0.053253 0.023307
v -0.685021 -0.156953 0.059260
v 0.252884 -0.027667 0.021552
v 0.128357 -0.028762 0.019530
v -0.177615 -0.041029 0.015035
v -0.785543 -0.154921 0.063970
v -0.792450 -0.154483 0.063506
v 0.034121 -0.030382 0.017174
v -0.793853 -0.152340 0.064118
v -0.785982 -0.152026 0.061567
v -0.788603 -0.151068 0.059993
v -0.800866 -0.147812 0.065971
v -0.850996 -0.129557 0.060225
v -0.917709 -0.089074 0.057533
v -0.911550 -0.088534 0.059143
v -0.916667 -0.086589 0.059491
v -0.924829 -0.079686 0.062170
v -0.934915 -0.071658 0.054537
v -0.955730 -0.030549 0.059226
v -0.965681 -0.012995 0.065240
v -1.000590 0.098495 0.046182
v -0.993740 0.102864 0.049986
v 0.674580 -0.118761 0.039407
v 0.646292 -0.114065 0.033731
v 0.298400 -0.121346 0.025384
v 0.570987 -0.111245 0.035203
v 0.665681 -0.046488 0.030152
v 0.661826 -0.042901 0.045926
v -0.476621 -0.110759 0.034775
v -0.389545 -0.085435 0.022001
v -0.667288 -0.160465 0.060571
v -0.232652 -0.067552 0.013884
v -0.070151 -0.058214 0.017991
v -0.021778 -0.054193 0.023942
v -0.735842 -0.160087 0.067332
v -0.778787 -0.157194 0.066281
v -0.736349 -0.155485 0.072402
v -0.812456 -0.149873 0.068203
v -0.802617 -0.150729 0.067240
v -0.851229 -0.134169 0.060373
v -0.854273 -0.131676 0.072022
v -0.853070 -0.132014 0.062279
v -0.887849 -0.114139 0.058831
v -0.880501 -0.113289 0.065900
v -0.912231 -0.091843 0.060848
v -0.926339 -0.080692 0.059654
v -0.923733 -0.077096 0.063053
v -0.924052 -0.073485 0.062745
v -0.948001 -0.053428 0.065477
v -0.984757 0.040606 0.060087
v -0.991786 0.065036 0.047517
v -0.995546 0.099061 0.050133
v -0.993423 0.193892 0.036267
v 0.454533 -0.112699 0.037528
v 0.412753 -0.114942 0.034198
v 0.693197 -0.100650 0.039518
v 0.283864 -0.117355 0.025935
v 0.272097 -0.105280 0.024089
v 0.701102 -0.074083 0.035070
v 0.665583 -0.044484 0.034523
v 0.678445 -0.048837 0.039726
v 0.258958 -0.077067 0.025584
v 0.251646 -0.064648 0.028910
v 0.582062 -0.017198 0.033823
v -0.446806 -0.098621 0.030867
v -0.632012 -0.157541 0.061899
v -0.353509 -0.078391 0.023626
v 0.294753 -0.026821 0.027992
v -0.707318 -0.162435 0.065505
v -0.689180 -0.156856 0.067779
v -0.154743 -0.058679 0.025829
v -0.706749 -0.159223 0.062851
v -0.703359 -0.157648 0.061436
v -0.308478 -0.053668 0.015589
v 0.181538 -0.030787 0.025927
v -0.778292 -0.154539 0.068056
v -0.808178 -0.149317 0.071187
v -0.806588 -0.146807 0.072630
v -0.859720 -0.127829 0.067944
v -0.841579 -0.130031 0.076242
v -0.873811 -0.119855 0.067977
v -0.873504 -0.117631 0.068899
v -0.882363 -0.108401 0.070331
v -0.906437 -0.094260 0.063939
v -0.928265 -0.075276 0.068417
v -0.926654 -0.069261 0.074359
v -0.957237 -0.038896 0.063234
v -0.961846 -0.034252 0.059461
v -0.961680 -0.023759 0.064042
v -0.981601 0.008343 0.064245
v -0.980051 0.023036 0.060356
v -0.992998 0.042575 0.062669
v -0.982564 0.031122 0.059051
v -0.996130 0.064167 0.052880
v -1.000061 0.099186 0.053473
v 0.689900 -0.110062 0.037084
v 0.357065 -0.118536 0.031522
v 0.658282 -0.071087 0.032791
v 0.241807 -0.056881 0.028927
v -0.416453 -0.089296 0.027424
v 0.219340 -0.053246 0.028922
v -0.420164 -0.072568 0.020154
v 0.142217 -0.051890 0.026964
v -0.665151 -0.156741 0.061837
v -0.692997 -0.160961 0.074607
v 0.262155 -0.029841 0.027299
v 0.060728 -0.049844 0.028308
v 0.218683 -0.031465 0.027856
v -0.735297 -0.159768 0.078512
v -0.731819 -0.157080 0.079678
v -0.267682 -0.052317 0.025644
v -0.764908 -0.160353 0.069800
v -0.732231 -0.154526 0.081488
v 0.134354 -0.031329 0.026506
v -0.012141 -0.033620 0.021876
v -0.776122 -0.153042 0.067020
v -0.770656 -0.152734 0.066355
v -0.858054 -0.129732 0.069083
v -0.871044 -0.123736 0.072320
v -0.855381 -0.129103 0.066047
v -0.880322 -0.117367 0.065653
v -0.854204 -0.126284 0.067818
v -0.864910 -0.119274 0.072714
v -0.890653 -0.109239 0.078611
v -0.874920 -0.112786 0.073551
v -0.904044 -0.100244 0.063370
v -0.904660 -0.093829 0.064553
v -0.900031 -0.096371 0.063997
v -0.925942 -0.073481 0.070991
v -0.955039 -0.035972 0.064022
v -0.947607 -0.042212 0.065921
v -0.961084 -0.032036 0.063527
v -0.954151 -0.034102 0.062458
v -0.964485 -0.027475 0.064237
v -0.969679 -0.019494 0.065130
v -0.975309 0.012555 0.068284
v -0.985510 0.038312 0.061330
v -0.994347 0.096495 0.057757
v -0.992037 0.098840 0.059158
v -0.987439 0.172065 0.054542
v -0.985188 0.199092 0.037027
v 0.652025 -0.119273 0.033733
v 0.645536 -0.119497 0.039701
v 0.643142 -0.116298 0.035856
v 0.585214 -0.110665 0.039074
v 0.271283 -0.096198 0.031307
v 0.660485 -0.047999 0.032451
v 0.660410 -0.044216 0.034872
v 0.262291 -0.074116 0.033415
v 0.588978 -0.020665 0.036843
v 0.596078 -0.020452 0.040498
v 0.585051 -0.016694 0.036631
v -0.616438 -0.154825 0.064361
v 0.253092 -0.052267 0.035530
v -0.641388 -0.157680 0.069498
v -0.635180 -0.155487 0.067458
v -0.394514 -0.083246 0.027904
v 0.231800 -0.050319 0.032459
v -0.625174 -0.148781 0.061224
v -0.355452 -0.075854 0.027990
v -0.398052 -0.069085 0.022156
v -0.306766 -0.068925 0.028873
v -0.284709 -0.068580 0.025865
v 0.142648 -0.048276 0.030964
v 0.284069 -0.030513 0.032556
v 0.344224 -0.021431 0.036942
v 0.091171 -0.048419 0.030134
v -0.690312 -0.155956 0.065592
v -0.006734 -0.050397 0.028744
v -0.194187 -0.046013 0.026095
v -0.067813 -0.038172 0.025113
v 0.047022 -0.032343 0.024431
v -0.808698 -0.143342 0.075787
v -0.953356 -0.042909 0.065907
v -0.966451 -0.018656 0.068480
v -0.989179 0.028033 0.058397
v -0.987569 0.027897 0.060902
v -0.982898 0.026598 0.061362
v -0.990344 0.035802 0.061893
v -0.997326 0.062921 0.061604
v -0.989938 0.068152 0.062754
v -0.990848 0.064748 0.056162
v -1.002423 0.127746 0.039195
v -0.991778 0.132220 0.059815
v 0.656831 -0.118421 0.046900
v 0.631486 -0.116886 0.039929
v 0.581126 -0.113418 0.041499
v 0.607997 -0.113747 0.040857
v 0.633960 -0.100393 0.038185
v 0.621337 -0.111039 0.039299
v 0.273974 -0.100803 0.035664
v 0.648043 -0.042420 0.038070
v 0.650664 -0.040199 0.039837
v 0.633788 -0.035844 0.040181
v 0.618838 -0.032251 0.040171
v 0.596959 -0.024252 0.038854
v -0.453862 -0.099901 0.033711
v 0.556707 -0.011468 0.039012
v -0.620565 -0.152744 0.063991
v -0.532221 -0.114161 0.053585
v -0.625366 -0.150522 0.064353
v -0.628488 -0.150203 0.064944
v 0.237511 -0.047424 0.034318
v -0.635553 -0.152372 0.069490
v -0.636004 -0.150235 0.068700
v 0.156858 -0.045003 0.033164
v 0.251510 -0.034170 0.031012
v -0.367591 -0.064727 0.023741
v -0.709645 -0.161328 0.074957
v -0.689543 -0.157095 0.077700
v 0.144288 -0.043680 0.033243
v -0.281235 -0.065226 0.029674
v -0.173200 -0.055774 0.030506
v -0.309274 -0.057075 0.024745
v 0.220239 -0.035296 0.032168
v 0.176230 -0.034690 0.031113
v 0.061972 -0.045501 0.031653
v 0.067314 -0.035270 0.029813
v 0.129546 -0.034369 0.030436
v -0.749178 -0.148593 0.102043
v -0.109222 -0.042694 0.028124
v -0.034185 -0.039076 0.028847
v -0.775322 -0.154741 0.073824
v -0.773260 -0.151607 0.078892
v -0.818939 -0.146307 0.075988
v -0.810067 -0.146171 0.078460
v -0.808830 -0.143202 0.081103
v -0.860954 -0.120527 0.076316
v -0.903101 -0.096860 0.069200
v -0.930900 -0.073801 0.076420
v -0.950530 -0.041201 0.068381
v -0.947495 -0.041327 0.070416
v -0.966057 -0.015901 0.069007
v -0.982717 0.013324 0.065483
v -0.990645 0.041818 0.064481
v -0.986330 0.045202 0.064191
v -0.996271 0.068177 0.061186
v -0.994145 0.066479 0.057711
v 0.590555 -0.112843 0.040397
v 0.493381 -0.112116 0.034307
v 0.681244 -0.109163 0.046294
v 0.286216 -0.121067 0.028485
v 0.693537 -0.076114 0.044952
v 0.609258 -0.026128 0.040588
v -0.502070 -0.120593 0.046621
v -0.469792 -0.103847 0.038610
v 0.254979 -0.063472 0.032264
v 0.582643 -0.015030 0.039979
v -0.617779 -0.151462 0.067850
v -0.433011 -0.089572 0.033247
v 0.506433 -0.011017 0.039597
v -0.657537 -0.158287 0.081114
v -0.409541 -0.083575 0.031272
v -0.663073 -0.158492 0.071341
v -0.436336 -0.081053 0.029685
v -0.661539 -0.153658 0.070597
v 0.210618 -0.041468 0.034465
v -0.392581 -0.071778 0.027913
v -0.360115 -0.072928 0.030273
v 0.291925 -0.030623 0.036576
v -0.303319 -0.064394 0.031064
v 0.244856 -0.039373 0.034370
v -0.341015 -0.064302 0.028627
v -0.272550 -0.060422 0.031392
v 0.189278 -0.038112 0.033451
v -0.192357 -0.053695 0.031643
v 0.081392 -0.041471 0.032786
v -0.743634 -0.162218 0.070090
v -0.713249 -0.158887 0.079033
v -0.689958 -0.153433 0.081798
v 0.144176 -0.037960 0.032954
v -0.727213 -0.157743 0.082338
v -0.707681 -0.156232 0.074061
v -0.141948 -0.054181 0.030182
v -0.720312 -0.155097 0.082893
v -0.254071 -0.054962 0.030406
v -0.195627 -0.051242 0.031062
v 0.069044 -0.038056 0.031854
v -0.121106 -0.049388 0.031217
v -0.117339 -0.045741 0.030361
v -0.054474 -0.042881 0.030837
v -0.812169 -0.144586 0.089268
v -0.851247 -0.131887 0.079733
v -0.852133 -0.125826 0.079155
v -0.868131 -0.124167 0.079308
v -0.864259 -0.120308 0.081845
v -0.901140 -0.095842 0.070733
v -0.926679 -0.076322 0.077735
v -0.948759 -0.049531 0.073587
v -0.982753 0.016967 0.064828
v -0.978880 0.018445 0.065412
v -0.987654 0.046682 0.069204
v -0.997818 0.091607 0.063427
v -1.000181 0.099197 0.056810
v -0.983272 0.197414 0.052737
v -0.983190 0.199267 0.060994
v 0.569426 -0.113228 0.043395
v 0.603780 -0.115347 0.044776
v 0.287337 -0.112860 0.043595
v 0.695254 -0.064942 0.040051
v 0.687979 -0.055436 0.039969
v 0.613642 -0.026510 0.042788
v -0.482173 -0.110288 0.041439
v 0.606210 -0.023456 0.044786
v -0.455501 -0.096743 0.036604
v -0.442574 -0.087770 0.034263
v -0.468510 -0.088893 0.032122
v -0.427076 -0.085360 0.032943
v -0.638665 -0.154923 0.074244
v -0.614488 -0.146206 0.064785
v 0.254820 -0.043708 0.035990
v -0.402568 -0.077536 0.031008
v 0.263589 -0.038332 0.035551
v -0.359273 -0.069818 0.030373
v -0.688944 -0.158228 0.084228
v -0.715118 -0.160944 0.085755
v -0.713325 -0.161225 0.080379
v -0.719519 -0.159587 0.083166
v -0.728791 -0.159199 0.084899
v -0.714357 -0.154373 0.082823
v -0.773885 -0.157478 0.072013
v -0.840154 -0.136297 0.085885
v -0.859035 -0.127530 0.080299
v -0.863599 -0.123325 0.081293
v -0.869996 -0.118617 0.087358
v -0.867972 -0.118286 0.085903
v -0.945385 -0.043663 0.072595
v -0.970088 -0.014317 0.074072
v -0.966844 -0.016022 0.074415
v -0.964802 -0.014945 0.078322
v -0.976957 0.015850 0.068060
v -0.993562 0.072036 0.061940
v -0.993173 0.080082 0.063071
v -0.993076 0.088533 0.062523
v -0.990772 0.090126 0.065103
v -0.998832 0.113764 0.071249
v 0.472526 -0.111770 0.042887
v 0.403892 -0.113753 0.046881
v 0.289294 -0.119804 0.040745
v 0.690199 -0.083726 0.047265
v 0.640671 -0.036196 0.043017
v 0.590150 -0.017834 0.043728
v -0.472979 -0.102342 0.040899
v -0.481567 -0.099963 0.042549
v 0.528995 -0.013130 0.044646
v -0.512985 -0.105631 0.046597
v -0.466701 -0.092440 0.036751
v -0.618591 -0.148643 0.065641
v -0.580349 -0.134505 0.069438
v -0.663330 -0.157893 0.086057
v -0.638127 -0.149429 0.078369
v -0.686274 -0.158165 0.091269
v -0.775317 -0.152780 0.084603
v -0.808823 -0.141890 0.091257
v -0.849826 -0.130688 0.082221
v -0.846254 -0.128537 0.082501
v -0.874265 -0.116825 0.090914
v -0.878230 -0.117800 0.079172
v -0.899845 -0.100164 0.083412
v -0.901693 -0.096559 0.079504
v -0.898452 -0.095254 0.079025
v -0.923551 -0.078217 0.085910
v -0.923596 -0.074036 0.080573
v -0.995816 0.052927 0.061786
v -0.985979 0.050420 0.071297
v -0.996849 0.077966 0.064713
v -0.990147 0.076700 0.065916
v -0.991137 0.197182 0.039564
v -0.988646 0.199236 0.034040
v 0.620858 -0.115845 0.051453
v 0.664560 -0.114464 0.050623
v 0.535549 -0.110835 0.047940
v 0.496093 -0.110740 0.047139
v 0.447314 -0.112045 0.045332
v 0.372222 -0.116505 0.043833
v 0.320508 -0.119559 0.041222
v 0.270533 -0.086319 0.037338
v -0.502282 -0.117652 0.052098
v -0.640899 -0.154795 0.085500
v -0.637607 -0.151546 0.087508
v 0.388606 -0.016623 0.038554
v 0.366429 -0.022389 0.045744
v 0.293365 -0.033080 0.041889
v -0.684151 -0.153239 0.091063
v -0.686890 -0.153764 0.087115
v -0.759202 -0.146674 0.104901
v -0.840958 -0.130373 0.088634
v -0.869195 -0.114955 0.084827
v -0.947680 -0.043215 0.076004
v -0.980645 0.014212 0.071044
v -0.977662 0.014982 0.073853
v -0.974416 0.015524 0.081009
v -0.990311 0.044993 0.074451
v -0.997512 0.071935 0.065626
v -0.998930 0.092199 0.066713
v -0.990513 0.194491 0.057294
v -0.985380 0.186901 0.054314
v 0.425532 -0.113058 0.044349
v 0.434777 -0.110412 0.050217
v 0.353705 -0.116195 0.047535
v 0.275721 -0.089681 0.046019
v 0.668314 -0.046455 0.049712
v 0.262995 -0.062217 0.038011
v -0.489849 -0.108597 0.047075
v 0.264326 -0.053734 0.039838
v 0.591951 -0.021255 0.050403
v 0.566031 -0.018376 0.051265
v -0.614891 -0.153503 0.073825
v -0.500296 -0.103555 0.047305
v 0.269755 -0.045064 0.040451
v 0.495242 -0.014676 0.047531
v 0.439325 -0.015892 0.045682
v 0.278002 -0.036632 0.037750
v -0.665886 -0.157135 0.086735
v -0.639400 -0.148184 0.078578
v -0.663767 -0.153460 0.083525
v -0.708241 -0.162569 0.075765
v -0.740233 -0.156790 0.101489
v -0.725751 -0.154612 0.083529
v -0.841125 -0.133663 0.089619
v -0.810403 -0.139361 0.091448
v -0.871483 -0.115628 0.097702
v -0.902848 -0.092676 0.084796
v -0.916916 -0.078120 0.090908
v -0.966696 -0.017132 0.082613
v -0.985158 0.047109 0.078666
v -0.989359 0.090475 0.078307
v 0.585645 -0.113089 0.050622
v 0.643576 -0.113580 0.055141
v 0.484160 -0.108084 0.052296
v 0.436093 -0.107809 0.053435
v 0.374774 -0.113398 0.050206
v 0.681459 -0.089500 0.052049
v 0.291154 -0.115878 0.048421
v 0.281567 -0.098977 0.047863
v 0.274641 -0.075266 0.045945
v -0.558330 -0.142159 0.073452
v -0.519631 -0.127249 0.065307
v -0.609791 -0.154726 0.077879
v -0.500928 -0.112216 0.052351
v -0.616128 -0.147198 0.076183
v -0.668277 -0.154596 0.088982
v -0.679589 -0.155700 0.093178
v -0.661777 -0.149888 0.087830
v -0.703546 -0.149477 0.104084
v -0.778701 -0.147989 0.096259
v -0.771805 -0.147502 0.093461
v -0.811369 -0.143453 0.101520
v -0.806481 -0.143329 0.100141
v -0.805487 -0.141507 0.098881
v -0.909358 -0.087596 0.090880
v -0.901951 -0.090329 0.088923
v -0.918156 -0.081376 0.092626
v -0.944542 -0.042660 0.083456
v -0.961791 -0.019226 0.086221
v -0.980072 0.014460 0.078237
v 0.567821 -0.108489 0.055073
v 0.654197 -0.109226 0.056426
v 0.524931 -0.107296 0.054059
v 0.668350 -0.107704 0.053333
v 0.678463 -0.058054 0.052265
v 0.638500 -0.036254 0.053432
v -0.504498 -0.109178 0.053429
v -0.613384 -0.143439 0.079361
v 0.287109 -0.041054 0.045364
v -0.674272 -0.156713 0.093844
v -0.682660 -0.157748 0.096000
v -0.673183 -0.154935 0.092033
v -0.671881 -0.150358 0.093406
v -0.680037 -0.152310 0.093503
v -0.758919 -0.154607 0.101878
v -0.738297 -0.149553 0.100656
v -0.776455 -0.153106 0.097105
v -0.785800 -0.148084 0.102002
v -0.780038 -0.150717 0.097762
v -0.805277 -0.138268 0.102706
v -0.838736 -0.130538 0.093569
v -0.833478 -0.129499 0.099041
v -0.906370 -0.093407 0.091473
v -0.913557 -0.081897 0.092476
v -0.919859 -0.071998 0.092048
v -0.947499 -0.041861 0.086858
v -0.964899 -0.018905 0.092127
v -0.966089 -0.009386 0.074716
v -0.976814 0.017039 0.079963
v -0.991348 0.047383 0.077610
v -0.989094 0.044408 0.079921
v -0.991375 0.059713 0.088957
v 0.622873 -0.112546 0.055897
v 0.465357 -0.105109 0.055010
v 0.354271 -0.110886 0.053683
v 0.340701 -0.114291 0.051258
v 0.321567 -0.117571 0.046918
v 0.294753 -0.113523 0.051334
v 0.290314 -0.106953 0.050721
v 0.678273 -0.072757 0.054821
v 0.280307 -0.085511 0.051238
v -0.515143 -0.123641 0.064062
v -0.614521 -0.153610 0.087132
v -0.511750 -0.116162 0.060904
v 0.521956 -0.016946 0.051391
v 0.283282 -0.051103 0.048924
v -0.512792 -0.108493 0.055866
v -0.617440 -0.147535 0.084934
v 0.400115 -0.027995 0.055240
v 0.402717 -0.021390 0.049636
v 0.291625 -0.037175 0.047024
v -0.636746 -0.147431 0.087342
v -0.685008 -0.150337 0.096506
v -0.756260 -0.152654 0.104269
v -0.772211 -0.151613 0.109316
v -0.759332 -0.149127 0.106882
v -0.748931 -0.149530 0.103516
v -0.784860 -0.149646 0.104019
v -0.785756 -0.144151 0.102785
v -0.799671 -0.141741 0.102848
v -0.792442 -0.143416 0.103720
v -0.781952 -0.142424 0.105484
v -0.792619 -0.140366 0.106270
v -0.914068 -0.085423 0.093574
v -0.910670 -0.081582 0.094414
v -0.948698 -0.046992 0.088077
v -0.957081 -0.023136 0.090500
v -0.960121 -0.016095 0.088017
v -0.977940 0.021550 0.084125
v -0.986174 0.038690 0.085036
v -0.982545 0.039855 0.084647
v -0.995960 0.077231 0.079031
v -0.986720 0.071202 0.081980
v -0.988040 0.079587 0.079115
v 0.546910 -0.104434 0.056850
v 0.492282 -0.105255 0.055135
v 0.321260 -0.107771 0.055319
v 0.613992 -0.028276 0.053393
v -0.587050 -0.151082 0.075190
v 0.491274 -0.019164 0.053763
v 0.524576 -0.022753 0.056855
v 0.545115 -0.020852 0.055374
v 0.279462 -0.060595 0.048940
v -0.616293 -0.152640 0.081971
v 0.436423 -0.021848 0.053525
v -0.616848 -0.142882 0.087440
v 0.352929 -0.030943 0.052494
v -0.631541 -0.147408 0.092604
v -0.630661 -0.144181 0.093847
v -0.746916 -0.155049 0.101912
v -0.742600 -0.150248 0.104470
v -0.729628 -0.147837 0.108706
v -0.794966 -0.145766 0.104925
v -0.795637 -0.146137 0.108863
v -0.836926 -0.128496 0.102223
v -0.868216 -0.112334 0.105598
v -0.918094 -0.082683 0.096651
v -0.949763 -0.040653 0.092129
v -0.948286 -0.036986 0.092371
v -0.951409 -0.030260 0.093808
v -0.963367 -0.021556 0.089774
v -0.979867 0.011700 0.084134
v -0.980952 0.019118 0.084958
v -0.975180 0.022575 0.086898
v -0.978386 0.030268 0.086566
v -0.979452 0.038397 0.087654
v -0.983010 0.047055 0.082203
v -0.996762 0.099147 0.081743
v -0.990166 0.093089 0.080988
v 0.629212 -0.107716 0.058609
v 0.503466 -0.099635 0.058215
v 0.449719 -0.101676 0.057017
v 0.400628 -0.101973 0.057352
v 0.660284 -0.095164 0.058343
v 0.665647 -0.073234 0.059365
v 0.663338 -0.054163 0.058073
v 0.293369 -0.093712 0.055410
v 0.661931 -0.048182 0.055944
v 0.627238 -0.040821 0.060665
v 0.623923 -0.034982 0.057960
v 0.597644 -0.027889 0.057416
v 0.565224 -0.027116 0.059258
v 0.464797 -0.024366 0.056512
v 0.289037 -0.046214 0.052151
v -0.525200 -0.113072 0.067955
v 0.313377 -0.038768 0.051483
v -0.635764 -0.152320 0.094147
v -0.627234 -0.148828 0.093934
v -0.621702 -0.147108 0.091001
v -0.624055 -0.144380 0.092569
v -0.671055 -0.157064 0.094815
v -0.696907 -0.155598 0.108458
v -0.688982 -0.147665 0.109509
v -0.738073 -0.154002 0.107236
v -0.735048 -0.149193 0.108214
v -0.767221 -0.151060 0.110994
v -0.765101 -0.145745 0.112227
v -0.836732 -0.133771 0.106118
v -0.839350 -0.130645 0.102181
v -0.866846 -0.109655 0.112112
v -0.870303 -0.112826 0.095771
v -0.907811 -0.090895 0.100419
v -0.950918 -0.041037 0.095555
v -0.953798 -0.033419 0.093889
v -0.982132 0.022842 0.089621
v -0.982328 0.026522 0.086712
v -0.994004 0.067733 0.082361
v -0.983955 0.064740 0.089341
v -0.988430 0.073443 0.082356
v -0.994878 0.084311 0.080959
v -0.990616 0.079935 0.081027
v -0.994541 0.093909 0.083078
v 0.562206 -0.099505 0.059253
v 0.555703 -0.084242 0.061333
v 0.456464 -0.088654 0.059859
v 0.641697 -0.089101 0.060995
v 0.452342 -0.067181 0.061372
v 0.639014 -0.070739 0.062186
v 0.294808 -0.106359 0.054564
v 0.336293 -0.094510 0.058292
v 0.559052 -0.061315 0.062402
v 0.298483 -0.091008 0.056896
v 0.421095 -0.056186 0.060642
v 0.283966 -0.066805 0.053685
v 0.544782 -0.035639 0.061148
v 0.452755 -0.033144 0.059749
v 0.494197 -0.028876 0.059793
v 0.529863 -0.029149 0.059951
v 0.304808 -0.071159 0.057169
v 0.287808 -0.053288 0.053912
v 0.382404 -0.035251 0.057185
v -0.619084 -0.152586 0.093292
v 0.320197 -0.045045 0.055278
v -0.619891 -0.150674 0.090862
v -0.636111 -0.144646 0.092412
v -0.766584 -0.144691 0.109328
v -0.837465 -0.124306 0.111906
v -0.868047 -0.114940 0.107340
v -0.864090 -0.113029 0.112033
v -0.909301 -0.079767 0.103272
v -0.989945 0.069392 0.084627
v -0.995045 0.107600 0.089892
v -0.984747 0.197401 0.071969
v 0.338178 -0.075112 0.059189
v 0.344436 -0.054720 0.058770
v -0.529162 -0.130595 0.077549
v -0.517281 -0.112336 0.064080
v -0.629427 -0.151153 0.097153
v -0.643934 -0.150916 0.107989
v -0.622159 -0.142435 0.094232
v -0.687777 -0.153723 0.112583
v -0.708871 -0.155545 0.111658
v -0.702449 -0.152742 0.113176
v -0.699555 -0.150747 0.112473
v -0.698158 -0.148931 0.110499
v -0.734379 -0.153009 0.111961
v -0.732673 -0.149056 0.112640
v -0.769226 -0.147561 0.121126
v -0.766438 -0.144095 0.122779
v -0.842400 -0.128136 0.110390
v -0.841293 -0.125305 0.110384
v -0.875025 -0.114595 0.102673
v -0.864574 -0.116497 0.112650
v -0.889088 -0.101554 0.113758
v -0.897581 -0.093823 0.111029
v -0.895059 -0.091021 0.106967
v -0.905184 -0.083641 0.105311
v -0.947098 -0.037560 0.092005
v -0.987651 0.039871 0.086203
v -0.991052 0.064815 0.087402
v -0.990270 0.097935 0.084420
v -0.527766 -0.128803 0.080091
v -0.635841 -0.151705 0.103909
v -0.694087 -0.151020 0.111907
v -0.732005 -0.155322 0.110090
v -0.773614 -0.146705 0.126497
v -0.843829 -0.128185 0.114801
v -0.848859 -0.121095 0.115110
v -0.844844 -0.120003 0.115931
v -0.857522 -0.116125 0.114894
v -0.856919 -0.113317 0.117395
v -0.906041 -0.090622 0.105559
v -0.900349 -0.089615 0.108426
v -0.909900 -0.084911 0.107916
v -0.916528 -0.070764 0.109992
v -0.957214 -0.031317 0.095054
v -0.937468 -0.049734 0.095320
v -0.994622 0.097834 0.085418
v -0.991250 0.098610 0.087341
v -0.620461 -0.149318 0.113213
v -0.686271 -0.149033 0.114138
v -0.682429 -0.146232 0.113387
v -0.704607 -0.146227 0.122215
v -0.766577 -0.141282 0.125497
v -0.851100 -0.122942 0.116184
v -0.818653 -0.126134 0.131383
v -0.913420 -0.076727 0.110467
v -0.915940 -0.079557 0.109655
v -0.917790 -0.066890 0.117875
v -0.953610 -0.032966 0.106051
v -0.961147 -0.007537 0.100965
v -0.985745 0.067107 0.089108
v -0.990233 0.100171 0.093351
v -0.986687 0.102847 0.092522
v -0.988540 0.103079 0.083776
v -0.995365 0.161923 0.067834
v -0.525725 -0.125840 0.078899
v -0.527165 -0.117084 0.078785
v -0.657830 -0.151279 0.115979
v -0.643691 -0.143724 0.110909
v -0.646994 -0.142787 0.108948
v -0.703121 -0.146893 0.115594
v -0.730067 -0.146663 0.119747
v -0.852141 -0.122935 0.119981
v -0.866233 -0.116785 0.116176
v -0.916303 -0.072008 0.114794
v -0.941064 -0.047915 0.115517
v -0.944728 -0.031913 0.111109
v -0.979358 0.179493 0.086955
v -0.637477 -0.150212 0.109995
v -0.641328 -0.148640 0.110753
v -0.645067 -0.146990 0.111774
v -0.634328 -0.140808 0.107743
v -0.651187 -0.143747 0.114501
v -0.714861 -0.152786 0.122891
v -0.709357 -0.152008 0.121629
v -0.733030 -0.151205 0.119402
v -0.892486 -0.096380 0.117060
v -0.893312 -0.091771 0.113070
v -0.887164 -0.092490 0.120702
v -0.921883 -0.072978 0.113247
v -0.918272 -0.072859 0.116054
v -0.969158 -0.003335 0.103914
v -0.953613 -0.018896 0.110504
v -0.956681 -0.011413 0.110900
v -0.981954 0.029073 0.098788
v -0.976750 0.039932 0.103611
v -0.977728 0.054029 0.108215
v -0.992099 0.101126 0.095683
v -0.554172 -0.134961 0.103038
v -0.624606 -0.151486 0.099318
v -0.652665 -0.148505 0.115703
v -0.636133 -0.142189 0.110619
v -0.658783 -0.147702 0.122604
v -0.683436 -0.149339 0.118217
v -0.706959 -0.146869 0.129336
v -0.706115 -0.143671 0.131663
v -0.734504 -0.148871 0.125986
v -0.728127 -0.144592 0.124613
v -0.764331 -0.144665 0.131372
v -0.815157 -0.134559 0.129155
v -0.827042 -0.121785 0.133187
v -0.866781 -0.098815 0.141653
v -0.892603 -0.093224 0.117904
v -0.946354 -0.037905 0.114473
v -0.957664 -0.003966 0.117130
v -0.974438 0.017716 0.108306
v -0.967582 0.018466 0.110872
v -0.980639 0.031454 0.101630
v -0.988835 0.064499 0.093709
v -0.981133 0.067346 0.101399
v -0.983477 0.067627 0.097045
v -0.538928 -0.131444 0.097760
v -0.601686 -0.149836 0.100231
v -0.527546 -0.115149 0.076700
v -0.632279 -0.147754 0.118780
v -0.636692 -0.147014 0.113178
v -0.602792 -0.135082 0.111133
v -0.663386 -0.147824 0.130994
v -0.656585 -0.143429 0.121445
v -0.680346 -0.145866 0.122400
v -0.657393 -0.142382 0.119325
v -0.676753 -0.144789 0.116591
v -0.708129 -0.148371 0.135400
v -0.736180 -0.149237 0.130100
v -0.761050 -0.145621 0.134341
v -0.759181 -0.139506 0.134944
v -0.804606 -0.135960 0.133032
v -0.792909 -0.128631 0.144396
v -0.825754 -0.131399 0.129530
v -0.814799 -0.131595 0.131431
v -0.823824 -0.128941 0.132732
v -0.797487 -0.130822 0.135656
v -0.808725 -0.129552 0.131580
v -0.824429 -0.124384 0.134367
v -0.852183 -0.111679 0.131166
v -0.918107 -0.068313 0.126692
v -0.952318 -0.030712 0.112104
v -0.941597 -0.034670 0.116786
v -0.960732 -0.018153 0.109764
v -0.947364 -0.029599 0.112456
v -0.954487 -0.023809 0.112052
v -0.958133 -0.015026 0.112647
v -0.977406 0.029874 0.103898
v -0.970587 0.022681 0.106417
v -0.972865 0.027874 0.105245
v -0.979371 0.041300 0.104511
v -0.977804 0.046377 0.103431
v -0.987552 0.067668 0.101063
v -0.985813 0.098931 0.100579
v -0.984185 0.152308 0.086353
v -0.975687 0.193848 0.090804
v -0.974923 0.195464 0.096800
v -0.629532 -0.140018 0.109836
v -0.681831 -0.152089 0.119971
v -0.732170 -0.150878 0.127923
v -0.737855 -0.147174 0.130885
v -0.708347 -0.142183 0.132397
v -0.745243 -0.143546 0.134594
v -0.753302 -0.142485 0.134655
v -0.747685 -0.140047 0.137573
v -0.765531 -0.138665 0.132746
v -0.805832 -0.130720 0.133407
v -0.891921 -0.092729 0.125392
v -0.916754 -0.067693 0.123438
v -0.957955 -0.007796 0.117557
v -0.971659 0.011701 0.114675
v -0.979560 0.046258 0.107102
v -0.989837 0.097628 0.100606
v -0.987056 0.193905 0.074705
v -0.978585 0.196705 0.079193
v -0.631623 -0.140517 0.116185
v -0.673416 -0.140980 0.130861
v -0.748589 -0.146279 0.136219
v -0.759608 -0.145196 0.139912
v -0.734609 -0.142262 0.132615
v -0.798552 -0.139714 0.129129
v -0.805303 -0.132862 0.134269
v -0.829540 -0.124435 0.137627
v -0.830244 -0.119535 0.141155
v -0.832592 -0.116370 0.142708
v -0.890137 -0.091320 0.124053
v -0.944937 -0.035411 0.115782
v -0.960063 -0.011064 0.116125
v -0.972507 0.021984 0.108354
v -0.984134 0.043426 0.103590
v -0.988043 0.066805 0.105411
v -0.983035 0.072311 0.102499
v -0.984857 0.093396 0.104542
v -0.983276 0.101551 0.102878
v -0.568514 -0.123430 0.115233
v -0.632658 -0.145504 0.120537
v -0.681185 -0.147860 0.129853
v -0.679432 -0.146523 0.142743
v -0.659033 -0.141277 0.128875
v -0.703655 -0.143576 0.138645
v -0.798825 -0.131997 0.141044
v -0.833333 -0.125278 0.139377
v -0.893856 -0.088094 0.131567
v -0.886832 -0.088533 0.129610
v -0.919874 -0.068091 0.127371
v -0.914923 -0.065901 0.129702
v -0.916911 -0.061175 0.129095
v -0.937643 -0.037900 0.119575
v -0.938971 -0.037279 0.122237
v -0.969911 0.020665 0.111391
v -0.981488 0.050190 0.112735
v -0.978268 0.049892 0.110982
v -0.986766 0.073827 0.104937
v -0.980817 0.076474 0.105720
v -0.983763 0.081731 0.105594
v -0.989477 0.095201 0.104347
v -0.981721 0.090736 0.107112
v -0.586173 -0.143244 0.113397
v -0.701640 -0.146588 0.143219
v -0.699779 -0.140134 0.143248
v -0.797577 -0.130536 0.140448
v -0.890458 -0.094375 0.129527
v -0.891575 -0.086162 0.131108
v -0.914947 -0.069668 0.132160
v -0.941042 -0.040849 0.121767
v -0.962483 -0.009339 0.116952
v -0.959954 -0.008636 0.122011
v -0.971731 0.016122 0.113623
v -0.987347 0.085503 0.106652
v -0.538886 -0.120010 0.100854
v -0.553974 -0.123211 0.088865
v -0.663679 -0.145525 0.141473
v -0.679564 -0.142919 0.132462
v -0.697739 -0.144919 0.144271
v -0.712944 -0.134601 0.158756
v -0.753875 -0.132081 0.156531
v -0.798720 -0.134831 0.140198
v -0.882357 -0.098936 0.135009
v -0.873719 -0.094099 0.141994
v -0.897335 -0.086157 0.136175
v -0.898209 -0.084313 0.135285
v -0.910094 -0.068113 0.133880
v -0.911238 -0.063269 0.135641
v -0.958239 -0.007934 0.125749
v -0.955033 -0.003787 0.126009
v -0.988372 0.080534 0.109203
v -0.988355 0.161613 0.096333
v -0.972514 0.193052 0.100080
v -0.631541 -0.142700 0.125724
v -0.629341 -0.138296 0.124890
v -0.682374 -0.146805 0.136579
v -0.656469 -0.139396 0.141242
v -0.685426 -0.141905 0.140164
v -0.684721 -0.138783 0.141954
v -0.695656 -0.139689 0.145022
v -0.698315 -0.136677 0.149287
v -0.831680 -0.120028 0.148278
v -0.872048 -0.104169 0.138774
v -0.864492 -0.103240 0.142634
v -0.845073 -0.105749 0.151749
v -0.853799 -0.104513 0.144663
v -0.874016 -0.097416 0.142480
v -0.907940 -0.074793 0.136522
v -0.898801 -0.076914 0.136196
v -0.905118 -0.072335 0.135895
v -0.897279 -0.074787 0.138647
v -0.938555 -0.039499 0.131283
v -0.933995 -0.037169 0.130617
v -0.968091 0.020946 0.117543
v -0.983487 0.053831 0.112888
v -0.977723 0.049981 0.118661
v -0.977395 0.153920 0.107345
v -0.658271 -0.142517 0.141144
v -0.685440 -0.145330 0.141988
v -0.659179 -0.139063 0.135048
v -0.690717 -0.141710 0.143913
v -0.740037 -0.147848 0.136915
v -0.797562 -0.130883 0.149853
v -0.766446 -0.130923 0.153679
v -0.859423 -0.110958 0.141531
v -0.858745 -0.108370 0.144091
v -0.857623 -0.103983 0.144419
v -0.878325 -0.095908 0.143250
v -0.888606 -0.086849 0.148603
v -0.901497 -0.081271 0.139361
v -0.875786 -0.091505 0.141028
v -0.934501 -0.042292 0.139861
v -0.937089 -0.036544 0.129773
v -0.965345 0.021921 0.121109
v -0.975310 0.052210 0.117716
v -0.988628 0.088290 0.109236
v -0.630998 -0.144673 0.129185
v -0.632448 -0.140585 0.131770
v -0.628843 -0.135789 0.130941
v -0.689878 -0.144652 0.145120
v -0.690591 -0.138179 0.145694
v -0.753035 -0.139075 0.159260
v -0.758191 -0.139243 0.157103
v -0.779242 -0.136377 0.154582
v -0.797059 -0.127070 0.151005
v -0.794602 -0.123996 0.155043
v -0.828025 -0.115267 0.155197
v -0.829805 -0.113168 0.153780
v -0.852287 -0.105900 0.148343
v -0.877105 -0.090445 0.147221
v -0.937835 -0.030780 0.135042
v -0.954845 -0.010193 0.132780
v -0.948944 -0.010527 0.135618
v -0.948594 -0.007004 0.135576
v -0.967934 0.024091 0.123095
v -0.979008 0.049020 0.122908
v -0.974826 0.048606 0.122436
v -0.975323 0.195344 0.100749
v -0.562390 -0.138696 0.102538
v -0.545465 -0.119143 0.113959
v -0.537757 -0.118324 0.093649
v -0.633300 -0.143038 0.138693
v -0.655756 -0.136275 0.142776
v -0.707834 -0.146125 0.147852
v -0.731063 -0.138897 0.165403
v -0.776175 -0.133929 0.157359
v -0.790443 -0.133500 0.156366
v -0.764712 -0.131715 0.156002
v -0.777194 -0.127736 0.158236
v -0.833842 -0.119668 0.152611
v -0.828757 -0.118369 0.155995
v -0.882691 -0.088697 0.150820
v -0.914895 -0.069249 0.136896
v -0.918684 -0.047909 0.144731
v -0.935020 -0.030083 0.137446
v -0.969988 0.021935 0.125331
v -0.965773 0.026122 0.124391
v -0.966164 0.034135 0.127183
v -0.971149 0.052640 0.124880
v -0.975626 0.074540 0.119682
v -0.970593 0.193197 0.107307
v -0.552264 -0.127911 0.129003
v -0.651520 -0.139569 0.144791
v -0.652370 -0.135842 0.144611
v -0.763385 -0.136298 0.157520
v -0.755645 -0.133083 0.159916
v -0.783802 -0.131801 0.161100
v -0.781420 -0.128695 0.161687
v -0.800872 -0.127487 0.157608
v -0.780931 -0.125746 0.161248
v -0.801518 -0.122053 0.157718
v -0.821404 -0.119069 0.161522
v -0.850732 -0.111686 0.150143
v -0.879401 -0.087194 0.152439
v -0.879558 -0.083489 0.151936
v -0.900198 -0.059978 0.158156
v -0.939689 -0.032772 0.135735
v -0.957422 -0.006719 0.133862
v -0.969171 0.031143 0.126800
v -0.968565 0.040880 0.126692
v -0.971718 0.047313 0.124059
v -0.983054 0.076461 0.122479
v -0.971827 0.064867 0.127355
v -0.975090 0.073137 0.123295
v -0.988617 0.108268 0.111512
v -0.975950 0.085251 0.122197
v -0.977541 0.114708 0.118770
v -0.655186 -0.142312 0.146586
v -0.636402 -0.141355 0.138549
v -0.642053 -0.140454 0.143522
v -0.644035 -0.133492 0.145647
v -0.712303 -0.141081 0.158534
v -0.699969 -0.134426 0.155891
v -0.799872 -0.128309 0.160597
v -0.809363 -0.115647 0.163283
v -0.848318 -0.109426 0.155505
v -0.847179 -0.105940 0.154692
v -0.926399 -0.046676 0.146556
v -0.913806 -0.053207 0.146173
v -0.939140 -0.036427 0.137978
v -0.944784 -0.026242 0.138849
v -0.941490 -0.022008 0.137578
v -0.946466 -0.020130 0.137844
v -0.952219 -0.013365 0.135974
v -0.942735 -0.014886 0.138910
v -0.971699 0.030709 0.128921
v -0.960907 0.024589 0.133429
v -0.974277 0.041462 0.127796
v -0.982239 0.068134 0.123019
v -0.980129 0.074626 0.124126
v -0.978333 0.083189 0.124338
v -0.980574 0.192643 0.098519
v -0.972952 0.179148 0.104280
v -0.538583 -0.122864 0.102527
v -0.643924 -0.141307 0.145777
v -0.693561 -0.145154 0.148518
v -0.698363 -0.133098 0.160953
v -0.707706 -0.135345 0.158813
v -0.751900 -0.131402 0.161971
v -0.805535 -0.125009 0.161629
v -0.814220 -0.121144 0.163631
v -0.810929 -0.118333 0.161480
v -0.836745 -0.110158 0.170463
v -0.844637 -0.109991 0.162148
v -0.820652 -0.113992 0.160762
v -0.913544 -0.059375 0.151146
v -0.931415 -0.038733 0.148820
v -0.946397 -0.022913 0.141276
v -0.956672 0.014231 0.136714
v -0.975898 0.044093 0.129301
v -0.977806 0.064766 0.128240
v -0.979671 0.068864 0.125578
v -0.973817 0.067980 0.126723
v -0.983797 0.090369 0.123648
v -0.981024 0.088121 0.126235
v -0.976922 0.090422 0.126121
v -0.974432 0.097917 0.127629
v -0.976578 0.180109 0.120826
v -0.971081 0.193178 0.113133
v -0.585034 -0.135967 0.137343
v -0.636931 -0.132724 0.143049
v -0.711642 -0.138124 0.161017
v -0.723106 -0.135699 0.167366
v -0.752829 -0.134035 0.163180
v -0.728610 -0.128758 0.169529
v -0.786914 -0.127261 0.168794
v -0.846009 -0.104223 0.160006
v -0.876369 -0.084722 0.160249
v -0.905208 -0.066589 0.156163
v -0.922265 -0.047705 0.148085
v -0.918276 -0.048770 0.147751
v -0.969638 0.021371 0.129679
v -0.960315 0.021941 0.138350
v -0.967564 0.189863 0.116261
v -0.538941 -0.128760 0.102938
v -0.548170 -0.123244 0.125526
v -0.628444 -0.126708 0.157817
v -0.697272 -0.141448 0.160605
v -0.649593 -0.132427 0.149089
v -0.700620 -0.139892 0.161937
v -0.704267 -0.138770 0.161540
v -0.704670 -0.136392 0.161451
v -0.748011 -0.135492 0.169978
v -0.721964 -0.131747 0.164875
v -0.749734 -0.130616 0.161694
v -0.783662 -0.123284 0.168546
v -0.818542 -0.118543 0.168655
v -0.825623 -0.104443 0.173382
v -0.842582 -0.102524 0.161831
v -0.879547 -0.086022 0.161208
v -0.877922 -0.081778 0.157661
v -0.906280 -0.057244 0.154096
v -0.916666 -0.054499 0.150036
v -0.926106 -0.037070 0.150225
v -0.926353 -0.033393 0.149226
v -0.956077 0.001311 0.141466
v -0.966438 0.020993 0.137574
v -0.548561 -0.127004 0.124058
v -0.625113 -0.141998 0.141964
v -0.732744 -0.134047 0.175675
v -0.721467 -0.132450 0.166446
v -0.783909 -0.122074 0.176143
v -0.870066 -0.084608 0.167603
v -0.908746 -0.061885 0.155725
v -0.909504 -0.056903 0.153744
v -0.929426 -0.035245 0.152747
v -0.952223 -0.001275 0.148386
v -0.960902 0.011835 0.139367
v -0.951859 0.008595 0.142060
v -0.956924 0.013711 0.139970
v -0.965573 0.025649 0.140067
v -0.961548 0.029648 0.139462
v -0.961104 0.034338 0.141626
v -0.976234 0.057036 0.132717
v -0.975174 0.094693 0.132573
v -0.661003 -0.129201 0.164413
v -0.726962 -0.134343 0.171244
v -0.726726 -0.128954 0.173225
v -0.750462 -0.128449 0.171876
v -0.729442 -0.123697 0.181774
v -0.785370 -0.123767 0.177422
v -0.785176 -0.120178 0.171718
v -0.805578 -0.109454 0.177714
v -0.847791 -0.102950 0.171179
v -0.847219 -0.104472 0.165333
v -0.850829 -0.099734 0.169563
v -0.846693 -0.099489 0.166875
v -0.904811 -0.057319 0.160180
v -0.929860 -0.033509 0.156879
v -0.926717 -0.032386 0.154069
v -0.952546 0.006045 0.144498
v -0.972649 0.065050 0.132141
v -0.977352 0.093765 0.137995
v -0.979286 0.092271 0.131791
v -0.975443 0.138043 0.120582
v -0.552025 -0.118194 0.126788
v -0.549285 -0.119320 0.126031
v -0.698530 -0.132836 0.166415
v -0.695020 -0.130119 0.167907
v -0.750259 -0.132212 0.171241
v -0.779236 -0.117723 0.181458
v -0.782747 -0.116096 0.180059
v -0.876870 -0.085261 0.167879
v -0.868948 -0.081401 0.169027
v -0.903235 -0.057741 0.157408
v -0.926106 -0.026449 0.158187
v -0.945355 0.004750 0.152462
v -0.964024 0.030270 0.144216
v -0.975396 0.061726 0.132688
v -0.969839 0.064268 0.134157
v -0.975902 0.192649 0.109486
v -0.642736 -0.141135 0.150511
v -0.572160 -0.118390 0.140357
v -0.699531 -0.135094 0.166896
v -0.728479 -0.126434 0.180908
v -0.746308 -0.125544 0.173867
v -0.850533 -0.095228 0.170811
v -0.865914 -0.089391 0.172904
v -0.861047 -0.088897 0.171906
v -0.925438 -0.030511 0.159494
v -0.950858 0.004043 0.148004
v -0.947956 0.005231 0.148218
v -0.971119 0.095483 0.139535
v -0.969308 0.100378 0.139472
v -0.968856 0.174839 0.122245
v -0.962403 0.186188 0.128927
v -0.611462 -0.127533 0.146739
v -0.674521 -0.137063 0.170695
v -0.697398 -0.134752 0.174947
v -0.857309 -0.094756 0.173101
v -0.846261 -0.095554 0.170599
v -0.905267 -0.059952 0.162930
v -0.969023 0.031487 0.139051
v -0.958836 0.035872 0.148240
v -0.963989 0.048935 0.138890
v -0.967921 0.067270 0.140333
v -0.973704 0.091129 0.142428
v -0.968148 0.191275 0.119722
v -0.660748 -0.137453 0.166976
v -0.664000 -0.135450 0.168577
v -0.673081 -0.132968 0.174441
v -0.661327 -0.129798 0.167512
v -0.748605 -0.131266 0.181268
v -0.734226 -0.131695 0.180271
v -0.729386 -0.127958 0.184211
v -0.753169 -0.129076 0.180468
v -0.752886 -0.123600 0.180918
v -0.752894 -0.119196 0.185773
v -0.776503 -0.120893 0.185713
v -0.856486 -0.095284 0.175393
v -0.902487 -0.053884 0.165620
v -0.925079 -0.032867 0.163673
v -0.921838 -0.030740 0.164297
v -0.939094 -0.011126 0.165279
v -0.960957 0.031632 0.151667
v -0.972333 0.064709 0.140150
v -0.970193 0.066674 0.140418
v -0.964569 0.073291 0.146365
v -0.963639 0.188376 0.130256
v -0.561493 -0.128622 0.134443
v -0.555308 -0.122588 0.141168
v -0.657409 -0.134323 0.169000
v -0.690418 -0.135373 0.178508
v -0.668466 -0.127538 0.171336
v -0.697230 -0.129489 0.177556
v -0.758116 -0.125322 0.184880
v -0.757890 -0.120432 0.185556
v -0.764152 -0.119644 0.186835
v -0.766016 -0.115729 0.188040
v -0.773828 -0.115746 0.185826
v -0.821304 -0.098344 0.185914
v -0.870175 -0.086188 0.175400
v -0.830481 -0.092049 0.188079
v -0.905315 -0.053858 0.167398
v -0.900805 -0.051480 0.168184
v -0.920543 -0.035899 0.169030
v -0.916054 -0.028489 0.170680
v -0.949542 0.005108 0.152588
v -0.967850 0.058493 0.153976
v -0.972483 0.062913 0.143458
v -0.970970 0.069190 0.149487
v -0.967135 0.071985 0.143885
v -0.968627 0.089331 0.144634
v -0.983101 0.151617 0.117885
v -0.590320 -0.129881 0.156535
v -0.557938 -0.116362 0.147750
v -0.559998 -0.114019 0.148629
v -0.684866 -0.132623 0.183606
v -0.654381 -0.128081 0.168546
v -0.648715 -0.125593 0.167601
v -0.675981 -0.125587 0.179529
v -0.678571 -0.124916 0.177702
v -0.695478 -0.125550 0.180275
v -0.690718 -0.123386 0.182227
v -0.725602 -0.123622 0.187239
v -0.765517 -0.122926 0.187493
v -0.724765 -0.120193 0.189714
v -0.786167 -0.122426 0.181771
v -0.835307 -0.100814 0.186817
v -0.890301 -0.071952 0.169936
v -0.914215 -0.036409 0.169276
v -0.947066 0.009641 0.157409
v -0.943207 0.009389 0.158753
v -0.960380 0.031788 0.155367
v -0.953007 0.036593 0.157654
v -0.970454 0.071164 0.145919
v -0.967027 0.077587 0.145701
v -0.979518 0.108842 0.134542
v -0.963089 0.136724 0.147939
v -0.651009 -0.125821 0.172734
v -0.679835 -0.131737 0.181670
v -0.699361 -0.130805 0.183837
v -0.725373 -0.127029 0.189837
v -0.721439 -0.122625 0.189990
v -0.816392 -0.105919 0.189774
v -0.799224 -0.103225 0.192622
v -0.904776 -0.057021 0.170220
v -0.877489 -0.065901 0.179117
v -0.891083 -0.054320 0.176404
v -0.908335 -0.049426 0.171539
v -0.906684 -0.045348 0.170951
v -0.904524 -0.043294 0.171750
v -0.971975 0.085829 0.146639
v -0.968224 0.082659 0.146348
v -0.974688 0.092085 0.144973
v -0.966186 0.089976 0.146330
v -0.963845 0.161865 0.138431
v -0.967955 0.189502 0.126833
v -0.957993 0.184213 0.140178
v -0.561570 -0.121625 0.151906
v -0.605919 -0.139358 0.141869
v -0.652997 -0.135024 0.169110
v -0.731214 -0.129217 0.186655
v -0.761189 -0.124523 0.188903
v -0.827289 -0.099751 0.189567
v -0.823732 -0.096847 0.189013
v -0.832820 -0.091224 0.191423
v -0.874080 -0.075853 0.184442
v -0.894318 -0.060697 0.179042
v -0.885707 -0.059767 0.178740
v -0.910760 -0.045953 0.175145
v -0.914222 -0.041188 0.171783
v -0.930682 -0.030218 0.162830
v -0.929941 -0.007435 0.167793
v -0.933867 -0.002579 0.164996
v -0.945854 0.006915 0.168086
v -0.948829 0.005364 0.161611
v -0.949681 0.008913 0.159104
v -0.955904 0.028293 0.159445
v -0.955522 0.031894 0.156651
v -0.955800 0.047095 0.155649
v -0.958711 0.057292 0.155241
v -0.970554 0.076499 0.149453
v -0.968465 0.186862 0.131479
v -0.579510 -0.114716 0.157292
v -0.652587 -0.132014 0.173298
v -0.702558 -0.127241 0.187279
v -0.678122 -0.123193 0.183777
v -0.713411 -0.126610 0.192652
v -0.702828 -0.123090 0.187988
v -0.708484 -0.125194 0.190138
v -0.715482 -0.123200 0.190933
v -0.714959 -0.118613 0.193506
v -0.808102 -0.100836 0.192201
v -0.841797 -0.094475 0.190902
v -0.837406 -0.092394 0.193473
v -0.855031 -0.087899 0.174070
v -0.882270 -0.069687 0.180784
v -0.868683 -0.069383 0.184856
v -0.880133 -0.064715 0.180521
v -0.893024 -0.058636 0.180883
v -0.888138 -0.062634 0.180266
v -0.892134 -0.055030 0.181539
v -0.891686 -0.051588 0.180980
v -0.935861 0.000133 0.167864
v -0.936854 0.003894 0.165602
v -0.949940 0.015576 0.161352
v -0.952938 0.021382 0.162585
v -0.956518 0.028871 0.162016
v -0.949776 0.023619 0.161995
v -0.946075 0.020446 0.163187
v -0.949016 0.031154 0.161908
v -0.953483 0.046998 0.160660
v -0.965384 0.051926 0.155414
v -0.962652 0.052850 0.156936
v -0.959424 0.066019 0.156485
v -0.649417 -0.128489 0.180807
v -0.680509 -0.126751 0.190986
v -0.702557 -0.128573 0.189430
v -0.678218 -0.122777 0.187822
v -0.701870 -0.119943 0.190515
v -0.798147 -0.112772 0.192884
v -0.804185 -0.101652 0.195015
v -0.872417 -0.067842 0.184786
v -0.898740 -0.049255 0.186436
v -0.932042 -0.019467 0.170078
v -0.932170 -0.008236 0.169173
v -0.939783 -0.004938 0.167250
v -0.938061 0.003332 0.168424
v -0.942132 0.007363 0.170523
v -0.937638 0.011800 0.169126
v -0.960287 0.035385 0.159135
v -0.959667 0.048937 0.158343
v -0.957184 0.050782 0.156678
v -0.962717 0.061088 0.157120
v -0.965095 0.061847 0.157711
v -0.959403 0.070066 0.155478
v -0.965545 0.182743 0.140894
v -0.961360 0.185724 0.141074
v -0.648371 -0.121737 0.177611
v -0.682749 -0.126322 0.194340
v -0.696978 -0.132205 0.183814
v -0.703093 -0.127783 0.194202
v -0.758619 -0.113929 0.208375
v -0.836220 -0.085227 0.197456
v -0.837183 -0.085259 0.191976
v -0.873197 -0.072917 0.186495
v -0.895404 -0.052347 0.184700
v -0.921942 -0.016826 0.173080
v -0.937916 0.011123 0.172093
v -0.936656 0.017518 0.173925
v -0.962590 0.068378 0.161296
v -0.958789 0.071184 0.159540
v -0.969810 0.126292 0.153601
v -0.650829 -0.127386 0.177158
v -0.650965 -0.125885 0.186425
v -0.675040 -0.118768 0.193893
v -0.679115 -0.119324 0.188965
v -0.775268 -0.121388 0.189177
v -0.802175 -0.107770 0.195772
v -0.801415 -0.101316 0.197937
v -0.797150 -0.100567 0.198510
v -0.870363 -0.069228 0.188695
v -0.893896 -0.040482 0.187499
v -0.925698 -0.018369 0.174665
v -0.919414 -0.016209 0.179262
v -0.961505 0.042343 0.159067
v -0.958506 0.045238 0.161212
v -0.964462 0.069481 0.161450
v -0.957106 0.102239 0.162182
v -0.961848 0.183433 0.145036
v -0.651551 -0.123472 0.184455
v -0.648781 -0.118848 0.184127
v -0.729117 -0.113758 0.199441
v -0.839934 -0.084804 0.200910
v -0.836728 -0.078541 0.201438
v -0.869167 -0.068983 0.193702
v -0.861833 -0.068183 0.192326
v -0.892819 -0.046473 0.188061
v -0.915699 -0.016593 0.181131
v -0.942821 0.011367 0.174495
v -0.675752 -0.122669 0.196486
v -0.719016 -0.124735 0.198323
v -0.737283 -0.120011 0.203761
v -0.750861 -0.114835 0.208739
v -0.732168 -0.111941 0.203595
v -0.799650 -0.100706 0.202407
v -0.891057 -0.038739 0.193119
v -0.917092 -0.031282 0.181095
v -0.954235 0.047284 0.162981
v -0.960410 0.070495 0.166268
v -0.956533 0.073781 0.165115
v -0.956040 0.078101 0.162893
v -0.967992 0.079551 0.157919
v -0.574466 -0.116693 0.173699
v -0.653333 -0.116803 0.189345
v -0.674966 -0.116514 0.194964
v -0.725919 -0.119040 0.206051
v -0.747966 -0.113201 0.210142
v -0.733142 -0.112635 0.205650
v -0.718008 -0.111263 0.204844
v -0.742346 -0.110707 0.208829
v -0.750979 -0.100117 0.216583
v -0.866881 -0.066576 0.192198
v -0.893853 -0.044668 0.193567
v -0.954100 0.022872 0.163949
v -0.954531 0.040580 0.169288
v -0.949289 0.047727 0.172045
v -0.951429 0.179555 0.154003
v -0.572007 -0.114420 0.174707
v -0.654926 -0.122468 0.191776
v -0.663304 -0.121200 0.196402
v -0.662534 -0.118033 0.194593
v -0.668934 -0.118021 0.195705
v -0.732826 -0.116590 0.206298
v -0.796172 -0.094891 0.207666
v -0.845923 -0.083752 0.200871
v -0.867331 -0.072291 0.195313
v -0.891535 -0.042513 0.193743
v -0.924946 -0.021503 0.176723
v -0.937718 0.013251 0.180391
v -0.934406 0.014205 0.180747
v -0.947800 0.047296 0.170762
v -0.967602 0.166376 0.146863
v -0.562833 -0.112185 0.157424
v -0.566542 -0.112858 0.167135
v -0.723163 -0.112761 0.206889
v -0.747080 -0.105499 0.209975
v -0.798150 -0.102651 0.206478
v -0.800435 -0.098381 0.207836
v -0.835663 -0.080886 0.208552
v -0.868771 -0.064110 0.200498
v -0.919950 -0.014216 0.184292
v -0.916934 -0.010540 0.185775
v -0.944921 0.014083 0.174208
v -0.951788 0.072501 0.173827
v -0.950913 0.076627 0.172450
v -0.953639 0.158158 0.158768
v -0.954715 0.182369 0.151437
v -0.675505 -0.122983 0.199497
v -0.722286 -0.115331 0.208936
v -0.716852 -0.110164 0.210669
v -0.748349 -0.104134 0.214038
v -0.795011 -0.098296 0.215222
v -0.803980 -0.090233 0.212225
v -0.829347 -0.078964 0.209792
v -0.865028 -0.060717 0.198820
v -0.888051 -0.039889 0.198454
v -0.950806 0.046877 0.172846
v -0.958253 0.071108 0.171875
v -0.954606 0.118697 0.165881
v -0.965873 0.149014 0.156396
v -0.624267 -0.128642 0.175306
v -0.648693 -0.122041 0.195138
v -0.663681 -0.121155 0.199066
v -0.661325 -0.114875 0.194992
v -0.753742 -0.106988 0.217392
v -0.803939 -0.094422 0.213816
v -0.796613 -0.089564 0.213230
v -0.828899 -0.081612 0.212897
v -0.823374 -0.080201 0.212778
v -0.889026 -0.043286 0.201128
v -0.883296 -0.034547 0.202658
v -0.919519 -0.014666 0.189317
v -0.891766 -0.033836 0.194837
v -0.932360 0.011022 0.185574
v -0.928356 0.015205 0.185675
v -0.947402 0.053344 0.177480
v -0.945329 0.050741 0.175620
v -0.953456 0.068589 0.176407
v -0.954306 0.179376 0.158484
v -0.948493 0.176502 0.160295
v -0.950202 0.178910 0.159521
v -0.640836 -0.107300 0.202039
v -0.669835 -0.114632 0.198156
v -0.812297 -0.087101 0.215332
v -0.835614 -0.078705 0.213278
v -0.814129 -0.081818 0.214429
v -0.815971 -0.076218 0.216375
v -0.866180 -0.065069 0.203911
v -0.863159 -0.054514 0.204030
v -0.869590 -0.051389 0.204077
v -0.918723 -0.011360 0.193242
v -0.917337 -0.003566 0.189296
v -0.928696 0.007187 0.189269
v -0.931662 0.009852 0.189530
v -0.922500 0.007629 0.190309
v -0.937232 0.016692 0.185420
v -0.951221 0.042140 0.175927
v -0.949298 0.051640 0.182189
v -0.949944 0.049249 0.178262
v -0.943751 0.054709 0.178947
v -0.947208 0.066024 0.178526
v -0.956192 0.174171 0.162185
v -0.572572 -0.111062 0.178739
v -0.572346 -0.107026 0.176107
v -0.719158 -0.116898 0.210664
v -0.749642 -0.101532 0.220506
v -0.748766 -0.096881 0.221993
v -0.805811 -0.091597 0.217238
v -0.775591 -0.097774 0.211885
v -0.817863 -0.085099 0.217332
v -0.871210 -0.056466 0.206642
v -0.871592 -0.055819 0.204989
v -0.881480 -0.046354 0.204999
v -0.882219 -0.040280 0.201930
v -0.923271 -0.003519 0.192784
v -0.920896 -0.006072 0.190510
v -0.925956 0.002947 0.191173
v -0.913903 -0.004535 0.190180
v -0.933771 0.019044 0.179335
v -0.951018 0.063219 0.179332
v -0.948243 0.057443 0.179431
v -0.944885 0.060883 0.179471
v -0.955278 0.069678 0.176991
v -0.679174 -0.102315 0.218448
v -0.717693 -0.111255 0.214511
v -0.713413 -0.106842 0.212439
v -0.751663 -0.101634 0.224503
v -0.877085 -0.049511 0.205723
v -0.897778 -0.042435 0.194630
v -0.873809 -0.042887 0.204757
v -0.920557 0.011763 0.191922
v -0.582113 -0.109120 0.192025
v -0.612667 -0.113114 0.199747
v -0.573559 -0.106680 0.174162
v -0.615032 -0.110779 0.186789
v -0.694254 -0.118425 0.210252
v -0.716288 -0.111702 0.220124
v -0.746810 -0.099384 0.224774
v -0.893901 -0.020324 0.201845
v -0.931412 0.045744 0.192091
v -0.945733 0.072443 0.179013
v -0.948243 0.176207 0.166764
v -0.579189 -0.101748 0.189518
v -0.718867 -0.109343 0.221337
v -0.713504 -0.102145 0.219645
v -0.742297 -0.097526 0.225706
v -0.743572 -0.094245 0.225464
v -0.790113 -0.088841 0.227465
v -0.771645 -0.084264 0.228103
v -0.782457 -0.081836 0.227247
v -0.828405 -0.074659 0.210904
v -0.880515 -0.045369 0.208389
v -0.861236 -0.052786 0.218027
v -0.846499 -0.055884 0.215981
v -0.902598 -0.023025 0.203471
v -0.897257 -0.015831 0.203700
v -0.923020 0.004063 0.198111
v -0.904501 -0.005558 0.200099
v -0.908912 0.005469 0.200811
v -0.950943 0.060470 0.182673
v -0.948816 0.146969 0.184249
v -0.939018 0.170176 0.176681
v -0.944675 0.174145 0.167519
v -0.579379 -0.103368 0.191408
v -0.648713 -0.110700 0.213397
v -0.672213 -0.106890 0.222915
v -0.716460 -0.103779 0.220152
v -0.794427 -0.076575 0.227608
v -0.848566 -0.054473 0.217800
v -0.857479 -0.045816 0.217815
v -0.855560 -0.049443 0.214457
v -0.893698 -0.026142 0.209291
v -0.907347 -0.014821 0.202950
v -0.904549 -0.009025 0.203492
v -0.906523 0.000183 0.202539
v -0.942879 0.052644 0.192101
v -0.955018 0.082154 0.179958
v -0.942226 0.150043 0.178687
v -0.951651 0.175380 0.166218
v -0.741110 -0.100012 0.229025
v -0.731493 -0.097659 0.227806
v -0.772063 -0.092661 0.230917
v -0.730440 -0.092594 0.229621
v -0.801640 -0.083202 0.228697
v -0.852016 -0.061058 0.217953
v -0.832828 -0.058565 0.222552
v -0.855296 -0.053420 0.218711
v -0.887778 -0.028069 0.214118
v -0.897949 -0.020977 0.205927
v -0.884079 -0.021724 0.209718
v -0.910098 -0.002940 0.205037
v -0.907120 -0.001289 0.204160
v -0.923422 0.028712 0.195613
v -0.929426 0.033434 0.196027
v -0.927427 0.033588 0.194502
v -0.930519 0.042169 0.194352
v -0.723341 -0.104922 0.227484
v -0.724912 -0.102539 0.226639
v -0.721529 -0.098792 0.225538
v -0.717426 -0.096407 0.226497
v -0.742306 -0.076169 0.242621
v -0.791749 -0.083968 0.229183
v -0.786708 -0.081353 0.228835
v -0.798942 -0.075064 0.230634
v -0.800482 -0.071910 0.228977
v -0.846802 -0.059313 0.220206
v -0.838592 -0.057234 0.221520
v -0.859667 -0.049772 0.219620
v -0.889103 -0.019823 0.208659
v -0.913677 -0.000990 0.204915
v -0.931356 0.028265 0.196503
v -0.918840 0.028455 0.200700
v -0.933032 0.039582 0.195238
v -0.936751 0.035487 0.193820
v -0.936967 0.044019 0.195979
v -0.928464 0.055105 0.198099
v -0.959205 0.124745 0.172545
v -0.941417 0.172912 0.176165
v -0.587229 -0.102121 0.202848
v -0.780602 -0.087411 0.229792
v -0.774308 -0.083440 0.229725
v -0.804295 -0.076506 0.232172
v -0.834532 -0.057255 0.224576
v -0.862717 -0.043065 0.221811
v -0.862151 -0.039582 0.216705
v -0.906158 0.004894 0.208611
v -0.904403 0.009240 0.209130
v -0.922794 0.015817 0.203071
v -0.924448 0.029920 0.198160
v -0.933957 0.045428 0.197840
v -0.939312 0.092611 0.189655
v -0.774211 -0.088976 0.232182
v -0.773479 -0.085544 0.232922
v -0.810438 -0.071044 0.234864
v -0.803733 -0.066160 0.233557
v -0.841310 -0.066346 0.221691
v -0.839045 -0.061558 0.224425
v -0.867779 -0.039881 0.222606
v -0.860159 -0.040344 0.220362
v -0.862195 -0.026724 0.225048
v -0.889879 -0.021499 0.211594
v -0.908871 0.002586 0.208862
v -0.924269 0.025051 0.201761
v -0.928886 0.051125 0.198422
v -0.936706 0.167127 0.180169
v -0.588074 -0.104970 0.200801
v -0.765849 -0.082130 0.231506
v -0.803292 -0.070122 0.233746
v -0.861154 -0.033830 0.223003
v -0.883036 -0.018491 0.213949
v -0.940839 0.113757 0.186723
v -0.943129 0.170078 0.180450
v -0.939215 0.170217 0.181574
v -0.592967 -0.092860 0.207147
v -0.721486 -0.084205 0.238363
v -0.768803 -0.082835 0.238389
v -0.770332 -0.082181 0.233711
v -0.862343 -0.036988 0.224592
v -0.919421 0.029554 0.203216
v -0.932684 0.049865 0.202794
v -0.927922 0.050567 0.203904
v -0.924388 0.053607 0.204416
v -0.923818 0.056767 0.203785
v -0.623626 -0.101594 0.219679
v -0.586172 -0.098060 0.196643
v -0.729825 -0.101845 0.229772
v -0.757437 -0.089534 0.238938
v -0.804097 -0.066296 0.237488
v -0.806306 -0.062438 0.233534
v -0.828499 -0.054601 0.228730
v -0.863841 -0.033732 0.229166
v -0.859565 -0.030242 0.227293
v -0.906321 0.007558 0.215906
v -0.903341 0.006168 0.216149
v -0.912725 0.031267 0.207776
v -0.929190 0.162630 0.191244
v -0.935047 0.168122 0.185197
v -0.589609 -0.095225 0.205796
v -0.650385 -0.091223 0.227161
v -0.766343 -0.077000 0.238731
v -0.801701 -0.057734 0.239367
v -0.859535 -0.031804 0.229601
v -0.884322 -0.017481 0.219414
v -0.881806 -0.013621 0.220085
v -0.879251 -0.015461 0.218292
v -0.894830 0.009751 0.218837
v -0.901630 0.014417 0.212222
v -0.915520 0.031586 0.207927
v -0.625001 -0.096919 0.212669
v -0.766423 -0.072750 0.242553
v -0.761724 -0.075793 0.238081
v -0.800526 -0.061846 0.241478
v -0.832312 -0.055399 0.231307
v -0.884347 -0.020079 0.220719
v -0.899287 0.006717 0.219307
v -0.918145 0.025261 0.210774
v -0.924882 0.049325 0.210206
v -0.923154 0.049764 0.208920
v -0.918095 0.050421 0.210257
v -0.934680 0.061391 0.204141
v -0.594342 -0.098968 0.211442
v -0.590688 -0.097080 0.208474
v -0.723800 -0.081091 0.251388
v -0.692928 -0.089134 0.235052
v -0.805622 -0.064099 0.241784
v -0.829199 -0.047300 0.236578
v -0.883150 -0.009004 0.223964
v -0.880667 -0.005992 0.222624
v -0.876972 -0.007469 0.223027
v -0.892636 0.003623 0.224163
v -0.891286 0.012789 0.219874
v -0.914090 0.033753 0.212159
v -0.910338 0.035322 0.211548
v -0.918275 0.044041 0.213996
v -0.916523 0.054499 0.210424
v -0.918632 0.087776 0.213208
v -0.796311 -0.054182 0.243521
v -0.828291 -0.054525 0.237444
v -0.830038 -0.049833 0.237642
v -0.823757 -0.048314 0.235120
v -0.880493 -0.015496 0.226924
v -0.850717 -0.023645 0.234151
v -0.883049 -0.011493 0.225299
v -0.886551 -0.001253 0.226549
v -0.898131 0.007010 0.222869
v -0.915048 0.030695 0.215466
v -0.911523 0.040982 0.213347
v -0.909022 0.045217 0.215202
v -0.932008 0.084736 0.209237
v -0.930046 0.143679 0.195375
v -0.939553 0.163007 0.190203
v -0.925188 0.158441 0.197087
v -0.932790 0.166630 0.189853
v -0.936670 0.166615 0.189431
v -0.768035 -0.076471 0.244092
v -0.764394 -0.080530 0.244039
v -0.769216 -0.071574 0.245490
v -0.764307 -0.067056 0.244424
v -0.796793 -0.061945 0.246032
v -0.790419 -0.058294 0.245956
v -0.854668 -0.030608 0.235533
v -0.886355 0.000266 0.224536
v -0.881902 0.001717 0.223265
v -0.912520 0.031863 0.219072
v -0.915366 0.038206 0.215874
v -0.946497 0.111488 0.191970
v -0.926766 0.162093 0.197134
v -0.599625 -0.090995 0.220285
v -0.662908 -0.097623 0.233839
v -0.624133 -0.082344 0.230308
v -0.768053 -0.072915 0.248568
v -0.806721 -0.054101 0.248781
v -0.787749 -0.062471 0.248767
v -0.831587 -0.045906 0.239798
v -0.831943 -0.038768 0.239032
v -0.845137 -0.030931 0.238395
v -0.849406 -0.027026 0.235406
v -0.842943 -0.025344 0.237864
v -0.885640 -0.000217 0.229203
v -0.912126 0.062817 0.216776
v -0.921418 0.157427 0.202177
v -0.773429 -0.068260 0.248624
v -0.771429 -0.063524 0.247303
v -0.780911 -0.060731 0.247740
v -0.769181 -0.060292 0.248139
v -0.821825 -0.059076 0.238837
v -0.835227 -0.040995 0.240949
v -0.828785 -0.034159 0.240982
v -0.916547 0.043002 0.218174
v -0.925212 0.051224 0.211739
v -0.601799 -0.094591 0.220000
v -0.615481 -0.086852 0.233615
v -0.664152 -0.082397 0.238682
v -0.788723 -0.061024 0.250903
v -0.832438 -0.042708 0.242856
v -0.783917 -0.054286 0.247783
v -0.838264 -0.036519 0.240361
v -0.847128 -0.032749 0.239837
v -0.852647 -0.028846 0.239544
v -0.869042 0.014740 0.237234
v -0.919612 0.124608 0.210320
v -0.924809 0.160239 0.201814
v -0.770458 -0.068623 0.251071
v -0.913667 0.151431 0.211953
v -0.603785 -0.084526 0.224272
v -0.901286 0.115554 0.228914
v -0.928425 0.160795 0.200652
v -0.863533 -0.014640 0.239268
v -0.918298 0.156299 0.208080
v -0.691457 -0.092680 0.242069
v -0.659355 -0.081353 0.248520
v -0.690338 -0.073602 0.249083
v -0.713724 -0.062317 0.256852
v -0.893527 0.049375 0.230025
v -0.932712 0.129035 0.208203
v -0.608562 -0.081363 0.226740
v -0.795773 -0.024314 0.260224
v -0.925979 0.150938 0.209980
v -0.907362 0.145406 0.218820
v -0.922751 0.155548 0.209324
v -0.918006 0.154440 0.212504
v -0.616517 -0.074653 0.239367
v -0.835559 -0.036260 0.245407
v -0.835750 -0.019445 0.253088
v -0.924124 0.101996 0.218399
v -0.610319 -0.083510 0.232742
v -0.611722 -0.077892 0.232425
v -0.691352 -0.072445 0.258992
v -0.834274 0.009079 0.255845
v -0.895755 0.134006 0.231371
v -0.915404 0.149249 0.219300
v -0.913498 0.152133 0.215983
v -0.616982 -0.078807 0.239902
v -0.630725 -0.073675 0.249465
v -0.821645 -0.015873 0.252671
v -0.913109 0.063596 0.225806
v -0.907701 0.148310 0.219593
v -0.904081 0.146128 0.224178
v -0.849737 0.008423 0.255743
v -0.879363 0.012167 0.238742
v -0.900205 0.038514 0.231292
v -0.908780 0.105049 0.233326
v -0.897860 0.087525 0.231983
v -0.894455 0.137885 0.232888
v -0.910553 0.149317 0.221000
v -0.915178 0.143789 0.222346
v -0.900198 0.143249 0.229359
v -0.631114 -0.069090 0.252070
v -0.622894 -0.068859 0.243221
v -0.630154 -0.064697 0.247411
v -0.761810 -0.043374 0.260608
v -0.865561 0.046496 0.248934
v -0.905714 0.143259 0.228724
v -0.631229 -0.064930 0.252355
v -0.663279 -0.059299 0.255497
v -0.806798 -0.026648 0.262984
v -0.799894 -0.008936 0.264675
v -0.870817 0.034372 0.251466
v -0.883473 0.061697 0.240269
v -0.906390 0.131450 0.233314
v -0.890378 0.132014 0.235993
v -0.900675 0.135940 0.236077
v -0.644035 -0.065298 0.258643
v -0.639872 -0.066226 0.248407
v -0.640276 -0.056106 0.255629
v -0.683026 -0.054059 0.261349
v -0.750893 -0.057410 0.263854
v -0.862857 0.083132 0.256734
v -0.895539 0.138924 0.234474
v -0.646322 -0.050592 0.260663
v -0.715349 -0.042890 0.267346
v -0.782425 -0.046903 0.261615
v -0.740861 -0.044353 0.264535
v -0.818894 0.020815 0.266397
v -0.885534 0.129465 0.240537
v -0.653458 -0.056331 0.266216
v -0.753643 -0.023457 0.271653
v -0.846905 0.064095 0.262744
v -0.870940 0.118222 0.251141
v -0.890132 0.134775 0.239144
v -0.899216 0.140498 0.233256
v -0.642196 -0.058774 0.260677
v -0.647719 -0.049206 0.263966
v -0.638409 -0.057037 0.256341
v -0.818731 0.011689 0.272471
v -0.842429 0.039156 0.260159
v -0.879418 0.065590 0.253023
v -0.887975 0.132760 0.241602
v -0.703308 -0.054368 0.270910
v -0.878974 0.127212 0.249060
v -0.876672 0.125352 0.248125
v -0.673626 -0.040582 0.269797
v -0.766772 -0.026250 0.275520
v -0.719173 -0.026309 0.274658
v -0.854625 0.092941 0.262650
v -0.888987 0.129516 0.245337
v -0.653134 -0.051368 0.268159
v -0.790453 -0.003200 0.278135
v -0.773036 -0.007696 0.273308
v -0.887471 0.086601 0.250141
v -0.887231 0.114105 0.250928
v -0.662384 -0.049543 0.271638
v -0.698823 -0.023635 0.278165
v -0.866509 0.118509 0.255725
v -0.660390 -0.042058 0.272870
v -0.655247 -0.043037 0.267023
v -0.776183 0.006698 0.285607
v -0.794008 0.010860 0.272682
v -0.857812 0.058340 0.265311
v -0.825815 0.052991 0.270779
v -0.861961 0.112708 0.256465
v -0.876309 0.124550 0.253182
v -0.665483 -0.042656 0.275107
v -0.662414 -0.038807 0.269412
v -0.857462 0.112689 0.260155
v -0.878413 0.120791 0.255233
v -0.869888 0.121150 0.256536
v -0.859969 0.083664 0.267930
v -0.868338 0.108170 0.263915
v -0.675462 -0.039287 0.278113
v -0.671962 -0.036337 0.278432
v -0.663156 -0.036982 0.273112
v -0.671099 -0.030906 0.277340
v -0.667530 -0.032756 0.274252
v -0.730952 -0.000408 0.284192
v -0.807043 0.043375 0.285090
v -0.790420 0.040283 0.281609
v -0.868193 0.116778 0.260672
v -0.863297 0.117541 0.259517
v -0.678583 -0.033537 0.280883
v -0.675124 -0.028273 0.276255
v -0.745688 -0.012209 0.285599
v -0.832982 0.076934 0.272570
v -0.844195 0.101989 0.267947
v -0.855109 0.112703 0.265020
v -0.728916 -0.029285 0.281191
v -0.684257 -0.022846 0.278173
v -0.839300 0.038291 0.270410
v -0.836904 0.098995 0.272991
v -0.851506 0.109866 0.264812
v -0.678558 -0.027841 0.281334
v -0.689009 -0.022449 0.284729
v -0.693485 -0.026735 0.284244
v -0.685855 -0.020724 0.283477
v -0.685903 -0.019167 0.281276
v -0.848179 0.107292 0.268073
v -0.858677 0.111127 0.266862
v -0.852961 0.109830 0.267767
v -0.688914 -0.016303 0.283335
v -0.695595 -0.011461 0.282750
v -0.819570 0.066290 0.277013
v -0.821493 0.083189 0.277475
v -0.829811 0.090738 0.274263
v -0.853543 0.105841 0.270339
v -0.845154 0.104235 0.270860
v -0.702185 -0.012309 0.288645
v -0.695290 -0.014447 0.286519
v -0.711852 -0.011738 0.289402
v -0.707579 -0.002283 0.285450
v -0.766692 0.034509 0.287040
v -0.796885 0.052229 0.282785
v -0.840700 0.081770 0.277733
v -0.846705 0.095526 0.275049
v -0.698040 -0.008812 0.285028
v -0.719019 0.007048 0.287916
v -0.787444 0.031434 0.288917
v -0.812645 0.077014 0.280091
v -0.828024 0.090888 0.276756
v -0.834101 0.095893 0.276641
v -0.845342 0.100429 0.274307
v -0.839252 0.099537 0.275047
v -0.708008 -0.000954 0.288093
v -0.739801 0.013923 0.294489
v -0.753944 0.020397 0.286222
v -0.818350 0.069916 0.285400
v -0.808260 0.074801 0.282126
v -0.816114 0.082258 0.281182
v -0.824194 0.087519 0.279347
v -0.720848 -0.000716 0.291786
v -0.792014 0.061553 0.285331
v -0.828662 0.082099 0.282321
v -0.838307 0.094826 0.277850
v -0.716539 0.003853 0.290654
v -0.724814 0.006019 0.292940
v -0.722839 0.009761 0.291031
v -0.726509 0.014191 0.289735
v -0.735416 0.019530 0.288854
v -0.741193 0.025564 0.291110
v -0.805067 0.073785 0.284579
v -0.828178 0.087951 0.280508
v -0.731177 0.017393 0.292226
v -0.757417 0.036075 0.289872
v -0.767216 0.041911 0.288036
v -0.786155 0.058795 0.287321
v -0.808611 0.070885 0.287491
v -0.798063 0.068648 0.287079
v -0.809391 0.076105 0.285401
v -0.817922 0.082019 0.282760
v -0.745073 0.024635 0.294473
v -0.744455 0.026997 0.292798
v -0.748971 0.030910 0.292799
v -0.757398 0.037415 0.291634
v -0.765776 0.044791 0.290358
v -0.775038 0.051608 0.290563
v -0.803337 0.071322 0.287335
v -0.758053 0.029447 0.295662
v -0.758967 0.036123 0.294608
v -0.769732 0.045934 0.293228
v -0.784635 0.057685 0.290358
v -0.801444 0.063407 0.289784
v -0.796171 0.063996 0.289699
v -0.780308 0.049472 0.292985
v -0.664534 -0.144585 -0.142560
v 0.564637 -0.070010 -0.007181
v -0.834127 -0.080042 0.204964
v -0.764438 -0.141893 0.130057
vn 0.0323 0.0590 -0.9977
vn 0.0222 0.0719 -0.9972
vn 0.0366 0.0533 -0.9979
vn -0.1412 -0.0912 -0.9858
vn 0.3682 0.4684 -0.8031
vn 0.2218 0.3923 -0.8927
vn 0.2372 0.4017 -0.8845
vn -0.2137 -0.0380 -0.9762
vn 0.1977 0.3894 -0.8996
vn 0.1748 0.3927 -0.9029
vn 0.2212 0.3864 -0.8954
vn -0.1658 0.0301 -0.9857
vn -0.0594 0.2754 -0.9595
vn -0.1535 0.0538 -0.9867
vn 0.2026 0.4233 -0.8830
vn 0.1514 0.3987 -0.9045
vn -0.0076 0.3989 -0.9170
vn 0.2889 0.6325 -0.7186
vn 0.2566 0.6882 -0.6786
vn 0.1977 0.4688 -0.8609
vn 0.1244 0.4580 -0.8802
vn 0.1464 0.4615 -0.8750
vn 0.0473 0.0395 -0.9981
vn 0.3594 0.3109 -0.8798
vn 0.3693 0.3495 -0.8611
vn -0.3085 -0.1173 -0.9440
vn -0.3291 -0.1771 -0.9275
vn -0.3610 -0.1222 -0.9245
vn 0.6486 0.7233 0.2368
vn 0.6110 0.6810 0.4037
vn 0.6126 0.7601 0.2168
vn 0.6327 0.6318 0.4478
vn 0.5955 0.7869 0.1621
vn 0.2184 0.4714 -0.8545
vn 0.7096 0.6758 -0.1992
vn -0.3140 0.0205 -0.9492
vn 0.2205 0.4779 -0.8503
vn 0.6528 0.7137 -0.2538
vn 0.6581 0.7380 0.1492
vn 0.6578 0.7211 -0.2173
vn -0.2709 0.1172 -0.9554
vn -0.2052 0.1320 -0.9698
vn 0.0498 0.3704 -0.9275
vn 0.1688 0.2430 -0.9552
vn 0.0801 0.1030 -0.9915
vn 0.1274 0.1771 -0.9759
vn -0.1193 -0.3195 -0.9401
vn -0.1855 -0.3666 -0.9117
vn -0.2288 -0.3274 -0.9168
vn 0.1854 0.2683 -0.9453
vn 0.0295 0.1872 -0.9819
vn 0.3966 0.4744 -0.7859
vn 0.3744 0.4640 -0.8028
vn -0.1543 0.0197 -0.9878
vn 0.5824 0.7310 -0.3556
vn 0.5949 0.7299 0.3367
vn 0.5933 0.6839 0.4246
vn 0.6185 0.7829 0.0667
vn 0.6244 0.7760 0.0896
vn 0.4899 0.4468 0.7486
vn 0.5429 0.5182 0.6609
vn 0.1199 0.4813 -0.8684
vn 0.2839 0.2642 -0.9217
vn -0.2968 -0.2876 -0.9106
vn -0.2567 -0.3161 -0.9133
vn -0.3317 -0.3124 -0.8902
vn 0.5855 0.7866 0.1960
vn 0.5916 0.7844 0.1864
vn -0.4055 -0.2289 -0.8850
vn -0.4507 -0.1279 -0.8835
vn 0.6594 0.7268 0.1923
vn 0.6601 0.7256 0.1944
vn 0.6057 0.3348 0.7218
vn -0.4465 -0.0515 -0.8933
vn 0.6648 0.7467 -0.0220
vn 0.1050 0.5184 -0.8487
vn -0.2447 0.2348 -0.9408
vn 0.1646 0.5987 -0.7839
vn 0.4883 0.7577 -0.4330
vn 0.4720 0.7573 -0.4513
vn -0.0511 -0.3379 -0.9398
vn 0.0651 -0.1500 -0.9865
vn 0.2792 0.2257 -0.9333
vn 0.5018 0.7614 -0.4104
vn 0.4817 0.6531 0.5843
vn 0.4904 0.6686 0.5590
vn 0.4845 0.6474 0.5884
vn 0.5499 0.7721 0.3186
vn 0.5668 0.8193 0.0863
vn 0.3080 0.2778 0.9099
vn 0.2460 0.2899 0.9249
vn 0.3147 0.2114 0.9254
vn 0.3643 0.1916 0.9114
vn 0.3791 0.1149 0.9182
vn 0.4297 0.1784 0.8852
vn 0.5694 0.6516 0.5011
vn 0.7162 0.3074 0.6265
vn 0.6825 0.3221 0.6560
vn 0.5549 0.3672 0.7465
vn 0.6062 0.5463 0.5779
vn 0.6689 0.7432 -0.0125
vn -0.2259 0.1966 -0.9541
vn -0.0812 0.4199 -0.9039
vn -0.0459 -0.1995 -0.9788
vn 0.4155 0.2739 -0.8674
vn 0.4766 0.7268 -0.4946
vn 0.6569 0.5985 -0.4586
vn 0.5197 0.8297 0.2037
vn -0.2517 -0.3374 -0.9071
vn 0.5231 0.6796 0.5143
vn 0.2248 0.3190 0.9207
vn 0.2173 0.3889 0.8953
vn 0.1957 0.3601 0.9122
vn 0.3896 0.1004 0.9155
vn -0.5424 -0.0941 -0.8349
vn -0.4908 -0.0247 -0.8709
vn 0.6682 0.7437 -0.0216
vn -0.1268 0.3990 -0.9082
vn 0.4221 0.7633 -0.4891
vn 0.4709 0.7503 0.4640
vn 0.3444 0.6336 0.6928
vn 0.4836 0.8334 0.2674
vn -0.4158 -0.3019 -0.8579
vn 0.4465 0.1380 0.8841
vn 0.5105 0.1383 0.8487
vn 0.6833 0.5607 0.4676
vn -0.1906 0.3995 -0.8967
vn 0.2686 -0.0884 -0.9592
vn 0.1770 -0.1233 -0.9764
vn 0.1952 -0.1140 -0.9741
vn 0.0582 -0.2628 -0.9631
vn -0.0582 -0.4322 -0.8999
vn 0.3538 0.2750 -0.8940
vn -0.1807 -0.4927 -0.8512
vn 0.3585 0.3006 -0.8838
vn -0.3893 -0.4202 -0.8197
vn 0.3194 0.3679 0.8733
vn 0.4244 0.2485 0.8707
vn 0.4414 0.1811 0.8788
vn 0.5650 0.1083 0.8179
vn 0.5551 0.0953 0.8263
vn 0.4108 0.7524 -0.5150
vn 0.3406 0.7425 -0.5768
vn 0.4189 0.7531 -0.5073
vn 0.3336 0.7411 -0.5826
vn 0.6116 0.5363 -0.5816
vn 0.5185 0.8441 0.1362
vn 0.5080 0.8604 0.0402
vn -0.2765 -0.4727 -0.8367
vn -0.2589 -0.3529 -0.8991
vn -0.3135 -0.3979 -0.8622
vn 0.7060 0.6701 0.2293
vn 0.7189 0.6681 0.1916
vn 0.7230 0.6673 0.1790
vn 0.7701 0.5295 0.3557
vn 0.2903 -0.1061 -0.9510
vn 0.5689 0.5293 -0.6294
vn 0.5648 0.6003 -0.5662
vn -0.0832 -0.5206 -0.8497
vn 0.5032 0.8639 0.0219
vn 0.1622 0.4562 0.8750
vn -0.5289 -0.2396 -0.8141
vn -0.5742 -0.0083 -0.8187
vn -0.5177 0.1306 -0.8455
vn -0.4623 0.1305 -0.8771
vn 0.3287 0.8016 -0.4993
vn -0.4607 0.2306 -0.8571
vn 0.0501 0.6776 -0.7337
vn 0.0718 0.6994 -0.7111
vn 0.3869 0.7991 -0.4601
vn 0.3913 0.6767 0.6237
vn 0.1737 0.5914 0.7875
vn 0.4170 0.8283 0.3742
vn 0.1165 0.5126 0.8507
vn 0.2921 0.6641 0.6882
vn 0.3603 0.7129 0.6015
vn 0.1198 0.4094 0.9044
vn 0.5397 0.2087 0.8156
vn 0.7011 0.6705 0.2428
vn 0.5976 0.5563 -0.5774
vn 0.0887 0.4856 0.8697
vn 0.6786 0.3354 0.6534
vn 0.6805 0.2286 0.6962
vn -0.0166 -0.5243 -0.8514
vn -0.0105 -0.5652 -0.8249
vn 0.2922 -0.1193 -0.9489
vn 0.6085 0.4881 -0.6258
vn 0.2916 0.8115 0.5064
vn 0.1007 0.4843 0.8691
vn 0.4258 0.3185 0.8469
vn 0.3795 0.3567 0.8537
vn 0.5786 0.0706 0.8125
vn 0.6821 0.5462 0.4862
vn 0.7707 0.4074 0.4899
vn 0.6987 0.2997 0.6496
vn 0.6904 0.7206 0.0635
vn 0.6885 0.6980 0.1968
vn 0.6579 0.7396 0.1420
vn 0.2470 -0.2953 -0.9229
vn 0.2549 -0.1997 -0.9461
vn 0.2903 -0.2638 -0.9199
vn 0.5673 0.4290 -0.7030
vn 0.1570 0.6342 0.7571
vn 0.2618 0.4648 0.8458
vn -0.4775 -0.3413 -0.8097
vn 0.5265 0.3111 0.7912
vn -0.6129 -0.2072 -0.7625
vn -0.6588 -0.1121 -0.7439
vn 0.6278 0.0056 0.7784
vn -0.4870 0.2319 -0.8420
vn 0.7081 0.4960 0.5026
vn -0.2486 0.5123 -0.8220
vn -0.5049 0.1918 -0.8416
vn -0.4357 0.2902 -0.8520
vn 0.0614 0.7060 -0.7056
vn 0.4354 0.7915 0.4289
vn -0.0755 0.6606 -0.7470
vn 0.6378 0.7687 -0.0478
vn -0.1631 0.5229 -0.8367
vn -0.2892 0.5037 -0.8140
vn -0.1068 0.5320 -0.8400
vn 0.5983 0.4357 -0.6725
vn 0.4704 0.8306 0.2980
vn -0.6687 0.0359 -0.7427
vn 0.5550 0.8311 -0.0339
vn 0.5670 0.8236 0.0118
vn 0.5592 0.8204 0.1193
vn 0.2521 0.5685 0.7831
vn 0.6353 -0.0101 0.7722
vn 0.6741 0.4091 0.6149
vn 0.6561 0.7520 0.0635
vn 0.1345 -0.5742 -0.8076
vn 0.5211 -0.0904 -0.8487
vn 0.3648 -0.2236 -0.9039
vn 0.3920 -0.2021 -0.8975
vn 0.5934 0.2591 -0.7620
vn -0.1059 -0.6114 -0.7842
vn 0.3196 0.8745 0.3649
vn 0.0062 0.5505 0.8348
vn 0.0312 0.5250 0.8505
vn -0.0084 0.5665 0.8240
vn 0.0425 0.5121 0.8579
vn 0.0993 0.5732 0.8134
vn 0.1483 0.5575 0.8168
vn 0.0749 0.5997 0.7967
vn -0.6835 -0.0259 -0.7295
vn 0.3292 0.8317 -0.4470
vn 0.3258 0.8324 -0.4483
vn 0.3073 0.8355 -0.4555
vn 0.7815 0.5912 0.1995
vn 0.7763 0.5353 0.3329
vn 0.7818 0.5831 0.2211
vn -0.0292 -0.6328 -0.7738
vn 0.3767 0.8701 0.3178
vn -0.2297 -0.5767 -0.7840
vn -0.3865 -0.5372 -0.7497
vn 0.3243 0.4116 0.8517
vn 0.6614 0.0964 0.7438
vn 0.7710 0.2373 0.5910
vn -0.0435 0.7948 -0.6053
vn -0.4725 0.3582 -0.8053
vn 0.0671 -0.6212 -0.7808
vn 0.6921 0.4727 -0.5455
vn -0.0363 0.5449 0.8377
vn 0.0014 0.6060 0.7955
vn -0.7089 -0.1726 -0.6839
vn 0.7723 0.2432 0.5868
vn 0.7345 0.0850 0.6732
vn -0.0933 0.7240 -0.6834
vn 0.3037 0.8361 -0.4568
vn 0.5407 -0.0718 -0.8381
vn 0.6384 0.5936 -0.4900
vn 0.3113 0.8529 0.4192
vn 0.2502 0.8062 0.5361
vn -0.4486 -0.4635 -0.7641
vn -0.5255 -0.4336 -0.7320
vn 0.4082 0.4075 0.8169
vn 0.4755 0.3799 0.7934
vn 0.4661 0.4013 0.7885
vn -0.5213 0.3303 -0.7868
vn -0.3978 0.5304 -0.7486
vn -0.5044 0.3621 -0.7839
vn -0.0594 0.6093 0.7907
vn -0.5926 -0.3380 -0.7312
vn -0.6622 0.1553 -0.7331
vn -0.6151 0.2797 -0.7372
vn 0.7742 0.5260 0.3520
vn 0.3829 -0.3682 -0.8472
vn 0.4235 -0.3529 -0.8344
vn 0.3663 -0.3742 -0.8519
vn 0.1134 -0.6812 -0.7233
vn 0.5330 -0.0364 -0.8454
vn 0.6456 0.7329 -0.2144
vn 0.6492 0.7282 -0.2198
vn 0.6075 0.7781 -0.1599
vn 0.2761 0.8468 0.4547
vn 0.8021 0.3349 0.4945
vn 0.6420 0.1268 -0.7562
vn 0.6026 0.7832 -0.1531
vn -0.0676 0.6997 0.7112
vn -0.1030 0.6185 0.7790
vn 0.3074 0.8507 0.4265
vn -0.3505 -0.5907 -0.7268
vn 0.3450 0.5242 0.7786
vn 0.4188 0.4866 0.7667
vn 0.6226 0.1816 0.7612
vn 0.6058 0.3030 0.7357
vn -0.7455 -0.0787 -0.6619
vn 0.7159 -0.0424 0.6970
vn -0.0077 0.8255 -0.5644
vn 0.4092 0.8597 -0.3059
vn 0.4779 0.4777 0.7372
vn -0.6952 -0.2690 -0.6666
vn 0.7229 0.1327 0.6781
vn 0.3201 0.8513 -0.4157
vn 0.4818 0.8452 -0.2314
vn 0.4286 0.8578 -0.2838
vn 0.8042 0.4090 0.4313
vn 0.7972 0.5483 0.2527
vn 0.7533 0.1059 -0.6491
vn 0.7040 0.3358 -0.6258
vn 0.7392 0.1725 -0.6510
vn -0.2497 -0.6370 -0.7293
vn -0.6109 0.3774 -0.6960
vn 0.4010 0.8150 0.4182
vn 0.3280 0.9236 0.1983
vn -0.6483 -0.3212 -0.6903
vn -0.7189 0.0470 -0.6936
vn 0.7675 0.0652 0.6377
vn 0.7882 0.0368 0.6144
vn -0.3727 0.5639 -0.7370
vn -0.5607 0.4252 -0.7105
vn -0.3613 0.5648 -0.7420
vn 0.1440 0.7994 -0.5834
vn 0.4100 0.8544 -0.3193
vn 0.3054 -0.5945 -0.7438
vn 0.0370 -0.7166 -0.6965
vn 0.4294 -0.3734 -0.8223
vn 0.4388 -0.3468 -0.8289
vn -0.0883 -0.7078 -0.7008
vn 0.1640 0.6338 0.7559
vn 0.6138 0.4044 0.6780
vn 0.5545 0.4528 0.6983
vn 0.6774 0.2726 0.6833
vn 0.7397 -0.1086 0.6641
vn 0.6852 0.1564 -0.7113
vn 0.6790 0.1752 -0.7129
vn 0.7054 0.0886 -0.7033
vn 0.6320 0.7404 -0.2288
vn 0.5833 0.8058 -0.1020
vn -0.1262 0.6620 0.7388
vn 0.2603 0.8919 0.3699
vn 0.2411 0.9045 0.3519
vn 0.2340 0.9086 0.3459
vn 0.3195 0.6129 0.7227
vn 0.3912 0.5961 0.7011
vn -0.4806 -0.5488 -0.6840
vn 0.7290 0.1890 0.6579
vn 0.2157 0.9197 0.3281
vn 0.0149 0.7025 0.7115
vn -0.1852 -0.7282 -0.6599
vn 0.1165 0.6970 0.7076
vn -0.7651 0.0577 -0.6413
vn -0.7586 0.1576 -0.6322
vn 0.8333 0.1107 0.5416
vn 0.2686 0.6551 0.7062
vn 0.2932 0.4455 0.8459
vn 0.5125 -0.3493 -0.7844
vn 0.4668 -0.4595 -0.7556
vn 0.7504 0.1477 -0.6443
vn 0.7943 0.2517 -0.5530
vn 0.7154 0.1154 -0.6891
vn 0.7109 0.0675 -0.7001
vn -0.1254 0.7057 0.6973
vn -0.1351 0.7477 0.6501
vn -0.1614 0.7289 0.6653
vn -0.2210 -0.6747 -0.7042
vn -0.5937 -0.3956 -0.7007
vn 0.7874 -0.0634 0.6132
vn 0.4897 0.8650 -0.1096
vn 0.5336 0.8406 -0.0930
vn 0.4819 0.8688 -0.1140
vn 0.5803 0.8143 -0.0154
vn 0.5958 0.8025 -0.0312
vn -0.0327 0.7850 0.6186
vn -0.4213 -0.6063 -0.6745
vn 0.5843 0.4752 0.6578
vn -0.7607 -0.1519 -0.6310
vn -0.7948 -0.0601 -0.6039
vn 0.8076 0.0898 0.5828
vn 0.2535 -0.7328 -0.6314
vn 0.1502 -0.7754 -0.6133
vn -0.3946 -0.6175 -0.6804
vn -0.7726 -0.1660 -0.6128
vn -0.8153 -0.1317 -0.5638
vn 0.4703 0.8596 -0.1997
vn 0.7817 0.3305 -0.5289
vn 0.3593 0.9307 0.0691
vn 0.3629 0.9266 0.0981
vn 0.3645 0.9223 0.1280
vn -0.1704 0.7725 0.6117
vn -0.5745 -0.5388 -0.6162
vn -0.7904 -0.2705 -0.5496
vn -0.8373 0.0049 -0.5468
vn -0.8240 0.1669 -0.5414
vn -0.6030 0.4244 -0.6755
vn -0.2000 0.7754 -0.5989
vn -0.3400 0.7025 -0.6252
vn -0.1853 0.7798 -0.5979
vn 0.0797 -0.8068 -0.5854
vn -0.0368 -0.7939 -0.6070
vn -0.3063 -0.6654 -0.6807
vn -0.3364 -0.6473 -0.6840
vn -0.5799 -0.4653 -0.6687
vn 0.6586 0.1142 0.7438
vn -0.7612 0.2083 -0.6141
vn 0.8748 0.2184 0.4325
vn -0.3537 0.6937 -0.6274
vn 0.5677 -0.3724 -0.7342
vn 0.5626 -0.4125 -0.7165
vn 0.7581 0.3670 -0.5391
vn -0.5068 -0.5880 -0.6305
vn -0.5376 -0.5584 -0.6318
vn 0.4294 0.4783 0.7661
vn -0.7710 -0.2553 -0.5834
vn 0.4626 0.8599 -0.2156
vn 0.4293 -0.6159 -0.6606
vn 0.3662 -0.7115 -0.5998
vn 0.7742 0.4982 -0.3903
vn -0.1331 -0.7808 -0.6104
vn 0.2488 0.7246 0.6427
vn 0.2020 0.7491 0.6310
vn -0.3718 -0.8144 -0.4456
vn -0.3547 -0.8756 -0.3280
vn -0.3489 -0.8853 -0.3075
vn -0.1947 -0.8756 -0.4420
vn -0.2971 -0.7642 -0.5724
vn -0.3706 -0.6900 -0.6218
vn 0.3501 0.6490 0.6755
vn -0.3801 -0.6346 -0.6730
vn -0.6449 -0.4259 -0.6346
vn -0.6199 -0.3800 -0.6865
vn -0.7043 -0.3600 -0.6119
vn -0.6629 -0.3816 -0.6442
vn -0.6411 -0.4479 -0.6232
vn -0.6684 -0.4772 -0.5705
vn 0.8424 -0.0946 0.5304
vn 0.8329 -0.0478 0.5514
vn -0.7469 0.2592 -0.6123
vn 0.7912 0.5368 0.2929
vn 0.8166 0.5110 0.2684
vn -0.3364 0.7260 -0.5999
vn 0.8081 0.3228 -0.4927
vn 0.6766 0.6239 -0.3910
vn 0.7952 0.2313 -0.5606
vn 0.3668 0.9171 0.1564
vn 0.0644 0.7900 0.6097
vn -0.3758 -0.8062 -0.4569
vn 0.3185 0.6632 0.6773
vn 0.3261 0.6499 0.6866
vn 0.3218 0.6684 0.6706
vn 0.2999 0.7150 0.6315
vn -0.5441 -0.5782 -0.6080
vn -0.5446 -0.5793 -0.6065
vn 0.5437 0.4174 0.7281
vn 0.5314 0.4182 0.7367
vn -0.6788 -0.4929 -0.5442
vn 0.4552 0.2731 0.8475
vn -0.6747 0.4784 -0.5620
vn -0.7069 0.3653 -0.6057
vn -0.4194 -0.6530 0.6306
vn -0.3611 -0.9125 -0.1920
vn -0.4464 -0.8746 0.1891
vn -0.5640 -0.5843 -0.5835
vn 0.6274 0.4480 0.6369
vn 0.6377 0.3875 0.6657
vn -0.8974 -0.0987 -0.4300
vn 0.7510 0.2005 0.6291
vn 0.7753 0.1341 0.6172
vn 0.2180 0.9181 -0.3310
vn 0.8153 0.1236 -0.5656
vn -0.0502 0.8355 0.5472
vn -0.0216 0.8470 0.5312
vn -0.1176 0.8003 0.5879
vn -0.1199 0.8494 0.5139
vn -0.4146 -0.5957 0.6879
vn -0.0945 -0.9352 -0.3414
vn 0.0209 -0.8571 0.5148
vn 0.2984 0.7222 0.6240
vn 0.2774 0.1260 0.9524
vn -0.4925 -0.6470 -0.5821
vn -0.4929 -0.6449 -0.5841
vn -0.4907 -0.6512 -0.5789
vn -0.4565 -0.8833 -0.1066
vn 0.8417 0.1310 0.5238
vn 0.1788 -0.8221 -0.5405
vn 0.7114 -0.2105 -0.6706
vn 0.5658 -0.5397 -0.6234
vn 0.7694 0.1631 -0.6176
vn -0.2086 -0.7735 -0.5985
vn -0.6200 -0.7059 -0.3425
vn -0.7197 -0.6838 -0.1199
vn -0.6342 -0.7049 -0.3177
vn -0.5869 -0.7072 0.3943
vn 0.2597 0.7774 0.5729
vn -0.2755 0.3501 0.8953
vn -0.2250 -0.3538 0.9079
vn 0.0873 0.4604 0.8834
vn 0.0300 0.4304 0.9021
vn 0.0135 -0.9989 -0.0445
vn 0.0576 -0.3906 0.9188
vn 0.0664 -0.3769 0.9239
vn 0.4372 -0.7020 0.5623
vn 0.2012 0.6438 0.7382
vn -0.7282 -0.6500 -0.2175
vn -0.7444 -0.6325 -0.2140
vn -0.7324 -0.6454 -0.2167
vn -0.7147 -0.6636 -0.2212
vn -0.4540 -0.6237 0.6363
vn 0.0285 -0.4443 0.8954
vn 0.3132 -0.2817 0.9069
vn -0.1024 0.0828 0.9913
vn -0.0356 0.3117 0.9495
vn -0.2778 -0.9129 -0.2992
vn 0.2762 -0.4193 0.8648
vn -0.8964 -0.4307 -0.1047
vn -0.7229 -0.6516 -0.2300
vn -0.4709 -0.8819 -0.0226
vn 0.6408 0.4443 0.6261
vn -0.7225 -0.3360 -0.6042
vn -0.8724 -0.4329 -0.2269
vn -0.9247 -0.2583 -0.2795
vn -0.9965 -0.0479 -0.0691
vn -0.8817 -0.3398 -0.3272
vn -0.8319 -0.4410 -0.3368
vn -0.6786 -0.6631 -0.3158
vn -0.7507 -0.2881 -0.5944
vn -0.4984 0.6332 -0.5922
vn 0.7902 0.0412 -0.6114
vn 0.5173 0.8544 0.0494
vn 0.0578 0.7381 0.6722
vn 0.2048 0.9532 0.2222
vn -0.1247 0.8688 0.4793
vn -0.2776 -0.6978 -0.6603
vn -0.7446 -0.6661 -0.0430
vn -0.7501 -0.0601 0.6585
vn -0.9776 -0.1960 0.0774
vn -0.8361 -0.0949 0.5403
vn 0.4170 -0.7232 0.5505
vn 0.5317 0.0848 0.8427
vn 0.5316 0.0849 0.8427
vn 0.1211 0.8245 0.5527
vn 0.4587 0.6232 0.6334
vn -0.7605 -0.4687 0.4495
vn -0.6040 -0.2191 0.7663
vn -0.6247 -0.2277 0.7469
vn 0.3015 0.5977 0.7429
vn -0.1354 0.3567 0.9243
vn -0.1130 -0.9868 0.1156
vn 0.1752 -0.9384 0.2979
vn -0.9172 -0.3969 -0.0332
vn -0.2289 -0.6271 0.7445
vn -0.7404 -0.2821 0.6102
vn -0.7164 -0.3886 0.5794
vn -0.7408 -0.2794 0.6108
vn -0.7456 -0.6609 -0.0858
vn -0.9894 0.0347 -0.1407
vn -0.8885 0.1834 0.4207
vn -0.4413 -0.2681 0.8564
vn -0.2358 -0.6113 0.7554
vn -0.5349 -0.4687 0.7030
vn -0.3656 -0.9181 0.1533
vn -0.2604 -0.7358 -0.6251
vn -0.2370 -0.8139 -0.5305
vn -0.2714 -0.7498 -0.6034
vn -0.5434 0.3170 0.7773
vn 0.1019 0.6831 0.7231
vn 0.2677 -0.9262 -0.2655
vn -0.0088 -0.8859 -0.4637
vn 0.1032 -0.9435 -0.3149
vn 0.7836 -0.5301 0.3239
vn 0.1073 0.4398 0.8917
vn 0.2647 -0.8438 0.4669
vn 0.6027 0.0144 0.7978
vn -0.4566 -0.5619 -0.6898
vn -0.4686 -0.6125 -0.6366
vn -0.6070 -0.4909 -0.6250
vn 0.6496 0.2702 0.7106
vn -0.6856 -0.1976 0.7006
vn -0.7546 -0.1744 0.6326
vn 0.6139 0.4155 0.6712
vn 0.4478 0.3986 0.8004
vn 0.5131 0.4103 0.7539
vn 0.1248 -0.1026 0.9869
vn -0.4661 -0.8847 0.0029
vn 0.2928 -0.6655 0.6866
vn 0.3333 -0.5962 0.7304
vn 0.3234 -0.6142 0.7199
vn -0.2651 -0.7706 0.5796
vn 0.1739 0.0304 0.9843
vn -0.5224 -0.7505 -0.4048
vn 0.0445 -0.9885 -0.1448
vn 0.3140 0.0453 0.9483
vn -0.7674 0.2305 0.5983
vn -0.8910 0.0252 0.4533
vn -0.0367 0.1997 0.9792
vn -0.6955 0.0728 0.7149
vn 0.6097 0.0188 0.7924
vn 0.2658 -0.1083 0.9579
vn 0.1476 -0.5273 0.8368
vn 0.1626 -0.5217 0.8375
vn -0.6927 -0.6254 -0.3592
vn 0.0118 -0.9663 0.2573
vn 0.6074 0.0113 0.7943
vn 0.5614 -0.0748 0.8242
vn 0.5336 -0.1493 0.8324
vn 0.8833 0.0327 0.4676
vn 0.2459 0.9204 -0.3041
vn 0.8437 0.4950 0.2078
vn 0.4241 0.9052 -0.0271
vn -0.1637 0.8307 0.5322
vn -0.7240 -0.4984 -0.4769
vn -0.9659 -0.2421 -0.0912
vn -0.4492 0.4768 0.7556
vn 0.2859 0.7356 0.6141
vn 0.6775 -0.7354 0.0102
vn -0.7244 -0.5477 -0.4187
vn -0.7186 0.2810 0.6361
vn 0.1927 0.7902 0.5817
vn 0.3053 0.6222 0.7208
vn 0.6563 -0.7330 -0.1789
vn 0.0072 -0.9667 -0.2559
vn 0.6756 -0.4345 0.5956
vn -0.6504 -0.5214 -0.5523
vn -0.9237 -0.3135 -0.2204
vn -0.8919 -0.3783 -0.2479
vn -0.5331 0.2892 0.7951
vn -0.4936 0.2841 0.8220
vn -0.7547 0.3055 0.5805
vn 0.6120 0.4234 0.6679
vn -0.1430 0.2631 0.9541
vn -0.1598 0.2632 0.9514
vn 0.3619 -0.5344 0.7639
vn 0.3932 -0.3539 0.8486
vn 0.7868 0.1717 0.5929
vn 0.1628 0.6226 0.7654
vn 0.5688 0.4842 0.6649
vn 0.7498 0.3885 0.5356
vn -0.0041 -0.9703 0.2418
vn 0.4330 -0.8231 0.3674
vn 0.5494 -0.1450 0.8229
vn 0.8232 0.1279 -0.5531
vn -0.2202 -0.8676 -0.4458
vn -0.2628 -0.7371 -0.6226
vn -0.2154 0.6989 0.6821
vn 0.7295 0.3679 0.5767
vn -0.5711 0.2922 0.7671
vn -0.5842 0.5562 0.5911
vn -0.5828 0.5738 0.5754
vn 0.0067 0.6569 0.7540
vn -0.1273 -0.7283 -0.6733
vn 0.6164 0.4994 0.6089
vn 0.6114 -0.6775 0.4089
vn 0.5438 -0.7319 0.4106
vn 0.4216 -0.8110 0.4057
vn 0.7022 -0.5881 0.4014
vn 0.7658 -0.1865 0.6154
vn -0.3280 0.6557 0.6801
vn -0.0688 -0.9597 -0.2726
vn 0.8731 -0.3561 0.3329
vn 0.8580 0.1376 0.4948
vn -0.8712 -0.0894 -0.4827
vn -0.8828 0.0644 -0.4654
vn 0.8084 0.1171 -0.5769
vn 0.0116 -0.8674 -0.4975
vn -0.1083 0.8699 0.4813
vn 0.2295 0.7910 0.5672
vn 0.1691 0.6417 0.7481
vn 0.1798 0.7148 0.6758
vn 0.0442 0.7776 0.6272
vn 0.2397 0.7534 0.6123
vn -0.9643 -0.2476 -0.0937
vn -0.3044 -0.7050 -0.6406
vn -0.1157 -0.7610 -0.6383
vn -0.4487 -0.6724 -0.5887
vn 0.2502 -0.7550 -0.6061
vn 0.5173 -0.6230 -0.5868
vn 0.6832 -0.5924 -0.4269
vn 0.5844 -0.7580 -0.2896
vn 0.7057 -0.5354 -0.4640
vn 0.7333 -0.6497 0.2003
vn 0.7442 0.4152 0.5233
vn -0.1658 0.2258 0.9600
vn -0.5094 -0.6284 -0.5879
vn -0.6060 -0.5307 -0.5926
vn -0.3382 -0.7223 -0.6032
vn -0.7985 0.5971 -0.0765
vn -0.5592 0.7817 -0.2760
vn -0.4889 0.8649 0.1136
vn 0.0544 0.8981 0.4365
vn -0.5406 -0.5665 -0.6219
vn -0.8232 -0.2345 -0.5170
vn 0.8688 -0.0086 0.4951
vn 0.8661 0.0820 0.4930
vn -0.6219 0.5818 -0.5242
vn -0.4804 0.6923 -0.5384
vn -0.2140 0.8410 0.4969
vn -0.0421 0.9135 0.4046
vn 0.3522 0.9297 0.1078
vn -0.2884 -0.7846 -0.5488
vn -0.7706 0.4276 0.4727
vn -0.1742 0.7135 0.6787
vn 0.5682 0.5763 0.5873
vn 0.9597 -0.0019 0.2809
vn -0.8057 -0.3099 -0.5049
vn -0.7000 0.6445 0.3076
vn -0.5295 0.7834 0.3254
vn -0.5595 -0.5894 -0.5827
vn 0.9652 0.1060 0.2392
vn -0.8754 -0.3107 -0.3703
vn -0.6528 0.6112 0.4475
vn -0.3933 0.5999 0.6967
vn 0.4169 0.7068 0.5715
vn 0.3299 0.7448 0.5800
vn -0.1031 0.8340 0.5420
vn 0.1460 -0.9200 -0.3637
vn 0.6883 -0.7164 -0.1144
vn -0.9242 -0.0404 -0.3798
vn 0.7586 0.3918 0.5206
vn -0.8470 0.5045 -0.1676
vn -0.1056 -0.9566 -0.2715
vn 0.8169 -0.4394 0.3736
vn 0.8956 -0.4203 0.1454
vn -0.9382 -0.1701 -0.3013
vn -0.8942 -0.0190 -0.4472
vn 0.8854 -0.0837 0.4571
vn 0.1328 0.9409 -0.3116
vn 0.3963 0.8992 -0.1854
vn -0.0474 0.9011 -0.4310
vn 0.4946 0.8615 -0.1146
vn 0.8508 0.4864 0.1989
vn 0.4810 -0.6701 -0.5653
vn 0.8168 0.0846 -0.5706
vn -0.8568 -0.2489 -0.4516
vn -0.8535 -0.2600 -0.4516
vn -0.6657 0.6788 0.3100
vn 0.8894 -0.3384 -0.3073
vn 0.9928 0.0567 -0.1060
vn -0.4679 -0.6693 -0.5772
vn -0.4930 -0.6414 -0.5878
vn -0.9268 0.2245 -0.3011
vn -0.3523 0.8527 0.3857
vn -0.0772 -0.6835 -0.7258
vn 0.7539 -0.3286 -0.5689
vn -0.8685 -0.0778 -0.4895
vn 0.5833 -0.7664 -0.2691
vn 0.7269 -0.6070 -0.3213
vn 0.6765 -0.6711 -0.3033
vn 0.9185 -0.0194 0.3950
vn 0.9207 -0.0563 0.3862
vn -0.1083 -0.4392 -0.8918
vn 0.8803 -0.0725 0.4688
vn 0.7141 0.6954 0.0811
vn 0.3077 0.9450 0.1108
vn -0.0128 0.8805 0.4738
vn -0.4031 -0.7948 -0.4537
vn -0.7446 0.6531 0.1377
vn 0.0001 0.8247 0.5655
vn 0.7920 0.4785 0.3790
vn -0.7450 0.6364 -0.2001
vn -0.3931 0.9002 0.1875
vn 0.7515 -0.3290 -0.5719
vn 0.9698 0.2166 -0.1119
vn -0.6805 -0.4724 -0.5601
vn 0.7469 0.3308 0.5768
vn 0.3720 -0.7327 -0.5698
vn -0.8940 0.1414 -0.4251
vn -0.8441 0.2535 -0.4725
vn 0.5489 -0.6074 -0.5743
vn 0.7815 -0.2120 -0.5867
vn 0.8483 0.2994 -0.4369
vn 0.2733 0.9476 0.1655
vn -0.1413 -0.8523 -0.5037
vn -0.1911 -0.8555 -0.4813
vn -0.1790 -0.8866 -0.4265
vn 0.2946 0.7768 0.5565
vn -0.6740 -0.3021 -0.6741
vn -0.4670 0.8828 -0.0504
vn 0.0437 -0.6218 -0.7820
vn -0.4146 -0.7392 -0.5308
vn -0.3687 -0.7767 -0.5107
vn -0.4947 -0.7922 -0.3573
vn 0.2975 -0.3832 -0.8744
vn 0.7041 0.0434 -0.7088
vn 0.7486 0.2785 -0.6017
vn -0.4968 -0.6326 -0.5942
vn -0.4460 -0.7032 -0.5537
vn -0.4825 -0.6837 -0.5475
vn -0.8361 -0.1795 -0.5183
vn -0.7520 0.6270 -0.2036
vn 0.4460 0.6622 0.6022
vn 0.3563 0.7525 0.5539
vn 0.1067 0.9144 0.3905
vn 0.7671 -0.0349 -0.6406
vn -0.6741 -0.4765 -0.5643
vn 0.7062 0.5485 0.4477
vn 0.6427 0.5980 0.4788
vn 0.9477 0.3082 0.0832
vn 0.5698 0.6567 0.4940
vn 0.5183 0.6817 0.5163
vn 0.6318 0.5705 0.5247
vn -0.9365 0.2568 -0.2386
vn -0.6528 0.7562 0.0453
vn -0.2158 0.8291 0.5158
vn -0.5207 -0.6075 -0.5998
vn 0.4338 -0.5831 -0.6869
vn -0.7957 -0.3405 -0.5010
vn -0.7929 -0.3366 -0.5079
vn -0.7838 -0.2271 -0.5780
vn 0.1375 0.8693 0.4748
vn -0.5213 -0.2928 -0.8015
vn -0.0692 -0.3956 -0.9158
vn -0.1818 -0.4023 -0.8973
vn 0.2278 -0.3766 -0.8979
vn 0.8985 -0.4377 0.0326
vn 0.9056 0.0426 0.4220
vn 0.1917 -0.8679 -0.4582
vn 0.2016 0.9774 0.0634
vn -0.2566 0.8504 0.4594
vn -0.5391 -0.8405 -0.0540
vn -0.6608 -0.4939 0.5652
vn -0.5507 -0.8342 -0.0271
vn -0.5751 -0.1692 0.8004
vn -0.1520 -0.9649 0.2144
vn -0.4354 0.5457 -0.7160
vn -0.3543 0.9284 0.1120
vn -0.4534 -0.7342 -0.5053
vn 0.6382 0.7552 0.1495
vn 0.5942 0.7235 0.3514
vn 0.4932 0.7381 0.4603
vn 0.8724 0.4410 -0.2107
vn -0.1402 -0.5301 -0.8363
vn 0.2821 -0.4117 -0.8665
vn 0.6575 -0.0734 -0.7498
vn 0.7970 0.5717 0.1949
vn 0.6119 0.5251 0.5914
vn -0.2641 0.9585 0.1078
vn -0.3659 -0.4872 -0.7930
vn -0.6852 -0.5034 -0.5264
vn -0.7163 -0.4584 -0.5260
vn 0.8046 -0.4813 -0.3479
vn 0.9901 -0.0603 0.1265
vn 0.8867 0.2719 0.3740
vn 0.8963 0.2554 0.3625
vn -0.6265 0.6013 -0.4959
vn 0.6121 0.6758 0.4105
vn 0.7298 0.4251 0.5354
vn 0.6803 0.5507 0.4837
vn 0.6896 -0.2944 -0.6616
vn -0.8405 -0.3039 -0.4485
vn -0.9631 -0.1192 -0.2415
vn 0.9876 0.0237 0.1550
vn 0.8829 0.1800 0.4338
vn 0.9122 -0.0148 0.4094
vn 0.1296 -0.8516 -0.5079
vn 0.0780 -0.9037 -0.4210
vn -0.0538 0.8228 0.5658
vn -0.0667 -0.9110 0.4069
vn -0.4306 -0.7069 -0.5612
vn -0.2881 -0.8099 -0.5109
vn -0.4451 -0.6944 -0.5655
vn -0.6616 -0.4440 -0.6042
vn -0.3575 -0.4847 -0.7983
vn -0.3274 -0.4976 -0.8033
vn -0.3615 -0.4948 -0.7903
vn -0.4409 0.0164 -0.8974
vn -0.1382 0.5456 -0.8265
vn -0.1546 0.4646 -0.8719
vn -0.1415 0.5295 -0.8364
vn -0.2303 -0.6132 -0.7556
vn -0.2038 -0.5320 -0.8218
vn -0.4816 -0.6284 -0.6108
vn 0.3075 0.3053 -0.9012
vn -0.0835 -0.1020 -0.9913
vn -0.4382 -0.7285 -0.5266
vn -0.6985 -0.2598 -0.6668
vn -0.5527 0.3651 -0.7492
vn -0.1866 0.9702 0.1546
vn -0.5496 -0.6644 -0.5065
vn -0.6352 -0.6464 -0.4228
vn -0.5716 -0.6440 -0.5086
vn -0.7149 -0.3202 -0.6216
vn -0.7915 0.1182 -0.5996
vn -0.2267 -0.3075 -0.9242
vn 0.0174 -0.4957 -0.8683
vn -0.1197 -0.3954 -0.9107
vn 0.4229 -0.2072 -0.8822
vn 0.9099 -0.0224 -0.4142
vn 0.9192 0.3467 0.1866
vn -0.7454 -0.0054 -0.6666
vn -0.7753 -0.1716 -0.6078
vn -0.6581 0.5617 -0.5014
vn -0.5048 -0.1383 -0.8521
vn -0.4574 -0.1368 -0.8786
vn -0.5298 -0.1389 -0.8367
vn -0.3376 0.9102 -0.2400
vn 0.4772 0.7997 0.3644
vn -0.2077 0.5573 -0.8039
vn 0.0911 0.6140 -0.7840
vn -0.0247 0.1077 -0.9939
vn -0.5572 -0.2709 -0.7850
vn 0.3250 -0.0306 -0.9452
vn 0.3158 -0.0471 -0.9477
vn 0.9799 0.1831 -0.0787
vn 0.9522 0.2835 -0.1136
vn 0.9216 0.3617 -0.1407
vn 0.9800 0.1640 -0.1130
vn -0.6381 0.5612 -0.5271
vn 0.2863 -0.8449 -0.4518
vn 0.4477 -0.7554 -0.4785
vn 0.3077 -0.8673 -0.3912
vn 0.8494 0.2997 -0.4345
vn -0.2568 0.8481 0.4634
vn -0.2479 0.8793 0.4066
vn 0.0706 0.9643 0.2552
vn 0.1187 -0.8558 -0.5035
vn 0.1389 -0.8962 -0.4213
vn 0.1197 -0.8856 -0.4488
vn -0.6284 -0.5670 0.5326
vn -0.3529 0.0206 0.9354
vn 0.1062 -0.9790 -0.1738
vn 0.0680 -0.2059 0.9762
vn 0.1444 -0.4006 0.9048
vn 0.2786 -0.7373 0.6154
vn -0.3208 -0.2454 0.9148
vn 0.0332 0.5971 0.8015
vn 0.0209 0.2323 0.9724
vn 0.3758 0.0294 0.9262
vn -0.2974 -0.8182 -0.4920
vn -0.2478 -0.8366 -0.4885
vn -0.1615 -0.8598 -0.4843
vn 0.2382 0.7215 0.6502
vn -0.2792 -0.6834 -0.6745
vn -0.0231 0.9790 0.2027
vn 0.4573 0.7661 -0.4515
vn 0.4472 0.8817 -0.1508
vn 0.4595 0.7782 -0.4282
vn -0.1567 0.4491 -0.8796
vn 0.2074 0.9083 -0.3632
vn 0.2870 0.9118 0.2937
vn 0.2870 0.8804 0.3775
vn -0.2822 -0.4014 -0.8713
vn -0.3209 0.2180 -0.9217
vn -0.2924 0.8729 -0.3905
vn 0.2876 0.9549 0.0742
vn -0.2654 -0.4182 -0.8687
vn 0.1613 -0.0671 -0.9846
vn 0.3140 0.1485 -0.9377
vn 0.1886 -0.0345 -0.9814
vn -0.2801 -0.1945 -0.9401
vn 0.2344 0.7091 -0.6650
vn 0.2874 0.4006 -0.8700
vn 0.2500 0.4867 -0.8371
vn 0.3290 0.1706 -0.9288
vn 0.4099 0.2154 -0.8863
vn 0.7228 0.6034 -0.3369
vn -0.6465 -0.5164 -0.5616
vn -0.4966 0.8196 -0.2857
vn 0.3739 0.7777 0.5053
vn 0.7967 0.3954 0.4570
vn 0.7508 0.3880 0.5345
vn 0.7486 0.4029 0.5265
vn -0.4219 -0.1355 -0.8965
vn 0.6971 0.5804 -0.4210
vn 0.7461 0.6392 0.1867
vn 0.8413 0.2339 0.4874
vn 0.8414 0.1736 0.5118
vn 0.8446 0.2380 0.4796
vn 0.7776 0.1993 0.5964
vn 0.3700 0.2452 0.8961
vn -0.1528 0.9294 -0.3360
vn -0.0892 0.9406 -0.3276
vn 0.8778 -0.0170 -0.4787
vn 0.8222 0.1235 -0.5556
vn 0.8508 0.0289 -0.5247
vn 0.2354 -0.8831 -0.4059
vn 0.2316 -0.8502 -0.4728
vn 0.3979 0.9061 0.1434
vn -0.2765 0.8492 0.4499
vn -0.2343 0.8793 0.4146
vn 0.0748 0.8594 0.5057
vn 0.0715 -0.9788 -0.1919
vn -0.2093 0.6304 0.7476
vn 0.5769 -0.5249 0.6259
vn 0.6362 -0.6043 0.4797
vn 0.6937 -0.7037 0.1532
vn 0.3103 -0.8151 0.4893
vn 0.3874 0.2100 0.8977
vn 0.2523 0.7951 0.5515
vn 0.2948 0.7809 0.5507
vn 0.4446 0.8877 -0.1196
vn -0.2253 -0.3469 -0.9104
vn 0.2674 0.7277 -0.6316
vn -0.2366 0.5164 -0.8230
vn -0.3318 0.4846 -0.8094
vn -0.3357 -0.2064 -0.9191
vn 0.4051 0.1433 -0.9030
vn -0.1485 0.0659 -0.9867
vn 0.2512 0.9665 -0.0521
vn 0.4952 0.2500 -0.8320
vn 0.9033 0.4268 0.0436
vn 0.9206 0.3904 0.0098
vn 0.8130 0.4153 0.4082
vn 0.8529 0.4165 0.3148
vn -0.7531 -0.4786 -0.4515
vn -0.7869 -0.4046 -0.4660
vn -0.7978 -0.3629 -0.4815
vn 0.8606 0.4764 -0.1801
vn 0.9211 0.1806 0.3449
vn 0.7142 0.6953 0.0807
vn 0.8095 0.4171 -0.4133
vn -0.1897 0.8836 0.4280
vn -0.0575 -0.8940 -0.4444
vn -0.6377 -0.7407 -0.2115
vn -0.7839 -0.0390 0.6196
vn -0.7207 -0.6636 0.2004
vn -0.8054 -0.4347 0.4029
vn -0.7356 0.1116 0.6682
vn -0.3422 0.3514 0.8715
vn -0.3234 -0.7956 -0.5122
vn -0.3813 -0.7730 -0.5071
vn 0.4605 0.7312 0.5033
vn 0.4774 0.7616 0.4382
vn 0.5166 0.6816 0.5182
vn 0.4406 0.7068 0.5534
vn 0.2708 0.9626 0.0102
vn 0.4576 0.8612 0.2212
vn -0.5763 -0.6455 -0.5011
vn -0.5883 -0.6361 -0.4993
vn -0.5823 -0.6522 -0.4853
vn 0.7557 0.6456 -0.1096
vn -0.5824 -0.6922 -0.4262
vn -0.3901 -0.2724 -0.8796
vn -0.6058 -0.3769 -0.7007
vn 0.0583 0.9857 -0.1581
vn 0.6874 0.6064 -0.3997
vn 0.3564 0.6028 -0.7139
vn 0.6904 0.5875 -0.4221
vn -0.7132 -0.5022 -0.4890
vn -0.6985 -0.5322 -0.4784
vn -0.7375 -0.4898 -0.4650
vn 0.8250 0.3312 0.4580
vn 0.8370 0.3063 0.4534
vn 0.8384 0.3142 0.4454
vn 0.8800 0.1024 0.4638
vn 0.0495 -0.9419 -0.3322
vn -0.9564 -0.2902 0.0336
vn -0.0534 0.8418 0.5371
vn 0.0634 -0.9634 -0.2604
vn 0.6910 -0.7224 -0.0252
vn 0.7531 0.1196 0.6470
vn -0.3860 -0.8169 -0.4287
vn -0.4307 -0.7857 -0.4440
vn 0.2833 0.8011 0.5273
vn 0.3619 0.7708 0.5243
vn 0.3954 0.7474 0.5339
vn 0.2766 0.7750 0.5683
vn -0.2050 -0.9098 0.3608
vn -0.2103 -0.9167 0.3397
vn -0.2292 -0.9409 0.2494
vn 0.3196 0.6576 0.6822
vn -0.5334 -0.7176 -0.4478
vn 0.5622 0.6542 0.5060
vn 0.5369 0.6809 0.4981
vn 0.5811 0.6300 0.5152
vn 0.5740 0.7293 0.3723
vn 0.5931 0.7158 0.3685
vn 0.5103 0.7699 0.3831
vn -0.8830 -0.1215 -0.4534
vn 0.8830 0.0776 0.4629
vn -0.8984 -0.1935 -0.3942
vn 0.6097 0.7922 -0.0249
vn 0.8918 0.2131 -0.3991
vn -0.6091 0.5047 0.6118
vn -0.7634 0.4606 0.4528
vn -0.6155 0.5872 0.5256
vn 0.9156 -0.0377 0.4004
vn 0.8709 0.1200 0.4766
vn 0.8588 -0.5050 0.0869
vn 0.4125 0.6950 0.5889
vn 0.4451 0.5235 0.7265
vn -0.5901 -0.8019 -0.0936
vn -0.5109 -0.8433 0.1670
vn -0.5845 -0.7979 -0.1474
vn 0.6356 0.5560 0.5356
vn 0.6636 0.5400 0.5177
vn 0.7171 0.4097 0.5639
vn 0.6272 0.4514 0.6347
vn 0.6909 0.5290 0.4928
vn 0.8173 0.5755 0.0264
vn 0.7519 0.4718 0.4605
vn -0.7890 -0.6008 -0.1287
vn -0.7522 -0.6367 -0.1697
vn -0.7786 -0.6114 -0.1413
vn -0.6235 -0.3067 0.7191
vn 0.7597 0.4100 0.5047
vn 0.7479 0.4315 0.5045
vn -0.8105 -0.4916 -0.3185
vn -0.8071 -0.4994 -0.3148
vn -0.8362 -0.3542 -0.4187
vn 0.8676 0.2176 0.4470
vn 0.8742 0.2347 0.4250
vn 0.8736 0.2339 0.4267
vn -0.8528 -0.3482 -0.3893
vn -0.9854 -0.0817 -0.1491
vn -0.7681 -0.5281 0.3622
vn -0.6463 -0.6155 0.4511
vn -0.8481 -0.3124 -0.4280
vn 0.8875 0.0353 0.4594
vn -0.1092 0.8964 -0.4295
vn 0.6127 0.7902 -0.0118
vn 0.3985 0.9171 0.0077
vn 0.0152 -0.9078 -0.4191
vn -0.2163 0.8836 0.4152
vn 0.1479 -0.7105 -0.6880
vn 0.6231 0.5041 0.5980
vn 0.4534 0.6877 0.5671
vn -0.6227 -0.7230 0.2991
vn -0.2941 -0.9335 0.2052
vn -0.1621 -0.7277 0.6665
vn -0.1567 -0.7170 0.6792
vn 0.1620 0.8033 0.5731
vn -0.7470 -0.6569 -0.1022
vn -0.8209 -0.5659 0.0771
vn -0.7333 -0.0200 0.6796
vn -0.8100 -0.5067 0.2951
vn -0.3204 -0.4870 0.8125
vn 0.0805 -0.7256 0.6834
vn -0.1954 -0.9658 -0.1703
vn -0.3750 -0.8994 -0.2244
vn 0.0897 -0.1978 0.9761
vn 0.1967 0.1993 0.9600
vn -0.0709 -0.0251 0.9972
vn -0.1275 -0.0730 0.9892
vn -0.6824 -0.5714 -0.4559
vn -0.6872 -0.5712 -0.4489
vn 0.6526 0.6695 0.3548
vn -0.1473 -0.1581 0.9764
vn 0.1310 -0.6148 0.7777
vn 0.1275 -0.6244 0.7706
vn 0.1987 -0.6382 0.7438
vn -0.1665 -0.2442 0.9553
vn 0.4632 0.3064 0.8316
vn 0.4367 0.3044 0.8465
vn 0.4562 0.3059 0.8356
vn -0.6943 -0.7182 -0.0458
vn -0.8124 -0.5741 -0.1016
vn 0.4279 0.3037 0.8513
vn 0.7571 0.3803 0.5311
vn 0.7258 0.3415 0.5972
vn 0.8101 0.3181 0.4926
vn 0.8072 0.2887 0.5148
vn -0.4140 -0.1855 0.8912
vn -0.5846 -0.4020 0.7047
vn -0.8292 -0.5492 -0.1039
vn 0.4359 -0.0580 0.8981
vn 0.1362 0.0453 0.9896
vn -0.9235 0.0152 -0.3834
vn -0.6698 0.5591 -0.4886
vn -0.3413 0.8304 -0.4405
vn -0.1466 0.9329 0.3289
vn -0.0298 0.8291 0.5583
vn -0.1771 -0.9014 -0.3952
vn -0.5654 -0.7447 -0.3547
vn -0.8189 0.5589 0.1305
vn -0.8513 0.5051 0.1422
vn -0.8333 0.5359 0.1357
vn -0.8021 0.5841 0.1246
vn -0.2304 0.8357 0.4985
vn 0.6706 -0.5710 -0.4735
vn 0.9770 -0.1226 -0.1745
vn -0.4322 -0.4641 0.7731
vn -0.0009 -0.3607 0.9327
vn -0.2330 -0.9443 0.2326
vn 0.0022 -0.5459 0.8379
vn 0.0740 0.3756 0.9238
vn 0.3535 -0.6425 0.6799
vn 0.3294 0.4745 0.8163
vn 0.4552 0.1672 0.8746
vn -0.6571 0.0766 0.7499
vn -0.3771 0.1064 0.9200
vn 0.1287 0.6468 0.7517
vn 0.2431 0.5703 0.7846
vn 0.3358 0.4969 0.8002
vn 0.0741 -0.7429 0.6653
vn 0.4524 -0.3278 0.8294
vn 0.7034 0.1578 0.6931
vn 0.6910 0.5725 0.4412
vn 0.6986 0.5551 0.4514
vn 0.6991 0.5534 0.4528
vn -0.9637 -0.2312 0.1332
vn -0.9528 -0.0864 0.2911
vn -0.7991 -0.1458 0.5833
vn -0.5848 -0.0058 0.8111
vn 0.6325 0.6103 0.4769
vn 0.1818 0.8075 0.5612
vn 0.7158 0.5422 0.4401
vn -0.5373 0.0796 0.8397
vn 0.4688 0.3137 0.8257
vn 0.3279 -0.6358 0.6987
vn 0.4297 -0.6199 0.6566
vn -0.6223 -0.7825 0.0210
vn 0.5543 0.1486 0.8189
vn -0.9444 0.1856 0.2713
vn -0.9397 0.0685 0.3352
vn 0.0023 0.2846 0.9587
vn 0.1567 0.2386 0.9584
vn -0.5069 -0.8441 -0.1750
vn -0.8440 -0.3664 -0.3917
vn 0.5090 -0.5792 0.6368
vn 0.2398 -0.6713 0.7014
vn 0.1966 -0.7112 0.6750
vn 0.7463 -0.1580 0.6466
vn 0.7705 -0.2185 0.5988
vn 0.7979 -0.3086 0.5178
vn 0.9014 -0.1339 0.4118
vn 0.9238 0.1464 0.3537
vn 0.9228 -0.0433 0.3828
vn 0.6775 0.7346 0.0376
vn 0.7388 -0.4466 -0.5047
vn 0.7850 -0.3564 -0.5067
vn 0.7463 -0.4316 -0.5067
vn 0.8932 0.1935 -0.4059
vn 0.0437 0.9338 0.3551
vn 0.0882 0.9960 -0.0151
vn -0.1128 0.9687 0.2211
vn 0.0979 -0.9890 -0.1109
vn -0.8842 -0.3362 -0.3243
vn 0.0821 0.9080 0.4109
vn 0.0134 0.9151 0.4029
vn 0.6675 -0.4437 -0.5980
vn 0.6342 0.7526 0.1775
vn -0.3746 -0.2245 0.8996
vn -0.0468 0.1344 0.9898
vn -0.0867 0.6849 0.7235
vn -0.2229 -0.9379 -0.2657
vn -0.2438 -0.9202 -0.3063
vn -0.2887 -0.8616 -0.4174
vn 0.1148 -0.9934 -0.0066
vn 0.3862 0.0601 0.9204
vn -0.7014 -0.5874 -0.4037
vn 0.6010 0.6096 0.5169
vn 0.5238 0.6937 0.4943
vn 0.4992 -0.6884 0.5262
vn -0.7205 -0.5263 -0.4514
vn -0.9826 0.0053 0.1856
vn 0.0527 0.5676 0.8216
vn -0.2267 0.6158 0.7546
vn 0.1393 0.6635 0.7351
vn -0.5002 -0.8455 -0.1869
vn -0.9265 0.1888 0.3255
vn 0.0475 0.4523 0.8906
vn -0.4197 0.6117 0.6706
vn 0.6521 0.3465 0.6743
vn 0.5696 -0.6688 -0.4777
vn 0.8931 -0.0726 -0.4440
vn 0.2746 -0.9051 -0.3246
vn -0.0228 -0.9759 -0.2168
vn -0.1110 0.8597 0.4986
vn 0.0137 -0.9147 -0.4040
vn -0.1371 -0.9165 -0.3757
vn -0.1438 -0.9166 -0.3731
vn -0.1752 -0.8984 -0.4028
vn 0.9223 0.3855 -0.0256
vn -0.2949 -0.8776 -0.3780
vn -0.8945 -0.2676 0.3582
vn -0.7806 -0.6237 0.0411
vn -0.7948 0.2093 0.5696
vn -0.5987 0.2489 0.7613
vn -0.4793 0.2605 0.8381
vn 0.2782 0.8510 0.4455
vn 0.3067 0.8133 0.4944
vn 0.2958 0.8398 0.4552
vn 0.1974 -0.9803 0.0111
vn 0.8124 -0.2085 0.5445
vn -0.8016 -0.5359 -0.2650
vn -0.9450 -0.1332 0.2989
vn -0.3549 -0.8659 -0.3524
vn 0.5124 -0.8546 0.0842
vn 0.6809 -0.7313 0.0399
vn 0.5828 -0.8100 0.0659
vn 0.7893 0.3891 0.4749
vn 0.8522 -0.4318 0.2955
vn 0.5294 -0.4478 0.7206
vn -0.9149 -0.1195 -0.3857
vn -0.9676 0.2521 -0.0147
vn -0.5360 -0.8174 -0.2110
vn 0.4532 -0.8414 0.2943
vn 0.8839 0.2116 -0.4171
vn 0.4049 0.9140 -0.0261
vn 0.2131 0.9761 0.0416
vn 0.1767 -0.9268 -0.3313
vn 0.1264 -0.9229 -0.3636
vn -0.2626 0.9162 0.3028
vn 0.0916 -0.9396 -0.3297
vn 0.1956 -0.9379 0.2866
vn 0.0757 -0.9424 0.3258
vn -0.3612 -0.5774 0.7323
vn 0.1728 -0.9627 0.2080
vn -0.6557 0.2569 -0.7099
vn -0.6764 -0.2184 -0.7034
vn -0.6201 0.3902 -0.6806
vn 0.5515 -0.2733 -0.7881
vn -0.2085 0.6825 0.7005
vn 0.6138 -0.5385 0.5773
vn 0.7523 0.2061 0.6258
vn -0.9483 -0.2031 0.2440
vn 0.4998 0.7149 0.4890
vn -0.7195 0.3159 0.6185
vn 0.0163 0.7081 0.7059
vn 0.3393 0.6820 0.6479
vn 0.2977 0.7893 0.5371
vn 0.3091 0.7657 0.5641
vn -0.1583 -0.8433 -0.5135
vn 0.7395 -0.6728 0.0207
vn -0.9133 -0.2799 -0.2958
vn -0.8912 0.3822 0.2442
vn -0.9627 0.1926 0.1900
vn -0.5837 0.5790 0.5693
vn -0.6321 -0.7348 -0.2459
vn -0.5890 -0.6792 -0.4379
vn -0.5805 -0.6685 -0.4649
vn -0.6325 -0.7343 -0.2463
vn 0.3027 -0.9507 -0.0672
vn 0.2193 -0.9632 -0.1552
vn 0.0627 -0.9492 -0.3085
vn -0.2037 -0.9602 0.1912
vn 0.8390 -0.4522 0.3025
vn -0.9152 0.3973 -0.0675
vn -0.4916 0.5517 0.6738
vn 0.3841 -0.8743 0.2969
vn 0.8102 -0.3720 0.4529
vn 0.9182 0.0193 0.3957
vn -0.9517 -0.0868 -0.2946
vn -0.9023 0.2064 -0.3785
vn -0.2604 -0.8984 -0.3537
vn -0.0340 -0.9322 -0.3603
vn -0.6944 -0.6168 0.3708
vn -0.7022 -0.6118 0.3642
vn -0.4822 -0.7065 0.5180
vn -0.4492 -0.4322 0.7819
vn 0.2510 -0.9663 -0.0567
vn 0.1355 -0.4621 0.8764
vn -0.0231 -0.1829 0.9829
vn 0.2238 -0.6052 0.7640
vn -0.0670 -0.1011 0.9926
vn -0.1110 -0.4012 0.9093
vn 0.1943 -0.0878 0.9770
vn -0.2765 0.6494 0.7084
vn -0.0823 0.5369 0.8397
vn 0.4506 0.5163 0.7283
vn -0.4345 -0.6383 -0.6354
vn -0.3573 -0.7349 -0.5765
vn -0.2036 -0.8502 -0.4855
vn -0.6491 -0.3696 -0.6649
vn -0.4060 0.9074 -0.1089
vn -0.3855 0.9172 -0.1009
vn -0.3872 0.9162 -0.1036
vn -0.4086 0.9059 -0.1117
vn 0.0555 0.9548 0.2919
vn 0.1007 0.8590 0.5019
vn 0.1865 -0.6258 -0.7574
vn 0.5307 -0.3352 -0.7784
vn 0.7562 0.6353 -0.1565
vn 0.0227 0.8250 0.5646
vn -0.1067 0.9282 0.3563
vn -0.0476 0.8886 0.4561
vn -0.0549 -0.8489 -0.5257
vn 0.5142 -0.8217 -0.2456
vn 0.1587 -0.9826 -0.0967
vn 0.9129 -0.3961 0.0992
vn 0.7459 0.4462 0.4945
vn 0.6911 0.5816 0.4291
vn 0.9948 -0.0738 -0.0702
vn -0.6183 -0.6499 -0.4420
vn 0.9627 0.1488 0.2262
vn 0.8507 0.3990 0.3422
vn 0.8202 0.4875 0.2995
vn 0.7059 0.5362 0.4628
vn -0.8104 -0.4336 -0.3941
vn 0.8815 0.2572 0.3959
vn 0.8335 0.3785 0.4026
vn 0.8535 0.3342 0.3998
vn 0.8210 0.3905 0.4165
vn 0.7935 0.2849 0.5378
vn -0.7796 0.5862 0.2205
vn 0.5077 0.6721 0.5390
vn 0.8546 0.0952 0.5105
vn 0.5352 -0.7094 -0.4586
vn 0.4269 -0.8176 -0.3864
vn 0.7428 -0.5593 0.3680
vn 0.5541 -0.6619 0.5049
vn 0.7658 -0.5417 0.3465
vn 0.5550 -0.6670 0.4971
vn -0.5775 0.3002 0.7592
vn 0.1640 -0.9166 -0.3647
vn -0.5574 0.3849 0.7356
vn 0.4495 0.4993 0.7407
vn 0.7566 -0.4549 0.4697
vn -0.0875 -0.9771 -0.1940
vn -0.2141 -0.7850 -0.5813
vn -0.3532 -0.4464 -0.8222
vn -0.2521 -0.1974 -0.9474
vn -0.2421 0.2015 -0.9491
vn -0.2507 -0.1339 -0.9588
vn -0.2143 -0.8794 -0.4251
vn -0.0506 -0.6658 -0.7444
vn 0.1552 -0.3106 -0.9378
vn 0.0102 -0.4263 -0.9045
vn -0.1608 0.8709 -0.4645
vn 0.0514 0.9852 -0.1632
vn -0.2325 0.2815 -0.9310
vn 0.4457 0.4940 -0.7465
vn -0.2783 -0.8990 -0.3382
vn 0.4671 0.2526 -0.8473
vn 0.4276 0.8746 0.2286
vn -0.8111 -0.5606 -0.1669
vn -0.8633 0.1871 0.4688
vn -0.8752 -0.3192 -0.3636
vn 0.5154 0.7404 0.4315
vn 0.5126 0.7476 0.4223
vn -0.3766 -0.8155 -0.4394
vn -0.3903 -0.7946 -0.4651
vn -0.3902 -0.7947 -0.4650
vn 0.5574 -0.7106 -0.4293
vn 0.9091 -0.3705 -0.1906
vn -0.9160 0.1338 -0.3782
vn -0.8789 0.3777 -0.2913
vn -0.9320 0.3126 -0.1835
vn -0.3101 0.8044 0.5067
vn 0.8493 0.3604 0.3859
vn 0.0587 0.9952 -0.0782
vn 0.6948 0.6755 0.2468
vn 0.9029 0.2997 0.3081
vn 0.5043 -0.8625 -0.0426
vn 0.5763 -0.8151 -0.0591
vn 0.5489 -0.8342 -0.0528
vn -0.8118 0.3795 -0.4438
vn 0.4523 -0.8871 -0.0917
vn 0.9001 -0.3963 0.1809
vn -0.5883 0.2879 0.7557
vn 0.0356 0.9077 0.4182
vn 0.0616 0.8379 0.5423
vn -0.2389 -0.8930 -0.3813
vn 0.2056 0.9120 -0.3548
vn 0.2296 0.8073 -0.5437
vn 0.2656 0.9077 0.3248
vn 0.2568 0.9302 0.2623
vn 0.2838 0.8465 0.4505
vn 0.2260 0.8799 0.4180
vn 0.3747 -0.6857 -0.6240
vn -0.2531 -0.8956 -0.3659
vn -0.4538 -0.8074 -0.3771
vn -0.9448 -0.3014 -0.1285
vn -0.5803 0.7001 0.4160
vn 0.4497 -0.6310 -0.6321
vn 0.8112 0.5681 0.1385
vn -0.8730 0.4485 0.1918
vn -0.5991 0.7376 0.3113
vn -0.7033 -0.6029 -0.3767
vn 0.6785 -0.6520 -0.3385
vn -0.6839 -0.5997 -0.4156
vn -0.6600 -0.6462 -0.3831
vn -0.6777 -0.6214 -0.3931
vn -0.8385 -0.4553 -0.2992
vn -0.7284 -0.5864 -0.3543
vn -0.7492 -0.5509 -0.3677
vn -0.0142 -0.9265 -0.3761
vn 0.9743 -0.2211 -0.0429
vn 0.9752 -0.2176 -0.0402
vn 0.9822 -0.1873 -0.0160
vn 0.9213 0.2318 0.3122
vn -0.9181 0.0358 -0.3947
vn -0.7852 0.5500 -0.2846
vn -0.3780 0.8941 -0.2404
vn 0.1967 0.9782 0.0665
vn -0.8533 -0.3717 -0.3657
vn 0.3062 -0.9094 -0.2815
vn 0.9641 -0.1371 0.2272
vn 0.9796 -0.1381 0.1459
vn 0.9871 -0.1382 0.0803
vn 0.7023 -0.6137 0.3608
vn 0.9326 -0.0331 0.3593
vn -0.9442 0.0834 -0.3185
vn -0.3348 0.8415 -0.4240
vn 0.6641 0.7473 0.0224
vn -0.2365 0.9231 0.3033
vn -0.8623 -0.4716 0.1844
vn -0.8686 -0.3649 0.3352
vn -0.6118 0.4175 0.6718
vn 0.4191 -0.9025 -0.0991
vn -0.1108 -0.9304 -0.3494
vn 0.6645 0.3333 0.6689
vn -0.5229 -0.7614 -0.3832
vn -0.5116 -0.7749 -0.3712
vn -0.5312 -0.7962 -0.2895
vn 0.9419 0.0286 -0.3347
vn -0.6292 -0.6217 -0.4665
vn -0.3357 0.8043 0.4903
vn 0.2599 0.8598 0.4396
vn -0.8609 -0.4074 -0.3047
vn -0.7191 0.6649 -0.2017
vn 0.3101 0.8951 0.3205
vn -0.5150 -0.5875 -0.6242
vn -0.2627 -0.7609 -0.5933
vn -0.8552 -0.3835 -0.3485
vn 0.6188 -0.7825 -0.0692
vn -0.2898 0.9107 0.2944
vn -0.9414 -0.3172 -0.1148
vn -0.1938 0.9107 0.3649
vn 0.7666 -0.6300 -0.1244
vn 0.5415 0.7475 0.3848
vn -0.1597 -0.9228 -0.3506
vn -0.7154 -0.5117 -0.4758
vn -0.7779 -0.3458 -0.5246
vn -0.7047 -0.5335 -0.4677
vn -0.8281 0.5418 -0.1436
vn -0.0675 -0.7922 -0.6065
vn -0.9106 0.1662 -0.3784
vn -0.6965 0.7166 0.0374
vn 0.0870 0.9703 0.2259
vn 0.5971 -0.5096 -0.6194
vn 0.6874 0.6053 0.4013
vn -0.7237 -0.5425 -0.4266
vn -0.5849 0.7289 -0.3559
vn -0.5118 -0.5113 -0.6904
vn 0.2623 -0.4823 -0.8358
vn 0.2189 -0.2846 -0.9333
vn -0.1443 -0.3419 -0.9286
vn 0.3072 -0.7838 -0.5397
vn -0.8344 -0.3592 -0.4180
vn 0.8774 0.3863 0.2846
vn 0.8560 0.3969 0.3313
vn 0.8310 0.4071 0.3789
vn -0.8870 -0.3314 -0.3217
vn 0.7492 0.5259 0.4027
vn -0.8874 -0.2683 -0.3748
vn -0.4446 -0.6767 -0.5868
vn 0.7241 -0.5424 -0.4260
vn -0.6780 0.6493 -0.3447
vn 0.5110 0.8483 -0.1385
vn 0.9327 0.0880 0.3498
vn 0.8790 0.2207 -0.4227
vn -0.1673 -0.8878 -0.4288
vn -0.0953 -0.9027 -0.4196
vn -0.5697 -0.6672 -0.4798
vn -0.4168 -0.8642 -0.2818
vn -0.9966 -0.0418 0.0714
vn -0.9229 0.3409 0.1787
vn -0.8428 0.4626 0.2751
vn -0.5456 0.7610 0.3511
vn -0.2645 -0.9594 0.0978
vn -0.1515 -0.9746 -0.1652
vn -0.1856 -0.9784 -0.0908
vn -0.9491 -0.1402 -0.2821
vn 0.3391 0.7767 0.5308
vn -0.6237 0.7733 0.1146
vn -0.1850 0.9598 0.2111
vn 0.1792 -0.6550 -0.7340
vn -0.5541 -0.7490 -0.3633
vn -0.9342 0.0030 -0.3568
vn -0.4048 -0.7701 -0.4930
vn 0.5571 -0.1945 -0.8073
vn 0.6960 -0.2847 -0.6592
vn 0.5829 -0.2107 -0.7847
vn 0.9669 0.2358 -0.0973
vn 0.9011 0.4023 -0.1620
vn 0.9269 0.3479 -0.1409
vn 0.9725 0.2049 -0.1104
vn 0.7082 0.5783 0.4050
vn 0.6995 0.6408 0.3164
vn 0.7394 0.5604 0.3731
vn 0.7283 0.5688 0.3823
vn -0.8925 0.1686 -0.4183
vn -0.8522 -0.0924 -0.5150
vn -0.4245 0.8943 -0.1420
vn 0.2409 0.9643 0.1096
vn 0.4433 -0.4219 -0.7909
vn 0.9691 -0.0817 -0.2330
vn -0.8670 -0.4062 -0.2888
vn -0.8667 -0.4083 -0.2865
vn -0.8664 -0.4106 -0.2840
vn 0.9828 -0.1840 -0.0133
vn 0.1182 -0.1093 0.9870
vn -0.8626 0.0818 -0.4993
vn -0.8643 0.1003 -0.4929
vn -0.8657 0.1193 -0.4861
vn -0.4261 0.5559 -0.7138
vn -0.5782 -0.5752 -0.5787
vn -0.9362 -0.1789 -0.3024
vn -0.9420 -0.1527 -0.2988
vn -0.9385 -0.1491 -0.3114
vn 0.9903 -0.1373 -0.0220
vn -0.9566 -0.1796 -0.2294
vn 0.8709 0.0762 0.4855
vn 0.9563 -0.0371 0.2901
vn 0.9305 -0.1572 0.3308
vn -0.7042 0.5421 -0.4584
vn -0.7915 0.4623 -0.3998
vn -0.6558 0.5782 -0.4854
vn -0.1283 -0.9416 -0.3114
vn -0.0566 -0.9638 -0.2605
vn -0.1911 -0.9340 -0.3018
vn 0.9439 -0.2636 -0.1990
vn -0.4259 -0.6700 0.6081
vn -0.1833 -0.9710 0.1537
vn 0.0925 0.9091 0.4063
vn 0.2195 0.8837 0.4133
vn -0.2939 0.9140 -0.2798
vn -0.1187 -0.7856 -0.6072
vn 0.7275 -0.2039 -0.6551
vn 0.8928 0.3714 -0.2550
vn 0.8322 0.5388 -0.1309
vn 0.4385 0.8391 0.3220
vn 0.5142 0.7635 0.3906
vn 0.5104 0.7647 0.3933
vn -0.5827 -0.1838 -0.7917
vn -0.7091 -0.3985 -0.5818
vn -0.3532 0.9103 -0.2158
vn -0.0820 0.9949 -0.0596
vn 0.2776 0.9407 0.1952
vn -0.0629 -0.4401 -0.8958
vn -0.5989 -0.6721 -0.4354
vn -0.3690 -0.6218 -0.6908
vn -0.7084 -0.7027 -0.0669
vn -0.7211 -0.6872 -0.0880
vn -0.6750 -0.7330 0.0843
vn -0.6668 -0.7377 0.1055
vn -0.6679 -0.1783 -0.7226
vn -0.1894 0.4294 -0.8830
vn -0.0960 0.5700 -0.8160
vn 0.9316 0.3210 0.1706
vn -0.7085 -0.2393 0.6639
vn -0.6919 -0.2535 0.6760
vn -0.6621 -0.2781 0.6959
vn -0.9055 -0.3101 0.2897
vn -0.2566 -0.0656 0.9643
vn -0.3477 -0.9179 0.1915
vn -0.8872 -0.4604 0.0296
vn -0.0764 -0.7966 0.5996
vn 0.8699 0.2092 0.4467
vn 0.9169 0.2904 0.2737
vn 0.8896 0.2403 0.3885
vn 0.9141 0.2808 0.2926
vn -0.3982 0.3861 -0.8321
vn -0.3729 0.3492 -0.8596
vn -0.4707 0.4955 -0.7300
vn 0.5148 0.7800 -0.3558
vn -0.5723 -0.3601 -0.7367
vn 0.1662 -0.2240 -0.9603
vn 0.4115 -0.3842 -0.8265
vn 0.6053 -0.0893 -0.7910
vn 0.4010 -0.4209 -0.8136
vn 0.9944 -0.1056 -0.0082
vn -0.9546 -0.1715 -0.2436
vn 0.9302 0.3129 0.1918
vn 0.8581 -0.0655 -0.5093
vn 0.8509 -0.0082 -0.5253
vn 0.8699 -0.1420 -0.4724
vn 0.9001 -0.0429 -0.4336
vn 0.3409 0.9400 -0.0170
vn 0.4041 0.9137 -0.0435
vn 0.5308 -0.7315 -0.4279
vn -0.2896 -0.4406 0.8497
vn 0.9131 0.4037 0.0577
vn 0.0359 -0.8998 0.4348
vn -0.2491 -0.9442 0.2156
vn -0.1810 -0.9090 -0.3754
vn 0.1344 -0.9858 -0.1003
vn 0.4908 -0.5483 0.6771
vn 0.2676 -0.9524 0.1458
vn 0.0536 -0.1939 0.9796
vn -0.2474 0.1527 0.9568
vn 0.1949 -0.3179 0.9279
vn -0.2463 0.3793 0.8919
vn 0.0338 0.5792 0.8145
vn 0.0485 0.2061 0.9773
vn 0.0420 0.1409 0.9891
vn 0.0605 0.6948 0.7166
vn 0.3975 0.7059 0.5863
vn 0.2594 0.9056 0.3356
vn -0.6188 -0.4637 -0.6341
vn -0.8156 0.2258 -0.5327
vn 0.3275 0.8556 0.4010
vn 0.2555 0.9421 0.2172
vn -0.2153 0.9649 -0.1505
vn 0.1641 0.9808 0.1050
vn -0.4978 0.0323 -0.8667
vn -0.1867 0.8005 -0.5695
vn 0.1525 0.9331 -0.3257
vn -0.3064 -0.5421 -0.7825
vn 0.3466 0.3547 -0.8684
vn 0.5881 0.2482 -0.7698
vn 0.4680 0.3063 -0.8289
vn 0.4289 -0.1171 -0.8957
vn 0.8493 0.4902 -0.1960
vn 0.5659 0.7150 0.4106
vn 0.6554 0.7026 0.2770
vn 0.0034 0.9970 -0.0777
vn -0.5104 -0.2939 -0.8082
vn -0.6704 -0.4283 -0.6059
vn -0.0138 0.3006 -0.9537
vn -0.4343 -0.4682 -0.7695
vn 0.6363 0.2501 -0.7298
vn -0.8672 -0.4045 -0.2905
vn 0.4959 0.0409 -0.8674
vn 0.8897 0.4382 0.1285
vn -0.7348 -0.2145 0.6434
vn -0.5665 0.0065 0.8240
vn 0.4946 0.2480 0.8330
vn -0.4667 -0.6527 0.5968
vn -0.4885 -0.7623 -0.4245
vn 0.5414 -0.0774 0.8372
vn -0.8606 0.0639 -0.5052
vn -0.5297 0.0170 -0.8480
vn 0.5200 0.7797 -0.3489
vn -0.6286 -0.2121 -0.7482
vn -0.3730 -0.2766 -0.8856
vn 0.1693 0.1611 -0.9723
vn -0.2774 0.2139 -0.9366
vn 0.1742 -0.1060 -0.9790
vn 0.7859 0.0575 -0.6157
vn 0.9928 0.0596 -0.1037
vn 0.9094 0.1506 0.3877
vn 0.9034 -0.2088 0.3746
vn 0.9062 -0.2164 0.3632
vn -0.1086 0.9841 -0.1409
vn -0.3711 -0.7324 -0.5708
vn -0.9373 0.1012 -0.3337
vn -0.7464 0.0923 -0.6591
vn -0.9380 0.1075 -0.3297
vn 0.2343 -0.9075 -0.3485
vn 0.8538 -0.3835 -0.3520
vn 0.7345 -0.2421 -0.6340
vn 0.7747 -0.2837 -0.5651
vn -0.4429 -0.8462 0.2963
vn 0.2253 0.9679 0.1117
vn -0.6693 0.0013 0.7430
vn 0.3046 -0.9512 -0.0502
vn -0.2111 0.4228 0.8813
vn 0.8025 -0.4700 0.3674
vn 0.4824 -0.2256 0.8464
vn 0.6041 -0.3477 0.7171
vn 0.5132 -0.3430 0.7867
vn -0.4346 -0.8940 -0.1095
vn -0.6207 -0.7841 0.0054
vn -0.2758 -0.9117 -0.3044
vn 0.1268 0.9062 0.4033
vn -0.7904 -0.2984 -0.5349
vn -0.3669 -0.8410 -0.3978
vn -0.5806 -0.6222 -0.5252
vn -0.2839 -0.5607 -0.7778
vn -0.3898 -0.8392 -0.3791
vn -0.3962 -0.8048 -0.4419
vn -0.4083 -0.6850 -0.6033
vn 0.3568 0.8575 0.3706
vn 0.3588 0.8681 0.3430
vn 0.3550 0.8638 0.3577
vn -0.3137 0.2147 -0.9249
vn -0.1984 -0.2187 -0.9554
vn 0.1250 0.1729 -0.9770
vn -0.2913 0.0558 -0.9550
vn -0.2179 0.3532 -0.9098
vn -0.2564 0.2123 -0.9430
vn 0.0295 -0.4592 -0.8878
vn 0.2828 -0.2138 -0.9351
vn 0.3501 -0.0127 -0.9366
vn 0.7605 0.6021 -0.2430
vn 0.3947 0.3823 -0.8355
vn 0.4934 0.8662 0.0792
vn 0.3259 0.2568 -0.9099
vn -0.4569 0.0660 -0.8871
vn -0.4645 -0.5113 -0.7230
vn 0.1927 0.4044 -0.8941
vn 0.0330 0.3093 -0.9504
vn 0.4690 0.7924 -0.3900
vn 0.1452 0.4519 -0.8802
vn -0.6119 -0.7303 -0.3038
vn -0.6542 -0.6778 -0.3355
vn 0.8577 0.5141 -0.0084
vn -0.7032 -0.7079 -0.0661
vn -0.2919 -0.8672 0.4034
vn -0.3651 -0.8228 0.4355
vn -0.3056 -0.8595 0.4096
vn -0.3900 -0.4444 0.8065
vn 0.6253 0.6647 0.4088
vn -0.6951 -0.7059 -0.1362
vn -0.2384 -0.8943 0.3786
vn -0.7660 -0.5138 -0.3863
vn -0.7381 -0.5453 -0.3974
vn -0.7654 -0.5146 -0.3866
vn 0.6664 0.3807 0.6411
vn 0.7073 0.5785 0.4064
vn 0.7016 0.5162 0.4913
vn -0.6057 -0.1224 -0.7862
vn 0.7227 0.6906 -0.0255
vn 0.8483 0.5273 0.0481
vn 0.8779 0.4787 0.0143
vn 0.8379 0.5425 0.0602
vn -0.9223 -0.3724 -0.1036
vn -0.9717 -0.2356 -0.0173
vn -0.9084 -0.4001 -0.1215
vn -0.6005 0.2421 0.7621
vn -0.9183 0.1353 0.3721
vn -0.6604 0.2305 0.7146
vn 0.1171 -0.5956 0.7947
vn 0.5262 -0.4453 0.7244
vn 0.8034 0.1059 0.5860
vn 0.8884 -0.1852 0.4201
vn 0.9104 0.2766 0.3078
vn 0.7831 0.3613 -0.5062
vn 0.8506 0.3231 -0.4149
vn 0.9675 0.2459 0.0598
vn 0.9591 0.2737 -0.0717
vn -0.9663 -0.2457 0.0769
vn 0.9195 0.0665 0.3874
vn -0.2753 0.8523 -0.4447
vn 0.4872 -0.7908 -0.3704
vn 0.3536 -0.8826 -0.3097
vn 0.8929 0.2117 -0.3974
vn -0.2944 0.9301 0.2197
vn 0.0691 -0.9717 -0.2258
vn -0.2077 0.9373 0.2800
vn -0.8699 0.1228 -0.4778
vn -0.7891 0.6061 -0.1002
vn -0.7043 0.7082 0.0496
vn 0.5918 -0.1153 -0.7978
vn -0.5377 0.2042 0.8180
vn -0.0831 0.9537 0.2889
vn -0.0407 0.9514 0.3053
vn -0.2554 0.8856 0.3879
vn 0.9364 -0.3047 0.1743
vn -0.3432 -0.4839 0.8050
vn 0.1249 0.7964 0.5918
vn 0.1114 0.7666 0.6324
vn 0.0571 0.6339 0.7713
vn 0.3928 0.8386 0.3774
vn -0.1191 0.8192 -0.5610
vn 0.3023 0.9281 0.2175
vn 0.3335 0.6732 -0.6600
vn -0.1774 0.4778 -0.8603
vn 0.3876 0.9218 -0.0052
vn 0.3754 0.9230 0.0841
vn 0.5063 0.8360 0.2116
vn 0.5581 0.7860 0.2658
vn 0.5096 0.8161 -0.2726
vn 0.6226 0.7824 -0.0166
vn 0.6238 0.7191 0.3063
vn 0.6318 0.7706 0.0833
vn -0.9136 -0.3983 0.0822
vn -0.4956 0.0453 0.8674
vn -0.5917 0.2013 0.7807
vn -0.4249 -0.0537 0.9037
vn -0.5933 -0.1995 0.7799
vn -0.3012 -0.2059 0.9311
vn 0.4174 0.5638 0.7127
vn 0.4173 0.5638 0.7127
vn 0.0157 -0.2527 0.9674
vn 0.5139 0.0630 0.8556
vn -0.4581 -0.8885 -0.0288
vn 0.7888 0.5074 0.3468
vn 0.8035 0.4923 0.3347
vn 0.7959 0.4397 0.4162
vn 0.7243 0.6895 -0.0010
vn -0.8045 -0.4956 -0.3274
vn -0.8532 -0.4310 -0.2937
vn -0.8073 -0.4859 -0.3349
vn 0.8028 0.5888 0.0937
vn 0.8031 0.4160 0.4266
vn -0.2473 0.6050 0.7569
vn 0.7220 0.4547 0.5215
vn 0.3964 0.7379 0.5463
vn 0.6919 0.4912 0.5292
vn 0.9492 0.1989 0.2438
vn -0.9427 -0.1518 -0.2971
vn 0.9268 0.2161 0.3072
vn -0.8569 0.1894 0.4794
vn -0.6775 -0.3547 0.6443
vn -0.9510 -0.2396 0.1954
vn -0.6879 -0.4385 0.5784
vn -0.4476 -0.4577 0.7682
vn -0.9411 -0.3103 0.1342
vn -0.8935 -0.4068 -0.1902
vn -0.9523 -0.0000 -0.3052
vn 0.3085 0.9500 -0.0491
vn -0.2323 0.9372 0.2603
vn 0.1429 -0.9562 -0.2555
vn 0.1825 -0.7936 -0.5804
vn 0.2037 -0.8218 -0.5321
vn 0.2208 -0.8421 -0.4920
vn -0.1556 0.9252 0.3460
vn 0.6076 -0.2365 -0.7582
vn 0.6178 0.6302 -0.4702
vn -0.5844 0.6283 0.5135
vn 0.0650 0.8584 0.5088
vn -0.2584 0.7992 0.5427
vn 0.2985 -0.9527 -0.0577
vn -0.1325 -0.9362 -0.3255
vn -0.2918 -0.9154 -0.2773
vn -0.1714 -0.9194 -0.3539
vn 0.5602 0.6207 0.5486
vn -0.0157 -0.9251 0.3793
vn 0.0081 -0.9082 0.4184
vn 0.0640 0.1715 0.9831
vn 0.0943 0.0178 0.9954
vn 0.3362 -0.5824 0.7401
vn -0.2803 -0.9173 -0.2828
vn -0.3881 -0.8643 -0.3200
vn -0.4291 -0.8320 -0.3516
vn -0.4231 -0.8204 -0.3846
vn 0.5205 0.7553 0.3982
vn 0.4774 0.7948 0.3745
vn 0.5101 0.7708 0.3816
vn -0.6525 -0.6976 -0.2959
vn -0.1538 0.5332 0.8319
vn 0.4343 0.5741 0.6941
vn -0.1960 0.5222 0.8300
vn -0.0185 -0.7609 0.6487
vn 0.1872 -0.6533 0.7335
vn 0.6211 0.3386 0.7068
vn -0.8141 -0.4879 -0.3150
vn -0.8578 -0.4240 -0.2904
vn 0.8006 0.5044 0.3235
vn 0.8059 0.4820 0.3437
vn 0.8031 0.5105 0.3072
vn -0.9797 -0.2004 0.0043
vn -0.9543 0.1086 0.2786
vn -0.5071 0.4464 0.7373
vn 0.3199 0.7794 0.5387
vn -0.7195 -0.6941 -0.0206
vn 0.7615 -0.6404 0.1004
vn 0.1145 -0.9417 0.3165
vn 0.6309 -0.7092 0.3148
vn 0.9162 -0.0996 0.3882
vn -0.9011 -0.2936 -0.3191
vn -0.9161 -0.2850 -0.2822
vn -0.8873 -0.3000 -0.3503
vn -0.9173 -0.2488 -0.3110
vn -0.8924 -0.3261 -0.3120
vn -0.9036 -0.2860 -0.3190
vn -0.9963 -0.0663 -0.0543
vn -0.9794 0.1834 0.0840
vn -0.9878 -0.1281 -0.0883
vn 0.8828 0.3649 0.2959
vn 0.8847 0.3540 0.3033
vn 0.8634 0.3992 0.3086
vn 0.0192 0.0783 0.9967
vn 0.8400 0.1340 0.5258
vn -0.4010 -0.0769 0.9128
vn 0.0250 -0.0841 0.9961
vn -0.9355 -0.3232 0.1429
vn -0.0398 -0.4115 0.9105
vn 0.4692 0.0698 0.8803
vn 0.2209 -0.9455 -0.2393
vn 0.0799 -0.9598 -0.2690
vn 0.1626 -0.7670 -0.6207
vn -0.5784 0.0631 -0.8133
vn 0.3441 -0.7898 -0.5078
vn 0.0361 -0.9601 -0.2773
vn 0.0975 -0.9298 -0.3549
vn -0.6840 0.3316 -0.6498
vn -0.1686 0.9315 0.3222
vn 0.2543 -0.1872 -0.9488
vn -0.5815 0.6844 -0.4397
vn -0.4781 -0.8702 -0.1185
vn -0.9286 -0.2532 0.2711
vn -0.7416 0.4890 0.4592
vn -0.6703 0.6312 0.3902
vn -0.0998 -0.9421 -0.3201
vn 0.9753 -0.1722 0.1380
vn -0.3671 -0.5133 0.7758
vn -0.4138 -0.3508 0.8401
vn -0.4782 0.6780 0.5582
vn 0.0144 -0.9952 -0.0964
vn -0.3337 -0.3059 0.8917
vn -0.2784 0.2153 0.9360
vn 0.0423 0.5944 0.8031
vn 0.2883 -0.6089 0.7390
vn 0.4563 -0.6968 0.5534
vn 0.2467 0.7849 0.5684
vn 0.4396 0.2542 0.8615
vn -0.5507 -0.7813 -0.2937
vn 0.5972 0.7404 0.3085
vn 0.5272 0.7307 0.4338
vn -0.8113 0.1913 0.5525
vn 0.6338 0.6676 0.3906
vn 0.7078 -0.1836 0.6822
vn 0.7980 0.3289 0.5050
vn -0.7868 -0.4882 -0.3775
vn -0.8959 -0.3603 -0.2598
vn -0.9113 -0.3148 -0.2654
vn -0.7951 0.5319 0.2914
vn 0.7943 0.4896 0.3598
vn 0.6102 0.7585 0.2286
vn 0.3000 -0.9509 -0.0765
vn -0.9255 -0.2088 -0.3161
vn -0.9080 -0.2554 -0.3322
vn -0.9378 -0.2261 -0.2636
vn 0.9152 0.2381 0.3251
vn 0.9193 0.2484 0.3054
vn 0.9192 0.2481 0.3059
vn -0.9616 0.2469 0.1194
vn 0.8214 0.5213 0.2313
vn -0.7382 0.3764 0.5598
vn -0.1205 -0.6529 0.7478
vn -0.4983 -0.7385 0.4543
vn 0.5636 -0.6708 0.4821
vn 0.5451 -0.7398 0.3945
vn 0.5252 -0.7911 0.3136
vn 0.6397 -0.1892 0.7449
vn 0.7415 -0.1472 0.6546
vn 0.3216 -0.9015 -0.2897
vn 0.3467 -0.9028 -0.2543
vn 0.3448 -0.9028 -0.2570
vn 0.2954 -0.9297 -0.2199
vn 0.9014 0.2003 -0.3838
vn 0.5257 0.8398 -0.1358
vn 0.5298 0.8362 -0.1420
vn 0.5461 0.8208 -0.1673
vn 0.3726 0.9214 -0.1108
vn -0.2696 -0.7474 -0.6072
vn 0.1373 -0.7978 -0.5871
vn 0.1868 0.1904 -0.9638
vn 0.0121 -0.0379 -0.9992
vn 0.0263 -0.9699 -0.2419
vn -0.0810 -0.9665 -0.2434
vn -0.3234 0.4947 -0.8067
vn 0.4275 0.3691 -0.8252
vn 0.1154 0.9921 0.0490
vn -0.8549 0.1906 0.4824
vn -0.7392 -0.4939 0.4579
vn -0.7641 0.0069 0.6451
vn 0.2863 0.9031 0.3202
vn 0.1297 0.9297 0.3448
vn 0.0165 0.9399 0.3409
vn 0.6688 -0.6947 0.2649
vn 0.6543 -0.5639 0.5039
vn 0.6671 -0.6289 0.3994
vn 0.5200 0.5438 0.6588
vn 0.5866 0.5174 0.6231
vn 0.6617 0.4828 0.5736
vn -0.5977 -0.7792 -0.1885
vn -0.5049 -0.8422 -0.1891
vn -0.5253 -0.7983 -0.2947
vn 0.6234 0.7063 0.3356
vn 0.6348 0.7078 0.3098
vn 0.6342 0.6983 0.3319
vn -0.9352 -0.3138 -0.1640
vn -0.1474 -0.9868 -0.0677
vn 0.2442 -0.9524 -0.1825
vn -0.4981 -0.8433 -0.2016
vn 0.4781 -0.8773 -0.0429
vn -0.0093 -0.9600 0.2800
vn 0.9185 0.2439 0.3113
vn 0.9894 0.0102 0.1447
vn 0.8811 0.2100 0.4237
vn -0.8556 0.4990 0.1373
vn -0.9204 0.3002 -0.2505
vn -0.9170 0.3987 -0.0149
vn -0.8268 0.5464 0.1335
vn 0.2227 0.7892 0.5723
vn -0.6295 0.6900 0.3573
vn -0.8984 -0.3552 -0.2582
vn -0.7552 -0.6058 -0.2504
vn -0.9439 -0.2107 -0.2541
vn 0.9491 -0.1126 0.2942
vn -0.5407 0.7595 -0.3617
vn -0.4392 0.8441 -0.3076
vn -0.5234 0.7743 -0.3557
vn 0.0280 0.9682 -0.2487
vn -0.4556 0.0127 -0.8901
vn -0.1458 0.9611 0.2347
vn -0.1765 0.9613 0.2117
vn -0.1596 0.9613 0.2244
vn 0.1759 0.9295 -0.3241
vn 0.1719 0.9468 -0.2722
vn 0.1441 0.9893 -0.0241
vn -0.3048 0.9165 0.2590
vn 0.4911 -0.7987 -0.3478
vn 0.3861 -0.8647 -0.3214
vn 0.2668 -0.9199 -0.2874
vn 0.6548 -0.6531 -0.3804
vn 0.1741 0.9362 0.3052
vn 0.7874 0.5882 0.1845
vn -0.7407 0.0419 0.6705
vn -0.2019 0.7929 0.5750
vn -0.5857 0.6178 0.5247
vn 0.1191 -0.9891 -0.0869
vn -0.1963 -0.9542 -0.2259
vn 0.6595 -0.7358 0.1540
vn 0.7246 0.4466 0.5249
vn -0.4671 -0.8210 -0.3283
vn 0.4522 0.8513 0.2659
vn -0.5150 -0.5385 0.6669
vn -0.3231 -0.4085 0.8537
vn -0.2468 -0.3534 0.9023
vn -0.5345 -0.8151 -0.2232
vn -0.6498 0.5828 0.4879
vn -0.9172 0.3475 0.1949
vn 0.1378 0.8620 0.4878
vn -0.0299 0.8958 0.4435
vn 0.2349 0.8715 0.4304
vn -0.4615 -0.8390 -0.2882
vn -0.5185 -0.7898 -0.3276
vn -0.6011 -0.7001 -0.3854
vn -0.0636 -0.9297 -0.3627
vn -0.0096 -0.9353 -0.3538
vn 0.1705 -0.9323 -0.3189
vn 0.3077 -0.6862 -0.6591
vn 0.2744 -0.7000 -0.6594
vn 0.4475 -0.6169 -0.6474
vn 0.7537 -0.6519 0.0831
vn 0.9905 0.0713 0.1175
vn 0.9715 0.1571 0.1777
vn 0.9680 0.1546 0.1977
vn -0.9684 0.2305 0.0958
vn -0.3413 0.6887 0.6397
vn 0.0006 -0.9945 0.1043
vn 0.2380 -0.9665 0.0963
vn 0.1007 -0.9897 0.1017
vn 0.4914 -0.8467 0.2042
vn -0.4271 0.8516 -0.3039
vn 0.6608 -0.6340 -0.4017
vn 0.6454 -0.6621 -0.3809
vn 0.6591 -0.6374 -0.3993
vn 0.9122 0.0273 -0.4088
vn 0.0432 -0.9715 -0.2332
vn 0.1376 0.9902 0.0245
vn -0.9791 -0.1826 -0.0897
vn -0.6364 0.6965 0.3314
vn -0.8658 0.5003 0.0126
vn -0.6987 0.6651 0.2636
vn 0.7869 -0.5348 -0.3078
vn 0.8564 -0.1585 -0.4913
vn 0.8208 -0.4364 -0.3684
vn 0.8919 -0.3202 -0.3193
vn 0.5996 0.7752 0.1987
vn 0.3645 -0.9042 -0.2226
vn 0.8550 0.2132 0.4729
vn -0.4068 -0.8648 -0.2942
vn -0.4180 -0.8532 -0.3119
vn 0.4348 0.8303 0.3487
vn 0.4360 0.8294 0.3494
vn -0.3434 -0.8442 0.4116
vn -0.0037 -0.4274 0.9041
vn -0.4300 -0.9025 0.0253
vn -0.0226 -0.9488 0.3151
vn 0.4403 0.3819 0.8126
vn 0.4223 0.6658 0.6152
vn 0.4356 0.3370 0.8347
vn -0.3565 -0.9004 -0.2494
vn -0.3837 -0.8860 -0.2604
vn -0.5144 -0.8019 -0.3040
vn 0.6209 0.7043 0.3441
vn 0.5658 0.7764 0.2775
vn 0.8342 0.4887 0.2555
vn -0.8861 0.2493 -0.3908
vn -0.7308 0.6447 -0.2243
vn -0.4900 0.8443 -0.2171
vn 0.5849 -0.7056 -0.4000
vn 0.9652 0.1006 -0.2415
vn -0.9561 0.1265 -0.2642
vn 0.2726 -0.9575 0.0946
vn -0.9618 -0.0363 -0.2715
vn -0.9492 -0.1861 -0.2536
vn 0.9066 0.3736 0.1963
vn 0.9139 0.0526 -0.4024
vn 0.8455 0.3576 -0.3964
vn -0.2481 0.9530 0.1739
vn -0.9715 -0.1495 -0.1837
vn -0.9166 -0.3448 -0.2023
vn -0.9826 0.1350 -0.1275
vn 0.0125 0.9533 0.3016
vn -0.8922 0.4485 -0.0527
vn -0.0241 -0.9192 -0.3931
vn 0.2527 -0.8485 -0.4649
vn -0.5423 -0.8005 -0.2551
vn -0.4887 -0.8597 -0.1486
vn -0.8999 -0.4360 0.0078
vn -0.9376 0.1366 0.3197
vn -0.6498 0.5066 0.5667
vn -0.3036 -0.9086 -0.2869
vn -0.3004 -0.8966 -0.3254
vn -0.3014 -0.9005 -0.3135
vn 0.0681 -0.9824 -0.1737
vn 0.9463 -0.3221 0.0277
vn 0.3791 0.8711 0.3121
vn 0.4102 0.8426 0.3490
vn -0.7792 -0.3136 0.5427
vn -0.5581 -0.5648 0.6079
vn -0.8841 -0.2552 0.3914
vn -0.7260 0.1460 0.6720
vn -0.7858 -0.0940 0.6112
vn -0.4312 0.0784 0.8988
vn 0.4064 0.7167 0.5668
vn 0.4306 0.6764 0.5976
vn 0.3291 -0.6948 0.6395
vn 0.2748 -0.7205 0.6367
vn 0.0549 -0.0507 0.9972
vn 0.5766 0.4636 0.6728
vn 0.6599 0.3569 0.6611
vn 0.7694 0.1735 0.6148
vn -0.6730 -0.6882 -0.2710
vn -0.7184 -0.6577 -0.2266
vn 0.2037 -0.9285 -0.3104
vn -0.7963 -0.5457 -0.2609
vn 0.3629 -0.8510 -0.3796
vn 0.9508 0.2697 0.1527
vn 0.9996 -0.0221 0.0164
vn -0.0676 -0.6522 -0.7550
vn 0.4917 -0.5894 -0.6410
vn 0.5880 -0.4214 -0.6904
vn -0.3982 0.9131 0.0873
vn 0.6641 0.7242 0.1859
vn 0.7393 -0.5876 0.3287
vn 0.9509 -0.3055 0.0501
vn 0.8218 -0.5125 0.2490
vn 0.9627 0.0136 0.2703
vn 0.9118 -0.3072 0.2727
vn -0.8282 0.4216 -0.3692
vn -0.8406 0.3943 -0.3714
vn -0.7702 0.5526 -0.3184
vn -0.8322 0.4179 -0.3645
vn 0.9299 -0.2080 0.3032
vn 0.3109 0.9447 -0.1039
vn 0.2920 0.9453 -0.1453
vn 0.2924 0.9452 -0.1454
vn 0.5497 0.8173 -0.1728
vn 0.1092 -0.9720 -0.2082
vn -0.0885 -0.9614 -0.2604
vn -0.6998 -0.6700 -0.2477
vn -0.4250 0.8683 0.2560
vn 0.3589 -0.7539 -0.5503
vn 0.8486 -0.0570 -0.5260
vn 0.8699 0.4697 0.1503
vn -0.9332 -0.3048 0.1905
vn 0.4046 0.8152 0.4144
vn -0.6010 -0.7715 -0.2088
vn 0.8133 0.0681 0.5778
vn -0.9574 0.2086 -0.1995
vn -0.9117 0.3030 -0.2774
vn -0.8590 0.3813 -0.3417
vn 0.0779 0.9880 0.1334
vn 0.4274 -0.5302 -0.7322
vn -0.8420 0.3389 -0.4197
vn -0.7600 0.4316 -0.4859
vn -0.8792 -0.3733 -0.2960
vn -0.8889 -0.3424 -0.3043
vn 0.4007 -0.3941 -0.8271
vn -0.9433 -0.1775 -0.2805
vn -0.6373 0.7653 0.0905
vn 0.1938 -0.9156 -0.3524
vn -0.9449 -0.1330 -0.2991
vn -0.9401 -0.1233 -0.3178
vn 0.9518 -0.1211 0.2817
vn -0.9465 0.1707 -0.2740
vn -0.9164 0.2609 -0.3037
vn 0.6661 0.7423 0.0730
vn 0.1532 -0.9619 -0.2265
vn 0.0442 -0.9722 -0.2301
vn -0.1384 0.9608 0.2401
vn -0.9701 0.2295 -0.0785
vn -0.0150 0.9651 0.2613
vn -0.0941 0.9821 0.1633
vn 0.0364 0.9286 0.3692
vn -0.9926 -0.0127 -0.1206
vn -0.0542 0.9529 0.2985
vn 0.8985 -0.4362 -0.0498
vn -0.5567 0.2806 0.7819
vn -0.1412 0.7147 0.6850
vn -0.2114 0.6850 0.6973
vn -0.0934 -0.9955 -0.0137
vn 0.2509 -0.9294 0.2705
vn 0.8253 0.1335 0.5487
vn -0.5988 -0.7164 -0.3581
vn -0.7955 0.4542 -0.4011
vn -0.3756 0.9038 -0.2050
vn -0.7186 -0.0487 -0.6937
vn -0.6979 0.3868 -0.6028
vn -0.0219 0.9986 0.0489
vn 0.4849 0.8375 0.2517
vn -0.6440 -0.6423 -0.4156
vn 0.0053 -0.7897 -0.6134
vn -0.1634 -0.7326 -0.6607
vn -0.4049 -0.6021 -0.6881
vn 0.7989 0.5364 0.2722
vn -0.8453 0.0459 -0.5323
vn -0.2988 0.4272 -0.8533
vn 0.0513 0.6922 -0.7199
vn 0.2818 0.0318 -0.9590
vn -0.3104 -0.0091 -0.9506
vn -0.2149 -0.1517 -0.9648
vn -0.4660 -0.4528 -0.7601
vn -0.0425 -0.2579 -0.9652
vn 0.6111 0.4418 -0.6568
vn 0.9459 0.1199 -0.3014
vn 0.8898 0.2826 0.3583
vn 0.2747 -0.8838 -0.3788
vn 0.9240 -0.3808 -0.0339
vn 0.9598 -0.2501 -0.1275
vn 0.9514 -0.2920 -0.0985
vn 0.9774 -0.2083 -0.0360
vn 0.9044 0.4246 -0.0425
vn 0.3405 -0.9103 -0.2351
vn 0.5525 -0.7721 -0.3141
vn 0.5154 -0.8250 -0.2318
vn 0.6432 -0.6659 -0.3779
vn 0.8657 0.1066 -0.4892
vn 0.8539 0.1504 -0.4983
vn 0.8891 0.0383 -0.4560
vn 0.0029 -0.9656 -0.2599
vn -0.0205 -0.9987 -0.0461
vn -0.0301 -0.9986 0.0444
vn -0.1383 0.9570 0.2548
vn -0.3544 -0.8846 -0.3031
vn 0.2394 -0.7101 -0.6622
vn -0.0589 -0.9503 -0.3057
vn -0.2287 -0.9135 -0.3365
vn 0.6671 -0.2433 -0.7041
vn 0.5884 0.0634 -0.8061
vn 0.6525 -0.2098 -0.7281
vn 0.5779 0.7845 -0.2249
vn -0.9501 0.3044 0.0678
vn -0.6355 0.7589 0.1423
vn -0.4702 -0.8811 -0.0512
vn -0.5228 -0.8462 0.1033
vn -0.4327 -0.8903 0.1422
vn 0.3570 0.8826 0.3060
vn 0.3970 0.8481 0.3508
vn 0.3674 0.8696 0.3298
vn 0.3838 0.8580 0.3414
vn -0.5193 0.7207 0.4592
vn 0.3381 -0.8997 0.2761
vn -0.6091 -0.1467 -0.7794
vn -0.0003 0.8296 -0.5584
vn -0.1099 0.9920 0.0614
vn 0.0909 0.8406 -0.5340
vn 0.5321 0.8465 -0.0172
vn 0.4548 0.8851 -0.0991
vn -0.5393 -0.5003 -0.6774
vn 0.0042 -0.3580 -0.9337
vn 0.0113 -0.3508 -0.9364
vn 0.8852 0.2860 -0.3668
vn 0.8311 -0.0077 -0.5560
vn 0.4240 0.9057 0.0074
vn 0.8790 0.4031 0.2549
vn -0.6430 0.0670 -0.7630
vn -0.4897 -0.2675 -0.8298
vn -0.8307 -0.4170 -0.3689
vn -0.7664 -0.4355 -0.4722
vn -0.2999 -0.2757 -0.9133
vn 0.7190 0.3745 -0.5855
vn 0.5394 0.2661 -0.7989
vn 0.5222 0.2569 -0.8132
vn 0.7335 0.3802 -0.5634
vn 0.9247 0.2998 0.2347
vn 0.7777 0.2536 0.5752
vn 0.9229 0.2587 0.2854
vn -0.9384 0.1873 -0.2903
vn -0.7598 0.6084 -0.2293
vn 0.4477 0.8426 -0.2993
vn -0.7628 0.5657 -0.3132
vn -0.4160 0.8545 -0.3111
vn -0.5708 0.7734 -0.2757
vn -0.4048 0.8613 -0.3070
vn 0.3708 -0.9025 -0.2191
vn 0.8848 0.2466 -0.3953
vn 0.7817 0.5240 -0.3381
vn 0.1536 -0.9759 -0.1548
vn 0.3729 -0.6141 0.6955
vn 0.0365 -0.9990 -0.0251
vn 0.0482 -0.9903 -0.1307
vn 0.0246 -0.9975 -0.0664
vn -0.0662 0.8948 0.4415
vn -0.1093 0.9431 0.3142
vn -0.0054 0.9639 0.2663
vn -0.8195 0.4057 -0.4047
vn -0.6301 -0.1054 -0.7694
vn -0.1358 -0.9606 -0.2426
vn 0.4970 -0.1475 -0.8551
vn 0.4733 -0.4569 -0.7531
vn 0.1806 -0.8936 -0.4108
vn 0.8901 -0.1686 -0.4234
vn 0.8983 -0.1510 -0.4127
vn 0.9246 -0.0851 -0.3714
vn -0.3994 -0.8679 -0.2953
vn -0.3909 -0.8695 -0.3018
vn -0.4475 -0.8551 -0.2617
vn 0.3348 0.8878 0.3157
vn -0.7097 -0.6792 -0.1872
vn -0.7031 -0.6863 -0.1864
vn -0.6909 -0.6983 -0.1872
vn -0.9663 -0.2572 0.0088
vn -0.9125 0.1782 0.3682
vn 0.4852 0.8400 0.2429
vn 0.5588 0.7705 0.3066
vn 0.5893 0.7440 0.3149
vn 0.1420 0.8431 0.5187
vn -0.0433 0.9647 0.2597
vn 0.0522 0.9159 0.3979
vn 0.1598 -0.9674 -0.1966
vn 0.9032 0.3951 0.1678
vn 0.7044 0.6666 0.2440
vn 0.9996 0.0095 0.0266
vn -0.6863 -0.5945 -0.4190
vn -0.7087 -0.2867 -0.6446
vn -0.6292 -0.3484 -0.6948
vn -0.5948 -0.3722 -0.7125
vn -0.0316 0.3277 -0.9443
vn -0.5188 -0.4317 -0.7379
vn -0.5085 -0.4253 -0.7488
vn -0.0590 0.0343 -0.9977
vn 0.5205 0.3675 -0.7708
vn 0.5418 0.3962 -0.7413
vn 0.8420 0.5352 -0.0681
vn 0.7784 0.5911 0.2115
vn -0.7550 -0.6529 -0.0610
vn -0.8417 -0.5346 -0.0758
vn -0.8080 -0.5572 -0.1915
vn -0.8580 -0.5136 0.0037
vn -0.8120 -0.5639 -0.1507
vn -0.8605 -0.4140 -0.2968
vn -0.8781 -0.3714 -0.3018
vn 0.8395 0.2533 0.4808
vn -0.8649 -0.4002 -0.3030
vn -0.8679 -0.4309 -0.2473
vn -0.8725 -0.4218 -0.2466
vn 0.8717 0.4901 0.0045
vn -0.8803 -0.3945 -0.2635
vn 0.8663 0.4099 -0.2855
vn -0.9467 -0.3221 0.0038
vn -0.9542 -0.2787 -0.1090
vn 0.9182 0.1905 0.3474
vn 0.8975 0.1724 0.4058
vn -0.5050 0.5351 -0.6773
vn 0.1718 0.6304 -0.7570
vn -0.3999 0.6341 -0.6618
vn 0.9393 0.2851 0.1912
vn -0.0057 -0.4823 -0.8760
vn 0.1428 -0.4742 -0.8687
vn 0.1753 -0.4710 -0.8645
vn 0.0803 -0.5268 -0.8462
vn 0.8042 -0.1403 -0.5775
vn 0.9688 -0.1678 -0.1824
vn 0.8795 -0.2052 -0.4294
vn 0.8651 -0.1747 -0.4702
vn 0.8734 -0.1948 -0.4463
vn -0.0103 -0.9882 -0.1528
vn -0.0941 -0.6775 0.7295
vn -0.1631 0.9578 0.2368
vn -0.2895 -0.8628 -0.4146
vn -0.1733 -0.6619 -0.7293
vn -0.1738 -0.7961 -0.5797
vn -0.4133 -0.2516 -0.8751
vn -0.2856 0.3270 -0.9008
vn -0.1087 -0.7472 -0.6557
vn 0.4095 0.1688 -0.8966
vn 0.4103 0.1484 -0.8998
vn -0.4298 0.8869 -0.1694
vn -0.3450 0.9285 -0.1377
vn -0.0523 0.9830 0.1762
vn -0.6529 -0.7001 -0.2891
vn -0.9790 0.1392 -0.1488
vn 0.3278 0.9333 0.1464
vn 0.4416 0.8964 0.0373
vn -0.8805 0.4725 0.0382
vn 0.9291 -0.0718 -0.3627
vn -0.3769 -0.8014 0.4645
vn -0.4406 -0.8720 0.2133
vn -0.2873 -0.9510 -0.1140
vn 0.3431 0.8843 0.3166
vn -0.9463 -0.0605 -0.3176
vn 0.7962 -0.6044 0.0283
vn -0.7789 -0.5416 -0.3162
vn 0.6373 0.7227 0.2674
vn 0.5849 0.7187 -0.3761
vn -0.7972 -0.5644 -0.2143
vn -0.9528 -0.3016 0.0351
vn -0.8930 -0.0301 -0.4490
vn -0.7352 0.4171 -0.5343
vn -0.3007 0.2987 -0.9057
vn 0.7514 0.6210 -0.2231
vn -0.0476 -0.4826 -0.8745
vn -0.3485 0.9119 -0.2169
vn 0.3973 0.9129 -0.0932
vn 0.7239 0.6816 0.1061
vn 0.7532 0.6550 0.0602
vn 0.3490 -0.9223 -0.1661
vn 0.2736 0.9437 -0.1862
vn 0.1041 -0.9819 -0.1580
vn 0.0952 -0.9749 -0.2014
vn -0.0658 -0.9856 -0.1559
vn -0.2712 0.9439 0.1884
vn -0.3135 0.9359 0.1606
vn 0.0851 -0.9503 0.2994
vn -0.1234 0.0401 0.9915
vn -0.0311 -0.0200 0.9993
vn -0.0243 -0.0062 0.9997
vn -0.5041 0.4585 0.7319
vn 0.5372 -0.6623 0.5223
vn -0.2521 0.5671 0.7842
vn -0.0940 -0.9683 -0.2313
vn -0.2016 0.7930 -0.5749
vn -0.0188 0.9168 -0.3990
vn 0.0010 0.9984 -0.0566
vn 0.0031 1.0000 -0.0080
vn 0.5666 0.6748 -0.4729
vn 0.2647 0.9615 -0.0741
vn 0.1774 0.9610 0.2122
vn 0.2094 0.9698 0.1249
vn -0.2976 -0.8866 -0.3542
vn 0.0616 -0.8564 -0.5127
vn 0.5150 -0.3617 -0.7771
vn -0.3700 -0.8935 -0.2545
vn -0.3041 -0.8940 -0.3291
vn -0.3592 -0.9050 -0.2280
vn -0.6995 -0.6553 0.2849
vn 0.6209 0.7050 0.3425
vn 0.4706 0.8792 0.0740
vn -0.4605 -0.5236 0.7168
vn -0.3130 -0.6755 0.6676
vn -0.0960 -0.8274 0.5533
vn 0.1054 -0.9940 0.0290
vn 0.0470 -0.8888 0.4558
vn -0.6862 -0.7035 -0.1849
vn 0.4901 0.8313 0.2623
vn 0.4383 -0.7504 -0.4947
vn -0.6402 -0.7154 -0.2799
vn -0.6467 -0.7125 -0.2722
vn -0.6930 -0.6679 -0.2714
vn -0.6949 -0.6676 -0.2672
vn -0.7310 -0.6177 -0.2900
vn 0.7116 0.6665 0.2223
vn 0.7519 0.6318 0.1887
vn -0.7979 -0.5649 -0.2103
vn -0.5683 -0.3713 0.7343
vn -0.0027 0.1422 0.9898
vn 0.7588 0.5222 0.3893
vn 0.5361 0.6017 0.5921
vn -0.1586 -0.4079 0.8991
vn -0.2129 -0.4088 0.8874
vn 0.3865 0.1792 0.9047
vn 0.3330 0.1585 0.9295
vn -0.3078 -0.8628 0.4011
vn 0.8792 0.4251 0.2150
vn 0.8953 0.3880 0.2189
vn 0.9078 0.3536 0.2257
vn -0.9262 -0.3474 0.1468
vn -0.4037 0.2107 0.8903
vn -0.4410 0.2089 0.8728
vn -0.4664 0.2076 0.8599
vn -0.5157 -0.0697 0.8539
vn -0.1927 -0.2458 0.9500
vn -0.3668 -0.1575 0.9169
vn 0.4024 0.1302 0.9062
vn -0.9292 -0.3194 0.1859
vn 0.3113 0.0708 0.9477
vn -0.0576 -0.3060 0.9503
vn -0.8349 -0.0433 -0.5488
vn -0.7940 0.0479 -0.6060
vn -0.7882 -0.1798 -0.5885
vn -0.3903 -0.1103 -0.9140
vn 0.4125 0.3697 -0.8326
vn 0.8948 0.2786 -0.3488
vn -0.0441 -0.3245 -0.9448
vn 0.8647 0.1029 -0.4916
vn -0.9565 -0.1718 -0.2356
vn 0.9750 -0.0294 0.2204
vn -0.3389 -0.8882 0.3103
vn -0.5974 -0.3196 0.7355
vn -0.5765 -0.2947 0.7621
vn -0.5518 -0.2659 0.7905
vn -0.6522 0.3551 0.6697
vn -0.6925 0.3576 0.6265
vn -0.5415 0.3434 0.7674
vn -0.5695 0.5436 0.6165
vn -0.2179 0.9551 0.2006
vn 0.4062 -0.9044 -0.1308
vn 0.7697 -0.6233 0.1378
vn 0.6670 -0.7432 0.0518
vn 0.3653 -0.8703 0.3303
vn 0.1446 -0.9742 -0.1730
vn 0.1308 -0.9762 -0.1730
vn 0.0449 -0.9841 -0.1720
vn 0.6107 -0.3702 0.7000
vn 0.3149 0.2311 0.9206
vn -0.0590 0.8812 0.4690
vn 0.0862 0.8341 0.5449
vn -0.4014 -0.7394 -0.5405
vn -0.4068 -0.5108 -0.7574
vn -0.7131 0.3624 -0.6001
vn -0.8196 0.1363 -0.5565
vn -0.2131 0.9743 0.0732
vn 0.0045 0.9727 0.2320
vn -0.2502 -0.9211 -0.2982
vn -0.1834 -0.7092 -0.6807
vn 0.4552 -0.4120 -0.7893
vn 0.5572 0.4890 -0.6712
vn 0.5617 0.5000 -0.6592
vn 0.5647 0.6169 -0.5481
vn -0.7516 -0.3982 0.5259
vn -0.7505 -0.3974 0.5281
vn -0.5474 0.5570 0.6246
vn -0.5053 0.2134 0.8361
vn 0.1073 0.7100 0.6960
vn 0.0997 0.6460 0.7568
vn 0.0270 -0.0035 0.9996
vn 0.3376 0.8826 0.3272
vn 0.3827 -0.7626 0.5215
vn 0.1347 0.0619 0.9890
vn 0.1596 0.0912 0.9830
vn 0.4066 0.2590 0.8761
vn -0.4225 -0.7382 -0.5258
vn 0.0703 -0.9192 -0.3874
vn -0.7241 -0.6237 -0.2944
vn -0.7315 -0.6212 -0.2812
vn -0.7320 -0.6215 -0.2790
vn -0.7095 -0.6457 -0.2824
vn 0.7314 0.6313 0.2579
vn -0.9362 -0.2038 0.2865
vn -0.8501 -0.5191 -0.0888
vn -0.9103 -0.4100 0.0565
vn -0.2687 0.1037 0.9576
vn 0.4421 0.6668 0.6000
vn -0.7447 -0.6673 -0.0088
vn 0.1165 -0.8962 0.4282
vn 0.1577 -0.8780 0.4520
vn 0.3120 -0.7992 0.5137
vn 0.1935 -0.6171 0.7627
vn 0.2297 -0.7080 0.6678
vn 0.2359 -0.7231 0.6492
vn 0.5694 -0.3525 0.7426
vn 0.7133 0.0577 0.6985
vn 0.8081 -0.2112 0.5498
vn 0.9224 0.2779 0.2681
vn 0.9060 0.3478 0.2413
vn -0.9490 0.1234 0.2900
vn -0.3559 0.2107 0.9105
vn 0.9245 0.3039 0.2300
vn 0.4413 0.5993 0.6679
vn 0.4746 0.5791 0.6629
vn -0.2624 -0.5451 0.7963
vn 0.7151 -0.1039 0.6913
vn -0.6755 -0.7106 0.1967
vn 0.0980 -0.8035 0.5872
vn 0.1226 -0.9439 0.3066
vn 0.1278 -0.9611 0.2448
vn -0.0143 -0.8049 0.5933
vn 0.7326 -0.0660 0.6774
vn 0.9452 0.1914 0.2645
vn 0.9319 0.2100 0.2957
vn -0.9760 -0.1546 -0.1533
vn -0.9705 -0.1022 -0.2181
vn 0.9569 -0.0408 0.2874
vn 0.9599 0.1200 0.2534
vn 0.2321 -0.9621 -0.1429
vn -0.3608 0.9293 0.0784
vn -0.1906 0.9740 0.1223
vn -0.4927 0.6292 0.6011
vn 0.9060 -0.3275 0.2682
vn 0.9406 -0.3341 -0.0600
vn -0.3419 -0.6439 -0.6845
vn -0.1871 -0.0370 -0.9816
vn 0.0284 -0.4347 -0.9001
vn 0.2550 0.2269 -0.9399
vn -0.1375 0.6941 -0.7066
vn 0.2794 0.2494 -0.9272
vn 0.3359 0.9352 -0.1122
vn 0.3256 0.8897 0.3200
vn -0.0886 0.7718 0.6297
vn -0.1448 -0.9674 -0.2076
vn 0.0076 -0.9434 -0.3314
vn -0.1070 -0.9650 -0.2395
vn 0.0447 0.7108 0.7020
vn -0.4731 -0.8453 -0.2482
vn 0.5785 -0.7572 0.3033
vn 0.8367 -0.4817 0.2607
vn 0.6916 -0.6607 0.2916
vn -0.6538 -0.6755 -0.3411
vn 0.9049 0.0355 0.4242
vn 0.7745 0.3893 0.4986
vn -0.9323 0.0935 -0.3493
vn -0.9292 0.0100 -0.3695
vn -0.8982 0.3538 -0.2607
vn -0.8693 0.4401 -0.2250
vn -0.9746 0.1407 -0.1745
vn -0.1753 0.9767 0.1238
vn -0.1291 0.9835 0.1269
vn 0.9497 -0.1417 -0.2794
vn 0.9663 -0.0985 -0.2380
vn 0.6654 0.6936 0.2758
vn -0.7372 -0.6191 -0.2707
vn -0.8471 0.0725 0.5265
vn -0.8947 -0.1760 0.4105
vn -0.2607 0.4589 0.8494
vn -0.2557 0.4595 0.8506
vn 0.2665 -0.7970 0.5420
vn -0.9520 -0.3000 -0.0613
vn -0.7489 -0.6460 0.1477
vn 0.7551 -0.0600 0.6528
vn 0.7777 -0.1690 0.6054
vn 0.7846 -0.2199 0.5796
vn -0.8969 -0.3620 -0.2539
vn 0.9634 0.1346 0.2319
vn 0.9560 0.1174 0.2689
vn 0.9556 0.1609 0.2469
vn -0.9211 0.3217 -0.2192
vn 0.3290 -0.9324 -0.1496
vn 0.6861 0.6194 -0.3816
vn 0.1705 0.9769 -0.1285
vn -0.2563 0.9666 -0.0089
vn 0.0455 -0.9839 -0.1727
vn 0.0347 -0.9907 -0.1319
vn -0.1632 -0.9735 -0.1599
vn 0.4218 0.8292 0.3667
vn 0.4666 0.7852 0.4070
vn -0.0690 0.9710 0.2287
vn -0.0629 0.9717 0.2279
vn -0.0519 0.9728 0.2259
vn 0.2017 -0.9704 0.1327
vn -0.0410 0.9717 0.2326
vn -0.2052 0.7827 0.5876
vn -0.0672 0.9557 0.2865
vn -0.1027 -0.9712 -0.2150
vn 0.2528 0.9643 -0.0788
vn 0.2817 0.9569 -0.0703
vn -0.0014 0.9335 -0.3586
vn -0.6686 -0.7436 -0.0031
vn -0.9317 0.0036 0.3633
vn 0.8686 -0.4280 0.2497
vn -0.7307 0.6225 -0.2803
vn -0.7323 0.0661 -0.6778
vn -0.7974 0.4889 -0.3538
vn -0.1829 -0.7132 -0.6767
vn -0.1072 -0.5831 -0.8053
vn -0.1517 -0.6616 -0.7344
vn 0.6153 0.7232 0.3136
vn 0.7429 0.6143 0.2661
vn 0.7544 0.5952 0.2768
vn 0.7711 0.5655 0.2926
vn 0.7784 0.5514 0.3001
vn -0.2580 0.6496 0.7152
vn 0.3429 -0.7764 0.5288
vn 0.7904 -0.3158 0.5249
vn -0.9719 -0.1070 -0.2098
vn 0.9734 -0.0391 0.2258
vn -0.9714 0.0429 -0.2337
vn 0.9738 -0.1260 0.1892
vn 0.9802 -0.0569 0.1895
vn 0.9796 0.1043 0.1719
vn 0.9585 -0.1858 0.2162
vn 0.8795 0.2806 -0.3842
vn -0.6166 -0.3432 0.7085
vn -0.7825 0.3585 0.5091
vn -0.3794 0.8542 0.3554
vn -0.6614 0.7264 0.1866
vn -0.4735 0.8251 0.3083
vn -0.5726 -0.7216 0.3892
vn -0.4520 -0.8494 0.2724
vn -0.1873 -0.9598 -0.2090
vn -0.2314 -0.9561 -0.1799
vn -0.5569 -0.8091 -0.1878
vn -0.6455 0.6380 0.4199
vn -0.5125 0.7441 0.4286
vn 0.1117 0.9074 0.4051
vn 0.3225 0.9134 0.2485
vn 0.3105 0.9212 0.2345
vn 0.3096 0.9199 0.2405
vn -0.5388 -0.8142 -0.2164
vn -0.5262 -0.8170 -0.2357
vn -0.5205 -0.8182 -0.2443
vn -0.6206 0.0053 -0.7841
vn -0.7337 0.2103 -0.6461
vn 0.0679 0.9957 0.0623
vn 0.6127 0.1371 -0.7783
vn 0.8325 0.3260 -0.4478
vn -0.6611 -0.7396 0.1259
vn -0.6616 -0.7288 0.1765
vn 0.5948 0.6499 0.4732
vn 0.6296 0.6176 0.4715
vn 0.5818 0.6613 0.4736
vn 0.6695 0.6639 0.3332
vn -0.7327 -0.6488 -0.2055
vn -0.7087 -0.6649 -0.2359
vn -0.7279 -0.6489 -0.2214
vn -0.6168 0.6530 0.4394
vn 0.6339 0.6922 0.3448
vn -0.4291 -0.8296 -0.3572
vn -0.7361 -0.6164 -0.2798
vn 0.6722 0.6846 0.2819
vn 0.8619 0.4758 0.1754
vn 0.9006 0.3924 0.1867
vn -0.9996 0.0277 -0.0038
vn -0.4846 0.7032 0.5204
vn -0.6907 0.5045 0.5181
vn 0.1545 0.6801 0.7167
vn -0.4564 0.6173 0.6408
vn 0.4947 0.5951 0.6333
vn 0.1440 -0.9574 -0.2502
vn -0.9106 -0.3478 -0.2230
vn 0.9607 0.0916 0.2622
vn 0.3620 0.9128 -0.1892
vn -0.0165 -0.9910 -0.1330
vn -0.1025 -0.9877 -0.1185
vn -0.3857 0.9119 0.1401
vn -0.9382 0.0064 0.3460
vn -0.8455 0.4648 0.2629
vn -0.9667 0.2395 0.0900
vn -0.8815 0.4273 0.2012
vn -0.2286 0.9648 0.1297
vn 0.4746 -0.8650 -0.1629
vn 0.6195 -0.7768 -0.1132
vn 0.5543 -0.8132 -0.1775
vn 0.2764 -0.9368 -0.2144
vn -0.8224 -0.3127 0.4752
vn 0.8573 0.4242 0.2917
vn 0.7812 0.6232 0.0367
vn 0.8293 0.5348 0.1618
vn -0.0487 0.9731 0.2254
vn 0.2036 -0.9689 0.1410
vn 0.3517 -0.3547 0.8663
vn 0.5243 -0.1833 0.8316
vn 0.7694 -0.2402 0.5919
vn 0.2520 -0.4721 0.8447
vn -0.2570 -0.1133 0.9597
vn -0.3154 0.0534 0.9474
vn 0.1908 0.3233 0.9269
vn -0.3405 0.4792 0.8089
vn -0.2881 0.5857 0.7576
vn 0.1312 0.4357 0.8905
vn 0.2915 0.9277 0.2332
vn -0.9871 -0.0820 0.1376
vn -0.7642 0.4771 0.4341
vn 0.6704 -0.7364 -0.0912
vn 0.8437 0.5118 0.1620
vn 0.8732 0.4698 0.1296
vn 0.9614 0.2750 -0.0110
vn -0.4668 -0.0080 -0.8843
vn -0.3412 -0.4164 -0.8428
vn -0.3215 0.5421 -0.7764
vn 0.1773 0.8770 -0.4466
vn -0.0783 -0.5294 -0.8448
vn 0.3284 0.3266 -0.8863
vn 0.4895 0.4306 -0.7583
vn -0.5668 -0.7747 -0.2804
vn 0.7495 0.6602 0.0480
vn 0.0288 -0.1882 0.9817
vn 0.1329 -0.1623 0.9778
vn -0.2058 -0.2395 0.9488
vn -0.2036 -0.2356 0.9503
vn 0.5629 0.7426 0.3629
vn 0.1762 0.0679 0.9820
vn -0.5265 -0.8454 -0.0899
vn -0.1887 -0.5658 0.8027
vn 0.0895 -0.6633 0.7430
vn 0.0635 -0.6566 0.7515
vn 0.7235 0.3560 0.5914
vn 0.1758 0.0668 0.9822
vn 0.7628 0.4075 0.5020
vn 0.6203 -0.3791 0.6867
vn 0.6588 0.1752 0.7316
vn -0.7823 -0.5845 -0.2151
vn -0.8067 -0.5271 -0.2674
vn -0.8084 -0.5491 -0.2121
vn 0.7566 0.6030 0.2530
vn 0.7653 0.5750 0.2893
vn -0.8093 -0.5058 -0.2987
vn -0.9830 0.0699 0.1698
vn -0.2553 0.8973 0.3602
vn -0.4908 0.8709 0.0256
vn -0.2768 0.9376 0.2103
vn -0.5480 -0.7758 -0.3127
vn 0.6651 -0.7223 -0.1896
vn 0.3774 -0.9206 -0.1008
vn 0.9740 0.1591 0.1611
vn 0.9752 -0.1084 0.1929
vn -0.8944 -0.4067 -0.1861
vn -0.9527 -0.2960 -0.0685
vn -0.6350 -0.7339 -0.2412
vn -0.6413 -0.7287 -0.2402
vn 0.1449 -0.9649 -0.2189
vn 0.8614 -0.4799 0.1662
vn 0.9708 -0.2374 -0.0332
vn 0.9304 -0.3610 0.0639
vn 0.9920 -0.0669 0.1068
vn 0.9563 0.1994 0.2140
vn 0.8138 0.5637 0.1412
vn 0.8199 -0.5678 -0.0737
vn -0.6573 -0.5515 0.5136
vn -0.7729 -0.1627 0.6133
vn -0.8931 0.0322 0.4488
vn -0.6300 -0.3117 0.7113
vn -0.6117 0.4334 0.6618
vn -0.1086 -0.9711 -0.2124
vn 0.8657 -0.2226 0.4484
vn 0.6300 0.5170 0.5795
vn 0.0158 0.9719 0.2349
vn -0.9790 -0.1722 0.1088
vn -0.0858 -0.9402 -0.3297
vn -0.0849 -0.9403 -0.3295
vn -0.0830 -0.9406 -0.3291
vn 0.0728 -0.9219 -0.3806
vn -0.7061 -0.5848 -0.3993
vn -0.3429 -0.6585 -0.6699
vn -0.4936 -0.8079 -0.3220
vn -0.5068 -0.7968 -0.3289
vn 0.3769 0.9251 0.0455
vn -0.6397 -0.7613 -0.1057
vn 0.6306 0.7724 -0.0756
vn -0.7830 -0.6184 0.0670
vn -0.5781 0.1054 0.8092
vn 0.4452 -0.0713 0.8926
vn -0.6021 0.0125 0.7983
vn 0.5428 0.6934 0.4738
vn 0.2956 -0.6974 0.6529
vn -0.2426 -0.9701 0.0061
vn 0.3670 -0.3783 0.8498
vn 0.6219 0.7529 0.2155
vn -0.2562 0.9657 0.0417
vn 0.3571 0.9185 0.1696
vn 0.2815 0.9121 0.2982
vn 0.9628 0.2023 0.1792
vn 0.9367 0.2452 0.2499
vn 0.9144 0.2790 0.2934
vn -0.9781 -0.0611 -0.1990
vn 0.9630 -0.2089 -0.1702
vn -0.9419 0.2201 0.2536
vn -0.0566 0.9725 0.2260
vn -0.0970 0.9781 0.1839
vn -0.0736 0.9826 0.1705
vn 0.2994 -0.9522 -0.0609
vn -0.2397 0.8418 0.4837
vn -0.2349 -0.9716 0.0288
vn -0.2383 -0.9689 0.0675
vn -0.2351 -0.9685 0.0824
vn 0.1648 0.9553 0.2454
vn 0.3537 0.9147 0.1957
vn 0.8704 0.0177 0.4921
vn 0.2614 0.9310 0.2547
vn 0.4574 0.8372 0.2999
vn 0.5847 -0.7519 -0.3046
vn 0.7887 -0.4720 -0.3940
vn 0.9719 0.2321 -0.0402
vn 0.5790 0.7973 0.1706
vn 0.4923 0.8405 0.2262
vn -0.5305 -0.8216 -0.2087
vn -0.5537 -0.8029 -0.2206
vn -0.5803 -0.7760 -0.2471
vn -0.7481 -0.6462 -0.1508
vn 0.6368 0.7693 -0.0519
vn 0.6109 0.7709 0.1802
vn 0.6174 0.7509 0.2347
vn 0.1511 0.6737 0.7234
vn -0.6714 -0.6942 -0.2595
vn 0.1882 -0.9583 0.2152
vn 0.1732 -0.9827 -0.0663
vn 0.1743 -0.9833 -0.0522
vn 0.3851 -0.9178 0.0969
vn 0.8926 -0.1291 0.4320
vn -0.9344 0.3221 0.1519
vn -0.9170 0.0640 -0.3937
vn -0.8831 0.3080 -0.3540
vn 0.5035 -0.6405 -0.5798
vn -0.9703 0.1440 -0.1941
vn -0.9718 0.0833 -0.2204
vn -0.9710 0.1318 -0.1996
vn -0.8043 0.5934 -0.0318
vn 0.5607 0.7996 0.2151
vn -0.4708 0.2249 0.8531
vn -0.9779 0.1297 -0.1639
vn -0.5468 0.8065 -0.2251
vn 0.7192 -0.6198 -0.3140
vn 0.8012 0.3915 -0.4525
vn -0.9430 -0.3328 0.0060
vn -0.9938 -0.1103 0.0125
vn -0.9045 0.4199 0.0741
vn -0.5931 0.7989 0.0999
vn -0.5376 0.8383 0.0906
vn -0.6496 -0.7216 0.2393
vn 0.7092 0.6985 -0.0951
vn -0.1740 0.9809 0.0874
vn 0.6599 0.6709 0.3383
vn 0.7052 0.6945 0.1427
vn -0.1531 -0.9766 0.1511
vn -0.2840 -0.9348 0.2133
vn -0.2005 -0.9642 0.1738
vn 0.0521 0.9810 0.1869
vn -0.0639 0.9889 0.1342
vn -0.3164 -0.9236 -0.2164
vn -0.5008 -0.8462 -0.1821
vn -0.4321 -0.8774 -0.2086
vn -0.4805 -0.8560 -0.1907
vn -0.9604 0.2621 -0.0944
vn -0.2897 0.9175 0.2725
vn 0.0189 0.9796 0.2001
vn 0.2377 0.9437 0.2301
vn 0.1408 0.9636 0.2274
vn -0.5020 -0.8212 -0.2715
vn 0.9311 0.3633 -0.0332
vn 0.5740 0.7995 0.1773
vn -0.9388 -0.0033 -0.3444
vn -0.1930 0.9799 0.0503
vn -0.5326 -0.6679 -0.5199
vn -0.7383 -0.6018 -0.3045
vn -0.5837 -0.6639 -0.4675
vn 0.9844 0.0185 -0.1747
vn -0.9715 0.0677 -0.2270
vn -0.5021 0.8440 -0.1884
vn 0.1296 -0.8610 -0.4919
vn 0.9857 -0.0762 -0.1500
vn 0.9613 0.1785 0.2100
vn -0.1983 0.0023 0.9801
vn -0.5732 0.3003 0.7624
vn -0.5181 0.1961 0.8325
vn -0.4311 0.0537 0.9007
vn -0.9732 -0.1457 0.1777
vn -0.9838 -0.0896 0.1553
vn -0.8775 -0.3385 0.3397
vn 0.4741 0.3143 0.8225
vn -0.3810 -0.2918 0.8773
vn 0.7356 -0.1158 0.6674
vn 0.2812 -0.0312 0.9592
vn 0.0464 -0.5578 0.8287
vn 0.6757 -0.6401 -0.3657
vn 0.4699 -0.8680 -0.1605
vn 0.8034 -0.3309 -0.4951
vn 0.8582 -0.1633 -0.4867
vn 0.4632 0.7758 -0.4286
vn 0.7804 0.3216 -0.5363
vn 0.8217 0.1910 -0.5369
vn 0.0646 -0.9937 -0.0919
vn -0.9741 -0.0222 -0.2251
vn -0.9356 -0.0221 -0.3524
vn -0.9758 -0.0091 -0.2185
vn -0.2164 0.9652 0.1471
vn 0.8053 -0.2072 -0.5556
vn 0.9461 -0.1344 0.2948
vn 0.9486 -0.1199 0.2927
vn -0.0575 -0.9889 0.1371
vn -0.0774 -0.9904 0.1143
vn 0.1292 0.9625 0.2383
vn 0.1342 0.9627 0.2350
vn 0.1592 0.9600 0.2303
vn -0.7230 -0.5768 -0.3803
vn -0.8444 0.5143 -0.1500
vn 0.4467 0.8502 0.2785
vn -0.0823 -0.9408 -0.3290
vn 0.6637 -0.3162 -0.6779
vn 0.6895 -0.2944 -0.6617
vn 0.7608 0.5789 -0.2933
vn -0.5107 -0.8497 -0.1308
vn 0.5609 0.7927 0.2387
vn -0.7352 0.5069 0.4500
vn -0.8397 0.2711 0.4706
vn 0.4866 0.8233 0.2921
vn 0.4623 0.8498 0.2533
vn 0.5928 0.7785 0.2062
vn 0.3163 0.8368 0.4470
vn -0.0381 0.9150 0.4016
vn -0.5620 -0.7878 -0.2520
vn 0.1958 -0.9345 -0.2974
vn 0.1522 -0.9478 -0.2801
vn -0.7678 -0.6176 -0.1705
vn -0.2514 0.6869 -0.6818
vn 0.0773 -0.5340 -0.8419
vn 0.0496 -0.6959 -0.7164
vn 0.1038 -0.3211 -0.9413
vn 0.6862 -0.1910 -0.7019
vn 0.9886 0.0367 -0.1458
vn -0.4809 0.5638 -0.6714
vn -0.7995 -0.4666 -0.3784
vn 0.4506 -0.5477 -0.7049
vn -0.9549 -0.2447 -0.1681
vn -0.9705 -0.1848 -0.1550
vn -0.9805 -0.1498 -0.1272
vn -0.7725 0.3112 0.5535
vn -0.7166 0.4662 0.5188
vn -0.8016 0.1805 0.5700
vn -0.6244 0.4163 0.6609
vn 0.0704 0.8246 0.5614
vn 0.4123 0.5263 0.7437
vn 0.5146 0.3836 0.7668
vn 0.3589 0.3599 0.8612
vn -0.9521 -0.2616 0.1584
vn 0.2129 -0.5204 0.8269
vn 0.7767 -0.4100 0.4781
vn 0.0623 0.9732 -0.2214
vn -0.9740 0.0448 -0.2221
vn -0.7732 0.5792 -0.2584
vn -0.1675 0.9629 0.2115
vn 0.1847 -0.9735 -0.1348
vn 0.7265 -0.5062 -0.4647
vn -0.1235 -0.9850 -0.1208
vn -0.8066 -0.5746 -0.1387
vn 0.8808 0.0846 -0.4658
vn -0.9926 0.0677 0.1008
vn -0.5462 0.8193 0.1744
vn -0.6306 0.7612 0.1513
vn 0.4580 -0.8872 -0.0565
vn 0.4302 -0.9000 -0.0706
vn 0.2762 -0.9506 -0.1416
vn -0.0318 -0.9800 -0.1963
vn -0.1206 -0.9862 -0.1134
vn -0.0620 -0.9836 -0.1695
vn -0.2357 -0.9717 0.0171
vn -0.2738 -0.7872 0.5526
vn -0.4096 -0.2002 0.8900
vn -0.1887 0.9397 0.2851
vn -0.0632 -0.9933 0.0971
vn 0.2770 -0.3212 0.9056
vn -0.0926 -0.6390 0.7637
vn 0.0512 0.6299 0.7750
vn 0.3531 -0.2085 0.9121
vn 0.2163 0.6713 0.7089
vn -0.8701 -0.0115 -0.4927
vn -0.8379 0.2990 -0.4567
vn -0.3563 0.9225 -0.1486
vn -0.1319 0.9911 -0.0178
vn 0.2660 0.9347 0.2358
vn 0.0031 -0.7094 -0.7048
vn 0.6808 0.7321 0.0218
vn 0.6045 0.7913 -0.0917
vn 0.5205 0.8311 -0.1960
vn 0.4818 0.8458 0.2291
vn 0.3699 0.9004 0.2292
vn 0.4748 0.8509 0.2248
vn 0.5368 0.7732 0.3376
vn -0.8059 -0.5906 -0.0416
vn -0.7912 -0.6021 -0.1069
vn -0.8416 -0.5353 -0.0717
vn 0.5831 0.7744 0.2456
vn 0.4749 -0.6606 -0.5814
vn 0.9988 -0.0485 -0.0090
vn 0.9847 0.0586 -0.1640
vn 0.9770 0.0067 -0.2131
vn 0.9721 -0.2343 -0.0120
vn -0.7816 -0.2740 -0.5604
vn -0.8306 -0.4740 -0.2925
vn -0.5874 0.4485 -0.6737
vn 0.2313 0.7734 -0.5902
vn 0.2247 0.7811 -0.5826
vn 0.0956 0.9016 -0.4219
vn -0.3675 -0.4222 -0.8287
vn -0.8295 -0.4961 -0.2565
vn 0.1216 -0.1076 -0.9867
vn 0.6658 -0.1994 -0.7190
vn 0.9079 0.3477 -0.2339
vn 0.8630 0.4903 0.1217
vn 0.8573 0.4926 0.1495
vn 0.8546 0.4986 0.1449
vn 0.9049 0.3921 0.1657
vn 0.3996 0.8638 -0.3068
vn 0.0552 -0.4623 -0.8850
vn 0.9551 -0.0326 -0.2945
vn 0.9514 -0.0626 -0.3015
vn 0.9830 0.1672 0.0766
vn 0.9768 0.1897 0.0993
vn -0.6647 0.5679 0.4854
vn -0.9430 -0.3316 0.0282
vn 0.0655 -0.8846 0.4617
vn -0.8383 -0.5082 -0.1977
vn 0.8058 -0.3558 0.4734
vn 0.9026 0.4183 0.1018
vn 0.5690 0.8113 -0.1340
vn -0.9293 0.0967 -0.3565
vn 0.9465 -0.1037 -0.3055
vn 0.2675 0.9588 -0.0956
vn -0.0194 -0.9890 -0.1463
vn -0.0086 -0.9879 -0.1548
vn -0.0205 -0.9880 -0.1532
vn -0.5990 -0.5970 0.5336
vn -0.1583 0.2610 0.9523
vn 0.7287 -0.5992 0.3315
vn 0.6020 -0.6322 0.4878
vn 0.7623 -0.5836 0.2800
vn 0.5975 -0.4902 0.6346
vn 0.2916 -0.3675 0.8831
vn -0.1355 0.5187 0.8442
vn 0.7726 0.4274 0.4695
vn -0.4063 -0.8876 -0.2171
vn -0.6391 -0.6301 -0.4410
vn -0.6065 -0.0187 -0.7949
vn -0.6247 0.0544 -0.7790
vn -0.1225 -0.7658 -0.6313
vn 0.4338 0.3428 -0.8333
vn -0.4452 -0.8759 -0.1861
vn -0.6634 -0.7317 -0.1567
vn -0.5754 -0.8053 -0.1427
vn -0.6972 -0.6812 -0.2234
vn -0.4880 -0.8462 -0.2142
vn 0.7614 0.6256 0.1701
vn 0.7525 0.6170 0.2302
vn 0.7815 0.5947 0.1886
vn 0.7881 0.5912 0.1712
vn 0.7898 0.5912 0.1635
vn -0.4961 -0.2789 -0.8223
vn -0.5072 -0.2584 -0.8222
vn -0.5797 -0.1042 -0.8081
vn -0.2797 0.0774 -0.9570
vn -0.4047 -0.4275 -0.8084
vn -0.1185 0.2619 -0.9578
vn 0.8436 0.5197 -0.1349
vn 0.4833 0.3514 -0.8018
vn 0.7400 0.0645 -0.6695
vn 0.8971 0.4411 -0.0251
vn 0.9115 0.3540 -0.2092
vn -0.8059 0.1989 -0.5577
vn -0.6498 0.4907 -0.5806
vn 0.5647 0.7721 -0.2914
vn 0.8437 0.5364 -0.0205
vn -0.5735 -0.0321 -0.8185
vn 0.1668 -0.0183 -0.9858
vn -0.0677 -0.2233 -0.9724
vn 0.7629 0.1684 -0.6242
vn 0.5466 -0.5640 0.6190
vn -0.4224 -0.9060 -0.0269
vn -0.4583 -0.8857 -0.0745
vn -0.2583 0.9427 -0.2112
vn 0.3920 -0.9158 -0.0880
vn 0.1323 -0.9890 -0.0664
vn -0.3090 0.9464 0.0942
vn -0.7097 -0.5441 -0.4474
vn -0.4399 0.8980 0.0059
vn -0.9803 0.1771 0.0881
vn -0.0756 0.9920 0.1010
vn -0.0639 0.9973 0.0360
vn 0.2488 -0.9562 -0.1541
vn 0.9211 -0.3643 -0.1369
vn 0.1124 0.9838 0.1400
vn 0.0235 -0.9922 -0.1227
vn 0.1047 -0.9841 -0.1434
vn 0.0468 -0.9906 -0.1287
vn 0.8470 -0.5194 0.1129
vn 0.6554 0.5987 0.4605
vn -0.3018 -0.9028 -0.3065
vn -0.3563 -0.9116 -0.2053
vn -0.3371 -0.9095 -0.2433
vn 0.2794 0.9350 0.2183
vn -0.3422 -0.8618 -0.3743
vn -0.1911 -0.5750 -0.7956
vn -0.3526 -0.8792 -0.3205
vn -0.3527 -0.7021 -0.6186
vn -0.0256 0.0151 -0.9996
vn 0.0766 0.9688 -0.2358
vn -0.2981 0.8892 -0.3470
vn -0.0357 -0.2010 -0.9789
vn 0.4199 0.7766 -0.4697
vn -0.9977 0.0424 -0.0529
vn -0.9309 0.3653 -0.0018
vn -0.6538 0.7530 -0.0741
vn -0.0030 -0.6652 -0.7467
vn 0.9132 0.4031 -0.0598
vn 0.3433 0.6125 -0.7121
vn -0.9260 -0.2763 -0.2573
vn -0.8967 -0.1598 -0.4128
vn -0.8144 -0.0104 -0.5802
vn -0.0051 -0.3597 -0.9331
vn -0.5544 -0.3861 -0.7373
vn 0.9523 0.2543 0.1686
vn -0.9564 -0.2613 -0.1305
vn -0.9991 -0.0346 0.0225
vn 0.9627 0.2042 0.1776
vn 0.9222 0.3079 0.2341
vn 0.5972 0.7367 0.3171
vn 0.9191 0.3308 0.2142
vn -0.0882 0.8952 0.4368
vn 0.8449 0.3551 0.4000
vn 0.3089 -0.9258 0.2177
vn 0.1900 0.9159 -0.3536
vn 0.4459 0.7995 -0.4025
vn 0.4287 0.7705 -0.4718
vn 0.3418 -0.6676 -0.6614
vn -0.3234 -0.0294 -0.9458
vn -0.4851 0.0296 -0.8740
vn -0.5832 0.0208 -0.8120
vn -0.6274 -0.0434 -0.7775
vn 0.0157 -0.9997 0.0200
vn 0.1778 -0.6972 -0.6945
vn 0.4742 -0.3852 -0.7916
vn 0.3986 -0.4828 -0.7798
vn 0.4796 0.1908 -0.8565
vn 0.5058 0.1061 -0.8561
vn 0.0515 0.9922 -0.1138
vn 0.1113 0.8801 -0.4616
vn 0.7531 -0.6383 -0.1594
vn 0.9443 0.1908 -0.2682
vn -0.4576 0.7978 0.3926
vn 0.1254 -0.9809 -0.1485
vn -0.2916 -0.9480 -0.1277
vn -0.2830 -0.9474 -0.1496
vn -0.2869 -0.9509 -0.1161
vn 0.6307 -0.7573 0.1695
vn 0.6690 0.7001 0.2495
vn 0.4185 0.8554 -0.3052
vn 0.4518 0.8681 0.2054
vn -0.7831 -0.5464 -0.2971
vn 0.5211 -0.6463 -0.5574
vn 0.7050 -0.1201 -0.6990
vn 0.6060 -0.4870 -0.6290
vn 0.8336 0.5266 0.1665
vn 0.8460 0.5039 0.1743
vn 0.8203 0.5495 0.1585
vn 0.8974 0.4066 -0.1715
vn 0.9588 0.2211 0.1786
vn -0.8323 0.5499 0.0705
vn -0.4850 0.7833 0.3888
vn -0.8687 -0.3573 -0.3431
vn 0.9516 -0.1849 0.2455
vn 0.9527 -0.2405 0.1858
vn 0.9453 -0.3097 0.1030
vn 0.6269 0.4872 -0.6080
vn -0.2974 -0.8789 0.3730
vn -0.0957 -0.9675 0.2342
vn 0.1246 -0.9919 -0.0260
vn -0.5432 -0.7660 -0.3437
vn -0.2025 -0.8783 -0.4331
vn -0.0294 -0.6737 -0.7384
vn 0.1010 -0.7524 -0.6509
vn -0.1587 0.9817 0.1048
vn -0.1694 0.9480 0.2693
vn 0.0851 0.4784 -0.8740
vn -0.2427 -0.1037 -0.9645
vn -0.6789 0.2884 -0.6752
vn -0.2803 0.9598 -0.0108
vn -0.5974 0.6068 -0.5243
vn -0.2985 0.9534 -0.0432
vn 0.0519 -0.9917 -0.1173
vn -0.0193 -0.9773 -0.2109
vn -0.0191 0.9918 -0.1266
vn -0.1573 0.9588 -0.2367
vn -0.8739 -0.2436 -0.4207
vn -0.8824 0.1033 -0.4590
vn -0.8234 0.5108 -0.2471
vn -0.3484 0.9364 -0.0410
vn -0.5971 -0.8015 0.0324
vn -0.9392 -0.2287 0.2560
vn -0.3518 -0.9197 -0.1745
vn -0.4297 -0.8940 -0.1273
vn 0.4151 0.8925 0.1765
vn 0.3326 0.9309 0.1512
vn 0.3535 0.9217 0.1599
vn 0.4458 0.8704 0.2089
vn -0.5235 -0.8519 0.0123
vn -0.5618 -0.8272 -0.0153
vn 0.2136 0.9696 0.1192
vn 0.8940 0.4480 -0.0092
vn 0.3641 0.9090 0.2028
vn -0.8656 -0.4991 0.0409
vn -0.7539 -0.6234 -0.2075
vn 0.7922 0.5909 0.1525
vn -0.8331 -0.5134 -0.2059
vn -0.9232 -0.3812 -0.0493
vn -0.8676 -0.4858 -0.1060
vn -0.8642 -0.4885 -0.1206
vn -0.8982 -0.4061 -0.1685
vn -0.9007 -0.4005 -0.1683
vn -0.8996 -0.4035 -0.1673
vn -0.9302 -0.3392 -0.1404
vn -0.9204 -0.3706 -0.1246
vn -0.9330 -0.3321 -0.1386
vn -0.9966 -0.0623 -0.0532
vn 0.0096 -0.9985 -0.0536
vn 0.2481 -0.8746 -0.4166
vn 0.1663 -0.9415 -0.2931
vn 0.7404 -0.6661 -0.0895
vn 0.9886 -0.0488 0.1425
vn -0.7393 0.6348 -0.2246
vn -0.6979 0.6894 -0.1940
vn 0.2801 -0.9572 -0.0729
vn 0.7825 0.0085 -0.6226
vn 0.7406 -0.0663 -0.6686
vn -0.4272 0.9038 -0.0262
vn 0.1595 -0.9849 -0.0677
vn -0.3298 -0.9051 -0.2685
vn 0.8484 0.1922 -0.4932
vn -0.9637 0.0524 0.2619
vn -0.9329 -0.3267 -0.1513
vn -0.9755 0.1926 0.1062
vn -0.1662 -0.9834 -0.0727
vn -0.7889 0.4573 0.4105
vn -0.1975 0.9628 0.1847
vn 0.9898 0.0627 -0.1280
vn 0.8394 0.5407 -0.0555
vn 0.7467 -0.6206 -0.2393
vn 0.8305 0.5569 0.0076
vn 0.7488 0.6628 -0.0005
vn -0.3768 -0.9096 -0.1753
vn 0.2951 0.9437 0.1494
vn 0.2702 0.9537 0.1322
vn 0.2385 0.9557 0.1724
vn -0.4929 -0.8588 -0.1398
vn -0.6232 -0.7442 -0.2406
vn -0.6271 -0.7725 -0.0999
vn -0.6479 -0.7129 -0.2683
vn -0.7267 -0.5844 -0.3610
vn 0.5718 0.8057 0.1544
vn -0.6681 0.5080 -0.5437
vn -0.5629 0.6684 -0.4861
vn -0.6814 0.4934 -0.5405
vn 0.0247 0.9907 -0.1336
vn -0.0746 0.9950 -0.0659
vn 0.1682 0.9851 -0.0347
vn -0.4280 -0.6909 -0.5826
vn -0.7463 -0.6519 -0.1346
vn 0.7152 0.0376 -0.6979
vn 0.6093 0.7701 0.1889
vn 0.6988 0.5857 0.4107
vn 0.6195 0.7615 0.1905
vn 0.7669 0.6205 0.1638
vn 0.8058 0.5729 0.1500
vn -0.9382 -0.3121 -0.1498
vn 0.9324 0.3207 0.1666
vn 0.9332 0.3193 0.1649
vn 0.9323 -0.3593 0.0423
vn 0.3338 0.7209 -0.6073
vn -0.3806 0.9206 -0.0880
vn -0.0832 0.9803 -0.1793
vn -0.3746 0.9268 0.0272
vn 0.0208 -0.9956 -0.0916
vn 0.0455 -0.9957 -0.0806
vn 0.0622 -0.9937 -0.0928
vn -0.2659 0.9428 0.2009
vn -0.1020 0.9906 0.0914
vn -0.0381 0.9711 0.2358
vn -0.5546 -0.4863 -0.6752
vn 0.0266 -0.9829 -0.1823
vn 0.0020 -0.9938 -0.1116
vn 0.3195 -0.8450 -0.4288
vn 0.4923 -0.7130 -0.4992
vn -0.5503 0.2826 -0.7857
vn -0.0818 -0.9901 -0.1138
vn -0.0827 -0.9928 -0.0865
vn -0.0855 -0.9931 -0.0801
vn 0.6811 -0.3792 -0.6264
vn 0.6897 -0.3677 -0.6238
vn 0.7067 -0.3463 -0.6170
vn 0.7163 -0.3345 -0.6124
vn 0.6147 0.6781 -0.4028
vn -0.4627 -0.8534 -0.2401
vn -0.6896 -0.6814 -0.2452
vn -0.4897 -0.8377 -0.2416
vn 0.1237 -0.9811 -0.1491
vn 0.8315 -0.4514 -0.3239
vn -0.3720 -0.9120 -0.1730
vn -0.3382 -0.9314 -0.1345
vn -0.3360 -0.9337 -0.1239
vn -0.3297 -0.9380 -0.1068
vn -0.5914 -0.8060 -0.0236
vn 0.1844 0.9240 0.3349
vn -0.5614 -0.6808 0.4705
vn -0.6823 -0.4618 0.5667
vn -0.4526 -0.7675 0.4539
vn -0.1134 -0.1107 0.9874
vn -0.2879 -0.3509 0.8911
vn -0.3345 -0.4158 0.8457
vn -0.3066 -0.9085 0.2838
vn -0.0827 -0.7104 0.6989
vn 0.2382 0.3142 0.9190
vn -0.3157 -0.5450 0.7768
vn -0.3556 -0.6035 0.7137
vn 0.6673 0.7284 0.1552
vn 0.8330 0.4163 0.3644
vn 0.7629 0.5920 0.2596
vn -0.6624 -0.4341 -0.6105
vn -0.6683 -0.4229 -0.6120
vn -0.2053 0.2259 -0.9523
vn -0.4983 -0.6122 -0.6139
vn -0.0481 -0.2587 -0.9648
vn 0.3601 0.3576 -0.8617
vn 0.0580 -0.1098 -0.9923
vn 0.0261 0.7648 -0.6437
vn 0.4402 0.4959 -0.7485
vn 0.5250 -0.0058 -0.8511
vn -0.8254 -0.5388 -0.1684
vn 0.8472 0.4962 0.1899
vn 0.8568 0.4773 0.1952
vn 0.8448 0.4824 0.2313
vn -0.8996 -0.4033 -0.1678
vn -0.9325 -0.3234 -0.1607
vn 0.9593 0.2321 0.1610
vn 0.9484 0.2721 0.1630
vn 0.8955 -0.4425 0.0475
vn 0.9893 0.0367 0.1412
vn 0.9816 0.1665 0.0939
vn 0.9892 0.0537 0.1367
vn 0.0793 -0.0362 -0.9962
vn -0.0101 -0.0880 -0.9961
vn 0.0067 0.0051 -1.0000
vn 0.0388 -0.2378 -0.9705
vn -0.1304 -0.0604 -0.9896
vn 0.0356 -0.0832 -0.9959
vn 0.0123 -0.0944 -0.9955
vn 0.0238 0.0065 -0.9997
vn 0.0338 -0.1314 -0.9908
vn 0.0012 0.0974 -0.9952
vn 0.6516 0.2570 -0.7137
vn 0.3106 0.7577 -0.5740
vn -0.5161 -0.0886 0.8519
vn -0.4009 0.9014 0.1633
vn 0.2322 -0.9704 -0.0666
vn 0.1527 -0.9824 -0.1077
vn -0.2683 -0.8111 -0.5197
vn -0.1134 -0.9582 -0.2626
vn -0.0956 -0.9462 -0.3091
vn -0.5227 -0.2877 -0.8025
vn -0.0882 0.9960 0.0104
vn 0.0825 -0.8899 -0.4486
vn 0.0261 -0.6986 -0.7150
vn 0.3966 0.0167 -0.9179
vn 0.3622 -0.0238 -0.9318
vn -0.4118 0.2736 -0.8692
vn -0.4709 0.7759 -0.4198
vn -0.4799 0.7666 -0.4266
vn 0.0828 0.9288 -0.3611
vn -0.2165 0.7789 -0.5886
vn 0.7163 -0.4741 -0.5119
vn 0.7513 -0.3422 -0.5643
vn 0.7285 -0.4333 -0.5307
vn 0.2688 0.9550 0.1258
vn -0.2921 -0.9507 -0.1044
vn -0.2930 -0.9491 -0.1155
vn -0.7804 -0.2838 0.5571
vn 0.6154 0.7688 0.1737
vn -0.0178 0.0191 0.9997
vn -0.4828 -0.2041 0.8516
vn 0.1851 0.5073 0.8417
vn -0.4302 -0.8985 -0.0878
vn 0.0998 -0.9722 0.2118
vn 0.2539 0.3396 0.9056
vn 0.5397 0.5000 0.6773
vn 0.2738 -0.3858 0.8810
vn 0.8228 0.5558 0.1189
vn 0.6488 0.5236 -0.5522
vn 0.5389 0.8086 -0.2363
vn 0.6489 0.4854 -0.5859
vn -0.6977 -0.6987 -0.1581
vn -0.7150 -0.6898 -0.1133
vn 0.7882 0.6013 -0.1309
vn -0.8404 -0.5233 -0.1407
vn -0.8620 -0.4889 -0.1337
vn -0.9013 -0.4174 -0.1162
vn -0.8570 -0.4882 -0.1649
vn -0.8755 -0.4660 -0.1281
vn 0.7636 0.5195 0.3835
vn -0.6265 0.7317 -0.2686
vn -0.5197 0.8370 -0.1713
vn -0.5578 0.8040 -0.2061
vn -0.4503 0.8854 -0.1151
vn 0.8268 0.5617 0.0310
vn -0.7920 -0.4519 -0.4104
vn -0.8089 -0.4255 -0.4059
vn 0.8510 -0.3538 -0.3881
vn 0.7157 -0.4851 -0.5024
vn 0.3458 -0.6727 -0.6541
vn 0.3846 -0.6842 -0.6196
vn -0.9915 -0.0678 -0.1114
vn -0.9931 -0.0123 -0.1165
vn 0.9913 -0.0295 0.1281
vn 0.9957 0.0237 0.0890
vn 0.9230 0.3738 0.0911
vn 0.2075 -0.2450 -0.9471
vn 0.0207 -0.1341 -0.9908
vn -0.0008 -0.1577 -0.9875
vn -0.0358 -0.2908 -0.9561
vn 0.0457 -0.3074 -0.9505
vn 0.0692 -0.5442 -0.8361
vn -0.4593 -0.2521 -0.8518
vn -0.2750 -0.2825 -0.9190
vn 0.0256 0.0357 -0.9990
vn 0.2430 -0.0292 -0.9696
vn 0.0186 0.2316 -0.9726
vn 0.0095 0.1995 -0.9799
vn 0.1734 0.4084 -0.8962
vn 0.0590 0.2898 -0.9553
vn -0.4596 0.0629 -0.8859
vn -0.3358 0.2151 -0.9170
vn -0.0011 0.2985 -0.9544
vn 0.0089 0.4396 -0.8981
vn 0.5823 -0.7570 -0.2965
vn -0.0263 0.3778 -0.9255
vn -0.0455 0.3161 -0.9476
vn -0.1971 0.9670 -0.1615
vn 0.2730 -0.8715 0.4074
vn -0.0821 -0.8518 0.5174
vn 0.1087 -0.8774 0.4673
vn 0.4103 -0.8442 0.3449
vn 0.1481 -0.9881 -0.0402
vn -0.2171 0.8040 0.5536
vn -0.0409 -0.8133 -0.5803
vn -0.9803 0.1418 -0.1376
vn -0.2534 0.9672 -0.0164
vn -0.0431 0.9973 0.0597
vn 0.1356 -0.9033 -0.4070
vn 0.7567 0.5843 -0.2934
vn -0.6755 -0.0443 0.7360
vn -0.4905 0.2692 0.8288
vn 0.4624 -0.7249 0.5106
vn 0.8224 -0.1929 0.5352
vn -0.5408 -0.8286 -0.1446
vn 0.6958 0.6930 0.1886
vn 0.7033 0.6037 0.3753
vn -0.8096 -0.5800 -0.0900
vn -0.4526 -0.4408 0.7751
vn -0.8778 -0.2225 0.4242
vn -0.3457 -0.0819 0.9348
vn -0.8531 -0.5152 0.0828
vn 0.8184 0.4624 0.3413
vn 0.6290 0.2342 0.7413
vn 0.9273 0.3433 0.1493
vn -0.5649 -0.5585 0.6075
vn -0.6003 -0.5626 0.5685
vn -0.8051 -0.5479 0.2273
vn -0.9771 -0.1648 -0.1345
vn -0.9414 0.1764 -0.2873
vn 0.9508 0.3033 0.0628
vn 0.9636 0.2440 0.1095
vn 0.9712 0.1925 0.1403
vn 0.2228 0.8636 -0.4523
vn -0.3510 0.5791 -0.7358
vn 0.9782 -0.1154 -0.1729
vn 0.9898 -0.0168 0.1413
vn -0.0979 0.9815 -0.1647
vn -0.0272 -0.3428 -0.9390
vn -0.0794 -0.7510 -0.6555
vn -0.0243 -0.3291 -0.9440
vn -0.0212 -0.4225 -0.9061
vn 0.0872 -0.2354 -0.9680
vn -0.0328 -0.4756 -0.8791
vn 0.0518 -0.5049 -0.8616
vn 0.0494 -0.5253 -0.8495
vn -0.0039 -0.4173 -0.9087
vn 0.0153 -0.3949 -0.9186
vn 0.0558 -0.6779 -0.7330
vn 0.0635 -0.6675 -0.7419
vn 0.0574 -0.6165 -0.7852
vn 0.3249 -0.0511 -0.9444
vn 0.4520 -0.2011 -0.8691
vn 0.0134 -0.3209 -0.9470
vn 0.0412 -0.6135 -0.7886
vn -0.2785 -0.6550 -0.7024
vn 0.1737 0.1915 -0.9660
vn 0.1373 0.0897 -0.9865
vn -0.6207 -0.1294 -0.7733
vn -0.5894 -0.3221 -0.7408
vn 0.2687 0.5884 -0.7626
vn 0.1500 0.5073 -0.8486
vn 0.0784 0.5354 -0.8410
vn -0.0145 0.5676 -0.8232
vn 0.5649 0.1109 -0.8176
vn -0.0755 0.5389 -0.8390
vn -0.4193 -0.4575 0.7841
vn -0.1945 0.3401 -0.9200
vn 0.5381 -0.8102 0.2323
vn 0.3808 -0.4761 0.7927
vn 0.4371 -0.5873 0.6812
vn -0.2908 -0.0621 0.9548
vn 0.3031 -0.3599 0.8824
vn -0.4816 0.5555 0.6779
vn 0.3863 -0.4561 0.8017
vn -0.5445 0.6296 0.5542
vn 0.7107 -0.1821 0.6795
vn 0.6690 -0.2212 0.7096
vn 0.7207 -0.1723 0.6715
vn -0.1706 0.6193 0.7664
vn 0.0214 0.8959 0.4437
vn 0.6646 0.4742 0.5775
vn 0.1458 -0.9848 -0.0945
vn -0.0205 -0.9974 -0.0693
vn -0.1976 0.7001 -0.6861
vn -0.0113 0.9999 0.0094
vn -0.7836 -0.5729 -0.2402
vn -0.8130 0.5822 0.0079
vn -0.9310 0.0440 -0.3625
vn -0.4876 0.8729 -0.0150
vn -0.4356 0.8268 -0.3558
vn -0.4735 0.8670 -0.1550
vn 0.7592 -0.2936 -0.5808
vn 0.5295 0.8238 -0.2023
vn 0.3847 0.9061 0.1760
vn -0.6783 0.0893 0.7294
vn -0.0282 0.8523 0.5223
vn -0.2976 0.7682 0.5668
vn -0.1880 -0.9810 -0.0487
vn 0.2208 -0.9715 0.0857
vn 0.4423 -0.8864 -0.1364
vn 0.2890 -0.9571 0.0208
vn 0.8242 -0.1306 0.5510
vn -0.6201 -0.7766 -0.1111
vn -0.8016 -0.5944 0.0636
vn -0.6737 -0.7365 -0.0611
vn 0.6662 0.7367 0.1158
vn -0.6382 -0.7698 0.0073
vn -0.7750 -0.6282 0.0691
vn 0.7862 0.6024 0.1377
vn 0.7864 0.6038 0.1307
vn -0.1046 0.0403 0.9937
vn -0.6324 -0.0683 0.7716
vn 0.6904 0.4560 0.5616
vn -0.0661 -0.7162 0.6947
vn -0.4531 -0.4413 0.7745
vn -0.0288 -0.3453 0.9380
vn -0.3943 -0.6908 0.6061
vn 0.5364 0.1818 0.8242
vn 0.8449 -0.0507 0.5326
vn 0.8891 0.4361 0.1391
vn 0.8870 0.4390 0.1431
vn 0.8652 0.4711 0.1716
vn -0.9230 -0.3665 -0.1173
vn -0.8739 -0.0855 0.4785
vn -0.9159 -0.2665 0.3001
vn -0.6831 0.0277 0.7298
vn -0.1686 0.0755 0.9828
vn -0.2827 -0.2544 0.9249
vn -0.3216 -0.3109 0.8944
vn -0.3832 -0.4034 0.8309
vn -0.2705 -0.2534 0.9288
vn 0.4652 0.3710 0.8037
vn 0.1599 0.4426 0.8824
vn -0.8897 -0.3985 0.2228
vn 0.4823 -0.0081 0.8759
vn -0.7396 0.1052 -0.6648
vn -0.8369 -0.0710 -0.5427
vn -0.3923 0.4577 -0.7979
vn 0.3294 0.8375 -0.4360
vn -0.5250 0.0188 -0.8509
vn 0.0373 -0.0578 -0.9976
vn -0.1851 0.1352 -0.9734
vn -0.2670 0.1501 -0.9519
vn 0.6423 0.4032 -0.6519
vn 0.6612 0.3929 -0.6390
vn 0.6577 0.3935 -0.6424
vn 0.6354 0.4053 -0.6573
vn -0.5593 -0.2545 -0.7889
vn -0.8315 -0.1207 -0.5423
vn 0.1665 -0.0724 -0.9834
vn -0.7373 -0.2890 -0.6106
vn 0.4616 -0.4251 -0.7786
vn 0.8877 -0.1074 -0.4478
vn 0.9908 -0.1100 0.0790
vn 0.9711 -0.2078 0.1173
vn 0.9787 -0.1837 0.0914
vn -0.0303 -0.7813 -0.6234
vn 0.0270 -0.6575 -0.7529
vn 0.1047 -0.7568 -0.6452
vn 0.0079 -0.6793 -0.7338
vn 0.2977 -0.3228 -0.8984
vn -0.0122 -0.4198 -0.9075
vn 0.0115 -0.4631 -0.8862
vn 0.0454 -0.7819 -0.6218
vn 0.0016 -0.8091 -0.5877
vn 0.0284 -0.8275 -0.5608
vn 0.0580 -0.7256 -0.6857
vn -0.7368 -0.1121 -0.6668
vn 0.3523 0.0893 -0.9316
vn 0.3821 0.3039 -0.8728
vn 0.3677 0.1812 -0.9121
vn 0.3537 0.0883 -0.9312
vn 0.2462 0.4034 -0.8813
vn 0.1908 0.7579 -0.6239
vn 0.0625 0.7577 -0.6496
vn 0.0219 0.6191 -0.7850
vn 0.6842 -0.4426 -0.5796
vn 0.0129 0.7444 -0.6676
vn 0.4933 0.3179 -0.8097
vn 0.4824 0.3440 -0.8056
vn 0.5652 0.1041 -0.8184
vn -0.5545 0.2243 -0.8014
vn -0.0277 0.6622 -0.7488
vn -0.2760 -0.9041 0.3262
vn 0.1816 0.7154 -0.6747
vn 0.1265 0.7683 -0.6274
vn -0.0881 0.7625 -0.6409
vn 0.3872 0.5301 -0.7544
vn -0.0360 0.5370 -0.8428
vn 0.5381 -0.8373 0.0967
vn 0.7570 -0.1341 0.6395
vn -0.0320 0.4592 -0.8877
vn -0.1071 0.4851 -0.8679
vn -0.5476 0.6259 0.5554
vn -0.0344 -0.9985 0.0421
vn -0.4259 -0.8067 -0.4096
vn -0.7869 0.1874 -0.5879
vn -0.6444 -0.2226 -0.7316
vn 0.0396 -0.9589 -0.2809
vn -0.3843 0.7586 -0.5262
vn 0.4472 -0.1094 -0.8877
vn -0.3335 -0.8936 0.3005
vn -0.3191 -0.8273 0.4624
vn -0.2374 -0.8894 0.3906
vn 0.2041 0.9641 0.1697
vn 0.2895 0.9438 0.1595
vn -0.7752 0.4726 0.4193
vn -0.8945 0.4174 0.1602
vn -0.8005 0.4456 0.4007
vn 0.9844 0.1486 0.0938
vn 0.9438 0.3305 0.0088
vn 0.9796 0.1863 0.0749
vn 0.9798 0.1800 0.0869
vn 0.6036 0.7811 0.1601
vn 0.6010 0.7875 0.1366
vn -0.5960 -0.7947 0.1153
vn -0.6568 -0.7451 0.1160
vn -0.5649 -0.8171 0.1148
vn 0.6263 0.7640 0.1554
vn 0.7004 0.6858 0.1979
vn -0.8403 0.0824 0.5358
vn -0.3611 0.6679 0.6508
vn 0.6608 0.6428 0.3875
vn -0.5306 -0.8171 0.2254
vn -0.2104 -0.9157 0.3423
vn 0.3382 -0.4496 0.8267
vn 0.8330 0.4788 0.2772
vn -0.4112 -0.4457 0.7952
vn 0.6567 -0.2641 0.7064
vn 0.6647 -0.2531 0.7029
vn 0.6993 -0.2027 0.6855
vn -0.0018 -0.0681 0.9977
vn -0.8274 -0.5365 0.1661
vn 0.1920 -0.5831 0.7894
vn -0.8955 -0.3450 -0.2811
vn -0.7984 0.0246 -0.6016
vn 0.9492 0.1751 -0.2614
vn 0.4671 0.1658 -0.8685
vn 0.9773 0.1638 -0.1342
vn 0.9238 -0.0426 -0.3805
vn -0.8093 0.5600 -0.1774
vn -0.0949 -0.8287 -0.5516
vn -0.0725 -0.8318 -0.5503
vn -0.0717 -0.8535 -0.5162
vn 0.2295 -0.6924 -0.6841
vn -0.0264 -0.8507 -0.5250
vn 0.0698 -0.8375 -0.5420
vn 0.0842 -0.8969 -0.4341
vn 0.0660 -0.9459 -0.3177
vn 0.0581 -0.8417 -0.5368
vn -0.0380 -0.7374 -0.6744
vn 0.4537 0.0893 -0.8867
vn 0.5989 -0.0393 -0.7999
vn 0.4627 0.0318 -0.8859
vn -0.6574 -0.4821 -0.5791
vn -0.6895 -0.4437 -0.5725
vn 0.3932 0.4380 -0.8084
vn 0.4081 0.7094 -0.5747
vn 0.3290 0.7151 -0.6167
vn 0.3562 0.7221 -0.5931
vn 0.2823 0.7512 -0.5967
vn 0.1902 0.8690 -0.4568
vn 0.0053 0.7608 -0.6490
vn -0.5445 0.0823 -0.8347
vn -0.7168 -0.4656 0.5190
vn -0.2254 0.9166 -0.3301
vn -0.4394 0.4765 -0.7615
vn -0.5315 0.5834 -0.6141
vn -0.6993 0.4966 -0.5142
vn -0.7367 0.1868 0.6499
vn 0.8210 -0.3755 0.4301
vn 0.6447 0.5791 0.4990
vn 0.0854 -0.9832 0.1612
vn -0.0158 0.9967 0.0792
vn -0.0596 0.9954 0.0749
vn 0.5550 0.5101 0.6571
vn 0.7574 0.2611 0.5985
vn 0.0668 -0.6755 -0.7343
vn -0.0873 -0.3697 -0.9251
vn -0.2220 -0.9725 -0.0702
vn -0.2130 -0.9752 -0.0596
vn -0.2318 -0.9693 -0.0819
vn -0.0383 -0.9497 -0.3107
vn 0.0687 0.7298 -0.6802
vn -0.1204 0.2858 -0.9507
vn -0.0422 0.4864 -0.8727
vn 0.0379 -0.5655 -0.8239
vn 0.1236 0.8203 -0.5584
vn -0.5411 -0.6407 0.5447
vn -0.2801 -0.9566 -0.0809
vn 0.4117 0.6529 -0.6358
vn 0.3892 0.7086 -0.5886
vn 0.2972 0.9382 -0.1773
vn 0.2586 0.9655 -0.0316
vn -0.4145 -0.1015 0.9044
vn 0.1892 0.9791 0.0747
vn -0.3160 -0.9458 -0.0754
vn -0.0645 -0.9864 0.1510
vn -0.2015 -0.9725 0.1169
vn 0.3183 0.7548 0.5736
vn 0.2862 0.7412 0.6072
vn 0.2243 0.8677 0.4436
vn -0.5490 -0.8291 -0.1057
vn -0.7755 -0.6274 0.0702
vn -0.9051 0.3988 0.1472
vn -0.0401 0.9666 0.2533
vn 0.5092 -0.8343 -0.2112
vn -0.6316 -0.7684 -0.1033
vn -0.2593 -0.4516 0.8537
vn -0.5438 -0.5286 0.6518
vn 0.4274 0.4632 0.7764
vn 0.5261 0.4691 0.7093
vn -0.4928 -0.8628 0.1129
vn 0.5891 0.0647 0.8054
vn -0.9482 -0.2706 0.1664
vn -0.9759 -0.1700 0.1366
vn -0.9822 0.1869 0.0181
vn -0.7589 0.4840 0.4358
vn 0.8938 0.4337 0.1141
vn 0.9017 0.4160 0.1175
vn -0.9937 -0.0043 0.1120
vn -0.5078 0.5800 0.6369
vn -0.6667 0.3274 0.6696
vn 0.4586 0.5808 0.6726
vn 0.2602 0.7551 0.6018
vn 0.1537 -0.8751 0.4590
vn -0.5840 -0.2735 -0.7642
vn -0.0289 -0.9235 -0.3825
vn -0.0899 -0.9423 -0.3223
vn -0.0634 -0.8889 -0.4537
vn 0.0048 -0.9340 -0.3574
vn 0.0511 -0.8788 -0.4744
vn 0.0685 -0.9444 -0.3216
vn 0.0393 -0.9215 -0.3865
vn 0.0108 -0.9082 -0.4184
vn 0.6028 -0.1383 -0.7859
vn 0.4784 -0.0772 -0.8748
vn -0.7425 -0.4232 -0.5192
vn -0.8051 -0.2983 -0.5127
vn 0.6407 0.2466 -0.7271
vn 0.6844 0.1280 -0.7178
vn 0.5832 0.3179 -0.7475
vn 0.5228 0.5477 -0.6532
vn 0.5155 0.5686 -0.6410
vn 0.3041 0.7749 -0.5541
vn 0.2229 0.8330 -0.5064
vn 0.2647 0.8571 -0.4420
vn 0.2987 0.9092 -0.2900
vn -0.7617 -0.0120 -0.6478
vn -0.6106 0.0124 -0.7919
vn -0.1264 0.8883 -0.4416
vn -0.9348 -0.2494 0.2528
vn -0.9208 -0.3221 0.2202
vn -0.9417 -0.1813 0.2836
vn 0.5320 -0.8467 0.0059
vn 0.6652 -0.7466 -0.0042
vn -0.9447 -0.1197 0.3053
vn -0.5162 0.8183 0.2529
vn -0.7322 0.6774 0.0705
vn -0.4845 0.8746 0.0167
vn 0.9569 -0.2650 0.1191
vn -0.0626 0.5258 -0.8483
vn -0.0665 0.5743 -0.8160
vn -0.0925 0.7361 -0.6705
vn -0.1298 0.8297 -0.5429
vn 0.0306 -0.9994 -0.0180
vn 0.1822 -0.9819 0.0524
vn -0.0336 0.9974 0.0632
vn -0.1045 -0.9936 -0.0426
vn -0.0494 -0.9980 -0.0401
vn -0.0456 -0.9982 -0.0402
vn -0.1108 -0.9931 -0.0380
vn -0.3785 -0.8713 -0.3124
vn -0.4048 -0.8581 -0.3160
vn 0.0604 0.9921 0.1099
vn 0.0016 0.9643 0.2648
vn -0.0277 -0.8085 -0.5878
vn -0.2043 -0.9777 -0.0493
vn -0.3918 0.7312 -0.5584
vn -0.3051 0.2795 0.9104
vn 0.1353 0.9774 0.1623
vn 0.1092 0.9740 0.1985
vn 0.2140 -0.2384 0.9473
vn -0.2733 0.0437 0.9609
vn 0.2258 -0.4476 0.8653
vn 0.2060 0.8973 0.3905
vn -0.0527 0.9236 0.3796
vn 0.3208 0.7632 0.5609
vn 0.8025 0.5122 0.3060
vn 0.6344 0.6594 0.4034
vn 0.3308 0.9433 0.0279
vn -0.0429 -0.9797 -0.1958
vn 0.0455 -0.9779 -0.2041
vn -0.4150 -0.8971 -0.1514
vn 0.5101 -0.8337 -0.2116
vn -0.8649 -0.4857 0.1267
vn -0.7791 -0.1252 0.6143
vn 0.1736 0.8311 0.5283
vn 0.3067 0.8183 0.4861
vn 0.2725 0.9058 0.3245
vn 0.2676 0.9141 0.3046
vn -0.0647 -0.9270 0.3696
vn -0.2901 -0.9259 0.2420
vn -0.5058 -0.8586 0.0839
vn 0.2863 -0.8017 0.5247
vn -0.1947 -0.7827 0.5911
vn 0.7877 0.2414 0.5668
vn 0.8006 0.2090 0.5615
vn 0.8175 0.0210 0.5755
vn -0.7665 -0.6378 -0.0759
vn 0.7930 0.5904 0.1502
vn 0.1877 -0.7886 0.5855
vn 0.7931 -0.3416 0.5044
vn 0.8159 -0.2892 0.5006
vn 0.9247 0.0244 0.3798
vn -0.9167 -0.3864 -0.1015
vn 0.9276 0.3666 0.0718
vn -0.7835 -0.6195 0.0473
vn 0.4791 -0.8516 0.2126
vn 0.4766 -0.8533 0.2113
vn 0.5710 -0.8105 0.1308
vn 0.7081 -0.1890 0.6803
vn 0.9016 -0.0765 0.4258
vn -0.8106 -0.5799 -0.0814
vn -0.9887 -0.1295 -0.0749
vn -0.9823 -0.1856 -0.0270
vn -0.9875 -0.1448 -0.0619
vn 0.9436 0.3250 0.0628
vn 0.9885 0.1382 0.0618
vn 0.9953 0.0363 0.0898
vn 0.9753 0.0023 0.2208
vn 0.9954 0.0448 0.0844
vn -0.9802 -0.1976 0.0109
vn -0.8776 -0.4625 0.1258
vn -0.0339 -0.9597 -0.2788
vn -0.0957 -0.9634 -0.2504
vn -0.0469 -0.9515 -0.3042
vn -0.0247 -0.9496 -0.3125
vn 0.0300 -0.9507 -0.3087
vn 0.0668 -0.9656 -0.2513
vn 0.0237 -0.9226 -0.3850
vn 0.0462 -0.9290 -0.3673
vn -0.8241 -0.3088 -0.4749
vn 0.4227 0.7986 -0.4285
vn 0.4288 0.8624 -0.2690
vn 0.5145 0.7899 -0.3337
vn 0.3401 0.9071 -0.2479
vn 0.3441 0.9053 -0.2490
vn 0.3893 -0.9114 -0.1332
vn 0.0610 -0.9981 -0.0024
vn -0.2897 -0.9565 0.0338
vn 0.3809 -0.0586 -0.9228
vn 0.0007 0.6394 -0.7689
vn 0.0607 0.4057 -0.9120
vn 0.3700 0.0025 -0.9290
vn 0.3040 -0.0536 -0.9512
vn 0.3473 0.0094 -0.9377
vn -0.0124 0.8485 -0.5290
vn -0.0475 0.8857 -0.4618
vn -0.0780 0.8423 -0.5334
vn 0.9454 -0.3149 0.0839
vn 0.9650 -0.2485 -0.0844
vn 0.9644 -0.2559 -0.0666
vn -0.6383 0.5862 -0.4989
vn 0.5283 0.8427 0.1038
vn 0.4701 0.8778 0.0922
vn 0.8788 0.4723 -0.0682
vn -0.0886 -0.2969 0.9508
vn -0.1019 -0.3003 0.9484
vn 0.1305 -0.2345 0.9633
vn 0.6599 -0.5423 0.5201
vn 0.0403 0.0339 0.9986
vn 0.0872 0.1739 0.9809
vn 0.0197 0.9993 0.0322
vn -0.1112 0.9867 0.1183
vn 0.0511 -0.9980 -0.0376
vn 0.0031 0.4691 0.8831
vn -0.0902 0.9863 0.1382
vn -0.4936 0.1190 0.8615
vn 0.6689 -0.5992 0.4400
vn -0.0811 -0.9887 0.1262
vn 0.1534 -0.9870 -0.0486
vn -0.0043 -0.9976 0.0696
vn 0.8754 -0.3514 0.3321
vn -0.9668 -0.2485 -0.0591
vn -0.4212 0.8982 0.1260
vn 0.9361 0.3517 -0.0039
vn -0.6937 -0.0180 0.7200
vn -0.8856 0.1290 0.4462
vn -0.8729 0.1162 0.4738
vn 0.6039 -0.7476 0.2766
vn 0.3808 -0.8380 0.3908
vn 0.8191 -0.1315 0.5584
vn -0.2936 -0.9551 0.0404
vn -0.2205 -0.9740 0.0521
vn 0.6130 -0.7757 0.1502
vn -0.8855 0.4312 0.1728
vn -0.7987 0.5343 0.2768
vn 0.2701 0.8165 0.5102
vn -0.6849 -0.7231 -0.0897
vn 0.9844 0.1389 0.1076
vn -0.9951 -0.0611 -0.0778
vn -0.0050 0.9982 -0.0606
vn 0.7396 0.6714 0.0469
vn 0.2197 -0.7768 -0.5902
vn -0.0817 -0.9900 -0.1146
vn -0.0828 -0.9897 0.1168
vn -0.0505 -0.9965 0.0668
vn 0.2527 -0.7355 -0.6286
vn 0.4477 -0.2999 -0.8424
vn 0.0477 -0.9245 -0.3783
vn 0.5798 0.5230 -0.6248
vn 0.3499 0.9041 -0.2455
vn -0.8407 -0.2601 -0.4750
vn -0.5026 -0.1090 -0.8576
vn 0.2566 -0.9665 -0.0090
vn 0.5731 -0.4158 -0.7061
vn 0.5611 -0.4418 -0.7000
vn 0.5448 -0.4747 -0.6913
vn 0.4319 -0.8237 -0.3673
vn 0.2871 -0.4080 -0.8667
vn 0.3988 -0.7762 -0.4883
vn 0.5341 -0.4951 -0.6853
vn 0.0195 0.8456 -0.5334
vn 0.0310 0.8578 -0.5131
vn -0.4964 -0.8672 0.0398
vn -0.9877 -0.0917 0.1266
vn -0.2039 0.6067 -0.7684
vn -0.0794 0.9265 -0.3678
vn -0.1019 -0.9747 0.1990
vn -0.5425 -0.5232 0.6572
vn -0.8022 -0.2525 0.5411
vn -0.4251 -0.6034 0.6747
vn -0.1222 0.8814 -0.4562
vn -0.3109 -0.3454 0.8855
vn -0.7877 0.4390 0.4322
vn -0.7524 0.4579 0.4735
vn -0.6140 0.5099 0.6025
vn -0.2193 0.9741 0.0542
vn -0.2267 0.9701 0.0871
vn -0.3230 0.9461 0.0244
vn 0.3002 -0.9157 0.2673
vn 0.4941 -0.8624 0.1100
vn 0.3997 -0.8966 0.1908
vn -0.4648 0.7022 0.5393
vn 0.8078 -0.4195 0.4141
vn 0.3629 0.7342 0.5738
vn 0.7383 0.3271 0.5898
vn -0.3163 -0.9437 -0.0965
vn -0.3295 -0.9412 -0.0746
vn -0.3475 -0.9347 -0.0741
vn -0.8874 0.4560 -0.0671
vn -0.9377 0.2987 -0.1776
vn -0.1466 0.9853 0.0872
vn -0.1136 0.9650 -0.2363
vn -0.1288 0.9865 -0.1016
vn -0.5047 -0.8493 -0.1545
vn -0.4124 -0.8601 -0.3003
vn -0.5435 -0.8351 -0.0848
vn 0.3907 -0.6888 -0.6106
vn 0.4941 -0.5645 -0.6612
vn 0.4177 -0.6594 -0.6250
vn 0.8938 0.2617 -0.3641
vn 0.7131 0.6570 -0.2448
vn 0.8403 0.3923 -0.3742
vn 0.9542 0.2368 -0.1827
vn -0.3305 -0.9428 -0.0429
vn -0.3279 -0.9437 -0.0430
vn 0.5769 -0.8102 0.1037
vn 0.8031 0.5891 0.0895
vn 0.8075 0.5808 0.1036
vn 0.7606 0.6482 0.0350
vn 0.0844 0.9878 0.1305
vn -0.9690 0.2463 -0.0187
vn -0.7408 0.6702 0.0451
vn 0.3393 0.9327 0.1226
vn 0.3276 0.9257 -0.1889
vn 0.3376 0.9407 -0.0325
vn -0.3523 -0.9349 0.0423
vn -0.1395 -0.9822 -0.1259
vn -0.5059 -0.8540 -0.1213
vn -0.8790 -0.4681 -0.0910
vn -0.8695 -0.4869 -0.0834
vn -0.8489 -0.5242 -0.0683
vn 0.6257 -0.7629 0.1625
vn -0.9976 0.0609 -0.0343
vn -0.9923 0.0970 -0.0776
vn -0.9816 0.1390 -0.1310
vn -0.5464 0.8366 0.0388
vn 0.0736 0.9953 0.0636
vn 0.0178 0.9987 0.0474
vn 0.2094 0.9725 0.1024
vn 0.6916 -0.7220 0.0218
vn -0.9689 -0.2159 -0.1208
vn 0.9594 -0.1948 0.2037
vn 0.9727 0.1784 0.1486
vn 0.9698 0.2088 0.1258
vn 0.9281 0.3201 0.1899
vn 0.9710 0.2154 0.1038
vn 0.9933 0.0876 0.0759
vn -0.9900 -0.1005 -0.0993
vn -0.3571 -0.3027 0.8837
vn -0.4644 -0.2819 0.8396
vn -0.6091 -0.3353 0.7188
vn -0.9640 0.2303 -0.1331
vn -0.9652 0.2208 -0.1400
vn -0.9823 0.1781 -0.0575
vn -0.9581 0.2610 -0.1177
vn -0.0313 -0.9842 -0.1741
vn 0.0399 -0.9969 -0.0673
vn 0.0656 -0.9926 -0.1023
vn 0.0614 -0.9158 -0.3969
vn 0.6838 -0.2476 -0.6863
vn 0.0397 -0.9934 -0.1072
vn -0.3904 -0.9008 -0.1901
vn -0.7216 -0.5956 -0.3529
vn 0.6134 0.4153 -0.6718
vn 0.2870 0.9304 -0.2281
vn 0.3362 0.9418 0.0082
vn 0.1385 0.9089 -0.3933
vn 0.2054 -0.2490 -0.9465
vn 0.1853 -0.2947 -0.9374
vn -0.9872 0.0054 0.1593
vn -0.0562 0.4975 -0.8657
vn 0.0317 0.0117 -0.9994
vn -0.4568 0.8854 -0.0863
vn -0.3978 0.9047 -0.1524
vn -0.0278 0.9467 -0.3210
vn -0.3956 0.1083 -0.9120
vn -0.1483 0.5237 -0.8389
vn 0.0002 1.0000 -0.0053
vn 0.6912 -0.7052 0.1576
vn 0.7232 0.6313 0.2801
vn 0.0603 0.9923 0.1085
vn 0.1298 0.9886 0.0759
vn 0.3416 0.7788 0.5261
vn 0.1913 0.9609 0.2003
vn -0.1700 -0.9841 -0.0515
vn -0.0095 0.9999 0.0079
vn 0.0517 0.9985 0.0153
vn 0.1256 0.9919 0.0195
vn -0.5379 -0.8336 0.1256
vn -0.7440 0.3677 0.5580
vn -0.0717 0.9166 0.3934
vn -0.3882 -0.9201 0.0515
vn -0.4090 -0.9111 -0.0501
vn -0.4766 -0.8781 -0.0422
vn -0.4340 -0.9001 -0.0376
vn 0.7119 -0.7018 0.0267
vn 0.9006 -0.4342 -0.0193
vn 0.7374 -0.6751 0.0216
vn 0.7646 0.6333 0.1195
vn -0.6272 -0.7560 -0.1873
vn 0.5171 -0.5314 -0.6710
vn 0.8252 -0.2909 -0.4842
vn 0.5951 0.7978 0.0967
vn -0.9839 0.1734 -0.0438
vn 0.4374 0.8888 0.1367
vn -0.9156 -0.3990 -0.0490
vn 0.6659 -0.7300 0.1536
vn -0.4525 0.8865 0.0967
vn 0.9980 0.0110 0.0625
vn 0.9996 -0.0021 -0.0293
vn 0.9983 -0.0063 -0.0582
vn -0.9698 -0.2122 -0.1203
vn 0.9757 0.1609 0.1488
vn -0.9956 -0.0854 -0.0378
vn -0.0155 -0.9828 -0.1840
vn -0.0816 -0.9901 -0.1145
vn 0.3249 -0.7688 -0.5508
vn 0.2786 -0.8676 -0.4119
vn 0.2355 -0.8896 -0.3914
vn -0.0267 -0.9990 -0.0360
vn -0.0092 -0.9997 -0.0207
vn 0.8345 -0.1419 -0.5324
vn -0.9023 -0.2430 -0.3562
vn -0.7851 -0.5150 -0.3441
vn 0.3180 0.9440 0.0882
vn 0.2702 0.9592 0.0830
vn -0.7075 -0.2294 -0.6684
vn -0.6069 -0.2632 -0.7499
vn -0.7279 -0.2340 -0.6445
vn 0.3580 -0.9324 -0.0492
vn 0.3891 0.9159 0.0983
vn 0.2954 -0.4993 -0.8145
vn 0.2756 -0.5492 -0.7890
vn -0.3937 -0.0685 -0.9167
vn 0.0728 0.9632 -0.2587
vn -0.0089 0.0009 -1.0000
vn -0.0106 0.1680 -0.9857
vn -0.0001 0.8766 -0.4813
vn 0.3917 -0.9144 -0.1025
vn 0.4053 -0.8698 -0.2814
vn -0.2988 0.9543 -0.0002
vn -0.3460 0.3108 -0.8853
vn -0.1972 0.1480 -0.9691
vn -0.2222 0.2664 -0.9379
vn 0.9533 -0.1758 -0.2457
vn -0.2212 0.9739 -0.0510
vn -0.1315 0.9900 0.0508
vn -0.5764 0.7933 0.1961
vn -0.2215 -0.7764 0.5900
vn -0.1928 -0.8235 0.5335
vn -0.0196 -0.9842 0.1760
vn -0.1255 -0.9919 -0.0221
vn -0.6051 -0.7837 0.1401
vn 0.1449 0.9890 0.0294
vn -0.7369 0.3909 0.5516
vn -0.1541 -0.9870 -0.0447
vn 0.2405 -0.9638 -0.1151
vn -0.6765 0.3651 -0.6396
vn -0.6909 0.1073 -0.7150
vn -0.0833 0.8952 -0.4379
vn -0.5701 -0.8209 -0.0315
vn 0.6653 0.6767 -0.3154
vn 0.5945 0.7984 0.0956
vn 0.6059 0.7938 0.0524
vn 0.6953 0.7104 0.1090
vn 0.8002 0.5974 0.0540
vn 0.9469 0.3196 0.0340
vn 0.9117 -0.3439 0.2249
vn 0.2391 0.9647 0.1107
vn -0.6741 -0.7116 -0.1981
vn 0.8115 -0.5728 -0.1156
vn -0.9967 -0.0741 -0.0329
vn 0.7571 0.1416 0.6378
vn 0.9651 -0.0032 0.2617
vn -0.9972 0.0596 -0.0441
vn -0.2926 -0.8701 0.3967
vn -0.1785 -0.9231 0.3405
vn -0.1784 -0.9276 0.3283
vn -0.0670 -0.9155 0.3968
vn -0.0662 -0.9184 0.3900
vn -0.1404 -0.9566 0.2554
vn -0.0650 -0.9878 0.1415
vn 0.0390 -0.9964 0.0753
vn 0.0061 -0.9980 -0.0630
vn 0.5380 -0.5430 -0.6447
vn 0.5589 -0.6244 -0.5457
vn 0.5266 -0.7168 -0.4570
vn 0.5803 -0.4496 -0.6790
vn 0.0689 -0.9950 -0.0729
vn 0.0588 -0.9963 -0.0630
vn 0.7893 0.3190 -0.5246
vn 0.2891 0.9520 0.1008
vn 0.2206 -0.5959 -0.7721
vn 0.1836 -0.5966 -0.7812
vn 0.2218 -0.7385 -0.6368
vn -0.7897 -0.4842 -0.3768
vn 0.1127 -0.4596 -0.8810
vn -0.3818 -0.1498 -0.9120
vn -0.9536 -0.0882 -0.2877
vn -0.1585 0.7318 -0.6628
vn -0.2595 0.8578 -0.4436
vn -0.1675 0.7348 -0.6572
vn -0.1428 0.5842 -0.7990
vn 0.0519 -0.1502 -0.9873
vn -0.6464 0.7511 -0.1343
vn -0.2147 0.7514 -0.6239
vn 0.1555 -0.6478 -0.7458
vn 0.0245 -0.1999 -0.9795
vn -0.0496 0.9789 -0.1982
vn 0.1235 -0.9921 0.0194
vn -0.1269 -0.9871 0.0980
vn -0.1516 -0.9834 0.0996
vn -0.9889 -0.0900 0.1185
vn 0.7569 -0.3168 -0.5716
vn 0.7993 -0.4142 -0.4354
vn 0.7057 -0.2307 -0.6699
vn 0.2237 0.9673 -0.1199
vn -0.0028 0.1046 -0.9945
vn 0.0091 0.0341 -0.9994
vn -0.8713 -0.1342 0.4720
vn 0.0471 -0.0668 -0.9967
vn 0.1294 -0.6050 -0.7856
vn -0.2662 0.7308 -0.6286
vn -0.1535 0.8747 -0.4598
vn -0.1860 0.8651 -0.4658
vn -0.1870 0.8629 -0.4695
vn -0.8938 0.3593 0.2683
vn -0.0246 0.3047 -0.9521
vn 0.5728 -0.8190 0.0350
vn 0.3561 0.9299 0.0919
vn 0.2117 0.9745 0.0748
vn 0.9908 0.0255 0.1329
vn -0.0020 -0.9904 0.1382
vn -0.1283 -0.9912 -0.0317
vn 0.1561 0.9850 0.0735
vn 0.1520 0.9881 0.0253
vn -0.1255 0.9868 0.1022
vn 0.9153 -0.4020 -0.0241
vn 0.5093 0.8582 0.0640
vn 0.5268 0.8494 -0.0304
vn 0.9384 0.3443 -0.0294
vn -0.4756 -0.7197 -0.5058
vn -0.4532 -0.3503 -0.8197
vn -0.4096 0.1147 -0.9050
vn 0.0657 0.9731 -0.2207
vn 0.1663 0.9731 -0.1595
vn 0.0951 -0.0557 -0.9939
vn 0.2001 0.8353 -0.5121
vn -0.1004 -0.5242 -0.8457
vn 0.5212 0.3297 -0.7872
vn 0.5286 -0.2226 -0.8192
vn -0.6342 -0.7690 -0.0803
vn 0.4723 0.8777 0.0807
vn 0.5043 0.8576 0.1008
vn 0.5140 0.8547 0.0729
vn -0.6681 -0.7428 -0.0442
vn -0.9557 0.2384 0.1729
vn 0.5560 -0.8258 0.0943
vn 0.9809 0.0928 0.1710
vn -0.8033 -0.5793 -0.1384
vn 0.8031 0.5940 0.0477
vn -0.8769 0.4778 -0.0526
vn -0.9909 0.1242 -0.0525
vn -0.0010 -0.9368 -0.3500
vn 0.8571 -0.4092 -0.3128
vn 0.9104 0.4079 0.0700
vn 0.9107 0.4072 0.0689
vn -0.3993 0.8129 -0.4239
vn -0.4021 0.8109 -0.4251
vn -0.0480 -0.8873 -0.4587
vn -0.2977 -0.8067 -0.5106
vn -0.9381 -0.3288 -0.1088
vn -0.9047 -0.3944 -0.1612
vn 0.9039 0.3798 0.1968
vn -0.5797 0.0111 0.8147
vn -0.9643 -0.0523 0.2597
vn -0.4321 0.0758 0.8986
vn -0.5051 -0.1353 0.8524
vn 0.5847 -0.0084 0.8112
vn -0.0800 0.3292 0.9409
vn 0.1892 -0.2853 0.9396
vn 0.9932 -0.1132 0.0280
vn 0.0321 -0.5179 0.8548
vn 0.1325 -0.2769 0.9517
vn 0.0364 -0.5068 0.8613
vn 0.8832 0.1192 -0.4536
vn 0.6994 0.3789 -0.6060
vn -0.8771 -0.3484 -0.3306
vn 0.3321 0.9431 -0.0176
vn 0.2352 0.9703 0.0575
vn 0.2207 0.7726 0.5954
vn 0.1478 0.2914 0.9451
vn 0.1317 0.4124 0.9014
vn -0.6435 -0.3359 -0.6878
vn 0.2551 0.6217 0.7406
vn 0.2803 0.6542 0.7024
vn 0.2823 0.6596 0.6966
vn 0.3330 -0.9162 -0.2228
vn 0.2599 -0.8393 -0.4775
vn -0.5661 -0.4091 -0.7156
vn -0.5050 -0.2981 -0.8100
vn -0.5270 -0.8228 -0.2127
vn -0.0082 0.9722 -0.2341
vn 0.0125 0.9521 -0.3056
vn 0.1768 -0.9842 -0.0108
vn 0.4434 -0.8023 -0.3996
vn 0.1920 -0.7910 -0.5809
vn -0.6706 0.7232 -0.1652
vn 0.1680 -0.8638 -0.4750
vn 0.6000 -0.0897 -0.7950
vn -0.2185 -0.3336 -0.9170
vn -0.0875 -0.2186 -0.9719
vn -0.0527 -0.1087 -0.9927
vn -0.1845 -0.1345 -0.9736
vn -0.1326 0.0118 -0.9911
vn -0.1475 0.6436 -0.7510
vn 0.1398 -0.7590 -0.6359
vn -0.0178 -0.2192 -0.9755
vn -0.0406 -0.4303 -0.9018
vn 0.1287 -0.7942 -0.5938
vn 0.1361 -0.8695 -0.4749
vn 0.1248 -0.8634 -0.4888
vn -0.1271 0.9913 0.0330
vn -0.1328 0.5602 -0.8177
vn -0.1537 0.5740 -0.8043
vn -0.0876 0.5289 -0.8441
vn 0.0858 -0.5055 -0.8585
vn 0.0045 -0.4331 -0.9013
vn -0.1760 0.9197 -0.3511
vn -0.0663 0.5135 -0.8555
vn 0.0144 0.2435 -0.9698
vn 0.0453 0.4576 -0.8880
vn 0.0228 0.5514 -0.8339
vn 0.1426 -0.9875 -0.0672
vn -0.0721 0.5954 -0.8002
vn -0.0054 0.3770 -0.9262
vn 0.0184 0.0272 -0.9995
vn 0.8112 -0.5694 0.1328
vn 0.7754 -0.6242 0.0959
vn 0.4627 -0.8714 -0.1628
vn -0.0134 0.3556 -0.9345
vn 0.0846 -0.3760 -0.9228
vn 0.0706 -0.3598 -0.9303
vn 0.0665 -0.3551 -0.9325
vn 0.1016 -0.7430 -0.6615
vn 0.1071 -0.8414 -0.5297
vn 0.1070 -0.7542 -0.6479
vn 0.0227 0.2268 -0.9737
vn -0.2238 -0.8654 0.4484
vn -0.0865 0.7573 -0.6473
vn -0.0443 0.6187 -0.7843
vn -0.0139 0.3519 -0.9359
vn 0.0637 -0.2336 -0.9702
vn 0.0614 -0.2430 -0.9681
vn 0.0396 -0.3297 -0.9433
vn 0.0077 -0.2299 -0.9732
vn -0.0202 0.3862 -0.9222
vn 0.0371 -0.2464 0.9685
vn -0.2359 -0.2634 0.9354
vn -0.0944 0.9923 0.0807
vn 0.0377 -0.3383 -0.9403
vn -0.0063 0.2042 -0.9789
vn 0.1195 -0.5871 0.8006
vn -0.1814 0.9109 0.3706
vn 0.0117 0.2580 -0.9661
vn 0.0120 0.2506 -0.9680
vn 0.0022 -0.0776 -0.9970
vn -0.0648 0.7957 -0.6023
vn -0.0232 0.2288 -0.9732
vn 0.0088 -0.4437 -0.8962
vn 0.0066 -0.2424 -0.9702
vn 0.3468 -0.8285 0.4396
vn 0.0549 0.7452 0.6646
vn 0.1235 0.6802 0.7225
vn 0.5849 -0.1603 0.7951
vn -0.0713 0.6431 0.7625
vn 0.0036 -0.0715 -0.9974
vn 0.0464 -0.6040 -0.7957
vn 0.0467 -0.4950 -0.8676
vn 0.0456 -0.5005 -0.8646
vn 0.0398 -0.8273 -0.5603
vn -0.0057 -0.3790 -0.9254
vn 0.0309 -0.6114 -0.7907
vn -0.0549 0.6916 -0.7202
vn -0.0037 0.3940 -0.9191
vn -0.0067 0.2150 -0.9766
vn 0.0185 -0.4067 -0.9134
vn 0.0189 -0.1685 -0.9855
vn 0.0192 0.0956 -0.9952
vn 0.0033 0.1463 -0.9892
vn -0.5855 -0.7843 -0.2050
vn 0.4259 0.9033 0.0524
vn -0.4824 -0.8483 -0.2184
vn -0.4960 -0.8361 -0.2345
vn -0.5170 -0.8517 -0.0849
vn -0.5215 -0.8529 -0.0264
vn -0.0267 0.4630 -0.8859
vn 0.3020 0.7650 -0.5689
vn 0.4782 0.8552 -0.1998
vn 0.4098 0.8969 -0.1660
vn 0.1346 0.1475 -0.9799
vn 0.5302 0.6960 -0.4841
vn -0.9120 -0.4097 0.0172
vn -0.9821 0.0917 0.1648
vn -0.3108 0.9144 0.2594
vn -0.1930 0.9739 0.1197
vn 0.0600 0.9949 -0.0805
vn 0.2295 0.9622 0.1468
vn 0.9370 -0.3490 0.0147
vn 0.9679 0.0643 -0.2431
vn 0.9748 -0.2126 -0.0680
vn 0.8008 0.5969 0.0493
vn 0.8098 0.5845 0.0508
vn 0.8002 0.5977 0.0496
vn -0.9053 -0.3114 -0.2890
vn -0.8842 -0.2842 -0.3707
vn -0.7651 -0.1786 -0.6186
vn -0.6690 0.6724 -0.3167
vn 0.6523 0.7578 -0.0140
vn 0.8402 -0.4267 -0.3347
vn 0.9150 0.3615 -0.1792
vn -0.9368 -0.2924 -0.1921
vn -0.9688 0.1754 -0.1752
vn -0.9203 -0.2976 -0.2540
vn -0.9660 -0.0943 -0.2407
vn -0.8669 -0.0781 -0.4923
vn 0.6688 0.7394 -0.0778
vn 0.4902 -0.7088 -0.5073
vn 0.6465 -0.3915 -0.6548
vn 0.5687 -0.5786 -0.5846
vn 0.7258 -0.3917 -0.5656
vn -0.9864 -0.1614 -0.0302
vn -0.6558 0.3914 0.6456
vn -0.2791 0.2137 0.9362
vn -0.5723 0.3541 0.7396
vn -0.6188 0.2393 0.7482
vn -0.1811 0.1644 0.9696
vn 0.3155 0.2625 0.9119
vn 0.7426 0.3314 0.5820
vn -0.5950 -0.3805 0.7079
vn 0.7604 -0.2638 0.5935
vn -0.3330 -0.7939 0.5088
vn -0.3122 -0.8063 0.5024
vn -0.1481 -0.8247 0.5458
vn 0.5899 -0.6117 0.5271
vn -0.2898 -0.8707 0.3974
vn -0.1761 -0.4498 0.8756
vn -0.2270 -0.4295 0.8741
vn -0.0989 -0.4800 0.8717
vn -0.3040 -0.3930 0.8678
vn -0.0728 -0.3417 0.9370
vn -0.0390 -0.1941 0.9802
vn 0.0102 -0.2869 0.9579
vn -0.1912 -0.0029 0.9816
vn 0.1800 -0.8996 0.3979
vn 0.0532 -0.0438 0.9976
vn 0.2554 0.1191 0.9595
vn -0.2092 0.0343 0.9773
vn -0.0099 -0.9988 -0.0481
vn 0.1064 0.1221 0.9868
vn 0.5771 0.7853 -0.2242
vn 0.6289 0.6969 -0.3448
vn -0.8158 -0.4274 -0.3897
vn -0.0656 0.3939 0.9168
vn 0.2995 0.9514 -0.0720
vn 0.4232 0.8996 -0.1076
vn 0.0565 0.7284 0.6828
vn 0.1949 0.7955 0.5737
vn 0.2540 0.6173 0.7446
vn 0.2953 -0.9171 -0.2678
vn 0.3520 0.8925 0.2821
vn -0.0154 -0.9963 -0.0844
vn -0.1421 -0.5356 -0.8324
vn 0.0404 -0.8820 -0.4696
vn -0.1250 -0.5788 -0.8058
vn -0.5033 -0.5122 -0.6959
vn -0.3173 -0.4703 -0.8235
vn 0.2035 -0.8745 -0.4403
vn -0.2728 -0.0904 -0.9578
vn -0.0123 0.1632 -0.9865
vn -0.3180 -0.0180 -0.9479
vn -0.3373 0.9301 -0.1455
vn -0.9933 0.0300 0.1116
vn 0.3955 -0.2451 -0.8852
vn 0.1519 -0.9371 -0.3143
vn -0.8601 -0.3173 0.3995
vn -0.0307 -0.4541 -0.8904
vn 0.1307 -0.7927 -0.5954
vn -0.0986 0.6754 -0.7308
vn 0.0019 -0.5202 -0.8541
vn 0.5352 -0.7985 -0.2755
vn 0.0474 0.4660 -0.8835
vn -0.0736 0.4298 -0.8999
vn -0.0382 0.6540 -0.7555
vn 0.0052 -0.5232 -0.8522
vn 0.0650 -0.8021 -0.5937
vn 0.0517 -0.9385 -0.3415
vn 0.0647 -0.8047 -0.5901
vn 0.0024 -0.6442 -0.7649
vn -0.0971 0.8612 -0.4988
vn 0.0185 -0.6995 -0.7144
vn -0.4492 0.2527 0.8569
vn -0.0102 0.9989 0.0465
vn -0.0837 0.8460 -0.5266
vn 0.0036 0.6829 -0.7305
vn 0.5504 -0.7589 0.3480
vn -0.4152 0.8549 0.3111
vn 0.0278 -0.7292 -0.6837
vn 0.0215 -0.7377 -0.6748
vn 0.0060 0.7366 -0.6763
vn 0.6170 -0.3282 0.7153
vn -0.0658 0.8271 -0.5582
vn 0.0488 -0.8347 -0.5486
vn -0.1321 -0.9905 -0.0378
vn 0.4304 0.5056 0.7478
vn -0.1617 -0.9868 0.0050
vn -0.1272 -0.9912 0.0361
vn -0.1740 -0.9826 0.0652
vn 0.9607 0.1811 0.2105
vn -0.0405 0.7728 -0.6333
vn -0.0065 0.5589 -0.8292
vn -0.0154 0.6953 -0.7185
vn 0.0769 0.6345 -0.7691
vn -0.7424 -0.6595 0.1183
vn -0.3488 -0.9359 -0.0495
vn -0.7521 -0.6591 0.0021
vn -0.0236 0.6123 -0.7903
vn -0.0669 0.8008 -0.5952
vn -0.0362 0.7657 -0.6422
vn -0.0226 0.6333 -0.7736
vn -0.9146 0.1817 0.3612
vn -0.0432 -0.9506 -0.3073
vn -0.2639 -0.9627 -0.0600
vn 0.8939 0.4207 -0.1545
vn 0.6102 0.7807 -0.1346
vn -0.4396 -0.8981 0.0120
vn -0.4758 -0.8794 -0.0178
vn 0.4910 0.8655 0.0989
vn -0.5054 -0.7542 0.4191
vn 0.4052 0.9137 -0.0322
vn 0.5742 0.8169 0.0546
vn 0.6469 0.7623 -0.0196
vn 0.3946 0.5061 0.7669
vn 0.6044 0.7904 0.1000
vn 0.7168 0.6215 0.3162
vn 0.6594 0.7263 0.1942
vn 0.2974 -0.8922 -0.3400
vn 0.4292 -0.7977 -0.4236
vn -0.4787 -0.8717 -0.1049
vn 0.8421 -0.3911 -0.3713
vn 0.6809 -0.5738 -0.4551
vn 0.9271 0.1461 -0.3451
vn -0.8232 0.1474 -0.5483
vn 0.3034 0.8744 -0.3787
vn -0.1800 -0.7590 -0.6257
vn -0.3044 -0.7414 -0.5980
vn 0.8149 0.1281 -0.5653
vn -0.5437 0.2568 -0.7990
vn 0.7898 0.5721 -0.2209
vn 0.4431 0.7254 -0.5268
vn 0.8858 0.4592 -0.0669
vn 0.4727 0.7084 -0.5241
vn -0.3408 -0.3382 -0.8772
vn 0.6746 -0.2914 -0.6783
vn 0.9862 0.0730 -0.1488
vn 0.9864 -0.0213 -0.1632
vn 0.9708 0.2391 0.0213
vn -0.6515 0.4580 0.6048
vn 0.7283 -0.4782 0.4909
vn 0.9912 0.1225 0.0510
vn 0.9987 0.0215 0.0463
vn 0.1781 -0.9481 -0.2634
vn 0.0802 -0.9792 -0.1866
vn 0.7230 -0.4321 -0.5390
vn -0.3408 0.0786 0.9368
vn 0.7934 -0.2779 -0.5416
vn 0.3084 -0.0459 0.9501
vn -0.6496 -0.7235 -0.2337
vn 0.2377 0.9532 0.1869
vn -0.0052 0.7670 0.6416
vn 0.1503 0.8742 0.4618
vn 0.3764 -0.9265 0.0022
vn 0.4195 0.4146 0.8075
vn 0.4925 0.0825 0.8664
vn 0.2714 0.2411 0.9318
vn 0.4086 0.9086 0.0864
vn 0.4846 0.7490 0.4519
vn 0.4726 0.8000 0.3696
vn 0.4431 0.8904 0.1045
vn 0.2907 -0.9039 -0.3138
vn -0.0044 -0.9983 -0.0576
vn 0.0369 -0.9993 -0.0063
vn 0.0132 -0.9984 -0.0550
vn -0.1782 -0.5602 -0.8090
vn -0.2751 -0.5921 -0.7574
vn -0.1952 -0.5907 -0.7830
vn -0.2702 0.9625 -0.0261
vn -0.0689 -0.6814 -0.7286
vn -0.1170 -0.7582 -0.6415
vn -0.0784 -0.8145 -0.5749
vn -0.2608 0.9186 -0.2968
vn -0.0691 -0.6063 -0.7922
vn 0.1294 0.7780 -0.6149
vn 0.0813 0.9162 -0.3924
vn -0.2307 0.8540 -0.4663
vn 0.2139 -0.8528 -0.4765
vn 0.1829 -0.8995 -0.3967
vn -0.0031 -0.7076 -0.7066
vn -0.9933 0.0306 0.1116
vn -0.4734 0.8799 0.0416
vn -0.1210 0.9743 -0.1900
vn -0.2231 0.8795 -0.4203
vn -0.1955 0.9161 -0.3501
vn -0.1567 0.8715 -0.4647
vn -0.0123 -0.8449 -0.5347
vn -0.0197 -0.8044 -0.5938
vn -0.1073 0.8377 -0.5355
vn -0.1415 -0.9784 0.1505
vn 0.8950 -0.4438 -0.0443
vn 0.0986 -0.7423 -0.6628
vn 0.0098 -0.8128 -0.5825
vn -0.7258 -0.5194 0.4510
vn 0.6753 0.7092 -0.2023
vn 0.0294 0.6831 -0.7298
vn 0.0223 0.7996 -0.6002
vn -0.0144 -0.8783 -0.4779
vn 0.0293 -0.9076 -0.4187
vn -0.7891 0.2476 0.5622
vn -0.4042 0.8655 0.2959
vn 0.0444 -0.9011 -0.4314
vn 0.4647 -0.8802 0.0963
vn 0.0158 0.8585 -0.5127
vn 0.9536 0.0873 0.2881
vn -0.0674 0.8666 -0.4944
vn 0.0153 0.6779 -0.7350
vn 0.0360 0.8551 -0.5172
vn -0.0119 0.8639 -0.5036
vn -0.0092 0.7937 -0.6082
vn -0.0079 0.8940 -0.4481
vn -0.9696 -0.2447 -0.0051
vn -0.7160 0.6945 0.0707
vn 0.5980 -0.7178 -0.3566
vn -0.5237 -0.8488 0.0727
vn -0.5232 -0.8356 0.1674
vn 0.4825 0.8699 0.1022
vn -0.5118 -0.8591 0.0009
vn -0.1085 -0.7802 0.6160
vn -0.4579 -0.8809 0.1199
vn -0.5290 -0.8474 -0.0461
vn -0.8480 -0.5247 -0.0746
vn -0.4129 0.2509 -0.8755
vn 0.6024 0.7978 -0.0267
vn 0.0167 -0.1353 -0.9907
vn 0.0316 0.0115 -0.9994
vn 0.0427 0.1249 -0.9912
vn -0.3654 -0.0231 -0.9306
vn -0.8133 -0.4937 -0.3079
vn 0.8176 0.3165 -0.4810
vn -0.5699 -0.3391 -0.7485
vn 0.0048 -0.2471 -0.9690
vn 0.5687 0.1852 -0.8014
vn -0.8447 -0.5313 -0.0648
vn 0.3617 -0.0995 -0.9270
vn -0.3979 -0.1799 -0.8996
vn -0.5653 -0.3618 -0.7413
vn -0.4304 -0.2135 -0.8770
vn -0.8049 -0.2059 -0.5566
vn 0.0997 0.2609 -0.9602
vn 0.2635 0.3324 -0.9056
vn 0.2073 0.3259 -0.9224
vn 0.3033 0.3327 -0.8929
vn -0.5904 -0.3915 -0.7058
vn 0.4780 0.0446 -0.8772
vn 0.1559 0.3240 -0.9331
vn -0.5599 -0.4014 -0.7248
vn 0.4028 -0.0906 -0.9108
vn 0.9414 0.2054 -0.2674
vn 0.9170 0.1056 -0.3847
vn 0.9707 0.2354 -0.0484
vn 0.9620 0.2714 -0.0304
vn -0.9538 -0.2993 -0.0264
vn -0.9577 -0.2848 0.0421
vn -0.9971 -0.0713 -0.0272
vn -0.9461 0.3178 0.0620
vn -0.0412 0.8641 0.5016
vn -0.2903 0.7699 0.5683
vn -0.1877 0.8162 0.5463
vn 0.0554 0.8840 0.4641
vn 0.5724 0.6560 0.4919
vn -0.1765 -0.9842 0.0137
vn 0.7674 -0.4553 0.4515
vn -0.9619 -0.2715 -0.0319
vn -0.9998 -0.0185 0.0063
vn -0.9926 0.0798 -0.0910
vn -0.9895 0.1401 0.0343
vn -0.0167 -0.9820 -0.1880
vn -0.3742 -0.3107 0.8737
vn -0.4891 -0.0395 0.8713
vn 0.3183 -0.8363 0.4464
vn 0.4801 -0.3630 0.7985
vn 0.5212 -0.2337 0.8208
vn 0.5011 -0.0808 0.8616
vn 0.5044 -0.0544 0.8618
vn -0.8188 -0.5240 -0.2344
vn -0.8473 -0.5104 -0.1471
vn -0.8120 -0.5459 -0.2065
vn -0.3493 0.0550 0.9354
vn -0.3416 0.0497 0.9385
vn -0.1103 0.5089 0.8537
vn 0.0622 0.9236 0.3784
vn -0.7072 -0.5079 -0.4918
vn 0.2682 -0.9564 -0.1154
vn 0.4651 0.3842 0.7975
vn -0.6065 -0.6217 -0.4956
vn 0.2342 -0.9407 -0.2456
vn -0.2657 -0.6468 -0.7149
vn -0.3797 -0.6965 -0.6089
vn -0.4307 -0.7719 -0.4675
vn -0.3892 -0.7697 -0.5060
vn -0.4565 0.8896 -0.0165
vn -0.2498 0.8856 -0.3915
vn -0.1827 0.9704 -0.1580
vn -0.0422 -0.9185 -0.3932
vn -0.9728 -0.2111 -0.0955
vn -0.2542 0.9362 -0.2429
vn -0.0776 0.9879 -0.1345
vn 0.0986 -0.9635 -0.2488
vn -0.1435 0.8818 -0.4492
vn 0.0888 -0.9752 -0.2029
vn -0.0711 0.8592 -0.5067
vn 0.0162 0.7781 -0.6279
vn -0.0340 0.8601 -0.5090
vn 0.0445 -0.9743 -0.2208
vn -0.7894 0.2807 0.5460
vn -0.9373 0.2239 0.2670
vn -0.9018 0.3231 0.2871
vn 0.0284 -0.9397 -0.3407
vn 0.9154 -0.3969 0.0668
vn 0.7474 0.6620 0.0554
vn 0.7770 0.6279 -0.0440
vn 0.7967 0.5900 -0.1311
vn 0.9443 0.2428 0.2221
vn -0.0664 0.8219 -0.5657
vn 0.1386 0.9903 0.0078
vn 0.0769 0.9964 0.0353
vn 0.0950 0.9955 -0.0005
vn -0.0134 0.8507 -0.5254
vn -0.0289 0.7675 -0.6404
vn -0.1709 0.9833 0.0631
vn -0.4115 -0.9113 -0.0093
vn -0.3561 -0.9328 -0.0564
vn -0.0707 -0.9601 -0.2708
vn 0.7944 0.0850 -0.6014
vn 0.3053 0.9516 0.0368
vn 0.3510 0.9291 0.1164
vn -0.3229 -0.4694 0.8218
vn -0.2029 -0.7184 0.6653
vn -0.3440 -0.5465 0.7635
vn -0.2706 -0.6431 0.7163
vn -0.1438 0.5942 0.7913
vn 0.4110 0.8325 0.3715
vn 0.1879 0.4036 0.8954
vn 0.4118 0.5667 0.7136
vn -0.1271 -0.7892 0.6008
vn 0.3208 -0.2867 0.9027
vn 0.3554 -0.2530 0.8998
vn 0.1622 -0.4179 0.8939
vn 0.5367 0.7108 0.4545
vn 0.7680 0.3470 0.5383
vn -0.9301 0.0336 -0.3657
vn -0.9100 -0.0852 -0.4057
vn -0.3553 0.8913 -0.2817
vn 0.3883 0.9205 -0.0432
vn -0.7465 -0.6645 -0.0352
vn -0.7210 -0.6893 0.0701
vn -0.7145 -0.6961 0.0707
vn 0.9203 0.1299 -0.3691
vn 0.7434 0.6681 0.0306
vn 0.7487 0.6621 0.0346
vn 0.7452 0.6661 0.0319
vn -0.6716 -0.1141 -0.7321
vn -0.7519 -0.5096 -0.4181
vn 0.6325 0.6404 -0.4357
vn 0.6127 0.6436 -0.4586
vn 0.9993 -0.0222 0.0314
vn 0.9944 -0.0997 -0.0336
vn 0.9998 -0.0073 -0.0204
vn -0.5360 -0.7137 0.4509
vn -0.1403 -0.9892 0.0426
vn -0.1667 -0.9855 0.0310
vn -0.2220 -0.9750 -0.0035
vn 0.1309 -0.9862 0.1012
vn 0.3187 -0.9478 0.0088
vn -0.0045 -0.9974 0.0726
vn 0.7648 -0.0946 0.6373
vn -0.6469 0.0768 0.7587
vn -0.6561 0.0371 0.7538
vn -0.6009 0.0314 0.7987
vn 0.8412 0.4169 -0.3443
vn -0.8717 -0.4309 -0.2333
vn -0.8476 -0.5083 -0.1522
vn -0.8959 -0.3606 -0.2594
vn 0.7455 -0.1412 0.6513
vn -0.0750 0.5165 0.8530
vn 0.6371 0.5054 0.5819
vn 0.5830 0.1014 0.8061
vn 0.7726 0.0776 0.6301
vn 0.7363 -0.0312 0.6759
vn 0.7651 0.0114 0.6438
vn 0.2565 0.9612 -0.1015
vn -0.1686 -0.8561 -0.4885
vn 0.1017 -0.9932 -0.0564
vn 0.1107 -0.9938 -0.0091
vn -0.5930 -0.7729 -0.2258
vn -0.9363 0.0519 -0.3475
vn -0.7250 -0.3905 -0.5674
vn -0.9120 -0.0464 -0.4075
vn 0.1242 -0.9708 -0.2050
vn -0.7065 0.5649 -0.4264
vn -0.3703 0.8853 -0.2812
vn -0.6037 0.7177 -0.3471
vn 0.1581 -0.9828 -0.0955
vn 0.7659 -0.4962 -0.4089
vn -0.0532 0.9392 -0.3393
vn -0.2111 0.9160 -0.3412
vn -0.4446 -0.8887 0.1121
vn 0.0460 -0.9985 0.0282
vn 0.0675 -0.9968 0.0435
vn 0.0703 -0.9963 0.0491
vn 0.8692 -0.2103 -0.4476
vn 0.0059 -0.9693 -0.2457
vn 0.0469 -0.9460 -0.3208
vn 0.8273 -0.3528 0.4371
vn -0.0983 -0.9899 0.1026
vn 0.0016 0.8533 -0.5214
vn 0.1565 0.9871 -0.0330
vn -0.3230 -0.9430 -0.0803
vn -0.9635 -0.1866 -0.1921
vn -0.0144 0.8095 -0.5869
vn -0.0119 0.8076 -0.5897
vn -0.7137 -0.6275 -0.3113
vn -0.8590 0.4428 -0.2571
vn -0.7570 0.5974 -0.2648
vn 0.0907 0.9876 -0.1284
vn 0.5389 -0.4004 -0.7411
vn -0.3474 -0.9353 0.0677
vn 0.7270 0.4041 -0.5551
vn 0.5404 0.7209 -0.4340
vn 0.5272 0.7225 -0.4473
vn 0.5391 0.7248 -0.4290
vn -0.8036 -0.5160 0.2966
vn -0.7010 -0.3281 0.6333
vn -0.6673 -0.2375 0.7059
vn -0.6672 -0.2341 0.7071
vn -0.2366 0.3691 0.8988
vn 0.1250 -0.4477 0.8854
vn 0.8051 0.5746 0.1472
vn 0.7207 0.6764 0.1521
vn 0.1306 0.2967 -0.9460
vn 0.3553 0.6096 -0.7086
vn 0.2372 0.4479 -0.8620
vn -0.6330 -0.2366 -0.7371
vn 0.2225 0.7176 -0.6599
vn -0.5970 -0.1604 -0.7860
vn -0.4094 -0.5872 -0.6982
vn -0.3279 -0.7205 -0.6110
vn -0.4651 -0.4657 -0.7528
vn -0.0233 -0.6464 -0.7626
vn 0.3536 -0.0676 -0.9330
vn 0.7735 0.4305 -0.4652
vn -0.7869 -0.6166 -0.0243
vn -0.7181 -0.1750 -0.6736
vn 0.8132 0.5795 0.0540
vn 0.8807 0.4709 0.0509
vn -0.9105 -0.4134 -0.0067
vn -0.9308 -0.3651 -0.0183
vn 0.9323 0.3577 0.0535
vn 0.9300 0.3573 0.0866
vn 0.9208 0.3820 0.0781
vn 0.9090 0.4126 0.0587
vn 0.7896 0.5008 -0.3545
vn -0.9432 0.3314 0.0250
vn -0.4282 0.9030 0.0341
vn -0.5919 0.8037 -0.0601
vn -0.4976 0.8674 -0.0036
vn -0.0896 -0.9941 -0.0615
vn -0.2302 -0.9726 -0.0326
vn 0.8905 -0.4430 0.1038
vn -0.5505 -0.6933 0.4651
vn -0.6039 -0.2228 0.7653
vn 0.7399 -0.5288 -0.4158
vn -0.5969 0.1257 0.7924
vn 0.0109 -0.9994 0.0340
vn 0.4611 0.8861 -0.0472
vn -0.4585 0.2632 0.8488
vn -0.1692 0.9264 0.3363
vn 0.4945 0.8352 0.2406
vn 0.1986 -0.9604 -0.1954
vn 0.1435 -0.9838 -0.1072
vn -0.0283 -0.9403 -0.3391
vn -0.0345 -0.9700 -0.2407
vn -0.6358 -0.4865 -0.5993
vn -0.2307 0.9231 -0.3078
vn 0.0038 -0.9326 -0.3610
vn -0.0220 -0.9697 -0.2434
vn 0.4062 -0.8766 -0.2581
vn -0.7882 0.4368 -0.4335
vn -0.1429 0.9715 -0.1892
vn -0.0147 0.9943 -0.1055
vn -0.1231 0.9878 -0.0954
vn -0.0204 -0.9998 0.0003
vn 0.8337 -0.2512 -0.4917
vn -0.0239 0.9996 -0.0138
vn -0.2519 0.9674 0.0256
vn -0.1322 0.9912 0.0048
vn 0.0375 0.9990 0.0223
vn -0.0505 0.9962 -0.0714
vn -0.0036 0.9997 -0.0222
vn -0.1026 0.9588 -0.2648
vn -0.0881 0.9594 -0.2681
vn -0.4058 -0.8736 -0.2686
vn -0.0265 0.9429 -0.3319
vn -0.0243 0.9739 -0.2257
vn -0.4903 0.8632 -0.1201
vn -0.2939 -0.9553 0.0331
vn -0.2993 -0.9537 0.0296
vn 0.1799 -0.4962 -0.8494
vn 0.5046 0.5458 -0.6690
vn -0.6147 0.6240 0.4824
vn 0.0517 0.9645 0.2589
vn -0.3280 -0.9437 0.0432
vn 0.4659 -0.8828 -0.0599
vn -0.2760 -0.9605 0.0365
vn 0.1890 -0.8306 0.5238
vn -0.6098 -0.7884 -0.0815
vn -0.6415 -0.7583 -0.1159
vn -0.6271 -0.7591 -0.1749
vn -0.6524 -0.7359 -0.1813
vn -0.6649 -0.7240 -0.1835
vn -0.5241 -0.2939 -0.7993
vn 0.3251 0.7659 -0.5547
vn 0.0920 0.6935 -0.7146
vn 0.4128 0.8382 -0.3563
vn 0.1425 0.7257 -0.6731
vn -0.6536 -0.7442 -0.1382
vn 0.4463 0.7272 -0.5216
vn 0.4491 0.2597 -0.8549
vn 0.7562 0.6535 -0.0324
vn -0.8319 -0.5539 -0.0349
vn -0.7658 -0.6185 0.1760
vn -0.8449 -0.5340 0.0311
vn -0.8506 -0.5257 0.0099
vn 0.8241 0.5654 0.0333
vn -0.9446 -0.3283 0.0014
vn -0.9434 -0.3309 0.0206
vn 0.9862 0.1647 0.0188
vn 0.9892 0.1232 0.0795
vn 0.9748 0.2202 0.0348
vn 0.3248 0.9443 -0.0530
vn 0.2375 0.9686 -0.0740
vn -0.0740 -0.9959 -0.0529
vn -0.8572 0.5109 -0.0653
vn 0.2075 -0.9721 -0.1097
vn 0.3335 -0.9138 -0.2318
vn 0.2695 -0.9565 -0.1121
vn 0.1969 -0.9695 0.1463
vn 0.5226 -0.8362 0.1666
vn 0.6012 -0.5995 0.5284
vn 0.8510 -0.3542 0.3877
vn 0.7042 -0.5913 0.3930
vn 0.7600 -0.2478 0.6009
vn 0.7603 -0.0371 0.6485
vn 0.8797 -0.3041 -0.3655
vn 0.8548 -0.3908 -0.3414
vn 0.0504 -0.9977 0.0443
vn 0.9799 0.1657 -0.1113
vn 0.9643 -0.0695 -0.2555
vn -0.8005 -0.5931 -0.0859
vn -0.1082 -0.9227 -0.3699
vn -0.3757 0.9262 -0.0324
vn 0.1735 -0.9722 -0.1575
vn -0.0392 0.9987 -0.0322
vn -0.4714 -0.8476 -0.2436
vn -0.4131 -0.8044 -0.4270
vn -0.3452 -0.7369 -0.5812
vn 0.3568 -0.8972 -0.2602
vn -0.1695 0.9766 -0.1325
vn 0.5489 0.1770 -0.8169
vn -0.1970 0.9732 -0.1183
vn -0.1545 0.9738 -0.1670
vn -0.0037 0.9650 -0.2621
vn -0.9214 -0.3678 0.1257
vn -0.6979 0.7109 0.0867
vn 0.0363 -0.9945 -0.0984
vn -0.0439 0.9502 -0.3086
vn -0.6068 0.7888 0.0983
vn -0.5663 0.8201 0.0818
vn 0.1325 -0.9896 0.0555
vn 0.8211 -0.5427 -0.1768
vn 0.9763 -0.0924 -0.1960
vn 0.9735 -0.1032 -0.2041
vn 0.9656 -0.1532 -0.2101
vn 0.0059 0.9685 -0.2488
vn -0.0269 0.8934 -0.4485
vn -0.0265 0.9804 -0.1954
vn -0.0015 0.9872 -0.1597
vn 0.0037 0.9711 -0.2385
vn 0.8090 0.5391 -0.2342
vn 0.2070 0.9765 -0.0602
vn -0.0045 0.9997 -0.0250
vn 0.0743 0.9965 -0.0382
vn 0.0171 0.9835 -0.1800
vn -0.3785 -0.8920 -0.2473
vn -0.4121 -0.4431 -0.7961
vn -0.0639 -0.9592 -0.2753
vn -0.0348 0.9344 -0.3544
vn -0.0337 0.9357 -0.3511
vn -0.3908 0.0308 -0.9200
vn 0.2283 0.8715 -0.4340
vn 0.2971 0.8322 -0.4682
vn 0.2575 0.8488 -0.4618
vn -0.5672 0.1519 -0.8094
vn -0.0628 0.9745 -0.2153
vn -0.0497 0.9731 -0.2249
vn -0.0417 0.9455 -0.3229
vn -0.0404 0.9462 -0.3211
vn 0.2228 0.4806 -0.8482
vn 0.0265 0.9061 -0.4222
vn 0.1347 0.9816 -0.1355
vn 0.3661 0.2883 -0.8848
vn 0.3936 0.8524 -0.3443
vn 0.4352 0.8989 0.0500
vn 0.3578 0.9337 0.0093
vn -0.9918 0.0993 0.0805
vn -0.8234 0.4062 0.3963
vn 0.0738 0.9678 0.2406
vn -0.6013 -0.7981 -0.0373
vn 0.4291 -0.8660 0.2568
vn 0.9911 -0.1152 0.0666
vn 0.6179 0.7863 -0.0027
vn -0.6709 -0.7243 -0.1589
vn 0.6678 0.7423 0.0547
vn 0.6700 0.7392 0.0685
vn 0.6817 0.7274 0.0789
vn 0.7973 0.6022 0.0418
vn 0.7307 0.6825 0.0128
vn 0.7980 0.6020 0.0286
vn 0.7938 0.6072 0.0351
vn 0.8248 0.5644 0.0354
vn 0.8018 0.5957 0.0473
vn 0.9448 0.3065 0.1157
vn -0.8296 0.5505 -0.0935
vn -0.6264 0.7752 -0.0818
vn 0.9958 -0.0843 0.0361
vn 0.9409 -0.3368 0.0372
vn 0.8146 -0.5789 0.0357
vn 0.9993 0.0149 0.0350
vn -0.6133 -0.0629 0.7873
vn 0.5367 -0.7796 -0.3228
vn 0.5806 -0.7533 -0.3089
vn -0.7463 0.1023 0.6577
vn -0.7112 -0.7012 -0.0499
vn -0.6705 -0.7373 -0.0827
vn -0.7349 -0.6408 -0.2222
vn -0.7495 -0.6105 -0.2560
vn 0.8256 -0.1565 0.5421
vn -0.3765 -0.8240 -0.4233
vn -0.3183 -0.8389 -0.4414
vn 0.1419 -0.9894 0.0300
vn -0.4194 0.9076 -0.0203
vn 0.1305 -0.9045 0.4060
vn -0.0138 -0.9767 -0.2144
vn -0.1543 0.9880 0.0086
vn -0.2816 -0.6642 -0.6925
vn 0.1209 -0.9871 -0.1046
vn -0.0193 -0.6688 -0.7432
vn -0.1927 -0.6088 -0.7696
vn -0.3726 -0.5218 -0.7674
vn 0.1646 -0.6838 -0.7108
vn 0.1511 -0.7046 -0.6934
vn -0.3866 0.3397 -0.8574
vn -0.1854 0.9779 -0.0971
vn -0.1426 0.9892 -0.0353
vn -0.2264 0.3593 -0.9053
vn -0.1527 0.4066 -0.9007
vn -0.3633 0.2604 -0.8945
vn -0.1587 0.9682 -0.1936
vn 0.3599 0.0470 -0.9318
vn -0.0017 0.4919 -0.8707
vn -0.0470 0.9931 -0.1079
vn -0.1203 0.9875 -0.1017
vn 0.9620 -0.1646 -0.2177
vn -0.0664 0.9523 -0.2978
vn -0.0785 0.9936 -0.0808
vn -0.2224 -0.9750 -0.0039
vn -0.2063 -0.8723 -0.4434
vn -0.1741 -0.8483 -0.5001
vn 0.2825 0.9581 -0.0475
vn 0.4348 0.8399 -0.3248
vn 0.7508 0.6596 0.0362
vn -0.8204 -0.5718 -0.0042
vn -0.8510 -0.5250 -0.0104
vn -0.8801 -0.4746 -0.0136
vn -0.8882 -0.4593 0.0060
vn 0.9164 0.3974 0.0472
vn -0.7316 0.6814 -0.0214
vn -0.6425 0.7597 -0.1002
vn 0.0867 0.9941 -0.0646
vn 0.8486 -0.4482 -0.2810
vn 0.8437 -0.4575 -0.2809
vn 0.8693 -0.1332 0.4759
vn 0.9063 -0.0806 0.4148
vn 0.7233 0.6718 -0.1599
vn 0.6566 0.7280 -0.1973
vn 0.6948 0.7167 -0.0594
vn -0.7789 -0.5908 -0.2105
vn -0.7554 0.5026 0.4204
vn -0.7659 0.4729 0.4355
vn -0.8371 0.3351 0.4323
vn 0.0677 -0.9950 0.0731
vn 0.3143 -0.9492 -0.0183
vn -0.6465 -0.6863 -0.3333
vn -0.4554 -0.7942 -0.4024
vn 0.0021 0.9986 -0.0528
vn 0.0587 -0.9898 0.1301
vn -0.1664 0.9841 -0.0623
vn 0.0393 -0.9973 0.0613
vn -0.1778 0.9783 -0.1060
vn -0.1681 0.9507 -0.2605
vn 0.0381 0.9331 -0.3575
vn -0.0690 0.9762 -0.2057
vn 0.0650 -0.9946 -0.0814
vn -0.1525 0.9871 -0.0477
vn 0.8077 0.0528 -0.5872
vn 0.7355 -0.5205 -0.4338
vn 0.8148 -0.1814 -0.5506
vn -0.0061 0.9897 -0.1433
vn -0.0630 0.9946 -0.0827
vn -0.0264 0.9890 -0.1456
vn -0.0412 0.9935 -0.1057
vn 0.2365 0.9703 -0.0509
vn 0.4853 0.4758 0.7335
vn 0.2636 0.9646 -0.0042
vn 0.0565 0.9983 0.0153
vn -0.3750 0.9212 -0.1039
vn 0.5610 -0.8247 -0.0723
vn 0.6311 0.7743 0.0470
vn -0.6909 -0.7019 0.1733
vn -0.6468 -0.7258 0.2341
vn 0.7072 0.7060 0.0374
vn 0.7029 0.7097 0.0486
vn -0.7345 -0.3762 0.5648
vn -0.5791 -0.6059 0.5455
vn -0.6892 -0.6429 0.3342
vn 0.7506 0.5893 0.2988
vn 0.7815 0.4896 0.3868
vn 0.7698 0.5342 0.3494
vn 0.8410 0.2361 0.4869
vn 0.8486 0.2208 0.4807
vn 0.7416 0.3817 0.5516
vn 0.9605 0.2454 0.1315
vn 0.8793 -0.1067 0.4642
vn 0.8143 0.2295 0.5332
vn 0.8627 -0.2211 0.4548
vn -0.8984 0.3297 -0.2902
vn -0.2837 0.8821 -0.3760
vn -0.5213 0.4816 -0.7045
vn -0.6528 -0.6512 -0.3871
vn -0.2589 -0.7972 -0.5454
vn -0.0479 -0.8162 -0.5758
vn -0.0343 -0.8222 -0.5682
vn 0.8836 -0.3230 -0.3391
vn 0.9992 0.0377 0.0158
vn 0.9841 -0.1728 -0.0403
vn -0.7963 0.0031 0.6049
vn -0.8871 0.0593 0.4578
vn -0.8588 0.1869 0.4771
vn -0.9220 0.1333 0.3636
vn -0.8314 -0.5556 -0.0056
vn -0.2620 0.9089 0.3244
vn 0.2172 0.9761 0.0100
vn 0.3635 -0.9315 -0.0151
vn 0.3431 0.9393 -0.0078
vn -0.2734 0.9610 -0.0411
vn -0.2656 0.9621 -0.0622
vn -0.2990 0.9514 -0.0738
vn 0.0025 -0.9998 -0.0185
vn -0.0090 -0.9939 0.1101
vn -0.1324 0.9910 0.0194
vn -0.0865 0.9961 0.0174
vn -0.1510 0.9883 0.0194
vn 0.0948 -0.9955 -0.0086
vn 0.0843 -0.9945 0.0621
vn 0.1277 -0.9884 0.0826
vn -0.5847 -0.7765 -0.2349
vn -0.7346 -0.4992 -0.4596
vn -0.7996 0.5274 -0.2873
vn 0.2308 -0.9350 -0.2691
vn 0.6705 -0.6459 -0.3651
vn -0.0999 -0.9927 0.0671
vn 0.8387 0.2753 -0.4699
vn 0.5670 0.8154 -0.1169
vn -0.0951 0.9926 -0.0755
vn -0.2567 -0.9654 0.0467
vn 0.1144 0.9934 0.0035
vn 0.1341 0.9909 0.0143
vn 0.0814 0.9952 0.0548
vn -0.2650 -0.9453 0.1901
vn -0.1439 -0.9693 0.1995
vn 0.3033 0.9528 0.0163
vn 0.2706 0.9626 -0.0159
vn 0.3100 0.9506 0.0168
vn 0.3621 -0.9019 -0.2354
vn 0.1229 -0.9767 -0.1760
vn -0.0035 -0.9899 -0.1418
vn 0.4488 -0.8572 -0.2526
vn 0.9836 -0.1591 -0.0850
vn 0.9521 -0.2937 -0.0853
vn 0.6741 0.7385 0.0169
vn 0.6877 0.7259 0.0115
vn 0.9185 0.3951 0.0149
vn 0.6011 0.7992 0.0056
vn -0.6676 -0.7443 0.0196
vn -0.7613 -0.6332 0.1400
vn -0.6930 -0.7078 0.1369
vn -0.7850 -0.4837 0.3872
vn -0.6867 -0.7058 0.1738
vn 0.6475 0.7620 -0.0005
vn 0.3339 -0.1685 0.9274
vn -0.1371 -0.4660 0.8741
vn 0.2530 0.4998 0.8284
vn 0.6383 0.2925 0.7121
vn -0.1159 -0.4200 0.9001
vn 0.6407 0.3006 0.7065
vn -0.8888 -0.3488 0.2974
vn -0.4535 0.0175 0.8911
vn -0.1965 0.3834 0.9025
vn 0.7377 0.6191 0.2694
vn 0.0496 -0.2411 0.9692
vn 0.0611 -0.2271 0.9719
vn 0.9193 0.0541 0.3899
vn 0.9161 0.3981 0.0475
vn -0.9116 -0.3406 0.2300
vn -0.9336 -0.3560 0.0396
vn -0.9837 -0.1793 0.0162
vn -0.0930 0.7555 -0.6485
vn 0.7597 0.4969 -0.4195
vn 0.8339 -0.3544 -0.4230
vn 0.5434 0.8392 -0.0219
vn 0.7789 0.6269 -0.0202
vn 0.9915 -0.1252 -0.0358
vn 0.9765 -0.2154 -0.0042
vn 0.2213 0.9744 -0.0406
vn 0.0407 -0.9991 -0.0084
vn 0.2380 -0.9711 0.0196
vn 0.0502 -0.9985 0.0212
vn -0.6049 -0.5710 0.5550
vn 0.1768 -0.9830 -0.0489
vn 0.0866 -0.9957 -0.0321
vn -0.8089 -0.1375 0.5716
vn 0.9516 -0.2569 -0.1686
vn 0.9781 -0.2068 -0.0251
vn -0.8025 0.0317 0.5957
vn -0.8672 -0.1471 0.4757
vn -0.9581 -0.0708 0.2777
vn -0.9519 -0.1135 0.2847
vn -0.2466 0.9194 0.3064
vn 0.8965 -0.1800 0.4048
vn 0.9728 0.0430 0.2275
vn 0.7322 -0.4743 0.4888
vn 0.9139 -0.1734 0.3669
vn 0.2249 -0.9742 0.0165
vn 0.6396 0.7549 0.1448
vn 0.0455 -0.9964 0.0719
vn -0.1017 -0.9944 -0.0281
vn -0.0835 -0.9955 -0.0440
vn -0.0845 -0.9948 0.0563
vn 0.1450 -0.9887 0.0370
vn 0.1365 -0.9903 0.0270
vn -0.0398 -0.9985 -0.0382
vn -0.0197 -0.9993 -0.0330
vn -0.0536 0.9984 0.0163
vn -0.0723 0.9973 0.0080
vn -0.0999 0.9948 0.0218
vn 0.0094 -0.9998 -0.0177
vn -0.1370 -0.9025 -0.4083
vn -0.1356 -0.8989 -0.4167
vn -0.1423 -0.8859 -0.4414
vn -0.0604 0.9944 -0.0870
vn 0.0049 0.9860 -0.1664
vn -0.5715 0.1264 -0.8108
vn -0.3461 0.1304 -0.9291
vn -0.2875 0.0833 -0.9541
vn -0.2550 0.5705 -0.7807
vn -0.4345 0.8192 -0.3744
vn -0.0945 -0.9933 0.0665
vn 0.3903 -0.5304 -0.7525
vn 0.1212 -0.8558 -0.5029
vn 0.2632 -0.7173 -0.6452
vn -0.0395 0.9967 -0.0715
vn 0.5515 -0.1372 -0.8228
vn 0.4371 0.4341 -0.7878
vn 0.4492 0.5960 -0.6656
vn -0.0178 -0.9531 0.3023
vn 0.1848 0.9674 -0.1734
vn 0.3438 0.9221 0.1777
vn -0.2717 -0.9615 0.0418
vn -0.0257 0.9996 0.0100
vn -0.0552 0.9981 0.0258
vn -0.5447 -0.7495 0.3763
vn -0.4619 -0.7275 0.5073
vn -0.2092 -0.0005 0.9779
vn 0.0250 0.1565 0.9874
vn 0.1151 0.9854 0.1255
vn 0.1082 0.9866 0.1224
vn 0.0353 0.9954 0.0892
vn -0.2680 -0.9422 0.2012
vn 0.5111 0.5856 0.6292
vn 0.4101 0.4645 0.7849
vn 0.3767 0.4265 0.8223
vn 0.1841 0.9704 0.1565
vn -0.3541 -0.9163 0.1871
vn -0.5822 -0.8130 -0.0017
vn -0.4741 -0.8805 0.0041
vn -0.4787 -0.8778 0.0158
vn -0.6971 -0.7170 -0.0033
vn -0.9687 0.2449 0.0398
vn -0.8142 0.5781 0.0530
vn -0.9085 0.4178 0.0119
vn -0.8275 0.5594 0.0476
vn -0.9159 0.4013 0.0045
vn -0.6534 0.1897 0.7329
vn -0.4333 0.2635 0.8619
vn -0.2901 0.2982 0.9093
vn -0.5260 -0.3072 0.7931
vn 0.2912 0.5462 0.7854
vn 0.1716 -0.3794 0.9092
vn -0.6473 -0.7481 0.1460
vn 0.7903 0.6106 -0.0510
vn -0.8789 0.0605 0.4732
vn 0.3527 0.7708 0.5305
vn -0.5653 -0.5975 0.5687
vn 0.2743 -0.5004 0.8212
vn -0.8716 -0.4832 0.0826
vn 0.4594 -0.3193 0.8288
vn -0.9753 -0.2116 0.0638
vn -0.9969 -0.0775 0.0110
vn -0.5643 -0.0155 0.8255
vn -0.4966 -0.0075 0.8679
vn 0.6386 0.5210 0.5663
vn -0.5174 -0.2355 0.8227
vn 0.0692 0.0158 0.9975
vn 0.3167 0.4485 0.8358
vn 0.2942 -0.3995 0.8683
vn -0.3352 -0.4409 0.8326
vn -0.4334 -0.5833 0.6870
vn -0.5092 -0.6953 0.5072
vn 0.6533 -0.0390 0.7561
vn 0.8109 -0.2885 0.5092
vn -0.8714 0.3584 -0.3351
vn -0.8939 0.2905 -0.3415
vn -0.0609 0.1480 -0.9871
vn -0.1991 -0.0575 -0.9783
vn -0.0654 0.0805 -0.9946
vn -0.0947 0.1546 -0.9834
vn 0.8075 0.2191 -0.5476
vn -0.2210 -0.5215 -0.8241
vn -0.0222 -0.4110 -0.9114
vn 0.8911 -0.1417 -0.4310
vn -0.9180 -0.3629 -0.1598
vn -0.9963 -0.0854 0.0036
vn 0.9982 0.0606 0.0011
vn 0.5588 -0.8275 -0.0557
vn 0.6216 -0.7796 -0.0764
vn 0.4408 -0.8960 0.0539
vn 0.0538 -0.9969 0.0571
vn -0.9465 0.1189 0.3000
vn 0.7706 0.5474 0.3264
vn -0.2443 0.9649 -0.0964
vn 0.0872 -0.9954 -0.0403
vn 0.0349 -0.9966 0.0746
vn 0.0604 -0.9981 0.0072
vn 0.0522 -0.9985 -0.0136
vn -0.1704 -0.8703 -0.4620
vn -0.1849 -0.8628 -0.4705
vn -0.0805 -0.9851 -0.1518
vn 0.0285 -0.6223 -0.7822
vn 0.0131 -0.6984 -0.7156
vn -0.0062 -0.2147 -0.9767
vn -0.2577 0.8240 -0.5045
vn 0.0175 -0.3007 -0.9536
vn -0.2497 -0.9311 0.2658
vn 0.0320 0.6855 -0.7273
vn 0.0613 0.7499 -0.6587
vn 0.0275 0.9845 -0.1732
vn 0.0550 0.9343 -0.3522
vn -0.1699 -0.7800 0.6023
vn -0.0074 -0.9847 0.1741
vn 0.0142 0.9829 -0.1836
vn -0.0021 0.9990 -0.0443
vn -0.3945 0.5231 0.7555
vn 0.0018 0.9998 0.0214
vn 0.1321 0.9912 -0.0099
vn 0.1648 0.9863 -0.0028
vn -0.0335 0.9994 -0.0069
vn -0.6225 -0.6640 0.4142
vn -0.4971 -0.1596 0.8529
vn -0.0515 0.9238 0.3795
vn 0.2325 -0.6294 0.7415
vn 0.0988 -0.6900 0.7170
vn 0.5371 0.6153 0.5770
vn 0.5199 0.6568 0.5462
vn -0.5029 -0.8620 -0.0639
vn -0.3133 -0.9265 -0.2086
vn -0.5603 -0.8282 -0.0138
vn -0.0765 0.8446 0.5299
vn 0.2371 -0.8463 0.4771
vn 0.5123 -0.7542 0.4108
vn 0.9653 0.0448 0.2571
vn -0.2545 0.7079 0.6589
vn 0.3051 0.7600 0.5739
vn -0.2307 -0.8100 0.5392
vn 0.7904 -0.3978 0.4659
vn 0.9416 0.0550 0.3321
vn 0.6719 -0.5570 0.4883
vn -0.8663 0.2152 0.4508
vn -0.0390 0.4683 0.8827
vn 0.1343 0.5546 0.8212
vn 0.1828 -0.4671 0.8651
vn -0.6862 0.1474 -0.7124
vn -0.8247 -0.0868 -0.5589
vn -0.7334 0.0745 -0.6757
vn 0.0095 0.4101 -0.9120
vn 0.9917 0.1265 -0.0207
vn 0.9987 0.0179 -0.0484
vn -0.9378 -0.1047 -0.3311
vn -0.2980 -0.1485 -0.9430
vn 0.8318 0.0484 -0.5530
vn 0.7055 -0.0659 -0.7056
vn 0.9827 0.0552 -0.1767
vn 0.9854 0.0586 -0.1596
vn -0.9721 -0.1288 -0.1959
vn 0.8258 -0.5550 -0.1003
vn 0.9726 -0.1258 0.1953
vn -0.9503 0.1016 0.2942
vn 0.9181 -0.3930 -0.0511
vn 0.0660 -0.9969 0.0437
vn 0.9989 0.0432 0.0201
vn 0.9685 0.0648 0.2405
vn 0.6492 0.0367 0.7598
vn 0.8126 0.1742 0.5562
vn 0.9043 0.3914 -0.1704
vn 0.7952 0.6063 0.0058
vn 0.1907 -0.9807 0.0424
vn 0.1493 -0.9879 -0.0426
vn -0.0874 0.9948 0.0525
vn -0.0932 -0.9938 -0.0600
vn -0.1730 -0.9809 0.0893
vn -0.1784 -0.9784 0.1045
vn -0.7947 -0.4481 0.4094
vn -0.3527 -0.3351 0.8737
vn 0.1243 0.9635 -0.2370
vn 0.2170 -0.6877 0.6928
vn 0.1312 -0.7451 0.6539
vn -0.0413 0.7382 0.6733
vn -0.0013 0.9998 -0.0183
vn 0.2764 0.6872 0.6719
vn 0.1027 0.4795 0.8715
vn 0.1291 0.9887 0.0757
vn 0.6060 0.2460 0.7564
vn -0.0530 0.9777 -0.2032
vn -0.0631 0.9974 0.0343
vn 0.2970 0.9549 0.0042
vn -0.3014 0.8967 0.3242
vn -0.3698 -0.9049 0.2108
vn 0.2993 -0.9015 0.3127
vn 0.5146 -0.8214 0.2460
vn 0.5941 -0.7757 0.2129
vn 0.2468 -0.9126 0.3261
vn 0.6909 -0.3374 0.6393
vn 0.7298 0.6183 0.2916
vn 0.5149 0.8474 0.1295
vn 0.8666 0.2388 0.4382
vn -0.0566 -0.9283 -0.3675
vn 0.3663 -0.6754 -0.6400
vn 0.8062 -0.0764 -0.5867
vn -0.7598 0.1409 0.6347
vn -0.6512 0.5413 0.5320
vn 0.0627 0.9081 0.4140
vn 0.9368 0.3213 0.1385
vn 0.8266 0.5624 0.0203
vn 0.9657 0.0195 0.2588
vn -0.9297 -0.0045 0.3683
vn -0.8867 0.3378 0.3157
vn 0.0788 0.9583 0.2748
vn 0.7445 0.6265 0.2308
vn -0.1418 -0.7840 0.6044
vn 0.9306 0.1257 0.3438
vn -0.8195 0.3918 0.4181
vn -0.0479 0.5447 0.8372
vn 0.9236 0.3833 0.0009
vn 0.9290 0.3696 -0.0197
vn 0.9269 0.3737 0.0337
vn -0.5581 -0.7705 0.3078
vn 0.5088 -0.6997 0.5016
vn 0.8238 -0.5046 0.2585
vn 0.9960 0.0894 0.0042
vn -0.9284 0.3675 0.0550
vn -0.0605 -0.9981 -0.0080
vn -0.2605 -0.9651 -0.0257
vn -0.8874 -0.4581 0.0519
vn -0.9794 -0.1954 0.0512
vn -0.9418 -0.3167 0.1126
vn 0.7437 -0.6604 -0.1041
vn 0.7615 -0.6476 0.0275
vn 0.7049 -0.6890 0.1686
vn 0.7907 -0.6015 -0.1138
vn 0.0056 -0.9993 0.0368
vn 0.0206 -0.9854 0.1689
vn -0.9982 0.0352 0.0480
vn 0.2913 -0.0138 0.9565
vn 0.1013 -0.2705 0.9574
vn 0.9144 -0.2982 0.2738
vn 0.4309 -0.6351 0.6411
vn -0.8737 -0.4802 0.0776
vn -0.9708 0.0366 0.2369
vn 0.5407 0.8405 0.0347
vn 0.3111 -0.9484 0.0614
vn 0.9639 0.2633 0.0399
vn -0.6522 -0.7558 -0.0579
vn -0.6790 -0.7336 0.0284
vn -0.4402 -0.8949 -0.0731
vn -0.4125 -0.9103 0.0338
vn -0.2394 -0.9685 -0.0680
vn 0.1898 -0.9818 0.0055
vn 0.1427 -0.9865 0.0800
vn 0.1876 -0.9739 0.1275
vn 0.0539 -0.6113 0.7896
vn -0.0263 0.9930 0.1155
vn 0.4808 -0.8583 0.1794
vn 0.3640 -0.8998 0.2405
vn 0.4710 -0.8662 0.1669
vn -0.0930 0.7040 0.7041
vn -0.2056 0.8485 0.4877
vn -0.0897 0.8286 0.5526
vn -0.0001 0.9979 0.0647
vn 0.0366 0.9993 0.0035
vn -0.0320 -0.9969 0.0722
vn -0.5782 -0.7222 0.3797
vn -0.5799 -0.5787 0.5734
vn -0.5266 0.7456 0.4084
vn 0.3244 -0.8722 0.3662
vn -0.3614 0.6178 0.6983
vn 0.7251 0.6588 0.2005
vn -0.5712 -0.0353 0.8200
vn -0.8409 -0.3615 0.4027
vn -0.7232 -0.1861 0.6651
vn 0.3253 0.9454 -0.0187
vn 0.1812 0.9819 -0.0545
vn 0.2604 0.9650 -0.0307
vn -0.8649 -0.4346 0.2511
vn 0.8847 -0.4072 0.2267
vn 0.4508 0.8884 0.0862
vn -0.8840 -0.3161 -0.3443
vn -0.3609 0.7627 -0.5367
vn 0.5508 0.6352 -0.5415
vn 0.6440 0.7408 -0.1913
vn 0.6408 0.7372 -0.2141
vn -0.6360 -0.7715 0.0137
vn -0.6791 -0.7339 0.0128
vn -0.3007 -0.9536 -0.0171
vn -0.1957 -0.9806 -0.0132
vn 0.4040 -0.9147 0.0062
vn 0.3528 -0.9296 0.1069
vn -0.8617 -0.5014 0.0784
vn 0.9433 0.1753 0.2820
vn -0.5493 0.7531 0.3622
vn 0.7642 0.6001 0.2363
vn -0.4092 -0.9048 0.1176
vn -0.9167 -0.3188 0.2407
vn -0.9482 -0.0995 -0.3017
vn -0.9071 -0.1517 0.3927
vn -0.9939 -0.0362 0.1037
vn 0.9911 -0.0235 0.1310
vn -0.9752 0.0669 0.2111
vn 0.9119 -0.3846 0.1434
vn -0.9597 0.1984 0.1989
vn 0.9961 0.0502 -0.0726
vn 0.9925 -0.0814 -0.0907
vn 0.2893 0.3672 0.8840
vn 0.4302 0.2640 0.8633
vn 0.4030 0.2854 0.8696
vn 0.7222 0.5785 0.3791
vn 0.5561 0.1542 0.8167
vn 0.4930 0.1480 0.8574
vn 0.1479 -0.4009 0.9041
vn 0.2652 -0.7979 0.5413
vn 0.6053 -0.6479 0.4625
vn 0.3879 -0.7580 0.5243
vn -0.3112 0.9412 0.1316
vn 0.2749 -0.9589 0.0701
vn -0.2141 -0.9711 0.1057
vn 0.0034 -0.9983 0.0577
vn -0.0546 -0.9417 0.3320
vn -0.0535 -0.6916 0.7203
vn 0.8859 -0.4635 -0.0204
vn 0.7650 -0.6410 -0.0621
vn 0.1242 0.7092 0.6940
vn -0.3668 0.8608 0.3528
vn 0.1867 0.9428 0.2762
vn 0.0025 0.9993 0.0384
vn 0.4515 0.8663 0.2138
vn 0.7246 0.6137 0.3135
vn -0.2661 0.9632 0.0387
vn -0.3008 0.9449 0.1292
vn 0.0821 -0.9803 0.1798
vn 0.0121 -0.9965 0.0822
vn -0.0684 -0.9940 0.0850
vn -0.1501 0.9802 0.1292
vn 0.0317 -0.9865 0.1606
vn 0.0410 -0.9969 0.0671
vn -0.5762 -0.7889 0.2137
vn 0.1586 0.9867 -0.0343
vn 0.6755 -0.7092 0.2015
vn 0.7773 -0.6091 0.1572
vn 0.6239 -0.7741 0.1076
vn 0.0688 -0.9949 0.0740
vn 0.5231 -0.8519 -0.0252
vn 0.0930 -0.9933 0.0688
vn -0.3810 0.8473 0.3701
vn -0.2401 -0.9683 0.0693
vn -0.2137 -0.9736 0.0796
vn -0.1951 -0.9767 0.0890
vn 0.8027 0.5678 0.1824
vn -0.6844 -0.6789 0.2659
vn -0.7920 0.4267 0.4367
vn -0.7900 0.5342 0.3010
vn -0.7665 0.6336 0.1049
vn -0.2370 0.9573 0.1653
vn -0.4702 0.8752 0.1139
vn -0.4161 0.9050 0.0888
vn -0.1484 0.9882 -0.0373
vn -0.5372 -0.8286 -0.1576
vn -0.5961 -0.7951 -0.1114
vn -0.3580 0.0569 -0.9320
vn 0.0177 0.9860 -0.1656
vn 0.1487 0.8834 -0.4444
vn 0.1099 0.9249 -0.3639
vn -0.2771 -0.6258 -0.7291
vn -0.3130 -0.6537 -0.6890
vn -0.2741 -0.6236 -0.7321
vn -0.5112 -0.8575 0.0578
vn -0.3180 -0.6573 -0.6832
vn 0.3939 0.6171 -0.6812
vn 0.3619 -0.0487 -0.9309
vn -0.7984 -0.5831 0.1501
vn -0.7712 -0.6355 0.0370
vn -0.6260 -0.7796 0.0181
vn 0.7113 0.7029 0.0089
vn 0.2605 -0.9256 0.2747
vn -0.9039 -0.4251 0.0472
vn 0.9869 0.1363 -0.0858
vn 0.9329 0.3596 -0.0181
vn -0.8692 0.4567 0.1894
vn -0.0987 0.9950 0.0174
vn -0.2146 0.9715 -0.1008
vn -0.0837 0.9956 -0.0420
vn 0.6118 0.7689 0.1859
vn 0.6782 0.7307 0.0783
vn 0.7481 0.6587 -0.0800
vn 0.7866 -0.5752 0.2245
vn -0.9809 -0.1934 0.0230
vn -0.9719 -0.2276 0.0597
vn -0.9871 -0.1431 0.0713
vn -0.9879 0.1413 0.0641
vn -0.9919 0.1118 -0.0608
vn -0.9662 0.1704 -0.1934
vn 0.2926 0.8817 0.3702
vn 0.9356 0.3461 0.0703
vn 0.9336 0.3167 0.1674
vn -0.8142 -0.5796 -0.0330
vn 0.9637 -0.1046 0.2455
vn 0.5313 -0.8197 0.2140
vn 0.9072 0.3794 0.1818
vn 0.4665 -0.8321 0.3000
vn 0.0650 -0.8294 0.5548
vn 0.1582 -0.9534 0.2568
vn 0.6592 0.7318 0.1730
vn -0.9156 -0.4021 -0.0069
vn -0.9229 0.3677 0.1141
vn 0.5874 0.8030 0.1005
vn -0.5428 0.8361 0.0792
vn -0.5275 0.8494 -0.0184
vn -0.2504 0.9681 -0.0115
vn 0.3922 -0.9160 0.0840
vn -0.7762 -0.3531 0.5223
vn -0.7841 -0.2255 0.5782
vn 0.9612 0.0508 0.2713
vn 0.8414 -0.3674 0.3964
vn -0.5585 0.7972 0.2292
vn -0.6602 0.7190 0.2171
vn -0.2813 0.9567 -0.0747
vn -0.0636 0.9930 0.0992
vn -0.1140 0.9935 -0.0080
vn -0.1415 -0.9740 0.1771
vn 0.0459 -0.9945 0.0945
vn 0.0080 -0.9867 0.1626
vn 0.0216 -0.9901 0.1386
vn -0.0579 0.9941 -0.0914
vn 0.0576 0.9931 -0.1017
vn -0.1704 0.9669 0.1897
vn -0.9480 -0.1998 0.2478
vn -0.1184 0.9911 0.0613
vn -0.3011 0.9475 -0.1077
vn -0.2458 0.9682 -0.0463
vn -0.3423 0.9268 -0.1546
vn 0.9313 0.3642 0.0078
vn -0.0059 0.9973 0.0732
vn -0.2290 -0.9713 0.0646
vn -0.2201 -0.9572 0.1879
vn -0.2468 -0.9663 0.0735
vn 0.2548 0.9666 -0.0290
vn 0.7439 -0.6610 0.0985
vn -0.5520 -0.8279 -0.0990
vn -0.3507 -0.9344 -0.0626
vn -0.5255 -0.8505 -0.0231
vn -0.3843 -0.9212 0.0605
vn -0.5395 -0.8374 0.0879
vn 0.5353 0.7365 -0.4135
vn -0.1956 0.4800 -0.8552
vn 0.2211 0.7786 -0.5873
vn -0.2277 0.9733 -0.0292
vn -0.5353 0.8446 -0.0112
vn -0.9516 0.3051 -0.0377
vn 0.5687 -0.8224 0.0128
vn 0.9719 0.2310 0.0444
vn -0.8496 -0.5269 0.0239
vn -0.9778 -0.2096 -0.0065
vn -0.9850 0.1087 -0.1339
vn -0.8518 0.5022 0.1489
vn 0.2627 0.9649 0.0039
vn 0.1942 -0.9558 0.2208
vn 0.9872 0.0572 -0.1486
vn 0.4143 -0.9094 -0.0363
vn 0.9922 -0.1200 -0.0349
vn 0.9497 -0.2195 -0.2234
vn -0.9882 -0.0825 0.1291
vn -0.9945 -0.0996 0.0336
vn -0.6920 -0.7213 0.0299
vn -0.8116 -0.5519 0.1914
vn -0.7713 -0.6300 0.0910
vn 0.3111 0.8692 0.3844
vn 0.5071 0.8462 0.1636
vn 0.7630 0.5168 -0.3884
vn 0.0647 -0.9949 -0.0775
vn 0.2421 -0.8359 -0.4927
vn 0.0975 -0.9568 -0.2740
vn 0.6016 -0.7948 -0.0805
vn 0.6009 -0.7953 -0.0800
vn -0.9951 -0.0786 -0.0599
vn 0.9702 -0.2335 -0.0652
vn 0.9249 -0.1813 -0.3341
vn 0.9606 -0.2221 -0.1672
vn 0.4061 0.9138 -0.0008
vn 0.1411 -0.9853 0.0962
vn 0.2670 -0.8975 0.3510
vn 0.0407 -0.9972 0.0624
vn 0.1348 0.9815 0.1357
vn -0.4112 0.9101 -0.0522
vn -0.0824 -0.9944 0.0654
vn 0.0180 0.9953 0.0954
vn -0.0945 -0.9783 -0.1845
vn -0.6127 -0.7856 -0.0869
vn -0.9633 -0.2439 -0.1122
vn -0.1571 0.9856 -0.0627
vn -0.0332 -0.9979 0.0552
vn -0.6268 0.7688 -0.1272
vn 0.7813 0.5908 -0.2014
vn -0.2006 0.9797 -0.0063
vn -0.1451 0.9769 0.1566
vn -0.0289 0.9977 -0.0614
vn -0.0526 0.9929 -0.1064
vn -0.0524 0.9940 -0.0959
vn -0.9099 -0.3817 0.1622
vn -0.0081 0.9873 0.1584
vn -0.9170 0.3130 0.2472
vn -0.9040 0.4066 0.1318
vn -0.8603 0.5096 -0.0147
vn 0.1067 0.9939 -0.0266
vn 0.0923 -0.9957 0.0073
vn -0.2780 -0.9603 -0.0232
vn -0.6523 -0.7537 -0.0802
vn -0.4877 -0.8604 0.1478
vn 0.4150 0.9051 -0.0925
vn -0.5386 -0.8416 0.0405
vn -0.5415 -0.8389 0.0548
vn -0.5424 -0.8384 0.0538
vn 0.4005 0.8752 -0.2712
vn 0.6558 0.7538 -0.0411
vn -0.9000 -0.4322 0.0570
vn -0.8940 -0.4452 0.0504
vn -0.9948 -0.0834 0.0578
vn 0.4735 0.8807 -0.0106
vn -0.9933 -0.1150 0.0133
vn -0.2067 -0.9778 0.0341
vn 0.2669 -0.9188 -0.2909
vn 0.6179 -0.7686 -0.1656
vn -0.9863 -0.1644 0.0145
vn 0.5952 0.6503 -0.4721
vn 0.3432 0.9392 -0.0133
vn 0.2892 -0.5228 -0.8019
vn 0.3150 -0.5156 -0.7968
vn 0.2958 -0.5210 -0.8006
vn 0.2753 -0.5266 -0.8043
vn 0.3979 -0.6396 -0.6577
vn -0.0094 0.9994 0.0321
vn 0.0914 0.9956 -0.0206
vn 0.9672 -0.1821 -0.1769
vn 0.1083 -0.9141 0.3907
vn -0.3918 0.9187 0.0504
vn 0.7212 -0.6894 -0.0679
vn -0.4257 0.9012 0.0807
vn 0.8094 -0.5373 -0.2370
vn 0.6243 0.7359 -0.2620
vn -0.2512 0.9523 0.1732
vn 0.1046 -0.9907 0.0875
vn -0.0042 -0.9794 0.2020
vn 0.0325 -0.9736 0.2261
vn 0.0546 -0.9820 0.1805
vn 0.0270 -0.9798 0.1983
vn -0.1188 0.9895 -0.0825
vn -0.0369 0.9837 0.1761
vn 0.0137 0.9969 -0.0781
vn -0.0642 0.9979 -0.0112
vn 0.0156 0.9949 -0.0999
vn 0.5755 -0.8169 -0.0397
vn -0.1035 0.9879 0.1155
vn -0.1618 -0.9817 0.1006
vn 0.5626 0.8263 -0.0265
vn -0.0575 0.9904 0.1255
vn -0.6406 -0.7662 0.0509
vn -0.8975 0.4338 -0.0791
vn 0.1736 0.9835 -0.0500
vn -0.0983 0.9935 -0.0581
vn 0.0840 -0.9965 0.0049
vn 0.9859 0.0573 -0.1569
vn -0.2002 -0.2132 0.9563
vn -0.4615 -0.5302 0.7113
vn -0.5141 -0.5981 0.6148
vn -0.2350 -0.8021 0.5491
vn -0.3056 -0.8164 0.4900
vn 0.1974 0.8829 0.4260
vn 0.4486 0.8936 -0.0150
vn 0.4044 0.2118 0.8897
vn 0.4888 0.8626 -0.1304
vn -0.2199 0.9751 -0.0282
vn 0.0236 -0.9222 -0.3860
vn 0.9737 -0.0237 -0.2266
vn 0.9271 -0.3084 -0.2131
vn 0.8982 -0.3886 -0.2056
vn 0.9727 0.0504 -0.2264
vn -0.7833 0.5600 -0.2698
vn -0.2127 -0.9121 -0.3505
vn -0.3910 -0.7789 -0.4903
vn -0.6498 -0.7277 -0.2198
vn 0.5075 -0.6759 -0.5345
vn 0.8807 0.4591 -0.1162
vn 0.8551 0.4850 -0.1832
vn 0.9255 0.3707 -0.0778
vn -0.9103 0.3608 -0.2031
vn 0.3910 0.8892 -0.2375
vn 0.4784 0.8249 -0.3011
vn 0.7838 0.5931 -0.1841
vn -0.7120 -0.6883 -0.1391
vn 0.9912 0.1305 -0.0215
vn 0.9896 0.1409 -0.0290
vn 0.9926 -0.1214 0.0017
vn -0.9950 0.0800 0.0600
vn -0.9960 -0.0868 0.0230
vn 0.9101 -0.3133 -0.2711
vn 0.0398 -0.9982 0.0455
vn 0.9280 -0.0715 -0.3655
vn 0.9822 -0.1254 0.1400
vn 0.9164 0.0587 -0.3960
vn -0.9890 0.0134 -0.1473
vn 0.3333 0.6544 -0.6788
vn 0.3699 0.6171 -0.6945
vn 0.3689 0.6208 -0.6917
vn 0.7670 0.5165 -0.3806
vn 0.4007 0.5880 -0.7026
vn 0.8464 0.5244 0.0932
vn 0.3637 -0.1251 -0.9231
vn 0.2417 -0.0728 -0.9676
vn 0.3161 -0.1035 -0.9431
vn 0.5569 -0.4798 -0.6780
vn -0.7963 -0.5732 0.1934
vn -0.5025 -0.8306 0.2400
vn -0.6385 -0.7140 0.2873
vn 0.9826 -0.0006 -0.1855
vn 0.8012 0.5166 -0.3020
vn 0.1687 -0.9635 0.2079
vn -0.9681 -0.2264 -0.1076
vn 0.0801 -0.9892 -0.1224
vn -0.2945 -0.4373 -0.8497
vn -0.4677 -0.6686 -0.5781
vn 0.2048 -0.4179 -0.8851
vn 0.3577 -0.1343 -0.9241
vn -0.3240 -0.0781 -0.9428
vn -0.3026 0.4747 -0.8265
vn -0.2743 0.6262 -0.7298
vn -0.4429 0.8241 -0.3532
vn -0.3949 0.8213 -0.4117
vn -0.2913 0.8843 -0.3649
vn -0.6622 0.7159 -0.2214
vn -0.3529 0.9266 -0.1296
vn -0.5164 0.8390 -0.1713
vn 0.1090 -0.9691 0.2214
vn 0.3702 0.9208 -0.1224
vn -0.2078 0.9696 0.1294
vn -0.1560 0.9723 0.1740
vn 0.2507 -0.9680 0.0087
vn 0.6854 -0.6878 -0.2393
vn 0.7163 -0.6420 -0.2735
vn 0.5043 0.8033 -0.3169
vn -0.8954 -0.4346 -0.0971
vn -0.6833 -0.7195 -0.1243
vn -0.9342 -0.3107 -0.1752
vn -0.9105 0.4049 -0.0843
vn 0.4206 0.9050 -0.0642
vn 0.4192 0.9064 -0.0528
vn 0.4364 0.8977 -0.0601
vn 0.4329 0.8994 -0.0604
vn -0.1144 -0.1098 0.9873
vn -0.5282 0.2109 0.8225
vn -0.3434 0.2722 0.8989
vn -0.1752 0.9570 0.2311
vn 0.0985 -0.0781 0.9921
vn 0.5613 -0.4173 0.7147
vn 0.6269 0.7786 -0.0275
vn 0.6221 0.7813 -0.0516
vn 0.6369 0.7705 -0.0249
vn 0.7716 0.1468 0.6190
vn -0.9356 -0.2275 -0.2701
vn -0.7875 -0.5930 -0.1682
vn -0.9520 -0.0238 -0.3053
vn 0.6187 0.7835 -0.0575
vn -0.7956 0.5062 -0.3329
vn 0.7890 0.6123 -0.0509
vn 0.7966 0.6000 -0.0738
vn -0.8059 0.5118 -0.2975
vn 0.9177 -0.0781 -0.3895
vn 0.9553 0.1893 -0.2269
vn 0.4689 -0.6735 -0.5714
vn -0.2913 0.9448 -0.1500
vn -0.3777 0.7851 -0.4909
vn -0.3468 0.8699 -0.3508
vn -0.7648 -0.6373 -0.0944
vn -0.0289 -0.8897 -0.4556
vn 0.9022 -0.2971 -0.3128
vn 0.9804 0.1477 -0.1306
vn -0.7970 0.0552 0.6014
vn -0.0048 -0.9999 -0.0141
vn -0.9048 0.1746 -0.3885
vn 0.9075 -0.2357 0.3476
vn -0.1350 -0.9872 0.0848
vn 0.9768 -0.0648 0.2043
vn 0.9587 -0.0707 0.2755
vn 0.4663 -0.1666 -0.8688
vn -0.9432 0.1910 -0.2718
vn 0.4199 0.9075 0.0108
vn 0.0143 0.9984 -0.0548
vn 0.3399 -0.9344 0.1069
vn 0.2451 -0.9610 0.1279
vn 0.0846 -0.9927 0.0864
vn 0.1354 -0.9860 0.0976
vn 0.0636 0.6185 -0.7832
vn 0.0500 -0.9935 0.1019
vn -0.0814 0.9871 -0.1377
vn -0.1410 0.9870 -0.0773
vn -0.0057 0.9993 -0.0358
vn -0.0997 0.9929 -0.0647
vn -0.0089 0.9795 0.2010
vn -0.0868 -0.9917 0.0945
vn -0.4707 -0.8792 -0.0739
vn -0.8296 -0.5196 -0.2045
vn -0.8161 0.5674 -0.1099
vn -0.8601 -0.3784 -0.3421
vn -0.1193 0.9636 0.2391
vn -0.4034 0.8906 -0.2099
vn -0.3929 0.8944 -0.2136
vn 0.0767 0.9903 -0.1159
vn -0.0064 0.9783 0.2069
vn 0.8422 0.4575 -0.2852
vn -0.0487 0.9908 0.1264
vn -0.0039 -0.9510 -0.3092
vn 0.8102 -0.1246 -0.5728
vn -0.4928 -0.6043 0.6261
vn -0.2935 -0.9119 0.2870
vn 0.2416 -0.9379 0.2491
vn -0.2289 -0.9359 0.2677
vn 0.6882 -0.2968 0.6620
vn -0.6888 -0.7245 -0.0252
vn -0.6511 -0.7578 0.0410
vn -0.7848 -0.6071 -0.1245
vn -0.7021 0.2163 -0.6784
vn -0.5934 0.4834 -0.6436
vn 0.1055 -0.8905 -0.4426
vn -0.9684 -0.2489 -0.0138
vn -0.5711 -0.6320 -0.5239
vn -0.8919 -0.4408 0.1009
vn 0.5293 0.7283 -0.4353
vn -0.8438 0.5305 0.0809
vn 0.9879 -0.1483 -0.0452
vn -0.9783 -0.2070 0.0111
vn -0.9774 -0.1471 -0.1520
vn -0.4967 -0.8605 -0.1132
vn -0.6125 -0.7800 -0.1284
vn -0.9889 0.0114 -0.1480
vn -0.9847 -0.0357 -0.1705
vn -0.9494 0.0613 -0.3081
vn 0.3432 -0.9178 0.1994
vn 0.8985 0.3451 -0.2712
vn 0.7666 -0.5293 0.3636
vn 0.9459 0.1475 0.2891
vn 0.8872 -0.3344 -0.3179
vn 0.8026 -0.1597 -0.5748
vn -0.9779 -0.0830 -0.1916
vn -0.5593 0.8183 -0.1328
vn -0.5052 0.8272 -0.2461
vn -0.4835 0.8268 -0.2874
vn -0.1208 -0.9141 0.3870
vn 0.4877 0.8601 -0.1500
vn 0.1863 -0.9775 0.0989
vn -0.0503 -0.9554 0.2910
vn -0.0202 -0.9493 0.3137
vn -0.0354 -0.9776 0.2075
vn -0.1876 0.8701 -0.4557
vn -0.1231 0.9743 -0.1888
vn 0.1521 0.8598 -0.4875
vn 0.0314 -0.9680 0.2490
vn -0.2222 -0.9717 0.0804
vn -0.0583 0.9055 0.4203
vn 0.1961 0.9801 -0.0319
vn -0.6443 -0.5591 -0.5217
vn -0.6501 -0.5643 -0.5089
vn -0.6506 -0.5647 -0.5077
vn -0.3618 0.6776 -0.6403
vn 0.3927 -0.7092 -0.5855
vn -0.0078 0.9659 0.2587
vn 0.3636 0.6098 -0.7042
vn -0.0350 0.9747 0.2207
vn -0.8337 -0.4869 -0.2606
vn -0.0593 0.9669 0.2480
vn -0.5380 0.7544 -0.3762
vn -0.4088 -0.9080 0.0922
vn -0.2923 -0.9562 -0.0124
vn -0.4531 -0.8881 0.0768
vn 0.6578 -0.6178 -0.4308
vn 0.6115 0.7622 -0.2125
vn 0.4246 0.8937 -0.1451
vn 0.4868 0.8572 -0.1678
vn -0.1788 0.9588 0.2206
vn -0.6795 0.5977 0.4255
vn -0.8550 0.2305 0.4647
vn 0.7485 -0.6194 0.2368
vn -0.6447 -0.7590 -0.0912
vn -0.6862 -0.7242 -0.0686
vn -0.6734 -0.7354 -0.0757
vn -0.8355 -0.0407 -0.5479
vn 0.5516 0.8034 -0.2244
vn 0.6182 0.7750 -0.1313
vn 0.5636 0.8010 -0.2016
vn -0.0344 -0.8842 -0.4659
vn 0.2996 -0.1324 -0.9448
vn 0.0569 -0.7588 -0.6488
vn -0.7450 -0.6667 -0.0204
vn 0.6886 -0.2254 -0.6892
vn 0.9414 0.2016 -0.2703
vn 0.7791 0.6227 -0.0727
vn -0.1634 0.4921 -0.8550
vn 0.3484 0.5313 -0.7722
vn -0.4524 -0.6592 -0.6006
vn 0.6910 -0.0293 -0.7223
vn 0.6679 -0.0705 -0.7409
vn 0.9220 0.3658 -0.1271
vn -0.9711 0.2167 -0.1003
vn -0.9865 -0.1106 -0.1210
vn -0.4024 0.6346 -0.6599
vn -0.1557 0.7926 -0.5895
vn -0.8085 0.0398 0.5872
vn 0.9932 0.1163 0.0026
vn -0.4455 -0.1872 0.8755
vn 0.9194 0.1218 0.3740
vn -0.8855 -0.4031 0.2312
vn -0.8739 0.0441 -0.4840
vn -0.8736 0.1083 -0.4745
vn -0.7667 0.0490 -0.6401
vn 0.8589 -0.0787 -0.5061
vn 0.8704 -0.0968 -0.4827
vn 0.7377 -0.0039 -0.6751
vn 0.7815 -0.1444 -0.6070
vn -0.2399 -0.8751 0.4203
vn -0.4451 -0.7651 0.4653
vn 0.0486 -0.9934 0.1036
vn -0.0165 0.9347 -0.3552
vn -0.2297 -0.7786 0.5840
vn -0.0316 -0.9350 0.3533
vn 0.0369 -0.9081 0.4172
vn -0.0841 -0.7637 -0.6401
vn -0.1420 -0.8042 -0.5771
vn -0.1507 -0.8115 -0.5646
vn 0.1218 -0.9514 -0.2828
vn 0.3931 -0.3499 -0.8503
vn -0.1989 -0.5779 -0.7915
vn -0.3392 0.7511 -0.5664
vn 0.0819 0.8562 -0.5102
vn -0.2558 -0.9569 0.1377
vn -0.0230 0.9739 0.2256
vn -0.6670 -0.5975 -0.4451
vn -0.6058 -0.7035 -0.3716
vn -0.7450 0.1200 -0.6562
vn -0.7138 0.2467 -0.6555
vn -0.3507 0.9151 -0.1990
vn -0.1766 0.9570 -0.2303
vn 0.0951 0.8344 -0.5430
vn -0.2196 -0.9746 -0.0440
vn 0.1720 -0.7648 -0.6209
vn 0.5969 0.0684 -0.7994
vn 0.0613 -0.9817 0.1806
vn -0.5455 -0.8355 0.0668
vn 0.9471 -0.2476 0.2043
vn 0.8410 0.5410 -0.0082
vn 0.8978 0.4398 -0.0209
vn 0.8918 0.4397 -0.1064
vn 0.8917 0.4406 -0.1036
vn -0.5243 -0.1374 -0.8404
vn -0.6562 -0.5271 -0.5401
vn 0.0327 0.4196 -0.9071
vn 0.0349 0.4205 -0.9066
vn 0.5774 0.7470 -0.3295
vn 0.1215 0.4922 -0.8620
vn 0.3427 0.0758 -0.9364
vn 0.2661 0.0376 -0.9632
vn 0.4122 0.3130 -0.8557
vn -0.8579 -0.4434 -0.2598
vn 0.2489 0.3095 -0.9177
vn -0.4035 -0.3248 -0.8554
vn 0.6545 0.1343 -0.7440
vn 0.1638 0.1126 -0.9800
vn 0.6799 0.4697 -0.5631
vn 0.8384 0.5109 -0.1900
vn 0.7999 0.5757 -0.1694
vn -0.8676 -0.4965 0.0266
vn 0.8926 0.1909 -0.4084
vn -0.9311 -0.3421 0.1264
vn -0.9283 -0.3680 0.0536
vn 0.9366 0.3441 -0.0664
vn 0.0178 0.2899 -0.9569
vn -0.1578 0.1456 -0.9767
vn 0.6524 0.3188 -0.6876
vn -0.7657 -0.4292 -0.4791
vn -0.6024 -0.4160 -0.6812
vn 0.1103 -0.2847 -0.9522
vn 0.2293 -0.2797 -0.9323
vn 0.8513 0.0477 -0.5225
vn 0.8657 0.4833 -0.1303
vn 0.9821 0.0872 0.1669
vn 0.9645 0.2568 -0.0615
vn -0.3153 -0.2193 0.9233
vn -0.4705 0.1535 0.8689
vn -0.3392 0.1199 0.9330
vn 0.6254 0.1951 0.7555
vn -0.2427 -0.1342 0.9608
vn 0.2434 -0.1644 0.9559
vn -0.9465 -0.2111 0.2440
vn 0.7570 -0.2282 0.6123
vn 0.9858 -0.0756 -0.1499
vn 0.9925 -0.0753 -0.0968
vn 0.9791 -0.1386 -0.1488
vn 0.9869 -0.1160 -0.1118
vn 0.2507 0.9666 -0.0528
vn -0.8370 -0.2668 -0.4778
vn -0.8718 -0.0194 -0.4895
vn 0.8732 -0.1023 -0.4765
vn -0.8667 0.0364 -0.4975
vn -0.8614 -0.0249 -0.5074
vn -0.8666 0.1703 -0.4690
vn 0.2382 -0.9615 0.1371
vn 0.0676 -0.9942 0.0835
vn -0.3450 0.9338 -0.0954
vn -0.1891 0.9758 -0.1094
vn -0.0030 0.9958 -0.0920
vn 0.0792 -0.8978 0.4333
vn -0.0506 0.9908 -0.1256
vn -0.2067 0.9615 0.1811
vn 0.0154 -0.9074 0.4201
vn -0.5230 -0.2538 0.8137
vn 0.0212 -0.4675 0.8837
vn 0.0093 -0.4211 0.9070
vn 0.0380 -0.9379 0.3449
vn 0.1963 -0.9497 0.2441
vn 0.0372 -0.9739 0.2238
vn 0.0433 0.5420 0.8393
vn 0.2124 0.4342 0.8754
vn 0.4320 -0.0596 0.8999
vn 0.0009 0.4178 0.9085
vn -0.1574 -0.9868 -0.0376
vn -0.1607 -0.9850 -0.0634
vn -0.1921 -0.9063 -0.3764
vn 0.4268 -0.3926 0.8147
vn -0.6555 -0.5690 -0.4966
vn 0.1808 0.9289 0.3233
vn -0.2047 -0.8431 -0.4973
vn 0.2175 0.9725 -0.0831
vn 0.7668 0.4915 0.4129
vn 0.1312 -0.9330 -0.3350
vn -0.1570 -0.9817 0.1080
vn 0.3628 0.5903 -0.7211
vn -0.1040 0.9713 0.2138
vn -0.0704 0.9723 0.2229
vn -0.5555 -0.8024 -0.2180
vn -0.4554 -0.8756 -0.1609
vn 0.1710 0.9792 -0.1096
vn 0.1723 0.9805 -0.0940
vn 0.1508 0.9826 -0.1089
vn 0.1946 0.9756 -0.1021
vn -0.2268 -0.9016 -0.3684
vn -0.2927 -0.9543 0.0596
vn -0.3309 -0.9412 0.0676
vn -0.2660 -0.8801 -0.3932
vn -0.2796 -0.9195 -0.2763
vn -0.1286 -0.4545 -0.8814
vn -0.0240 0.5230 -0.8520
vn -0.0931 -0.3413 -0.9353
vn 0.5475 0.5880 -0.5954
vn 0.4695 0.7498 -0.4662
vn 0.4571 0.8181 -0.3489
vn -0.0205 0.5148 -0.8571
vn 0.3139 0.8003 -0.5108
vn 0.2644 0.7699 -0.5808
vn 0.4238 0.8535 -0.3031
vn -0.4634 -0.8788 0.1141
vn -0.4704 -0.8766 0.1010
vn -0.5402 -0.8400 0.0510
vn 0.4336 0.9001 -0.0430
vn 0.3737 0.9187 -0.1275
vn -0.5982 0.7894 0.1376
vn -0.6284 0.7630 0.1519
vn -0.6485 -0.7553 0.0952
vn -0.6109 -0.7858 0.0969
vn -0.5772 -0.8020 0.1536
vn 0.8372 -0.5259 0.1497
vn -0.7079 -0.7041 -0.0561
vn -0.2577 -0.5342 -0.8051
vn -0.6585 -0.7132 -0.2401
vn 0.6837 0.7279 -0.0528
vn 0.6208 0.7496 -0.2294
vn -0.7994 -0.4112 -0.4381
vn -0.7978 -0.4674 -0.3809
vn -0.7139 -0.5197 -0.4692
vn -0.8427 -0.5378 -0.0264
vn -0.8602 -0.4996 -0.1021
vn -0.9026 -0.2217 -0.3690
vn 0.6911 0.3442 -0.6355
vn 0.8425 0.3688 -0.3925
vn 0.7882 0.0272 -0.6148
vn -0.9737 -0.2012 0.1071
vn -0.6182 0.6589 0.4285
vn -0.5714 0.3732 0.7309
vn 0.2539 0.4270 0.8679
vn -0.3364 -0.4659 0.8184
vn -0.0394 -0.8005 0.5980
vn -0.2258 -0.6205 0.7510
vn 0.1303 -0.6333 0.7629
vn -0.9931 0.0258 0.1145
vn -0.5284 0.8452 0.0800
vn -0.3069 0.9517 0.0006
vn -0.9387 -0.3117 0.1473
vn -0.8511 -0.4734 0.2270
vn -0.7553 -0.0254 -0.6549
vn 0.1998 -0.9393 0.2790
vn 0.2354 -0.9092 0.3434
vn -0.0402 -0.9183 0.3939
vn 0.1277 -0.9881 0.0853
vn -0.0879 0.9865 -0.1382
vn -0.1771 0.9708 -0.1618
vn 0.0036 0.9996 -0.0290
vn 0.4525 0.4989 0.7391
vn 0.0632 0.9955 0.0708
vn -0.0521 0.9451 0.3226
vn -0.2471 -0.7363 0.6299
vn -0.2757 0.6358 0.7209
vn -0.7650 0.0411 0.6427
vn -0.0330 0.9827 -0.1823
vn -0.0958 0.9901 -0.1024
vn -0.2288 0.9681 -0.1025
vn 0.1170 0.9818 -0.1496
vn -0.2511 0.8863 0.3892
vn 0.3549 -0.7824 0.5118
vn 0.2873 -0.5942 0.7512
vn -0.1970 -0.8704 -0.4512
vn 0.8981 -0.1969 0.3933
vn 0.7188 0.6305 0.2930
vn -0.0675 0.9661 0.2490
vn 0.1509 0.9810 -0.1222
vn 0.1374 0.9643 -0.2264
vn 0.2138 0.9541 -0.2095
vn 0.6895 0.7174 0.1002
vn 0.7541 0.6525 -0.0752
vn 0.7429 0.6676 -0.0497
vn 0.7578 0.6470 -0.0846
vn 0.7885 0.6133 -0.0464
vn 0.7712 0.6272 -0.1088
vn 0.7482 0.6635 0.0027
vn 0.8089 0.5745 -0.1248
vn 0.8491 0.5280 -0.0169
vn 0.8269 0.5618 -0.0245
vn -0.9430 -0.2812 -0.1777
vn -0.9167 -0.2253 -0.3300
vn 0.2717 0.8280 -0.4906
vn 0.9618 0.2470 -0.1184
vn -0.9721 -0.0033 0.2344
vn -0.4244 0.4971 0.7568
vn 0.2781 0.4213 0.8632
vn 0.9188 -0.2028 0.3387
vn 0.0637 0.9976 -0.0256
vn 0.0544 0.9984 -0.0149
vn -0.6603 -0.1080 -0.7432
vn -0.5974 -0.1001 -0.7957
vn -0.6840 0.0106 -0.7294
vn 0.4377 -0.8053 0.3999
vn 0.7651 -0.2914 -0.5742
vn 0.6097 -0.4287 -0.6667
vn 0.6183 -0.5768 -0.5338
vn 0.7083 -0.0701 -0.7024
vn 0.8246 -0.1660 0.5409
vn -0.8053 0.1513 -0.5732
vn 0.6101 -0.0940 -0.7868
vn -0.4305 0.8170 -0.3836
vn 0.3115 -0.9355 0.1665
vn -0.5382 -0.5930 0.5989
vn -0.1059 -0.9906 0.0861
vn 0.1345 -0.8938 0.4279
vn 0.3764 -0.7506 0.5430
vn -0.0631 0.9863 0.1527
vn -0.0129 -0.9465 0.3224
vn -0.0412 -0.9902 0.1337
vn -0.2188 0.9705 -0.1008
vn 0.0626 -0.8815 0.4680
vn 0.0469 -0.8703 0.4902
vn 0.0303 -0.9013 0.4322
vn -0.0925 0.8605 0.5010
vn -0.0049 0.8589 0.5121
vn 0.0169 -0.9876 0.1561
vn -0.1072 -0.9844 0.1394
vn -0.1599 -0.9825 0.0956
vn -0.1804 -0.9737 0.1390
vn -0.2058 -0.9594 0.1930
vn 0.0604 0.9910 -0.1196
vn 0.0830 0.9871 -0.1371
vn 0.0729 0.9891 -0.1281
vn 0.1924 0.9715 -0.1386
vn -0.0497 0.9382 0.3424
vn 0.3224 0.9115 -0.2555
vn 0.4327 0.8486 -0.3044
vn -0.2709 -0.9625 0.0149
vn 0.1990 -0.8567 -0.4759
vn -0.2406 -0.9698 -0.0397
vn 0.6192 0.7802 -0.0883
vn 0.6078 0.7914 -0.0654
vn -0.6856 -0.7156 0.1339
vn -0.6934 -0.7146 0.0923
vn -0.7060 -0.7049 0.0682
vn -0.7295 -0.6837 0.0184
vn 0.5004 0.8469 0.1797
vn 0.4945 0.8472 0.1943
vn 0.5018 0.8468 0.1763
vn 0.7713 0.6253 -0.1191
vn 0.7523 0.6584 -0.0226
vn -0.8392 -0.5426 0.0363
vn -0.8670 -0.4913 0.0836
vn 0.8544 0.5126 -0.0851
vn 0.8751 0.4823 0.0394
vn -0.2893 0.8397 0.4596
vn 0.0983 -0.8890 0.4473
vn 0.7746 -0.6082 0.1735
vn -0.9733 0.1688 0.1554
vn 0.3587 -0.9040 -0.2327
vn 0.9116 0.1777 0.3706
vn 0.8421 0.3669 0.3952
vn -0.8556 0.2706 -0.4413
vn 0.3967 0.9113 0.1106
vn 0.4693 0.8555 0.2188
vn 0.4575 0.8779 0.1413
vn 0.6472 0.1300 -0.7512
vn 0.1145 -0.9845 0.1330
vn -0.1354 -0.9880 0.0738
vn 0.8103 -0.1066 -0.5763
vn -0.3491 -0.7249 0.5938
vn 0.0983 -0.5452 0.8326
vn -0.1766 -0.8833 0.4343
vn 0.4208 -0.6563 0.6262
vn 0.3418 -0.6355 0.6924
vn 0.0848 -0.4178 0.9046
vn 0.4015 -0.6768 0.6170
vn 0.1071 -0.9486 0.2977
vn -0.0003 -0.3341 0.9425
vn -0.0098 0.5454 0.8381
vn -0.0973 0.9862 -0.1337
vn 0.1216 0.3840 0.9153
vn 0.0982 0.3755 0.9216
vn -0.6232 -0.7009 0.3468
vn 0.0334 -0.9522 0.3036
vn -0.9327 0.1786 0.3134
vn -0.6637 0.7414 0.0985
vn -0.3987 0.9149 0.0632
vn -0.4620 0.8774 -0.1290
vn -0.0067 0.8897 0.4565
vn 0.9160 0.4011 0.0045
vn -0.0141 0.9799 0.1991
vn -0.0735 0.8366 0.5429
vn -0.1629 -0.8857 0.4347
vn -0.0442 0.9713 0.2339
vn -0.0286 0.8947 0.4457
vn -0.1970 0.6569 0.7278
vn -0.3016 -0.9435 0.1374
vn -0.9942 0.0949 0.0516
vn -0.9098 0.4013 0.1057
vn 0.3561 0.9220 -0.1523
vn 0.3332 0.9277 -0.1684
vn 0.3515 0.9231 -0.1558
vn -0.4718 0.8423 -0.2607
vn 0.1550 0.9825 -0.1033
vn -0.0083 0.9885 -0.1507
vn 0.9750 -0.0152 -0.2218
vn 0.9661 -0.0517 -0.2530
vn 0.9319 -0.1518 -0.3293
vn -0.6657 -0.7274 0.1665
vn -0.6874 -0.7236 0.0622
vn 0.6523 0.7543 -0.0750
vn 0.6768 0.7032 0.2176
vn 0.6734 0.7136 0.1932
vn 0.8635 0.4656 0.1937
vn -0.8170 -0.5749 0.0445
vn -0.8175 -0.5742 0.0455
vn 0.9295 0.3599 -0.0805
vn -0.9572 -0.2752 0.0894
vn -0.9570 -0.2763 0.0887
vn -0.8584 0.5102 0.0540
vn 0.0282 0.9829 0.1821
vn -0.3508 0.9269 -0.1335
vn -0.0869 0.9920 0.0916
vn -0.9483 -0.2434 0.2036
vn 0.9926 0.0417 -0.1144
vn -0.3148 -0.9067 -0.2807
vn 0.2477 -0.9066 0.3417
vn 0.1004 -0.9706 0.2189
vn 0.6046 -0.6192 0.5011
vn 0.6587 -0.5159 0.5477
vn -0.4897 0.0849 -0.8677
vn -0.4666 0.5459 -0.6960
vn -0.4311 0.8165 -0.3841
vn 0.1137 0.9900 -0.0839
vn 0.1208 0.9830 -0.1383
vn 0.1053 0.9905 -0.0886
vn -0.7524 -0.5261 0.3963
vn 0.6410 -0.0947 -0.7617
vn 0.5561 0.2413 -0.7953
vn 0.5614 -0.0913 -0.8225
vn 0.3890 -0.9011 0.1916
vn 0.6788 0.6684 -0.3042
vn 0.4140 0.8951 -0.1657
vn 0.6449 0.7105 -0.2815
vn 0.4889 0.8593 -0.1504
vn 0.0590 0.9469 0.3160
vn -0.0816 -0.8433 0.5312
vn -0.1332 0.9830 -0.1267
vn -0.0803 0.9968 0.0055
vn -0.1170 0.9894 -0.0858
vn -0.4621 -0.4417 0.7690
vn -0.6557 0.1230 0.7449
vn -0.8230 0.4935 0.2812
vn -0.4760 -0.0257 0.8791
vn -0.3001 -0.6889 0.6598
vn -0.4336 -0.7315 0.5262
vn -0.4474 -0.7345 0.5102
vn -0.0313 -0.9072 0.4195
vn -0.5473 0.5496 0.6312
vn 0.0528 0.9948 -0.0869
vn -0.0857 0.9441 0.3182
vn -0.0670 0.9565 0.2841
vn -0.3151 0.8876 0.3361
vn -0.0127 -0.9197 0.3925
vn 0.6781 -0.3733 0.6331
vn 0.4766 0.3999 0.7829
vn -0.1790 0.8754 0.4490
vn -0.1615 0.9063 0.3906
vn -0.0012 -0.8205 0.5717
vn -0.0128 -0.8897 0.4563
vn -0.0170 -0.8956 0.4445
vn -0.8726 -0.3975 0.2839
vn -0.4824 -0.8484 0.2181
vn -0.9322 -0.2244 0.2839
vn 0.8236 -0.3955 0.4066
vn 0.8738 -0.3407 0.3469
vn 0.8516 -0.3664 0.3748
vn -0.9116 0.3457 0.2226
vn 0.0365 -0.9403 0.3385
vn 0.3257 -0.9224 0.2075
vn 0.8783 -0.4618 0.1240
vn 0.9671 -0.2080 0.1466
vn 0.8204 -0.5608 0.1115
vn 0.9816 0.1051 0.1594
vn -0.0608 -0.9848 0.1628
vn -0.0956 -0.9827 0.1588
vn -0.0883 -0.9883 0.1245
vn -0.0036 0.8783 0.4781
vn -0.2992 -0.8643 0.4043
vn -0.0882 -0.8624 0.4985
vn 0.3140 -0.0648 0.9472
vn 0.3100 -0.0677 0.9483
vn 0.3212 -0.0595 0.9451
vn -0.2043 0.6060 0.7688
vn -0.1753 0.6130 0.7704
vn -0.0113 0.6376 0.7703
vn -0.3539 0.5650 0.7453
vn 0.2122 0.9698 -0.1200
vn 0.4851 0.4428 0.7540
vn 0.0932 0.9119 0.3997
vn -0.0269 0.9728 0.2300
vn 0.3850 0.8665 0.3178
vn 0.2597 0.9587 -0.1162
vn 0.2067 0.9735 -0.0983
vn 0.3697 0.9181 -0.1428
vn -0.8052 -0.5806 -0.1211
vn -0.8142 0.5605 -0.1515
vn 0.3907 0.9201 -0.0268
vn 0.9127 -0.1949 -0.3591
vn 0.8396 0.5039 -0.2029
vn 0.8799 0.4360 -0.1888
vn -0.6132 -0.3916 0.6861
vn -0.6039 -0.3216 0.7293
vn 0.2168 0.4117 0.8852
vn -0.2462 0.4837 0.8399
vn -0.5002 -0.6576 0.5633
vn -0.2020 -0.5526 0.8086
vn 0.0277 -0.3330 0.9425
vn 0.4075 -0.4444 0.7978
vn 0.2312 -0.4001 0.8868
vn 0.7733 0.3872 0.5021
vn 0.1223 0.1460 0.9817
vn 0.7044 0.1218 0.6993
vn 0.7850 0.6075 -0.1211
vn 0.9296 0.3596 -0.0807
vn 0.0947 -0.9955 0.0068
vn -0.0823 -0.9664 0.2435
vn 0.9029 -0.4294 -0.0186
vn -0.9948 -0.0430 0.0925
vn -0.6648 -0.4381 -0.6050
vn -0.5113 -0.5630 -0.6493
vn -0.4413 -0.0753 -0.8942
vn 0.0344 -0.9665 0.2545
vn 0.4084 -0.2369 -0.8815
vn 0.7174 -0.2978 0.6298
vn 0.0350 -0.9809 0.1914
vn 0.8531 0.3222 0.4103
vn 0.7212 0.2818 0.6328
vn 0.8313 0.1544 0.5340
vn -0.9270 -0.2456 0.2835
vn -0.8310 -0.4899 0.2635
vn -0.6748 0.0066 -0.7379
vn 0.2311 0.9711 -0.0599
vn 0.5434 -0.1258 -0.8300
vn 0.2983 -0.9051 0.3029
vn 0.3720 -0.8418 0.3912
vn 0.4616 -0.7398 0.4895
vn 0.6345 0.5236 -0.5686
vn 0.2748 -0.9193 0.2816
vn -0.0108 0.9562 0.2924
vn -0.3499 0.9295 -0.1165
vn 0.1427 -0.9144 0.3788
vn 0.3970 -0.7698 0.4997
vn -0.1323 0.8875 0.4413
vn 0.0043 -0.6691 0.7432
vn 0.3817 0.9073 0.1761
vn -0.1261 0.9343 0.3335
vn -0.1003 0.8714 0.4802
vn 0.9370 0.3493 0.0010
vn -0.2674 -0.9516 0.1514
vn -0.2658 -0.9511 0.1574
vn -0.2606 -0.9493 0.1758
vn -0.4283 -0.7253 0.5389
vn -0.4207 -0.4487 0.7885
vn 0.1057 0.9827 -0.1524
vn 0.1082 0.9798 -0.1681
vn 0.1050 0.9779 -0.1806
vn 0.0998 0.9841 -0.1466
vn -0.3211 0.8078 0.4943
vn -0.1644 -0.8829 0.4398
vn 0.3260 -0.0560 0.9437
vn -0.0535 0.9239 0.3788
vn -0.0521 0.9245 0.3777
vn -0.1256 -0.9272 0.3529
vn 0.1605 -0.8357 0.5251
vn 0.3596 0.1824 0.9151
vn 0.5308 0.0505 0.8460
vn 0.5868 -0.1075 0.8025
vn 0.5603 -0.5951 0.5762
vn 0.4951 0.8145 0.3025
vn 0.6041 0.7348 0.3084
vn 0.8533 0.4311 0.2935
vn 0.4669 0.7854 0.4063
vn -0.7829 0.1576 -0.6019
vn 0.1297 0.9293 -0.3458
vn -0.6250 0.5855 -0.5164
vn 0.0427 0.9239 -0.3802
vn 0.8656 0.0682 -0.4960
vn 0.8149 -0.1305 -0.5647
vn -0.6034 -0.7918 0.0946
vn -0.6777 -0.7146 0.1736
vn -0.5421 -0.2917 0.7881
vn -0.3821 0.3686 0.8474
vn -0.3881 0.4799 0.7868
vn -0.3860 0.6227 0.6806
vn 0.4898 0.8473 0.2054
vn -0.7655 -0.6089 0.2080
vn 0.8050 0.5531 0.2148
vn -0.9381 -0.3277 0.1121
vn -0.9348 -0.3010 0.1885
vn -0.9384 -0.3223 0.1247
vn 0.9598 0.2571 -0.1123
vn 0.9668 0.2476 -0.0632
vn 0.9537 0.2777 -0.1155
vn -0.9720 -0.1435 0.1863
vn -0.7511 0.6602 -0.0086
vn -0.9586 0.2692 -0.0930
vn -0.8108 0.5846 -0.0276
vn 0.0401 -0.9950 0.0914
vn 0.9740 -0.1713 -0.1480
vn -0.3300 -0.3635 -0.8712
vn 0.2174 -0.9131 -0.3448
vn 0.0484 -0.9586 0.2807
vn 0.0658 -0.9742 0.2159
vn -0.4926 -0.8069 0.3261
vn 0.8917 -0.0208 0.4522
vn 0.6633 0.6738 0.3256
vn -0.4678 0.4698 -0.7486
vn -0.3809 0.3084 -0.8717
vn -0.2512 0.5182 -0.8175
vn 0.0190 0.9090 -0.4163
vn -0.4990 -0.5333 0.6831
vn 0.5848 0.4152 -0.6968
vn 0.5530 0.4871 -0.6759
vn 0.2607 -0.8030 0.5359
vn 0.2952 -0.7361 0.6091
vn -0.3424 0.9239 0.1708
vn -0.2564 0.9249 0.2808
vn 0.0251 -0.9856 0.1675
vn 0.0282 -0.9861 0.1637
vn -0.6020 -0.7148 0.3560
vn -0.5617 -0.7466 0.3566
vn 0.0631 -0.8523 0.5192
vn 0.0937 -0.7980 0.5953
vn -0.7193 0.6927 0.0528
vn -0.9342 0.3546 0.0390
vn -0.0200 -0.7418 0.6704
vn -0.0258 -0.7390 0.6732
vn -0.0197 -0.7408 0.6714
vn -0.1471 0.9235 0.3543
vn 0.5731 -0.7939 0.2033
vn -0.1099 0.8790 0.4640
vn 0.0133 0.8231 0.5677
vn 0.0249 -0.7964 0.6042
vn 0.2685 -0.9632 0.0144
vn 0.7133 -0.2124 -0.6679
vn 0.3057 -0.9518 -0.0258
vn 0.6130 -0.7900 -0.0073
vn 0.8392 0.3981 -0.3704
vn 0.4520 0.5633 -0.6917
vn 0.6910 0.4890 -0.5324
vn 0.9126 -0.4020 -0.0748
vn 0.2948 0.9271 -0.2315
vn -0.0414 0.8518 0.5222
vn -0.4581 0.8483 0.2656
vn 0.9119 0.3032 0.2767
vn -0.4248 -0.8953 0.1342
vn -0.4290 -0.8933 0.1340
vn -0.4299 -0.8931 0.1324
vn -0.5944 -0.8040 0.0168
vn -0.7906 -0.6075 -0.0766
vn 0.2753 0.9540 -0.1186
vn 0.2872 0.9481 -0.1361
vn 0.3492 0.9204 -0.1758
vn -0.4427 -0.8964 -0.0236
vn -0.7552 0.2059 -0.6223
vn -0.4742 -0.7193 -0.5077
vn -0.5304 -0.4963 -0.6873
vn -0.4658 -0.4971 -0.7321
vn -0.0625 -0.7637 -0.6426
vn 0.3597 0.0722 -0.9303
vn 0.5147 0.2666 -0.8149
vn -0.2261 -0.8501 0.4757
vn 0.5876 -0.4725 0.6568
vn 0.1794 -0.8755 0.4486
vn 0.9694 0.1046 0.2221
vn -0.7796 -0.4160 0.4682
vn -0.7553 -0.6417 0.1331
vn -0.5169 0.0688 0.8533
vn -0.7732 -0.4416 0.4552
vn -0.7920 -0.4613 0.3999
vn -0.6840 -0.5790 0.4438
vn 0.5939 0.6696 0.4460
vn 0.6008 0.3255 0.7301
vn -0.7704 -0.5394 0.3399
vn 0.7476 0.2076 0.6309
vn -0.9336 -0.3073 0.1843
vn -0.9582 -0.2584 0.1230
vn 0.9378 0.1886 0.2915
vn -0.4525 0.8625 -0.2267
vn 0.4575 0.8890 -0.0200
vn -0.6524 -0.7486 0.1183
vn -0.2311 -0.9325 -0.2774
vn 0.8301 -0.4458 -0.3350
vn 0.7905 -0.5220 -0.3204
vn 0.7634 -0.5664 -0.3106
vn 0.8449 -0.4142 -0.3386
vn -0.4082 -0.7807 -0.4731
vn -0.0890 -0.9960 0.0108
vn -0.0062 -0.9787 0.2052
vn -0.3781 -0.8137 -0.4416
vn 0.2370 -0.7349 -0.6354
vn -0.4781 -0.1492 -0.8656
vn -0.1895 0.0424 -0.9810
vn -0.0034 -0.9900 0.1413
vn -0.1407 0.0635 -0.9880
vn -0.0613 0.0294 -0.9977
vn 0.0091 -0.9708 0.2398
vn 0.0470 -0.9324 0.3584
vn 0.6871 0.0511 0.7247
vn -0.1068 0.2498 -0.9624
vn 0.2596 -0.3486 -0.9006
vn 0.7206 0.5550 0.4157
vn 0.6002 0.6627 0.4479
vn 0.3770 0.9139 0.1503
vn 0.4210 0.0497 -0.9057
vn 0.4120 -0.9008 0.1374
vn -0.7670 -0.4202 0.4849
vn -0.7256 -0.3393 0.5986
vn -0.5746 -0.3361 0.7463
vn 0.1164 0.9381 0.3261
vn -0.1285 -0.6975 0.7049
vn 0.0162 0.9027 0.4300
vn 0.2543 -0.9205 0.2967
vn 0.4313 -0.7383 0.5186
vn 0.1676 -0.9678 0.1878
vn 0.1802 -0.8631 0.4718
vn 0.1842 -0.7831 0.5940
vn 0.2206 -0.8393 0.4970
vn 0.1238 -0.8325 0.5400
vn 0.0777 -0.5622 0.8233
vn -0.1215 0.7578 0.6411
vn -0.1348 0.7607 0.6350
vn -0.0388 -0.6972 0.7158
vn -0.1031 -0.6098 0.7858
vn -0.9438 0.3223 0.0726
vn -0.1703 0.9599 0.2225
vn 0.0464 -0.9708 0.2353
vn -0.2499 -0.9639 0.0922
vn -0.2506 -0.9652 0.0744
vn -0.7812 -0.6194 -0.0784
vn 0.8969 -0.3110 0.3144
vn -0.0073 -0.8045 0.5939
vn -0.1355 0.8167 0.5610
vn -0.9714 -0.0231 -0.2364
vn -0.9297 0.3292 -0.1652
vn -0.1537 0.9748 -0.1618
vn -0.0056 0.7994 0.6008
vn -0.0697 -0.9749 0.2113
vn -0.6019 -0.6358 0.4832
vn -0.8827 -0.1362 0.4498
vn 0.4557 -0.6425 0.6161
vn -0.2997 -0.9361 0.1842
vn -0.4281 -0.9025 -0.0464
vn 0.4054 0.8892 -0.2120
vn -0.4644 -0.7866 -0.4069
vn 0.2737 0.3358 -0.9013
vn -0.5653 -0.7277 -0.3885
vn -0.5581 -0.8188 0.1349
vn -0.4707 -0.8812 0.0446
vn 0.4641 0.6803 -0.5672
vn -0.4208 -0.0887 -0.9028
vn 0.4515 0.7575 -0.4715
vn 0.5247 0.8332 -0.1746
vn 0.4718 0.8202 -0.3235
vn -0.0302 0.5408 -0.8406
vn 0.6018 0.6377 -0.4809
vn 0.5901 0.6540 -0.4734
vn -0.8553 -0.3759 0.3565
vn -0.3770 0.7129 0.5913
vn -0.6545 0.6287 0.4200
vn -0.5627 0.8057 0.1850
vn -0.6804 0.4882 0.5465
vn 0.4822 0.8760 0.0106
vn 0.9746 -0.0137 0.2233
vn -0.7370 -0.6621 0.1360
vn -0.7961 -0.5988 0.0871
vn -0.1689 -0.1364 0.9761
vn -0.4747 0.1216 0.8717
vn -0.6711 0.0382 0.7403
vn 0.0019 0.6411 0.7674
vn 0.5997 0.6704 0.4370
vn -0.1272 -0.0708 0.9893
vn -0.9224 -0.2742 0.2720
vn 0.7837 0.5393 0.3081
vn 0.6389 0.3120 0.7032
vn -0.7987 -0.3424 0.4948
vn 0.2528 0.0625 0.9655
vn 0.8476 0.1903 0.4953
vn 0.2705 -0.1559 0.9500
vn 0.7544 0.1037 0.6482
vn 0.9635 0.1961 -0.1822
vn 0.9443 0.3190 -0.0811
vn -0.1589 -0.8053 -0.5711
vn -0.2333 -0.4923 -0.8386
vn -0.0912 -0.2648 -0.9600
vn -0.2556 -0.5307 -0.8081
vn -0.0554 -0.9983 0.0198
vn -0.0183 -0.9998 -0.0124
vn -0.0387 -0.9975 0.0599
vn 0.1900 -0.7925 -0.5795
vn 0.6254 -0.1146 0.7718
vn 0.0318 -0.9588 0.2824
vn -0.0404 0.0579 -0.9975
vn 0.2449 -0.0344 -0.9689
vn 0.1649 0.0024 -0.9863
vn 0.0448 0.0026 -0.9990
vn -0.8402 -0.3977 0.3686
vn -0.8246 -0.2437 0.5105
vn 0.2342 -0.0240 -0.9719
vn 0.2692 0.4343 -0.8596
vn 0.4005 0.4405 -0.8035
vn 0.3701 0.7825 -0.5007
vn 0.4169 0.3680 -0.8311
vn 0.3943 0.9039 -0.1656
vn -0.2127 -0.5654 0.7969
vn -0.3790 -0.3172 0.8693
vn -0.3180 -0.4303 0.8448
vn 0.0874 -0.4037 0.9107
vn 0.5098 -0.6710 0.5384
vn 0.1476 -0.4028 0.9033
vn 0.1972 0.7410 0.6419
vn 0.1795 0.8549 0.4868
vn 0.2094 0.3803 0.9009
vn -0.1981 0.9740 -0.1098
vn 0.2681 0.7958 0.5431
vn 0.1095 -0.8374 0.5355
vn -0.1459 0.8244 0.5468
vn -0.0736 0.5917 0.8028
vn -0.1616 0.6542 0.7389
vn -0.2312 0.7531 0.6160
vn -0.1236 0.9218 0.3675
vn 0.0797 -0.9828 0.1663
vn 0.0506 -0.6130 0.7885
vn 0.7618 -0.6464 -0.0430
vn 0.7413 -0.6711 0.0109
vn 0.8100 -0.5749 -0.1157
vn -0.6385 -0.7667 -0.0674
vn -0.0023 0.7471 0.6647
vn -0.0026 0.7462 0.6657
vn -0.1169 0.8169 0.5649
vn -0.1150 0.8137 0.5699
vn -0.0968 0.7647 0.6371
vn 0.0437 -0.7634 0.6445
vn 0.0295 -0.7386 0.6735
vn -0.0090 -0.6078 0.7940
vn -0.0082 0.9888 -0.1491
vn -0.0221 0.7217 0.6919
vn -0.0125 0.6771 0.7358
vn -0.0541 0.5421 0.8386
vn -0.0461 0.7692 0.6373
vn -0.0324 0.7244 0.6886
vn -0.0388 0.7460 0.6648
vn -0.9319 0.3106 0.1871
vn -0.0686 0.9923 -0.1034
vn -0.4654 0.8678 -0.1742
vn -0.1305 0.9847 -0.1156
vn -0.1341 -0.9217 0.3640
vn 0.3804 -0.8930 0.2406
vn -0.0016 -0.9414 0.3374
vn 0.6216 -0.6471 0.4414
vn 0.6193 -0.6500 0.4404
vn 0.8571 0.5151 0.0076
vn -0.4345 -0.8887 0.1462
vn 0.3442 0.9335 -0.1005
vn 0.5414 0.8303 -0.1324
vn 0.4655 0.8592 -0.2123
vn -0.6574 -0.7403 0.1407
vn -0.6377 -0.7552 0.1515
vn -0.6711 -0.7346 0.1000
vn 0.5869 0.8001 -0.1239
vn 0.5788 0.8026 -0.1442
vn 0.5708 0.8051 -0.1613
vn 0.0158 0.9970 -0.0757
vn 0.0610 0.9941 -0.0902
vn 0.2967 0.9410 -0.1628
vn 0.6940 -0.6929 -0.1959
vn -0.4823 -0.8760 0.0027
vn 0.7919 0.5867 -0.1696
vn -0.8923 -0.4338 0.1251
vn -0.9488 -0.3075 0.0723
vn -0.8807 -0.4539 0.1359
vn -0.5821 -0.4543 0.6744
vn -0.4679 -0.4657 0.7511
vn 0.6832 0.0037 0.7302
vn 0.7820 0.2259 0.5809
vn 0.9901 -0.1400 -0.0092
vn -0.5694 0.1401 0.8100
vn -0.8321 -0.1780 0.5252
vn -0.2606 0.3235 0.9097
vn 0.0016 0.3387 0.9409
vn -0.0407 -0.0339 0.9986
vn -0.7570 -0.3592 0.5459
vn 0.2136 -0.1977 0.9567
vn 0.9040 -0.0677 0.4222
vn 0.9663 0.1344 0.2198
vn 0.9753 0.1326 -0.1767
vn 0.9845 -0.0545 -0.1669
vn 0.9974 -0.0722 0.0037
vn -0.9764 0.1875 -0.1071
vn 0.0088 0.9006 -0.4346
vn -0.4750 0.6404 -0.6036
vn -0.1067 0.7633 -0.6372
vn -0.4107 0.5790 -0.7043
vn -0.0528 0.6082 -0.7920
vn -0.4186 -0.9081 -0.0120
vn -0.0536 -0.9840 0.1698
vn -0.0683 -0.2233 -0.9724
vn -0.0548 -0.6128 -0.7883
vn -0.0049 -0.5277 -0.8494
vn -0.0062 -0.5198 -0.8543
vn 0.0018 -0.5030 -0.8643
vn 0.0002 -0.4995 -0.8663
vn 0.6094 -0.4932 0.6208
vn 0.0339 0.0602 -0.9976
vn -0.7181 -0.5191 0.4635
vn -0.7907 -0.3616 0.4940
vn -0.0886 0.6821 -0.7259
vn -0.0025 0.7751 -0.6319
vn 0.2257 0.9636 -0.1434
vn 0.1192 0.5282 -0.8407
vn 0.1734 0.3328 -0.9269
vn 0.4256 -0.8991 0.1025
vn 0.5308 -0.7983 0.2844
vn 0.3012 0.8553 -0.4215
vn 0.3943 -0.7120 0.5810
vn 0.3685 -0.7185 0.5899
vn 0.3561 -0.7615 0.5415
vn 0.3544 -0.7678 0.5338
vn 0.3740 0.9092 -0.1829
vn -0.4119 -0.7172 0.5621
vn -0.0850 -0.3363 0.9379
vn 0.2020 0.2003 0.9587
vn -0.2971 -0.0942 0.9502
vn -0.0917 -0.2570 0.9621
vn -0.0518 -0.4648 0.8839
vn 0.5798 -0.3954 0.7124
vn -0.3170 0.8369 0.4463
vn -0.3583 0.7823 0.5095
vn 0.4101 0.3911 0.8239
vn -0.0082 0.9837 0.1795
vn -0.0145 -0.2724 0.9621
vn -0.0181 -0.4442 0.8958
vn -0.1806 0.4306 0.8843
vn -0.0188 0.4246 0.9052
vn 0.1054 -0.5319 0.8402
vn -0.0133 0.3884 0.9214
vn -0.0250 -0.4110 0.9113
vn -0.0099 0.1197 0.9928
vn -0.0215 0.3243 0.9457
vn -0.5105 -0.7935 -0.3313
vn -0.0064 -0.5562 0.8310
vn 0.7479 0.6532 -0.1180
vn 0.9968 0.0703 0.0381
vn 0.8222 0.4641 -0.3295
vn 0.9871 0.1551 -0.0405
vn -0.0949 0.7613 0.6414
vn -0.6966 0.1449 -0.7027
vn -0.0080 0.5436 0.8393
vn -0.0109 0.3125 0.9498
vn -0.0977 0.7250 0.6818
vn -0.0034 0.7930 0.6092
vn -0.0466 0.6879 0.7243
vn -0.0169 0.5827 0.8125
vn -0.0377 0.6566 0.7533
vn -0.0395 0.6575 0.7524
vn -0.0526 0.6953 0.7168
vn -0.7263 0.6763 -0.1227
vn -0.6504 0.7374 -0.1823
vn -0.7254 0.6772 -0.1228
vn 0.0375 -0.9933 0.1097
vn 0.5805 -0.8085 0.0967
vn 0.9380 0.3464 0.0141
vn -0.3636 -0.9193 0.1505
vn -0.4436 -0.8777 0.1814
vn -0.4727 -0.8662 0.1619
vn -0.4382 -0.8789 0.1885
vn -0.5213 -0.8455 0.1155
vn -0.3540 -0.9309 0.0901
vn -0.4199 -0.8997 0.1195
vn -0.4159 -0.8861 0.2046
vn -0.9755 -0.0810 0.2047
vn -0.8717 -0.4869 -0.0559
vn -0.9743 -0.1063 0.1985
vn -0.4853 0.8734 0.0408
vn 0.5896 0.7985 -0.1213
vn 0.8863 -0.3967 -0.2390
vn 0.9685 0.0853 -0.2338
vn 0.7360 -0.6412 -0.2173
vn 0.9238 0.3216 -0.2076
vn -0.7191 0.2519 0.6476
vn -0.9459 0.1187 0.3020
vn -0.8030 0.1849 0.5666
vn 0.1704 0.9660 -0.1944
vn 0.9936 0.1133 -0.0010
vn 0.9426 0.3118 -0.1198
vn 0.9969 -0.0491 0.0617
vn 0.9191 0.3267 -0.2203
vn 0.8909 0.4500 0.0620
vn 0.1092 0.7483 0.6543
vn -0.6401 -0.3303 0.6936
vn 0.2926 -0.3655 0.8836
vn 0.3190 -0.3308 0.8881
vn 0.7110 0.5800 -0.3976
vn -0.1994 -0.6785 -0.7070
vn -0.2819 -0.6345 -0.7197
vn -0.3853 -0.5690 -0.7265
vn 0.0364 0.9176 0.3959
vn 0.9906 0.0982 -0.0957
vn 0.2087 0.9065 0.3670
vn -0.9854 0.0354 0.1663
vn -0.9698 0.1203 0.2120
vn -0.8763 0.4588 0.1468
vn -0.1075 -0.8735 -0.4747
vn -0.1343 -0.8585 -0.4950
vn -0.0717 -0.9847 -0.1590
vn -0.0044 -0.8769 -0.4807
vn -0.0773 -0.9957 -0.0517
vn 0.4295 -0.7040 0.5656
vn -0.0618 -0.9960 0.0638
vn 0.5310 0.3724 0.7612
vn 0.4474 0.7762 0.4443
vn 0.2186 0.8802 -0.4213
vn -0.6913 -0.0665 0.7195
vn -0.5685 -0.1882 0.8009
vn 0.2804 0.7666 -0.5776
vn 0.3209 0.8854 -0.3362
vn 0.3311 -0.9337 0.1366
vn 0.4966 -0.7321 0.4663
vn 0.4995 -0.7292 0.4678
vn -0.3674 -0.9110 0.1873
vn 0.3684 -0.7172 0.5916
vn -0.4163 -0.7294 0.5429
vn 0.1866 -0.3298 0.9254
vn -0.8249 0.1817 0.5352
vn 0.4000 -0.8733 0.2780
vn 0.5346 -0.8270 0.1739
vn 0.4605 -0.8564 0.2335
vn 0.8653 -0.1971 0.4608
vn 0.0434 0.3410 0.9390
vn -0.0976 0.7188 0.6883
vn 0.0523 -0.2871 0.9565
vn -0.1575 0.1361 0.9781
vn -0.0451 0.8903 0.4531
vn -0.0338 -0.9986 0.0401
vn -0.0823 0.5803 0.8102
vn -0.0932 0.5907 0.8015
vn -0.0819 0.5783 0.8117
vn -0.1399 0.9728 -0.1848
vn 0.2245 0.9666 -0.1235
vn -0.0909 0.5635 0.8211
vn -0.1115 0.8247 0.5545
vn 0.0631 -0.5494 0.8332
vn -0.0173 -0.1027 0.9946
vn -0.0586 0.4679 0.8819
vn 0.0584 -0.4702 0.8806
vn 0.0547 -0.4467 0.8930
vn -0.2831 0.7682 0.5742
vn -0.1229 0.7906 0.5998
vn -0.0588 0.3756 0.9249
vn 0.9092 -0.3882 -0.1508
vn 0.0295 -0.3858 0.9221
vn -0.2909 -0.9556 -0.0471
vn 0.0037 -0.9880 0.1545
vn -0.0793 -0.9901 0.1157
vn -0.7963 -0.2822 -0.5350
vn -0.0547 0.3537 0.9338
vn 0.0204 -0.3156 0.9487
vn 0.0246 -0.2952 0.9551
vn -0.0075 0.0451 0.9990
vn -0.0099 0.2176 0.9760
vn -0.0172 0.2087 0.9778
vn -0.0202 0.2046 0.9786
vn -0.0170 0.0040 0.9998
vn 0.0041 -0.2819 0.9594
vn -0.4626 -0.4310 -0.7748
vn 0.6414 -0.4626 -0.6121
vn -0.5333 -0.1448 -0.8335
vn -0.3844 0.2014 -0.9009
vn -0.3065 0.3360 -0.8906
vn -0.7114 0.3413 -0.6144
vn 0.0239 -0.3058 0.9518
vn 0.6121 -0.5426 -0.5752
vn 0.1216 -0.8932 -0.4330
vn 0.0463 -0.2424 -0.9691
vn -0.0875 -0.6885 -0.7200
vn 0.0967 -0.0434 -0.9944
vn -0.0855 0.6283 -0.7733
vn -0.0027 0.0084 1.0000
vn -0.0179 0.2109 0.9773
vn 0.5077 0.0889 -0.8569
vn -0.0733 0.3844 -0.9202
vn -0.0068 0.2216 0.9751
vn -0.0184 0.2450 0.9694
vn -0.1099 -0.9703 0.2153
vn 0.2504 0.5865 -0.7703
vn -0.0165 0.2242 0.9744
vn -0.8549 -0.5104 0.0933
vn 0.1368 0.9700 -0.2008
vn 0.1508 0.9733 0.1731
vn -0.2808 -0.9325 0.2271
vn -0.3536 -0.9104 0.2149
vn -0.3706 -0.7361 0.5663
vn -0.1644 0.9858 0.0354
vn -0.0627 0.7187 0.6925
vn 0.3855 0.9202 0.0682
vn -0.0388 -0.3024 0.9524
vn 0.1666 -0.0764 0.9831
vn 0.1504 -0.1461 0.9778
vn 0.4451 0.8650 0.2317
vn 0.7687 0.4632 0.4410
vn 0.5033 0.8548 -0.1267
vn 0.4306 0.8875 -0.1641
vn 0.5717 0.8094 -0.1346
vn 0.5179 0.8284 -0.2134
vn 0.5728 0.8117 -0.1141
vn -0.9054 -0.4228 0.0382
vn -0.5105 -0.8598 -0.0095
vn 0.5215 0.8371 -0.1652
vn -0.9831 0.1127 0.1439
vn -0.1695 0.9354 0.3104
vn 0.5675 0.7742 0.2804
vn -0.4553 -0.7794 0.4304
vn -0.1702 -0.9048 0.3902
vn 0.9763 -0.1663 0.1384
vn 0.4070 -0.9126 0.0388
vn 0.9804 0.1325 -0.1457
vn -0.8901 -0.4202 0.1765
vn 0.9192 0.3642 -0.1495
vn -0.4826 -0.8297 0.2803
vn -0.6601 -0.6912 0.2941
vn -0.5137 -0.8096 0.2841
vn 0.5889 -0.7195 0.3681
vn 0.7591 -0.5421 0.3605
vn -0.9189 0.1327 -0.3716
vn -0.9109 0.1523 -0.3834
vn -0.9429 0.0751 -0.3245
vn -0.9481 0.0567 -0.3129
vn -0.2005 0.3216 -0.9254
vn -0.4149 0.1864 -0.8906
vn -0.2635 0.2849 -0.9216
vn 0.3338 0.1153 -0.9356
vn 0.7904 0.2294 -0.5680
vn 0.7907 -0.2165 -0.5726
vn -0.4671 -0.5078 -0.7238
vn -0.4036 0.9103 0.0916
vn -0.1541 -0.9866 -0.0530
vn -0.0679 -0.9966 0.0471
vn -0.0473 -0.9978 0.0465
vn -0.0096 -0.9991 0.0408
vn -0.0243 -0.9970 0.0737
vn -0.8955 -0.3599 0.2619
vn -0.9127 -0.1923 0.3605
vn -0.7692 -0.2089 0.6040
vn -0.8644 -0.3082 0.3973
vn 0.3190 0.9322 -0.1712
vn 0.2788 0.7641 -0.5817
vn 0.3232 0.9463 0.0069
vn 0.3143 0.9408 0.1272
vn 0.1623 0.9181 0.3616
vn 0.3252 -0.5415 0.7753
vn 0.3346 -0.5342 0.7763
vn 0.3666 -0.4630 0.8070
vn -0.8144 -0.5414 0.2088
vn 0.2938 -0.5583 0.7758
vn 0.2204 -0.0636 0.9733
vn 0.0960 -0.0550 0.9939
vn -0.4356 -0.0864 0.8960
vn -0.3472 0.1520 0.9254
vn -0.3068 0.2984 0.9038
vn 0.8572 -0.3603 0.3679
vn 0.1007 -0.0699 0.9925
vn 0.9454 0.2680 0.1852
vn 0.0142 0.0249 0.9996
vn 0.7023 0.7008 -0.1253
vn 0.6931 0.7186 -0.0565
vn 0.7038 0.7039 0.0958
vn 0.0006 -0.0321 0.9995
vn -0.9469 0.2746 -0.1674
vn 0.2254 -0.9716 0.0721
vn 0.9260 -0.1422 -0.3498
vn 0.9311 -0.3354 -0.1437
vn -0.2725 -0.9613 -0.0407
vn 0.7480 0.5307 -0.3985
vn 0.6985 0.6157 -0.3647
vn -0.0998 -0.9409 -0.3236
vn -0.1188 -0.9865 -0.1129
vn -0.0575 -0.9953 0.0784
vn -0.1376 -0.8222 -0.5523
vn -0.2710 -0.9526 0.1382
vn 0.1926 0.9629 -0.1889
vn 0.1303 0.9689 -0.2102
vn 0.1498 0.9675 -0.2036
vn -0.3369 0.8330 -0.4388
vn -0.5203 0.8341 -0.1830
vn 0.6728 -0.7258 -0.1430
vn 0.9037 -0.4247 0.0542
vn 0.8435 0.5326 -0.0694
vn -0.4738 -0.8604 0.1876
vn 0.3291 0.9231 -0.1988
vn -0.6622 -0.4533 0.5966
vn -0.5208 -0.7555 0.3975
vn -0.1579 0.1350 0.9782
vn 0.0988 -0.1278 0.9869
vn -0.2715 -0.4904 0.8281
vn 0.3169 0.9484 0.0103
vn -0.0874 -0.8295 0.5517
vn -0.5196 -0.8190 0.2435
vn 0.1526 -0.7968 0.5847
vn 0.7178 -0.0110 0.6962
vn 0.7475 0.0422 0.6630
vn 0.6132 -0.1703 0.7713
vn 0.7617 0.4348 0.4804
vn 0.5579 0.8080 -0.1893
vn -0.9795 -0.1863 -0.0770
vn 0.3224 0.9311 -0.1704
vn 0.7555 -0.5126 -0.4079
vn -0.5007 -0.8623 0.0752
vn -0.2106 -0.9672 -0.1421
vn -0.9385 0.0523 0.3414
vn -0.3751 0.7936 0.4790
vn 0.1676 0.7622 0.6253
vn -0.3357 0.9367 0.0994
vn 0.1553 0.9743 0.1631
vn 0.5787 0.7929 0.1907
vn 0.8759 0.4501 0.1739
vn 0.7525 -0.6344 0.1768
vn -0.4719 0.1451 -0.8696
vn -0.6762 -0.0495 -0.7351
vn -0.9001 -0.2892 -0.3259
vn -0.3505 -0.1125 -0.9298
vn -0.2244 -0.0604 -0.9726
vn 0.6497 -0.0565 -0.7581
vn 0.9702 0.0447 -0.2381
vn 0.7474 -0.0055 -0.6643
vn 0.8801 0.0122 -0.4746
vn -0.9867 -0.1377 -0.0863
vn 0.7089 -0.3243 -0.6263
vn 0.9848 -0.0526 0.1654
vn -0.0581 -0.8217 0.5670
vn -0.0936 -0.9873 0.1284
vn 0.1329 -0.8034 0.5804
vn 0.3302 -0.7445 0.5802
vn 0.2460 -0.6774 0.6932
vn 0.3794 -0.6986 0.6066
vn 0.6029 -0.2413 0.7604
vn 0.5011 -0.7541 0.4245
vn 0.5932 -0.6994 0.3987
vn 0.3858 -0.4271 0.8178
vn 0.3990 -0.4059 0.8222
vn 0.0707 0.7931 0.6050
vn 0.2112 0.0874 0.9735
vn 0.2562 0.2161 0.9422
vn 0.2191 0.1195 0.9683
vn 0.0676 0.6375 0.7675
vn 0.0843 0.3615 0.9286
vn -0.0239 0.8753 0.4830
vn -0.8951 -0.2993 0.3305
vn -0.9668 -0.0916 0.2384
vn -0.8409 0.5267 0.1243
vn -0.8210 0.5592 0.1152
vn 0.1592 -0.9724 0.1705
vn 0.1562 -0.9711 0.1807
vn 0.1413 -0.9727 0.1839
vn 0.5890 -0.7982 0.1260
vn -0.1677 0.8609 0.4803
vn 0.0750 0.7020 0.7083
vn -0.5104 0.8599 0.0014
vn -0.7457 0.6536 -0.1292
vn -0.4518 0.8684 -0.2045
vn 0.9966 -0.0470 -0.0675
vn -0.0794 0.7798 0.6210
vn -0.3999 0.6900 0.6034
vn -0.2990 0.5750 0.7615
vn -0.5382 0.5530 0.6360
vn -0.2756 -0.9607 0.0343
vn -0.9140 0.3540 -0.1983
vn -0.2648 0.8205 0.5067
vn -0.2075 0.8651 0.4566
vn -0.4419 0.8754 -0.1960
vn -0.7807 0.6081 -0.1438
vn -0.2440 0.9469 -0.2094
vn 0.8223 -0.0102 -0.5690
vn -0.0647 0.4454 -0.8930
vn 0.3470 0.9135 0.2125
vn -0.5717 0.2618 0.7776
vn -0.4501 0.6708 0.5894
vn 0.5933 -0.1989 0.7801
vn 0.9291 0.1635 -0.3316
vn -0.7886 -0.5874 0.1819
vn 0.0094 0.9922 -0.1240
vn 0.1478 0.9837 -0.1024
vn -0.3459 0.8009 -0.4887
vn -0.9393 -0.2647 0.2184
vn -0.9950 0.0379 0.0922
vn -0.3924 0.9198 -0.0005
vn -0.2664 0.9638 -0.0120
vn -0.3610 0.9326 -0.0034
vn 0.9799 0.0898 -0.1783
vn 0.0024 -0.8276 0.5613
vn -0.0099 -0.7707 0.6372
vn -0.0291 -0.8370 0.5464
vn 0.0018 -0.8230 0.5681
vn 0.0290 -0.8854 0.4639
vn 0.4591 -0.1626 0.8734
vn 0.4753 -0.2518 0.8431
vn 0.0382 -0.9024 0.4292
vn 0.0226 -0.8805 0.4735
vn 0.4415 0.0401 0.8963
vn 0.3227 0.9112 -0.2561
vn 0.3393 0.9118 0.2312
vn 0.4615 -0.8717 0.1645
vn 0.1688 -0.9650 0.2005
vn 0.4684 -0.4358 0.7685
vn 0.4520 -0.4717 0.7571
vn 0.5144 -0.3189 0.7961
vn -0.7507 -0.6544 -0.0910
vn -0.2322 -0.9727 -0.0014
vn -0.3164 -0.9474 -0.0484
vn 0.3842 0.1119 0.9164
vn 0.3585 0.4529 0.8163
vn -0.1703 0.9405 0.2939
vn 0.1171 -0.9384 0.3252
vn 0.6519 -0.7457 0.1378
vn 0.8638 -0.3858 -0.3240
vn -0.0475 0.9692 -0.2418
vn -0.0457 0.9752 -0.2164
vn -0.0440 0.9753 -0.2165
vn 0.0686 0.9871 -0.1450
vn -0.9942 -0.0565 -0.0919
vn -0.5625 -0.8236 -0.0727
vn -0.3130 0.6935 -0.6489
vn -0.5442 -0.8155 0.1972
vn -0.2526 -0.9535 0.1645
vn 0.9356 0.3520 0.0263
vn -0.7981 -0.5813 -0.1588
vn -0.8538 0.3129 -0.4160
vn -0.8228 -0.3201 -0.4696
vn -0.8806 0.1501 -0.4494
vn -0.4531 -0.8844 -0.1116
vn 0.6273 -0.7702 -0.1156
vn 0.3694 0.8989 -0.2356
vn -0.6732 -0.6790 0.2928
vn -0.9523 -0.2436 0.1836
vn 0.4291 -0.9003 -0.0726
vn 0.4772 -0.8661 -0.1486
vn 0.4557 -0.8828 -0.1139
vn 0.9295 -0.2864 -0.2322
vn 0.6735 -0.6433 -0.3641
vn -0.9534 -0.1392 0.2678
vn 0.9674 0.1422 -0.2096
vn -0.7517 -0.0173 -0.6593
vn 0.0030 -0.8602 0.5100
vn -0.0677 -0.8184 0.5707
vn -0.0563 -0.6518 0.7563
vn 0.3649 -0.5153 0.7754
vn 0.3300 -0.3493 0.8770
vn -0.0479 -0.8252 0.5627
vn -0.2189 -0.7130 0.6662
vn 0.0636 -0.8968 0.4378
vn 0.0429 -0.8805 0.4720
vn 0.0050 -0.8817 0.4718
vn -0.5697 -0.5911 0.5710
vn -0.8303 -0.3127 0.4613
vn -0.6226 -0.4545 0.6370
vn -0.6918 -0.4589 0.5576
vn -0.7614 -0.3737 0.5298
vn -0.6074 -0.2960 0.7372
vn 0.2841 0.8822 0.3755
vn 0.2553 0.9235 0.2863
vn 0.2431 0.8489 0.4694
vn 0.5276 -0.2794 0.8022
vn -0.5601 0.1105 0.8210
vn -0.4891 0.0735 0.8691
vn 0.1138 0.8963 0.4286
vn 0.1160 0.8927 0.4354
vn 0.0040 0.7869 0.6171
vn -0.6228 -0.7811 -0.0436
vn 0.4316 0.1948 0.8808
vn 0.4043 0.0894 0.9103
vn -0.5760 0.2331 0.7835
vn -0.4463 0.2181 0.8679
vn -0.2716 0.5242 0.8071
vn -0.5002 0.4857 0.7169
vn 0.9727 -0.2078 -0.1034
vn 0.7962 0.4885 -0.3570
vn -0.4062 0.6574 0.6347
vn 0.1665 0.8553 -0.4907
vn -0.7501 -0.1332 -0.6478
vn -0.7621 0.3297 -0.5573
vn -0.7114 0.5086 -0.4850
vn 0.0717 -0.9815 0.1777
vn 0.0506 -0.9752 0.2153
vn 0.2850 -0.9491 -0.1342
vn 0.3929 0.8357 -0.3837
vn -0.0073 0.9720 -0.2350
vn 0.0020 0.9697 -0.2444
vn -0.0334 0.9775 -0.2081
vn -0.1797 -0.9670 0.1806
vn -0.1103 -0.9746 0.1951
vn -0.8100 0.0750 -0.5816
vn -0.8388 0.1197 -0.5311
vn -0.9005 0.2422 -0.3610
vn 0.0503 -0.9948 0.0887
vn -0.0239 -0.9838 -0.1777
vn 0.0188 -0.9995 -0.0238
vn 0.6990 -0.6536 -0.2901
vn 0.7392 -0.6065 -0.2930
vn 0.6026 -0.6496 -0.4636
vn 0.5754 -0.6538 -0.4914
vn 0.8321 0.3999 -0.3842
vn 0.7644 0.5078 -0.3974
vn -0.8967 0.1682 0.4094
vn -0.3919 0.8965 0.2064
vn -0.3266 0.9353 0.1361
vn 0.0204 0.9786 -0.2045
vn -0.1933 -0.9497 0.2466
vn -0.0607 -0.9785 0.1973
vn -0.1623 -0.9583 0.2354
vn 0.9444 -0.2536 0.2091
vn 0.4822 -0.7133 0.5086
vn -0.1087 0.8741 -0.4734
vn 0.4764 0.8427 -0.2509
vn 0.5094 -0.5453 -0.6657
vn 0.4312 -0.7085 -0.5587
vn -0.9854 0.1702 -0.0048
vn -0.5663 -0.8229 -0.0464
vn -0.8888 -0.4197 0.1842
vn 0.8940 -0.0792 -0.4410
vn -0.2372 0.9713 -0.0146
vn -0.1940 0.9374 -0.2891
vn -0.5409 0.8170 -0.1999
vn 0.4358 0.7944 -0.4231
vn 0.9902 0.1021 -0.0950
vn 0.9441 0.2298 0.2362
vn 0.9917 0.0703 -0.1080
vn 0.9614 -0.1275 -0.2438
vn 0.0698 -0.4917 0.8679
vn -0.0406 -0.7933 0.6075
vn -0.0421 -0.5781 0.8149
vn -0.0321 -0.8189 0.5731
vn 0.0558 -0.7825 0.6202
vn 0.0010 -0.5947 0.8039
vn 0.0207 -0.6305 0.7759
vn 0.0496 -0.8494 0.5254
vn 0.0766 -0.6528 0.7536
vn 0.0376 -0.9041 0.4257
vn 0.0219 -0.5452 0.8380
vn 0.3343 0.5674 0.7525
vn 0.3097 0.8384 0.4484
vn 0.1548 0.7701 0.6189
vn 0.1216 0.7685 0.6282
vn 0.4659 -0.1566 0.8709
vn 0.5466 -0.1743 0.8190
vn 0.6553 -0.1965 0.7293
vn -0.9788 -0.1344 -0.1543
vn 0.0024 0.8693 0.4944
vn -0.3067 0.9503 -0.0540
vn -0.0484 0.6719 0.7390
vn -0.0317 0.8213 0.5696
vn -0.1089 0.5777 0.8089
vn -0.3270 -0.9234 -0.2010
vn -0.0148 -0.9968 0.0790
vn -0.2400 -0.9638 -0.1164
vn -0.0932 -0.9944 -0.0508
vn -0.0740 -0.9907 -0.1138
vn -0.0150 -0.9554 -0.2948
vn -0.6174 -0.3431 -0.7079
vn -0.5253 0.2300 -0.8192
vn 0.3923 -0.8929 -0.2211
vn -0.5078 0.3769 -0.7747
vn -0.5909 0.7336 -0.3357
vn -0.4511 0.4318 -0.7811
vn 0.3312 -0.1814 -0.9259
vn 0.4799 0.1464 -0.8650
vn 0.0731 0.8848 -0.4602
vn -0.0342 0.9802 -0.1948
vn -0.0058 0.9919 -0.1268
vn -0.0253 0.9845 -0.1737
vn -0.0358 -0.9789 0.2013
vn -0.1377 -0.9461 0.2932
vn -0.1368 -0.9465 0.2924
vn -0.0132 -0.2835 0.9589
vn -0.3349 0.6082 -0.7197
vn 0.0595 0.9687 -0.2410
vn -0.6107 -0.7739 0.1675
vn -0.7719 -0.4434 -0.4556
vn -0.4619 0.3723 -0.8050
vn 0.4229 0.7452 -0.5156
vn 0.6220 0.7392 -0.2582
vn 0.5121 0.7607 -0.3988
vn -0.9820 0.1869 -0.0281
vn -0.7760 -0.5688 0.2723
vn -0.9750 0.2196 -0.0344
vn -0.0347 -0.8841 -0.4660
vn 0.0203 -0.8528 -0.5218
vn -0.1508 -0.8881 -0.4342
vn 0.6616 -0.3165 -0.6798
vn 0.8707 -0.2090 -0.4452
vn 0.7717 -0.0860 -0.6302
vn 0.6086 0.6752 -0.4168
vn -0.8361 -0.5331 0.1290
vn 0.5092 -0.8365 -0.2026
vn 0.9658 0.0442 -0.2555
vn -0.9737 -0.1253 0.1905
vn -0.9472 -0.0316 0.3190
vn -0.9726 -0.1382 0.1869
vn -0.9832 -0.0996 0.1532
vn -0.9809 -0.1129 0.1581
vn -0.9865 -0.0768 0.1445
vn -0.0180 -0.7989 0.6012
vn 0.1451 -0.3815 0.9129
vn 0.0324 -0.8143 0.5795
vn -0.0116 -0.7725 0.6349
vn -0.6186 -0.2144 0.7559
vn 0.6471 -0.7040 0.2927
vn 0.6438 -0.6795 0.3519
vn 0.6449 -0.6858 0.3373
vn 0.0126 0.6701 0.7421
vn 0.5129 0.3201 0.7966
vn -0.0142 0.8157 0.5783
vn 0.2694 0.6101 0.7451
vn -0.9795 -0.1319 -0.1519
vn -0.0637 0.9532 0.2956
vn -0.1919 0.9623 0.1926
vn -0.0388 0.9472 0.3184
vn -0.4024 0.4206 0.8131
vn -0.9705 0.1979 -0.1379
vn -0.2891 0.9317 -0.2200
vn -0.0636 0.5206 0.8514
vn 0.0506 -0.9891 0.1382
vn 0.0152 -0.9232 -0.3841
vn -0.0675 -0.7713 -0.6329
vn -0.0438 -0.6996 -0.7132
vn -0.1836 0.0700 -0.9805
vn -0.0852 0.3084 -0.9474
vn -0.1693 0.6714 -0.7215
vn 0.0030 -0.9777 0.2099
vn -0.0462 0.9783 -0.2018
vn 0.0839 0.9707 -0.2253
vn -0.6538 -0.3296 -0.6812
vn -0.5763 -0.7540 -0.3151
vn -0.6484 -0.2640 -0.7141
vn 0.2230 0.9685 -0.1107
vn 0.1099 0.9457 -0.3058
vn -0.5320 0.1709 -0.8293
vn -0.6941 -0.0556 -0.7177
vn -0.0858 0.8898 -0.4482
vn 0.0231 0.8271 -0.5616
vn 0.4054 -0.6595 -0.6331
vn 0.4338 0.6758 -0.5960
vn -0.7869 -0.5818 0.2057
vn -0.8686 -0.4398 0.2284
vn -0.7643 0.6432 -0.0465
vn -0.6626 0.7480 -0.0379
vn 0.5832 0.8010 -0.1349
vn 0.5952 0.7807 -0.1903
vn -0.5844 -0.3740 -0.7201
vn -0.5485 -0.1752 -0.8176
vn -0.1733 -0.9375 -0.3017
vn -0.7256 -0.6826 0.0870
vn -0.7005 -0.7109 0.0626
vn -0.3866 -0.5619 -0.7313
vn -0.5072 -0.6460 -0.5705
vn -0.0639 -0.2883 -0.9554
vn 0.4341 0.5250 -0.7321
vn -0.0792 -0.4415 -0.8938
vn 0.5416 0.1373 -0.8293
vn 0.6098 0.4185 -0.6730
vn 0.7455 0.6410 -0.1825
vn 0.7578 0.6259 -0.1844
vn 0.7524 0.6322 -0.1847
vn 0.7555 0.6260 -0.1934
vn 0.7167 0.6462 -0.2622
vn -0.6566 -0.7393 -0.1494
vn -0.8409 -0.5381 0.0586
vn 0.8980 0.3730 -0.2335
vn 0.8814 0.4225 -0.2110
vn -0.1248 0.6558 -0.7445
vn -0.9602 -0.1903 0.2045
vn -0.9564 -0.1989 0.2139
vn -0.9511 -0.1953 0.2394
vn 0.9620 0.1392 -0.2350
vn 0.9878 0.1116 -0.1087
vn 0.9777 -0.1247 -0.1690
vn 0.9644 -0.1381 -0.2255
vn -0.7393 0.6469 0.1870
vn -0.1288 0.9805 0.1484
vn -0.0334 -0.4750 0.8793
vn -0.0081 -0.4185 0.9082
vn -0.0234 -0.3786 0.9253
vn -0.0069 -0.4691 0.8831
vn -0.0121 -0.3210 0.9470
vn -0.0066 -0.4704 0.8824
vn 0.2021 -0.1484 0.9681
vn 0.0069 -0.2986 0.9544
vn -0.0040 -0.5697 0.8218
vn 0.2328 -0.0037 0.9725
vn -0.0189 -0.3690 0.9292
vn -0.1798 -0.5599 0.8088
vn -0.1064 -0.3752 0.9208
vn -0.1927 -0.6327 0.7500
vn 0.2747 0.2389 0.9314
vn -0.5489 -0.1024 0.8296
vn 0.2431 0.7529 0.6116
vn 0.0380 0.4404 0.8970
vn 0.0633 0.4163 0.9070
vn 0.1060 0.7639 0.6365
vn 0.6053 0.0605 0.7937
vn 0.7165 -0.2095 0.6654
vn -0.0032 0.6844 0.7291
vn -0.6281 0.2540 0.7355
vn -0.0376 0.4964 0.8673
vn -0.0199 0.5277 0.8492
vn 0.7554 -0.5930 -0.2789
vn 0.4173 -0.9087 0.0123
vn 0.6596 -0.7290 -0.1830
vn 0.6868 -0.6751 -0.2694
vn 0.7004 -0.1745 -0.6921
vn 0.7086 0.0770 -0.7014
vn 0.0535 0.8724 -0.4859
vn -0.0607 0.9862 -0.1540
vn -0.0264 -0.9745 0.2230
vn -0.1914 -0.8529 0.4857
vn -0.0297 -0.7577 0.6519
vn 0.0797 -0.5237 0.8482
vn 0.0151 0.9661 -0.2577
vn 0.0440 0.9664 -0.2533
vn 0.3237 -0.3648 0.8730
vn 0.2658 -0.4136 0.8708
vn 0.4365 -0.2583 0.8618
vn -0.0879 0.4237 0.9015
vn -0.1765 0.9841 -0.0196
vn -0.2306 -0.9530 0.1966
vn -0.2400 -0.9426 0.2319
vn -0.2373 -0.9475 0.2145
vn 0.1955 0.8419 0.5031
vn 0.5660 0.5140 0.6445
vn 0.1402 0.8458 0.5148
vn 0.0708 0.9642 0.2557
vn -0.5664 -0.7654 -0.3055
vn -0.3534 -0.8122 -0.4642
vn -0.3300 -0.1251 -0.9357
vn -0.2875 -0.0572 -0.9561
vn -0.1773 0.1078 -0.9782
vn -0.1158 -0.9869 -0.1126
vn -0.1149 0.1951 -0.9740
vn 0.1556 0.9158 -0.3704
vn -0.0666 -0.9447 -0.3211
vn 0.0013 -0.4573 -0.8893
vn 0.1490 0.1328 -0.9799
vn 0.0240 -0.3783 -0.9254
vn 0.3766 -0.0374 -0.9256
vn -0.0371 0.6396 -0.7678
vn 0.1699 0.2350 -0.9570
vn 0.3061 0.6210 -0.7216
vn 0.2776 0.9141 -0.2956
vn 0.2636 0.8529 -0.4506
vn 0.3163 0.9195 -0.2333
vn -0.0278 -0.9824 0.1845
vn 0.8655 -0.4747 -0.1601
vn 0.6264 0.7297 -0.2741
vn 0.6268 0.7318 -0.2676
vn 0.9781 0.0058 -0.2081
vn -0.6481 -0.7539 0.1073
vn -0.7070 -0.5723 -0.4155
vn 0.6301 0.7433 -0.2245
vn -0.6592 -0.7181 -0.2231
vn 0.7318 0.6570 -0.1811
vn -0.9034 0.1127 -0.4138
vn -0.6695 0.5065 -0.5434
vn -0.8242 0.3607 -0.4366
vn -0.3732 0.6679 -0.6439
vn 0.1647 0.7505 -0.6400
vn 0.2895 -0.2884 -0.9127
vn -0.1338 -0.8005 -0.5842
vn -0.9895 -0.1412 -0.0317
vn -0.6237 0.6018 -0.4988
vn 0.9175 0.3131 -0.2451
vn 0.6078 0.6151 -0.5022
vn 0.4433 0.6024 -0.6638
vn 0.5352 0.4657 -0.7047
vn 0.5783 0.3867 -0.7184
vn -0.7257 -0.6260 -0.2855
vn 0.1694 -0.6076 -0.7760
vn 0.0158 -0.3576 -0.9337
vn 0.1109 -0.6081 -0.7860
vn 0.0496 -0.3919 -0.9187
vn 0.8476 -0.1207 -0.5167
vn -0.9754 -0.1417 0.1689
vn -0.9841 -0.0568 0.1683
vn 0.9480 -0.1604 -0.2749
vn 0.0109 -0.3128 0.9497
vn -0.0388 -0.3829 0.9230
vn -0.0066 -0.1483 0.9889
vn 0.0004 -0.3673 0.9301
vn -0.6276 -0.1671 0.7604
vn -0.3344 -0.1131 0.9356
vn 0.2214 0.5106 0.8308
vn 0.1384 0.4799 0.8663
vn 0.1193 0.2935 0.9485
vn -0.5048 0.0718 0.8602
vn 0.0160 0.4462 0.8948
vn 0.0226 0.4507 0.8924
vn 0.0048 0.4402 0.8979
vn -0.2452 0.0953 0.9648
vn -0.0147 0.3182 0.9479
vn -0.0229 0.5223 0.8524
vn 0.0065 0.6869 0.7267
vn 0.5936 0.2141 0.7758
vn -0.3097 -0.9481 -0.0718
vn -0.4894 0.2898 0.8225
vn -0.6632 0.2872 0.6911
vn 0.2183 0.8327 0.5088
vn 0.1549 0.8750 0.4587
vn -0.0966 0.2803 0.9550
vn -0.1206 0.4881 0.8644
vn 0.3472 -0.9358 0.0617
vn -0.0111 -0.9856 0.1685
vn 0.0001 -0.9808 0.1950
vn 0.0705 -0.9714 0.2269
vn 0.1814 -0.9439 0.2758
vn 0.0702 -0.9694 0.2351
vn -0.1205 0.9645 -0.2350
vn -0.0690 0.8748 0.4795
vn -0.1181 0.9744 -0.1911
vn -0.5165 0.0080 0.8563
vn -0.4534 0.1053 0.8851
vn -0.0142 -0.9361 0.3514
vn 0.1797 -0.8503 0.4946
vn -0.2563 0.9326 0.2542
vn 0.7380 0.4000 0.5435
vn -0.3660 -0.9187 -0.1487
vn 0.9340 -0.1549 -0.3219
vn 0.8910 -0.2112 -0.4019
vn 0.8413 -0.2469 -0.4808
vn -0.5876 -0.7846 0.1977
vn 0.6491 0.7192 -0.2477
vn 0.6570 0.7121 -0.2474
vn -0.9482 0.0420 -0.3149
vn -0.1798 0.1367 -0.9742
vn -0.1910 0.1195 -0.9743
vn -0.5697 -0.6388 -0.5171
vn -0.3591 -0.0671 -0.9309
vn -0.5577 -0.5733 -0.6002
vn 0.2040 -0.2466 -0.9474
vn 0.0338 -0.3031 -0.9524
vn 0.0669 -0.2934 -0.9536
vn 0.2650 -0.2244 -0.9378
vn -0.3726 0.1477 -0.9161
vn -0.2690 0.2469 -0.9309
vn 0.6435 0.2368 -0.7279
vn 0.0615 -0.1495 -0.9868
vn 0.1067 -0.1505 -0.9828
vn -0.5534 -0.7303 -0.4005
vn -0.9475 -0.2228 0.2293
vn 0.6272 -0.2138 -0.7489
vn 0.9117 0.1281 -0.3904
vn 0.9285 0.1962 -0.3153
vn 0.9999 -0.0031 -0.0138
vn -0.9660 -0.1358 0.2199
vn 0.5886 0.3477 0.7298
vn 0.5994 0.2383 0.7642
vn 0.5995 0.2369 0.7645
vn 0.6053 0.3411 0.7192
vn -0.6129 -0.1191 0.7812
vn 0.6022 0.1313 0.7874
vn 0.9481 -0.0315 0.3164
vn 0.8556 -0.2182 0.4693
vn 0.0679 -0.1038 0.9923
vn -0.0056 -0.1235 0.9923
vn -0.0074 -0.0935 0.9956
vn -0.0127 -0.1368 0.9905
vn -0.2373 -0.0067 0.9714
vn -0.0007 0.4352 0.9003
vn -0.0042 0.2226 0.9749
vn 0.1100 -0.9785 0.1742
vn 0.1446 -0.9582 0.2469
vn 0.1001 -0.9779 0.1837
vn -0.0260 0.2239 0.9743
vn -0.0509 0.2828 0.9578
vn 0.2157 -0.9734 -0.0768
vn 0.3411 -0.8570 -0.3863
vn 0.2717 -0.9397 -0.2079
vn -0.4174 -0.1773 -0.8913
vn -0.7407 0.3893 -0.5476
vn -0.4863 0.0806 -0.8701
vn 0.1441 -0.4071 -0.9019
vn 0.1526 -0.3880 -0.9090
vn -0.5758 -0.0271 -0.8171
vn -0.1632 0.3930 -0.9049
vn 0.0808 -0.9626 0.2586
vn 0.0086 0.9957 -0.0920
vn -0.4072 -0.7523 0.5180
vn -0.3941 -0.7877 0.4736
vn 0.4910 -0.2005 0.8478
vn 0.4990 -0.3798 0.7789
vn -0.2491 -0.9364 0.2472
vn -0.2072 -0.9513 0.2281
vn -0.2082 -0.9334 0.2923
vn -0.2207 -0.9440 0.2452
vn 0.3446 0.9250 0.1603
vn -0.2767 -0.9268 0.2539
vn -0.2826 -0.9043 0.3201
vn -0.2955 -0.9134 0.2799
vn -0.8472 0.3305 -0.4159
vn -0.5520 0.6330 -0.5428
vn -0.1258 -0.9853 0.1153
vn 0.7881 -0.2358 -0.5686
vn 0.7084 0.5878 -0.3907
vn -0.3951 -0.9105 0.1217
vn -0.5686 -0.7852 0.2452
vn 0.4922 0.8470 -0.2008
vn -0.6679 -0.5610 0.4891
vn -0.6876 -0.6246 0.3704
vn -0.6946 -0.5417 0.4733
vn -0.6444 -0.7570 0.1088
vn -0.6541 -0.7298 0.1989
vn -0.6505 -0.7427 0.1589
vn -0.6591 -0.7041 0.2643
vn -0.7863 -0.5260 -0.3240
vn -0.8283 -0.5435 -0.1361
vn -0.8482 -0.5109 0.1396
vn -0.2793 0.0770 -0.9571
vn -0.2546 0.0875 -0.9631
vn 0.7880 0.5394 -0.2968
vn 0.5904 0.5043 -0.6301
vn -0.8531 -0.5209 0.0312
vn 0.2867 -0.2061 -0.9356
vn -0.9810 -0.1272 -0.1468
vn -0.9802 -0.1522 -0.1266
vn -0.7302 -0.3143 -0.6066
vn 0.7283 0.1838 -0.6602
vn 0.9704 0.2226 0.0934
vn 0.0746 0.0879 0.9933
vn -0.5635 0.3709 0.7382
vn -0.5460 0.2394 0.8028
vn -0.5640 0.3790 0.7336
vn 0.4244 0.3167 0.8483
vn 0.5207 0.2608 0.8129
vn -0.8666 -0.0035 0.4990
vn -0.7137 -0.1270 0.6888
vn -0.0124 0.0034 0.9999
vn -0.1066 -0.2108 0.9717
vn 0.7221 -0.3895 0.5717
vn -0.9720 -0.0880 0.2178
vn 0.8894 -0.2513 0.3817
vn -0.8705 0.4354 0.2294
vn -0.0038 -0.1366 0.9906
vn 0.0541 0.0087 0.9985
vn -0.0047 0.0007 1.0000
vn -0.0091 -0.0188 0.9998
vn -0.0255 -0.1254 0.9918
vn -0.0333 -0.0052 0.9994
vn -0.1421 -0.0575 0.9882
vn -0.0961 -0.1269 0.9872
vn 0.0020 0.1163 0.9932
vn -0.1006 0.0529 0.9935
vn -0.0211 0.0505 0.9985
vn -0.0483 0.1137 0.9923
vn 0.8161 -0.1328 0.5624
vn 0.7941 -0.3154 0.5196
vn 0.8156 -0.1447 0.5603
vn 0.7474 0.1314 0.6512
vn 0.8153 0.1414 0.5616
vn 0.8206 0.1422 0.5535
vn -0.0207 -0.9940 -0.1070
vn -0.0213 -0.9942 -0.1056
vn -0.0219 -0.9943 -0.1042
vn -0.4354 -0.5626 -0.7028
vn -0.1137 0.7073 -0.6978
vn -0.1755 0.9275 -0.3302
vn -0.1677 0.9223 -0.3481
vn 0.0949 -0.9740 0.2059
vn 0.1373 -0.9639 0.2281
vn 0.0795 -0.9731 0.2163
vn -0.1620 0.9638 -0.2118
vn -0.1178 0.9637 -0.2397
vn -0.0562 0.9681 -0.2443
vn -0.1165 0.9641 -0.2387
vn -0.1239 0.9684 -0.2166
vn -0.1611 0.9751 -0.1526
vn -0.2185 0.9745 -0.0517
vn -0.0274 -0.9685 0.2476
vn -0.7883 0.2430 0.5653
vn -0.8622 0.3021 0.4066
vn -0.9076 0.3523 0.2284
vn -0.8046 0.4210 0.4187
vn -0.2502 0.9625 0.1044
vn 0.3877 -0.8449 0.3685
vn 0.5630 -0.7404 0.3671
vn -0.0045 -0.9455 0.3256
vn 0.8553 -0.4136 0.3121
vn 0.6313 0.7744 -0.0412
vn -0.7263 -0.6847 -0.0607
vn 0.3311 0.9108 -0.2465
vn 0.3243 0.9145 -0.2418
vn -0.0796 0.9132 -0.3996
vn -0.1040 0.9107 -0.3999
vn 0.3514 0.9009 -0.2548
vn 0.0704 0.7432 -0.6653
vn 0.3582 0.8730 -0.3310
vn 0.2635 0.8607 -0.4356
vn 0.2302 -0.8828 -0.4095
vn -0.4590 -0.8647 0.2039
vn -0.7950 -0.5850 0.1606
vn -0.7287 -0.6353 0.2555
vn -0.8066 -0.5536 0.2070
vn 0.8683 0.4426 -0.2238
vn 0.8876 0.4095 -0.2111
vn -0.8499 -0.3538 -0.3905
vn 0.5179 0.1798 -0.8364
vn 0.9501 0.2418 -0.1973
vn -0.7769 0.2280 0.5869
vn -0.5683 0.5227 0.6354
vn -0.0695 0.8609 0.5040
vn -0.8715 -0.2642 0.4132
vn -0.9640 -0.0135 0.2657
vn 0.3387 -0.9169 0.2111
vn 0.3387 -0.9179 0.2066
vn 0.6474 -0.7081 0.2818
vn 0.2418 -0.9410 0.2369
vn 0.6598 0.4618 0.5927
vn -0.0032 -0.9868 0.1617
vn -0.5659 -0.7288 -0.3855
vn 0.1723 0.9236 0.3424
vn -0.0226 -0.9945 -0.1027
vn 0.1516 -0.9864 0.0633
vn -0.2863 -0.4578 0.8417
vn 0.1703 -0.7415 0.6490
vn 0.2446 -0.6750 0.6961
vn 0.1156 0.4334 0.8938
vn 0.2816 -0.0402 0.9587
vn 0.5414 -0.5091 0.6691
vn -0.0313 0.7465 0.6646
vn 0.1142 0.4567 0.8822
vn -0.0799 0.9713 -0.2240
vn 0.1667 0.9607 -0.2218
vn 0.7375 0.1487 0.6588
vn 0.0257 0.9790 -0.2022
vn -0.0292 0.9799 -0.1972
vn -0.3634 0.9184 -0.1564
vn -0.4898 0.8647 -0.1114
vn 0.7165 -0.6696 0.1955
vn -0.2325 -0.9320 0.2781
vn 0.0917 0.9389 -0.3316
vn 0.3422 0.8809 -0.3271
vn -0.2714 -0.9365 0.2221
vn -0.2543 -0.8918 0.3742
vn -0.2472 -0.8751 0.4160
vn -0.7313 -0.6370 -0.2439
vn -0.7717 -0.5820 -0.2564
vn -0.6422 -0.7355 -0.2161
vn -0.4501 0.1744 -0.8758
vn 0.3748 0.8776 -0.2990
vn -0.0479 0.7066 -0.7060
vn -0.0711 -0.9909 -0.1145
vn 0.7879 -0.2129 -0.5778
vn 0.5249 0.8240 -0.2135
vn -0.6629 -0.6956 0.2770
vn -0.6449 -0.7118 0.2784
vn -0.6536 -0.7041 0.2776
vn 0.3576 0.6426 0.6776
vn 0.2559 0.6016 0.7567
vn 0.3551 0.4071 0.8415
vn 0.4422 0.1658 0.8815
vn 0.4657 0.7458 0.4763
vn 0.6658 0.7431 0.0673
vn 0.8401 0.4606 0.2863
vn 0.9136 0.3819 -0.1393
vn 0.8234 0.3125 0.4737
vn 0.9248 0.3761 0.0569
vn -0.8997 -0.3807 0.2135
vn -0.4597 0.5391 0.7058
vn 0.7628 0.6003 0.2405
vn -0.3462 -0.4856 0.8027
vn -0.0037 -0.9237 0.3832
vn -0.2719 -0.6300 0.7274
vn 0.5286 -0.7704 0.3564
vn 0.4636 -0.8167 0.3437
vn 0.5763 -0.7324 0.3626
vn 0.8254 0.5491 -0.1315
vn 0.5716 -0.7849 0.2392
vn 0.5686 0.6588 0.4926
vn -0.0188 -0.9729 0.2303
vn -0.1544 0.9654 -0.2102
vn -0.1446 0.9639 -0.2238
vn -0.1710 0.9603 -0.2205
vn -0.1038 0.9687 -0.2257
vn -0.2074 -0.2472 0.9465
vn -0.3497 0.4611 0.8156
vn -0.2664 -0.0346 0.9632
vn -0.8164 0.0721 0.5729
vn 0.2070 -0.9188 0.3361
vn 0.3106 -0.8910 0.3312
vn -0.3565 0.6650 0.6562
vn -0.3936 0.8497 0.3509
vn 0.6273 0.7787 0.0109
vn 0.8786 0.4529 0.1517
vn 0.7726 0.6251 0.1107
vn -0.5410 -0.7896 0.2896
vn -0.6258 -0.7357 0.2591
vn -0.8560 -0.5017 0.1245
vn -0.9203 0.3843 0.0736
vn 0.0106 0.9756 -0.2194
vn -0.8352 0.5354 0.1261
vn -0.9046 0.4145 -0.0993
vn -0.8271 0.5489 -0.1207
vn -0.5808 0.8064 -0.1117
vn 0.1625 -0.9452 0.2833
vn 0.9979 0.0627 -0.0136
vn 0.2631 0.9312 -0.2522
vn -0.3743 -0.8885 0.2655
vn -0.5978 -0.7757 -0.2022
vn -0.5034 0.1126 -0.8567
vn 0.2968 0.0998 -0.9497
vn 0.3071 -0.1293 -0.9429
vn 0.3022 0.0457 -0.9521
vn -0.1687 -0.3344 -0.9272
vn 0.3064 -0.2082 -0.9288
vn 0.0900 0.3654 -0.9265
vn 0.3510 0.5797 -0.7353
vn 0.5326 0.4964 -0.6856
vn 0.5434 0.4604 -0.7020
vn -0.4695 0.2201 0.8550
vn -0.4536 0.0282 0.8908
vn -0.3573 -0.3925 0.8475
vn -0.3040 -0.5316 0.7905
vn -0.1682 -0.4709 0.8660
vn 0.2674 0.9627 0.0418
vn 0.4945 -0.0577 0.8672
vn -0.6321 -0.7231 0.2786
vn 0.7580 0.6252 -0.1858
vn -0.8239 -0.4954 0.2752
vn -0.8408 -0.4719 0.2654
vn -0.8516 -0.4751 0.2215
vn 0.8033 0.5363 -0.2590
vn 0.8029 0.5359 -0.2609
vn 0.9009 0.3326 -0.2788
vn -0.9356 0.2596 0.2392
vn -0.8275 0.5543 0.0893
vn -0.7932 0.5270 0.3052
vn -0.4418 0.8747 0.1991
vn 0.9579 0.1130 -0.2640
vn -0.8695 -0.0389 0.4925
vn 0.0877 -0.9677 0.2366
vn 0.4096 -0.8490 0.3337
vn 0.9200 -0.3348 -0.2038
vn 0.9627 -0.1230 -0.2409
vn 0.7893 -0.3373 0.5130
vn -0.0217 -0.9868 0.1604
vn 0.0418 -0.9890 0.1416
vn 0.0174 -0.9887 0.1491
vn 0.0007 0.9904 0.1384
vn -0.2413 0.9473 -0.2108
vn -0.0257 -0.9146 0.4036
vn -0.0566 0.9700 -0.2363
vn -0.0165 0.9679 -0.2508
vn 0.6001 -0.5723 0.5588
vn 0.6159 -0.5620 0.5521
vn 0.1836 0.9618 -0.2029
vn -0.3831 -0.8809 0.2780
vn -0.4054 -0.9076 -0.1095
vn -0.3356 -0.9128 -0.2325
vn -0.4365 -0.8526 0.2872
vn -0.3709 -0.9214 -0.1156
vn -0.4979 0.1952 0.8450
vn -0.5292 0.7880 0.3145
vn -0.0547 0.9890 0.1372
vn 0.0178 -0.2906 0.9567
vn 0.3534 -0.5052 0.7873
vn 0.7504 -0.1813 0.6356
vn 0.3304 -0.5203 0.7875
vn 0.9458 0.3171 -0.0703
vn 0.8865 0.4554 -0.0818
vn 0.7881 0.5557 -0.2649
vn 0.7880 0.5555 -0.2656
vn 0.7991 0.5230 -0.2966
vn -0.8825 -0.4125 0.2261
vn 0.9825 0.1790 -0.0506
vn 0.8700 0.4418 -0.2188
vn 0.9404 0.2761 -0.1984
vn 0.9160 0.3267 0.2329
vn 0.8907 0.3294 0.3132
vn -0.9399 -0.2078 0.2710
vn 0.7824 0.5657 -0.2606
vn 0.6651 0.6852 -0.2969
vn 0.7648 0.5864 -0.2669
vn -0.2244 -0.9516 0.2102
vn -0.6792 -0.6597 0.3217
vn 0.6141 -0.7829 0.0994
vn 0.9647 0.0464 -0.2593
vn 0.2764 -0.9524 0.1283
vn 0.0057 -0.9708 0.2396
vn 0.0018 -0.9659 0.2589
vn -0.1573 -0.8655 0.4755
vn 0.0734 -0.9885 0.1323
vn 0.0165 -0.7795 0.6262
vn -0.1705 0.9575 -0.2328
vn -0.1752 0.9259 0.3347
vn -0.0167 0.8911 0.4536
vn 0.0586 0.9356 0.3480
vn 0.1199 0.9592 0.2562
vn -0.0803 0.8402 0.5364
vn -0.4884 0.7766 0.3979
vn -0.8290 0.5328 0.1700
vn -0.8196 0.5543 0.1452
vn -0.7994 0.5927 0.0985
vn -0.2571 0.9662 0.0203
vn -0.0345 -0.9674 0.2507
vn -0.8811 -0.4608 0.1067
vn 0.0180 0.9611 -0.2755
vn -0.8983 -0.4369 -0.0474
vn 0.8090 -0.5391 -0.2341
vn -0.5973 -0.7855 -0.1623
vn 0.4088 0.8687 -0.2796
vn 0.4445 0.8587 -0.2551
vn -0.7650 -0.4590 0.4517
vn 0.5429 0.7880 -0.2903
vn 0.5577 0.7699 -0.3101
vn 0.5705 0.7531 -0.3277
vn -0.7880 -0.1862 0.5868
vn -0.4247 -0.6983 0.5761
vn 0.6107 -0.4254 0.6679
vn -0.8153 -0.5122 0.2701
vn 0.7904 0.5539 -0.2618
vn 0.9592 0.2359 -0.1555
vn -0.9133 -0.3210 0.2505
vn -0.9291 -0.2973 0.2202
vn -0.9135 -0.2695 0.3046
vn -0.9337 -0.2874 0.2135
vn -0.5482 0.8300 0.1023
vn 0.6463 0.7005 -0.3026
vn -0.6150 -0.4753 0.6292
vn -0.1368 -0.6817 0.7188
vn 0.4221 -0.7328 0.5337
vn 0.2911 0.0691 0.9542
vn 0.2018 -0.1424 0.9690
vn -0.3190 0.8962 -0.3084
vn 0.3380 0.1158 0.9340
vn -0.0162 0.2624 0.9648
vn 0.1395 0.1982 0.9702
vn 0.1935 -0.9381 0.2875
vn 0.4423 0.0779 0.8935
vn 0.4437 0.0876 0.8919
vn 0.7490 -0.6347 0.1901
vn 0.8749 -0.4138 0.2516
vn 0.5151 0.8446 -0.1463
vn 0.4400 0.8303 -0.3420
vn 0.4668 0.8375 -0.2841
vn -0.5707 0.8126 -0.1183
vn -0.0875 -0.9756 0.2011
vn -0.5876 -0.7597 0.2785
vn -0.7730 -0.5226 0.3596
vn -0.7913 -0.4980 0.3547
vn 0.9110 0.3510 -0.2163
vn 0.9169 0.3987 -0.0162
vn 0.8247 0.4417 0.3533
vn 0.9516 0.1629 0.2606
vn 0.9884 0.0668 -0.1366
vn -0.0729 0.9849 0.1571
vn -0.1505 -0.9258 0.3468
vn -0.5327 0.4440 0.7205
vn -0.6288 0.4200 0.6544
vn -0.7038 0.3949 0.5906
vn 0.7432 -0.0625 0.6661
vn 0.7635 -0.2290 0.6039
vn 0.2978 0.9271 0.2275
vn 0.5451 0.6718 0.5016
vn -0.1048 0.9728 -0.2066
vn 0.8746 -0.4823 0.0494
vn -0.6939 -0.7134 0.0975
vn -0.4872 -0.8298 -0.2721
vn -0.7860 -0.4994 -0.3645
vn -0.0240 0.9028 -0.4295
vn -0.0020 0.9589 -0.2836
vn -0.5299 0.5964 -0.6029
vn 0.0923 -0.9689 0.2297
vn -0.2803 -0.8712 0.4031
vn 0.0858 0.9611 -0.2626
vn -0.1681 -0.8900 0.4238
vn -0.3211 -0.8894 0.3253
vn 0.4853 0.8232 -0.2948
vn 0.4683 0.8291 -0.3053
vn 0.4972 0.8188 -0.2871
vn -0.8953 0.3731 0.2435
vn 0.2517 0.9613 -0.1122
vn 0.2125 0.8901 -0.4033
vn -0.0938 0.9112 -0.4012
vn 0.4868 0.7917 -0.3691
vn -0.2677 -0.8845 0.3821
vn -0.5004 -0.7909 0.3522
vn -0.7997 -0.3736 0.4700
vn 0.7850 0.5538 -0.2775
vn 0.6125 0.7892 0.0456
vn 0.1652 0.2695 0.9487
vn 0.6999 0.5014 0.5087
vn -0.9258 -0.2848 0.2486
vn -0.9526 -0.1742 0.2492
vn -0.9163 -0.2427 0.3185
vn -0.8891 -0.2959 0.3491
vn -0.8504 -0.1370 0.5081
vn -0.7346 -0.3130 0.6020
vn -0.6736 0.7142 -0.1903
vn -0.0392 0.7596 -0.6493
vn 0.7062 -0.5782 -0.4086
vn 0.7461 -0.5633 -0.3550
vn 0.4799 -0.7675 -0.4251
vn -0.9534 0.1651 0.2526
vn 0.8522 0.4677 -0.2346
vn 0.4359 -0.7642 0.4754
vn -0.7741 0.3644 0.5177
vn -0.4737 0.8723 0.1217
vn -0.1713 0.9850 0.0209
vn 0.4026 0.9146 -0.0367
vn 0.0894 0.9741 -0.2079
vn 0.7396 0.6712 0.0493
vn 0.4058 0.8714 0.2755
vn -0.8515 -0.1836 0.4911
vn -0.8820 -0.2671 0.3882
vn -0.8972 -0.3818 0.2221
vn -0.7880 0.6111 0.0747
vn -0.5557 0.8085 -0.1937
vn 0.1887 -0.9535 0.2350
vn -0.0291 -0.9637 0.2654
vn -0.5646 0.5800 -0.5871
vn -0.2155 0.4481 -0.8676
vn 0.0459 -0.9969 0.0642
vn 0.4838 -0.5215 -0.7029
vn 0.3225 -0.7370 -0.5940
vn 0.1769 0.4348 -0.8830
vn -0.3619 -0.4147 0.8349
vn -0.3052 -0.5566 0.7727
vn -0.1910 -0.7197 0.6675
vn -0.0627 -0.6031 0.7952
vn 0.0111 -0.4096 0.9122
vn -0.0096 -0.4662 0.8846
vn -0.2334 0.3131 0.9206
vn 0.0631 -0.2579 0.9641
vn -0.2263 0.6175 0.7533
vn -0.1863 0.6668 0.7216
vn 0.3768 -0.2681 0.8866
vn 0.0846 0.3006 0.9500
vn 0.4798 0.7139 0.5100
vn 0.4207 0.8312 -0.3634
vn 0.5340 0.7899 -0.3017
vn 0.6067 0.7892 -0.0951
vn 0.5173 0.8107 -0.2743
vn -0.7438 -0.6304 0.2224
vn -0.9268 -0.3168 0.2017
vn -0.9936 -0.0621 0.0946
vn -0.6180 0.7862 0.0044
vn -0.7282 0.5904 -0.3481
vn -0.7007 0.6790 -0.2188
vn 0.7985 -0.5579 0.2260
vn 0.5644 -0.7264 0.3921
vn 0.9305 0.3447 -0.1236
vn -0.5158 -0.1498 0.8435
vn -0.1615 0.4385 0.8841
vn -0.3405 0.3558 0.8703
vn -0.4451 -0.1332 0.8855
vn -0.0679 -0.0139 0.9976
vn 0.6599 0.7514 0.0011
vn -0.5429 -0.2790 0.7921
vn 0.5348 0.1659 0.8285
vn -0.6337 -0.5598 0.5338
vn -0.0790 -0.6394 0.7648
vn -0.7697 -0.4880 0.4117
vn 0.5424 0.1789 0.8209
vn -0.8791 -0.3937 0.2687
vn 0.9686 -0.0873 0.2328
vn 0.9263 -0.2270 0.3006
vn -0.5027 0.1835 0.8447
vn -0.6899 0.3047 0.6567
vn 0.5694 0.4106 0.7122
vn -0.1444 0.3059 0.9410
vn -0.4726 -0.2750 0.8373
vn 0.7803 -0.2661 0.5660
vn -0.6152 -0.1474 0.7745
vn 0.3274 0.0056 0.9449
vn -0.2659 0.0448 0.9630
vn 0.3632 0.0853 0.9278
vn 0.8889 -0.1852 0.4190
vn 0.8733 -0.2645 0.4090
vn -0.8657 0.4989 -0.0397
vn -0.9095 0.4152 -0.0203
vn -0.9699 0.2350 -0.0629
vn -0.9403 0.3380 -0.0391
vn 0.8161 0.4040 -0.4132
vn -0.6482 -0.7290 -0.2201
vn -0.2070 -0.8407 -0.5004
vn -0.8157 -0.5675 -0.1117
vn 0.2887 -0.8985 -0.3306
vn -0.5205 0.8225 0.2292
vn -0.5188 0.8239 0.2282
vn -0.5197 0.8250 0.2221
vn 0.0472 0.9973 0.0558
vn 0.5296 0.8443 0.0816
vn 0.0490 0.9973 0.0555
vn 0.1700 -0.9318 0.3206
vn -0.7096 -0.5040 0.4924
vn -0.7770 -0.4637 0.4258
vn -0.8992 -0.3323 0.2847
vn -0.8105 0.4715 0.3475
vn 0.7408 -0.5407 0.3986
vn 0.8599 -0.3390 0.3816
vn -0.9467 0.3215 -0.0207
vn -0.0106 0.9748 -0.2227
vn -0.3362 0.9266 -0.1687
vn -0.3956 -0.9177 -0.0370
vn -0.1089 -0.9627 0.2478
vn -0.0640 -0.9529 0.2963
vn -0.3049 -0.8254 -0.4751
vn -0.1646 -0.9719 -0.1683
vn -0.4116 -0.5336 -0.7388
vn -0.0665 -0.9934 0.0930
vn -0.0121 -0.3940 -0.9190
vn 0.0890 -0.2831 -0.9549
vn -0.0659 -0.4492 -0.8910
vn -0.4442 0.0112 -0.8958
vn 0.1330 -0.2320 -0.9636
vn -0.2165 0.5408 -0.8128
vn -0.0496 0.8520 -0.5212
vn 0.0070 0.1103 -0.9939
vn 0.1886 0.7095 -0.6790
vn 0.3426 0.8663 -0.3635
vn -0.6441 0.1435 0.7514
vn 0.0280 0.9979 -0.0590
vn 0.4789 -0.4666 0.7436
vn 0.8170 0.4044 0.4111
vn 0.8323 0.4990 0.2415
vn 0.3742 0.8627 -0.3402
vn 0.7038 0.7104 0.0063
vn -0.5181 -0.7966 0.3114
vn -0.5252 -0.7618 0.3793
vn -0.4978 -0.7498 0.4359
vn -0.4639 -0.8280 0.3149
vn -0.5079 -0.7663 0.3934
vn -0.5020 -0.8037 0.3195
vn -0.6111 -0.7394 0.2824
vn 0.0069 -0.9453 0.3261
vn -0.3328 0.7781 0.5328
vn -0.2828 -0.7070 0.6482
vn -0.3425 -0.7506 0.5651
vn -0.4325 -0.8030 0.4101
vn 0.3048 -0.5403 0.7844
vn -0.8881 -0.3559 0.2908
vn -0.8603 -0.4045 0.3102
vn -0.9356 -0.2370 0.2619
vn 0.8988 0.3274 -0.2914
vn 0.0373 0.9279 0.3711
vn 0.6961 0.6933 0.1865
vn -0.9469 -0.1372 0.2907
vn 0.9544 0.1001 -0.2813
vn -0.2989 0.5352 -0.7901
vn -0.9797 -0.1012 0.1728
vn -0.9606 -0.0030 0.2778
vn 0.9366 -0.1049 -0.3343
vn 0.9365 -0.1570 -0.3137
vn -0.9247 0.2735 0.2650
vn 0.7355 0.5635 0.3761
vn 0.8354 0.3413 0.4308
vn 0.8762 0.1501 0.4579
vn 0.1235 -0.9437 0.3069
vn -0.0130 -0.9695 0.2447
vn -0.2425 0.9539 -0.1766
vn 0.8077 -0.3954 0.4373
vn -0.9656 -0.2103 0.1531
vn 0.3139 -0.9356 0.1613
vn -0.0295 -0.9295 0.3676
vn -0.0606 -0.9397 0.3366
vn 0.9432 -0.0070 -0.3322
vn 0.7390 -0.6733 -0.0241
vn 0.7879 -0.4398 -0.4311
vn 0.6568 -0.7481 -0.0946
vn -0.7889 -0.5101 -0.3426
vn -0.1613 -0.9669 -0.1978
vn -0.2967 -0.8754 0.3817
vn -0.6766 -0.3991 0.6187
vn -0.6884 -0.2309 0.6876
vn -0.6785 0.6866 0.2611
vn -0.6889 0.6853 0.2362
vn -0.5727 0.6778 0.4611
vn -0.3316 0.9414 -0.0623
vn 0.0866 -0.8149 0.5731
vn 0.5081 -0.2505 0.8240
vn 0.5255 -0.2247 0.8206
vn 0.4656 -0.3619 0.8076
vn -0.4312 -0.8394 0.3310
vn 0.4442 0.8123 -0.3781
vn 0.4359 0.8158 -0.3802
vn 0.6007 0.7083 -0.3706
vn -0.0532 0.8012 -0.5960
vn -0.3059 0.7381 -0.6013
vn 0.2321 0.8071 -0.5428
vn 0.9076 -0.3900 -0.1552
vn 0.6996 -0.7145 -0.0010
vn 0.5566 -0.8275 0.0741
vn 0.9492 -0.2337 -0.2105
vn 0.8220 0.4786 -0.3085
vn 0.9039 0.3483 -0.2482
vn -0.8284 -0.1834 0.5292
vn -0.8132 -0.3842 0.4371
vn -0.8054 0.0152 0.5926
vn -0.7258 0.0522 0.6860
vn -0.6990 0.3215 0.6388
vn 0.5842 0.8049 0.1038
vn 0.3104 0.9483 -0.0662
vn 0.4958 0.8672 0.0452
vn -0.8746 0.0987 0.4747
vn -0.7879 0.3507 0.5061
vn -0.7782 0.5852 0.2281
vn -0.6782 0.5245 0.5146
vn -0.5132 0.5352 0.6709
vn 0.0534 -0.8102 0.5838
vn 0.7978 -0.5493 0.2488
vn 0.7541 -0.5856 0.2974
vn 0.2637 -0.7463 0.6112
vn 0.9695 -0.2106 -0.1256
vn -0.9819 0.1734 -0.0765
vn -0.5701 0.1381 -0.8099
vn -0.0730 0.1935 -0.9784
vn -0.1022 0.3034 -0.9474
vn 0.4817 0.3613 -0.7984
vn 0.5629 0.2970 -0.7713
vn -0.2969 -0.8139 -0.4995
vn -0.1722 -0.3744 -0.9112
vn -0.2293 -0.6639 -0.7118
vn 0.5359 -0.4283 -0.7276
vn 0.4978 -0.4464 -0.7436
vn 0.1737 -0.5533 -0.8147
vn 0.4683 -0.2629 -0.8436
vn 0.7836 -0.2664 -0.5612
vn 0.9289 -0.1057 -0.3550
vn 0.2562 0.9651 0.0543
vn 0.8215 -0.4039 0.4026
vn 0.7103 -0.6116 0.3486
vn 0.8138 -0.4227 0.3988
vn -0.9635 0.2590 0.0675
vn -0.9171 0.3867 0.0964
vn -0.9318 0.3520 0.0885
vn -0.8801 0.4612 0.1131
vn -0.4891 0.8673 -0.0930
vn 0.0874 -0.9703 0.2257
vn 0.0878 -0.9702 0.2256
vn 0.0799 -0.9702 0.2288
vn -0.1660 -0.9783 0.1241
vn 0.7999 -0.5336 -0.2746
vn 0.7539 0.0286 -0.6564
vn 0.7814 -0.4529 -0.4294
vn 0.3852 0.8025 -0.4557
vn -0.1350 -0.9381 0.3190
vn -0.1986 -0.9251 0.3238
vn -0.2898 -0.9102 0.2960
vn 0.2249 0.9173 -0.3287
vn 0.2143 0.9189 -0.3313
vn 0.2347 0.9150 -0.3282
vn -0.0800 0.9092 -0.4085
vn 0.4553 -0.4283 0.7805
vn 0.4534 -0.4770 0.7529
vn -0.8599 -0.4994 0.1054
vn -0.7327 0.4138 -0.5403
vn 0.5652 0.7456 -0.3531
vn -0.6022 0.5810 -0.5475
vn 0.7407 0.5514 -0.3839
vn 0.7755 0.5533 -0.3042
vn -0.4640 -0.8158 0.3452
vn 0.7679 -0.5971 0.2320
vn -0.9392 -0.1596 0.3039
vn -0.7351 -0.4257 0.5276
vn -0.8105 -0.4604 0.3621
vn -0.8220 -0.4649 0.3287
vn 0.9565 -0.0603 -0.2853
vn 0.9566 -0.0327 -0.2897
vn 0.9047 -0.3121 -0.2900
vn 0.9379 0.0940 -0.3338
vn 0.9392 0.0730 -0.3355
vn -0.6772 0.0738 -0.7321
vn -0.2266 0.1305 -0.9652
vn 0.2361 0.1092 -0.9656
vn -0.3303 -0.1432 -0.9329
vn -0.3944 -0.1192 -0.9112
vn 0.6281 -0.0113 -0.7781
vn -0.9233 0.2522 0.2898
vn 0.6855 -0.6457 0.3365
vn 0.8772 -0.0198 0.4798
vn 0.9012 -0.0102 0.4332
vn 0.9021 -0.0254 0.4308
vn -0.9799 -0.0403 0.1953
vn -0.2373 -0.9231 0.3025
vn 0.0102 -0.9739 0.2268
vn -0.1856 -0.9421 0.2794
vn -0.4336 0.8862 -0.1634
vn -0.9740 0.2260 -0.0135
vn -0.3512 0.9202 -0.1729
vn 0.0957 -0.9717 0.2159
vn -0.8863 0.4072 -0.2205
vn -0.7980 -0.0584 -0.5998
vn 0.2103 -0.9764 0.0486
vn 0.0581 -0.9827 0.1756
vn -0.2419 -0.8267 0.5080
vn -0.1674 -0.8671 0.4692
vn 0.1017 0.9296 -0.3543
vn 0.1237 0.9286 -0.3498
vn 0.1156 0.9297 -0.3497
vn -0.3595 -0.8999 0.2468
vn -0.5408 -0.7701 0.3385
vn -0.9850 -0.0820 0.1517
vn -0.1286 0.9441 -0.3036
vn -0.6093 -0.7401 0.2846
vn 0.4404 0.5997 0.6681
vn -0.6373 0.0235 -0.7702
vn -0.7222 -0.1732 -0.6696
vn -0.5704 0.1392 -0.8095
vn -0.4395 0.3195 -0.8395
vn 0.0171 0.5583 -0.8295
vn 0.2912 0.6257 -0.7237
vn 0.3500 0.5888 -0.7286
vn 0.3674 0.5775 -0.7290
vn -0.6975 -0.6571 0.2857
vn -0.3781 -0.9218 0.0856
vn -0.6658 -0.6982 0.2632
vn -0.1758 -0.9744 -0.1399
vn 0.7699 -0.3522 -0.5322
vn 0.7699 0.2484 -0.5879
vn -0.8915 -0.3253 0.3154
vn -0.8435 -0.4791 0.2427
vn -0.8733 -0.3960 0.2838
vn -0.8630 0.4800 0.1574
vn 0.1764 0.9744 -0.1392
vn 0.2330 0.9623 -0.1406
vn 0.2867 0.8650 -0.4119
vn 0.2931 0.8453 -0.4468
vn 0.3831 -0.9237 -0.0023
vn 0.9542 -0.1037 -0.2806
vn -0.7430 0.6584 -0.1203
vn -0.9586 0.0542 -0.2796
vn -0.9993 -0.0214 0.0321
vn -0.5177 -0.3038 -0.7998
vn 0.9430 -0.0127 -0.3327
vn 0.9402 0.0018 -0.3407
vn 0.9353 -0.1713 -0.3096
vn -0.1740 0.9798 -0.0986
vn -0.9817 0.0516 0.1835
vn 0.8173 -0.5702 -0.0827
vn 0.7161 -0.4138 -0.5621
vn 0.8229 -0.5593 -0.1000
vn 0.3210 0.8868 -0.3326
vn 0.9147 0.0821 -0.3958
vn -0.3777 0.7560 -0.5346
vn -0.1333 0.9290 -0.3452
vn -0.1488 0.9260 -0.3471
vn 0.6480 -0.2109 -0.7318
vn 0.4438 -0.6461 -0.6210
vn -0.6674 0.4781 -0.5710
vn 0.4903 0.6999 -0.5194
vn 0.1656 0.9193 -0.3569
vn 0.1219 0.9829 -0.1383
vn 0.1496 0.9500 -0.2740
vn -0.5487 -0.7863 0.2840
vn -0.7547 0.6555 0.0254
vn -0.9916 0.1289 0.0064
vn -0.9700 0.1779 -0.1656
vn -0.9260 0.2158 -0.3097
vn -0.2520 -0.8943 0.3697
vn 0.5591 -0.7554 0.3417
vn -0.2856 -0.8854 0.3668
vn -0.4646 -0.7889 0.4022
vn 0.8540 -0.5019 0.1374
vn 0.4301 0.8215 -0.3744
vn -0.8303 -0.5062 -0.2330
vn -0.4091 0.0792 -0.9090
vn -0.0014 0.1221 -0.9925
vn -0.5190 0.0634 -0.8524
vn 0.6305 0.6675 -0.3960
vn 0.6227 0.6818 -0.3839
vn 0.6143 0.7028 -0.3589
vn 0.4268 -0.4961 -0.7561
vn 0.6204 -0.1116 -0.7763
vn 0.6729 0.0803 -0.7353
vn -0.7488 -0.5799 0.3209
vn 0.6984 0.3844 -0.6037
vn -0.7413 -0.5821 0.3343
vn -0.9297 -0.2425 0.2773
vn -0.8482 0.5040 0.1626
vn -0.0785 -0.9813 0.1755
vn -0.8558 -0.3728 0.3586
vn 0.7906 -0.6121 0.0171
vn 0.9092 0.3121 -0.2757
vn 0.8961 0.2965 -0.3304
vn 0.8921 0.3061 -0.3325
vn -0.9921 0.0135 0.1250
vn -0.8958 -0.3013 0.3268
vn 0.6423 0.7331 -0.2235
vn 0.1086 0.9344 -0.3391
vn -0.0827 -0.9964 0.0173
vn 0.6699 -0.7415 -0.0390
vn 0.9374 0.0922 -0.3357
vn -0.9610 -0.0329 0.2746
vn -0.9742 -0.0313 0.2235
vn -0.9916 -0.0333 0.1251
vn 0.9368 0.0355 -0.3480
vn 0.9263 -0.0291 -0.3756
vn 0.9678 0.0169 -0.2513
vn -0.9353 0.0425 0.3513
vn -0.9356 0.1206 0.3319
vn -0.9462 0.1360 0.2937
vn 0.9473 -0.0334 -0.3187
vn 0.8172 -0.4611 -0.3458
vn -0.2101 -0.9669 0.1446
vn -0.8725 -0.2270 -0.4327
vn -0.5411 -0.3937 -0.7431
vn -0.5203 0.3993 -0.7549
vn -0.4199 0.5210 -0.7432
vn 0.3976 -0.0266 -0.9172
vn 0.0256 0.9575 -0.2872
vn -0.0578 0.9477 -0.3138
vn -0.5130 -0.7757 0.3676
vn 0.9130 -0.3762 0.1579
vn 0.4845 0.8002 -0.3534
vn -0.4538 -0.5636 0.6902
vn -0.4216 -0.2227 0.8790
vn -0.2524 -0.0079 0.9676
vn -0.3346 -0.5264 0.7816
vn 0.1644 0.2937 0.9417
vn -0.2416 0.0892 0.9663
vn -0.4665 -0.7316 0.4971
vn 0.0123 0.4887 0.8724
vn 0.1377 0.1317 0.9817
vn -0.4207 -0.7653 0.4871
vn -0.5858 -0.7204 0.3713
vn 0.5651 0.7458 -0.3526
vn -0.7263 -0.6808 0.0950
vn -0.6178 -0.5597 -0.5523
vn -0.1743 -0.0504 -0.9834
vn 0.1425 0.1322 -0.9809
vn -0.6190 -0.7817 0.0759
vn 0.1932 -0.3037 -0.9330
vn 0.3892 -0.2276 -0.8926
vn 0.3220 -0.2546 -0.9119
vn 0.0896 -0.3413 -0.9357
vn 0.4240 0.5370 -0.7293
vn 0.3868 0.2361 -0.8915
vn 0.6119 0.3938 -0.6859
vn 0.1047 -0.9850 0.1369
vn -0.0422 -0.9873 0.1528
vn -0.7196 -0.6730 0.1712
vn -0.1882 0.8568 -0.4800
vn -0.5629 0.7259 -0.3952
vn 0.3237 0.8193 -0.4733
vn -0.8632 -0.4803 0.1552
vn 0.9397 -0.0595 -0.3368
vn 0.2677 -0.9102 0.3160
vn -0.9481 -0.3163 -0.0315
vn -0.8811 0.3894 -0.2684
vn -0.8015 0.5729 -0.1714
vn 0.4855 -0.8510 0.2003
vn 0.0937 0.9110 -0.4016
vn -0.1879 -0.9807 -0.0540
vn 0.0586 -0.9826 0.1765
vn 0.4512 -0.7490 -0.4852
vn 0.0445 -0.9941 -0.0988
vn -0.2849 -0.4320 -0.8557
vn 0.1124 -0.3493 -0.9302
vn -0.1692 -0.4148 -0.8941
vn -0.5605 -0.4459 -0.6979
vn -0.1383 0.1946 -0.9711
vn -0.0159 0.4506 -0.8926
vn 0.1308 0.8465 -0.5161
vn 0.0687 0.9267 -0.3695
vn -0.3549 0.8352 -0.4200
vn 0.7297 0.1715 -0.6619
vn 0.6785 0.0826 -0.7299
vn 0.7695 0.2582 -0.5841
vn -0.6499 -0.4415 0.6186
vn -0.5733 0.0989 0.8133
vn -0.5704 0.0847 0.8170
vn 0.1112 0.9441 0.3103
vn -0.0132 -0.4840 0.8750
vn -0.0572 -0.5787 0.8135
vn 0.8406 0.0042 0.5416
vn 0.7885 -0.1294 0.6012
vn -0.5776 -0.7301 0.3650
vn -0.5942 -0.6909 0.4119
vn -0.5822 -0.7201 0.3775
vn 0.7997 0.5812 -0.1505
vn 0.7316 0.5731 -0.3692
vn 0.7450 0.6603 -0.0942
vn 0.7420 0.6040 -0.2908
vn 0.6964 0.5842 -0.4167
vn 0.6995 -0.5093 -0.5013
vn 0.5841 -0.5792 -0.5686
vn 0.3804 -0.6300 -0.6770
vn -0.7959 -0.2915 0.5307
vn -0.9897 0.1081 0.0937
vn -0.6635 0.7047 -0.2512
vn -0.8201 0.5075 -0.2642
vn 0.1969 -0.9674 -0.1593
vn 0.4204 -0.6999 -0.5775
vn 0.9409 0.1040 -0.3222
vn 0.2422 -0.9330 0.2663
vn -0.6988 0.4259 -0.5747
vn -0.1923 0.9103 -0.3665
vn -0.5579 0.6356 -0.5336
vn -0.2490 -0.8819 -0.4003
vn 0.0025 -0.9717 0.2362
vn -0.0334 -0.9878 0.1524
vn -0.3635 -0.8223 -0.4378
vn -0.0760 0.9126 -0.4018
vn -0.0640 0.9217 -0.3826
vn -0.1442 0.7638 -0.6292
vn 0.2461 0.9367 -0.2491
vn 0.2396 0.9580 -0.1574
vn 0.0168 0.9501 0.3115
vn 0.3044 0.9511 0.0528
vn 0.2386 0.9645 -0.1130
vn 0.3165 0.9447 0.0860
vn -0.4371 -0.8914 0.1196
vn 0.2103 0.9199 -0.3310
vn -0.0088 0.7981 -0.6024
vn 0.1469 -0.9770 0.1544
vn 0.4157 -0.8609 -0.2935
vn 0.1946 -0.9774 0.0827
vn 0.9142 -0.2889 -0.2841
vn -0.7221 0.3720 0.5832
vn -0.5993 0.6360 0.4861
vn 0.0560 0.9930 0.1043
vn -0.4214 -0.7655 0.4862
vn 0.2892 -0.6043 0.7424
vn -0.6028 -0.7353 -0.3098
vn -0.6423 -0.6679 0.3761
vn -0.6900 -0.6054 0.3967
vn -0.6940 -0.5510 0.4634
vn -0.6880 -0.5522 0.4710
vn 0.6229 0.6359 -0.4557
vn 0.6386 0.6637 -0.3894
vn -0.7988 -0.5702 0.1919
vn -0.8562 0.1770 -0.4854
vn -0.6880 0.4391 -0.5778
vn 0.3189 0.6617 -0.6786
vn 0.6885 0.5551 -0.4667
vn 0.3792 0.6700 -0.6383
vn 0.6378 0.5803 -0.5064
vn -0.7654 -0.6207 0.1699
vn 0.3221 -0.5912 -0.7394
vn 0.8125 -0.0875 -0.5763
vn 0.8713 0.3068 -0.3830
vn 0.8644 0.3276 -0.3815
vn 0.8913 0.2619 -0.3702
vn 0.8936 0.2463 -0.3752
vn 0.8588 0.3071 -0.4102
vn -0.0970 0.6065 -0.7892
vn -0.1235 -0.9592 -0.2545
vn 0.8589 -0.1508 -0.4895
vn 0.8650 -0.0410 -0.5001
vn 0.7820 -0.4541 -0.4269
vn -0.9392 -0.1184 0.3223
vn -0.9454 -0.0343 0.3242
vn 0.9562 -0.0329 -0.2908
vn -0.8980 0.2139 0.3844
vn -0.5186 0.8261 0.2205
vn 0.6424 0.7613 0.0880
vn 0.5973 0.7828 -0.1746
vn -0.4780 -0.8776 0.0352
vn -0.8643 0.0115 -0.5029
vn -0.8565 0.1964 -0.4774
vn -0.2292 0.9245 -0.3046
vn -0.2843 0.9418 -0.1794
vn 0.0839 -0.9528 0.2919
vn 0.1119 -0.8715 0.4774
vn 0.0746 -0.9523 0.2958
vn 0.4708 -0.8652 -0.1723
vn 0.5503 -0.2933 -0.7817
vn 0.4190 0.3215 -0.8491
vn 0.0239 -0.8999 0.4355
vn -0.0850 0.9415 -0.3260
vn -0.1637 -0.4155 0.8947
vn -0.1326 -0.6663 0.7338
vn 0.0487 0.3268 0.9438
vn -0.3635 0.1965 0.9106
vn 0.0786 -0.7893 0.6090
vn 0.0180 0.9561 0.2924
vn 0.1389 -0.1164 0.9834
vn -0.6832 -0.7297 0.0280
vn -0.8444 0.2539 -0.4717
vn -0.1833 0.5071 -0.8422
vn 0.2488 0.8504 -0.4635
vn 0.2434 0.8485 -0.4699
vn -0.8905 -0.1013 0.4435
vn 0.4260 0.8124 -0.3981
vn 0.4453 0.8150 -0.3708
vn 0.3868 0.8048 -0.4502
vn 0.1017 -0.8236 0.5579
vn 0.9307 0.0877 0.3550
vn -0.7147 -0.5410 0.4433
vn -0.3253 0.1064 -0.9396
vn -0.0338 0.1632 -0.9860
vn -0.4260 0.0829 -0.9009
vn 0.5222 0.4304 -0.7363
vn -0.7237 -0.3175 0.6128
vn 0.8262 0.4866 -0.2841
vn 0.0795 0.4746 -0.8766
vn -0.1945 0.3144 -0.9292
vn 0.4879 0.0818 -0.8690
vn 0.5719 0.0649 -0.8177
vn 0.5076 -0.0377 -0.8608
vn -0.9332 -0.0727 0.3520
vn 0.9293 0.3693 0.0054
vn 0.9210 0.3866 0.0470
vn 0.7996 0.4865 0.3520
vn 0.9177 0.0477 -0.3943
vn 0.9905 0.0590 -0.1242
vn -0.8765 0.3300 0.3504
vn 0.8526 0.3288 0.4062
vn 0.0308 -0.9739 0.2249
vn 0.1900 -0.9421 0.2763
vn 0.4829 -0.8293 -0.2811
vn 0.3875 0.0438 -0.9208
vn 0.5824 0.0938 -0.8075
vn 0.3312 0.0299 -0.9431
vn 0.0503 -0.9504 0.3069
vn -0.2044 -0.8521 0.4818
vn -0.2227 -0.8646 0.4505
vn -0.2276 -0.8677 0.4419
vn -0.0290 -0.9085 0.4169
vn -0.1333 -0.3656 0.9212
vn -0.4287 0.9024 0.0430
vn -0.3406 0.9402 0.0063
vn 0.6332 -0.0055 0.7740
vn 0.3108 -0.4012 0.8617
vn 0.6310 0.0107 0.7757
vn 0.5791 0.7915 0.1952
vn 0.5808 0.7894 0.1988
vn 0.2310 0.9643 -0.1295
vn -0.6712 -0.0648 -0.7385
vn -0.8598 -0.0920 -0.5023
vn -0.4210 -0.1650 -0.8919
vn -0.2221 0.3575 -0.9071
vn -0.0877 0.5899 -0.8027
vn 0.5477 -0.3273 -0.7700
vn -0.6499 -0.6624 0.3727
vn 0.6120 -0.2050 -0.7638
vn 0.3408 -0.1883 -0.9211
vn 0.3060 -0.1851 -0.9339
vn 0.6050 -0.0244 -0.7959
vn -0.3633 0.9097 -0.2013
vn 0.6341 0.6728 -0.3811
vn 0.3225 0.9351 0.1466
vn -0.9875 -0.1570 -0.0141
vn 0.7681 0.5180 -0.3765
vn 0.8526 0.4987 -0.1559
vn -0.7548 -0.3146 -0.5755
vn -0.7486 -0.3030 -0.5897
vn -0.7895 -0.3900 -0.4739
vn 0.0119 0.1707 -0.9853
vn 0.3510 -0.5041 -0.7891
vn -0.7943 -0.6054 0.0520
vn 0.8191 0.3910 -0.4198
vn 0.7247 0.6837 -0.0858
vn 0.8928 0.2416 -0.3801
vn -0.6511 -0.0525 -0.7572
vn -0.8256 -0.2513 -0.5051
vn -0.6415 -0.0115 -0.7670
vn -0.1897 0.0009 -0.9818
vn 0.1460 -0.0201 -0.9891
vn -0.8495 -0.5275 0.0068
vn -0.1480 -0.6008 -0.7856
vn 0.1724 -0.5827 -0.7942
vn -0.2135 -0.4578 -0.8630
vn -0.0256 -0.3890 -0.9209
vn -0.9275 -0.1587 0.3384
vn 0.8512 0.1490 -0.5033
vn -0.9335 -0.0792 0.3496
vn 0.9127 -0.1873 -0.3633
vn 0.9341 -0.1456 -0.3259
vn 0.9506 0.1754 -0.2563
vn 0.3733 0.9271 0.0343
vn 0.6465 -0.6767 0.3525
vn 0.6461 -0.6771 0.3523
vn 0.6985 -0.5829 0.4152
vn 0.2939 -0.9011 0.3188
vn -0.4158 -0.8027 -0.4275
vn -0.2106 0.9429 -0.2580
vn -0.6633 -0.0323 -0.7477
vn -0.6489 -0.3550 -0.6730
vn -0.6657 -0.1858 -0.7227
vn 0.0355 -0.9990 0.0270
vn 0.0659 -0.9774 0.2008
vn 0.0899 -0.9959 0.0137
vn -0.0129 -0.5354 -0.8445
vn -0.1429 -0.8806 -0.4518
vn -0.6562 0.0431 -0.7533
vn -0.3517 0.4158 -0.8387
vn 0.1286 -0.0187 -0.9915
vn -0.1040 0.2632 -0.9591
vn 0.2870 0.6675 -0.6871
vn 0.1112 0.8251 0.5540
vn -0.2988 -0.5782 0.7592
vn -0.7551 0.0127 0.6554
vn -0.5782 0.4999 0.6448
vn 0.0595 0.9234 -0.3793
vn -0.1394 -0.8537 0.5018
vn 0.5637 -0.5489 0.6172
vn -0.5112 -0.8570 -0.0646
vn 0.9210 -0.0968 0.3773
vn 0.2523 0.9213 -0.2960
vn -0.4719 -0.3988 -0.7863
vn -0.3750 -0.8426 0.3867
vn -0.4142 -0.8166 0.4021
vn -0.4406 -0.8038 0.3998
vn 0.0065 -0.1490 -0.9888
vn 0.2563 0.4312 -0.8651
vn -0.3359 0.9155 -0.2217
vn 0.8819 0.3185 -0.3476
vn 0.7237 0.5577 -0.4065
vn 0.9612 0.0034 -0.2759
vn -0.4594 -0.4177 0.7839
vn -0.4843 -0.6232 0.6140
vn -0.7209 -0.5483 0.4239
vn 0.7185 0.6885 0.0991
vn 0.8857 0.4641 0.0124
vn -0.7909 -0.5081 0.3409
vn -0.7856 -0.5081 0.3531
vn -0.8495 -0.4983 0.1735
vn -0.7934 -0.4005 -0.4584
vn 0.7561 0.5070 -0.4138
vn 0.7857 0.4437 -0.4310
vn 0.7893 0.4358 -0.4325
vn -0.5842 -0.6361 -0.5040
vn 0.0735 -0.2071 -0.9755
vn -0.1488 -0.2596 -0.9542
vn 0.5834 0.2466 -0.7739
vn 0.4378 -0.0542 -0.8975
vn -0.4978 -0.2379 -0.8340
vn -0.9192 -0.1347 0.3701
vn -0.9146 -0.1619 0.3705
vn -0.9108 -0.1053 0.3991
vn 0.9461 0.1302 -0.2965
vn 0.9568 0.1077 -0.2700
vn 0.7504 0.5648 -0.3434
vn -0.7174 0.1160 0.6869
vn -0.4862 0.0090 0.8738
vn -0.1532 0.2300 0.9611
vn -0.4539 0.0733 0.8880
vn 0.2962 0.5783 0.7601
vn 0.7361 -0.1706 0.6551
vn 0.1912 0.1021 0.9762
vn 0.7663 -0.2908 0.5729
vn 0.6837 -0.3553 0.6374
vn -0.2995 0.9171 0.2631
vn -0.1892 0.9674 -0.1683
vn 0.0178 -0.9648 0.2624
vn 0.0174 -0.9715 0.2363
vn 0.0873 -0.9492 0.3023
vn 0.0780 -0.8741 0.4795
vn -0.1686 0.8313 -0.5296
vn -0.1096 -0.6247 0.7731
vn -0.0448 0.9351 -0.3516
vn -0.1471 0.9314 -0.3331
vn 0.0701 0.5570 0.8276
vn -0.2307 0.7839 0.5764
vn -0.3152 0.7003 0.6405
vn -0.0542 0.9450 -0.3226
vn -0.1874 0.9631 -0.1933
vn -0.5343 -0.7729 0.3422
vn 0.4406 0.8631 0.2469
vn 0.6243 0.5721 0.5319
vn -0.1120 -0.8750 0.4710
vn 0.3873 -0.8622 0.3266
vn -0.0280 -0.8896 0.4558
vn 0.6571 -0.5022 0.5622
vn -0.3428 -0.3112 -0.8863
vn 0.2934 0.8435 -0.4499
vn 0.2964 0.8627 -0.4098
vn -0.3362 -0.2916 -0.8955
vn 0.4587 -0.8027 -0.3812
vn -0.2080 -0.9658 0.1546
vn 0.0417 -0.6374 -0.7694
vn -0.3517 -0.8487 0.3949
vn -0.8544 -0.2566 0.4518
vn -0.9387 0.3300 0.1001
vn 0.4120 0.7984 -0.4392
vn 0.3782 0.7908 -0.4812
vn 0.3241 0.8114 -0.4864
vn 0.4010 0.7814 -0.4781
vn 0.3604 0.7980 -0.4831
vn 0.3443 -0.9253 0.1592
vn 0.9092 0.1324 -0.3948
vn -0.7623 -0.4551 0.4602
vn -0.8045 -0.4173 0.4227
vn -0.8673 -0.4888 0.0940
vn -0.9312 -0.2921 -0.2181
vn 0.2562 0.2207 -0.9411
vn 0.8004 0.4101 -0.4373
vn 0.9737 0.2228 0.0474
vn 0.9481 0.3134 0.0546
vn 0.9075 0.4057 0.1092
vn -0.7443 -0.2156 -0.6321
vn -0.8455 -0.2519 -0.4708
vn 0.8924 0.2054 -0.4018
vn 0.9084 0.1775 -0.3785
vn 0.9165 0.1566 -0.3682
vn -0.8580 -0.0155 0.5135
vn -0.6293 0.2897 0.7212
vn -0.7176 0.1192 0.6862
vn -0.2564 0.6541 0.7116
vn -0.2826 0.6732 0.6833
vn -0.0894 0.5136 0.8533
vn 0.6482 0.5260 0.5506
vn -0.7196 -0.0962 0.6877
vn 0.0821 -0.3185 0.9444
vn 0.1766 -0.2680 0.9471
vn -0.9143 0.0278 0.4041
vn 0.8831 -0.1731 -0.4360
vn 0.9002 -0.1575 -0.4060
vn 0.8357 0.5433 -0.0804
vn 0.9075 0.1825 0.3784
vn 0.7428 0.6233 0.2443
vn -0.1185 0.9361 -0.3311
vn 0.0367 -0.9485 0.3145
vn -0.3296 0.6095 -0.7210
vn -0.1375 0.9229 -0.3596
vn 0.0475 -0.9508 0.3061
vn 0.0591 -0.9427 0.3283
vn 0.0043 -0.9475 0.3197
vn -0.2191 -0.3975 0.8911
vn -0.0686 0.0257 0.9973
vn 0.2556 -0.6546 0.7115
vn 0.1103 -0.8198 0.5619
vn 0.6671 0.5878 0.4577
vn -0.7114 0.7016 0.0415
vn -0.0835 0.9485 -0.3056
vn -0.0434 -0.9193 0.3912
vn -0.0044 -0.9003 0.4353
vn -0.0495 -0.9193 0.3905
vn 0.4850 0.0030 0.8745
vn -0.7844 -0.4063 0.4688
vn -0.8940 0.4042 0.1936
vn -0.9826 -0.0814 0.1669
vn -0.9972 -0.0613 0.0436
vn -0.9427 0.2152 -0.2551
vn -0.3576 0.9079 -0.2188
vn 0.4759 -0.8328 0.2829
vn -0.2840 -0.8605 0.4229
vn -0.2772 -0.8644 0.4196
vn -0.2784 -0.8637 0.4202
vn 0.9414 0.1515 0.3012
vn -0.3979 -0.9089 0.1247
vn -0.4282 -0.8985 0.0967
vn -0.3564 -0.9190 0.1686
vn -0.3254 -0.9245 0.1986
vn 0.2371 0.8173 -0.5251
vn -0.7444 -0.5590 0.3651
vn -0.8398 0.5168 -0.1666
vn -0.0998 0.8146 -0.5714
vn -0.2880 0.7007 -0.6527
vn -0.1382 0.7949 -0.5908
vn 0.4048 -0.9076 0.1112
vn 0.3468 -0.9311 -0.1129
vn 0.3245 -0.9459 0.0032
vn 0.6070 0.6318 -0.4822
vn -0.6588 -0.6192 0.4273
vn -0.3387 -0.0028 0.9409
vn -0.3779 0.2495 0.8916
vn 0.0509 0.9086 0.4145
vn -0.3514 -0.0208 0.9360
vn 0.1841 0.4084 0.8941
vn 0.6957 0.7169 -0.0454
vn -0.3974 -0.3168 0.8612
vn -0.2039 -0.3439 0.9166
vn 0.0328 -0.1857 0.9821
vn 0.6065 0.2461 0.7560
vn 0.9562 0.1350 0.2596
vn 0.7682 0.2143 0.6032
vn -0.6249 -0.6340 -0.4555
vn 0.7158 0.5792 -0.3900
vn 0.7657 0.4317 -0.4768
vn -0.8410 -0.3236 0.4336
vn -0.8706 -0.1521 0.4679
vn -0.8391 -0.2933 0.4581
vn 0.9408 -0.1813 0.2864
vn 0.9477 -0.1383 -0.2876
vn -0.1199 0.7500 -0.6505
vn 0.8908 0.2223 -0.3964
vn -0.8225 0.1503 0.5485
vn -0.9181 0.1663 0.3597
vn -0.8962 0.1627 0.4127
vn -0.4200 0.7573 0.5001
vn 0.8252 0.5518 0.1205
vn -0.8489 0.3790 0.3685
vn 0.4746 0.8792 0.0426
vn 0.6422 -0.6776 0.3584
vn 0.8721 -0.2538 0.4183
vn -0.1593 0.9360 -0.3139
vn -0.1907 0.9074 -0.3745
vn -0.1820 0.9195 -0.3484
vn -0.2786 -0.6590 0.6987
vn -0.7125 -0.0948 0.6952
vn 0.2996 -0.8429 0.4470
vn -0.0947 -0.9340 0.3446
vn -0.8076 -0.5843 0.0802
vn 0.0680 0.9140 -0.3999
vn -0.4884 0.8457 -0.2149
vn 0.7719 -0.6234 0.1245
vn 0.7845 -0.6103 0.1105
vn 0.7757 -0.6198 0.1184
vn 0.8780 0.4764 -0.0473
vn 0.3668 0.8748 -0.3165
vn 0.3150 0.8284 -0.4631
vn 0.3534 0.8677 -0.3496
vn -0.9631 0.1670 -0.2110
vn -0.5968 -0.6839 0.4197
vn -0.3940 -0.8543 0.3391
vn -0.7200 -0.4968 0.4846
vn -0.7230 -0.4958 0.4811
vn -0.7209 -0.4973 0.4828
vn -0.4868 -0.1147 0.8659
vn 0.0689 -0.7629 0.6429
vn 0.6371 0.7055 -0.3103
vn -0.1991 0.1095 0.9738
vn 0.6655 0.7274 0.1677
vn 0.6341 0.7309 0.2524
vn 0.3751 0.6439 0.6669
vn 0.9067 0.4000 0.1340
vn -0.8223 -0.2729 0.4994
vn -0.9129 -0.2461 0.3255
vn -0.9048 -0.2190 0.3651
vn 0.8567 -0.2807 0.4328
vn -0.5256 0.5423 0.6555
vn 0.2627 0.9648 0.0081
vn 0.3191 0.9445 -0.0783
vn 0.4484 -0.7776 0.4407
vn -0.7759 -0.3644 0.5149
vn 0.3961 -0.8114 0.4299
vn 0.9508 -0.3046 -0.0559
vn -0.9202 0.0173 0.3912
vn 0.9017 0.2074 0.3793
vn 0.4097 0.9009 0.1429
vn -0.1639 0.9591 -0.2308
vn -0.7049 0.4325 0.5622
vn -0.8277 0.4410 0.3470
vn -0.8765 0.4333 0.2095
vn -0.4657 0.8831 -0.0565
vn -0.5961 0.8009 -0.0565
vn 0.6779 -0.1374 0.7222
vn 0.6843 -0.2777 0.6742
vn 0.6563 0.7440 0.1254
vn 0.7904 -0.6038 0.1031
vn -0.4961 0.3041 -0.8133
vn -0.3267 0.6683 -0.6683
vn -0.1492 -0.9739 0.1710
vn 0.1654 -0.9859 -0.0271
vn 0.7498 -0.1673 -0.6401
vn 0.7848 0.0017 -0.6197
vn -0.6636 0.5389 0.5188
vn 0.5987 0.6619 -0.4511
vn 0.2400 -0.8351 0.4950
vn 0.5652 -0.7378 0.3692
vn 0.2537 -0.5937 0.7637
vn 0.9949 0.0825 0.0575
vn 0.9780 -0.1770 0.1102
vn 0.9859 0.0143 -0.1669
vn 0.9916 -0.1252 0.0335
vn -0.8542 -0.2526 0.4546
vn -0.5693 -0.0982 0.8163
vn -0.3003 0.3522 0.8864
vn 0.3161 0.6099 0.7267
vn 0.3558 0.0731 0.9317
vn -0.6562 -0.2578 0.7092
vn -0.6523 -0.2601 0.7120
vn 0.2443 -0.1001 0.9645
vn 0.9026 0.2875 -0.3203
vn -0.9347 -0.0538 0.3513
vn 0.2366 -0.8887 0.3928
vn 0.0805 -0.9160 0.3931
vn -0.0156 -0.9146 0.4041
vn -0.2833 -0.8700 0.4036
vn 0.0051 -0.8895 0.4569
vn 0.3351 0.9343 -0.1215
vn 0.6049 0.7496 -0.2687
vn 0.0754 0.9233 -0.3765
vn 0.0854 0.9144 -0.3957
vn 0.1735 0.8693 -0.4628
vn 0.2436 -0.9133 0.3263
vn -0.2731 -0.8666 0.4175
vn 0.8258 -0.3927 -0.4047
vn 0.8037 -0.1642 -0.5719
vn 0.7478 -0.5162 -0.4174
vn 0.5198 0.6978 -0.4929
vn 0.3310 0.8090 -0.4857
vn -0.8997 -0.4357 0.0254
vn -0.5776 0.2529 -0.7762
vn 0.0163 0.6863 -0.7271
vn 0.0983 -0.9924 0.0738
vn -0.6029 -0.6744 0.4263
vn -0.6114 -0.6663 0.4269
vn -0.7086 -0.0741 0.7018
vn 0.1066 0.9942 -0.0134
vn 0.1988 0.9794 -0.0358
vn -0.7778 -0.3477 0.5236
vn -0.8024 0.2520 0.5411
vn -0.3771 0.6911 0.6166
vn 0.6686 -0.6082 0.4278
vn -0.3504 -0.8126 0.4657
vn -0.1511 -0.6319 0.7602
vn 0.8307 -0.2961 0.4714
vn -0.7495 0.6595 0.0575
vn -0.7649 0.6416 0.0574
vn -0.7006 0.7112 0.0578
vn -0.1470 0.8458 -0.5129
vn -0.0290 -0.9697 0.2426
vn 0.8807 -0.1331 -0.4545
vn 0.9210 0.2422 -0.3050
vn -0.1751 0.9533 -0.2462
vn -0.2037 0.9161 -0.3453
vn -0.2462 -0.8791 0.4082
vn -0.9651 -0.0472 0.2577
vn -0.9613 -0.0903 0.2601
vn -0.9652 -0.0544 0.2559
vn 0.4340 -0.6626 0.6104
vn 0.9547 -0.1385 0.2632
vn 0.9478 0.2957 0.1193
vn -0.5858 0.6381 -0.4997
vn -0.1333 -0.9162 0.3779
vn -0.2769 -0.8250 0.4926
vn -0.3190 -0.8257 0.4652
vn -0.4755 -0.7708 0.4241
vn -0.7475 -0.6570 0.0980
vn -0.2908 0.2731 -0.9170
vn 0.5880 0.6432 -0.4904
vn 0.6033 0.6352 -0.4822
vn 0.6040 0.6331 -0.4842
vn -0.7213 -0.4977 0.4817
vn -0.8463 0.4479 0.2884
vn -0.9793 0.1863 0.0793
vn -0.9492 0.2905 0.1207
vn 0.5286 -0.8107 0.2517
vn 0.5199 -0.8136 0.2605
vn 0.3447 -0.8520 0.3940
vn 0.7056 -0.7044 0.0771
vn -0.6385 0.4970 0.5876
vn -0.8107 0.2463 0.5311
vn -0.6233 0.5080 0.5945
vn -0.3440 0.7343 0.5852
vn -0.6861 -0.4733 0.5525
vn -0.8955 -0.1659 0.4129
vn -0.6790 0.7319 0.0579
vn 0.4993 -0.8648 0.0526
vn 0.6835 -0.6541 -0.3240
vn 0.8830 -0.0976 -0.4591
vn 0.0910 0.9668 0.2387
vn 0.0759 -0.8554 0.5124
vn -0.2063 0.9172 -0.3409
vn -0.1852 0.9247 -0.3326
vn -0.9152 0.4027 -0.0142
vn -0.5533 0.8134 -0.1798
vn -0.0665 0.9105 -0.4081
vn -0.0744 0.8908 -0.4483
vn 0.0015 0.9476 -0.3196
vn -0.2689 0.9002 -0.3425
vn -0.8363 -0.5425 -0.0793
vn -0.9434 0.0752 -0.3231
vn -0.3133 0.7993 -0.5127
vn -0.3788 -0.7924 0.4780
vn -0.6449 -0.7622 0.0557
vn -0.6622 -0.7235 -0.1949
vn -0.3197 -0.3810 -0.8676
vn 0.2926 0.6523 -0.6992
vn -0.0151 0.3985 -0.9170
vn 0.3596 0.6941 -0.6236
vn 0.2169 0.5046 -0.8357
vn 0.3131 0.1333 -0.9403
vn 0.2557 0.3933 -0.8831
vn 0.0417 -0.7254 -0.6871
vn -0.0867 -0.6579 -0.7481
vn -0.0549 -0.7623 -0.6449
vn -0.1362 -0.4459 -0.8847
vn 0.4981 0.2011 -0.8435
vn 0.3391 -0.0039 -0.9408
vn -0.7053 -0.5756 0.4139
vn -0.6382 -0.6272 0.4465
vn -0.7160 -0.5671 0.4072
vn -0.9844 -0.1297 0.1185
vn 0.6021 0.6265 -0.4950
vn -0.4049 0.8413 -0.3582
vn 0.6072 0.6965 -0.3824
vn 0.0699 0.7417 -0.6671
vn 0.5279 0.7300 -0.4341
vn 0.9642 0.0769 -0.2538
vn -0.8057 0.5846 0.0953
vn -0.8821 0.4665 0.0650
vn -0.3699 0.9227 -0.1084
vn 0.9415 -0.1869 -0.2805
vn 0.7695 -0.6276 -0.1183
vn -0.9555 0.1722 0.2394
vn -0.8836 0.4270 0.1919
vn -0.3137 -0.9069 -0.2812
vn 0.6965 -0.6352 -0.3337
vn 0.8887 -0.3327 -0.3153
vn 0.7843 -0.2971 -0.5446
vn -0.3354 0.8879 0.3148
vn 0.7456 0.6516 -0.1398
vn 0.8110 0.5604 -0.1678
vn 0.7058 -0.5670 0.4247
vn 0.8766 -0.2513 0.4105
vn 0.8941 0.2026 0.3995
vn 0.3697 0.9282 -0.0425
vn 0.2357 -0.3438 0.9090
vn -0.3138 0.9379 0.1481
vn 0.3970 0.8926 0.2137
vn 0.5088 0.1842 0.8410
vn 0.4564 0.8068 0.3752
vn 0.0027 0.9433 -0.3320
vn 0.3173 0.9412 0.1160
vn -0.9610 -0.0976 0.2587
vn -0.8244 0.5203 -0.2228
vn 0.2345 -0.8326 0.5018
vn 0.8693 -0.4941 0.0106
vn -0.4549 -0.8416 0.2911
vn -0.0146 0.8795 -0.4757
vn -0.4484 0.6617 -0.6009
vn -0.0691 0.8638 -0.4991
vn 0.0292 -0.9537 0.2994
vn 0.2146 -0.9650 -0.1507
vn 0.7749 -0.2838 -0.5647
vn 0.5657 -0.7488 -0.3454
vn 0.4902 0.3858 -0.7815
vn 0.3128 0.8214 -0.4769
vn 0.2768 0.8289 -0.4862
vn 0.1610 0.8623 -0.4801
vn 0.2782 0.8292 -0.4847
vn -0.4764 -0.7719 0.4210
vn 0.3652 0.7815 -0.5058
vn -0.5289 -0.8486 -0.0059
vn -0.1630 -0.2960 -0.9412
vn -0.4541 -0.8386 0.3008
vn 0.6188 0.5882 -0.5206
vn 0.6181 0.5796 -0.5311
vn 0.6016 0.6270 -0.4949
vn -0.9732 -0.2075 -0.0987
vn -0.2635 0.8625 -0.4320
vn 0.2040 0.6438 -0.7375
vn -0.4409 -0.8099 0.3869
vn 0.6320 -0.6508 -0.4207
vn 0.5919 -0.6788 -0.4347
vn 0.6653 -0.6244 -0.4092
vn 0.5497 -0.7066 -0.4456
vn 0.9335 0.2825 -0.2206
vn 0.8355 0.4099 -0.3660
vn -0.8227 -0.3947 0.4092
vn -0.9427 0.3003 0.1456
vn 0.0869 0.9944 0.0594
vn -0.4828 -0.8327 0.2711
vn 0.7895 -0.5728 -0.2203
vn 0.6898 -0.6297 -0.3573
vn 0.5597 -0.7572 -0.3366
vn 0.8820 0.1573 -0.4442
vn 0.8406 0.1100 -0.5303
vn 0.8796 0.0917 -0.4669
vn 0.7252 0.2419 -0.6446
vn 0.6469 0.3289 -0.6880
vn 0.7502 0.2103 -0.6269
vn -0.8343 0.3938 0.3858
vn -0.5211 0.7654 0.3776
vn -0.2673 0.8501 0.4537
vn -0.2387 0.9035 0.3559
vn 0.0462 -0.5768 0.8156
vn -0.0553 -0.0510 0.9972
vn -0.0013 -0.3452 0.9385
vn -0.0959 -0.4665 0.8793
vn 0.2426 -0.6999 0.6718
vn -0.0828 0.1123 0.9902
vn -0.2077 0.2751 0.9387
vn 0.5233 -0.0878 0.8476
vn -0.2772 0.8208 0.4995
vn -0.2253 -0.9335 0.2789
vn -0.7604 -0.4165 -0.4982
vn -0.6210 0.0960 -0.7779
vn -0.6263 0.1352 -0.7678
vn -0.1523 0.7320 -0.6641
vn 0.6632 -0.3299 -0.6718
vn -0.4054 -0.7784 0.4792
vn -0.4516 -0.7584 0.4701
vn -0.5492 -0.8266 0.1231
vn -0.4903 -0.7388 0.4624
vn -0.5440 -0.6956 0.4693
vn -0.5490 -0.6580 0.5153
vn -0.5898 -0.6571 0.4694
vn -0.5943 -0.6688 0.4466
vn -0.5815 -0.6270 0.5184
vn -0.5945 -0.5795 0.5575
vn -0.6285 -0.5968 0.4989
vn 0.6242 0.6219 -0.4729
vn -0.9759 -0.2123 -0.0514
vn 0.7574 -0.2966 -0.5817
vn 0.6793 0.2307 -0.6966
vn 0.7584 -0.1696 -0.6293
vn 0.7809 0.2260 -0.5823
vn 0.7513 0.3877 -0.5340
vn 0.7707 -0.0769 -0.6326
vn 0.4808 -0.8760 -0.0379
vn -0.9247 -0.0874 0.3706
vn -0.1890 0.6107 -0.7690
vn 0.4715 0.4791 -0.7404
vn -0.9053 -0.0217 0.4242
vn 0.0625 0.9688 0.2399
vn -0.0837 0.9105 0.4050
vn 0.9291 0.0014 0.3699
vn 0.8707 -0.1708 0.4612
vn 0.8293 -0.3417 0.4421
vn 0.7695 0.6215 0.1472
vn 0.7720 0.6035 0.1995
vn 0.7721 0.5936 0.2267
vn -0.2274 0.9151 -0.3331
vn 0.0517 -0.9014 0.4299
vn 0.3430 -0.7691 0.5393
vn 0.4752 -0.6790 0.5596
vn 0.6979 -0.1999 0.6878
vn 0.7423 0.0621 0.6672
vn 0.5118 0.8141 0.2745
vn 0.4902 0.0797 0.8680
vn -0.4869 -0.8331 0.2624
vn -0.9434 0.1710 -0.2842
vn -0.0838 -0.8743 0.4782
vn -0.0630 -0.8880 0.4556
vn -0.1033 -0.8264 0.5535
vn -0.0027 -0.9318 0.3630
vn 0.5949 -0.8032 0.0312
vn -0.4409 -0.8953 0.0639
vn 0.7768 -0.6253 -0.0753
vn 0.7377 0.4255 -0.5242
vn -0.3453 -0.0443 -0.9374
vn -0.1807 0.1430 -0.9731
vn -0.1573 -0.8970 0.4131
vn 0.0068 -0.6356 -0.7720
vn 0.1495 -0.0560 -0.9872
vn 0.0357 -0.5436 -0.8386
vn 0.0197 -0.2044 -0.9787
vn -0.1692 0.2155 -0.9617
vn -0.0562 0.3885 -0.9197
vn 0.1288 0.8219 -0.5549
vn 0.0903 0.7983 -0.5954
vn 0.2500 0.3916 -0.8855
vn -0.3555 -0.6354 0.6855
vn -0.1565 0.0196 0.9875
vn -0.2379 -0.3584 0.9027
vn 0.4020 0.7611 -0.5090
vn 0.3972 0.7621 -0.5114
vn 0.4268 0.7306 -0.5331
vn 0.5088 0.6815 -0.5260
vn 0.4913 0.6796 -0.5447
vn 0.5005 0.6812 -0.5343
vn -0.5147 -0.5648 0.6451
vn 0.5799 0.6442 -0.4988
vn -0.5123 0.2593 -0.8187
vn 0.2774 0.6033 -0.7477
vn 0.4799 -0.5246 -0.7032
vn -0.7405 -0.4260 0.5198
vn 0.7917 0.4047 -0.4576
vn -0.9344 0.3504 0.0639
vn -0.3899 0.6832 -0.6174
vn -0.3559 0.7651 -0.5365
vn 0.0406 0.7175 -0.6954
vn 0.2669 0.7299 -0.6293
vn -0.8573 -0.2200 0.4655
vn 0.9880 -0.0029 -0.1546
vn 0.9315 0.1219 -0.3428
vn 0.9089 0.1084 -0.4027
vn -0.9814 0.1836 0.0553
vn -0.5247 0.6472 -0.5530
vn -0.5056 0.6565 -0.5598
vn -0.5508 0.2670 -0.7908
vn 0.6117 0.2333 -0.7559
vn -0.6249 -0.7790 0.0510
vn -0.7588 -0.6497 -0.0461
vn -0.8041 -0.5877 -0.0897
vn 0.1299 -0.6011 -0.7886
vn 0.5948 -0.3564 -0.7205
vn 0.8404 -0.0118 -0.5418
vn 0.8641 -0.2268 -0.4494
vn 0.3045 -0.8837 0.3554
vn -0.1244 0.9477 -0.2939
vn -0.1412 -0.7973 0.5868
vn -0.4468 -0.7054 0.5503
vn -0.7098 0.3872 0.5884
vn -0.8609 0.1797 0.4759
vn -0.8171 0.3303 0.4725
vn 0.6990 -0.1988 0.6869
vn 0.7443 -0.2506 0.6190
vn 0.7311 -0.2346 0.6406
vn -0.4182 0.8964 -0.1470
vn 0.2509 0.9680 -0.0005
vn 0.4172 -0.8964 -0.1497
vn 0.7922 -0.3355 -0.5097
vn 0.5811 0.5607 -0.5899
vn 0.7982 0.2120 -0.5638
vn -0.3274 -0.9428 -0.0630
vn -0.2080 -0.9006 -0.3818
vn 0.0919 0.8989 -0.4284
vn -0.1688 -0.9824 -0.0803
vn 0.2666 0.8161 -0.5128
vn 0.3258 0.8149 -0.4793
vn -0.4903 -0.6947 0.5263
vn -0.8927 -0.3751 -0.2497
vn -0.6931 0.1799 -0.6980
vn -0.5349 0.0957 -0.8395
vn -0.3358 0.0001 -0.9419
vn -0.0284 0.3883 -0.9211
vn -0.3998 -0.9005 -0.1713
vn -0.0261 -0.6793 -0.7334
vn 0.6613 0.2771 -0.6970
vn -0.9807 -0.1770 0.0825
vn -0.9504 0.2594 -0.1717
vn 0.3230 -0.8959 -0.3050
vn 0.0111 -0.9991 0.0405
vn -0.8755 -0.2300 0.4250
vn -0.7950 -0.4289 0.4290
vn -0.8654 -0.2608 0.4278
vn 0.8946 0.1514 -0.4205
vn -0.9626 0.2709 0.0106
vn -0.7283 0.3689 -0.5775
vn -0.6914 0.1083 -0.7143
vn -0.7395 0.1028 -0.6652
vn -0.4641 -0.2526 -0.8490
vn 0.3051 0.0276 -0.9519
vn -0.1373 0.0358 -0.9899
vn 0.4874 -0.1380 -0.8622
vn -0.2442 0.0657 -0.9675
vn -0.8841 -0.4313 -0.1799
vn -0.2868 -0.2545 -0.9236
vn 0.5919 -0.1668 -0.7885
vn 0.1381 -0.5881 -0.7969
vn -0.8610 0.2434 0.4466
vn -0.7353 0.4942 0.4638
vn -0.7991 0.4191 0.4310
vn 0.6505 -0.6225 0.4351
vn 0.8446 -0.2763 0.4585
vn -0.8908 0.2978 0.3433
vn -0.7352 0.6292 0.2524
vn -0.6439 0.7211 -0.2557
vn -0.3276 0.8854 -0.3298
vn 0.7772 -0.2931 0.5568
vn -0.8401 -0.3981 -0.3684
vn -0.8399 -0.4086 -0.3573
vn -0.8370 -0.4522 -0.3080
vn -0.6252 0.6121 -0.4842
vn 0.4188 0.8650 -0.2763
vn -0.7102 0.0736 -0.7002
vn 0.5611 -0.4778 -0.6759
vn 0.4070 0.4671 -0.7850
vn -0.1633 -0.8574 0.4880
vn -0.1692 -0.7989 0.5772
vn -0.1708 -0.8560 0.4879
vn 0.2636 0.9481 -0.1778
vn 0.3648 0.9177 -0.1575
vn 0.5735 0.8174 0.0546
vn 0.4892 0.8714 -0.0376
vn 0.5930 0.7512 -0.2900
vn 0.4288 0.7292 -0.5333
vn 0.6893 0.6803 -0.2493
vn -0.6394 -0.5058 0.5790
vn 0.4334 0.8993 0.0578
vn 0.5403 0.7476 0.3862
vn 0.5114 0.8142 0.2750
vn -0.6355 -0.5771 0.5129
vn 0.5078 0.7103 0.4875
vn -0.6390 -0.5736 0.5125
vn 0.7407 0.6154 -0.2697
vn 0.6623 0.5135 -0.5456
vn -0.1531 -0.0802 -0.9850
vn -0.3337 -0.4375 -0.8350
vn 0.3467 0.1178 -0.9305
vn -0.0548 -0.2283 -0.9720
vn -0.0030 -0.4645 -0.8856
vn 0.2427 0.1194 -0.9627
vn 0.4950 0.2618 -0.8285
vn 0.7659 0.4756 -0.4325
vn 0.8031 0.3897 -0.4507
vn 0.8087 0.3072 -0.5015
vn -0.5743 0.2415 -0.7822
vn 0.1946 0.4504 -0.8713
vn -0.1929 0.4764 -0.8578
vn -0.0001 0.4697 -0.8828
vn 0.3225 0.4232 -0.8467
vn -0.8890 -0.1791 0.4214
vn -0.7363 -0.1223 0.6655
vn -0.8129 -0.1185 0.5702
vn -0.5536 0.0914 0.8278
vn 0.8396 0.1223 -0.5292
vn 0.8995 0.0437 -0.4347
vn 0.6097 0.3045 0.7318
vn 0.7555 0.3051 0.5798
vn 0.9256 0.2746 0.2606
vn -0.9261 -0.1201 0.3576
vn -0.8987 -0.0813 0.4309
vn -0.8959 -0.1023 0.4323
vn -0.9921 0.0559 -0.1126
vn -0.9975 0.0569 0.0407
vn -0.9696 -0.0241 0.2437
vn -0.3380 -0.3186 -0.8856
vn -0.9031 0.1200 0.4122
vn -0.8679 0.1434 0.4755
vn -0.8703 0.1679 0.4630
vn 0.8699 -0.2234 -0.4398
vn 0.8676 -0.2065 -0.4523
vn 0.7913 0.5745 -0.2093
vn 0.1051 -0.9174 0.3839
vn 0.1752 -0.8796 0.4423
vn 0.0818 -0.9132 0.3992
vn 0.0848 -0.8807 0.4661
vn -0.0216 -0.8699 0.4927
vn -0.9083 0.3815 0.1718
vn -0.5054 -0.8611 0.0548
vn -0.8344 -0.4688 -0.2898
vn 0.8496 0.4876 -0.2010
vn -0.2007 0.8617 -0.4661
vn -0.2244 0.6507 -0.7254
vn -0.1170 0.7628 -0.6359
vn 0.1095 0.8637 -0.4920
vn 0.1360 0.7605 -0.6350
vn 0.1276 0.8630 -0.4888
vn -0.3616 -0.6672 0.6512
vn -0.2474 -0.4076 0.8790
vn -0.1449 -0.2237 0.9638
vn 0.2075 0.9581 -0.1975
vn 0.2627 0.9609 -0.0869
vn 0.2291 0.9608 -0.1563
vn -0.1681 -0.6497 0.7414
vn -0.1114 0.3163 0.9421
vn -0.4503 -0.7615 0.4663
vn 0.2841 0.9315 -0.2274
vn 0.2505 -0.0480 0.9669
vn 0.2124 -0.0743 0.9743
vn 0.3617 0.0332 0.9317
vn 0.5522 0.8128 0.1856
vn 0.7865 0.5491 0.2829
vn -0.4969 -0.6814 0.5374
vn 0.3818 0.9239 -0.0252
vn 0.3926 0.9190 -0.0365
vn -0.1702 0.1936 0.9662
vn 0.0792 0.4153 0.9062
vn 0.0475 0.2958 0.9541
vn -0.8948 -0.3782 -0.2375
vn 0.4502 0.0857 0.8888
vn -0.8134 -0.5816 0.0132
vn -0.2696 -0.6782 -0.6837
vn -0.8183 -0.3398 0.4636
vn -0.8058 -0.3735 0.4596
vn -0.8323 -0.3133 0.4574
vn 0.8874 0.3860 0.2521
vn -0.8691 -0.3469 0.3526
vn -0.0370 -0.6100 -0.7915
vn 0.2145 -0.6127 -0.7606
vn 0.1218 -0.6164 -0.7780
vn 0.6093 -0.1604 -0.7766
vn 0.9898 0.0296 0.1390
vn -0.1186 -0.3033 -0.9455
vn -0.8909 0.0617 0.4501
vn 0.8527 -0.0594 -0.5191
vn 0.3343 -0.8572 0.3918
vn 0.3730 -0.7999 0.4701
vn 0.2876 -0.8682 0.4043
vn -0.0210 -0.8604 0.5092
vn 0.1595 -0.8587 0.4869
vn 0.2331 -0.8580 0.4577
vn 0.9115 -0.3317 0.2434
vn 0.9774 -0.2069 0.0443
vn -0.4596 -0.6884 -0.5612
vn -0.3541 -0.4492 -0.8203
vn -0.4804 -0.7457 -0.4616
vn -0.0538 0.8934 -0.4461
vn -0.2477 -0.5518 -0.7964
vn -0.3941 0.1300 -0.9098
vn 0.2313 -0.1734 -0.9573
vn 0.1062 -0.3953 -0.9124
vn 0.0390 0.4854 -0.8734
vn -0.3837 0.0927 -0.9188
vn -0.0501 0.8126 -0.5806
vn -0.1366 -0.8567 0.4974
vn 0.1820 0.4651 -0.8663
vn -0.5138 -0.0629 0.8556
vn -0.5483 -0.0770 0.8327
vn -0.3902 -0.0142 0.9206
vn -0.4765 0.4045 0.7806
vn -0.1553 -0.6213 0.7680
vn -0.1130 -0.6691 0.7346
vn -0.1197 -0.6713 0.7315
vn 0.3953 0.0568 0.9168
vn -0.5847 -0.3395 0.7368
vn -0.4542 0.2406 0.8578
vn -0.2804 0.1705 0.9446
vn -0.3423 0.3466 0.8733
vn -0.2288 -0.1194 0.9661
vn -0.3185 -0.5124 0.7975
vn -0.0186 -0.1746 0.9845
vn 0.3881 -0.3220 0.8635
vn 0.1228 -0.2075 0.9705
vn 0.4521 0.0890 0.8875
vn -0.6267 -0.6510 0.4284
vn -0.7249 -0.4310 0.5374
vn -0.7047 -0.5059 0.4974
vn -0.6712 -0.4709 0.5725
vn 0.2379 0.6223 0.7457
vn 0.4145 0.3163 0.8533
vn -0.5480 -0.3086 0.7774
vn -0.4995 -0.3129 0.8078
vn 0.7870 0.6160 -0.0352
vn -0.9769 -0.1015 0.1881
vn -0.9929 -0.1093 -0.0480
vn -0.5998 -0.0854 -0.7956
vn -0.5024 -0.0765 -0.8613
vn 0.7583 0.3816 -0.5285
vn 0.7389 0.4070 -0.5371
vn 0.7715 0.3616 -0.5235
vn -0.2387 0.0823 -0.9676
vn 0.3575 0.0672 -0.9315
vn -0.8968 -0.4174 -0.1467
vn -0.8590 -0.2734 -0.4329
vn -0.8734 -0.4024 -0.2744
vn -0.6291 -0.7770 0.0245
vn 0.0953 -0.3776 -0.9211
vn -0.1282 -0.5993 -0.7902
vn 0.6219 -0.0717 -0.7798
vn 0.2758 -0.0389 -0.9604
vn 0.8261 0.1783 -0.5345
vn 0.5749 0.0609 -0.8160
vn 0.8972 0.1600 -0.4117
vn 0.8286 0.4155 -0.3751
vn 0.8148 0.5136 -0.2690
vn 0.7204 0.6935 -0.0104
vn 0.0126 0.3467 0.9379
vn 0.3093 0.0870 0.9470
vn 0.1366 0.2451 0.9598
vn 0.3799 0.2834 0.8806
vn 0.8650 -0.0080 -0.5017
vn -0.4840 0.7636 0.4274
vn -0.2233 0.9348 0.2762
vn 0.0613 -0.8806 0.4698
vn 0.0684 -0.9102 0.4085
vn -0.9274 0.0422 0.3716
vn 0.4096 -0.8161 0.4076
vn 0.3239 -0.8242 0.4646
vn -0.4772 -0.8740 0.0911
vn 0.1223 -0.8852 0.4488
vn -0.0148 -0.8642 0.5030
vn 0.0530 -0.8732 0.4845
vn -0.1335 -0.9800 0.1473
vn 0.9676 0.2525 -0.0031
vn -0.3262 -0.3918 -0.8602
vn 0.2826 -0.9581 0.0473
vn 0.0090 -0.9670 0.2547
vn 0.3583 -0.9335 -0.0160
vn 0.2998 0.3072 -0.9032
vn 0.1111 0.7780 -0.6184
vn 0.1450 0.8429 -0.5182
vn -0.4939 -0.6975 0.5192
vn -0.8309 -0.3123 0.4606
vn -0.6670 -0.5432 0.5100
vn -0.7092 -0.1477 0.6894
vn 0.1701 0.9477 -0.2702
vn -0.1110 0.9199 -0.3761
vn 0.1141 0.8829 -0.4555
vn 0.7925 0.5929 -0.1427
vn 0.4648 0.6826 -0.5640
vn 0.4734 0.6722 -0.5692
vn 0.4735 0.6946 -0.5416
vn 0.4837 0.6786 -0.5527
vn -0.1000 -0.5670 0.8176
vn -0.1569 -0.6068 0.7792
vn -0.2642 -0.6729 0.6909
vn -0.2255 -0.5664 0.7927
vn 0.3326 -0.5208 0.7862
vn 0.6677 0.5105 -0.5418
vn -0.7657 -0.4964 0.4090
vn 0.6801 0.4795 -0.5546
vn 0.6937 0.4636 -0.5513
vn -0.2132 0.0761 0.9740
vn -0.5915 0.0581 0.8042
vn 0.1317 0.5360 0.8339
vn -0.2761 -0.0786 0.9579
vn 0.7322 0.4082 0.5452
vn -0.4943 -0.3105 0.8120
vn -0.4150 -0.5392 0.7328
vn -0.4498 -0.4528 0.7698
vn 0.2912 -0.1937 0.9368
vn 0.7788 0.4613 0.4250
vn 0.9244 0.2266 -0.3067
vn 0.9222 -0.0775 0.3789
vn 0.8161 0.2829 -0.5039
vn -0.9056 -0.4054 -0.1250
vn -0.8386 -0.1779 0.5148
vn -0.8729 -0.0885 0.4798
vn -0.8260 -0.1895 0.5309
vn 0.8413 0.2039 -0.5007
vn 0.8389 0.2575 -0.4796
vn 0.5519 0.6506 -0.5217
vn -0.7340 0.3141 0.6021
vn -0.7191 0.2707 0.6400
vn -0.7337 0.3132 0.6030
vn -0.5133 0.1164 0.8503
vn -0.2297 0.1693 0.9584
vn -0.4807 -0.0234 0.8766
vn 0.1659 -0.2271 0.9596
vn 0.4113 -0.0171 0.9113
vn -0.7375 -0.1319 0.6623
vn -0.6146 -0.3052 0.7274
vn 0.1449 -0.2836 0.9479
vn 0.5390 -0.4972 0.6799
vn 0.2677 -0.3562 0.8953
vn 0.7259 -0.4141 0.5492
vn 0.3385 -0.1057 0.9350
vn -0.8530 -0.1477 0.5006
vn 0.9895 -0.0395 -0.1389
vn -0.9204 -0.0424 0.3887
vn 0.8592 0.4410 -0.2594
vn 0.8515 0.4616 -0.2487
vn 0.7091 0.6977 -0.1018
vn 0.4340 0.8919 0.1272
vn 0.4267 0.9004 0.0853
vn 0.4238 0.9031 0.0700
vn 0.7672 0.6309 0.1158
vn -0.1914 0.8945 -0.4040
vn 0.8355 -0.5439 -0.0781
vn 0.8363 -0.4701 -0.2822
vn 0.8408 -0.5056 -0.1932
vn -0.1384 -0.9730 0.1849
vn 0.6969 0.3683 -0.6153
vn 0.7185 0.2956 -0.6296
vn 0.6903 0.3828 -0.6140
vn -0.0332 -0.9583 0.2840
vn -0.0784 -0.8698 0.4872
vn 0.2141 0.7710 -0.5997
vn 0.4569 -0.4887 0.7432
vn 0.9694 0.1757 -0.1714
vn 0.8603 0.3091 -0.4054
vn 0.9497 0.2093 -0.2331
vn -0.5026 -0.6794 0.5346
vn -0.4980 -0.6543 0.5691
vn -0.4990 -0.6594 0.5622
vn -0.8195 -0.1418 0.5553
vn -0.7969 0.2992 0.5248
vn 0.3764 0.9176 0.1277
vn -0.4361 0.8710 -0.2261
vn 0.2826 -0.5671 0.7737
vn -0.6668 -0.5201 0.5338
vn -0.5839 -0.5892 0.5584
vn -0.5365 -0.6011 0.5923
vn 0.9711 -0.0906 0.2208
vn 0.9827 0.1840 0.0197
vn -0.7937 -0.3138 0.5212
vn -0.5889 0.3402 0.7331
vn -0.7894 0.1932 0.5826
vn -0.7222 0.2502 0.6448
vn 0.0438 -0.4262 0.9036
vn 0.9905 -0.1210 0.0655
vn 0.9884 -0.1389 0.0608
vn 0.9952 -0.0564 0.0803
vn -0.8384 -0.1839 -0.5131
vn -0.5118 0.4206 0.7491
vn -0.5237 0.4925 0.6951
vn -0.5309 0.5397 0.6534
vn -0.2268 0.8027 0.5516
vn 0.6462 0.7542 0.1163
vn -0.1750 -0.4213 0.8899
vn -0.3000 -0.6115 0.7322
vn -0.3042 -0.6176 0.7253
vn 0.6476 -0.5423 0.5354
vn 0.8587 -0.1482 -0.4905
vn -0.7528 -0.6514 0.0945
vn -0.8655 0.4007 -0.3005
vn -0.3556 0.8459 -0.3974
vn -0.8352 0.4814 -0.2659
vn -0.6780 0.6552 -0.3331
vn -0.1822 0.8946 -0.4081
vn 0.0268 -0.8876 0.4599
vn 0.7253 0.2757 -0.6308
vn 0.5620 0.7889 -0.2485
vn 0.2677 0.7899 -0.5516
vn 0.2298 0.7702 -0.5949
vn -0.1634 0.9841 -0.0699
vn -0.0631 -0.8114 0.5811
vn -0.1381 -0.7613 0.6335
vn 0.5723 -0.4687 0.6728
vn 0.2869 0.8692 -0.4028
vn 0.6807 0.4719 -0.5603
vn -0.2845 0.9584 0.0205
vn -0.3598 0.9315 0.0540
vn 0.0846 0.9875 -0.1333
vn 0.1871 0.9670 -0.1731
vn -0.8128 -0.2130 0.5421
vn -0.3354 -0.6919 0.6394
vn -0.7257 -0.1203 0.6774
vn 0.9357 -0.3499 -0.0453
vn 0.8844 -0.0519 -0.4638
vn -0.5332 0.6877 0.4927
vn 0.4154 0.9092 0.0280
vn -0.2138 0.8842 -0.4153
vn 0.0245 0.9601 -0.2787
vn -0.0700 -0.9063 0.4169
vn -0.9754 -0.2194 0.0212
vn -0.7755 0.2228 -0.5907
vn -0.8223 0.1757 -0.5413
vn -0.6410 0.3351 -0.6906
vn 0.3493 -0.8714 0.3446
vn 0.8176 -0.4146 -0.3995
vn -0.0518 0.9177 -0.3940
vn -0.0300 0.8712 -0.4900
vn 0.0237 0.8399 -0.5422
vn -0.0382 -0.7427 0.6685
vn -0.0914 -0.7846 0.6132
vn 0.0678 0.8454 -0.5298
vn -0.9345 -0.0093 0.3557
vn 0.1840 0.8149 -0.5496
vn -0.9313 0.0395 0.3621
vn -0.6308 0.6762 -0.3807
vn 0.5450 0.5439 -0.6381
vn -0.8128 -0.1815 0.5536
vn -0.8281 0.5336 0.1717
vn -0.6786 0.7235 0.1267
vn -0.7558 0.6440 -0.1183
vn -0.7571 0.6421 -0.1208
vn 0.7504 -0.4729 0.4617
vn 0.7357 0.4457 -0.5099
vn -0.0464 0.9270 -0.3722
vn -0.6371 -0.4247 0.6432
vn -0.6397 -0.4281 0.6384
vn -0.6537 -0.4405 0.6154
vn 0.3114 -0.6416 0.7009
vn -0.8208 -0.2708 0.5029
vn 0.9777 -0.2053 0.0446
vn 0.7623 0.2206 -0.6084
vn 0.8485 0.1153 -0.5165
vn -0.8492 -0.1718 0.4993
vn -0.7446 0.3501 0.5684
vn -0.5337 0.5918 0.6041
vn 0.0499 0.9960 -0.0741
vn -0.5265 0.8320 -0.1748
vn 0.0850 0.9919 -0.0949
vn -0.8608 -0.0878 0.5014
vn 0.6524 -0.7570 0.0363
vn 0.5718 -0.7720 -0.2776
vn 0.6213 -0.7746 -0.1184
vn 0.6225 -0.7750 0.1091
vn 0.9333 -0.2426 -0.2646
vn -0.8282 -0.4612 -0.3185
vn -0.9021 0.0710 -0.4257
vn -0.1818 0.8948 -0.4078
vn -0.1889 -0.8233 0.5353
vn -0.0229 -0.8440 0.5358
vn -0.0647 -0.7667 0.6387
vn -0.0971 -0.8407 0.5328
vn 0.0175 -0.6689 0.7431
vn -0.1105 0.8795 -0.4629
vn -0.0079 0.9140 -0.4057
vn 0.3318 0.9292 -0.1628
vn -0.3057 -0.7470 0.5904
vn -0.4645 -0.7148 0.5228
vn -0.5959 0.7095 -0.3762
vn 0.3420 -0.8151 0.4676
vn 0.8204 0.3373 -0.4617
vn -0.2434 -0.7313 0.6372
vn -0.3027 -0.6936 0.6536
vn 0.7854 -0.5293 0.3211
vn -0.6722 -0.4788 0.5647
vn 0.7067 0.4101 -0.5765
vn 0.6649 0.4474 -0.5981
vn 0.6889 0.3736 -0.6212
vn -0.8730 0.1035 0.4766
vn 0.6529 0.3900 -0.6493
vn 0.6776 0.3823 -0.6282
vn 0.6429 0.4151 -0.6437
vn 0.8277 0.1858 -0.5295
vn 0.8864 -0.0425 -0.4609
vn -0.0316 0.9357 -0.3515
vn -0.4076 -0.7621 0.5031
vn -0.8496 0.0689 0.5228
vn -0.2813 0.8454 0.4541
vn 0.6838 0.7253 -0.0802
vn 0.4262 -0.7093 0.5614
vn 0.8933 -0.0396 0.4478
vn 0.9051 0.2242 0.3612
vn 0.9025 0.2349 0.3610
vn 0.3524 0.9318 -0.0865
vn -0.1741 -0.8834 0.4352
vn -0.1653 0.8607 -0.4816
vn -0.3286 0.6653 -0.6704
vn -0.1582 0.8339 -0.5288
vn -0.1679 0.8608 -0.4805
vn -0.1879 0.8378 -0.5127
vn 0.3551 -0.9263 -0.1257
vn 0.2478 -0.9610 0.1227
vn 0.4899 -0.8620 -0.1300
vn -0.5316 -0.0876 -0.8425
vn -0.2477 0.6339 -0.7327
vn -0.2305 0.2083 -0.9505
vn 0.2973 -0.5654 -0.7694
vn 0.2121 0.4136 -0.8854
vn 0.2450 0.6101 -0.7535
vn -0.0715 0.7520 -0.6553
vn -0.1356 -0.4703 0.8720
vn 0.0522 -0.6380 0.7683
vn -0.1199 0.1512 0.9812
vn 0.3545 0.1788 0.9178
vn 0.3533 0.1699 0.9199
vn 0.3460 0.1168 0.9309
vn -0.0515 0.8631 0.5024
vn -0.0712 0.9548 0.2887
vn 0.5132 0.7096 0.4829
vn -0.8670 -0.4909 0.0849
vn 0.2380 0.6934 -0.6801
vn 0.8574 -0.4924 0.1494
vn 0.8428 -0.5375 -0.0284
vn 0.6493 -0.7197 0.2456
vn 0.9821 -0.1443 -0.1215
vn -0.8646 -0.2363 0.4434
vn -0.8718 0.4757 0.1174
vn -0.6210 -0.4096 0.6683
vn 0.2688 -0.9603 0.0742
vn 0.0987 -0.9494 0.2981
vn 0.9298 -0.2103 -0.3021
vn -0.8986 0.1350 0.4175
vn -0.8835 0.3411 0.3211
vn -0.5302 0.8403 -0.1131
vn 0.8594 -0.0622 -0.5075
vn 0.8053 -0.3413 -0.4847
vn 0.7732 -0.4252 0.4704
vn 0.0622 -0.8754 0.4794
vn 0.0881 -0.8517 0.5166
vn 0.0705 -0.8091 0.5835
vn -0.4936 -0.3378 -0.8014
vn 0.0156 -0.1879 -0.9821
vn -0.1526 -0.4620 -0.8736
vn -0.1678 0.1865 -0.9680
vn -0.2870 0.5101 -0.8108
vn -0.1508 -0.5107 0.8464
vn -0.5295 -0.1332 0.8378
vn -0.4383 0.4638 0.7700
vn -0.4190 0.4740 0.7744
vn -0.2643 0.5441 0.7963
vn 0.2397 -0.0294 0.9704
vn 0.3447 0.1081 0.9325
vn 0.8403 0.5359 0.0824
vn 0.7406 0.6720 0.0055
vn 0.2536 0.6580 -0.7090
vn 0.4193 -0.8815 0.2172
vn 0.6024 -0.7950 0.0710
vn -0.8885 -0.3469 0.3004
vn -0.7789 0.5303 -0.3348
vn -0.7107 0.6136 -0.3440
vn -0.6681 0.4404 -0.5998
vn -0.6700 0.4440 -0.5949
vn 0.4099 0.6159 -0.6728
vn 0.0301 0.6376 -0.7698
vn 0.3252 0.5960 -0.7341
vn -0.6565 0.6747 -0.3373
vn 0.4064 0.6069 -0.6830
vn -0.0377 0.6034 -0.7965
vn -0.8772 0.3133 0.3638
vn 0.2164 -0.9760 0.0234
vn -0.8459 -0.1622 0.5081
vn 0.5225 -0.7553 -0.3956
vn 0.8063 -0.3339 -0.4883
vn 0.7773 -0.1989 -0.5968
vn 0.6994 -0.3554 -0.6201
vn -0.6899 0.4885 0.5343
vn -0.2185 0.8936 0.3921
vn 0.2056 0.9050 0.3724
vn -0.0551 0.9181 0.3926
vn 0.2000 -0.8306 0.5197
vn 0.2319 -0.8414 0.4881
vn 0.3602 -0.7999 0.4800
vn 0.8911 0.2208 0.3964
vn 0.0208 -0.9996 0.0196
vn 0.0833 -0.9481 0.3069
vn 0.1174 -0.9925 0.0333
vn -0.3188 0.9409 -0.1143
vn -0.2750 0.8175 -0.5060
vn 0.3593 -0.3556 0.8628
vn -0.4075 -0.7506 0.5202
vn -0.3143 0.3406 -0.8861
vn -0.4205 -0.6704 0.6113
vn -0.0604 -0.9061 0.4188
vn -0.3695 -0.7368 0.5662
vn 0.3063 -0.9475 -0.0916
vn -0.7729 -0.4312 0.4656
vn 0.6814 -0.7250 -0.1000
vn 0.8371 -0.1906 -0.5128
vn 0.7636 0.3092 -0.5669
vn 0.6915 0.3803 -0.6142
vn -0.5212 -0.6800 0.5157
vn 0.7089 0.3529 -0.6107
vn 0.2021 -0.9789 0.0292
vn -0.8317 -0.0460 0.5533
vn -0.8344 0.0336 0.5502
vn -0.8327 0.2790 0.4782
vn -0.6244 0.5900 0.5119
vn -0.6238 0.5783 0.5257
vn -0.6226 0.5905 0.5135
vn 0.3709 0.9262 -0.0669
vn -0.0393 -0.9795 0.1974
vn 0.0843 -0.8060 0.5859
vn -0.0910 0.8171 -0.5693
vn -0.5850 0.3737 0.7198
vn 0.1071 -0.8051 0.5834
vn 0.0781 -0.7254 0.6839
vn 0.6114 -0.2906 0.7360
vn -0.8834 -0.3902 -0.2594
vn 0.0284 0.7231 -0.6901
vn 0.6158 0.3706 -0.6953
vn -0.5670 0.2347 -0.7896
vn 0.7583 -0.5235 -0.3884
vn 0.7999 -0.3055 -0.5166
vn 0.6262 0.0545 -0.7777
vn 0.7577 -0.1812 -0.6269
vn 0.6546 0.3326 -0.6788
vn -0.2979 0.5572 -0.7751
vn -0.5186 0.3613 -0.7749
vn -0.4299 0.1819 -0.8844
vn -0.3986 0.1260 -0.9084
vn 0.3382 0.4397 -0.8320
vn 0.3178 0.3085 -0.8965
vn 0.3270 0.3630 -0.8725
vn 0.2795 -0.7428 -0.6084
vn -0.7980 -0.1530 0.5829
vn -0.7895 -0.3008 0.5350
vn -0.6747 -0.1537 0.7219
vn -0.7966 -0.2291 0.5594
vn 0.7514 0.0068 -0.6598
vn 0.7415 0.1189 -0.6603
vn 0.6325 -0.2925 -0.7172
vn 0.1646 0.6568 -0.7358
vn 0.1108 0.6347 -0.7648
vn 0.3384 0.5512 -0.7627
vn 0.8483 -0.1971 -0.4915
vn 0.8273 0.5488 -0.1199
vn -0.5811 -0.3500 0.7347
vn -0.6967 0.7156 0.0507
vn -0.6954 0.7186 0.0024
vn -0.2083 -0.7438 0.6351
vn -0.8948 -0.1661 -0.4144
vn -0.7710 -0.2323 -0.5930
vn -0.6208 -0.2836 -0.7308
vn -0.4356 -0.3233 -0.8401
vn 0.2446 0.9273 -0.2834
vn -0.4298 -0.2949 -0.8534
vn -0.3457 -0.8506 0.3962
vn -0.3217 -0.9416 0.0991
vn 0.3361 -0.6922 -0.6387
vn 0.1740 -0.7368 -0.6534
vn 0.4642 0.1249 -0.8769
vn -0.4936 -0.6323 0.5972
vn -0.9309 -0.3574 0.0750
vn 0.4746 0.5986 -0.6453
vn -0.6280 0.1257 -0.7680
vn -0.3725 -0.8413 0.3916
vn -0.5188 -0.5866 0.6219
vn -0.7181 -0.4028 0.5675
vn 0.6494 0.4285 -0.6282
vn -0.9835 -0.1672 0.0694
vn -0.1498 -0.9550 -0.2558
vn 0.5825 -0.5428 -0.6050
vn 0.4235 -0.3854 -0.8198
vn -0.8266 -0.1982 0.5267
vn -0.9849 0.1465 0.0928
vn -0.8538 0.5130 -0.0886
vn -0.8451 0.4811 -0.2331
vn -0.7113 0.3213 -0.6252
vn -0.6061 0.6488 -0.4601
vn -0.5006 -0.8643 0.0496
vn 0.3464 -0.6150 -0.7084
vn 0.7723 -0.0406 -0.6339
vn 0.4555 0.8286 0.3254
vn 0.0883 0.9914 0.0961
vn -0.1690 0.7898 -0.5897
vn -0.7062 0.7065 0.0460
vn -0.7495 0.6363 -0.1829
vn -0.7399 0.6595 -0.1326
vn 0.6100 -0.6854 0.3977
vn 0.9190 -0.2662 0.2909
vn 0.4552 0.6697 -0.5867
vn -0.4152 -0.7998 0.4334
vn -0.4354 -0.8017 -0.4094
vn -0.3494 -0.7332 0.5834
vn -0.4293 -0.7516 0.5007
vn -0.4289 -0.8249 -0.3681
vn 0.0941 0.3558 -0.9298
vn 0.3592 0.5489 -0.7548
vn 0.1334 -0.5902 -0.7962
vn -0.3603 -0.7999 0.4799
vn 0.1553 -0.1139 -0.9813
vn 0.1784 0.3748 -0.9098
vn -0.4416 -0.6181 0.6504
vn 0.1377 -0.2028 -0.9695
vn 0.4148 0.5918 -0.6912
vn -0.7307 -0.5539 0.3991
vn 0.5181 0.5713 -0.6365
vn 0.5148 0.6713 -0.5332
vn 0.5423 0.5683 -0.6188
vn -0.2356 -0.0926 -0.9674
vn 0.2713 0.5699 -0.7757
vn -0.2220 -0.0323 -0.9745
vn -0.1616 -0.0025 -0.9869
vn -0.0283 0.0665 -0.9974
vn 0.0413 0.1000 -0.9941
vn 0.3619 -0.6386 -0.6791
vn 0.5113 0.2021 -0.8353
vn -0.6247 -0.3330 0.7064
vn -0.6987 -0.0127 -0.7153
vn -0.2918 -0.0482 -0.9553
vn 0.3015 0.2229 -0.9270
vn -0.6699 -0.7358 -0.0993
vn -0.6227 -0.6514 -0.4336
vn -0.6679 -0.7274 -0.1578
vn -0.8160 -0.4373 0.3781
vn -0.7740 -0.2942 0.5607
vn 0.1794 -0.4087 -0.8949
vn 0.6275 0.0089 -0.7785
vn -0.6107 0.2347 -0.7563
vn 0.6309 0.3356 -0.6995
vn -0.3434 0.3453 -0.8734
vn 0.3240 0.1389 -0.9358
vn -0.1111 -0.5137 -0.8507
vn 0.1810 -0.4905 -0.8524
vn 0.6473 -0.0913 -0.7567
vn -0.8220 0.2097 0.5295
vn 0.8289 -0.1726 -0.5321
vn 0.8400 -0.1934 -0.5070
vn 0.8335 -0.1809 -0.5221
vn 0.8962 0.0502 0.4409
vn 0.4465 0.8866 -0.1211
vn 0.8864 0.3333 0.3212
vn 0.4840 0.8698 -0.0953
vn -0.5475 -0.7755 0.3144
vn -0.9674 -0.0950 0.2347
vn -0.0418 0.7897 -0.6121
vn -0.7514 0.5904 -0.2946
vn 0.0861 -0.8054 0.5865
vn 0.6622 -0.6788 0.3175
vn 0.2208 0.7939 -0.5666
vn 0.2728 0.7724 -0.5735
vn -0.2846 -0.7062 0.6483
vn -0.6013 -0.7457 0.2870
vn -0.4887 -0.5901 0.6426
vn -0.7563 -0.6494 -0.0797
vn -0.5065 -0.7786 0.3704
vn 0.2813 -0.4053 -0.8698
vn -0.1883 -0.4611 -0.8671
vn 0.2367 -0.2538 -0.9379
vn 0.5349 0.4612 -0.7079
vn 0.3641 0.1843 -0.9129
vn 0.5739 0.3932 -0.7184
vn -0.7608 -0.4120 0.5013
vn -0.8212 -0.4335 -0.3710
vn -0.2969 -0.0967 -0.9500
vn -0.6349 -0.3044 -0.7101
vn -0.1948 -0.0372 -0.9801
vn -0.5990 -0.6164 -0.5111
vn 0.1788 -0.3046 -0.9355
vn 0.2994 0.2214 -0.9281
vn 0.6840 0.3099 -0.6604
vn 0.6731 0.2842 -0.6828
vn -0.6952 -0.2045 0.6892
vn -0.7810 -0.1716 0.6005
vn -0.8478 -0.1572 0.5064
vn -0.9856 0.1548 0.0678
vn 0.7817 0.2167 -0.5848
vn -0.9795 0.1975 0.0409
vn -0.5466 -0.2763 -0.7905
vn -0.1446 -0.0865 -0.9857
vn 0.1344 -0.1199 -0.9836
vn 0.3171 -0.0308 -0.9479
vn 0.5561 0.0256 -0.8307
vn -0.5412 -0.5782 -0.6105
vn 0.7837 0.0330 -0.6203
vn -0.8663 -0.0987 0.4898
vn 0.8247 -0.1666 -0.5404
vn 0.8025 -0.1315 -0.5820
vn -0.6390 0.5274 0.5599
vn -0.0165 0.8860 0.4634
vn -0.2113 0.8828 0.4196
vn -0.0731 0.8887 0.4526
vn 0.8162 0.5777 -0.0053
vn 0.5728 -0.6452 0.5056
vn 0.3777 -0.6848 0.6232
vn -0.1830 0.7974 -0.5750
vn -0.7274 0.1723 -0.6642
vn -0.6998 0.3876 -0.6001
vn 0.8275 0.0235 -0.5610
vn -0.5478 -0.5266 0.6501
vn -0.5331 -0.5484 0.6443
vn -0.5335 -0.5255 0.6628
vn -0.5335 -0.5297 0.6594
vn -0.7649 -0.6439 0.0161
vn -0.6830 -0.4202 0.5975
vn -0.6678 -0.3447 0.6597
vn -0.6714 -0.3556 0.6502
vn -0.6669 -0.3490 0.6584
vn -0.6730 -0.3931 0.6266
vn 0.9208 0.2409 -0.3069
vn 0.7915 0.2710 -0.5478
vn -0.9769 -0.1753 -0.1223
vn 0.8725 0.0433 -0.4867
vn 0.7684 0.0448 -0.6384
vn 0.7650 0.1926 -0.6146
vn -0.6442 -0.5978 -0.4772
vn -0.2760 0.8736 0.4008
vn 0.1201 -0.8228 0.5554
vn -0.6450 -0.7574 0.1012
vn 0.4051 -0.8960 0.1820
vn -0.3449 -0.6779 0.6492
vn 0.3377 0.7275 -0.5972
vn 0.3835 0.5948 -0.7065
vn -0.5020 -0.5536 0.6645
vn 0.4059 0.6115 -0.6792
vn -0.5807 -0.7225 0.3752
vn 0.5516 0.5178 -0.6539
vn -0.6203 -0.4432 0.6471
vn 0.6648 0.4164 -0.6202
vn -0.6273 -0.3610 0.6900
vn 0.6095 0.4349 -0.6629
vn 0.7034 0.3224 -0.6335
vn 0.6803 0.3468 -0.6457
vn 0.6783 0.3174 -0.6627
vn -0.7584 -0.2179 0.6143
vn -0.8083 -0.1470 0.5701
vn 0.7880 0.0091 -0.6156
vn 0.8329 -0.0133 -0.5533
vn -0.8004 0.1597 0.5778
vn 0.8568 0.0341 -0.5146
vn 0.8616 0.0595 -0.5041
vn 0.7986 -0.1843 -0.5729
vn 0.4971 0.8674 0.0203
vn 0.8085 -0.1976 0.5544
vn -0.0194 -0.7445 0.6673
vn -0.0358 -0.7256 0.6872
vn -0.0483 -0.7106 0.7020
vn 0.3778 -0.5402 -0.7519
vn 0.5033 0.1326 -0.8539
vn 0.3567 0.6579 -0.6633
vn 0.7317 0.6572 -0.1808
vn 0.5444 0.7897 -0.2829
vn 0.6861 0.6554 -0.3158
vn 0.7713 0.6013 -0.2087
vn 0.6516 0.6715 -0.3529
vn -0.6367 -0.4698 0.6115
vn -0.5989 -0.4699 0.6484
vn -0.5952 -0.4639 0.6561
vn 0.6621 0.6492 -0.3744
vn 0.8091 0.5860 0.0445
vn 0.7776 0.6212 -0.0976
vn -0.6707 -0.3562 0.6506
vn 0.8153 0.4449 -0.3707
vn -0.6702 -0.3834 0.6355
vn 0.8550 0.2355 -0.4622
vn 0.9101 0.3269 -0.2546
vn 0.9188 0.3755 -0.1217
vn -0.7505 -0.5244 0.4021
vn -0.7362 -0.3173 0.5978
vn -0.7682 -0.3620 0.5281
vn 0.8096 0.1146 -0.5756
vn 0.7286 -0.0644 -0.6819
vn -0.8089 -0.0790 0.5827
vn 0.7843 -0.0650 -0.6170
vn -0.7999 0.0279 0.5994
vn 0.8934 0.2930 0.3406
vn 0.1108 -0.7399 0.6635
vn 0.0309 -0.7060 0.7075
vn 0.0430 -0.7785 0.6262
vn -0.3617 0.0530 -0.9308
vn -0.4541 0.1565 -0.8771
vn -0.5595 0.2755 -0.7817
vn -0.3917 0.4615 -0.7960
vn -0.2303 0.6772 -0.6989
vn -0.0525 0.7207 -0.6913
vn 0.3652 -0.7158 -0.5952
vn -0.0283 -0.9180 0.3955
vn -0.0250 -0.9209 0.3889
vn 0.1619 0.6709 -0.7237
vn 0.1433 0.6179 -0.7731
vn 0.1545 0.6400 -0.7527
vn 0.0453 0.8098 -0.5850
vn 0.1121 0.7047 -0.7006
vn -0.4976 -0.5605 0.6620
vn 0.5768 0.8166 0.0220
vn 0.8033 0.5736 -0.1604
vn 0.5305 0.5274 -0.6636
vn 0.4788 0.4177 -0.7722
vn -0.5088 0.1349 0.8502
vn -0.3992 -0.1739 0.9002
vn -0.3175 0.4124 0.8539
vn 0.3945 0.8535 -0.3405
vn 0.6022 0.6444 -0.4713
vn -0.2759 0.0433 0.9602
vn -0.0881 -0.0506 0.9948
vn -0.2229 0.0163 0.9747
vn 0.2971 0.3454 0.8902
vn 0.0844 0.1205 0.9891
vn 0.7151 0.3058 -0.6286
vn -0.6102 -0.2111 0.7636
vn -0.6022 -0.2558 0.7563
vn 0.9267 0.3368 0.1665
vn 0.8174 -0.0400 -0.5747
vn 0.8583 0.0690 -0.5085
vn 0.7386 -0.1824 -0.6490
vn -0.2785 0.8334 0.4773
vn 0.5103 0.8571 -0.0700
vn 0.2931 -0.7603 0.5796
vn 0.0726 0.9365 -0.3430
vn 0.2217 0.9201 -0.3229
vn -0.6720 -0.7393 0.0427
vn -0.6576 -0.7508 0.0615
vn -0.7907 -0.5940 -0.1482
vn -0.7968 -0.5825 -0.1609
vn -0.5982 0.0892 -0.7964
vn -0.2297 -0.0777 -0.9702
vn 0.4024 -0.6579 -0.6366
vn 0.1111 -0.7760 -0.6209
vn 0.1776 -0.3113 -0.9336
vn 0.1568 -0.5199 -0.8397
vn -0.2120 -0.7039 0.6779
vn 0.1908 0.0016 -0.9816
vn 0.0904 0.4690 -0.8785
vn 0.0465 0.3285 -0.9434
vn -0.3073 -0.4644 0.8306
vn -0.3114 -0.4660 0.8282
vn -0.2582 -0.4450 0.8575
vn 0.2266 0.9666 -0.1195
vn 0.3049 0.7488 0.5885
vn -0.3965 -0.6270 0.6706
vn -0.3829 -0.6348 0.6711
vn -0.4669 -0.2614 0.8448
vn -0.6028 -0.1610 0.7815
vn -0.4371 -0.2809 0.8544
vn -0.4359 0.1587 0.8859
vn -0.3205 -0.2289 0.9192
vn -0.1208 0.4062 0.9058
vn 0.0607 0.4619 0.8848
vn 0.1919 0.4920 0.8492
vn -0.2360 0.3622 0.9017
vn 0.2425 0.9638 -0.1111
vn -0.1291 -0.1527 0.9798
vn 0.3538 0.8898 -0.2882
vn 0.1569 0.1598 0.9746
vn -0.5638 -0.4631 0.6838
vn -0.6343 0.1451 0.7593
vn -0.7843 0.4176 0.4588
vn -0.5707 0.0634 0.8187
vn -0.3718 0.8451 0.3842
vn -0.3513 0.8500 0.3925
vn -0.2463 0.8683 0.4306
vn -0.1440 -0.2035 0.9684
vn 0.3267 -0.0896 0.9409
vn -0.0089 -0.0889 0.9960
vn 0.8265 0.2304 0.5136
vn -0.3974 0.0436 0.9166
vn 0.7717 0.6360 0.0091
vn 0.5805 0.2228 0.7831
vn -0.6653 0.3947 0.6337
vn -0.6445 0.5050 0.5741
vn -0.2350 0.8513 0.4691
vn -0.1842 0.8586 0.4785
vn -0.2202 0.8518 0.4753
vn 0.7553 0.6255 -0.1954
vn 0.6164 -0.4901 0.6164
vn 0.5034 0.8634 -0.0330
vn -0.4934 -0.5230 -0.6950
vn -0.5350 -0.5730 -0.6209
vn -0.0791 -0.7542 -0.6519
vn -0.1726 -0.8927 0.4164
vn -0.0098 -0.4283 -0.9036
vn -0.1378 -0.7855 0.6033
vn -0.1673 0.3633 -0.9165
vn -0.0713 0.4753 -0.8769
vn -0.2690 0.2992 0.9155
vn -0.0731 -0.3532 0.9327
vn -0.0748 -0.3816 0.9213
vn -0.0791 -0.4623 0.8832
vn -0.1663 -0.3769 0.9112
vn -0.0331 0.0694 0.9970
vn -0.6587 0.2751 0.7003
vn -0.5371 0.6339 0.5565
vn -0.4517 0.3431 0.8236
vn 0.1139 -0.0878 0.9896
vn -0.0365 0.2006 0.9790
vn 0.0056 0.1212 0.9926
vn -0.0309 0.8696 -0.4928
vn 0.1564 0.9803 0.1203
vn 0.4174 0.6268 0.6579
vn 0.4710 0.8344 0.2862
vn 0.2853 0.2972 0.9112
vn 0.6907 0.5705 0.4443
vn -0.2668 0.5565 0.7868
vn -0.5139 0.5149 0.6862
vn 0.2700 0.8960 -0.3526
vn -0.1469 -0.4012 0.9042
vn 0.3650 0.2115 0.9067
vn 0.6618 -0.0245 0.7492
vn 0.7852 0.5321 -0.3168
vn 0.3887 0.6834 -0.6179
vn 0.5028 -0.5551 0.6626
vn 0.9607 -0.2444 0.1319
vn 0.8876 -0.3882 0.2479
vn 0.8219 0.1966 -0.5347
vn -0.6963 -0.2557 0.6706
vn 0.7365 0.2174 -0.6405
vn 0.6820 0.2705 -0.6794
vn 0.6749 0.2204 -0.7042
vn -0.3175 0.5562 0.7680
vn -0.0376 0.1055 0.9937
vn -0.2715 0.1883 0.9439
vn 0.3589 0.8910 -0.2782
vn 0.1332 0.2027 0.9701
vn 0.3343 0.7877 0.5174
vn 0.0849 -0.3939 0.9152
vn -0.1685 -0.6353 0.7537
vn 0.6480 -0.4099 0.6419
vn 0.9293 -0.0016 -0.3693
vn 0.7186 -0.3776 0.5839
vn -0.1358 0.7528 -0.6441
vn -0.1683 -0.8030 0.5717
vn -0.4970 -0.0801 0.8640
vn -0.0802 -0.4840 0.8714
vn 0.1447 -0.1487 0.9783
vn 0.2291 0.1715 0.9582
vn 0.8864 0.4600 0.0516
vn 0.3833 0.5880 -0.7123
vn 0.0031 0.8407 -0.5415
vn -0.1871 -0.3810 0.9055
vn 0.5242 -0.0396 0.8507
vn -0.5335 -0.5099 0.6748
vn -0.0897 -0.3731 0.9234
vn 0.6416 0.3914 -0.6597
vn 0.8676 0.2727 -0.4158
vn 0.0830 0.7819 -0.6178
vn -0.2988 -0.4974 0.8144
vn 0.5339 -0.5582 0.6351
vn -0.5897 0.0204 0.8074
vn 0.3662 0.8808 -0.3002
vn 0.2912 -0.3502 0.8903
vn 0.7458 -0.6658 0.0229
vn 0.4430 -0.4732 0.7615
vn -0.7329 -0.2071 0.6481
vn 0.9534 -0.1233 -0.2755
vn -0.7564 -0.1655 0.6328
vn -0.7419 -0.0769 0.6661
vn 0.7722 -0.1971 -0.6041
vn 0.7679 -0.1828 -0.6140
vn -0.6678 0.4645 0.5816
vn -0.6536 0.4783 0.5865
vn 0.6622 0.7456 0.0745
vn 0.8485 0.3166 0.4241
vn 0.1848 -0.7701 0.6105
vn 0.0671 0.6849 -0.7255
vn 0.0616 0.6634 -0.7458
vn -0.6822 0.5169 0.5171
vn -0.1090 0.9740 -0.1988
vn 0.3331 -0.2748 0.9019
vn 0.6572 0.1088 0.7458
vn 0.9544 0.1195 0.2734
vn 0.7828 0.1164 0.6114
vn 0.8162 0.5634 -0.1280
vn -0.4239 -0.5529 0.7174
vn -0.4415 -0.5411 0.7158
vn -0.4950 -0.4819 0.7230
vn 0.3717 0.6409 -0.6716
vn -0.3039 0.9394 -0.1588
vn 0.6377 -0.2038 0.7429
vn 0.9901 0.1300 0.0526
vn -0.4738 0.8128 0.3388
vn -0.6632 -0.3070 0.6826
vn 0.1949 -0.8332 0.5175
vn 0.8934 -0.2594 -0.3667
vn -0.6152 0.4540 0.6445
vn -0.0746 -0.7332 0.6760
vn -0.1650 0.8686 0.4672
vn 0.7493 0.6617 0.0246
vn 0.5028 -0.5978 0.6243
vn 0.2876 -0.7406 0.6073
vn -0.0690 -0.6848 0.7255
vn -0.0212 0.7184 -0.6953
vn 0.0273 0.6654 -0.7460
vn -0.0316 -0.4702 0.8820
vn -0.6903 0.7230 0.0283
vn -0.6570 -0.1146 0.7452
vn -0.1141 -0.4076 0.9060
vn 0.0880 -0.6709 0.7363
vn -0.0092 -0.5542 0.8324
vn -0.5525 -0.4165 0.7220
vn 0.9316 -0.1971 0.3055
vn 0.5211 0.3350 -0.7850
vn -0.8039 0.5072 0.3107
vn -0.3185 0.9159 -0.2443
vn -0.6691 -0.2587 0.6967
vn 0.9010 -0.3305 -0.2809
vn -0.8255 -0.0521 0.5620
vn 0.0048 0.9167 -0.3994
vn -0.0483 -0.7378 0.6733
vn 0.7424 -0.6408 -0.1957
vn 0.8183 -0.1320 -0.5594
vn 0.7625 -0.1229 -0.6352
vn -0.0698 -0.7098 0.7010
vn -0.0757 -0.6303 0.7727
vn -0.1347 -0.6314 0.7637
vn -0.3627 -0.4848 0.7958
vn -0.7658 0.0249 0.6427
vn -0.7277 0.6053 0.3226
vn -0.8751 0.3492 0.3350
vn -0.2880 0.7715 -0.5674
vn -0.2821 0.7731 -0.5681
vn -0.0216 -0.4614 0.8869
vn 0.8665 -0.2437 0.4356
vn 0.9888 0.1147 0.0955
vn -0.8282 0.2332 0.5095
vn -0.8064 -0.1992 0.5568
vn -0.8377 0.1310 0.5302
vn 0.3526 0.5228 -0.7761
vn 0.9291 -0.3681 -0.0362
vn 0.8078 0.2693 -0.5244
vn -0.6597 -0.2897 0.6935
vn -0.8105 0.2694 0.5202
vn -0.7791 0.5576 -0.2865
vn -0.7341 0.5487 -0.4001
vn -0.5989 0.4991 -0.6263
vn 0.1099 0.7677 -0.6313
vn -0.2282 0.4981 -0.8366
vn -0.0293 0.6764 -0.7360
vn -0.3723 -0.6894 0.6214
vn 0.6382 -0.7620 -0.1098
vn -0.6691 -0.2434 0.7022
vn -0.6773 0.5847 0.4466
vn -0.8498 0.1079 0.5159
vn -0.7611 0.5021 0.4107
vn 0.6728 0.2618 -0.6919
vn 0.0798 0.9008 -0.4269
vn 0.6560 -0.7305 -0.1897
vn 0.7839 -0.2546 -0.5662
vn 0.7228 -0.0852 -0.6858
vn 0.7165 0.0279 -0.6970
vn 0.8083 0.4665 -0.3592
vn 0.4418 0.8971 0.0103
vn 0.8946 0.2776 -0.3502
vn -0.0904 0.6437 -0.7599
vn -0.7040 -0.2669 0.6582
vn 0.0755 0.5719 -0.8169
vn -0.3891 -0.6018 0.6974
vn 0.5537 0.3780 -0.7420
vn 0.1872 -0.7703 0.6096
vn 0.2695 -0.7407 0.6154
vn 0.9305 -0.2977 -0.2136
vn -0.7774 -0.1673 0.6064
vn -0.7493 -0.2170 0.6257
vn -0.7727 -0.1759 0.6099
vn 0.7104 0.0393 -0.7027
vn -0.8473 0.0247 0.5306
vn -0.5780 0.8054 0.1314
vn 0.6037 0.2301 -0.7633
vn -0.7420 -0.0403 0.6692
vn -0.1614 0.8762 0.4540
vn 0.1327 0.9166 0.3772
vn 0.8260 0.0449 0.5619
vn 0.3615 -0.7718 0.5231
vn 0.3652 -0.7696 0.5237
vn 0.2020 -0.8092 0.5517
vn 0.9554 -0.2847 0.0786
vn 0.3786 0.5513 -0.7435
vn 0.3708 0.5097 -0.7764
vn 0.4874 0.2872 -0.8246
vn -0.4770 0.7381 -0.4773
vn -0.9424 0.1988 -0.2691
vn -0.0470 0.7292 -0.6827
vn -0.1636 0.4137 -0.8956
vn -0.1064 0.5859 -0.8033
vn -0.5525 -0.4157 0.7224
vn 0.2670 0.4336 -0.8606
vn 0.4321 -0.8003 -0.4156
vn 0.4767 -0.7669 -0.4297
vn 0.0363 0.6691 -0.7423
vn -0.5872 -0.5680 0.5767
vn -0.6771 -0.5301 0.5103
vn -0.7099 -0.3107 0.6320
vn 0.1888 -0.9423 -0.2765
vn 0.1046 -0.9650 -0.2406
vn 0.2040 -0.9372 -0.2830
vn 0.0768 -0.9706 -0.2282
vn 0.5611 -0.5475 -0.6208
vn -0.7361 -0.2029 0.6457
vn 0.6088 -0.2034 -0.7668
vn 0.6784 0.0334 -0.7340
vn 0.6046 -0.2596 -0.7530
vn -0.7469 0.0917 0.6586
vn -0.5303 0.5599 0.6366
vn 0.7610 0.6267 -0.1679
vn -0.0387 0.9460 0.3220
vn 0.4948 -0.5991 0.6294
vn -0.1196 0.7089 -0.6951
vn -0.8687 0.3845 -0.3122
vn -0.9393 0.0591 -0.3379
vn -0.8347 0.1410 -0.5324
vn -0.9116 0.2652 -0.3140
vn 0.3987 -0.9119 -0.0971
vn 0.7886 -0.0872 -0.6087
vn 0.7256 -0.5654 -0.3922
vn 0.6259 -0.0293 -0.7793
vn 0.5835 0.1721 -0.7937
vn 0.5072 0.1312 -0.8518
vn -0.7464 -0.2218 0.6274
vn -0.5126 0.4601 -0.7250
vn -0.3616 0.3426 -0.8671
vn -0.3765 -0.7013 0.6053
vn -0.6881 -0.2636 0.6761
vn -0.7212 -0.2114 0.6597
vn 0.5584 -0.2181 -0.8004
vn 0.5959 0.0698 -0.8000
vn 0.5230 -0.3436 -0.7800
vn -0.9114 0.3980 0.1041
vn -0.9777 0.1638 -0.1315
vn -0.9734 0.2123 -0.0858
vn -0.4093 0.8608 -0.3025
vn -0.2543 0.2441 -0.9358
vn 0.2666 -0.6960 -0.6668
vn 0.6880 -0.2766 0.6709
vn 0.8897 0.1187 0.4408
vn -0.1311 -0.5634 0.8157
vn -0.5625 -0.5131 0.6483
vn -0.2688 0.6412 -0.7188
vn -0.4627 0.4272 -0.7768
vn -0.3120 -0.5533 0.7724
vn -0.3143 -0.5673 0.7612
vn -0.3516 -0.4860 0.8001
vn -0.3594 -0.4924 0.7927
vn 0.5167 0.1918 -0.8344
vn 0.6715 -0.1775 -0.7195
vn -0.7738 -0.3115 0.5515
vn 0.4168 -0.8945 -0.1617
vn 0.4374 -0.8812 -0.1795
vn 0.4858 -0.7557 -0.4392
vn -0.9878 0.0776 0.1348
vn -0.9852 0.0480 0.1643
vn -0.9990 -0.0179 0.0420
vn -0.9407 -0.1894 -0.2815
vn -0.7171 0.3141 -0.6221
vn -0.6686 0.2390 -0.7042
vn -0.5526 0.0852 -0.8291
vn -0.4727 -0.0025 -0.8812
vn 0.1492 0.1055 -0.9832
vn -0.1838 -0.9730 0.1396
vn -0.1939 -0.6822 -0.7050
vn 0.3012 -0.5619 -0.7705
vn 0.1559 -0.6156 -0.7725
vn 0.6452 0.2026 -0.7366
vn 0.1406 0.3265 -0.9347
vn 0.2765 0.2215 -0.9351
vn 0.5002 0.0843 -0.8618
vn -0.2574 -0.7546 -0.6036
vn 0.2816 -0.4910 -0.8244
vn 0.7427 -0.1688 -0.6480
vn 0.8329 0.0248 -0.5529
vn 0.8095 0.0759 -0.5822
vn -0.7096 0.2145 0.6712
vn -0.0356 0.6111 -0.7907
vn -0.9683 -0.1857 -0.1672
vn -0.5570 0.4387 -0.7052
vn -0.0626 -0.8316 0.5519
vn 0.4542 -0.8011 -0.3898
vn 0.3973 0.0260 -0.9173
vn 0.3781 -0.0065 -0.9257
vn 0.3463 -0.0583 -0.9363
vn -0.8091 -0.0295 -0.5870
vn -0.8005 0.0132 -0.5991
vn -0.8159 -0.0720 -0.5737
vn -0.2175 0.2046 -0.9544
vn 0.2939 0.4504 -0.8431
vn 0.0079 0.3850 -0.9229
vn 0.3146 0.3597 -0.8784
vn 0.3951 -0.6049 -0.6913
vn 0.4562 -0.1487 -0.8774
vn 0.5315 -0.1058 -0.8404
vn -0.8578 -0.2696 -0.4376
vn -0.2648 -0.0321 -0.9638
vn -0.5498 -0.7989 0.2440
vn -0.3550 -0.7293 -0.5848
vn -0.3268 -0.6839 -0.6523
vn 0.4098 -0.1721 -0.8958
vn -0.1326 -0.3912 -0.9107
vn -0.6359 -0.2570 0.7277
vn -0.6095 -0.2499 0.7524
vn -0.6725 -0.2284 0.7039
vn 0.6097 0.1904 -0.7695
vn 0.5249 0.2648 -0.8089
vn -0.9541 -0.0242 -0.2987
vn -0.6773 0.3471 -0.6486
vn -0.2715 -0.4150 -0.8684
vn -0.2955 -0.4767 -0.8279
vn 0.3210 -0.0852 -0.9432
vn 0.4041 -0.0492 -0.9134
vn -0.6650 -0.1140 0.7381
vn 0.6795 0.1833 -0.7104
vn 0.6885 0.1199 -0.7153
vn 0.7503 0.1022 -0.6532
vn 0.7609 0.5950 -0.2588
vn 0.8674 0.3790 -0.3223
vn 0.3665 -0.6437 0.6718
vn -0.1866 0.7031 -0.6862
vn -0.6545 -0.5933 0.4687
vn -0.3184 0.1241 -0.9398
vn -0.2368 -0.5744 0.7835
vn 0.3230 -0.0949 -0.9416
vn -0.6001 -0.5286 0.6004
vn -0.9369 -0.3472 -0.0406
vn -0.8197 -0.1014 -0.5637
vn 0.3365 0.3801 -0.8615
vn -0.0856 -0.8956 0.4366
vn -0.4754 -0.5100 0.7168
vn -0.4748 -0.4796 0.7379
vn -0.8210 -0.3371 0.4607
vn -0.9139 -0.2762 -0.2975
vn 0.5588 0.2840 -0.7791
vn 0.5528 0.2849 -0.7831
vn -0.8920 -0.3542 0.2809
vn -0.7093 -0.2021 0.6753
vn -0.6507 -0.7550 0.0815
vn -0.5315 0.5124 0.6745
vn -0.0569 0.8686 0.4923
vn 0.1750 0.8941 0.4123
vn 0.6887 -0.2837 0.6673
vn 0.8297 0.2429 0.5026
vn 0.1324 0.8613 -0.4906
vn -0.0412 -0.5204 0.8529
vn -0.9304 -0.2888 0.2257
vn -0.6529 -0.7530 -0.0814
vn -0.5858 0.0214 -0.8101
vn 0.1672 0.5515 -0.8173
vn -0.1871 0.3660 -0.9116
vn -0.0443 -0.9980 -0.0462
vn 0.1424 -0.7749 -0.6159
vn 0.2378 -0.4331 -0.8694
vn 0.2091 0.1040 -0.9724
vn -0.9080 -0.3894 0.1546
vn -0.4401 -0.1175 -0.8902
vn -0.3735 -0.2243 -0.9001
vn -0.3611 -0.2436 -0.9001
vn -0.3050 -0.3261 -0.8948
vn -0.3045 -0.3274 -0.8945
vn 0.3160 0.1778 -0.9320
vn 0.3906 0.3218 -0.8625
vn 0.3191 -0.4975 -0.8066
vn -0.0100 -0.6147 -0.7887
vn -0.5288 -0.3902 0.7537
vn -0.5108 -0.3377 0.7906
vn -0.5421 -0.3346 0.7708
vn 0.2518 -0.1890 -0.9492
vn 0.3991 -0.2409 -0.8847
vn 0.2970 -0.2056 -0.9325
vn 0.4585 0.2122 -0.8630
vn -0.8380 -0.3453 0.4225
vn -0.6582 -0.5969 0.4589
vn -0.5408 -0.8332 0.1158
vn -0.8069 -0.0662 0.5870
vn -0.9279 -0.3200 0.1911
vn 0.7493 -0.1384 -0.6476
vn 0.7856 0.3461 -0.5129
vn 0.8089 0.1352 -0.5722
vn 0.0287 0.9333 0.3578
vn 0.0054 0.9082 0.4184
vn -0.0187 0.8691 0.4942
vn 0.5768 -0.4048 0.7096
vn 0.8313 0.2199 0.5105
vn 0.1139 -0.6441 0.7564
vn 0.0556 0.5511 -0.8326
vn -0.5387 -0.6288 0.5607
vn -0.3550 -0.8855 0.2997
vn -0.0936 -0.2073 -0.9738
vn -0.1968 -0.8510 0.4869
vn 0.0150 -0.5516 -0.8340
vn -0.1104 -0.2234 -0.9684
vn -0.0510 -0.0171 -0.9985
vn 0.0988 0.1843 -0.9779
vn -0.6689 -0.5990 0.4403
vn -0.6682 -0.3684 0.6464
vn 0.3481 0.4528 -0.8209
vn -0.4845 -0.6459 0.5900
vn -0.1617 -0.4986 -0.8516
vn 0.1544 -0.1534 -0.9760
vn -0.5581 -0.3084 0.7703
vn -0.5555 -0.2645 0.7883
vn -0.7193 -0.0103 0.6947
vn 0.6352 0.7713 0.0399
vn 0.2644 -0.6530 0.7097
vn 0.5126 0.8527 -0.1006
vn 0.5048 0.8550 -0.1185
vn -0.0397 -0.5197 0.8534
vn -0.3538 -0.8413 0.4087
vn -0.2478 -0.5785 0.7772
vn -0.2942 -0.6127 0.7335
vn -0.3327 -0.6580 0.6756
vn -0.3110 -0.5015 0.8073
vn -0.3911 -0.8843 0.2551
vn 0.6519 -0.0472 -0.7568
vn 0.7195 -0.0374 -0.6934
vn 0.7332 -0.0078 -0.6800
vn 0.7878 0.1410 -0.5996
vn 0.7582 0.0448 -0.6505
vn -0.1629 -0.5081 0.8458
vn -0.2078 -0.5554 0.8052
vn 0.1336 0.4697 -0.8727
vn -0.3740 -0.4205 0.8266
vn -0.7276 -0.5262 0.4401
vn -0.5758 -0.2722 0.7709
vn -0.6083 -0.2017 0.7676
vn -0.5011 0.4556 0.7357
vn -0.5639 0.4895 0.6651
vn -0.5142 0.4629 0.7220
vn 0.6383 0.7447 -0.1951
vn 0.3045 -0.5079 0.8058
vn 0.2656 0.4734 -0.8399
vn 0.2122 0.4634 -0.8604
vn 0.2284 0.5112 -0.8286
vn -0.4496 -0.4078 0.7948
vn 0.3967 0.3454 -0.8505
vn 0.4374 0.2820 -0.8539
vn 0.8009 0.5013 -0.3275
vn -0.0029 0.8478 0.5303
vn 0.5640 -0.3981 0.7234
vn 0.7918 0.1432 0.5937
vn 0.4085 0.8621 -0.2999
vn 0.1875 -0.6592 0.7282
vn -0.2570 -0.4566 0.8518
vn 0.2917 0.4628 -0.8371
vn 0.2558 0.4259 -0.8679
vn -0.4639 -0.2679 0.8444
vn 0.6257 0.0369 -0.7792
vn 0.0047 0.8488 0.5288
vn 0.4502 -0.5025 0.7381
vn 0.7934 0.1069 0.5993
vn 0.7007 0.0258 0.7130
vn 0.7872 0.0951 0.6093
vn 0.7536 0.6143 0.2339
vn 0.0288 -0.5893 0.8074
vn -0.3348 -0.3847 0.8602
vn -0.4207 -0.3464 0.8385
vn -0.5263 -0.2327 0.8179
vn 0.5755 0.1319 -0.8071
vn -0.6706 -0.0011 0.7418
vn 0.6819 -0.0356 -0.7306
vn -0.0462 0.9198 0.3896
vn 0.8103 0.2373 -0.5358
vn -0.4361 0.4187 0.7966
vn -0.4748 0.5022 0.7227
vn -0.3886 0.6544 0.6486
vn -0.5083 0.5362 0.6739
vn 0.4975 0.8547 0.1483
vn 0.6392 0.7689 0.0171
vn 0.7708 0.6214 -0.1406
vn 0.1799 0.9110 0.3710
vn 0.2388 0.8623 -0.4466
vn -0.1541 0.6482 -0.7457
vn -0.1674 0.6286 -0.7595
vn -0.0814 0.5926 -0.8013
vn -0.5668 -0.1450 0.8110
vn -0.0855 0.7757 0.6252
vn -0.0275 -0.4978 0.8668
vn -0.5193 0.3980 0.7562
vn 0.6113 0.7750 -0.1606
vn 0.4476 -0.4973 0.7432
vn 0.7053 0.0122 0.7088
vn -0.0697 0.5889 -0.8052
vn -0.0425 0.5339 -0.8445
vn -0.6318 0.1449 0.7615
vn -0.6602 0.1883 0.7271
vn 0.8142 0.2363 -0.5304
vn 0.7852 0.3607 -0.5034
vn -0.2108 0.7945 0.5696
vn 0.4264 0.8723 0.2393
vn 0.3352 -0.5405 0.7717
vn 0.7367 0.5154 0.4377
vn 0.7241 0.6574 0.2085
vn 0.7197 0.6692 0.1849
vn 0.5173 0.1937 -0.8336
vn 0.7303 0.0997 -0.6758
vn 0.3865 0.9132 0.1293
vn 0.1756 -0.5481 0.8178
vn 0.1151 -0.5503 0.8270
vn 0.3290 0.3093 -0.8922
vn -0.3765 -0.2740 0.8850
vn 0.4044 -0.4256 0.8095
vn 0.3243 -0.4463 0.8341
vn 0.6612 0.0225 0.7499
vn 0.5387 0.0830 -0.8384
vn -0.4946 0.4077 0.7676
vn -0.2513 0.6789 0.6899
vn 0.1271 0.8176 0.5616
vn 0.7277 0.6626 -0.1770
vn 0.7508 0.4371 0.4952
vn -0.0417 0.6247 -0.7797
vn -0.0864 0.5923 -0.8011
vn 0.0524 0.4569 -0.8880
vn -0.6019 -0.0680 0.7957
vn -0.5134 0.3362 0.7896
vn -0.0579 0.8535 0.5178
vn 0.6487 -0.0341 0.7603
vn 0.1796 0.3755 -0.9093
vn 0.4482 0.2105 -0.8688
vn 0.6428 -0.0998 -0.7595
vn -0.6036 0.3185 0.7309
vn 0.6647 0.0682 -0.7440
vn -0.2980 0.5654 0.7691
vn -0.2942 0.5692 0.7678
vn -0.2937 0.5692 0.7680
vn -0.0659 0.8074 0.5864
vn 0.7603 0.4811 0.4364
vn 0.1358 0.8105 -0.5697
vn -0.1718 0.5677 -0.8051
vn 0.4746 0.1596 -0.8656
vn 0.6117 -0.0322 -0.7904
vn 0.4594 0.7761 0.4320
vn 0.4504 0.8562 -0.2533
vn 0.5056 0.8279 -0.2427
vn 0.2420 0.7896 -0.5639
vn 0.5073 0.8242 -0.2518
vn 0.2220 0.3230 -0.9200
vn 0.5856 -0.0026 -0.8106
vn 0.7189 0.4940 -0.4891
vn 0.8393 0.3746 -0.3939
vn -0.0083 0.5353 -0.8446
vn -0.0436 0.4767 -0.8780
vn -0.0400 0.5770 -0.8157
vn 0.0693 0.4229 -0.9035
vn -0.2188 -0.3885 0.8951
vn 0.2789 0.3046 -0.9107
vn 0.3732 0.2415 -0.8957
vn -0.4825 -0.1722 0.8588
vn -0.5859 0.0870 0.8057
vn 0.6412 0.7648 -0.0630
vn 0.6523 0.7578 0.0181
vn 0.6960 0.2798 -0.6612
vn -0.3896 0.4460 0.8058
vn 0.0693 0.7667 0.6383
vn 0.1802 0.8296 0.5284
vn 0.3348 -0.3652 0.8687
vn 0.5901 -0.0389 0.8064
vn 0.3453 -0.3666 0.8639
vn 0.6383 0.1065 0.7624
vn 0.0624 -0.5353 0.8423
vn -0.2888 -0.3170 0.9034
vn 0.2995 0.2592 -0.9182
vn -0.5108 0.1995 0.8362
vn -0.5531 0.2075 0.8069
vn -0.2118 0.5511 0.8071
vn 0.4742 0.8377 0.2708
vn 0.4306 0.8456 0.3155
vn 0.7667 0.6208 -0.1635
vn -0.0323 0.7589 0.6504
vn 0.6039 0.7933 -0.0774
vn -0.1075 -0.4036 0.9086
vn 0.1003 0.3994 -0.9113
vn -0.4311 -0.2276 0.8731
vn 0.6520 0.2218 -0.7250
vn 0.5062 0.0279 -0.8620
vn 0.6550 0.6233 -0.4271
vn -0.0643 0.7619 0.6445
vn 0.3472 -0.3614 0.8654
vn 0.5939 0.0673 0.8017
vn 0.0054 0.3923 -0.9198
vn 0.1330 0.3215 -0.9375
vn 0.4025 0.2061 -0.8919
vn 0.5929 0.7957 -0.1237
vn 0.6154 0.7852 -0.0691
vn -0.0848 0.4849 -0.8705
vn -0.2095 0.5561 0.8043
vn -0.0110 0.8368 0.5474
vn 0.2633 -0.3665 0.8924
vn 0.2742 -0.3312 0.9028
vn 0.2941 -0.2618 0.9192
vn 0.0970 -0.4260 0.8995
vn 0.2893 0.7931 -0.5360
vn 0.0925 -0.3921 0.9152
vn 0.0134 -0.3617 0.9322
vn -0.1589 -0.3353 0.9286
vn 0.4221 0.1007 -0.9009
vn 0.5568 0.1378 -0.8191
vn 0.6564 0.7463 0.1104
vn 0.1963 0.2699 -0.9427
vn -0.4968 -0.0764 0.8645
vn 0.6508 0.3867 -0.6534
vn 0.6852 0.2637 -0.6789
vn 0.6005 0.7949 -0.0872
vn 0.6448 0.7607 0.0743
vn 0.5962 0.0596 0.8006
vn 0.6599 0.3273 0.6763
vn 0.3037 0.2416 -0.9216
vn -0.4617 0.1375 0.8763
vn 0.5946 0.1325 -0.7930
vn 0.7188 0.5023 -0.4807
vn 0.4183 0.9013 0.1128
vn 0.1461 -0.3816 0.9127
vn 0.4139 -0.2541 0.8741
vn 0.3019 -0.2325 0.9246
vn 0.3898 0.8545 -0.3435
vn 0.6443 0.7292 -0.2306
vn 0.6949 0.6220 0.3609
vn 0.6619 0.7305 -0.1683
vn -0.0305 0.3950 -0.9182
vn -0.2410 -0.2907 0.9259
vn -0.3465 0.3364 0.8756
vn 0.5299 0.5527 -0.6432
vn -0.1414 0.6508 0.7459
vn 0.5530 0.7893 -0.2668
vn -0.1495 0.5367 0.8304
vn 0.0532 -0.3941 0.9175
vn 0.3401 0.7653 -0.5465
vn 0.4506 -0.0026 -0.8927
vn 0.0596 0.6981 0.7135
vn 0.1765 -0.3106 0.9340
vn 0.4075 -0.0616 0.9111
vn 0.4556 0.1053 0.8839
vn 0.5198 0.0883 0.8497
vn 0.4608 0.1040 0.8814
vn 0.5147 0.2412 0.8227
vn 0.6816 0.5881 0.4353
vn 0.2630 0.7284 -0.6327
vn -0.0555 -0.3346 0.9407
vn 0.2516 0.2205 -0.9424
vn -0.3250 -0.1838 0.9277
vn 0.3671 0.1445 -0.9189
vn 0.6748 0.3728 -0.6369
vn -0.2996 0.3258 0.8967
vn 0.0334 0.7632 0.6454
vn 0.6282 0.7154 -0.3058
vn 0.1989 -0.3357 0.9207
vn 0.5253 0.8449 0.1009
vn 0.0919 0.4166 -0.9044
vn -0.2762 -0.1944 0.9412
vn 0.7548 0.5746 -0.3165
vn 0.5830 0.7612 -0.2841
vn 0.0051 0.7548 0.6559
vn 0.4475 -0.0724 0.8914
vn 0.4827 0.0345 0.8751
vn 0.5273 0.2107 0.8232
vn 0.3894 0.1217 0.9130
vn 0.5473 0.3294 0.7694
vn 0.5739 0.7927 -0.2058
vn 0.2675 0.6883 -0.6743
vn -0.3421 -0.0708 0.9370
vn -0.3747 -0.0479 0.9259
vn -0.4245 -0.0698 0.9027
vn 0.4021 0.0200 -0.9154
vn 0.5639 0.7334 -0.3797
vn 0.5644 0.7862 -0.2518
vn 0.5124 0.8516 0.1104
vn -0.1581 0.4308 0.8885
vn 0.6001 0.7397 0.3044
vn 0.5252 0.8076 0.2683
vn 0.5220 0.8101 0.2668
vn 0.0496 0.7093 0.7032
vn 0.2720 -0.0770 0.9592
vn 0.6267 0.6426 0.4408
vn 0.7605 0.5379 0.3638
vn 0.5321 0.3923 0.7503
vn 0.4411 0.2401 0.8648
vn 0.1639 0.4723 -0.8661
vn 0.0788 0.3471 -0.9345
vn 0.3121 0.1948 -0.9299
vn 0.3579 0.0726 -0.9309
vn 0.6261 0.4386 -0.6447
vn -0.4131 0.0204 0.9105
vn -0.3693 0.1722 0.9132
vn 0.7812 0.5917 -0.1989
vn 0.3128 0.7901 0.5272
vn 0.6634 0.7423 0.0942
vn -0.0098 0.5428 0.8398
vn 0.2154 0.5067 0.8347
vn 0.4448 0.8657 0.2295
vn 0.1138 -0.2284 0.9669
vn 0.3380 0.0637 0.9390
vn 0.2980 0.1405 0.9442
vn 0.4257 0.7275 -0.5381
vn 0.5323 0.7244 -0.4379
vn 0.1484 0.6755 -0.7223
vn 0.5804 0.7682 -0.2701
vn 0.5585 0.7211 -0.4100
vn 0.4606 0.3086 -0.8322
vn -0.3009 0.2239 0.9270
vn 0.0816 0.6668 0.7408
vn 0.0952 0.7204 0.6870
vn 0.0602 -0.2579 0.9643
vn 0.2519 -0.1402 0.9575
vn 0.0593 -0.1732 0.9831
vn 0.4819 0.1868 0.8561
vn 0.5184 0.7800 -0.3505
vn -0.3036 0.0312 0.9523
vn 0.6763 0.5255 -0.5162
vn 0.5004 0.4414 0.7448
vn 0.5711 0.4589 0.6806
vn -0.1506 -0.2867 0.9461
vn 0.1036 0.3073 -0.9460
vn 0.1756 0.2943 -0.9394
vn 0.5481 0.5018 -0.6692
vn 0.5498 0.5025 -0.6672
vn -0.2773 0.1245 0.9527
vn 0.7380 0.5967 -0.3153
vn -0.3124 0.0487 0.9487
vn 0.6337 0.7708 0.0652
vn 0.5668 0.7895 0.2356
vn 0.7191 0.6939 0.0388
vn 0.7606 0.6483 -0.0332
vn 0.5724 0.6846 -0.4514
vn -0.0936 0.1743 0.9802
vn -0.2466 0.4585 0.8538
vn 0.1098 0.5244 0.8444
vn 0.4758 0.8161 0.3280
vn 0.0082 0.6710 0.7414
vn 0.4555 0.8386 0.2988
vn 0.3499 0.2237 0.9097
vn 0.5272 0.7904 -0.3120
vn -0.0636 -0.2603 0.9634
vn -0.0498 -0.2507 0.9668
vn 0.1239 0.0453 0.9913
vn 0.5647 0.7705 -0.2959
vn -0.2050 -0.2282 0.9518
vn 0.3001 0.1594 -0.9405
vn 0.5491 0.6535 -0.5210
vn 0.5244 0.5918 -0.6122
vn 0.1180 0.5045 0.8553
vn 0.2849 0.5830 0.7609
vn 0.0678 -0.1577 0.9852
vn 0.3046 0.1537 0.9400
vn 0.4104 0.2633 0.8731
vn 0.4018 0.3326 0.8532
vn 0.0296 -0.1379 0.9900
vn 0.4866 0.4720 0.7351
vn 0.5876 0.8090 0.0163
vn 0.4382 0.6242 -0.6468
vn 0.2539 0.2760 -0.9270
vn 0.3061 0.2604 -0.9157
vn 0.5671 0.6874 -0.4536
vn 0.3702 0.7566 0.5390
vn 0.2670 0.7092 0.6525
vn -0.0471 0.2991 0.9531
vn 0.1987 0.0549 0.9785
vn 0.2638 -0.0100 0.9645
vn 0.3243 0.2884 0.9009
vn 0.6972 0.6596 0.2807
vn 0.6528 0.6530 0.3840
vn 0.3595 0.3287 -0.8733
vn 0.4111 0.4388 -0.7990
vn -0.2454 -0.1260 0.9612
vn 0.4266 0.4289 -0.7963
vn 0.5061 0.5868 -0.6321
vn 0.4925 0.5755 -0.6529
vn 0.4924 0.5748 -0.6535
vn 0.6282 0.6433 -0.4376
vn 0.6175 0.6393 -0.4582
vn 0.4334 0.8787 -0.2002
vn 0.6908 0.7214 -0.0487
vn 0.3642 0.7636 0.5332
vn -0.0367 0.2985 0.9537
vn 0.3672 0.2615 0.8926
vn 0.4544 0.6591 -0.5992
vn 0.6139 0.7738 0.1559
vn 0.4773 0.6697 -0.5689
vn 0.4708 0.5741 0.6698
vn 0.5556 0.6410 0.5296
vn 0.5616 0.5463 0.6215
vn 0.5711 0.6503 -0.5009
vn 0.6096 0.7923 -0.0262
vn 0.5820 0.8020 -0.1343
vn 0.5479 0.7122 0.4388
vn -0.2689 -0.1159 0.9562
vn 0.6375 0.7695 -0.0377
vn 0.5650 0.8248 0.0204
vn -0.2239 0.1856 0.9568
vn 0.4228 0.7913 0.4417
vn -0.1082 0.1565 0.9817
vn -0.2295 0.3320 0.9149
vn 0.3707 0.3924 0.8418
vn -0.0353 0.3647 0.9305
vn 0.1155 0.0584 0.9916
vn 0.2590 0.2042 0.9440
vn 0.4942 0.5028 0.7092
vn 0.4275 0.6146 0.6630
vn 0.5463 0.8301 -0.1120
vn 0.4627 0.6975 0.5472
vn 0.4889 0.6758 0.5516
vn 0.4961 0.6698 0.5525
vn 0.6199 0.6212 -0.4794
vn 0.5365 0.7096 0.4568
vn 0.5421 0.6970 0.4695
vn 0.2564 0.5515 0.7938
vn -0.0199 0.3136 0.9494
vn -0.0394 0.4782 0.8774
vn -0.0263 0.3681 0.9294
vn 0.0038 0.2964 0.9551
vn 0.2145 0.3351 0.9174
vn -0.0406 0.7323 0.6798
vn 0.1118 0.0565 0.9921
vn 0.2680 0.1860 0.9453
vn 0.2224 0.3778 0.8988
vn 0.3980 0.4590 0.7943
vn 0.1614 0.5392 0.8266
vn 0.2232 0.4018 0.8881
vn 0.2395 0.4081 0.8810
vn 0.1682 0.3797 0.9097
vn -0.0081 0.2122 0.9772
vn 0.1517 0.3728 0.9154
vn 0.0177 0.1583 0.9872
vn 0.0341 0.1695 0.9849
vn 0.5198 0.6485 0.5561
vn 0.2184 0.2171 0.9514
vn 0.3215 0.9222 0.2148
vn -0.8708 -0.3069 -0.3841
vn -0.8848 -0.2707 -0.3791
vn 0.5689 -0.1377 0.8108
vn 0.0020 -0.8046 0.5938
vn -0.7925 -0.1191 0.5981
vn 0.0888 -0.3809 -0.9204
vn 0.0795 -0.5108 -0.8560
vn -0.7206 -0.6933 0.0004
vn -0.6779 -0.7351 -0.0093
vn 0.4624 -0.4930 0.7370
vn 0.5141 0.8262 -0.2305
vn 0.8452 0.2347 0.4801
vn 0.5521 0.7570 0.3495
vn -0.8734 -0.2602 0.4116
vn 0.6316 -0.7096 0.3124
vn -0.7730 -0.0476 0.6326
vn 0.8181 0.4581 -0.3478
vn -0.5090 -0.5639 0.6503
vn 0.1533 -0.9784 0.1385
vn 0.7705 -0.1305 -0.6240
vn 0.7073 0.0276 -0.7064
vn -0.8966 0.2298 -0.3786
vn 0.8128 -0.3332 -0.4778
vn 0.3992 0.9145 -0.0657
vn -0.4548 0.7918 -0.4077
vn -0.7998 0.1632 -0.5776
vn -0.9761 -0.2113 0.0511
vn -0.6502 0.1757 -0.7392
vn -0.7387 -0.5249 0.4229
vn -0.1504 0.9131 0.3791
vn 0.5737 0.7242 -0.3825
vn 0.8761 0.1871 0.4444
vn -0.8793 -0.2354 0.4141
vn -0.5776 -0.0478 0.8149
vn -0.7040 -0.5156 0.4883
vn 0.7376 0.5951 -0.3191
vn 0.2089 -0.0847 -0.9743
vn -0.9261 0.0108 -0.3771
vn -0.7922 -0.5790 -0.1925
vn -0.7717 -0.3719 -0.5159
vn 0.9671 -0.0776 -0.2423
vn 0.8556 0.3810 -0.3503
vn 0.7966 0.5226 -0.3037
vn 0.3209 0.6679 -0.6715
vn 0.7187 -0.2753 -0.6385
vn -0.4126 -0.0131 0.9108
vn -0.3053 0.7312 0.6100
vn 0.7891 0.6077 -0.0894
vn 0.8020 0.3635 -0.4740
s 1
f 13//1 2//2 1//3
f 13//4 5//4 2//4
f 1//5 2//6 6//7
f 5//8 10//8 2//8
f 2//9 7//10 6//11
f 2//12 10//13 3//14
f 2//15 3//15 8//15
f 2//9 8//16 7//10
f 10//13 4//17 3//14
f 4//17 19//18 9//19
f 3//20 4//21 9//22
f 12//23 13//1 1//3
f 12//24 1//5 14//25
f 1//5 6//7 14//25
f 10//26 5//27 32//28
f 6//29 7//29 31//29
f 7//30 16//31 15//32
f 7//30 8//33 16//31
f 3//20 9//22 8//34
f 9//35 18//35 17//35
f 32//28 20//36 10//26
f 4//17 10//13 11//37
f 4//17 11//37 19//18
f 19//38 11//39 25//40
f 20//36 27//41 10//42
f 10//43 27//43 11//43
f 21//44 13//45 12//46
f 21//47 53//48 13//49
f 12//46 14//50 21//44
f 21//51 14//52 23//53
f 21//51 23//53 22//54
f 23//55 24//55 22//55
f 6//56 31//56 14//56
f 7//30 15//32 31//57
f 9//58 17//58 8//58
f 8//59 17//60 16//61
f 27//62 28//62 11//62
f 21//63 22//63 29//63
f 5//64 13//65 54//66
f 14//67 30//67 23//67
f 14//68 31//68 30//68
f 5//64 54//66 55//69
f 20//36 32//28 61//70
f 11//39 26//71 25//40
f 28//72 26//71 11//39
f 26//73 34//73 45//73
f 61//70 35//74 20//36
f 28//75 34//75 26//75
f 20//36 35//74 27//41
f 27//76 36//76 28//76
f 35//77 36//77 27//77
f 36//78 41//79 28//80
f 50//81 21//47 37//82
f 37//83 21//83 29//83
f 22//84 24//84 29//84
f 29//85 24//86 39//87
f 39//87 24//86 30//88
f 23//89 30//88 24//86
f 44//90 31//91 15//92
f 5//27 55//69 32//28
f 44//90 15//92 17//60
f 15//92 16//61 17//60
f 17//93 33//94 40//95
f 17//96 18//96 33//96
f 33//97 25//98 45//99
f 26//100 45//100 25//100
f 41//79 34//101 28//80
f 35//102 59//102 36//102
f 36//78 46//103 41//79
f 50//81 37//82 48//104
f 48//105 37//105 42//105
f 50//81 53//48 21//47
f 42//106 37//106 38//106
f 29//107 38//107 37//107
f 29//108 39//108 38//108
f 13//49 53//48 54//109
f 30//110 31//110 39//110
f 31//111 43//112 39//113
f 31//91 44//90 43//112
f 33//94 45//114 40//95
f 35//74 78//115 59//116
f 41//79 47//117 34//101
f 36//78 59//118 46//103
f 46//119 47//119 41//119
f 38//120 58//121 42//122
f 54//66 77//123 55//69
f 17//93 40//95 44//90
f 32//28 55//69 61//70
f 45//124 56//125 40//95
f 35//74 61//70 78//115
f 47//126 57//126 34//126
f 59//118 64//127 46//103
f 70//128 48//129 49//130
f 48//131 70//132 50//81
f 49//133 48//133 51//133
f 50//81 81//134 53//48
f 48//135 42//135 51//135
f 38//120 39//113 58//121
f 54//66 122//136 77//123
f 44//90 67//137 43//112
f 40//95 68//138 44//90
f 45//124 34//139 56//125
f 34//140 57//141 56//125
f 46//142 62//143 47//144
f 64//145 62//143 46//142
f 51//146 66//146 49//146
f 42//122 52//147 51//148
f 42//122 58//121 52//147
f 53//48 81//134 121//149
f 39//113 43//112 58//121
f 54//66 53//150 82//151
f 62//152 63//153 47//154
f 47//155 63//155 57//155
f 70//128 49//130 60//156
f 60//157 49//157 65//157
f 65//158 49//158 66//158
f 50//81 96//159 81//134
f 51//148 52//147 66//160
f 58//121 43//112 88//161
f 53//48 121//149 82//151
f 105//162 61//70 55//69
f 90//163 69//164 59//165
f 64//166 71//166 62//166
f 69//164 79//167 59//165
f 59//118 79//168 64//127
f 79//168 80//169 64//127
f 64//170 80//170 71//170
f 66//171 73//172 65//173
f 52//174 73//175 66//176
f 88//161 52//177 58//121
f 82//151 122//136 54//66
f 44//90 68//138 67//137
f 77//123 105//162 55//69
f 40//95 107//178 68//138
f 61//70 105//162 78//115
f 40//95 56//125 107//178
f 62//152 71//179 63//153
f 70//132 96//159 50//81
f 60//180 65//180 76//180
f 73//175 52//174 88//181
f 78//115 90//163 59//116
f 63//182 74//183 57//141
f 70//184 97//185 96//159
f 70//128 60//156 72//186
f 72//187 60//187 76//187
f 65//188 86//188 76//188
f 73//172 88//161 87//189
f 68//190 83//191 67//137
f 56//125 57//141 84//192
f 71//193 74//183 63//182
f 71//194 92//195 74//183
f 80//196 92//197 71//198
f 97//199 70//200 72//201
f 72//202 76//202 75//202
f 73//172 86//203 65//173
f 43//112 67//137 89//204
f 122//136 113//205 77//123
f 68//190 107//178 101//206
f 78//115 105//162 106//207
f 78//115 106//207 108//208
f 74//183 84//192 57//141
f 74//183 91//209 84//192
f 69//164 123//210 79//167
f 80//196 102//211 92//197
f 79//212 123//213 93//214
f 79//168 94//215 80//169
f 76//216 86//216 75//216
f 92//195 91//209 74//183
f 79//212 93//214 94//217
f 80//218 94//218 102//218
f 93//219 109//220 94//221
f 72//222 75//222 85//222
f 75//223 86//223 99//223
f 86//203 73//172 87//189
f 43//112 89//204 88//161
f 122//136 82//151 121//149
f 77//123 113//205 105//162
f 56//125 84//192 107//178
f 78//115 108//208 90//163
f 69//164 90//163 123//224
f 75//225 98//226 85//227
f 88//161 89//204 134//228
f 91//209 104//229 84//192
f 92//197 102//211 91//230
f 94//231 115//231 102//231
f 97//199 72//201 103//232
f 103//233 72//234 95//235
f 72//236 85//236 95//236
f 97//185 119//237 96//159
f 75//238 99//238 98//238
f 86//239 100//240 99//241
f 87//242 100//240 86//239
f 96//159 119//237 81//134
f 87//243 130//244 100//245
f 90//163 108//208 149//246
f 90//163 149//246 123//224
f 94//247 109//248 128//249
f 94//250 128//251 115//252
f 97//185 117//253 119//237
f 85//227 98//226 118//254
f 119//237 120//255 81//134
f 88//161 130//244 87//189
f 81//134 120//255 121//149
f 121//149 138//256 122//136
f 67//137 112//257 89//204
f 104//229 159//258 84//192
f 115//259 91//259 102//259
f 93//219 116//260 109//220
f 93//261 123//261 116//261
f 103//232 155//262 97//199
f 85//263 111//263 95//263
f 99//264 100//245 152//265
f 67//137 83//191 112//257
f 108//208 106//207 147//266
f 91//209 115//267 114//268
f 109//220 116//260 127//269
f 109//248 127//270 128//249
f 103//233 95//235 110//271
f 155//262 117//253 97//185
f 95//272 111//272 110//272
f 85//227 118//254 111//273
f 99//274 118//274 98//274
f 122//136 153//275 113//205
f 113//205 153//275 144//276
f 68//190 101//206 83//191
f 83//277 101//278 133//279
f 91//209 114//268 104//229
f 123//280 160//281 116//282
f 99//264 152//265 118//283
f 138//256 153//275 122//136
f 113//205 144//276 145//284
f 123//224 135//285 160//286
f 128//251 126//287 115//252
f 124//288 129//289 103//290
f 103//232 129//291 155//262
f 124//292 103//292 110//292
f 110//293 111//294 125//295
f 125//296 111//296 136//296
f 105//162 113//205 145//284
f 105//162 145//284 106//207
f 126//297 114//268 115//267
f 110//298 132//298 124//298
f 110//293 125//295 132//299
f 152//265 156//300 118//283
f 118//301 156//301 136//301
f 118//254 136//302 111//273
f 121//149 120//255 137//303
f 88//161 134//228 130//244
f 121//149 137//303 138//256
f 112//304 134//228 89//204
f 83//277 131//305 112//304
f 133//279 131//305 83//277
f 148//306 146//307 107//178
f 84//192 148//306 107//178
f 149//246 108//208 192//308
f 104//229 114//268 163//309
f 127//269 116//260 139//310
f 127//311 139//311 128//311
f 131//305 133//279 158//312
f 106//207 198//313 147//266
f 84//192 159//258 148//306
f 159//258 104//229 200//314
f 139//315 164//316 128//317
f 128//318 164//319 126//297
f 132//320 143//321 124//322
f 119//237 166//323 120//255
f 149//246 135//285 123//224
f 135//285 168//324 160//286
f 125//325 136//325 132//325
f 132//326 136//326 143//326
f 100//245 130//244 152//265
f 107//178 146//307 101//206
f 198//313 106//207 191//327
f 149//246 192//308 135//328
f 104//229 163//309 200//329
f 126//297 181//330 114//268
f 116//282 160//281 171//331
f 160//286 170//332 171//333
f 116//334 171//335 139//315
f 129//291 140//336 142//337
f 140//338 129//338 141//338
f 129//291 142//337 155//262
f 129//289 124//288 141//339
f 155//262 142//337 117//253
f 117//253 203//340 119//237
f 130//244 134//228 157//341
f 120//255 166//323 137//303
f 101//206 176//342 158//343
f 148//306 154//344 146//307
f 114//268 181//345 163//309
f 171//335 164//316 139//315
f 141//346 124//347 150//348
f 124//322 143//321 150//349
f 143//321 161//350 150//349
f 136//351 156//351 151//351
f 136//352 151//353 143//354
f 130//244 157//341 152//265
f 112//304 167//355 134//228
f 112//304 179//356 167//355
f 153//275 138//256 189//357
f 101//206 146//307 176//342
f 145//284 191//327 106//207
f 148//306 218//358 154//344
f 143//354 151//353 161//359
f 117//253 142//337 203//340
f 156//300 152//265 162//360
f 119//237 203//340 223//361
f 152//265 177//362 162//360
f 133//279 101//278 158//312
f 159//258 218//358 148//306
f 108//208 147//266 192//308
f 135//328 180//363 168//364
f 126//297 183//365 181//330
f 160//286 168//324 170//332
f 152//265 157//341 177//362
f 157//341 134//228 187//366
f 131//305 179//356 112//304
f 131//305 245//367 179//356
f 159//258 200//314 218//358
f 192//308 180//363 135//328
f 164//319 183//365 126//297
f 140//336 141//368 165//369
f 169//370 165//371 141//372
f 141//346 150//348 169//373
f 151//374 174//375 161//376
f 151//374 156//300 174//375
f 223//377 166//323 119//237
f 153//275 189//357 144//276
f 144//276 175//378 145//284
f 181//345 172//379 163//309
f 171//380 183//381 164//382
f 150//383 186//383 169//383
f 150//384 161//384 186//384
f 174//375 156//300 196//385
f 138//256 188//386 189//357
f 158//343 176//342 190//387
f 237//388 192//308 147//266
f 192//308 193//389 180//363
f 163//309 194//390 200//329
f 238//391 140//336 165//369
f 140//336 254//392 142//337
f 134//228 167//355 187//366
f 137//303 188//393 138//256
f 131//305 158//312 245//367
f 237//394 325//395 192//308
f 171//380 201//396 183//381
f 169//370 173//397 165//371
f 169//398 186//399 173//400
f 161//376 174//375 186//401
f 189//357 214//402 144//276
f 198//313 237//403 147//266
f 163//309 172//379 194//390
f 180//363 297//404 219//405
f 168//324 220//406 170//332
f 170//407 201//408 171//409
f 142//337 222//410 314//411
f 142//337 314//411 203//340
f 156//300 162//360 196//385
f 157//341 187//366 177//362
f 166//323 224//412 137//303
f 137//303 224//412 178//413
f 144//276 214//402 175//414
f 145//284 175//378 191//327
f 146//307 154//344 176//342
f 154//344 199//415 176//342
f 180//363 193//389 297//404
f 180//363 219//416 168//364
f 183//365 182//417 181//330
f 170//407 220//418 201//408
f 185//419 184//419 238//419
f 185//420 238//420 165//420
f 165//371 173//397 185//421
f 223//377 224//412 166//323
f 189//357 205//422 214//423
f 245//367 158//312 197//424
f 198//313 216//425 237//403
f 201//396 252//426 183//381
f 184//427 202//428 238//391
f 140//336 238//391 254//392
f 173//429 195//429 185//429
f 254//392 222//410 142//337
f 223//361 203//340 301//430
f 177//362 187//431 302//432
f 224//433 204//434 178//435
f 178//436 211//437 188//438
f 179//356 228//439 167//355
f 137//303 178//440 188//393
f 175//414 215//441 191//442
f 191//443 215//443 235//443
f 191//327 235//444 266//445
f 191//327 266//445 307//446
f 181//330 182//417 298//447
f 181//345 298//448 172//379
f 219//416 220//449 168//364
f 183//450 252//451 182//417
f 220//452 299//452 201//452
f 185//453 195//454 207//455
f 173//400 186//399 195//456
f 162//360 177//362 240//457
f 224//433 225//458 204//434
f 167//355 213//459 187//366
f 213//460 226//461 187//462
f 167//355 228//439 213//459
f 214//402 205//463 206//464
f 158//343 246//465 197//466
f 175//414 214//402 279//467
f 154//344 283//468 199//415
f 154//344 218//358 283//468
f 192//308 325//395 193//389
f 219//405 333//469 220//470
f 203//340 314//411 301//430
f 225//471 209//471 204//471
f 204//472 212//472 178//472
f 189//357 188//386 205//422
f 205//473 230//473 206//473
f 214//402 206//464 278//474
f 158//343 233//475 246//465
f 175//414 279//467 215//441
f 176//342 199//415 268//476
f 198//313 323//477 216//425
f 218//358 217//478 283//468
f 200//314 251//479 218//358
f 193//389 325//395 297//404
f 201//480 299//480 252//480
f 185//453 207//455 184//481
f 186//401 208//482 195//483
f 186//401 174//375 208//482
f 174//375 239//484 208//485
f 174//375 196//385 239//484
f 209//486 210//486 204//486
f 178//436 212//487 211//437
f 204//488 210//488 212//488
f 226//461 273//489 187//462
f 213//490 228//490 227//490
f 188//491 257//492 205//493
f 206//494 230//494 231//494
f 200//329 194//390 285//495
f 172//379 298//448 194//390
f 238//391 326//496 254//392
f 202//428 184//497 221//498
f 207//455 253//499 184//481
f 223//361 301//430 315//500
f 224//501 255//502 225//503
f 225//504 256//504 209//504
f 187//431 346//505 302//432
f 256//506 241//506 209//506
f 209//507 241//507 210//507
f 241//508 273//508 226//508
f 241//509 226//509 210//509
f 212//510 242//510 211//510
f 210//511 227//511 212//511
f 210//512 226//512 227//512
f 227//513 243//513 212//513
f 213//514 227//514 226//514
f 205//515 257//516 229//517
f 205//515 229//517 230//518
f 229//519 244//519 230//519
f 230//520 232//520 231//520
f 230//521 197//521 232//521
f 244//522 197//522 230//522
f 244//523 245//367 197//424
f 206//524 231//524 278//524
f 197//466 246//465 232//525
f 158//343 190//387 233//475
f 279//467 262//526 215//441
f 215//527 234//527 235//527
f 235//528 247//528 266//528
f 176//342 264//529 190//387
f 191//327 307//446 198//313
f 198//313 307//446 323//530
f 216//425 236//531 237//403
f 216//532 248//533 236//534
f 236//535 249//535 237//535
f 237//536 249//536 310//536
f 237//394 310//537 325//395
f 220//470 333//469 299//538
f 221//498 184//497 253//539
f 207//540 287//540 253//540
f 195//541 208//541 207//541
f 207//542 208//485 287//543
f 162//360 240//457 196//385
f 240//457 177//362 302//432
f 223//377 255//544 224//412
f 225//503 255//502 289//545
f 225//546 289//547 256//548
f 212//549 243//549 242//549
f 227//550 228//550 243//550
f 243//551 228//551 258//551
f 179//356 366//552 258//553
f 257//554 259//554 229//554
f 259//555 276//555 244//555
f 229//556 259//556 244//556
f 245//367 277//557 179//356
f 276//558 245//367 244//523
f 231//559 260//559 278//559
f 231//560 232//560 260//560
f 262//561 234//561 215//561
f 234//562 265//562 247//562
f 263//563 265//564 234//565
f 235//566 234//566 247//566
f 268//476 264//529 176//342
f 216//425 323//477 295//567
f 216//532 295//568 248//533
f 248//569 269//569 236//569
f 236//570 250//570 249//570
f 269//571 250//571 236//571
f 249//572 250//572 271//572
f 218//358 251//479 217//478
f 254//392 326//496 222//410
f 255//573 315//574 288//575
f 241//576 256//576 303//576
f 241//577 303//577 273//577
f 211//437 290//578 274//579
f 242//580 290//580 211//580
f 242//581 243//581 290//581
f 228//439 179//356 258//553
f 245//367 276//582 277//557
f 232//583 261//583 260//583
f 232//584 246//584 261//584
f 278//585 352//586 279//587
f 278//474 279//467 214//402
f 233//475 261//588 246//465
f 262//589 293//589 263//589
f 234//565 262//590 263//563
f 190//591 264//592 306//593
f 263//594 264//594 265//594
f 247//595 281//595 266//595
f 247//596 267//597 281//598
f 247//599 265//599 267//599
f 265//600 264//600 268//600
f 266//445 280//601 307//446
f 266//602 281//602 280//602
f 265//603 268//603 267//603
f 248//533 295//568 282//604
f 248//605 282//605 269//605
f 283//468 217//478 282//606
f 282//607 270//607 269//607
f 282//608 217//608 270//608
f 269//609 270//609 250//609
f 250//610 272//610 271//610
f 250//611 270//611 272//611
f 249//612 284//612 310//612
f 249//613 271//613 284//613
f 270//614 217//615 272//616
f 182//417 312//617 298//447
f 252//618 299//618 300//618
f 252//451 300//619 182//417
f 238//391 202//428 326//496
f 253//620 287//620 286//620
f 239//484 336//621 208//485
f 255//622 288//622 289//622
f 289//547 316//623 256//548
f 256//624 316//624 303//624
f 187//462 273//489 346//625
f 243//626 319//626 290//626
f 257//627 275//627 259//627
f 259//628 275//628 276//628
f 304//629 366//552 179//356
f 179//356 277//557 304//630
f 278//631 292//631 291//631
f 260//632 292//632 278//632
f 260//633 261//633 292//633
f 279//587 352//586 321//634
f 321//635 305//635 279//635
f 279//636 305//636 262//636
f 305//637 293//638 262//639
f 306//593 338//640 190//591
f 306//593 264//592 293//641
f 263//642 293//642 264//642
f 267//597 268//643 281//598
f 268//476 199//415 281//644
f 199//415 283//468 294//645
f 283//646 309//647 294//648
f 271//649 296//649 284//649
f 272//650 296//650 271//650
f 217//615 251//651 272//616
f 300//619 312//617 182//417
f 253//539 286//652 221//498
f 314//411 490//653 301//430
f 255//654 223//361 315//500
f 273//655 303//655 346//655
f 188//438 211//437 274//579
f 243//656 258//656 319//656
f 276//657 275//658 304//659
f 276//660 304//630 277//557
f 278//585 291//661 352//586
f 233//475 190//387 386//662
f 281//663 308//664 280//665
f 199//666 308//664 281//663
f 199//415 294//645 308//667
f 283//646 282//668 309//647
f 284//669 296//669 311//669
f 200//314 324//670 251//479
f 285//495 324//671 200//329
f 325//395 356//672 297//404
f 219//405 297//404 467//673
f 221//674 286//674 313//674
f 222//410 327//675 314//411
f 336//621 239//484 343//676
f 302//677 344//678 362//679
f 240//457 302//432 362//680
f 302//677 452//681 344//678
f 289//547 288//682 316//623
f 274//683 317//684 188//685
f 274//683 318//686 317//684
f 274//687 290//687 318//687
f 291//688 292//689 320//690
f 261//691 405//691 292//691
f 261//588 233//475 405//692
f 305//637 306//693 293//638
f 307//446 322//694 407//695
f 280//696 322//696 307//696
f 282//697 372//698 374//699
f 282//700 374//700 309//700
f 310//537 284//701 375//702
f 376//703 357//704 194//390
f 298//448 376//703 194//390
f 333//469 394//705 299//706
f 208//485 335//707 287//543
f 287//543 334//708 286//709
f 288//575 315//574 363//710
f 316//711 328//711 303//711
f 303//712 328//712 346//712
f 258//553 349//713 319//714
f 257//715 329//715 275//715
f 366//552 349//713 258//553
f 275//716 329//716 330//716
f 275//658 330//717 304//659
f 352//586 291//661 437//718
f 292//719 405//719 320//719
f 305//720 321//720 337//720
f 305//721 337//721 306//721
f 306//722 337//722 338//722
f 190//723 338//724 386//725
f 280//726 332//726 322//726
f 280//727 308//727 332//727
f 307//446 407//695 323//530
f 295//567 323//477 372//728
f 294//648 309//647 373//729
f 282//697 295//730 372//698
f 284//731 311//731 375//731
f 296//732 324//670 311//733
f 325//395 375//702 444//734
f 194//390 357//704 285//495
f 297//404 356//672 541//735
f 312//617 393//736 298//447
f 300//737 299//737 394//737
f 300//738 394//739 413//740
f 300//741 393//741 312//741
f 221//498 358//742 202//428
f 221//743 313//743 342//743
f 314//411 327//675 490//653
f 239//484 196//385 343//676
f 288//744 363//744 345//744
f 288//745 345//745 316//745
f 316//746 345//746 328//746
f 290//747 348//747 318//747
f 290//748 319//748 348//748
f 188//685 317//684 402//749
f 188//491 402//750 257//492
f 257//751 402//751 329//751
f 304//629 330//752 366//552
f 291//753 331//753 437//753
f 291//688 320//690 331//754
f 321//755 368//755 337//755
f 308//756 339//757 332//758
f 308//759 353//759 339//759
f 308//760 294//760 353//760
f 311//761 340//761 375//761
f 310//537 375//702 325//395
f 541//735 467//673 297//404
f 298//447 393//736 446//762
f 300//738 413//740 393//763
f 286//764 334//764 313//764
f 287//543 335//707 334//708
f 208//485 336//621 335//707
f 343//676 196//385 459//765
f 490//653 432//766 301//430
f 345//767 380//767 328//767
f 328//768 380//768 346//768
f 319//769 349//769 348//769
f 329//770 384//771 330//752
f 320//772 351//772 331//772
f 320//773 405//773 351//773
f 352//586 368//774 321//634
f 294//775 373//775 353//775
f 311//776 355//776 340//776
f 325//395 444//734 356//672
f 467//673 522//777 219//405
f 219//405 412//778 333//469
f 221//498 341//779 358//742
f 221//780 342//780 341//780
f 313//781 359//781 342//781
f 334//782 360//782 313//782
f 301//430 432//766 315//500
f 315//574 361//783 378//784
f 315//574 433//785 363//710
f 378//784 433//785 315//574
f 302//432 346//505 452//786
f 363//787 379//787 345//787
f 345//788 379//788 380//788
f 317//789 347//789 419//789
f 317//790 419//791 461//792
f 317//793 318//793 347//793
f 318//794 364//794 347//794
f 318//795 348//795 364//795
f 402//796 317//797 365//798
f 329//799 402//799 383//799
f 329//800 383//800 384//800
f 349//801 366//802 436//803
f 330//752 384//771 366//552
f 331//804 351//804 350//804
f 352//586 437//718 367//805
f 405//806 426//807 351//808
f 386//809 428//810 405//811
f 337//812 368//812 369//812
f 337//813 369//813 338//813
f 338//724 369//814 386//725
f 322//694 370//815 407//695
f 332//816 370//816 322//816
f 323//817 407//818 371//819
f 309//820 374//820 373//820
f 430//821 375//822 354//823
f 354//823 375//822 340//824
f 324//670 411//825 311//733
f 357//704 376//703 445//826
f 219//405 522//777 412//778
f 326//827 644//827 431//827
f 313//828 360//828 359//828
f 335//829 360//829 334//829
f 315//830 432//831 361//832
f 432//831 395//833 361//832
f 361//834 377//834 378//834
f 379//835 399//835 380//835
f 346//836 380//836 421//836
f 365//798 317//797 474//837
f 348//838 401//838 364//838
f 349//839 401//840 348//841
f 422//842 437//842 331//842
f 422//843 331//843 350//843
f 351//844 385//844 350//844
f 351//845 426//845 385//845
f 352//586 367//805 368//774
f 233//475 386//662 405//846
f 369//847 427//847 386//847
f 370//848 387//849 407//850
f 332//758 339//757 370//851
f 339//852 353//853 408//854
f 372//698 389//855 374//699
f 374//856 443//857 373//858
f 340//824 355//859 354//823
f 430//860 465//861 375//702
f 311//862 411//862 355//862
f 324//671 285//495 411//863
f 298//447 446//762 601//864
f 333//469 412//778 394//705
f 202//428 358//742 326//496
f 326//496 431//865 222//410
f 327//675 222//410 544//866
f 240//457 362//680 451//867
f 361//868 396//868 377//868
f 363//869 433//870 434//871
f 363//869 434//871 379//872
f 434//873 382//874 379//875
f 382//876 398//876 379//876
f 379//877 398//878 399//879
f 381//880 347//881 382//874
f 381//882 419//882 347//882
f 382//883 347//883 364//883
f 382//884 364//884 398//884
f 317//790 461//792 474//885
f 402//886 423//886 383//886
f 383//887 423//887 384//887
f 366//802 384//888 436//803
f 422//889 476//890 437//891
f 368//774 367//805 427//892
f 368//893 427//893 369//893
f 387//894 370//895 388//896
f 370//897 339//897 388//897
f 339//898 406//898 388//898
f 339//899 408//899 406//899
f 372//900 371//819 458//901
f 372//698 458//902 389//855
f 458//903 391//904 389//905
f 389//906 390//906 374//906
f 374//907 390//907 443//907
f 391//908 409//908 389//908
f 389//909 409//909 390//909
f 391//910 392//910 409//910
f 430//821 354//823 391//911
f 391//912 354//912 392//912
f 354//913 355//913 392//913
f 355//914 410//915 392//916
f 355//917 411//917 410//917
f 412//918 488//918 394//918
f 358//919 341//920 511//921
f 359//922 414//922 342//922
f 360//923 335//707 415//924
f 359//925 360//925 449//925
f 222//926 431//927 544//928
f 240//457 459//765 196//385
f 361//929 395//929 396//929
f 395//930 416//930 396//930
f 378//931 377//931 417//931
f 396//932 397//933 377//934
f 416//935 397//935 396//935
f 416//936 362//936 397//936
f 397//937 362//679 344//678
f 397//938 344//938 435//938
f 434//939 433//940 528//941
f 344//678 452//681 435//942
f 381//880 382//874 419//943
f 399//944 421//944 380//944
f 398//945 364//946 400//947
f 398//878 400//948 399//879
f 399//949 400//950 421//951
f 365//798 403//952 402//796
f 402//953 403//953 423//953
f 384//954 423//954 424//954
f 384//955 424//955 436//955
f 422//956 350//956 403//956
f 403//957 350//958 404//959
f 403//960 404//960 423//960
f 423//961 404//962 425//963
f 350//958 385//964 404//959
f 404//962 385//965 425//963
f 385//966 426//966 425//966
f 437//718 462//967 367//805
f 427//968 429//968 386//968
f 386//809 429//969 428//810
f 371//819 407//818 458//901
f 353//853 373//970 408//854
f 373//858 464//971 408//972
f 391//904 458//903 430//973
f 409//974 410//974 443//974
f 390//975 409//975 443//975
f 375//702 465//861 444//734
f 411//976 285//977 507//978
f 285//495 506//979 507//980
f 357//704 506//979 285//495
f 394//981 488//981 523//981
f 394//982 523//982 413//982
f 342//983 414//984 341//985
f 358//919 644//986 326//987
f 359//988 449//988 414//988
f 360//989 415//924 449//990
f 240//991 551//991 459//991
f 378//784 417//992 433//785
f 362//680 416//993 451//867
f 377//994 418//995 417//996
f 377//934 397//933 418//997
f 397//998 435//998 418//998
f 346//505 421//999 420//1000
f 364//946 401//1001 400//947
f 403//952 365//798 422//1002
f 423//961 425//963 424//1003
f 427//1004 439//1004 440//1004
f 427//1005 440//1005 429//1005
f 439//1006 387//894 388//896
f 439//1007 388//1007 441//1007
f 439//1008 441//1008 440//1008
f 429//1009 455//1009 428//1009
f 441//1010 388//1010 406//1010
f 406//1011 442//1011 441//1011
f 406//1012 408//1013 442//1014
f 407//850 457//1015 481//1016
f 407//850 481//1016 458//1017
f 392//916 410//915 409//1018
f 298//448 601//864 376//703
f 393//736 447//1019 446//762
f 413//740 523//1020 393//763
f 341//985 414//984 448//1021
f 336//621 564//1022 335//707
f 327//675 526//1023 490//653
f 432//766 490//653 469//1024
f 395//1025 432//1026 450//1027
f 395//1025 450//1027 416//1028
f 416//1029 450//1029 451//1029
f 346//505 420//1000 452//786
f 382//874 434//873 419//943
f 419//791 434//1030 648//1031
f 436//1032 438//1033 493//1034
f 349//1035 436//1032 493//1034
f 422//889 365//798 476//890
f 424//1036 438//1033 436//1032
f 425//1037 438//1037 424//1037
f 437//1038 476//1039 453//1040
f 425//1041 426//1041 438//1041
f 437//1038 453//1040 462//1042
f 387//1043 439//1043 367//1043
f 367//805 439//1044 427//892
f 429//1045 440//1045 455//1045
f 440//1046 441//1046 456//1046
f 440//1047 456//1047 455//1047
f 441//1048 442//1048 456//1048
f 387//1049 518//1050 457//1051
f 387//849 457//1015 407//850
f 443//1052 410//1053 504//1054
f 410//1053 411//976 507//978
f 357//1055 486//1055 506//1055
f 358//919 511//921 644//986
f 327//675 544//866 489//1056
f 432//766 469//1024 450//1057
f 240//457 451//867 551//1058
f 417//1059 460//1059 433//1059
f 418//995 460//1060 417//996
f 418//1061 435//1061 460//1061
f 434//939 528//941 648//1062
f 419//791 648//1031 472//1063
f 421//951 400//950 420//1064
f 419//791 472//1063 461//792
f 400//1065 401//1066 515//1067
f 461//1068 473//1069 474//1070
f 401//1066 475//1071 515//1067
f 365//798 609//1072 476//890
f 426//807 454//1073 438//1074
f 426//807 463//1075 454//1073
f 387//1049 367//805 518//1050
f 455//1076 520//1077 428//1078
f 466//1079 356//672 444//734
f 357//704 445//826 486//1080
f 356//672 632//1081 541//735
f 393//736 523//1082 447//1019
f 414//984 468//1083 448//1021
f 450//1084 469//1084 451//1084
f 451//867 469//1085 470//1086
f 435//1087 471//1088 460//1089
f 401//840 349//839 475//1090
f 493//1091 475//1090 349//839
f 453//1040 477//1092 462//1042
f 453//1093 494//1093 477//1093
f 462//1094 477//1094 478//1094
f 426//807 405//806 463//1075
f 405//811 428//810 463//1095
f 428//1096 497//1097 463//1098
f 428//1096 520//1099 497//1097
f 456//1100 442//1100 520//1100
f 442//1101 499//1101 557//1101
f 481//1102 498//1103 480//1104
f 457//1105 498//1105 481//1105
f 408//1013 499//1106 442//1014
f 408//972 464//971 499//1107
f 481//1108 501//1109 458//1110
f 373//858 443//857 464//971
f 443//1111 504//1112 538//1113
f 465//861 576//1114 539//1115
f 507//978 504//1054 410//1053
f 444//734 484//1116 466//1117
f 632//1081 356//672 466//1118
f 445//826 510//1119 486//1080
f 488//1120 603//1121 523//1082
f 414//1122 449//1122 468//1122
f 335//707 564//1022 415//924
f 327//675 489//1056 512//1123
f 343//676 525//1124 564//1022
f 336//621 343//676 564//1022
f 433//940 513//1125 528//941
f 471//1088 435//1087 420//1126
f 452//786 420//1000 435//1127
f 472//1063 491//1128 461//792
f 461//1129 491//1130 473//1131
f 515//1067 553//1132 400//1065
f 453//1133 476//1133 533//1133
f 453//1134 533//1135 494//1136
f 477//1137 494//1137 479//1137
f 477//1138 479//1138 478//1138
f 462//1139 519//1139 596//1139
f 462//1140 478//1140 519//1140
f 494//1141 495//1141 479//1141
f 463//1142 495//1143 454//1144
f 462//1145 596//1146 518//1050
f 367//805 462//967 518//1050
f 456//1147 520//1077 455//1076
f 498//1148 500//1148 480//1148
f 480//1149 483//1150 482//1151
f 500//1152 483//1152 480//1152
f 499//1153 464//1154 500//1155
f 481//1108 502//1156 501//1109
f 481//1102 480//1104 482//1157
f 500//1155 464//1154 483//1158
f 443//857 538//1159 464//971
f 507//1160 559//1161 504//1162
f 444//734 465//861 484//1116
f 465//1163 505//1163 484//1163
f 484//1164 505//1164 485//1164
f 466//1165 484//1165 508//1165
f 505//1166 486//1166 485//1166
f 506//1167 486//1167 505//1167
f 467//673 656//1168 522//777
f 412//1169 560//1169 488//1169
f 488//1170 560//1170 603//1170
f 449//990 415//924 543//1171
f 343//676 459//765 569//1172
f 490//653 526//1023 547//1173
f 469//1174 490//1174 549//1174
f 469//1175 549//1176 550//1177
f 469//1175 550//1177 470//1178
f 470//1179 550//1179 551//1179
f 451//867 470//1086 551//1058
f 460//1180 513//1180 433//1180
f 460//1181 471//1181 513//1181
f 472//1182 514//1182 491//1182
f 491//1130 516//1183 473//1131
f 473//1069 517//1184 474//1070
f 473//1185 516//1185 492//1185
f 515//1067 475//1071 516//1186
f 473//1187 492//1187 517//1187
f 516//1188 475//1188 492//1188
f 365//798 474//837 609//1072
f 492//1189 475//1090 493//1091
f 533//1135 534//1190 494//1136
f 534//1191 495//1191 494//1191
f 534//1192 454//1193 495//1194
f 478//1195 479//1195 496//1195
f 479//1196 463//1196 496//1196
f 463//1098 497//1097 496//1197
f 442//1198 627//1199 520//1200
f 457//1201 535//1202 498//1203
f 535//1202 536//1204 498//1203
f 557//1205 627//1206 442//1207
f 536//1208 500//1208 498//1208
f 536//1209 499//1209 500//1209
f 482//1151 503//1210 502//1211
f 481//1108 482//1212 502//1156
f 482//1151 483//1150 503//1210
f 483//1213 464//1213 503//1213
f 458//1110 501//1109 430//860
f 430//860 501//1109 576//1114
f 430//860 576//1114 465//861
f 465//861 539//1115 521//1214
f 465//1215 521//1215 505//1215
f 521//1216 506//1216 505//1216
f 521//1217 507//980 506//979
f 466//1118 508//1218 599//1219
f 485//1220 486//1220 509//1220
f 485//1221 508//1221 484//1221
f 485//1222 509//1222 508//1222
f 486//1223 510//1224 509//1225
f 376//703 601//864 445//826
f 447//1019 602//1226 446//762
f 447//1019 561//1227 487//1228
f 523//1082 561//1229 447//1019
f 448//1230 524//1231 341//1232
f 448//1021 468//1083 524//1233
f 449//990 543//1171 468//1234
f 468//1235 543//1171 562//1236
f 489//1056 545//1237 512//1123
f 490//1238 547//1238 549//1238
f 459//765 551//1239 548//1240
f 513//1241 471//1241 527//1241
f 420//1242 529//1242 471//1242
f 491//1243 514//1243 516//1243
f 514//1244 515//1244 516//1244
f 552//1245 515//1245 514//1245
f 474//1246 530//1247 609//1248
f 474//1249 517//1249 531//1249
f 492//1250 493//1250 517//1250
f 609//1072 532//1251 476//890
f 438//1033 594//1252 493//1034
f 438//1074 454//1073 625//1253
f 478//1254 496//1254 519//1254
f 518//1050 596//1146 612//1255
f 457//1051 518//1050 612//1255
f 457//1201 612//1256 535//1202
f 499//1257 536//1258 557//1259
f 501//1260 502//1260 537//1260
f 539//1261 540//1261 521//1261
f 540//1262 507//1262 521//1262
f 558//1263 507//1263 540//1263
f 558//1264 559//1161 507//1160
f 466//1118 599//1219 632//1081
f 447//1019 487//1228 602//1226
f 341//1265 542//1265 511//1265
f 341//1232 524//1231 542//1266
f 511//921 741//1267 644//986
f 489//1056 563//1268 545//1237
f 512//1123 526//1023 327//675
f 343//676 569//1172 568//1269
f 343//676 568//1269 525//1124
f 526//1023 512//1123 582//1270
f 526//1271 635//1272 547//1273
f 459//765 548//1240 569//1172
f 471//1274 529//1274 527//1274
f 528//941 606//1275 648//1062
f 472//1276 572//1276 514//1276
f 472//1277 648//1277 572//1277
f 572//1278 552//1279 514//1280
f 420//1281 400//1282 553//1283
f 474//1284 531//1284 530//1284
f 493//1285 554//1285 517//1285
f 476//890 532//1251 533//1286
f 533//1135 595//1287 534//1190
f 519//1288 555//1288 596//1288
f 496//1289 556//1290 519//1291
f 520//1099 573//1292 497//1097
f 502//1293 538//1293 631//1293
f 503//1294 538//1294 502//1294
f 576//1114 614//1295 539//1115
f 539//1296 577//1296 540//1296
f 508//1297 578//1297 599//1297
f 508//1298 600//1298 578//1298
f 467//673 541//735 656//1168
f 446//762 602//1226 601//864
f 523//1082 603//1121 561//1229
f 468//1083 579//1299 524//1233
f 468//1300 580//1300 579//1300
f 468//1301 562//1301 580//1301
f 431//927 644//986 853//1302
f 431//927 645//1303 544//928
f 415//924 564//1022 581//1304
f 544//866 563//1305 489//1056
f 545//1306 546//1306 512//1306
f 545//1307 565//1308 546//1309
f 549//1310 590//1311 550//1312
f 527//1313 571//1313 513//1313
f 515//1067 552//1314 553//1132
f 517//1315 554//1315 531//1315
f 554//1316 493//1034 594//1252
f 533//1135 532//1317 595//1287
f 438//1074 625//1253 594//1318
f 595//1319 611//1319 534//1319
f 534//1192 611//1320 454//1193
f 454//1321 611//1322 625//1323
f 596//1324 555//1324 626//1324
f 519//1291 556//1290 555//1325
f 535//1326 612//1326 638//1326
f 535//1327 638//1327 598//1327
f 535//1328 598//1329 536//1258
f 536//1258 598//1329 557//1259
f 537//1330 574//1331 629//1332
f 537//1333 629//1333 501//1333
f 537//1334 575//1335 574//1336
f 502//1337 575//1337 537//1337
f 502//1338 631//1338 575//1338
f 539//1115 614//1295 577//1339
f 540//1340 577//1340 558//1340
f 509//1341 600//1341 508//1341
f 509//1225 510//1224 600//1342
f 445//826 673//1343 510//1119
f 632//1081 766//1344 541//735
f 412//778 522//777 740//1345
f 544//1346 645//1346 634//1346
f 544//1347 634//1347 563//1347
f 563//1348 604//1349 565//1350
f 545//1307 563//1351 565//1308
f 512//1352 546//1352 583//1352
f 546//1353 567//1354 566//1355
f 565//1356 567//1354 546//1353
f 565//1357 585//1357 567//1357
f 567//1358 568//1358 566//1358
f 585//1359 568//1359 567//1359
f 568//1269 569//1172 566//1360
f 569//1361 586//1361 566//1361
f 549//1362 547//1363 605//1364
f 549//1310 605//1365 590//1311
f 550//1366 590//1367 570//1368
f 550//1366 570//1368 551//1369
f 551//1239 570//1370 684//1371
f 513//1125 588//1372 528//941
f 513//1373 571//1373 588//1373
f 571//1374 527//1374 529//1374
f 552//1375 622//1376 553//1377
f 530//1247 592//1378 609//1248
f 530//1379 593//1379 592//1379
f 531//1380 593//1380 530//1380
f 554//1381 593//1381 531//1381
f 554//1382 594//1383 593//1384
f 532//1251 609//1072 623//1385
f 556//1386 573//1387 597//1388
f 520//1200 627//1199 573//1389
f 501//1109 629//1390 576//1114
f 538//1113 504//1112 631//1391
f 504//1392 643//1393 701//1394
f 559//1161 615//1395 504//1162
f 558//1396 577//1396 615//1396
f 558//1397 615//1397 559//1397
f 445//826 784//1398 673//1343
f 542//1399 710//1400 511//921
f 583//1401 566//1402 584//1403
f 546//1404 566//1404 583//1404
f 604//1405 585//1405 565//1405
f 582//1270 676//1406 526//1023
f 568//1269 585//1407 525//1124
f 566//1408 586//1408 584//1408
f 569//1409 619//1409 586//1409
f 547//1363 635//1410 605//1364
f 587//1411 589//1412 605//1364
f 605//1413 589//1414 590//1415
f 588//1416 606//1275 528//941
f 587//1411 588//1417 571//1418
f 587//1419 571//1419 589//1419
f 590//1420 607//1421 570//1370
f 589//1414 591//1422 590//1415
f 589//1423 571//1423 591//1423
f 606//1275 647//1424 648//1062
f 571//1425 529//1425 591//1425
f 529//1426 608//1426 591//1426
f 572//1427 648//1427 636//1427
f 552//1279 572//1278 622//1428
f 532//1251 623//1385 595//1429
f 594//1383 625//1430 662//1431
f 596//1432 626//1433 650//1434
f 555//1435 556//1435 626//1435
f 556//1386 597//1388 613//1436
f 638//1437 639//1438 598//1439
f 557//1205 598//1440 627//1206
f 615//1441 643//1393 504//1392
f 615//1442 669//1443 643//1444
f 600//1445 616//1446 578//1447
f 541//735 766//1344 656//1168
f 412//778 740//1345 560//1448
f 431//927 853//1302 645//1303
f 583//1449 618//1449 512//1449
f 583//1401 584//1403 618//1450
f 585//1451 604//1451 525//1451
f 569//1172 548//1240 619//1452
f 548//1240 551//1239 620//1453
f 588//1417 587//1411 606//1454
f 590//1420 591//1455 607//1421
f 591//1456 608//1457 607//1458
f 420//1281 685//1459 608//1460
f 420//1461 608//1461 529//1461
f 648//1062 773//1462 621//1463
f 648//1062 621//1463 636//1464
f 572//1465 636//1465 622//1465
f 592//1378 593//1384 610//1466
f 594//1383 660//1467 593//1384
f 595//1468 623//1468 624//1468
f 595//1469 624//1469 611//1469
f 612//1470 596//1470 650//1470
f 556//1386 613//1436 626//1471
f 612//1472 650//1473 725//1474
f 612//1475 725//1476 728//1477
f 575//1335 630//1478 574//1336
f 575//1479 631//1480 630//1481
f 504//1482 700//1482 631//1482
f 577//1339 614//1295 667//1483
f 577//1484 667//1484 668//1484
f 577//1485 668//1486 615//1442
f 615//1442 668//1486 669//1443
f 599//1219 633//1487 632//1081
f 599//1488 578//1488 633//1488
f 600//1489 673//1490 616//1491
f 510//1119 673//1343 600//1492
f 602//1226 850//1493 601//864
f 656//1168 965//1494 522//777
f 603//1495 560//1495 674//1495
f 603//1121 674//1496 561//1229
f 562//1236 543//1171 580//1497
f 563//1348 634//1498 604//1349
f 604//1499 634//1499 617//1499
f 617//1500 525//1500 604//1500
f 512//1501 618//1501 582//1501
f 526//1271 676//1502 635//1272
f 584//1503 586//1503 619//1503
f 551//1239 684//1371 620//1453
f 609//1504 718//1505 720//1506
f 592//1378 610//1466 609//1248
f 593//1384 637//1507 610//1466
f 609//1072 689//1508 623//1385
f 611//1509 624//1509 662//1509
f 611//1322 662//1510 625//1323
f 612//1475 728//1477 638//1511
f 639//1438 640//1512 598//1439
f 598//1513 640//1513 627//1513
f 574//1331 698//1514 629//1332
f 574//1515 628//1515 698//1515
f 629//1390 641//1516 576//1114
f 578//1447 616//1446 633//1517
f 511//921 710//1400 741//1267
f 580//1497 543//1171 742//1518
f 634//1519 4685//1519 617//1519
f 564//1022 525//1124 678//1520
f 584//1521 646//1521 618//1521
f 584//1522 619//1522 646//1522
f 635//1410 681//1523 605//1364
f 570//1370 607//1421 684//1371
f 621//1524 686//1525 636//1526
f 636//1527 658//1527 622//1527
f 718//1528 609//1528 610//1528
f 593//1384 660//1467 637//1507
f 594//1383 662//1431 660//1467
f 623//1529 661//1529 624//1529
f 624//1530 661//1530 690//1530
f 624//1531 690//1531 662//1531
f 613//1532 652//1532 626//1532
f 573//1387 663//1533 597//1388
f 638//1511 728//1477 696//1534
f 639//1438 664//1535 640//1512
f 628//1536 653//1536 698//1536
f 628//1537 654//1538 653//1539
f 574//1540 630//1540 628//1540
f 629//1541 698//1541 641//1541
f 631//1542 700//1543 759//1544
f 641//1516 642//1545 576//1114
f 700//1546 504//1392 701//1394
f 576//1114 642//1547 614//1295
f 633//1548 655//1548 809//1548
f 633//1549 616//1549 655//1549
f 560//1550 740//1550 674//1550
f 674//1551 835//1551 561//1551
f 561//1227 835//1552 487//1228
f 524//1233 579//1299 675//1553
f 645//1554 816//1555 4685//1556
f 634//1557 645//1557 4685//1557
f 564//1022 678//1520 581//1304
f 617//1558 4685//1558 712//1558
f 617//1559 712//1559 525//1559
f 525//1124 712//1560 657//1561
f 635//1562 676//1563 791//1564
f 605//1364 681//1523 587//1411
f 636//1565 686//1565 658//1565
f 420//1281 553//1283 800//1566
f 420//1281 800//1566 685//1459
f 658//1567 659//1567 622//1567
f 622//1376 659//1568 553//1377
f 610//1466 637//1507 649//1569
f 609//1072 720//1570 689//1508
f 623//1571 689//1571 661//1571
f 626//1433 651//1572 650//1434
f 651//1573 626//1574 652//1575
f 613//1576 726//1577 652//1578
f 613//1579 597//1579 726//1579
f 573//1387 627//1580 663//1533
f 627//1581 729//1582 756//1583
f 638//1437 696//1584 639//1438
f 639//1585 696//1585 664//1585
f 640//1586 664//1586 665//1586
f 640//1587 665//1587 627//1587
f 654//1538 628//1537 630//1588
f 630//1588 666//1589 654//1538
f 698//1590 757//1591 641//1592
f 631//1480 759//1593 630//1481
f 701//1594 643//1594 702//1594
f 706//1595 667//1596 614//1597
f 667//1598 707//1598 668//1598
f 632//1599 633//1599 809//1599
f 809//1600 762//1601 632//1602
f 616//1491 673//1490 672//1603
f 632//1081 765//1604 766//1344
f 784//1398 811//1605 673//1343
f 602//1226 938//1606 850//1493
f 487//1228 940//1607 602//1226
f 740//1608 866//1609 674//1610
f 543//1171 581//1304 742//1518
f 543//1171 415//924 581//1304
f 676//1611 889//1612 791//1613
f 646//1614 677//1614 618//1614
f 791//1564 679//1615 635//1562
f 635//1410 680//1616 681//1523
f 684//1617 607//1617 716//1617
f 647//1424 773//1462 648//1062
f 685//1459 775//1618 608//1460
f 658//1619 748//1619 659//1619
f 610//1466 649//1569 718//1620
f 637//1621 688//1621 649//1621
f 637//1622 721//1622 688//1622
f 637//1507 660//1467 721//1623
f 662//1624 841//1625 660//1626
f 689//1508 750//1627 661//1628
f 661//1629 750//1629 690//1629
f 690//1630 691//1631 662//1624
f 651//1632 722//1633 650//1634
f 725//1635 694//1636 695//1637
f 725//1635 695//1637 728//1638
f 696//1639 697//1639 664//1639
f 664//1640 697//1640 665//1640
f 665//1641 697//1641 731//1641
f 630//1642 759//1642 666//1642
f 641//1643 699//1644 703//1645
f 642//1646 641//1646 703//1646
f 699//1647 702//1647 703//1647
f 642//1648 704//1648 733//1648
f 703//1649 704//1649 642//1649
f 703//1650 705//1650 704//1650
f 643//1651 669//1652 761//1653
f 669//1652 737//1654 761//1653
f 707//1655 708//1656 668//1657
f 668//1658 708//1658 669//1658
f 670//1659 809//1659 655//1659
f 670//1660 655//1661 671//1662
f 655//1663 616//1663 671//1663
f 616//1664 672//1664 671//1664
f 632//1081 762//1665 765//1604
f 522//777 965//1494 740//1345
f 835//1666 834//1666 487//1666
f 542//1667 675//1668 711//1669
f 524//1231 675//1670 542//1266
f 644//986 741//1267 853//1302
f 579//1671 767//1671 675//1671
f 579//1672 580//1672 767//1672
f 525//1124 657//1561 678//1520
f 677//1673 582//1673 618//1673
f 679//1674 713//1674 680//1674
f 619//1675 838//1675 646//1675
f 680//1676 682//1676 681//1676
f 635//1410 679//1677 680//1616
f 681//1523 794//1678 587//1411
f 681//1679 682//1680 714//1681
f 680//1682 715//1683 682//1684
f 713//1685 715//1683 680//1682
f 715//1686 683//1687 682//1688
f 715//1686 620//1453 683//1687
f 684//1371 683//1689 620//1453
f 684//1690 716//1690 683//1690
f 607//1691 772//1691 716//1691
f 658//1692 686//1692 687//1692
f 658//1693 687//1693 748//1693
f 800//1694 553//1694 659//1694
f 659//1695 748//1696 776//1697
f 750//1698 723//1698 690//1698
f 690//1699 723//1699 724//1699
f 690//1700 724//1700 691//1700
f 722//1701 651//1701 692//1701
f 692//1702 651//1703 693//1704
f 651//1573 652//1575 693//1705
f 693//1706 652//1578 726//1577
f 597//1388 663//1533 829//1707
f 627//1581 730//1708 729//1582
f 665//1709 730//1708 627//1581
f 697//1710 779//1711 653//1539
f 697//1712 732//1712 731//1712
f 779//1713 698//1713 653//1713
f 653//1539 654//1538 697//1710
f 697//1714 654//1714 732//1714
f 698//1590 804//1715 757//1591
f 666//1716 732//1716 654//1716
f 666//1717 759//1717 732//1717
f 641//1643 760//1718 699//1644
f 760//1719 702//1719 699//1719
f 760//1720 701//1720 702//1720
f 702//1721 705//1721 703//1721
f 733//1722 704//1722 734//1722
f 702//1723 643//1723 705//1723
f 667//1596 706//1595 707//1724
f 706//1725 736//1725 707//1725
f 669//1726 708//1726 737//1726
f 736//1727 670//1727 707//1727
f 670//1728 736//1728 809//1728
f 707//1729 670//1729 709//1729
f 707//1655 709//1730 708//1656
f 670//1660 671//1662 709//1731
f 671//1662 672//1732 709//1731
f 672//1733 738//1733 709//1733
f 673//1734 811//1734 672//1734
f 601//864 850//1493 445//826
f 487//1735 834//1736 940//1607
f 674//1737 866//1737 835//1737
f 4685//1556 816//1555 787//1738
f 4685//1739 787//1740 712//1741
f 582//1270 677//1742 676//1406
f 646//1743 743//1744 677//1745
f 791//1746 792//1746 679//1746
f 646//1747 838//1747 743//1747
f 792//1748 713//1748 679//1748
f 681//1749 714//1749 794//1749
f 713//1685 548//1750 715//1683
f 620//1453 715//1686 548//1240
f 714//1751 683//1752 716//1753
f 682//1680 683//1754 714//1681
f 587//1411 857//1755 606//1454
f 606//1454 857//1755 796//1756
f 606//1275 796//1757 647//1424
f 775//1758 607//1458 608//1457
f 621//1524 744//1759 686//1525
f 621//1463 773//1462 744//1760
f 686//1761 744//1761 687//1761
f 717//1762 744//1763 746//1764
f 744//1765 717//1765 687//1765
f 659//1766 745//1767 800//1768
f 687//1769 717//1769 748//1769
f 746//1770 719//1770 717//1770
f 717//1771 719//1771 747//1771
f 717//1772 747//1773 748//1774
f 718//1775 649//1775 746//1775
f 746//1776 649//1776 719//1776
f 649//1777 688//1777 719//1777
f 719//1778 688//1778 721//1778
f 719//1779 721//1780 749//1781
f 750//1782 722//1782 723//1782
f 722//1783 692//1783 723//1783
f 723//1784 692//1702 693//1704
f 723//1785 693//1786 724//1787
f 722//1633 875//1788 650//1634
f 650//1473 878//1789 725//1474
f 726//1790 752//1790 693//1790
f 725//1635 753//1791 694//1636
f 695//1792 754//1793 727//1794
f 694//1795 754//1795 695//1795
f 597//1388 829//1707 726//1796
f 695//1797 755//1797 728//1797
f 695//1792 727//1794 755//1798
f 696//1799 728//1800 842//1801
f 663//1802 627//1803 756//1804
f 696//1805 779//1805 697//1805
f 665//1806 731//1806 730//1806
f 732//1807 759//1808 758//1809
f 757//1810 780//1811 641//1812
f 641//1813 780//1814 760//1815
f 705//1816 735//1816 704//1816
f 705//1817 643//1817 735//1817
f 643//1651 761//1653 735//1818
f 761//1819 810//1819 735//1819
f 737//1654 810//1820 761//1653
f 708//1821 709//1821 738//1821
f 708//1822 738//1823 737//1824
f 762//1665 763//1825 765//1604
f 445//826 739//1826 784//1398
f 866//1827 836//1827 835//1827
f 710//1400 542//1828 815//1829
f 675//1830 785//1830 711//1830
f 742//1518 786//1831 580//1497
f 645//1554 888//1832 816//1555
f 678//1520 790//1833 581//1304
f 712//1741 787//1740 789//1834
f 712//1835 789//1835 657//1835
f 657//1836 789//1836 821//1836
f 743//1744 769//1837 677//1745
f 792//1838 793//1838 713//1838
f 619//1452 855//1839 838//1840
f 548//1841 713//1841 793//1841
f 587//1411 794//1678 857//1755
f 716//1753 770//1842 714//1751
f 796//1843 771//1843 647//1843
f 685//1844 798//1845 775//1846
f 659//1695 776//1697 745//1847
f 748//1848 801//1849 776//1697
f 747//1850 719//1850 749//1850
f 747//1773 749//1851 748//1774
f 748//1852 749//1852 801//1852
f 722//1633 689//1508 875//1788
f 724//1853 751//1854 691//1855
f 693//1786 752//1856 724//1787
f 724//1857 752//1858 751//1859
f 725//1860 878//1860 753//1860
f 753//1861 777//1862 802//1863
f 753//1864 754//1864 694//1864
f 753//1861 802//1863 754//1865
f 802//1866 829//1866 663//1866
f 802//1867 663//1867 754//1867
f 754//1868 756//1868 727//1868
f 754//1869 663//1802 756//1804
f 728//1870 755//1870 842//1870
f 730//1871 758//1872 803//1873
f 731//1874 758//1874 730//1874
f 779//1875 804//1876 698//1877
f 732//1807 758//1809 731//1878
f 700//1543 846//1879 759//1544
f 701//1880 760//1880 806//1880
f 701//1881 806//1882 700//1883
f 737//1824 738//1823 810//1884
f 809//1600 848//1885 762//1601
f 672//1886 811//1886 738//1886
f 831//1887 781//1887 763//1887
f 763//1888 781//1888 764//1888
f 765//1889 763//1889 764//1889
f 764//1890 783//1891 765//1892
f 766//1893 783//1893 812//1893
f 656//1168 766//1344 814//1894
f 602//1226 940//1607 938//1606
f 710//1400 815//1829 741//1267
f 675//1895 767//1895 785//1895
f 580//1497 786//1831 767//1896
f 853//1302 888//1897 645//1303
f 768//1898 788//1899 677//1900
f 678//1901 657//1901 821//1901
f 768//1902 677//1902 769//1902
f 743//1903 890//1903 769//1903
f 837//1904 548//1905 793//1906
f 619//1452 548//1240 855//1839
f 714//1907 795//1907 794//1907
f 794//1908 946//1909 857//1910
f 716//1911 772//1911 770//1911
f 647//1424 774//1912 773//1462
f 647//1913 797//1913 774//1913
f 797//1914 798//1915 774//1916
f 773//1917 870//1918 744//1763
f 746//1764 744//1763 827//1919
f 746//1764 827//1919 718//1920
f 660//1921 841//1922 721//1923
f 662//1624 691//1631 841//1625
f 875//1924 878//1789 650//1473
f 830//1925 829//1926 802//1927
f 727//1928 778//1928 755//1928
f 727//1929 756//1929 778//1929
f 756//1930 729//1930 778//1930
f 779//1931 842//1931 907//1931
f 779//1875 907//1932 804//1876
f 758//1933 881//1934 803//1935
f 757//1810 804//1936 780//1811
f 780//1814 805//1937 760//1815
f 805//1938 806//1938 760//1938
f 700//1883 806//1882 846//1939
f 734//1940 807//1940 733//1940
f 734//1941 808//1941 807//1941
f 704//1942 808//1942 734//1942
f 735//1943 808//1943 704//1943
f 735//1944 810//1944 808//1944
f 733//1945 900//1946 706//1947
f 706//1948 900//1949 962//1950
f 762//1951 831//1952 763//1953
f 738//1954 832//1955 849//1956
f 831//1957 811//1957 781//1957
f 811//1958 832//1958 738//1958
f 781//1959 782//1959 764//1959
f 781//1960 811//1960 782//1960
f 765//1604 783//1961 766//1344
f 764//1890 782//1962 783//1891
f 811//1605 784//1398 782//1963
f 445//826 850//1493 739//1826
f 656//1168 814//1894 965//1494
f 853//1302 741//1267 851//1964
f 742//1518 581//1304 786//1831
f 787//1738 816//1555 817//1965
f 768//1898 817//1966 788//1899
f 787//1740 818//1967 789//1834
f 677//1968 788//1969 676//1970
f 789//1971 818//1971 820//1971
f 678//1520 821//1972 790//1833
f 769//1973 819//1973 768//1973
f 820//1974 821//1974 789//1974
f 791//1613 889//1612 854//1975
f 791//1976 854//1976 792//1976
f 792//1977 837//1904 793//1906
f 548//1978 837//1978 855//1978
f 794//1908 839//1979 946//1909
f 714//1751 770//1842 795//1980
f 796//1981 824//1981 771//1981
f 771//1982 824//1982 797//1982
f 607//1458 775//1758 903//1983
f 773//1984 774//1984 825//1984
f 647//1985 771//1985 797//1985
f 824//1986 798//1986 797//1986
f 824//1987 775//1846 798//1845
f 798//1915 799//1988 774//1916
f 774//1916 799//1988 826//1989
f 799//1990 798//1990 685//1990
f 800//1566 799//1991 685//1459
f 718//1505 953//1992 720//1506
f 750//1627 689//1508 722//1633
f 691//1855 751//1854 841//1993
f 751//1994 862//1994 841//1994
f 777//1995 830//1925 802//1927
f 726//1796 829//1707 752//1996
f 803//1873 778//1997 729//1998
f 696//1799 842//1801 779//1999
f 729//1998 730//1871 803//1873
f 804//1876 908//2000 780//2001
f 780//2002 908//2002 805//2002
f 759//2003 882//2003 758//2003
f 759//2004 846//2004 882//2004
f 733//2005 807//2005 900//2005
f 706//1948 962//1950 736//2006
f 736//2007 962//2008 809//1600
f 809//1600 962//2008 848//1885
f 738//2009 886//2010 810//2011
f 762//1951 848//2012 831//1952
f 738//1954 849//1956 886//2013
f 832//2014 811//2014 831//2014
f 782//2015 813//2015 783//2015
f 783//2016 833//2016 812//2016
f 783//2017 813//2018 833//2019
f 739//2020 782//2020 784//2020
f 782//2021 739//2021 813//2021
f 741//2022 815//2023 1018//2024
f 741//1267 1018//2025 851//1964
f 785//2026 852//2026 711//2026
f 785//2027 942//2028 852//2029
f 767//2030 942//2030 785//2030
f 787//2031 817//2031 818//2031
f 817//2032 768//2032 818//2032
f 818//2033 768//2033 819//2033
f 818//2034 819//2034 820//2034
f 676//1970 788//1969 868//2035
f 676//1611 868//2036 889//1612
f 819//2037 823//2037 820//2037
f 819//2038 769//2038 823//2038
f 743//2039 838//2039 890//2039
f 792//2040 854//2040 837//2040
f 796//1756 857//1755 858//2041
f 796//1756 858//2041 824//2042
f 772//2043 607//2044 903//2045
f 825//2046 774//2047 826//2048
f 799//2049 800//2050 826//2051
f 720//1506 871//2052 828//2053
f 689//1508 720//1570 828//2054
f 751//2055 926//2056 862//2057
f 879//2058 777//2058 878//2058
f 755//2059 843//2060 842//2061
f 755//2059 844//2062 843//2060
f 778//2063 844//2063 755//2063
f 803//2064 844//2065 778//2066
f 805//2067 908//2068 845//2069
f 805//2067 845//2069 806//2070
f 806//2071 845//2071 846//2071
f 885//2072 832//2072 831//2072
f 766//2073 812//2074 901//2075
f 850//1493 938//1606 739//2076
f 866//2077 887//2078 836//2079
f 836//2080 941//2080 835//2080
f 820//2081 823//2081 821//2081
f 821//2082 823//2083 822//2084
f 769//2085 890//2086 823//2087
f 855//1839 970//2088 838//1840
f 794//2089 856//2090 839//2091
f 794//2089 795//2092 856//2090
f 772//2043 894//2093 770//2094
f 824//2095 858//2095 859//2095
f 775//2096 824//2096 859//2096
f 775//1758 859//2097 903//1983
f 825//2098 860//2099 773//1917
f 826//2048 840//2100 825//2046
f 826//2051 800//2050 840//2101
f 744//1763 870//1918 827//1919
f 776//1697 801//1849 745//1847
f 718//1920 827//1919 953//2102
f 749//1781 721//1780 801//2103
f 871//2104 872//2105 828//2106
f 689//1508 828//2054 897//2107
f 689//1508 897//2107 875//1788
f 777//2108 879//2108 830//2108
f 830//2109 879//2109 880//2109
f 830//2110 880//2111 829//1707
f 829//1707 880//2111 927//2112
f 842//2113 863//2114 930//2115
f 842//2116 843//2117 863//2118
f 900//2119 807//2120 847//2121
f 808//2122 864//2122 807//2122
f 808//2123 810//2124 864//2125
f 831//2126 848//2126 885//2126
f 832//2127 885//2127 849//2127
f 833//2128 865//2129 812//2130
f 833//2019 813//2018 865//2131
f 836//2079 887//2078 941//2132
f 542//2133 867//2134 815//2135
f 542//1667 711//1669 867//2136
f 788//1969 817//2137 868//2035
f 823//2087 890//2086 822//2138
f 854//2139 891//2139 837//2139
f 837//2140 891//2141 855//2142
f 795//2143 869//2144 856//2145
f 770//2146 869//2146 795//2146
f 770//2147 894//2147 869//2147
f 772//2043 903//2045 894//2093
f 860//2148 896//2148 895//2148
f 773//1917 860//2099 870//1918
f 800//2149 951//2149 840//2149
f 827//1919 919//2150 952//2151
f 720//1506 953//1992 871//2052
f 801//2103 973//2152 1031//2153
f 872//2154 861//2154 828//2154
f 872//2155 874//2155 861//2155
f 828//2054 873//2156 897//2107
f 828//2157 861//2157 873//2157
f 876//2158 841//2159 862//2160
f 875//2161 924//2162 1135//2163
f 751//1859 752//1858 927//2164
f 752//1996 829//1707 927//2112
f 927//2165 926//2056 751//2055
f 758//1933 882//2166 881//1934
f 908//2068 909//2167 845//2069
f 845//2168 909//2168 882//2168
f 845//2169 882//2169 846//2169
f 807//2170 884//2170 847//2170
f 807//2171 864//2171 884//2171
f 848//2172 935//2172 885//2172
f 812//2130 865//2129 901//2173
f 814//1894 766//1344 1068//2174
f 766//2073 901//2075 1068//2175
f 835//2176 1069//2176 834//2176
f 711//1669 902//2177 867//2136
f 711//2178 852//2178 902//2178
f 767//1896 786//1831 942//2179
f 854//2180 917//2181 891//2182
f 890//2183 838//2183 970//2183
f 855//2142 891//2141 945//2184
f 839//1979 892//2185 946//1909
f 856//2186 893//2186 839//2186
f 946//1909 918//2187 857//2188
f 857//2189 918//2189 858//2189
f 858//2190 918//2190 859//2190
f 859//2097 918//2191 903//1983
f 860//2192 895//2193 870//2194
f 825//2195 896//2195 860//2195
f 825//2196 840//2196 896//2196
f 827//1919 870//1918 919//2150
f 745//1767 951//2197 800//1768
f 801//2198 1031//2198 1030//2198
f 871//2199 953//2199 921//2199
f 871//2104 904//2200 872//2105
f 922//2201 904//2202 871//2203
f 904//2204 874//2204 872//2204
f 904//2205 841//2159 874//2206
f 861//2207 877//2207 873//2207
f 861//2208 876//2208 877//2208
f 874//2209 876//2209 861//2209
f 876//2210 862//2211 877//2212
f 876//2158 874//2206 841//2159
f 878//1789 1135//2213 879//2214
f 843//2117 898//2215 863//2118
f 842//2216 930//2216 907//2216
f 844//2062 898//2217 843//2060
f 844//2065 899//2218 898//2219
f 847//2220 883//2220 979//2220
f 979//2221 900//2119 847//2121
f 883//2222 847//2222 884//2222
f 885//2223 913//2223 849//2223
f 849//1956 913//2224 886//2013
f 813//2225 937//2226 865//2227
f 739//2076 937//2228 813//2229
f 740//1608 1049//2230 866//1609
f 866//2231 1049//2232 887//2233
f 834//1736 1069//2234 940//1607
f 852//2235 916//2236 902//2237
f 852//2029 942//2028 916//2238
f 853//1302 851//1964 888//1897
f 888//1832 943//2239 816//1555
f 889//1612 868//2036 989//2240
f 854//2180 989//2241 917//2181
f 855//1839 945//2242 970//2088
f 839//2243 893//2243 892//2243
f 856//2145 869//2144 893//2244
f 951//2245 920//2245 840//2245
f 871//2203 921//2246 922//2201
f 801//2103 721//1780 973//2152
f 721//1923 841//1922 973//2247
f 875//1788 897//2107 924//2248
f 862//2211 926//2249 877//2212
f 880//2250 879//2251 905//2252
f 880//2253 905//2253 927//2253
f 863//2254 898//2254 906//2254
f 803//2064 899//2218 844//2065
f 804//1876 907//1932 908//2000
f 909//2255 908//2255 960//2255
f 882//2256 909//2256 910//2256
f 900//1949 979//2257 980//2258
f 884//2259 934//2259 883//2259
f 962//2008 1012//2260 848//1885
f 885//2261 935//2261 913//2261
f 865//2262 914//2262 901//2262
f 901//2263 936//2264 1068//2174
f 940//1607 939//2265 938//1606
f 740//1345 915//2266 1049//2267
f 835//2268 941//2268 1069//2268
f 816//1555 943//2239 985//2269
f 816//1555 985//2269 817//1965
f 817//2137 985//2270 868//2035
f 821//2082 822//2084 790//2271
f 891//2182 917//2181 945//2272
f 890//2273 970//2274 1118//2275
f 918//2276 949//2276 903//2276
f 894//2093 903//2045 995//2277
f 840//2278 920//2278 896//2278
f 827//1919 952//2151 953//2102
f 922//2279 923//2279 904//2279
f 841//2280 904//2280 923//2280
f 841//1922 923//2281 973//2247
f 897//2282 873//2282 924//2282
f 877//2283 925//2283 873//2283
f 877//2284 926//2284 925//2284
f 879//2285 1135//2285 1003//2285
f 879//2251 954//2286 905//2252
f 905//2287 954//2288 928//2289
f 927//2165 905//2290 929//2291
f 863//2114 1004//2292 930//2115
f 863//2293 906//2294 1004//2295
f 803//2064 1005//2296 899//2218
f 960//2297 932//2297 909//2297
f 909//2298 932//2298 910//2298
f 910//2299 932//2299 961//2299
f 912//2300 932//2301 911//2302
f 979//2303 883//2304 911//2302
f 911//2302 883//2304 912//2300
f 912//2300 883//2304 934//2305
f 864//2306 934//2306 884//2306
f 962//1950 900//1949 980//2258
f 810//2124 1044//2307 864//2125
f 901//2308 914//2308 936//2308
f 865//2309 983//2310 914//2311
f 865//2227 937//2226 983//2312
f 740//1345 965//1494 915//2266
f 941//2313 1017//2313 1069//2313
f 815//2314 1090//2315 1239//2316
f 867//2134 1090//2317 815//2135
f 867//2318 902//2319 966//2320
f 888//2321 967//2322 943//2323
f 790//2324 822//2324 988//2324
f 854//2325 889//2325 989//2325
f 893//2326 944//2327 892//2185
f 918//2187 946//1909 992//2328
f 869//2329 948//2330 893//2331
f 869//2332 894//2332 948//2332
f 903//2045 949//2333 994//2334
f 903//2045 994//2334 995//2277
f 870//2335 997//2336 919//2337
f 951//2197 745//1767 999//2338
f 801//2339 1030//2340 745//2341
f 922//2342 1033//2342 923//2342
f 873//2343 925//2343 924//2343
f 875//1924 1135//2213 878//1789
f 954//2344 957//2344 928//2344
f 928//2345 957//2345 955//2345
f 905//2287 928//2289 929//2346
f 928//2347 955//2348 929//2349
f 1004//2295 906//2294 958//2350
f 958//2351 906//2351 931//2351
f 931//2352 906//2352 898//2352
f 898//2353 959//2353 931//2353
f 899//2354 959//2354 898//2354
f 882//2355 910//2355 933//2355
f 882//2166 933//2356 881//1934
f 960//2357 977//2357 932//2357
f 977//2358 911//2358 932//2358
f 977//2359 979//2360 911//2361
f 912//2362 961//2363 932//2364
f 912//2362 934//2365 961//2363
f 864//2366 1044//2366 934//2366
f 810//2124 1011//2367 1044//2307
f 810//2011 886//2010 1011//2368
f 848//1885 1012//2260 935//2369
f 935//2370 963//2370 913//2370
f 913//2224 963//2371 886//2013
f 938//1606 937//2228 739//2076
f 887//2233 1049//2232 1188//2372
f 887//2373 1188//2374 941//2375
f 815//2023 1107//2376 1018//2024
f 966//2320 1070//2377 867//2318
f 902//2378 1019//2378 966//2378
f 888//2379 1092//2379 967//2379
f 943//2380 984//2380 985//2380
f 868//2381 985//2382 1071//2383
f 790//1833 988//2384 987//2385
f 890//2386 1118//2386 822//2386
f 917//2387 968//2387 945//2387
f 968//2388 991//2388 945//2388
f 892//2185 990//2389 946//1909
f 893//2331 947//2390 944//2391
f 947//2390 893//2331 948//2330
f 896//2392 950//2392 895//2392
f 896//2393 920//2394 950//2395
f 952//2396 919//2397 1076//2398
f 745//1767 1028//2399 999//2338
f 921//2400 953//2401 1061//2402
f 921//2246 1061//2403 922//2201
f 922//2404 1061//2404 1033//2404
f 973//2405 1176//2406 1031//2407
f 923//2408 1033//2409 973//2410
f 925//2411 974//2411 924//2411
f 926//2412 1002//2413 925//2414
f 956//2415 954//2415 1003//2415
f 954//2416 956//2417 957//2418
f 957//2419 975//2419 955//2419
f 1004//2420 958//2420 956//2420
f 956//2417 958//2421 957//2418
f 957//2422 958//2422 931//2422
f 957//2423 931//2423 975//2423
f 975//2424 931//2424 959//2424
f 959//2425 1036//2425 975//2425
f 899//2426 1005//2426 959//2426
f 907//2427 976//2427 1006//2427
f 907//2428 1037//2429 976//2430
f 907//2431 1006//2431 1103//2431
f 907//1932 1103//2432 908//2000
f 908//2433 1103//2433 960//2433
f 881//1934 933//2356 978//2434
f 960//2435 1103//2436 977//2359
f 979//2360 977//2359 1042//2437
f 961//2438 933//2438 910//2438
f 979//2257 1042//2439 980//2258
f 961//2440 934//2440 933//2440
f 962//2441 981//2441 1009//2441
f 1012//2260 962//2008 1009//2442
f 886//2013 1046//2443 1011//2444
f 935//2445 1014//2446 963//2447
f 963//2371 1047//2448 886//2013
f 1013//2449 936//2450 964//2451
f 936//2452 914//2452 964//2452
f 964//2453 983//2453 1016//2453
f 914//2311 983//2310 964//2454
f 867//2455 1070//2456 1090//2457
f 888//1897 851//1964 1091//2458
f 967//2322 1020//2459 943//2323
f 1053//2460 790//1833 987//2385
f 917//2461 989//2461 968//2461
f 969//2462 989//2462 944//2462
f 968//2463 989//2463 969//2463
f 969//2464 971//2464 968//2464
f 968//2465 971//2465 991//2465
f 944//2466 947//2466 969//2466
f 969//2467 947//2390 971//2468
f 945//2469 991//2469 1023//2469
f 945//2470 1023//2471 970//2274
f 946//1909 990//2389 992//2328
f 947//2390 948//2330 971//2468
f 918//2472 992//2472 993//2472
f 918//2473 993//2473 949//2473
f 894//2093 1054//2474 948//2475
f 949//2333 993//2476 994//2334
f 920//2394 998//2477 950//2395
f 997//2478 1060//2478 972//2478
f 919//2337 997//2336 972//2479
f 972//2480 1000//2480 919//2480
f 745//2341 1030//2340 1028//2481
f 1061//2482 1032//2482 1033//2482
f 925//2483 1002//2483 974//2483
f 879//2484 1003//2484 954//2484
f 927//2165 1100//2485 926//2056
f 955//2486 975//2486 1036//2486
f 907//2428 930//2487 1037//2429
f 980//2488 981//2488 962//2488
f 935//2489 1012//2489 982//2489
f 886//2013 1047//2448 1046//2443
f 935//2490 982//2490 1014//2490
f 982//2491 1015//2491 1014//2491
f 963//2447 1014//2446 1047//2492
f 936//2450 1013//2449 1106//2493
f 941//2375 1188//2374 1152//2494
f 941//2495 1152//2496 1017//2497
f 815//2314 1239//2316 1107//2498
f 902//2237 916//2236 1019//2499
f 851//1964 1279//2500 1091//2501
f 888//1897 1091//2458 1092//2502
f 581//1304 1110//2503 786//1831
f 786//1831 1110//2503 1337//2504
f 581//1304 790//1833 1110//2503
f 943//2505 1020//2505 984//2505
f 1020//2506 986//2507 984//2508
f 1020//2506 1053//2509 986//2507
f 986//2510 1021//2510 984//2510
f 1053//2511 987//2511 986//2511
f 989//2240 868//2036 944//2512
f 1118//2275 970//2274 1023//2471
f 971//2513 1024//2513 991//2513
f 991//2514 1024//2515 1023//2516
f 948//2517 1024//2517 971//2517
f 948//2518 1054//2519 1024//2520
f 895//2193 1073//2521 870//2194
f 895//2522 996//2522 1073//2522
f 996//2523 895//2523 950//2523
f 870//2524 1073//2525 1172//2526
f 870//2335 1074//2527 997//2336
f 920//2528 951//2528 999//2528
f 920//2529 999//2529 998//2529
f 1060//2530 1001//2531 972//2532
f 919//2533 1000//2533 1076//2533
f 972//2532 1001//2531 1000//2534
f 953//2401 952//2535 1061//2402
f 1176//2406 973//2405 1121//2536
f 924//2537 974//2537 1034//2537
f 1135//2538 1063//2539 1003//2540
f 1003//2540 1063//2539 1125//2541
f 1003//2540 1125//2541 956//2542
f 929//2291 1100//2485 927//2165
f 955//2348 1035//2543 929//2349
f 1036//2544 1035//2543 955//2348
f 930//2487 1205//2545 1037//2429
f 1037//2546 1064//2546 976//2546
f 1064//2547 1039//2547 976//2547
f 881//1934 1005//2548 803//1935
f 1038//2549 1005//2549 1039//2549
f 976//2550 1007//2550 1006//2550
f 1039//2551 1007//2551 976//2551
f 1039//2552 881//2552 1007//2552
f 1039//2553 1005//2548 881//1934
f 1006//2554 1007//2554 1040//2554
f 933//2555 934//2556 1086//2557
f 980//2558 1084//2558 981//2558
f 1084//2559 1043//2560 981//2561
f 1043//2562 1008//2563 981//2564
f 1043//2565 1044//2565 1008//2565
f 981//2566 1010//2566 1009//2566
f 1044//2307 1011//2367 1008//2567
f 981//2564 1008//2563 1010//2568
f 982//2569 1012//2569 1106//2569
f 982//2570 1106//2570 1015//2570
f 1015//2571 1106//2571 1013//2571
f 1015//2572 1013//2572 1014//2572
f 1014//2446 1013//2573 1048//2574
f 1014//2446 1048//2574 1047//2492
f 1048//2575 1013//2575 964//2575
f 1048//2576 964//2576 1016//2576
f 936//2264 1106//2577 1068//2174
f 939//2265 1459//2578 938//1606
f 967//2579 1092//2579 1020//2579
f 1092//2580 1050//2581 1020//2582
f 1050//2583 1051//2584 1020//2585
f 1020//2506 1051//2586 1053//2509
f 790//1833 1111//2587 1110//2503
f 985//2588 1021//2589 1052//2590
f 984//2591 1021//2591 985//2591
f 985//2592 1129//2593 1071//2594
f 1021//2595 987//2595 1022//2595
f 986//2596 987//2596 1021//2596
f 988//2384 1022//2597 987//2385
f 1023//2471 1132//2598 1118//2275
f 993//2599 992//2328 1025//2600
f 993//2601 1025//2601 1055//2601
f 993//2602 1055//2602 994//2602
f 994//2603 1055//2603 1056//2603
f 994//2334 1056//2604 995//2277
f 1026//2605 1073//2525 996//2606
f 996//2607 950//2607 1027//2607
f 950//2608 998//2609 1027//2610
f 997//2336 1074//2527 1060//2611
f 1074//2612 1096//2613 1060//2614
f 1060//2615 1028//2616 1001//2617
f 999//2618 1028//2618 1059//2618
f 1000//2619 1030//2619 1029//2619
f 1001//2617 1030//2620 1000//2621
f 1001//2617 1028//2616 1030//2620
f 1029//2622 1030//2622 1031//2622
f 924//2162 1062//2623 1135//2163
f 924//2624 1034//2624 1062//2624
f 956//2625 1125//2626 1004//2627
f 1004//2628 1205//2628 930//2628
f 1036//2544 1083//2629 1035//2543
f 1037//2630 1205//2631 1142//2632
f 1064//2633 1038//2633 1039//2633
f 1005//2634 1038//2634 1082//2634
f 1006//2635 1065//2635 1103//2635
f 1006//2636 1040//2637 1065//2638
f 1007//2639 1041//2640 1040//2641
f 1007//2642 881//2642 1041//2642
f 881//2643 978//2434 1041//2644
f 933//2356 1104//2645 978//2434
f 977//2359 1103//2436 1042//2437
f 933//2356 1086//2646 1104//2645
f 980//2647 1105//2647 1084//2647
f 1084//2559 1085//2648 1043//2560
f 1044//2649 1086//2557 934//2556
f 1044//2650 1085//2650 1086//2650
f 1085//2651 1044//2651 1043//2651
f 1008//2652 1045//2652 1010//2652
f 1008//2653 1011//2653 1045//2653
f 1010//2654 1066//2654 1009//2654
f 1010//2655 1067//2656 1066//2657
f 1010//2658 1045//2658 1067//2658
f 1011//2444 1046//2443 1045//2659
f 1047//2492 1150//2660 1046//2661
f 1106//2577 1214//2662 1128//2663
f 937//2228 1088//2664 983//2665
f 1018//2025 1191//2666 851//1964
f 942//2179 1192//2667 916//2668
f 942//2179 786//1831 1192//2667
f 790//1833 1053//2460 1111//2587
f 1053//2669 1051//2669 1111//2669
f 1021//2589 1022//2670 1093//2671
f 944//2327 990//2389 892//2185
f 1025//2600 992//2328 1026//2605
f 894//2093 995//2277 1054//2474
f 1026//2672 1057//2672 1025//2672
f 1025//2673 1057//2673 1055//2673
f 1026//2674 996//2674 1057//2674
f 1057//2675 1027//2675 1058//2675
f 1057//2676 1058//2676 1055//2676
f 996//2677 1027//2677 1057//2677
f 998//2609 1075//2678 1027//2610
f 999//2679 1059//2679 998//2679
f 1096//2613 1059//2680 1060//2614
f 1000//2681 1077//2682 1076//2683
f 1028//2684 1060//2684 1059//2684
f 952//2396 1076//2398 1250//2685
f 1029//2686 1078//2687 1000//2688
f 952//2689 1098//2689 1061//2689
f 1031//2690 1078//2690 1029//2690
f 1031//2407 1176//2406 1078//2691
f 1032//2692 1061//2693 1079//2694
f 1032//2692 1079//2694 1080//2695
f 1032//2696 1080//2696 1033//2696
f 1033//2697 1080//2697 1121//2697
f 1033//2409 1121//2698 973//2410
f 974//2699 1002//2699 1034//2699
f 1002//2700 1081//2700 1034//2700
f 929//2349 1035//2543 1100//2701
f 1004//2627 1125//2626 1205//2702
f 1037//2630 1142//2632 1102//2703
f 1037//2704 1102//2704 1064//2704
f 1038//2705 1064//2705 1102//2705
f 1102//2706 1082//2706 1038//2706
f 1041//2640 1104//2707 1040//2641
f 978//2434 1104//2645 1041//2644
f 980//2708 1042//2708 1105//2708
f 1009//2709 1066//2709 1087//2709
f 1045//2710 1046//2711 1067//2712
f 1012//2260 1087//2713 1106//2577
f 1012//2260 1009//2442 1087//2713
f 1047//2492 1048//2574 1150//2660
f 1048//2574 1016//2714 1150//2660
f 983//2715 1168//2716 1016//2714
f 1049//2267 915//2266 1296//2717
f 1049//2267 1296//2717 1188//2374
f 1018//2025 1190//2718 1191//2666
f 966//2719 1019//2719 1108//2719
f 1019//2720 916//2668 1267//2721
f 1071//2722 1129//2723 1221//2724
f 1021//2589 1093//2671 1052//2590
f 988//2725 1072//2725 1022//2725
f 1072//2726 1093//2726 1022//2726
f 988//2727 822//2728 1072//2729
f 868//2730 1095//2730 1094//2730
f 822//2731 1118//2732 1156//2733
f 944//2512 868//2036 1094//2734
f 995//2277 1056//2604 1054//2519
f 1055//2735 1058//2736 1075//2678
f 1055//2737 1075//2737 1056//2737
f 1027//2610 1075//2678 1058//2736
f 870//2738 1172//2738 1074//2738
f 1074//2739 1119//2739 1096//2739
f 1000//2688 1078//2687 1077//2740
f 1061//2741 1098//2742 1079//2743
f 1034//2744 1099//2745 1062//2746
f 926//2412 1100//2747 1002//2413
f 1036//2748 959//2749 1083//2750
f 959//2749 1005//2751 1083//2750
f 1005//2752 1082//2752 1083//2752
f 1040//2637 1104//2753 1065//2638
f 1046//2711 1150//2754 1067//2712
f 1106//2577 1128//2663 1068//2174
f 1068//2174 1128//2663 1151//2755
f 938//1606 1266//2756 937//2228
f 938//1606 1459//2578 1266//2756
f 814//1894 1319//2757 965//1494
f 939//2265 1089//2758 1459//2759
f 940//1607 1238//2760 1334//2761
f 1069//2234 1238//2760 940//1607
f 966//2320 1108//2762 1070//2377
f 851//1964 1191//2666 1279//2500
f 1192//2667 1267//2721 916//2668
f 1050//2581 1092//2580 1109//2763
f 1050//2583 1109//2764 1051//2584
f 1051//2765 1109//2766 1111//2767
f 1071//2383 1130//2768 1112//2769
f 992//2328 990//2389 1157//2770
f 992//2328 1157//2770 1026//2605
f 1026//2605 1269//2771 1073//2525
f 1172//2772 1199//2772 1074//2772
f 1074//2773 1199//2773 1119//2773
f 1059//2680 1096//2613 1158//2774
f 1059//2775 1158//2775 1097//2775
f 1059//2776 1097//2777 998//2778
f 952//2779 1250//2780 1098//2781
f 1098//2742 1120//2782 1079//2743
f 1080//2783 1079//2783 1120//2783
f 1080//2784 1120//2784 1121//2784
f 1099//2785 1081//2785 1136//2785
f 1034//2786 1081//2786 1099//2786
f 1063//2787 1138//2787 1125//2787
f 1138//2788 1123//2788 1125//2788
f 1100//2789 1101//2790 1140//2791
f 1035//2543 1101//2792 1100//2701
f 1125//2793 1179//2794 1205//2795
f 1035//2543 1083//2629 1101//2792
f 1082//2796 1102//2796 1164//2796
f 1082//2797 1164//2797 1083//2797
f 1103//2436 1143//2798 1208//2799
f 1086//2800 1148//2801 1145//2802
f 1084//2803 1105//2803 1146//2803
f 1084//2804 1146//2804 1147//2804
f 1084//2805 1147//2806 1085//2807
f 1085//2807 1147//2806 1086//2808
f 1066//2657 1067//2656 1127//2809
f 1106//2577 1167//2810 1214//2662
f 983//2811 1088//2811 1168//2811
f 1107//2498 1190//2718 1018//2025
f 1019//2720 1267//2721 1108//2812
f 1091//2501 1279//2500 1169//2813
f 1091//2458 1169//2814 1092//2502
f 1192//2667 786//1831 1337//2815
f 1092//2816 1169//2816 1153//2816
f 1092//2817 1153//2818 1109//2819
f 1111//2587 1322//2820 1110//2503
f 1052//2821 1129//2593 985//2592
f 1052//2822 1170//2823 1129//2824
f 1071//2825 1221//2825 1130//2825
f 1072//2826 1113//2827 1093//2828
f 822//2728 1113//2829 1072//2729
f 1094//2830 1095//2830 1115//2830
f 1095//2831 1116//2832 1115//2833
f 1095//2831 1117//2834 1116//2832
f 1095//2835 1155//2835 1117//2835
f 1114//2836 1155//2836 1095//2836
f 1117//2837 1118//2837 1116//2837
f 1155//2838 1118//2732 1117//2839
f 1116//2840 1118//2275 1132//2598
f 1054//2519 1056//2604 1024//2520
f 1075//2841 998//2778 1097//2777
f 1119//2842 1173//2842 1096//2842
f 1096//2843 1173//2843 1158//2843
f 1078//2844 1133//2844 1077//2844
f 1078//2845 1176//2846 1133//2847
f 1098//2742 1134//2848 1120//2782
f 1175//2849 1099//2849 1134//2849
f 1134//2850 1137//2850 1120//2850
f 1120//2851 1137//2851 1121//2851
f 1175//2852 1062//2746 1099//2745
f 1134//2853 1099//2853 1136//2853
f 1136//2854 1137//2854 1134//2854
f 1062//2623 1175//2855 1135//2163
f 1081//2856 1161//2856 1136//2856
f 1138//2857 1122//2858 1123//2859
f 1122//2860 1124//2860 1123//2860
f 1002//2413 1100//2747 1162//2861
f 1122//2862 1140//2862 1124//2862
f 1123//2863 1139//2863 1125//2863
f 1124//2864 1126//2865 1123//2866
f 1124//2867 1101//2867 1126//2867
f 1140//2868 1101//2868 1124//2868
f 1101//2869 1141//2870 1126//2871
f 1205//2872 1182//2873 1142//2874
f 1101//2869 1083//2875 1181//2876
f 1182//2873 1205//2872 1416//2877
f 1142//2878 1163//2878 1102//2878
f 1102//2879 1163//2880 1164//2881
f 1065//2882 1143//2882 1103//2882
f 1065//2883 1144//2883 1143//2883
f 1104//2884 1144//2884 1065//2884
f 1104//2645 1145//2885 1144//2886
f 1103//2436 1165//2887 1042//2437
f 1104//2645 1086//2646 1145//2885
f 1105//2888 1042//2888 1146//2888
f 1087//2713 1166//2889 1167//2810
f 1066//2890 1166//2889 1087//2713
f 1066//2657 1127//2809 1166//2891
f 1067//2892 1149//2893 1127//2894
f 1067//2895 1150//2895 1149//2895
f 1016//2714 1168//2716 1150//2660
f 814//1894 1068//2174 1319//2757
f 940//1607 1334//2761 939//2265
f 1069//2896 1017//2497 1238//2897
f 1052//2898 1194//2898 1170//2898
f 1112//2769 1130//2768 1114//2899
f 1130//2900 1154//2901 1114//2902
f 1154//2903 1155//2903 1114//2903
f 944//2512 1094//2734 1340//2904
f 1115//2833 1116//2832 1131//2905
f 1118//2732 1155//2838 1156//2733
f 1116//2906 1132//2906 1131//2906
f 1023//2516 1024//2515 1132//2907
f 1157//2770 1269//2771 1026//2605
f 1073//2525 1269//2771 1172//2526
f 1119//2908 1199//2908 1173//2908
f 1076//2909 1159//2910 1250//2911
f 1077//2682 1159//2912 1076//2683
f 1098//2913 1203//2913 1134//2913
f 1134//2914 1203//2915 1175//2916
f 1121//2917 1137//2917 1177//2917
f 1135//2918 1160//2918 1063//2918
f 1136//2919 1161//2919 1137//2919
f 1063//2920 1160//2920 1138//2920
f 1160//2921 1178//2921 1138//2921
f 1138//2857 1140//2922 1122//2858
f 1138//2923 1178//2923 1140//2923
f 1178//2924 1100//2789 1140//2791
f 1123//2866 1126//2865 1139//2925
f 1125//2926 1139//2926 1179//2926
f 1126//2871 1141//2870 1139//2927
f 1101//2869 1181//2876 1141//2870
f 1083//2928 1164//2929 1207//2930
f 1086//2800 1147//2931 1148//2801
f 1150//2932 1215//2933 1278//2934
f 1068//2174 1151//2755 1318//2935
f 1052//2590 1093//2671 1194//2936
f 1243//2937 1154//2901 1130//2900
f 822//2938 1156//2939 1113//2940
f 1094//2941 1115//2941 1171//2941
f 1156//2942 1155//2942 1154//2942
f 990//2943 1196//2944 1157//2945
f 1132//2946 1288//2947 1131//2948
f 1056//2949 1075//2841 1248//2950
f 1077//2951 1174//2951 1159//2951
f 1133//2952 1174//2952 1077//2952
f 1176//2846 1204//2953 1133//2847
f 1121//2536 1177//2954 1229//2955
f 1175//2916 1291//2956 1310//2957
f 1175//2855 1310//2958 1135//2163
f 1135//2959 1310//2959 1160//2959
f 1137//2960 1161//2961 1177//2954
f 1002//2413 1162//2861 1081//2962
f 1100//2747 1178//2963 1162//2861
f 1179//2794 1373//2964 1205//2795
f 1139//2965 1180//2966 1179//2967
f 1141//2968 1180//2968 1139//2968
f 1141//2969 1181//2969 1180//2969
f 1142//2970 1182//2970 1163//2970
f 1182//2971 1206//2972 1163//2880
f 1144//2973 1183//2973 1143//2973
f 1042//2974 1165//2975 1146//2976
f 1147//2977 1146//2977 1211//2977
f 1147//2978 1211//2978 1148//2978
f 1106//2577 1087//2713 1167//2810
f 1214//2662 1184//2979 1128//2663
f 937//2228 1266//2756 1088//2664
f 965//1494 1319//2757 1383//2980
f 1152//2494 1188//2374 1297//2981
f 1152//2496 1238//2897 1017//2497
f 1239//2316 1090//2315 1218//2982
f 1108//2983 1218//2983 1070//2983
f 1153//2818 1169//2984 1193//2985
f 1153//2818 1193//2985 1109//2819
f 1109//2986 1193//2986 1242//2986
f 1109//2766 1322//2987 1111//2767
f 1109//2766 1242//2988 1322//2987
f 1130//2989 1221//2989 1243//2989
f 1113//2827 1194//2990 1093//2828
f 1156//2939 1326//2991 1113//2940
f 1131//2992 1288//2947 1195//2993
f 1157//2994 1196//2995 1197//2996
f 1024//2997 1364//2998 1288//2947
f 1024//2997 1288//2947 1132//2946
f 1269//2999 1343//2999 1172//2999
f 1172//3000 1343//3001 1199//3002
f 1173//3003 1200//3003 1158//3003
f 1158//3004 1200//3004 1201//3004
f 1158//3005 1201//3006 1097//3007
f 1098//2781 1250//2780 1203//3008
f 1133//3009 1204//3009 1174//3009
f 1203//2915 1291//2956 1175//2916
f 1121//2536 1229//2955 1176//2406
f 1081//3010 1162//3010 1161//3010
f 1182//3011 1416//3011 1206//3011
f 1163//2880 1206//2972 1164//2881
f 1164//2929 1206//3012 1207//2930
f 1143//3013 1210//3014 1208//3015
f 1144//3016 1145//3016 1183//3016
f 1165//2975 1235//3017 1146//2976
f 1146//3018 1235//3018 1211//3018
f 1166//2891 1127//2809 1213//3019
f 1127//2894 1149//2893 1213//3020
f 1150//2660 1168//2716 1215//3021
f 1184//3022 1186//3022 1185//3022
f 1184//3023 1216//3024 1186//3025
f 1128//3026 1184//3027 1185//3028
f 1216//3029 1168//3029 1186//3029
f 1185//3030 1186//3030 1187//3030
f 1186//3031 1088//3031 1187//3031
f 1168//3032 1088//3032 1186//3032
f 1185//3028 1217//3033 1128//3026
f 1334//2761 1089//2758 939//2265
f 1239//2316 1189//3034 1396//3035
f 1189//3036 1239//3036 1218//3036
f 1090//2457 1070//2456 1218//3037
f 1108//3038 1219//3039 1218//3040
f 1279//2500 1298//3041 1169//2813
f 1169//3042 1240//3043 1193//3044
f 1110//2503 1220//3045 1337//2504
f 1170//3046 1194//3046 1222//3046
f 1131//2905 1195//3047 1115//2833
f 1115//3048 1195//3048 1171//3048
f 1157//2770 1223//3049 1269//2771
f 1157//2994 1197//2996 1223//3050
f 1024//3051 1056//3051 1247//3051
f 1056//3052 1226//3052 1247//3052
f 1056//3053 1248//3053 1226//3053
f 1173//3054 1199//3054 1198//3054
f 1173//3055 1198//3055 1200//3055
f 1075//2841 1097//2777 1289//3056
f 1159//2910 1202//3057 1250//2911
f 1159//3058 1174//3058 1202//3058
f 1174//3059 1228//3059 1202//3059
f 1174//3060 1204//3060 1228//3060
f 1203//2915 1253//3061 1291//2956
f 1161//2961 1230//3062 1177//2954
f 1160//3063 1255//3063 1292//3063
f 1160//3064 1292//3064 1178//3064
f 1162//3065 1313//3066 1230//3067
f 1178//3068 1292//3068 1162//3068
f 1162//3065 1292//3069 1313//3066
f 1179//2794 1231//3070 1373//2964
f 1179//3071 1232//3071 1231//3071
f 1180//2966 1232//3072 1179//2967
f 1205//2872 1373//3073 1416//2877
f 1206//3074 1259//3074 1207//3074
f 1210//3075 1143//3076 1209//3077
f 1209//3078 1143//3078 1183//3078
f 1145//3079 1234//3079 1183//3079
f 1235//3080 1261//3080 1211//3080
f 1212//3081 1167//3081 1166//3081
f 1212//3082 1166//3082 1213//3082
f 1167//3083 1331//3084 1214//3085
f 1214//3086 1264//3087 1184//3088
f 1264//3089 1216//3024 1184//3023
f 1264//3090 1215//3091 1216//3092
f 1168//3093 1216//3093 1215//3093
f 1128//3094 1217//3094 1151//3094
f 1185//3028 1187//3095 1217//3033
f 1088//3096 1237//3096 1187//3096
f 1068//2174 1318//2935 1319//2757
f 965//1494 1383//2980 915//2266
f 1188//2374 1296//2717 1297//2981
f 1108//3038 1267//3097 1219//3039
f 1169//3098 1298//3098 1240//3098
f 1193//3099 1282//3099 1242//3099
f 1110//2503 1322//3100 1220//3045
f 1170//2823 1241//3101 1129//2824
f 1170//3102 1222//3102 1241//3102
f 1221//2724 1285//3103 1243//3104
f 1194//3105 1268//3105 1222//3105
f 1243//3106 1286//3106 1154//3106
f 1154//3107 1286//3107 1156//3107
f 1156//2939 1286//3108 1326//2991
f 1094//3109 1171//3110 1244//3111
f 944//3112 1340//3113 990//3114
f 990//2943 1304//3115 1196//2944
f 1196//3116 1245//3116 1197//3116
f 1245//3117 1224//3117 1197//3117
f 1024//2997 1247//3118 1364//2998
f 1223//3119 1246//3119 1269//3119
f 1197//3120 1225//3120 1223//3120
f 1224//3121 1225//3121 1197//3121
f 1224//3122 1226//3122 1225//3122
f 1225//3123 1226//3123 1227//3123
f 1227//3124 1226//3124 1248//3124
f 1075//2841 1289//3056 1248//2950
f 1198//3125 1252//3126 1200//3127
f 1200//3127 1252//3126 1201//3128
f 1289//3129 1097//3007 1201//3006
f 1249//3130 1250//3130 1202//3130
f 1204//3131 1254//3132 1228//3133
f 1176//3134 1411//3135 1204//3136
f 1229//2955 1230//3062 1369//3137
f 1160//3138 1310//3139 1255//3140
f 1161//3141 1162//3065 1230//3067
f 1231//3142 1232//3142 1256//3142
f 1180//3143 1273//3144 1232//3145
f 1181//3146 1273//3146 1180//3146
f 1206//3147 1416//2877 1257//3148
f 1206//3149 1257//3149 1259//3149
f 1259//3150 1275//3151 1207//3152
f 1233//3153 1274//3154 1210//3014
f 1210//3075 1209//3077 1233//3155
f 1183//3156 1260//3156 1209//3156
f 1183//3157 1234//3157 1260//3157
f 1103//2436 1208//2799 1165//2887
f 1234//3158 1145//3159 1353//3160
f 1145//2802 1148//2801 1353//3161
f 1211//3162 1261//3162 1148//3162
f 1212//3163 1213//3163 1236//3163
f 1213//3164 1263//3164 1236//3164
f 1213//3165 1149//3166 1263//3167
f 1277//3168 1264//3087 1214//3086
f 1217//3169 1265//3169 1151//3169
f 1217//3170 1187//3170 1265//3170
f 1151//2755 1316//3171 1318//2935
f 1088//2664 1266//2756 1237//3172
f 1152//3173 1385//3174 1238//2760
f 1107//2498 1239//2316 1396//3035
f 1193//3044 1240//3043 1282//3175
f 1194//3176 1113//3176 1302//3176
f 1194//3177 1302//3177 1268//3177
f 1094//3178 1244//3179 1340//3180
f 1196//3181 1304//3181 1245//3181
f 1245//3182 1247//3182 1224//3182
f 1246//3183 1227//3184 1270//3185
f 1223//3186 1227//3186 1246//3186
f 1225//3187 1227//3187 1223//3187
f 1226//3188 1224//3188 1247//3188
f 1248//2950 1289//3056 1270//3189
f 1199//3002 1343//3001 1198//3190
f 1271//3191 1198//3191 1308//3191
f 1198//3192 1271//3192 1252//3192
f 1271//3193 1272//3193 1252//3193
f 1249//3194 1202//3194 1251//3194
f 1251//3195 1202//3195 1228//3195
f 1203//2915 1250//3196 1253//3061
f 1310//3197 1291//3198 1309//3199
f 1231//3200 1256//3200 1373//3200
f 1083//2875 1374//3201 1181//2876
f 1083//2928 1207//2930 1374//3202
f 1207//3203 1275//3204 1374//3205
f 1274//3206 1258//3207 1257//3208
f 1257//3209 1258//3209 1259//3209
f 1274//3206 1233//3210 1258//3207
f 1258//3211 1260//3211 1259//3211
f 1260//3212 1352//3212 1259//3212
f 1258//3213 1233//3213 1260//3213
f 1233//3214 1209//3214 1260//3214
f 1234//3158 1352//3215 1260//3216
f 1234//3158 1353//3160 1352//3215
f 1165//3217 1330//3217 1235//3217
f 1235//3218 1330//3218 1261//3218
f 1261//3219 1314//3220 1148//2801
f 1330//3221 1276//3221 1261//3221
f 1276//3222 1212//3222 1262//3222
f 1212//3223 1236//3223 1262//3223
f 1262//3224 1236//3224 1263//3224
f 1187//3225 1237//3225 1265//3225
f 1151//3226 1265//3227 1316//3171
f 1297//2981 1385//3228 1152//2494
f 1107//2498 1396//3035 1650//3229
f 1107//2498 1650//3229 1190//2718
f 1279//2500 1652//3230 1298//3041
f 1337//2504 1220//3045 1594//3231
f 1240//3043 1280//3232 1282//3175
f 1242//3233 1282//3233 1322//3233
f 1129//2723 1285//3103 1221//2724
f 1243//3234 1285//3234 1286//3234
f 1113//2940 1325//3235 1302//3236
f 1171//3110 1287//3237 1244//3111
f 1195//3238 1327//3238 1171//3238
f 1195//2993 1288//2947 1327//3239
f 1246//3240 1306//3241 1269//3242
f 1246//3183 1270//3185 1307//3243
f 1270//3189 1227//3244 1248//2950
f 1198//3245 1343//3246 1308//3247
f 1201//3006 1290//3248 1289//3129
f 1249//3249 1251//3250 1308//3251
f 1308//3252 1251//3252 1271//3252
f 1271//3253 1251//3253 1272//3253
f 1252//3254 1272//3254 1290//3254
f 1252//3255 1290//3255 1201//3255
f 1251//3256 1228//3256 1272//3256
f 1272//3257 1228//3257 1290//3257
f 1255//3140 1310//3139 1311//3258
f 1255//3140 1311//3258 1312//3259
f 1255//3260 1312//3260 1292//3260
f 1373//3261 1256//3261 1444//3261
f 1232//3145 1273//3144 1293//3262
f 1259//3150 1352//3263 1275//3151
f 1314//3220 1353//3161 1148//2801
f 1330//3264 1378//3265 1276//3266
f 1212//3267 1378//3267 1167//3267
f 1378//3268 1212//3268 1276//3268
f 1263//3167 1149//3166 1294//3269
f 1167//3083 1493//3270 1331//3084
f 1214//3085 1331//3084 1277//3271
f 1150//2932 1278//2934 1149//3272
f 1278//3273 1381//3274 1315//3275
f 1215//3091 1264//3090 1381//3276
f 1215//2933 1381//3277 1278//2934
f 1237//3278 1295//3278 1265//3278
f 1191//2666 1652//3230 1279//2500
f 1267//3279 1321//3280 1219//3281
f 1241//3282 1222//3282 1281//3282
f 1299//3283 1300//3284 1280//3285
f 1280//3285 1300//3284 1282//3286
f 1129//2824 1241//3101 1595//3287
f 1281//3288 1222//3289 1284//3290
f 1284//3291 1222//3291 1301//3291
f 1222//3292 1268//3292 1301//3292
f 1268//3293 1302//3236 1301//3294
f 1171//3295 1303//3295 1287//3295
f 1171//3296 1327//3296 1303//3296
f 1247//3118 1305//3297 1364//2998
f 1269//3242 1306//3241 1365//3298
f 1343//3299 1269//3300 1365//3301
f 1246//3302 1307//3302 1306//3302
f 1270//3303 1289//3303 1307//3303
f 1228//3133 1254//3132 1290//3304
f 1176//2406 1229//2955 1411//3305
f 1229//2955 1177//2954 1230//3062
f 1311//3306 1310//3197 1309//3199
f 1232//3307 1293//3308 1256//3309
f 1275//3310 1352//3311 1376//3312
f 1262//3313 1294//3313 1314//3313
f 1263//3167 1294//3269 1262//3314
f 1277//3315 1332//3315 1264//3315
f 1264//3316 1332//3316 1381//3316
f 1278//3273 1315//3275 1149//3166
f 1316//3171 1265//3227 1317//3317
f 1237//3318 1266//3319 1295//3320
f 1219//3281 1321//3280 1320//3321
f 1652//3322 1336//3323 1298//3324
f 1240//3043 1298//3325 1280//3232
f 1298//3326 1299//3326 1280//3326
f 1281//3327 1299//3327 1298//3327
f 1281//3288 1284//3290 1299//3328
f 1220//3045 1322//3329 1283//3330
f 1284//3331 1301//3331 1299//3331
f 1299//3283 1301//3332 1300//3284
f 1300//3333 1598//3334 1282//3335
f 1282//3335 1598//3334 1322//3336
f 1129//2824 1338//3337 1285//3338
f 1301//3294 1302//3236 1598//3339
f 1300//3340 1301//3340 1598//3340
f 1285//3341 1359//3341 1323//3341
f 1285//3342 1323//3342 1286//3342
f 1286//3343 1323//3343 1324//3343
f 1113//2940 1326//2991 1325//3235
f 1286//3344 1324//3344 1326//3344
f 990//3345 1404//3345 1304//3345
f 1304//3346 1405//3346 1305//3346
f 1364//2998 1327//3239 1288//2947
f 1249//3347 1631//3348 1250//3196
f 1254//3349 1526//3350 1290//3351
f 1204//3136 1411//3135 1254//3352
f 1291//3353 1367//3353 1328//3353
f 1253//3061 1367//3354 1291//2956
f 1292//3355 1312//3355 1313//3355
f 1273//3144 1415//3356 1293//3262
f 1181//3357 1570//3357 1273//3357
f 1257//3148 1350//3358 1274//3359
f 1275//3204 1447//3360 1374//3205
f 1210//3014 1274//3154 1375//3361
f 1210//3014 1375//3361 1208//3015
f 1375//3362 1417//3363 1208//3364
f 1208//3365 1330//3366 1165//3367
f 1378//3368 1489//3369 1354//3370
f 1277//3371 1331//3371 1332//3371
f 1265//3372 1333//3373 1317//3374
f 1317//3317 1318//2935 1316//3171
f 1295//3375 1333//3375 1265//3375
f 1238//2760 1384//3376 1334//2761
f 1296//3377 1990//3378 1297//2981
f 1190//2718 2029//3379 1191//2666
f 1218//3380 1320//3321 1335//3381
f 1192//2667 1697//3382 1267//2721
f 1298//3324 1336//3323 1515//3383
f 1285//3384 1338//3384 1359//3384
f 1303//3385 1327//3385 1341//3385
f 1304//3386 1404//3387 1405//3388
f 990//3114 1340//3113 1404//3389
f 1305//3390 1405//3390 1406//3390
f 1305//3297 1406//3391 1364//2998
f 1307//3392 1342//3393 1306//3394
f 1289//3395 1408//3396 1307//3392
f 1308//3251 1631//3397 1249//3249
f 1289//3398 1443//3399 1477//3400
f 1250//3196 1631//3348 1478//3401
f 1250//3196 1478//3401 1253//3061
f 1229//2955 1369//3137 1411//3305
f 1309//3402 1687//3403 1481//3404
f 1309//3199 1346//3405 1311//3306
f 1230//3067 1313//3066 1372//3406
f 1346//3407 1347//3407 1311//3407
f 1312//3408 1311//3409 1347//3410
f 1312//3411 1372//3406 1313//3066
f 1312//3408 1347//3410 1372//3412
f 1329//3413 1444//3413 1256//3413
f 1444//3414 1483//3414 1373//3414
f 1256//3309 1293//3308 1329//3415
f 1273//3416 1570//3417 1415//3418
f 1374//3201 1570//3419 1181//2876
f 1275//3310 1376//3312 1447//3420
f 1378//3368 1354//3370 1167//3421
f 1294//3269 1379//3422 1314//3423
f 1149//3166 1315//3275 1294//3269
f 1266//3319 1458//3424 1295//3320
f 1297//2981 1990//3378 1385//3228
f 1218//3380 1335//3381 1189//3034
f 1321//3425 1358//3425 1400//3425
f 1267//2721 1401//3426 1321//3427
f 1337//2815 1550//3428 1192//2667
f 1298//3429 1515//3430 1281//3431
f 1220//3045 1283//3330 1439//3432
f 1322//3336 1624//3433 1283//3434
f 1338//3337 1129//2824 1595//3287
f 1359//3435 1361//3435 1323//3435
f 1244//3179 1403//3436 1555//3437
f 1287//3438 1403//3438 1244//3438
f 1287//3439 1339//3439 1403//3439
f 1323//3440 1361//3440 1324//3440
f 1244//3179 1555//3437 1340//3180
f 1340//3441 1555//3442 1473//3443
f 1287//3444 1303//3445 1339//3446
f 1303//3445 1363//3447 1339//3446
f 1303//3448 1341//3448 1363//3448
f 1340//3449 1473//3450 1404//3451
f 1306//3452 1366//3452 1365//3452
f 1306//3453 1342//3453 1366//3453
f 1343//3246 1631//3454 1308//3247
f 1343//3455 1476//3456 1631//3457
f 1253//3061 1478//3458 1367//3354
f 1254//3352 1411//3135 1526//3459
f 1367//3460 1409//3461 1328//3462
f 1409//3463 1344//3464 1328//3465
f 1344//3466 1368//3466 1328//3466
f 1344//3467 1345//3467 1368//3467
f 1369//3468 1345//3469 1411//3470
f 1230//3471 1371//3472 1370//3473
f 1309//3402 1481//3404 1346//3474
f 1481//3475 1348//3475 1346//3475
f 1346//3476 1348//3476 1347//3476
f 1444//3477 1329//3477 1481//3477
f 1481//3478 1329//3479 1348//3480
f 1347//3481 1348//3481 1414//3481
f 1348//3480 1329//3479 1349//3482
f 1329//3483 1293//3483 1349//3483
f 1257//3148 1416//2877 1350//3358
f 1274//3484 1350//3484 1375//3484
f 1352//3485 1353//3486 1351//3487
f 1208//3365 1487//3488 1330//3366
f 1167//3083 1354//3489 1493//3270
f 1294//3269 1380//3490 1454//3491
f 1295//3492 1458//3492 1333//3492
f 1266//3493 1640//3494 1458//3495
f 915//2266 1383//2980 1296//2717
f 1391//3496 1386//3497 1392//3498
f 1429//3499 1431//3500 1355//3501
f 1392//3498 1387//3502 1356//3503
f 1355//3501 1431//3500 1356//3503
f 1356//3503 1389//3504 1355//3501
f 1431//3500 1357//3505 1356//3503
f 1190//2718 1650//3229 2029//3379
f 1335//3381 1320//3321 1400//3506
f 1320//3321 1321//3507 1400//3506
f 1336//3323 1652//3322 1468//3508
f 1220//3045 1471//3509 1594//3231
f 1281//3431 1515//3430 1674//3510
f 1241//3511 1281//3511 1595//3511
f 1322//3336 1598//3334 1624//3433
f 1359//3512 1338//3513 1402//3514
f 1402//3514 1361//3515 1359//3512
f 1326//2991 1521//3516 1325//3235
f 1403//3517 1339//3517 1360//3517
f 1402//3518 1360//3518 1361//3518
f 1360//3519 1339//3519 1363//3519
f 1360//3520 1363//3520 1362//3520
f 1360//3521 1362//3521 1361//3521
f 1361//3522 1521//3522 1324//3522
f 1324//3523 1521//3516 1326//2991
f 1363//3524 1341//3524 1362//3524
f 1361//3525 1362//3525 1521//3525
f 1342//3526 1407//3527 1366//3528
f 1307//3392 1408//3396 1342//3393
f 1289//3398 1477//3400 1408//3529
f 1343//3299 1525//3530 1476//3531
f 1478//3532 1479//3532 1367//3532
f 1290//3351 1526//3350 1660//3533
f 1409//3463 1345//3534 1344//3464
f 1410//3535 1345//3535 1409//3535
f 1410//3536 1411//3536 1345//3536
f 1328//3537 1412//3537 1291//3537
f 1328//3538 1368//3538 1412//3538
f 1345//3469 1369//3468 1368//3539
f 1369//3137 1370//3540 1368//3541
f 1230//3062 1370//3540 1369//3137
f 1230//3067 1372//3406 1371//3542
f 1348//3543 1349//3543 1414//3543
f 1347//3544 1414//3544 1372//3544
f 1349//3545 1415//3545 1414//3545
f 1373//3546 1483//3546 1568//3546
f 1373//3073 1568//3547 1416//2877
f 1293//3548 1415//3548 1349//3548
f 1208//3364 1417//3363 1377//3549
f 1208//3364 1377//3549 1487//3550
f 1487//3551 1377//3552 1637//3553
f 1314//3220 1452//3554 1353//3161
f 1294//3269 1454//3491 1379//3422
f 1315//3275 1380//3490 1294//3269
f 1332//3555 1418//3556 1381//3557
f 1381//3557 1418//3556 1419//3558
f 1381//3559 1419//3559 1315//3559
f 1317//3317 1382//3560 1499//3561
f 1333//3562 1420//3563 1382//3564
f 1382//3565 1317//3374 1333//3373
f 1318//2935 1499//3566 1693//3567
f 1318//2935 1383//2980 1319//2757
f 1459//2759 1533//3568 1640//3569
f 1385//3174 1576//3570 1238//2760
f 1391//3496 1425//3571 1422//3572
f 1386//3497 1424//3573 1387//3502
f 1386//3497 1423//3574 1424//3573
f 1423//3574 1386//3497 1422//3572
f 1422//3572 1386//3497 1391//3496
f 1387//3502 1424//3573 1389//3504
f 1429//3499 1388//3575 1427//3576
f 1387//3502 1392//3498 1386//3497
f 1429//3499 1539//3577 1463//3578
f 1429//3499 1355//3501 1388//3575
f 1389//3504 1388//3575 1355//3501
f 1387//3502 1389//3504 1356//3503
f 1429//3499 1463//3578 1431//3500
f 1391//3496 1393//3579 1390//3580
f 1391//3496 1392//3498 1393//3579
f 1392//3498 1395//3581 1393//3579
f 1356//3503 1398//3582 1392//3498
f 1393//3583 1395//3581 1394//3584
f 1431//3500 1509//3585 1467//3586
f 1392//3498 1398//3582 1395//3581
f 1356//3503 1357//3505 1397//3587
f 1356//3503 1397//3587 1398//3582
f 1395//3581 1398//3582 1435//3588
f 1189//3034 1335//3381 1434//3589
f 1431//3500 1467//3586 1357//3505
f 1357//3505 1399//3590 1397//3587
f 1357//3505 1436//3591 1399//3590
f 1467//3586 1436//3591 1357//3505
f 1267//2721 1697//3382 1401//3426
f 1321//3592 1401//3592 1358//3592
f 1336//3593 1469//3594 1437//3595
f 1337//2504 1594//3231 1550//3428
f 1336//3593 1437//3595 1515//3596
f 1439//3432 1471//3509 1220//3045
f 1281//3431 1674//3510 1595//3597
f 1283//3330 1440//3598 1439//3432
f 1403//3599 1360//3599 1402//3599
f 1404//3387 1441//3600 1405//3388
f 1406//3601 1558//3602 1364//2998
f 1366//3603 1442//3603 1365//3603
f 1365//3301 1525//3530 1343//3299
f 1342//3604 1628//3604 1407//3604
f 1367//3460 1479//3605 1409//3461
f 1479//3605 1410//3606 1409//3461
f 1368//3607 1413//3607 1412//3607
f 1368//3608 1370//3608 1413//3608
f 1309//3199 1291//3198 1687//3609
f 1415//3610 1530//3610 1414//3610
f 1415//3418 1570//3417 1530//3611
f 1416//2877 1690//3612 1350//3358
f 1350//3613 1445//3613 1417//3613
f 1485//3614 1445//3615 1350//3358
f 1375//3616 1350//3616 1417//3616
f 1376//3617 1351//3487 1446//3618
f 1352//3485 1351//3487 1376//3617
f 1314//3220 1379//3619 1452//3554
f 1354//3620 1492//3621 1493//3622
f 1331//3084 1493//3270 1418//3623
f 1331//3624 1418//3624 1332//3624
f 1315//3625 1497//3626 1380//3627
f 1315//3625 1419//3628 1497//3626
f 1419//3629 1573//3629 1455//3629
f 1317//3317 1499//3561 1318//2935
f 1333//3562 1458//3630 1420//3563
f 1266//2756 1459//2578 1640//3631
f 1318//2935 1693//3567 1383//2980
f 1238//2760 1576//3570 1384//3376
f 1385//3228 1990//3378 1576//3632
f 1460//3633 1423//3574 1422//3572
f 1460//3634 1422//3635 1421//3636
f 1421//3637 1422//3572 1425//3571
f 1424//3573 1423//3574 1501//3638
f 1426//3639 1506//3640 1388//3575
f 1389//3504 1424//3641 1426//3642
f 1388//3575 1461//3643 1427//3576
f 1388//3575 1389//3504 1426//3642
f 1425//3571 1391//3496 1390//3580
f 1427//3576 1585//3644 1428//3645
f 1390//3580 1464//3646 1537//3647
f 1427//3576 1428//3648 1429//3499
f 1428//3645 1462//3649 1539//3650
f 1428//3648 1539//3577 1429//3499
f 1393//3583 1430//3651 1390//3652
f 1588//3653 1463//3578 1541//3654
f 1393//3583 1508//3655 1430//3651
f 1463//3578 1588//3653 1431//3500
f 1393//3583 1432//3656 1508//3655
f 1393//3583 1394//3584 1432//3656
f 1431//3500 1588//3653 1509//3585
f 1394//3584 1433//3657 1432//3656
f 1394//3584 1395//3581 1433//3657
f 1435//3588 1433//3657 1395//3581
f 1191//2666 2029//3379 1652//3230
f 1398//3582 1549//3658 1435//3588
f 1400//3659 1547//3659 1335//3659
f 1398//3582 1397//3587 1549//3658
f 1436//3591 1552//3660 1399//3590
f 1336//3661 1468//3661 1469//3661
f 1467//3586 1514//3662 1436//3591
f 1515//3663 1437//3664 1438//3665
f 1469//3666 1516//3666 1437//3666
f 1437//3667 1439//3668 1438//3669
f 1516//3670 1439//3668 1437//3667
f 1438//3671 1440//3672 1470//3673
f 1439//3674 1440//3674 1438//3674
f 1440//3675 1283//3434 1470//3676
f 1283//3434 1624//3433 1470//3676
f 1338//3677 1520//3677 1472//3677
f 1338//3513 1472//3678 1402//3514
f 1403//3436 1472//3678 1555//3437
f 1402//3514 1472//3678 1403//3436
f 1362//3679 1341//3680 1521//3516
f 1404//3451 1473//3450 1441//3681
f 1405//3388 1441//3600 1406//3682
f 1406//3683 1441//3683 1474//3683
f 1406//3684 1474//3685 1558//3686
f 1442//3687 1366//3528 1407//3527
f 1342//3688 1408//3688 1628//3688
f 1290//3351 1660//3533 1443//3689
f 1410//3690 1479//3690 1480//3690
f 1410//3691 1480//3691 1411//3691
f 1411//3135 1480//3692 1526//3459
f 1291//3198 1412//3693 1687//3609
f 1413//3694 1482//3695 1412//3696
f 1413//3697 1370//3473 1371//3472
f 1481//3698 1719//3699 1444//3700
f 1372//3406 1566//3701 1371//3542
f 1444//3702 1527//3702 1483//3702
f 1444//3700 1719//3699 1527//3703
f 1447//3704 1610//3705 1374//3201
f 1350//3358 1690//3612 1485//3614
f 1485//3614 1446//3706 1445//3615
f 1485//3707 1486//3707 1446//3707
f 1486//3708 1376//3708 1446//3708
f 1417//3709 1449//3709 1448//3709
f 1445//3710 1449//3710 1417//3710
f 1445//3711 1446//3711 1449//3711
f 1417//3712 1448//3712 1377//3712
f 1446//3713 1351//3713 1449//3713
f 1351//3714 1488//3714 1449//3714
f 1353//3715 1488//3716 1351//3717
f 1330//3264 1487//3718 1378//3265
f 1354//3719 1489//3719 1490//3719
f 1354//3720 1490//3720 1450//3720
f 1490//3721 1451//3721 1450//3721
f 1490//3722 1491//3722 1451//3722
f 1450//3723 1453//3724 1492//3725
f 1450//3726 1451//3726 1453//3726
f 1491//3727 1379//3727 1451//3727
f 1452//3728 1379//3728 1491//3728
f 1354//3729 1450//3729 1492//3729
f 1379//3730 1454//3730 1451//3730
f 1418//3731 1573//3732 1419//3733
f 1455//3734 1497//3734 1419//3734
f 1496//3735 1457//3736 1573//3737
f 1573//3738 1457//3738 1455//3738
f 1455//3739 1457//3740 1498//3741
f 1455//3739 1498//3741 1497//3742
f 1456//3743 1496//3735 1495//3744
f 1496//3735 1456//3743 1457//3736
f 1457//3745 1456//3745 1420//3745
f 1382//3746 1456//3746 1499//3746
f 1456//3747 1382//3747 1420//3747
f 1420//3748 1458//3748 1575//3748
f 1459//2759 1089//2758 1533//3568
f 1089//2758 1334//2761 1798//3749
f 1334//2761 1733//3750 1798//3751
f 1421//3636 1500//3752 1460//3634
f 1421//3753 1643//3754 1500//3755
f 1425//3571 1536//3756 1421//3637
f 1501//3638 1423//3574 1460//3633
f 1501//3757 1503//3758 1424//3641
f 1504//3759 1503//3760 1502//3761
f 1426//3642 1504//3759 1505//3762
f 1503//3758 1504//3759 1426//3642
f 1503//3758 1426//3642 1424//3641
f 1388//3575 1506//3640 1461//3643
f 1585//3644 1462//3649 1428//3645
f 1463//3578 1539//3577 1647//3763
f 1390//3764 1430//3765 1507//3766
f 1390//3580 1507//3767 1464//3646
f 1430//3651 1508//3655 1465//3768
f 1433//3657 1466//3769 1432//3656
f 1433//3657 1654//3770 1466//3769
f 1189//3034 1434//3589 1396//3035
f 1433//3657 1510//3771 1654//3770
f 1433//3657 1435//3588 1510//3771
f 1335//3772 1547//3772 1434//3772
f 1590//3773 1510//3771 1435//3588
f 1400//3774 1511//3775 1547//3776
f 1509//3585 1592//3777 1467//3586
f 1397//3587 1551//3778 1549//3658
f 1652//3322 1512//3779 1468//3508
f 1400//3780 1358//3781 1513//3782
f 1400//3774 1513//3783 1511//3775
f 1592//3777 1514//3662 1467//3586
f 1399//3590 1518//3784 1551//3778
f 1399//3590 1551//3778 1397//3587
f 1438//3665 1517//3785 1515//3663
f 1438//3671 1470//3673 1517//3786
f 1436//3591 1514//3662 1553//3787
f 1436//3591 1553//3788 1552//3660
f 1439//3432 1516//3789 1471//3509
f 1338//3337 1595//3287 1520//3790
f 1441//3791 1473//3791 1557//3791
f 1441//3792 1557//3792 1474//3792
f 1557//3793 1523//3793 1474//3793
f 1442//3794 1522//3794 1365//3794
f 1474//3685 1523//3795 1558//3686
f 1475//3796 1442//3796 1407//3796
f 1525//3797 1561//3798 1476//3799
f 1408//3529 1477//3400 1629//3800
f 1289//3801 1290//3351 1443//3689
f 1479//3802 1632//3803 1480//3804
f 1413//3805 1566//3806 1482//3807
f 1371//3542 1566//3701 1413//3808
f 1372//3406 1414//3809 1608//3810
f 1483//3811 1527//3812 1528//3813
f 1414//3809 1484//3814 1608//3810
f 1414//3815 1530//3815 1484//3815
f 1416//2877 1568//3547 1690//3612
f 1570//3419 1374//3201 1610//3705
f 1485//3816 1611//3816 1486//3816
f 1376//3817 1486//3817 1611//3817
f 1376//3818 1611//3818 1447//3818
f 1377//3819 1531//3819 1637//3819
f 1377//3820 1448//3820 1531//3820
f 1449//3821 1488//3821 1448//3821
f 1378//3368 1487//3551 1489//3369
f 1452//3554 1614//3822 1353//3161
f 1453//3724 1494//3823 1492//3725
f 1453//3824 1454//3825 1494//3826
f 1451//3827 1454//3827 1453//3827
f 1492//3621 1532//3828 1493//3622
f 1492//3829 1494//3829 1532//3829
f 1418//3731 1726//3830 1573//3732
f 1496//3735 1573//3831 1495//3744
f 1498//3832 1457//3833 1575//3834
f 1457//3835 1420//3835 1575//3835
f 1909//3836 1990//3378 1296//3377
f 1384//3376 1733//3750 1334//2761
f 1500//3752 1534//3837 1460//3634
f 1501//3838 1460//3634 1535//3839
f 1643//3754 1421//3753 1536//3840
f 1503//3760 1501//3838 1580//3841
f 1505//3762 1506//3640 1426//3639
f 1585//3644 1427//3576 1584//3842
f 1427//3576 1461//3643 1584//3842
f 1390//3580 1537//3647 1425//3571
f 1585//3843 1618//3844 1462//3845
f 1539//3650 1462//3649 1538//3846
f 1507//3847 1540//3848 1464//3849
f 1647//3850 1541//3654 1463//3578
f 1541//3654 1647//3850 1648//3851
f 1430//3765 1465//3852 1507//3766
f 1465//3853 1508//3854 1543//3855
f 1432//3656 1544//3856 1508//3655
f 1654//3770 1546//3857 1466//3769
f 1435//3588 1549//3658 1548//3858
f 1548//3858 1590//3773 1435//3588
f 1509//3585 1651//3859 1592//3777
f 1468//3860 1512//3860 1469//3860
f 1358//3861 1401//3861 1655//3861
f 1592//3862 1678//3863 1514//3864
f 1469//3865 1512//3865 1516//3865
f 1470//3866 1519//3866 1517//3866
f 1399//3590 1552//3660 1518//3784
f 1470//3867 1624//3867 1519//3867
f 1520//3868 1554//3868 1472//3868
f 1600//3869 1325//3870 1556//3871
f 1325//3870 1709//3872 1556//3871
f 1524//3873 1602//3873 1475//3873
f 1557//3874 1524//3874 1523//3874
f 1522//3875 1683//3876 1365//3877
f 1522//3878 1442//3878 1475//3878
f 1523//3879 1524//3880 1560//3881
f 1475//3882 1407//3882 1524//3882
f 1560//3881 1559//3883 1523//3879
f 1525//3884 1683//3884 1658//3884
f 1365//3301 1683//3885 1525//3530
f 1524//3886 1407//3886 1560//3886
f 1407//3887 1628//3888 1560//3889
f 1525//3797 1658//3890 1561//3798
f 1408//3529 1629//3800 1628//3891
f 1476//3456 1604//3892 1631//3457
f 1476//3893 1562//3893 1604//3893
f 1476//3894 1561//3894 1562//3894
f 1443//3895 1563//3896 1477//3897
f 1478//3401 1631//3348 1840//3898
f 1479//3899 1478//3899 1632//3899
f 1480//3804 1632//3803 1606//3900
f 1480//3901 1606//3901 1526//3901
f 1482//3695 1565//3902 1412//3696
f 1687//3403 1719//3903 1481//3404
f 1527//3904 1529//3904 1528//3904
f 1527//3905 1567//3905 1529//3905
f 1567//3906 1484//3906 1530//3906
f 1567//3907 1530//3907 1529//3907
f 1483//3811 1528//3813 1568//3908
f 1529//3909 1530//3611 1570//3417
f 1485//3910 1690//3911 1635//3912
f 1485//3913 1635//3913 1611//3913
f 1353//3914 1614//3914 1944//3914
f 1353//3715 1944//3915 1488//3716
f 1489//3916 1613//3916 1490//3916
f 1490//3917 1613//3917 1571//3917
f 1490//3918 1571//3918 1491//3918
f 1491//3919 1571//3920 1452//3554
f 1532//3921 1494//3921 1572//3921
f 1456//3743 1495//3744 1499//3922
f 1089//2758 1798//3749 1533//3568
f 1643//3754 1616//3923 1500//3924
f 1460//3634 1577//3925 1535//3839
f 1534//3837 1577//3925 1460//3634
f 1503//3760 1580//3841 1617//3926
f 1425//3571 1537//3647 1536//3756
f 1461//3643 1505//3762 1582//3927
f 1506//3640 1505//3762 1461//3643
f 1461//3643 1583//3928 1584//3842
f 1461//3643 1582//3927 1583//3928
f 1462//3845 1619//3929 1538//3930
f 1464//3849 1540//3848 1586//3931
f 1464//3932 1586//3931 1537//3647
f 1538//3846 1856//3933 1539//3650
f 1856//3933 1647//3934 1539//3650
f 1587//3935 1540//3936 1507//3937
f 1507//3938 1465//3853 1542//3939
f 1508//3655 1544//3856 1543//3940
f 1432//3941 1545//3942 1544//3943
f 1588//3653 1649//3944 1509//3585
f 1432//3941 1466//3769 1545//3942
f 1509//3585 1649//3945 1651//3859
f 1358//3781 1655//3946 1513//3782
f 1516//3947 1512//3948 1593//3949
f 1515//3430 1596//3950 1674//3510
f 1517//3951 1596//3951 1515//3951
f 1516//3947 1593//3949 1673//3952
f 1516//3953 1673//3954 1471//3509
f 1594//3231 1471//3509 1700//3955
f 1517//3956 1519//3956 1596//3956
f 1514//3957 1680//3958 1553//3959
f 1680//3958 1969//3960 1553//3959
f 1472//3678 1599//3961 1555//3437
f 1472//3962 1554//3962 1599//3962
f 1521//3516 1709//3963 1325//3235
f 1555//3442 1656//3964 1473//3443
f 1555//3437 1707//3965 1656//3966
f 1473//3443 1656//3964 1602//3967
f 1473//3968 1602//3968 1557//3968
f 1557//3969 1602//3969 1524//3969
f 1327//3970 1777//3971 1341//3680
f 1475//3972 1602//3972 1522//3972
f 1522//3875 1657//3973 1683//3876
f 1523//3974 1559//3974 1558//3974
f 1658//3890 1603//3975 1561//3798
f 1628//3888 1629//3976 1627//3977
f 1561//3978 1563//3978 1562//3978
f 1603//3979 1563//3979 1561//3979
f 1562//3980 1563//3980 1564//3980
f 1477//3897 1563//3896 1603//3981
f 1477//3400 1603//3982 1629//3800
f 1563//3896 1443//3895 1564//3983
f 1443//3689 1660//3533 1605//3984
f 1443//3985 1605//3985 1564//3985
f 1660//3533 1526//3350 1686//3986
f 1412//3987 1607//3988 1687//3989
f 1565//3990 1607//3988 1412//3987
f 1527//3703 1719//3699 1688//3991
f 1527//3992 1688//3992 1567//3992
f 1484//3993 1567//3993 1663//3993
f 1484//3994 1663//3995 1608//3996
f 1528//3997 1609//3998 1568//3999
f 1528//3997 1569//4000 1609//3998
f 1529//4001 1569//4001 1528//4001
f 1529//4002 1570//4003 1569//4004
f 1568//3547 1940//4005 1690//3612
f 1570//3419 1610//3705 1634//4006
f 1448//4007 1612//4007 1531//4007
f 1448//4008 1488//4009 1612//4010
f 1489//3369 1487//3551 1724//4011
f 1488//4009 1944//4012 1612//4010
f 1452//3554 1571//3920 1614//3822
f 1532//4013 1615//4013 1493//4013
f 1532//4014 1572//4015 1615//4016
f 1494//3826 1454//3825 1380//4017
f 1380//4018 1572//4018 1494//4018
f 1493//3270 1726//4019 1418//3623
f 1495//4020 1728//4021 1666//4022
f 1498//4023 1574//4023 1497//4023
f 1458//3495 1640//3494 1852//4024
f 1458//4025 1852//4026 1575//4027
f 1693//3567 1732//4028 1850//4029
f 1500//3752 1641//4030 1534//3837
f 1500//3924 1616//3923 1641//4031
f 1501//3838 1535//3839 1579//4032
f 1579//4032 1580//3841 1501//3838
f 1579//4032 1578//4033 1580//3841
f 1502//3761 1617//3926 1581//4034
f 1502//3761 1581//4034 1504//3759
f 1503//3760 1617//3926 1502//3761
f 1505//3762 1504//3759 1582//3927
f 1585//3843 1584//3842 1646//4035
f 1538//3930 1668//4036 1856//4037
f 1648//3851 1738//4038 1588//3653
f 1648//3851 1588//3653 1541//3654
f 1465//3853 1543//3855 1542//3939
f 1543//4039 1669//4040 1542//4041
f 1544//3943 1620//4042 1543//4043
f 1466//3769 1546//3857 1545//3942
f 1434//3589 2096//4044 1396//3035
f 1510//3771 1590//3773 1654//3770
f 1652//3230 2202//4045 1742//4046
f 1547//4047 1511//4047 1589//4047
f 1511//4048 1513//3782 1591//4049
f 1511//4050 1591//4051 1589//4052
f 1549//3658 1622//4053 1548//3858
f 1549//3658 1551//3778 1622//4053
f 1551//3778 1597//4054 1622//4053
f 1551//3778 1518//4055 1597//4054
f 1519//4056 1623//4057 1596//4058
f 1514//3864 1678//3863 1680//4059
f 1552//3660 1553//3788 1518//3784
f 1519//4060 1624//4061 1623//4062
f 1520//4063 1625//4064 1554//4065
f 1302//3236 1325//3235 1598//3339
f 1554//4066 1601//4066 1626//4066
f 1625//4067 1601//4067 1554//4067
f 1625//4068 1600//4068 1601//4068
f 1325//3870 1600//3869 1681//4069
f 1325//4070 1681//4070 1598//4070
f 1555//3437 1599//3961 1820//4071
f 1556//3871 1601//4072 1600//3869
f 1341//3680 1777//3971 1772//4073
f 1521//3516 1341//3680 1709//3963
f 1341//3680 1772//4073 1709//3963
f 1658//4074 1629//4074 1603//4074
f 1562//4075 1564//4075 1605//4075
f 1562//4076 1630//4077 1604//4078
f 1562//4079 1605//4079 1630//4079
f 1478//3401 1840//3898 1632//4080
f 1526//3350 1606//4081 1686//3986
f 1482//3807 1566//3806 1565//4082
f 1567//4083 1688//4084 1663//4085
f 1566//3701 1372//3406 1608//3810
f 1569//4004 1633//4086 1609//4087
f 1570//4003 1633//4086 1569//4004
f 1570//4088 1634//4088 1633//4088
f 1637//4089 1531//4090 1638//4091
f 1489//4092 1724//4092 1613//4092
f 1613//4093 1639//4093 1571//4093
f 1571//4094 1639//4094 1614//4094
f 1493//3270 1615//4095 1726//4019
f 1498//3832 1575//3834 1574//4096
f 1499//3566 1666//4097 1732//4028
f 1990//4098 2089//4099 1576//3570
f 1643//3754 1667//4100 1616//3923
f 1534//4101 1642//4102 1577//4103
f 1644//4104 1643//3754 1536//3840
f 1580//3841 1578//4033 1617//3926
f 1537//3647 1644//4105 1536//3756
f 1504//3759 1581//4034 1645//4106
f 1504//3759 1645//4106 1582//3927
f 1584//3842 1583//3928 1646//4035
f 1585//3843 1646//4035 1618//3844
f 1462//3845 1618//3844 1619//3929
f 1538//3930 1619//3929 1668//4036
f 1507//3938 1542//3939 1858//4107
f 1543//4043 1620//4042 1669//4108
f 1649//3944 1588//3653 1863//4109
f 1544//3943 1545//3942 1620//4042
f 1649//3945 1671//4110 1651//3859
f 2029//3379 2201//4111 1652//3230
f 1434//4112 1547//4113 1621//4114
f 1621//4115 1589//4116 1653//4117
f 1547//4113 1589//4118 1621//4114
f 1590//3773 1548//4119 1696//4120
f 1590//3773 1696//4120 1654//3770
f 1512//4121 1652//4121 1742//4121
f 1512//4122 1742//4122 1593//4122
f 1471//3509 1673//3954 1700//3955
f 1592//3862 1756//4123 1678//3863
f 1518//4055 1705//4124 1597//4054
f 1595//3287 1677//4125 1520//3790
f 1677//4126 1754//4127 1520//4128
f 1553//3959 1969//3960 1758//4129
f 1553//3959 1758//4129 1518//4055
f 1520//4063 1681//4130 1625//4064
f 1754//4131 1681//4132 1520//4133
f 1598//4134 1681//4135 1966//4136
f 1554//4137 1706//4138 1599//4139
f 1600//4140 1625//4140 1681//4140
f 1626//4141 1706//4141 1554//4141
f 1601//4142 1556//4142 1626//4142
f 1556//4143 1709//4143 1626//4143
f 1364//2998 1558//3602 1327//3239
f 1604//4144 1659//4145 1631//4146
f 1632//3803 1713//4147 1606//3900
f 1606//4148 1713//4148 1685//4148
f 1606//4149 1685//4150 1686//4151
f 1687//4152 1607//4153 1716//4154
f 1565//4155 1661//4156 1607//4157
f 1565//4158 1720//4159 1662//4160
f 1566//4161 1720//4161 1565//4161
f 1609//4162 1689//4163 1568//3547
f 1609//4087 1633//4086 1689//4164
f 1610//4165 1447//4166 1636//4167
f 1611//4168 1635//4169 1787//4170
f 1447//4171 1787//4172 1636//4173
f 1637//4174 1638//4175 1843//4176
f 1637//4177 1843//4178 1789//4179
f 1612//4180 1664//4180 1531//4180
f 1613//4181 1724//4182 1725//4183
f 1725//4184 1639//4184 1613//4184
f 1614//4185 1639//4186 1691//4187
f 1572//4015 1665//4188 1615//4016
f 1726//4189 1947//4189 1573//4189
f 1380//4190 1848//4190 1572//4190
f 1497//3626 1795//4191 1380//3627
f 1380//4192 1795//4193 1848//4194
f 1575//4195 1731//4195 1574//4195
f 1499//4196 1495//4020 1666//4022
f 1666//4197 1729//4198 1732//4199
f 1296//2717 1383//2980 1951//4200
f 1296//4201 1951//4202 1909//4203
f 1576//3570 2089//4099 1384//3376
f 1616//3923 1910//4204 1641//4031
f 1535//3839 1577//3925 1579//4032
f 1581//4034 1992//4205 1645//4206
f 1582//3927 1645//4207 1583//3928
f 1586//3931 1855//4208 1537//3647
f 1619//3929 2061//4209 1668//4210
f 1647//3850 1737//4211 1648//3851
f 1587//3935 1507//3937 1858//4212
f 1738//4038 1863//4109 1588//3653
f 1546//3857 1740//4213 1545//4214
f 1654//3770 1741//4215 1546//3857
f 1589//4052 1591//4051 1653//4216
f 1653//4216 1591//4051 1672//4217
f 1593//4218 1742//4218 1673//4218
f 1591//4049 1675//4219 1672//4220
f 1401//3426 1697//3382 2067//4221
f 1401//3426 2067//4221 1655//4222
f 1591//4049 1513//3782 1675//4219
f 1622//4053 1597//4054 1747//4223
f 1651//3859 1753//4224 1592//3777
f 1592//3862 1757//4225 1756//4123
f 1624//4061 1679//4226 1623//4062
f 1518//4055 1758//4129 1705//4124
f 1555//3437 1820//4071 1707//3965
f 1626//4227 1682//4227 1706//4227
f 1626//4228 1709//4228 1682//4228
f 1327//3970 1558//4229 1777//3971
f 1558//4230 1836//4231 1777//4232
f 1602//4233 1657//4233 1522//4233
f 1558//4234 1559//4235 1711//4236
f 1683//4237 1839//4237 1658//4237
f 1560//3889 1628//3888 1627//3977
f 1658//4238 1781//4238 1629//4238
f 1629//3976 1781//4239 1627//3977
f 1631//4146 1659//4145 2218//4240
f 1631//4241 2218//4242 1840//4243
f 1605//4244 1684//4245 1630//4246
f 1605//3984 1660//3533 1684//4247
f 1632//4248 1840//4248 1713//4248
f 1661//4156 1716//4249 1607//4157
f 1565//4158 1662//4160 1661//4250
f 1608//3810 1891//4251 1566//3701
f 1690//3911 1941//4252 1635//3912
f 1447//4253 1611//4168 1787//4170
f 1637//3553 1789//4254 1487//3551
f 1531//4090 1664//4255 1638//4091
f 1639//4256 1725//4256 1691//4256
f 1572//4257 1848//4258 1665//4259
f 1573//4260 1947//4260 1495//4260
f 1574//4261 1795//4191 1497//3626
f 1495//4262 1692//4262 1728//4262
f 1499//3566 1732//4028 1693//3567
f 1616//3923 1667//4263 1910//4204
f 1534//4101 1641//4264 1642//4102
f 1644//4104 1667//4100 1643//3754
f 1644//4265 2022//4266 1667//4267
f 1579//4032 1694//4268 1911//4269
f 1577//3925 1694//4268 1579//4032
f 1537//3647 1855//4208 1644//4105
f 1619//3929 1618//3844 2061//4209
f 1540//3848 1695//4270 1586//3931
f 1647//3934 1856//3933 1737//4271
f 1648//3851 1737//4211 1956//4272
f 1545//4214 1739//4273 1620//4274
f 1863//4275 1671//4276 1649//4277
f 1650//3229 1918//4278 2029//3379
f 1396//3035 1918//4278 1650//3229
f 1545//4214 1740//4213 1809//4279
f 1621//4115 2096//4044 1434//3589
f 1546//3857 1741//4215 1740//4213
f 1653//4280 1672//4220 1670//4281
f 1651//3859 1671//4110 1753//4282
f 1654//3770 1696//4120 1960//4283
f 1654//3770 1960//4283 1741//4215
f 1670//4281 1672//4220 1698//4284
f 1815//4285 1698//4284 1672//4220
f 1548//3858 1622//4053 1696//4286
f 1513//3782 1655//3946 1675//4219
f 1672//4220 1675//4219 1815//4285
f 1596//4287 1676//4288 1674//3510
f 1594//3231 1700//3955 1961//4289
f 1592//4290 1753//4291 1757//4292
f 1596//4058 1623//4057 1676//4293
f 1598//4134 1966//4136 2072//4294
f 1598//3334 2072//4295 1624//3433
f 1681//4135 1867//4296 1966//4136
f 1707//4297 1708//4298 1656//4299
f 1656//3964 1710//4300 1602//3967
f 1683//4301 1657//4301 1839//4301
f 1559//4235 1560//4302 1711//4236
f 1658//4303 1839//4303 1781//4303
f 1604//4304 1712//4304 1659//4304
f 1604//4078 1630//4077 1712//4305
f 1713//4306 1714//4306 1685//4306
f 1714//4307 1715//4307 1685//4307
f 1685//4150 1715//4308 1686//4151
f 1716//4154 1935//4309 1687//4152
f 1662//4160 1720//4159 1718//4310
f 1566//4311 1891//4312 2014//4313
f 1610//4314 1895//4314 1721//4314
f 1612//4010 1723//4315 1664//4316
f 1614//4185 1691//4187 1791//4317
f 1615//4095 1727//4318 1726//4019
f 1615//4016 1665//4188 1727//4319
f 1495//4320 1947//4320 1692//4320
f 1574//4321 1731//4321 1794//4321
f 1575//4027 1852//4026 1731//4322
f 1383//2980 1693//3567 2154//4323
f 1910//4324 1799//4325 1641//4326
f 1641//4327 1734//4328 1642//4102
f 1641//4329 1799//4329 1734//4329
f 1577//4103 1735//4330 1694//4331
f 1642//4102 1735//4330 1577//4103
f 1642//4102 1734//4328 1735//4330
f 1579//4032 1736//4332 1578//4033
f 1644//4333 1954//4334 2022//4335
f 1578//4033 1736//4332 1617//3926
f 1581//4034 1617//3926 1992//4205
f 1855//4336 1954//4334 1644//4333
f 1583//3928 1645//4206 1914//4337
f 1583//3928 1914//4337 1646//4035
f 1618//3844 1646//4035 2091//4338
f 1587//3935 1802//4339 1540//3936
f 1648//3851 1956//4272 1738//4038
f 1620//4274 1739//4273 1803//4340
f 1545//4214 1809//4279 1739//4273
f 1652//3230 2201//4111 2202//4045
f 1670//4341 1698//4342 1810//4343
f 1742//4344 1744//4344 1673//4344
f 1699//4345 1810//4343 1698//4342
f 1671//4110 1745//4346 1753//4282
f 1192//2667 1550//3428 1697//3382
f 1673//4347 1744//4347 1813//4347
f 1655//4348 1701//4349 1675//4350
f 1698//4284 1815//4285 1748//4351
f 1698//4352 1748//4352 1699//4352
f 1673//3954 1813//4353 1700//3955
f 1675//4350 1701//4349 1815//4354
f 1702//4355 1699//4345 1748//4356
f 1597//4054 1965//4357 1747//4223
f 1595//3597 1674//3510 1814//4358
f 1677//4359 1595//4360 1704//4361
f 1676//4362 1623//4363 1703//4364
f 1623//4062 1679//4226 1703//4365
f 1748//4351 1749//4366 1702//4367
f 1677//4126 1704//4368 1754//4127
f 1702//4367 1749//4366 1763//4369
f 1763//4369 1750//4370 1702//4367
f 1680//4059 1678//3863 1761//4371
f 1761//4372 1969//4373 1680//4374
f 1681//4132 1754//4131 1867//4375
f 1763//4369 1749//4366 1759//4376
f 1706//4138 1762//4377 1599//4139
f 1709//4378 1927//4379 1682//4380
f 1656//4299 1708//4298 1710//4381
f 1602//3967 1710//4300 1657//4382
f 1558//4383 1711//4383 1836//4383
f 1560//4302 1627//4384 1711//4236
f 1627//4385 1781//4385 1979//4385
f 1630//4246 1684//4245 1712//4386
f 1660//4387 1782//4388 1684//4389
f 1714//4390 1840//4390 1783//4390
f 1783//4391 1717//4391 1714//4391
f 1714//4392 1785//4392 1715//4392
f 1686//3986 1715//4393 1784//4394
f 1783//4395 1716//4395 1717//4395
f 1715//4396 1785//4396 1784//4396
f 1716//4397 1661//4397 1717//4397
f 1717//4398 1661//4398 1718//4398
f 1661//4399 1662//4399 1718//4399
f 1687//3403 2116//4400 1719//3903
f 1566//4401 1889//4402 1720//4403
f 1719//4404 2116//4404 2054//4404
f 1688//4084 1890//4405 1663//4085
f 1633//4086 1786//4406 1689//4164
f 1633//4407 1634//4407 1786//4407
f 1940//4005 1941//4408 1690//3612
f 1610//3705 1721//4409 1634//4006
f 1787//4410 1635//4410 1722//4410
f 1635//3912 1941//4252 1722//4411
f 1638//4175 1788//4412 1843//4176
f 1638//4175 1664//4413 1788//4412
f 1487//3551 1789//4254 1724//4011
f 1612//4010 1944//4012 1723//4315
f 1944//4012 1614//4414 1791//4415
f 1725//4416 1902//4416 1691//4416
f 1691//4417 1902//4417 1845//4417
f 1727//4418 1793//4418 1792//4418
f 1727//4419 1792//4420 1726//4421
f 1795//4193 1908//4422 1848//4194
f 1728//4423 1796//4423 1729//4423
f 1666//4424 1728//4424 1729//4424
f 1796//4425 1730//4426 1729//4198
f 1796//4427 1731//4427 1730//4427
f 1794//4428 1731//4428 1796//4428
f 1731//4322 1852//4026 1730//4429
f 1733//3750 1384//3376 1952//4430
f 1735//4431 1915//4432 1694//4433
f 1646//4035 1914//4337 2091//4338
f 1540//3936 1802//4339 1801//4434
f 1587//3935 1858//4435 1802//4339
f 1738//4038 2093//4436 1863//4109
f 1669//4437 1620//4437 1862//4437
f 1620//4274 1803//4340 1862//4438
f 1739//4439 1807//4440 1804//4441
f 1863//4275 1805//4442 1671//4276
f 1809//4443 1807//4444 1739//4445
f 1653//4117 1919//4446 1621//4115
f 1810//4343 1865//4447 1670//4281
f 1805//4442 1921//4448 1671//4276
f 1921//4449 1745//4346 1671//4110
f 1742//4450 1743//4450 1744//4450
f 1622//4053 1963//4451 1696//4452
f 1676//4288 1996//4453 1674//3510
f 1676//4454 1746//4454 1996//4454
f 1811//4455 1699//4345 1702//4355
f 1622//4053 1747//4223 1963//4451
f 1700//4456 1813//4456 1962//4456
f 1702//4355 1866//4457 1811//4455
f 1676//4362 1703//4364 1746//4458
f 1745//4459 1751//4460 1760//4461
f 1745//4462 1760//4463 1753//4291
f 1748//4351 1815//4285 1818//4464
f 1866//4457 1702//4355 1750//4465
f 1752//4466 1751//4460 1816//4467
f 1748//4351 1818//4464 1749//4366
f 1755//4468 1868//4469 1750//4470
f 1751//4460 1752//4466 1760//4461
f 2072//4471 1679//4226 1624//4061
f 1749//4472 1818//4473 1869//4474
f 1750//4370 1763//4369 1755//4475
f 1752//4466 1816//4467 1822//4476
f 1753//4291 1760//4463 1757//4292
f 1969//3960 1926//4477 1758//4129
f 1749//4472 1869//4474 1759//4478
f 1752//4466 1825//4479 1760//4461
f 1760//4480 1825//4479 1878//4481
f 1756//4123 1761//4371 1678//3863
f 1820//4071 1599//3961 1762//4482
f 1869//4483 1874//4484 1759//4376
f 1822//4485 1825//4479 1752//4466
f 1706//4486 1682//4487 1762//4488
f 1759//4376 1874//4484 1763//4369
f 1763//4369 1874//4484 1765//4489
f 1764//4490 1765//4491 1766//4492
f 1766//4493 1925//4494 1764//4495
f 1822//4485 1768//4496 1825//4479
f 1707//4497 1873//4497 1708//4497
f 1874//4498 1930//4499 1765//4500
f 1765//4501 1767//4502 1766//4503
f 1770//4504 1768//4496 1822//4485
f 1765//4500 1930//4499 1767//4505
f 1708//4506 1771//4506 1710//4506
f 1708//4507 1829//4507 1771//4507
f 1772//4073 1929//4508 1709//3963
f 1766//4503 1767//4502 1769//4509
f 1770//4504 1837//4510 1768//4496
f 1771//4511 1774//4511 1710//4511
f 1829//4512 1772//4512 1771//4512
f 1930//4499 1832//4513 1767//4505
f 1767//4505 1832//4513 1769//4514
f 1769//4515 1832//4516 1833//4517
f 1827//4518 1776//4519 1837//4510
f 1827//4518 1837//4510 1770//4504
f 1774//4520 1835//4520 1710//4520
f 1771//4521 1777//4522 1774//4523
f 1777//3971 1771//4524 1772//4073
f 1769//4515 1833//4517 1778//4525
f 1769//4526 1778//4527 1773//4528
f 1773//4529 1778//4530 1775//4531
f 1833//4532 1883//4533 1778//4534
f 1775//4531 1778//4530 1834//4535
f 1776//4519 1779//4536 1838//4537
f 1834//4535 1778//4530 1779//4536
f 1776//4519 1838//4537 1837//4510
f 1778//4534 1883//4533 1780//4538
f 1778//4534 1780//4538 1779//4536
f 1779//4536 1780//4538 1838//4537
f 1713//4539 1840//4539 1714//4539
f 1660//4387 1784//4540 1782//4388
f 1783//4541 1840//4542 1841//4543
f 1783//4541 1841//4543 1716//4544
f 1717//4545 1785//4545 1714//4545
f 1785//4546 1842//4547 1784//4548
f 1717//4549 1718//4549 1785//4549
f 1785//4546 1718//4550 1842//4547
f 1688//3991 1719//3699 2054//4551
f 1688//4552 2054//4552 1890//4552
f 1663//4553 1890//4554 1891//4555
f 1663//3995 1891//4556 1608//3996
f 1568//3547 1689//4163 1940//4005
f 1634//4557 1721//4558 1786//4559
f 1895//4560 2017//4561 1721//4562
f 1722//4563 1941//4564 1894//4565
f 1722//4566 1894//4566 1787//4566
f 1610//4165 1636//4167 1895//4567
f 1664//4568 1900//4568 1788//4568
f 1664//4569 1723//4569 1900//4569
f 1724//4011 1789//4254 1790//4570
f 1724//4182 1790//4571 1725//4183
f 1790//4570 1789//4254 1901//4572
f 1725//4573 1790//4570 1902//4574
f 1691//4575 1845//4575 1791//4575
f 1727//4576 1847//4577 1793//4578
f 1727//4579 1665//4579 1847//4579
f 1726//4421 1792//4420 1947//4580
f 1849//4581 1794//4582 1692//4583
f 1728//4584 1692//4584 1796//4584
f 1692//4583 1794//4582 1796//4585
f 1849//4586 1795//4586 1794//4586
f 1574//4587 1794//4587 1795//4587
f 1730//4426 1797//4588 1729//4198
f 1730//4589 1852//4589 1797//4589
f 1732//4028 1851//4590 1850//4029
f 1732//4591 1797//4592 1851//4593
f 1729//4198 1797//4588 1732//4199
f 1910//4324 1853//4594 1799//4325
f 1799//4595 1854//4596 1734//4597
f 1799//4595 1853//4598 1854//4596
f 1734//4599 1800//4600 1735//4601
f 1734//4599 1854//4602 1800//4600
f 1694//4603 1915//4603 1912//4603
f 1735//4431 1800//4604 1915//4432
f 1579//4032 1911//4269 1736//4332
f 1617//3926 1736//4332 1992//4205
f 1645//4206 1992//4205 1914//4337
f 1618//3844 2091//4338 2061//4209
f 1800//4604 1808//4605 1915//4432
f 1854//4602 1857//4606 1800//4600
f 1668//4210 2061//4209 2062//4607
f 1800//4604 1806//4608 1808//4605
f 1540//3848 1801//4434 1695//4270
f 1800//4600 1857//4606 1804//4441
f 1804//4441 1806//4608 1800//4600
f 1542//4041 1859//4609 1858//4610
f 1863//4109 2093//4436 2026//4611
f 1860//4612 1804//4441 1857//4606
f 1669//4040 1862//4613 1917//4614
f 1806//4608 1804//4441 1807//4440
f 1860//4612 1803//4615 1804//4441
f 1739//4439 1804//4441 1803//4616
f 1806//4608 1807//4440 1808//4605
f 1807//4444 1809//4443 1808//4617
f 1653//4117 1865//4618 1919//4446
f 1740//4619 1864//4619 1809//4619
f 1670//4281 1865//4447 1653//4280
f 1742//4046 2202//4045 1743//4620
f 1744//4621 1743//4622 1812//4623
f 1810//4343 1699//4345 1811//4455
f 1745//4459 1921//4624 1922//4625
f 1746//4626 1812//4626 1996//4626
f 1922//4625 1751//4460 1745//4459
f 1744//4621 1812//4623 1813//4627
f 1746//4628 1817//4628 1812//4628
f 1812//4629 1817//4629 1813//4629
f 1655//4222 2243//4630 1701//4349
f 1595//4360 1814//4631 1704//4361
f 1746//4632 1703//4632 1817//4632
f 1750//4470 1868//4469 1924//4633
f 1754//4634 1704//4634 1867//4634
f 1819//4635 1822//4476 1816//4467
f 1764//4636 1868//4469 1755//4468
f 1756//4123 1757//4225 1872//4637
f 1925//4494 1868//4469 1764//4495
f 1870//4638 1822//4476 1819//4635
f 1762//4488 1682//4487 1871//4639
f 1760//4480 1878//4481 1876//4640
f 1757//4641 1760//4641 1876//4641
f 1757//4225 1876//4642 1872//4637
f 1870//4638 1821//4643 1822//4476
f 1823//4644 1972//4645 1766//4646
f 1821//4647 1770//4504 1822//4485
f 1874//4498 2005//4648 1930//4499
f 1770//4504 1821//4647 1824//4649
f 1873//4650 1829//4650 1708//4650
f 1823//4644 1766//4646 1769//4526
f 1824//4649 1827//4518 1770//4504
f 1768//4496 1878//4481 1825//4479
f 1709//4378 1929//4651 1927//4379
f 1930//4499 2005//4648 1974//4652
f 1823//4644 1769//4526 1773//4528
f 1768//4496 1837//4510 1879//4653
f 1768//4496 1879//4653 1878//4481
f 1710//4654 1835//4654 1828//4654
f 1772//4073 1829//4655 1929//4508
f 1831//4656 1834//4535 1826//4657
f 1779//4536 1776//4519 1826//4657
f 1826//4657 1776//4519 1827//4518
f 1837//4510 1931//4658 1879//4653
f 1774//4523 1777//4522 1835//4659
f 1930//4499 2041//4660 1832//4516
f 1830//4661 1775//4531 1834//4535
f 1830//4661 1834//4535 1831//4656
f 1710//4300 2039//4662 1657//4382
f 1777//4232 1836//4231 1835//4663
f 1657//4664 2039//4665 2172//4666
f 1836//4667 1881//4667 1835//4667
f 1833//4532 1932//4668 1883//4533
f 1838//4669 1884//4670 1837//4671
f 1839//4672 1657//4673 1977//4674
f 1780//4675 1884//4670 1838//4669
f 1883//4676 1933//4677 1780//4678
f 1780//4675 1933//4677 1884//4670
f 1839//4679 1979//4679 1781//4679
f 1659//4145 1712//4680 2109//4681
f 1684//4682 1886//4682 1885//4682
f 1684//4389 1782//4388 1886//4683
f 1841//4684 1840//4243 2051//4685
f 1660//3533 1686//3986 1784//4394
f 1784//4548 1842//4547 1936//4686
f 1841//4543 1887//4687 1716//4544
f 1718//4688 1888//4688 1842//4688
f 1720//4403 1888//4689 1718//4690
f 1888//4691 1889//4691 1939//4691
f 1720//4403 1889//4402 1888//4689
f 1566//4692 2014//4693 1889//4694
f 1689//4695 1892//4696 1940//4697
f 1786//4698 1892//4696 1689//4695
f 1786//4698 1893//4699 1892//4696
f 1786//4559 1721//4558 1893//4700
f 1787//4701 1894//4701 1897//4701
f 1787//4172 1897//4702 1636//4173
f 1788//4703 1844//4703 1898//4703
f 1788//4704 1898//4704 1843//4704
f 1788//4705 1900//4705 1844//4705
f 1790//4570 1901//4572 1902//4574
f 1902//4706 1905//4706 1845//4706
f 1791//4707 1845//4708 1903//4709
f 1845//4710 1905//4710 1903//4710
f 1846//4711 1792//4711 1793//4711
f 1846//4712 1793//4578 1847//4577
f 1665//4713 1907//4713 1847//4713
f 1848//4258 1907//4714 1665//4259
f 1908//4422 2230//4715 1848//4194
f 1947//4716 1849//4716 1692//4716
f 1852//4717 1950//4717 1797//4717
f 1640//3494 1950//4718 1852//4024
f 1640//3569 1533//3568 1950//4719
f 1667//4267 1953//4720 1991//4721
f 2022//4266 1953//4720 1667//4267
f 1855//4722 1955//4722 1954//4722
f 1854//4602 1913//4723 1857//4606
f 1855//4208 1695//4270 1955//4724
f 1586//3931 1695//4270 1855//4208
f 1915//4432 1808//4605 1861//4725
f 1668//4210 2062//4607 1856//4726
f 1738//4038 1956//4272 2093//4436
f 1542//4041 1669//4040 1859//4609
f 1917//4727 1862//4727 1958//4727
f 1803//4615 1860//4612 1957//4728
f 1803//4729 1957//4729 1862//4729
f 1863//4109 2026//4611 1805//4442
f 1396//3035 2096//4044 1918//4730
f 1621//4115 1919//4446 2096//4044
f 1808//4605 1864//4731 1920//4732
f 1809//4733 1864//4731 1808//4605
f 1741//4734 1959//4735 1864//4736
f 1741//4737 2030//4737 1959//4737
f 1810//4343 1811//4455 1865//4447
f 1696//4452 1963//4451 1960//4283
f 1812//4738 1995//4738 1996//4738
f 1743//4739 1995//4740 1812//4741
f 1751//4742 1922//4743 1923//4744
f 1700//3955 1962//4745 1961//4289
f 1816//4746 1923//4747 1997//4748
f 1817//4749 1962//4749 1813//4749
f 1923//4744 1816//4750 1751//4742
f 1747//4223 1965//4357 1963//4451
f 1703//4751 1679//4751 1817//4751
f 1817//4752 1679//4752 2242//4752
f 1815//4354 1701//4349 1818//4753
f 1750//4754 1924//4755 1866//4457
f 1816//4746 1997//4748 1870//4756
f 1704//4757 1814//4757 1867//4757
f 1819//4635 1816//4467 1870//4638
f 1597//4054 1705//4124 1965//4357
f 1867//4296 1964//4758 1966//4136
f 1705//4124 1758//4129 1970//4759
f 1818//4760 2073//4761 1869//4762
f 1870//4763 2000//4764 1821//4647
f 1756//4123 1872//4637 1761//4371
f 1869//4762 1971//4765 1874//4498
f 1820//4766 2001//4766 1707//4766
f 1682//4767 2003//4767 1871//4767
f 1766//4493 1972//4768 1925//4494
f 1821//4647 1967//4769 1824//4649
f 1707//4770 2001//4770 1873//4770
f 1682//4771 1927//4771 2003//4771
f 1876//4772 1878//4481 1975//4773
f 1773//4529 1972//4645 1823//4644
f 1827//4518 1824//4649 1875//4774
f 1826//4657 1928//4775 1831//4656
f 1827//4518 1875//4774 1826//4657
f 1829//4776 1873//4776 2002//4776
f 2002//4777 1929//4777 1829//4777
f 1773//4529 1775//4531 1877//4778
f 1830//4661 1877//4778 1775//4531
f 1878//4481 1879//4653 1975//4773
f 1835//4779 1880//4779 1828//4779
f 1931//4658 2042//4780 1879//4653
f 1835//4781 1881//4781 1880//4781
f 1833//4532 2007//4782 1932//4668
f 1837//4671 1882//4783 2044//4784
f 1837//4510 2044//4785 1931//4658
f 1832//4516 2007//4782 1833//4517
f 1837//4671 1884//4670 1882//4783
f 1884//4786 2108//4787 1882//4783
f 1839//4672 1977//4674 1934//4788
f 1839//4789 1934//4789 1979//4789
f 1712//4790 1684//4790 1885//4790
f 1841//4791 2051//4791 1887//4791
f 1716//4544 1887//4687 1935//4792
f 1842//4547 1888//4793 1936//4686
f 1935//4794 1938//4795 2116//4796
f 1687//4797 1935//4794 2116//4796
f 1940//4005 2083//4798 1941//4408
f 1894//4799 1896//4799 1897//4799
f 1636//4167 1897//4800 1895//4567
f 1942//4801 1899//4802 1896//4803
f 1896//4804 1899//4804 1897//4804
f 1942//4805 2083//4805 1898//4805
f 1900//4806 1943//4806 1899//4806
f 1942//4807 1898//4807 1844//4807
f 1942//4801 1844//4808 1899//4802
f 1899//4809 1844//4809 1900//4809
f 1898//4810 1789//4179 1843//4178
f 1723//4811 1943//4811 1900//4811
f 1901//4812 1945//4813 1904//4814
f 1901//4572 1904//4815 1902//4574
f 1902//4816 1904//4816 1905//4816
f 1905//4817 1906//4818 1903//4819
f 1945//4813 1846//4820 1904//4814
f 1904//4821 1846//4821 1906//4821
f 1904//4822 1906//4818 1905//4817
f 1846//4823 1945//4823 1792//4823
f 1846//4824 1847//4824 1906//4824
f 1847//4825 1946//4825 1906//4825
f 1847//4826 1907//4827 1946//4828
f 1945//4829 2150//4830 1792//4420
f 1792//4420 2121//4831 1947//4580
f 1947//4832 1948//4832 1849//4832
f 1849//4833 1948//4834 1989//4835
f 1849//4833 1989//4835 1795//4836
f 1795//4193 1989//4837 1908//4422
f 1851//4838 1949//4838 1850//4838
f 1797//4592 1950//4839 1851//4593
f 1850//4029 2018//4840 2267//4841
f 1383//2980 2154//4323 1951//4842
f 2154//4323 2357//4843 1951//4202
f 1384//3376 2089//4099 1952//4430
f 1667//4263 1991//4844 1910//4204
f 1853//4845 2021//4846 1854//4602
f 1694//4268 1912//4847 1911//4269
f 1912//4848 1915//4432 2023//4849
f 2021//4846 1913//4723 1854//4602
f 2023//4849 1915//4432 1861//4725
f 1861//4725 1916//4850 2023//4851
f 1856//4852 2062//4853 1737//4854
f 1913//4723 2024//4855 1857//4606
f 1857//4606 2024//4855 1993//4856
f 1861//4725 1920//4732 1916//4850
f 1993//4857 1957//4857 1860//4857
f 1862//4858 1957//4858 1958//4858
f 1861//4725 1808//4605 1920//4732
f 2026//4611 1994//4859 1805//4442
f 1865//4618 2130//4860 1919//4446
f 1959//4735 1920//4861 1864//4736
f 2202//4045 1995//4740 1743//4739
f 1922//4625 1921//4624 2128//4862
f 1811//4455 2131//4863 1865//4618
f 1923//4744 1922//4743 2128//4864
f 1923//4865 2128//4866 2064//4867
f 1697//3382 2161//4868 2067//4221
f 1811//4455 1866//4457 2131//4863
f 1550//3428 1594//3231 1961//4289
f 1655//4222 2067//4221 2243//4630
f 1962//4745 1817//4869 2242//4870
f 1870//4763 1997//4748 2031//4871
f 1867//4872 1814//4872 1964//4872
f 1701//4349 2033//4873 1818//4753
f 1705//4124 2132//4874 1965//4357
f 1925//4494 2102//4875 1868//4469
f 1869//4762 2104//4876 1971//4765
f 1972//4877 2102//4875 1925//4494
f 1821//4647 2000//4764 1967//4769
f 1926//4477 1970//4759 1758//4129
f 1872//4637 1876//4642 2037//4878
f 1761//4372 1872//4637 2037//4878
f 1824//4649 1967//4769 1875//4774
f 1876//4879 2004//4880 2037//4878
f 1874//4498 1971//4765 2005//4648
f 1877//4778 1972//4645 1773//4529
f 1877//4778 2076//4881 1972//4645
f 1876//4879 1975//4773 2004//4880
f 1873//4882 2001//4883 2002//4884
f 1831//4656 1928//4775 1973//4885
f 1881//4886 1976//4886 1880//4886
f 1881//4887 2043//4888 1976//4889
f 1836//4890 2043//4890 1881//4890
f 1883//4676 2008//4891 1933//4677
f 1711//4892 1627//4893 2048//4894
f 1883//4533 1932//4668 2008//4895
f 1933//4677 2049//4896 1884//4670
f 1627//4893 1979//4897 2048//4894
f 1712//4898 1980//4899 2109//4900
f 1712//4901 1885//4901 1980//4901
f 2218//4242 2051//4685 1840//4243
f 1784//4540 2053//4902 1782//4388
f 1784//4540 1936//4903 2053//4902
f 1887//4687 1982//4904 1935//4792
f 1935//4905 1982//4906 1937//4907
f 2012//4908 1888//4908 1982//4908
f 2012//4909 1936//4909 1888//4909
f 1982//4910 1939//4910 1937//4910
f 1982//4911 1888//4911 1939//4911
f 1935//4905 1937//4907 1938//4912
f 1937//4913 1939//4914 1983//4915
f 1889//4916 1983//4916 1939//4916
f 1889//4694 2014//4693 1983//4917
f 2054//4918 1984//4918 1890//4918
f 1890//4919 1984//4919 1985//4919
f 1890//4920 1985//4920 1986//4920
f 1890//4554 1986//4921 1891//4555
f 1940//4922 2185//4923 2259//4924
f 1721//4558 1988//4925 1893//4700
f 1721//4926 2142//4927 1988//4928
f 1941//4564 1896//4929 1894//4565
f 2083//4930 1942//4930 1896//4930
f 1897//4931 1943//4931 1895//4931
f 1899//4932 1943//4932 1897//4932
f 1792//4420 2150//4830 2121//4831
f 1533//4933 2379//4934 2614//4935
f 1798//3749 2379//4934 1533//3568
f 1910//4324 2155//4936 1853//4594
f 1910//4937 1991//4938 2293//4939
f 1911//4940 2156//4941 1736//4332
f 1736//4332 2156//4941 2677//4942
f 2021//4846 2024//4855 1913//4723
f 1916//4850 4686//4943 2023//4851
f 2024//4944 2092//4945 1993//4946
f 1802//4339 1858//4610 2025//4947
f 1956//4948 2063//4949 2093//4950
f 1857//4606 1993//4856 1860//4612
f 1920//4732 2028//4951 1916//4850
f 1993//4952 1958//4952 1957//4952
f 1805//4442 1994//4859 1921//4448
f 1921//4624 1994//4859 2128//4862
f 1920//4732 1959//4953 2065//4954
f 1959//4955 2066//4956 2065//4957
f 1741//4215 1960//4283 2030//4958
f 1923//4747 2064//4959 1997//4748
f 1814//4960 1999//4961 1998//4962
f 1814//4963 1998//4964 1964//4965
f 1924//4633 1868//4469 2069//4966
f 1870//4763 2031//4871 2000//4764
f 1964//4967 2101//4968 1966//4969
f 1705//4124 1970//4759 2132//4874
f 1762//4482 2071//4970 1820//4071
f 1871//4639 1968//4971 1762//4488
f 1761//4372 2133//4972 1969//4373
f 1969//3960 2105//4973 1926//4477
f 1820//4974 2470//4974 2001//4974
f 1820//4975 2071//4976 2470//4977
f 1871//4639 2003//4978 1968//4971
f 1869//4762 2073//4761 2104//4876
f 1826//4657 2103//4979 1928//4775
f 1826//4657 1875//4774 2103//4979
f 1831//4656 2036//4980 1830//4661
f 1830//4661 2036//4980 1877//4778
f 1710//4981 1828//4981 2039//4981
f 2039//4665 2170//4982 2172//4666
f 1930//4499 1974//4652 2041//4660
f 1879//4653 2042//4780 2040//4983
f 1832//4516 2041//4660 2007//4782
f 1836//4984 1711//4984 2043//4984
f 1977//4985 1657//4985 2006//4985
f 2044//4784 1882//4783 2108//4787
f 1977//4674 2006//4986 1934//4788
f 1884//4670 1978//4987 2108//4988
f 1934//4989 2006//4989 2045//4989
f 1933//4677 2008//4891 2049//4896
f 1934//4990 2045//4990 2046//4990
f 1934//4991 2046//4991 1979//4991
f 1884//4670 2049//4896 1978//4987
f 1979//4897 2111//4992 2048//4894
f 1980//4993 1885//4993 1981//4993
f 1659//4145 2137//4994 2218//4240
f 1885//4995 2010//4995 1981//4995
f 1886//4996 2010//4997 1885//4998
f 2051//4999 2011//5000 1887//5001
f 2011//5000 1982//5002 1887//5001
f 2011//5003 2012//5003 1982//5003
f 1937//4913 1983//4915 1938//5004
f 1983//5005 2014//4313 2013//5006
f 1984//5007 1987//5008 2016//5009
f 1984//5010 2016//5011 1985//5012
f 2015//5013 1892//5014 1987//5015
f 1892//5016 2015//5016 1940//5016
f 1892//5017 1893//5017 1987//5017
f 1987//5018 1893//5018 1988//5018
f 1940//4005 2259//5019 2083//4798
f 1941//4408 2083//4798 1896//5020
f 1895//4560 2084//5021 2017//4561
f 1791//4415 2057//5022 1944//4012
f 1901//4572 2148//5023 1945//5024
f 1903//4709 2192//5025 1791//4707
f 1903//5026 2149//5027 2192//5028
f 1906//5029 1946//5029 1903//5029
f 1948//5030 1947//5030 2088//5030
f 1948//5031 2088//5032 1989//5033
f 1850//4029 1949//5034 2018//4840
f 1851//5035 2019//5035 1949//5035
f 1851//5036 1950//5036 2019//5036
f 1693//3567 2267//4841 2154//4323
f 1910//4324 2293//5037 2155//4936
f 1853//4845 2155//5038 2021//4846
f 1955//5039 2060//5039 1954//5039
f 2199//5040 2024//4944 2021//4846
f 2061//4209 2718//5041 2062//4607
f 1802//4339 2025//4947 1801//4434
f 1859//4609 1669//4040 2095//5042
f 2092//5043 2027//5043 1993//5043
f 1958//5044 1993//5044 2027//5044
f 1865//4618 2131//4863 2130//4860
f 1959//5045 2030//5045 2066//5045
f 1866//4457 2097//5046 2131//4863
f 2069//4966 2099//5047 1924//4633
f 1701//4349 2243//4630 2033//4873
f 2000//5048 2031//4871 2068//5049
f 1964//4965 1998//4964 2032//5050
f 1818//4760 2033//5051 2073//4761
f 1967//5052 2000//5048 2203//5053
f 1762//5054 1968//5054 2071//5054
f 2032//5055 2101//5055 1964//5055
f 1926//5056 2105//5057 2204//5058
f 2001//5059 2470//5059 2166//5059
f 1967//5052 2203//5053 1875//4774
f 2003//5060 2035//5060 1968//5060
f 2037//4878 2133//4972 1761//4372
f 1877//4778 2036//4980 2076//4881
f 1927//5061 1929//5062 2134//5063
f 1927//5064 2134//5065 2003//5066
f 1831//4656 1973//4885 2036//4980
f 1971//4765 2104//4876 2005//4648
f 2005//4648 2038//5067 1974//4652
f 1879//4653 2040//4983 1975//4773
f 1974//4652 2038//5067 2041//5068
f 2006//5069 1657//5069 2107//5069
f 1932//4668 2007//4782 2008//4895
f 2108//4787 1978//5070 2216//5071
f 1979//5072 2046//5072 2111//5072
f 2109//4681 2217//5073 2112//5074
f 2109//4681 2112//5074 1659//4145
f 1980//5075 1981//5075 2009//5075
f 1981//5076 2010//5076 2009//5076
f 2052//5077 2012//5077 2011//5077
f 1936//4903 2012//5078 2053//4902
f 1938//5079 2081//5080 2116//5081
f 1983//5082 2013//5082 1938//5082
f 2116//5083 2117//5084 2054//5085
f 1984//5086 2117//5084 2015//5087
f 1984//5088 2015//5013 1987//5015
f 2016//5011 2055//5089 1985//5012
f 1985//5090 2055//5091 1986//5092
f 2015//5093 2185//5093 1940//5093
f 2016//5009 1987//5008 2055//5094
f 1987//5095 1988//5095 2055//5095
f 1988//5096 2056//5096 2055//5096
f 1898//5097 2085//5098 2086//5099
f 1898//5097 2086//5099 1789//5100
f 1943//5101 1723//4315 2057//5022
f 1723//4315 1944//4012 2057//5022
f 1945//4829 2148//5102 2120//5103
f 1907//4827 2230//5104 2152//5105
f 1848//5106 2230//5106 1907//5106
f 1989//5107 2122//5107 1908//5107
f 1908//5108 2122//5108 2230//5108
f 1949//5109 2019//5109 2018//5109
f 1693//3567 1850//4029 2267//4841
f 1909//4203 1951//4202 2020//5110
f 1953//5111 2022//5112 2090//5113
f 1912//5114 2059//5115 1911//4940
f 1912//5116 2158//5117 2059//5118
f 2023//4849 2158//5119 1912//4848
f 4686//4943 2158//5117 2023//5120
f 1695//4270 2125//5121 1955//5122
f 2091//4338 2790//5123 2061//4209
f 1801//4434 2269//5124 2127//5125
f 1916//4850 2028//4951 4686//4943
f 1956//4948 2417//5126 2063//4949
f 1858//4610 1859//4609 2025//4947
f 1669//4040 1917//4614 2095//5042
f 1920//4732 2065//4954 2028//4951
f 1997//4748 2238//5127 2031//4871
f 1697//3382 1550//3428 2161//4868
f 1550//3428 2465//5128 2161//4868
f 1924//4755 2097//5046 1866//4457
f 1924//4633 2099//5047 2097//5129
f 1965//4357 2334//5130 1963//4451
f 1998//5131 1999//5132 2032//5133
f 1868//4469 2102//4875 2069//4966
f 1968//5134 2034//5134 2071//5134
f 2072//4294 1966//4136 2164//5135
f 2034//5136 1968//5136 2035//5136
f 2073//4761 2100//5137 2104//5138
f 1969//5139 2133//5139 2105//5139
f 2001//5140 2166//5140 2106//5140
f 2001//4883 2106//5141 2002//4884
f 1973//4885 2338//5142 2036//4980
f 2004//4880 1975//4773 2169//5143
f 2002//4884 2106//5141 2134//5144
f 2002//5145 2134//5063 1929//5062
f 2005//4648 2104//4876 2038//5067
f 1828//5146 2077//5146 2039//5146
f 1880//5147 2077//5147 1828//5147
f 1880//5148 1976//5149 2077//5150
f 1931//4658 2079//5151 2042//5152
f 2042//5153 2173//5154 2040//5155
f 2043//4888 2078//5156 1976//4889
f 2043//5157 2281//5158 2174//5159
f 2044//4785 2253//5160 2079//5151
f 2006//5161 2107//5161 2047//5161
f 2006//5162 2047//5162 2045//5162
f 2009//5163 2109//4900 1980//4899
f 2049//5164 2110//5165 1978//5070
f 2047//5166 2050//5166 2045//5166
f 2045//5167 2050//5168 2113//5169
f 2045//5170 2113//5170 2046//5170
f 2008//5171 2176//5172 2049//5173
f 2049//5173 2176//5172 2110//5174
f 2009//5175 2050//5175 2047//5175
f 2046//5176 2113//5177 2111//4992
f 2009//5178 2010//5178 2050//5178
f 1659//4145 2112//5074 2137//4994
f 2010//4997 2080//5179 2050//5168
f 1782//4388 2115//5180 1886//5181
f 2011//5000 2051//4999 2052//5182
f 2012//5183 2052//5183 2138//5183
f 2012//5184 2138//5184 2053//5184
f 2117//5084 2116//5083 2221//5185
f 1938//5186 2082//5186 2081//5186
f 2013//5187 2082//5187 1938//5187
f 1984//5086 2054//5085 2117//5084
f 1891//4555 1986//4921 2315//5188
f 2015//5189 2117//5189 2185//5189
f 1988//5190 2119//5191 2056//5192
f 1721//5193 2017//5194 2142//5195
f 1895//5196 1943//5101 2087//5197
f 2087//5197 2084//5198 1895//5196
f 1943//5101 2057//5022 2087//5197
f 1946//5199 2149//5027 1903//5026
f 1907//4827 2152//5105 1946//4828
f 1947//4580 2121//4831 2088//5200
f 1989//5033 2088//5032 2122//5201
f 1950//5202 2058//5203 2019//5204
f 1950//5202 1533//5205 2058//5203
f 2155//5038 2124//5206 2021//4846
f 2124//5206 2199//5040 2021//4846
f 1954//5207 2060//5207 2090//5207
f 1954//4334 2090//5208 2022//4335
f 1695//4270 2127//5125 2125//5121
f 2199//5040 2126//5209 2024//4944
f 1737//4854 2062//4853 2234//5210
f 1737//4854 2234//5210 2417//5211
f 2126//5209 2092//4945 2024//4944
f 1956//4272 1737//4211 2417//5212
f 2026//4611 2200//5213 1994//4859
f 2028//4951 2065//4957 2129//5214
f 2029//3379 1918//4278 2201//4111
f 2128//4866 2160//5215 2064//4867
f 2064//4867 2160//5215 2238//5216
f 1997//4748 2064//4959 2238//5127
f 1996//4453 2241//5217 1674//3510
f 2067//4221 2161//4868 2394//5218
f 1674//3510 2241//5217 1814//4358
f 1814//4960 2241//5219 1999//4961
f 2031//4871 2162//5220 2068//5049
f 1679//4226 2072//4471 2242//5221
f 2000//5048 2068//5049 2203//5053
f 2070//5222 2032//5133 1999//5132
f 2102//4875 2276//5223 2069//4966
f 1965//4357 2132//4874 2334//5130
f 2070//5224 2074//5225 2032//5226
f 2071//5227 2034//5227 2070//5227
f 2070//5224 2034//5228 2074//5225
f 2032//5229 2074//5229 2101//5229
f 1966//4969 2101//4968 2164//5230
f 1970//4759 2305//5231 2132//4874
f 2074//5232 2075//5233 2101//5234
f 1926//5056 2204//5058 1970//5235
f 2034//5236 2035//5236 2075//5236
f 2034//5237 2075//5233 2074//5232
f 1875//4774 2203//5053 2103//4979
f 2037//4878 2004//4880 2169//5143
f 2003//5066 2134//5065 2035//5238
f 2104//5138 2340//5239 2038//5067
f 1975//4773 2040//4983 2169//5143
f 1976//5149 2078//5240 2077//5150
f 2007//4782 2041//4660 2175//5241
f 2041//5068 2038//5067 2175//5242
f 1657//4664 2172//4666 2107//5243
f 1931//4658 2044//4785 2079//5151
f 2007//4782 2175//5241 2008//4895
f 2047//5244 2107//5244 2009//5244
f 2107//5243 2109//4681 2009//5245
f 1886//5246 2115//5246 2080//5246
f 1886//4996 2080//5179 2010//4997
f 2055//5091 2056//5247 1986//5092
f 1988//4928 2142//4927 2119//5248
f 2083//4798 2224//5249 2189//5250
f 2083//4798 2189//5250 1898//5251
f 1898//5252 2189//5252 2085//5252
f 1791//5253 2192//5253 2147//5253
f 1945//4829 2120//5103 2150//4830
f 1909//4203 2020//5110 2456//5254
f 1909//5255 2456//5255 1990//5255
f 1990//4098 2456//5256 2089//4099
f 1955//5122 2157//5257 2060//5258
f 1695//4270 1801//4434 2127//5125
f 1801//4434 2025//4947 2269//5124
f 4686//4943 2159//5259 2235//5260
f 2025//5261 1859//5262 2094//5263
f 2026//4611 2093//4436 2389//5264
f 2027//5265 2092//5266 2236//5267
f 2201//4111 2426//5268 2202//4045
f 1919//4446 2130//4860 2273//5269
f 2128//4862 2298//5270 2160//5271
f 1963//4451 2098//5272 1960//4283
f 1999//4961 2241//5219 2163//5273
f 2242//4870 2430//5274 1962//4745
f 1999//4961 2163//5273 2070//5275
f 2073//4761 2033//5051 2100//5137
f 2101//4968 2245//5276 2164//5230
f 2101//5277 2075//5278 2245//5279
f 1972//4877 2244//5280 2102//4875
f 2076//4881 2244//5280 1972//4645
f 1928//4775 2103//4979 2338//5142
f 2037//4878 2169//5143 2133//4972
f 2104//5138 2399//5281 2340//5239
f 2078//5282 2135//5283 2077//5284
f 2044//4784 2108//4787 2253//5285
f 2008//5171 2342//5286 2176//5172
f 2110//5287 2176//5172 2255//5288
f 2050//5168 2080//5179 2113//5169
f 2080//5289 2182//5289 2114//5289
f 2080//5290 2115//5290 2182//5290
f 1782//4388 2350//5291 2115//5180
f 2138//5292 2285//5293 2053//4902
f 2116//5081 2081//5080 2221//5294
f 2013//5006 2014//4313 2315//5295
f 2185//4923 2118//5296 2188//5297
f 1986//5298 2056//5192 2186//5299
f 2189//5300 2143//5300 2085//5300
f 2086//5301 2143//5301 2145//5301
f 2085//5098 2143//5302 2086//5099
f 2087//5303 2146//5304 2144//5305
f 2057//5306 2146//5307 2087//5308
f 1946//5309 2151//5310 2149//5311
f 1946//5309 2152//5312 2151//5310
f 2088//5313 2121//5313 2153//5313
f 2088//5314 2153//5314 2122//5314
f 2153//5315 2231//5315 2122//5315
f 2197//5316 2018//5317 2019//5318
f 2019//5318 2123//5319 2197//5316
f 2123//5320 2019//5320 2058//5320
f 1533//4933 2614//4935 2058//5321
f 1733//3750 1952//4430 2413//5322
f 2124//5323 2268//5324 2199//5325
f 1955//5122 2125//5121 2157//5257
f 2126//5209 2199//5325 2294//5326
f 4686//4943 2235//5260 2158//5117
f 2093//4950 2063//4949 2389//5327
f 2027//5328 2237//5328 1958//5328
f 1958//5329 2237//5329 1917//5329
f 2026//4611 2389//5264 2200//5213
f 2028//4951 2129//5214 2159//5259
f 2096//4044 2299//5330 1918//4730
f 1994//4859 2200//5213 2128//4862
f 1919//4446 2273//5269 2096//4044
f 2065//4957 2066//4956 2129//5214
f 2031//4871 2238//5127 2162//5220
f 1960//4283 2467//5331 2030//4958
f 1961//5332 2430//5333 2468//5334
f 2162//5220 2331//5335 2068//5049
f 2067//4221 2394//5218 2243//4630
f 2070//5275 2163//5273 2395//5336
f 2072//5337 2275//5338 2242//5339
f 2102//4875 2335//5340 2276//5223
f 2070//5341 2395//5342 2470//4977
f 2071//4976 2070//5341 2470//4977
f 1970//4759 2204//5058 2305//5231
f 2166//5343 2337//5343 2167//5343
f 1928//4775 2338//5142 1973//4885
f 2106//5344 2166//5344 2167//5344
f 2167//5345 2210//5345 2106//5345
f 2077//5346 2205//5346 2039//5346
f 2077//5284 2135//5283 2205//5347
f 2039//4665 2209//5348 2170//4982
f 2078//5349 2136//5349 2135//5349
f 2043//5157 2174//5159 2078//5350
f 2038//5067 2308//5351 2175//5242
f 2107//5243 2310//5352 2109//4681
f 2043//5353 1711//4892 2214//5354
f 2214//5354 2281//5355 2043//5353
f 1711//4892 2048//4894 2214//5354
f 1978//5070 2110//5165 2216//5071
f 2112//5074 2178//5356 2137//4994
f 2112//5357 2177//5357 2178//5357
f 2114//5358 2180//5359 2080//5360
f 2081//5361 2183//5362 2221//5363
f 2082//5364 2183//5362 2081//5361
f 2082//5365 2184//5365 2183//5365
f 2013//5366 2184//5366 2082//5366
f 2013//5367 2139//5368 2184//5369
f 2013//5367 2315//5370 2139//5368
f 2117//5371 2352//5372 2185//5373
f 1891//4312 2315//5295 2014//4313
f 2185//5373 2288//5374 2118//5375
f 2186//5376 2315//5188 1986//4921
f 2118//5377 2140//5377 2188//5377
f 2118//5378 2187//5378 2140//5378
f 2186//5379 2119//5379 2187//5379
f 2056//5192 2119//5191 2186//5299
f 2187//5380 2119//5380 2141//5380
f 2187//5381 2141//5381 2140//5381
f 2185//4923 2188//5297 2259//4924
f 2119//5382 2142//5382 2141//5382
f 2083//4798 2259//5019 2224//5249
f 2189//5383 2225//5383 2143//5383
f 2225//5384 2190//5384 2143//5384
f 2190//5385 2144//5385 2143//5385
f 2087//5303 2144//5305 2190//5386
f 2143//5387 2144//5387 2145//5387
f 2144//5388 2146//5388 2145//5388
f 2057//5306 2289//5389 2146//5307
f 1791//5390 2147//5390 2057//5390
f 2120//5103 2264//5391 2150//4830
f 2121//4831 2452//5392 2356//5393
f 2122//5394 2231//5394 2195//5394
f 2122//5395 2195//5395 2230//5395
f 2058//5396 2198//5396 2123//5396
f 2089//5397 2358//5398 2553//5399
f 2089//4099 2553//5400 1952//4430
f 2089//5397 2456//5401 2358//5398
f 1991//5402 2380//5403 2616//5404
f 2293//5405 2268//5405 2155//5405
f 1953//5111 2380//5406 1991//5407
f 2155//5408 2268//5324 2124//5323
f 1911//4940 2059//5115 2156//4941
f 2125//5409 2127//5125 2460//5410
f 2092//4945 2126//5209 2270//5411
f 2092//5412 2270//5413 2297//5414
f 1859//4609 2095//5042 2094//5263
f 2027//5415 2236//5415 2237//5415
f 2129//5416 2239//5417 2159//5418
f 2096//4044 2273//5269 2299//5330
f 2066//5419 2239//5417 2129//5416
f 2131//4863 2330//5420 2130//4860
f 2030//4958 2467//5331 2066//5421
f 1995//4740 2391//5422 1996//4453
f 2162//5423 2238//5424 2466//5425
f 1960//4283 2098//5272 2467//5331
f 1996//4453 2491//5426 2241//5217
f 1550//3428 1961//4289 2465//5128
f 1962//4745 2430//5274 1961//4289
f 2069//4966 2276//5223 2332//5427
f 2203//5053 2303//5428 2304//5429
f 2072//5337 2165//5430 2275//5338
f 2072//5431 2164//5230 2165//5432
f 2203//5053 2366//5433 2103//4979
f 2167//5434 2337//5435 2207//5436
f 2104//5138 2100//5137 2399//5281
f 2338//5142 2076//4881 2036//4980
f 2035//5238 2628//5437 2245//5279
f 2035//5238 2245//5279 2075//5278
f 2105//5057 2133//4972 2208//5438
f 2167//5439 2207//5440 2211//5441
f 2167//5442 2211//5442 2210//5442
f 2106//5443 2210//5443 2134//5443
f 2205//5444 2209//5444 2039//5444
f 2168//5445 2205//5446 2135//5447
f 2169//5143 2040//5155 2307//5448
f 2168//5445 2135//5447 2171//5449
f 2135//5450 2136//5450 2171//5450
f 2136//5451 2213//5451 2171//5451
f 2170//4982 2212//5452 2172//4666
f 2078//5453 2174//5453 2136//5453
f 2214//5454 2282//5454 2252//5454
f 2108//4787 2216//5071 2253//5285
f 2109//4681 2310//5352 2283//5455
f 2216//5071 2402//5456 2253//5285
f 2109//4681 2283//5455 2217//5073
f 2176//5172 2342//5286 2534//5457
f 2217//5458 2254//5458 2177//5458
f 2112//5459 2217//5459 2177//5459
f 2177//5460 2181//5460 2178//5460
f 2177//5461 2179//5461 2181//5461
f 2114//5462 2179//5463 2180//5464
f 2178//5356 2219//5465 2137//4994
f 2182//5466 2181//5467 2114//5468
f 2114//5462 2181//5469 2179//5463
f 2137//4994 2219//5470 2218//4240
f 2051//5471 2218//5472 2344//5473
f 2051//5471 2344//5473 2258//5474
f 2051//4999 2258//5475 2052//5182
f 2052//5476 2258//5477 2138//5478
f 2053//4902 2350//5291 1782//4388
f 2138//5478 2258//5477 2285//5479
f 2288//5480 2222//5481 2118//5482
f 2118//5483 2222//5483 2187//5483
f 2222//5484 2186//5484 2187//5484
f 2140//5485 2141//5485 2188//5485
f 2188//5486 2223//5486 2259//5486
f 2017//5194 2611//5487 2142//5195
f 2225//5488 2226//5488 2190//5488
f 2087//5489 2190//5489 2084//5489
f 2145//5490 2191//5490 2086//5490
f 2145//5491 2146//5491 2191//5491
f 1789//5100 2086//5099 2261//5492
f 2146//5493 2289//5493 2191//5493
f 1901//4572 2450//5494 2290//5495
f 2148//5496 2193//5496 2120//5496
f 2148//5497 2227//5497 2193//5497
f 2149//5498 2228//5498 2192//5498
f 2120//5499 2193//5499 2194//5499
f 2193//5500 2149//5311 2151//5310
f 2227//5501 2149//5501 2193//5501
f 2120//5502 2194//5502 2265//5502
f 2120//5503 2265//5504 2264//5505
f 2193//5506 2151//5506 2194//5506
f 2151//5507 2152//5507 2194//5507
f 2121//5508 2356//5508 2153//5508
f 2153//5509 2356//5509 2231//5509
f 2231//5510 2232//5511 2233//5512
f 2231//5510 2233//5512 2195//5513
f 2195//5514 2233//5514 2266//5514
f 2232//5515 2197//5515 2196//5515
f 2197//5516 2123//5516 2196//5516
f 2196//5517 2123//5517 2198//5517
f 2018//5317 2197//5316 2321//5518
f 2018//4840 2321//5519 2267//4841
f 2058//5321 2614//4935 2198//5520
f 1798//3751 1733//3750 2413//5322
f 1798//3749 2413//5322 2379//4934
f 2090//5521 2060//5522 2514//5523
f 1992//4205 2748//5524 1914//4337
f 2126//5209 2294//5326 2270//5411
f 2297//5525 2236//5267 2092//5266
f 2097//5046 2330//5420 2131//4863
f 2467//5526 2239//5526 2066//5526
f 2099//5047 2069//4966 2332//5427
f 2068//5049 2331//5335 2303//5428
f 2068//5049 2303//5428 2203//5053
f 2033//4873 2243//4630 2397//5527
f 2244//5280 2335//5340 2102//4875
f 2203//5053 2304//5429 2366//5433
f 2166//5528 2470//5529 2337//5530
f 2076//4881 2367//5531 2244//5280
f 2207//5436 2337//5435 2206//5532
f 2206//5532 2168//5533 2207//5436
f 2205//5534 2168//5535 2206//5536
f 2168//5537 2211//5441 2207//5440
f 2169//5143 2307//5448 2208//5438
f 2133//4972 2169//5143 2208//5438
f 2211//5538 2280//5538 2210//5538
f 2168//5537 2171//5539 2211//5441
f 2209//5540 2212//5540 2170//5540
f 2171//5541 2213//5541 2211//5541
f 2211//5542 2213//5543 2280//5544
f 2209//5545 2246//5545 2212//5545
f 2212//5546 2247//5546 2172//5546
f 2042//5547 2079//5151 2215//5548
f 2042//5153 2215//5548 2173//5154
f 2107//5243 2172//4666 2310//5352
f 2214//5354 2249//5549 2281//5355
f 2079//5151 2251//5550 2215//5548
f 2111//4992 2282//5551 2048//4894
f 2048//4894 2282//5552 2214//5354
f 2110//5287 2255//5288 2401//5553
f 2110//5287 2401//5553 2216//5071
f 2283//5554 2254//5554 2217//5554
f 2111//4992 2113//5177 2282//5551
f 2254//5555 2256//5555 2177//5555
f 2179//5556 2177//5556 2256//5556
f 2178//5557 2220//5557 2219//5557
f 2178//5558 2181//5558 2220//5558
f 2181//5467 2182//5466 2220//5559
f 2182//5560 2115//5560 2220//5560
f 2053//4902 2285//5293 2350//5291
f 2221//5561 2312//5562 2579//5563
f 2185//5373 2352//5372 2288//5374
f 2186//5564 2222//5564 2315//5564
f 2188//5565 2260//5565 2223//5565
f 2141//5566 2260//5566 2188//5566
f 2141//5567 2142//5567 2260//5567
f 2189//5568 2224//5568 2225//5568
f 2190//5569 2226//5569 2084//5569
f 2086//5570 2191//5570 2261//5570
f 2289//5571 2262//5572 2191//5573
f 1901//4572 1789//4254 2450//5494
f 1901//4572 2290//5495 2148//5023
f 2148//5574 2263//5574 2227//5574
f 2263//5575 2228//5575 2227//5575
f 2149//5576 2227//5576 2228//5576
f 2194//5577 2152//5577 2265//5577
f 2356//5578 2229//5579 2231//5580
f 2230//5581 2195//5581 2266//5581
f 2266//5582 2355//5583 2230//5104
f 2229//5579 2232//5584 2231//5580
f 2232//5511 2196//5585 2233//5512
f 2233//5586 2196//5586 2266//5586
f 2196//5587 2198//5588 2266//5589
f 2197//5590 2232//5590 2321//5590
f 2267//4841 2357//4843 2154//4323
f 1953//5111 2090//5113 2380//5406
f 2059//5115 2323//5591 2156//4941
f 2158//5117 2323//5592 2059//5118
f 2199//5325 2268//5324 2359//5593
f 2199//5325 2359//5593 2294//5326
f 2125//5409 2460//5410 2157//5594
f 1914//4337 2591//5595 2091//4338
f 2127//5125 2381//5596 2460//5410
f 2235//5597 2159//5598 2324//5599
f 2025//5600 2271//5600 2269//5600
f 2094//5263 2271//5601 2025//5261
f 2200//5213 2389//5264 2298//5270
f 2128//4862 2200//5213 2298//5270
f 1995//4740 2202//4045 2391//5422
f 1996//4453 2364//5602 2491//5426
f 2099//5047 2240//5603 2097//5129
f 2098//5272 1963//4451 2334//5130
f 2132//4874 2336//5604 2334//5130
f 2033//4873 2397//5527 2100//5137
f 2132//4874 2305//5231 2336//5604
f 2103//4979 2366//5433 2338//5142
f 2076//4881 2338//5142 2367//5531
f 2205//5534 2206//5536 2209//5605
f 2209//5606 2339//5607 2306//5608
f 2212//5609 2246//5609 2248//5609
f 2136//5610 2174//5610 2213//5610
f 2212//5611 2250//5611 2247//5611
f 2212//5612 2248//5612 2250//5612
f 2246//5613 2249//5613 2248//5613
f 2174//5614 2281//5614 2439//5614
f 2248//5615 2252//5615 2250//5615
f 2248//5616 2249//5616 2252//5616
f 2214//5617 2252//5617 2249//5617
f 2079//5151 2253//5160 2251//5550
f 2252//5618 2282//5618 2250//5618
f 2008//5171 2175//5619 2342//5286
f 2175//5242 2475//5620 2342//5286
f 2176//5172 2534//5457 2255//5288
f 2080//5360 2180//5359 2113//5621
f 2179//5622 2256//5622 2180//5622
f 2219//5623 2311//5623 2218//5623
f 2219//5624 2257//5625 2311//5626
f 2219//5624 2220//5627 2257//5625
f 2220//5628 2345//5628 2257//5628
f 2115//5629 2345//5630 2220//5631
f 2221//5561 2286//5632 2312//5562
f 2183//5633 2286//5633 2221//5633
f 2183//5634 2287//5634 2286//5634
f 2288//5480 2373//5635 2222//5481
f 2288//5636 2353//5636 2373//5636
f 2222//5637 2373//5637 2315//5637
f 2142//5638 2317//5639 2260//5640
f 2142//5638 2611//5487 2317//5639
f 2225//5641 2224//5641 2318//5641
f 2225//5642 2318//5642 2226//5642
f 2084//5643 2226//5643 2318//5643
f 2084//5644 2318//5644 2017//5644
f 2191//5645 2262//5645 2261//5645
f 2057//5646 2147//5646 2289//5646
f 2148//5647 2290//5647 2263//5647
f 2290//5648 2228//5648 2263//5648
f 2192//5649 2354//5650 2147//5651
f 2265//5504 2291//5652 2264//5505
f 2265//5653 2292//5653 2291//5653
f 2121//4831 2150//4830 2452//5392
f 2152//5654 2292//5654 2265//5654
f 2198//5588 2552//5655 2266//5589
f 2020//5110 2357//4843 2746//5656
f 1991//5402 2616//5404 2615//5657
f 1991//4938 2615//5658 2293//4939
f 2293//5659 2414//5660 2268//5661
f 2060//5662 2322//5663 2514//5664
f 2060//5662 2157//5665 2322//5663
f 1992//4205 2933//5666 3030//5667
f 2127//5125 2269//5124 2381//5596
f 2294//5326 2383//5668 2270//5413
f 2324//5599 2296//5669 2272//5670
f 2324//5599 2159//5598 2296//5669
f 2159//5418 2329//5671 2296//5672
f 2063//4949 2328//5673 2389//5327
f 2159//5418 2239//5417 2329//5671
f 2236//5267 2297//5525 2462//5674
f 2237//5675 2422//5675 1917//5675
f 2201//4111 1918//4730 2424//5676
f 2239//5417 2300//5677 2329//5671
f 2298//5678 2423//5679 2160//5680
f 2160//5680 2488//5681 2238//5682
f 2097//5683 2240//5684 2464//5685
f 1961//4289 2468//5334 2465//5128
f 2241//5219 2274//5686 2163//5273
f 2098//5272 2334//5130 2596//5687
f 2163//5688 2274//5689 2301//5690
f 2274//5691 2275//5692 2277//5693
f 2164//5230 2245//5276 2165//5432
f 2105//5057 2398//5694 2204//5058
f 2208//5438 2279//5695 2105//5057
f 2206//5696 2339//5607 2209//5606
f 2209//5697 2306//5697 2246//5697
f 2306//5698 2341//5698 2246//5698
f 2341//5699 2281//5699 2246//5699
f 2038//5067 2340//5239 2308//5351
f 2250//5700 2309//5700 2247//5700
f 2249//5701 2246//5701 2281//5701
f 2250//5702 2282//5702 2309//5702
f 2254//5703 2283//5704 2256//5705
f 2282//5706 2113//5707 2400//5708
f 2256//5705 2283//5704 2371//5709
f 2257//5710 2345//5710 2311//5710
f 2350//5711 2345//5630 2115//5629
f 2258//5712 2284//5712 2348//5712
f 2258//5713 2348//5713 2285//5713
f 2287//5714 2139//5715 2314//5716
f 2117//5084 2221//5185 2579//5717
f 2117//5084 2579//5717 2352//5718
f 2259//5719 2223//5720 2374//5721
f 2260//5722 2316//5722 2223//5722
f 2261//5723 2319//5723 1789//5723
f 2289//5571 2147//5724 2262//5572
f 2290//5725 2377//5725 2228//5725
f 2228//5726 2377//5726 2192//5726
f 2150//4830 2291//5727 2452//5392
f 2264//5728 2291//5728 2150//5728
f 2230//5104 2355//5583 2152//5105
f 2232//5584 2229//5579 2321//5729
f 2321//5519 2454//5730 2455//5731
f 2614//4935 2552//5732 2198//5520
f 1951//4202 2357//4843 2020//5110
f 2268//5661 2414//5660 2359//5733
f 1736//4332 2933//5666 1992//4205
f 2235//5260 2323//5592 2158//5117
f 2460//5410 2360//5734 2157//5594
f 2294//5326 2359//5593 2416//5735
f 2591//5595 2790//5123 2091//4338
f 2235//5597 2382//5736 2323//5737
f 2324//5599 2382//5736 2235//5597
f 2324//5738 2272//5739 2325//5740
f 2325//5741 2361//5741 2385//5741
f 2325//5740 2272//5739 2295//5742
f 2295//5743 2361//5743 2325//5743
f 2272//5670 2296//5669 2295//5744
f 2296//5745 2329//5746 2326//5747
f 2270//5413 2383//5668 2297//5414
f 2236//5748 2462//5748 2237//5748
f 2201//4111 2424//5676 2426//5268
f 2130//4860 2330//5420 2363//5749
f 2488//5681 2489//5750 2238//5682
f 2239//5417 2467//5331 2300//5677
f 2238//5682 2489//5750 2466//5425
f 2391//5422 2364//5602 1996//4453
f 2162//5220 2517//5751 2331//5335
f 2241//5752 2491//5752 2392//5752
f 2099//5047 2332//5427 2240//5603
f 2241//5753 2302//5753 2274//5753
f 2163//5688 2365//5754 2395//5755
f 2274//5756 2277//5756 2301//5756
f 2275//5692 2274//5691 2302//5757
f 2277//5758 2165//5758 2333//5758
f 2165//5759 2278//5760 2333//5761
f 2397//5762 2243//4630 2621//5763
f 2244//5280 2367//5531 2725//5764
f 2337//5765 2493//5766 2206//5696
f 2204//5058 2524//5767 2305//5231
f 2338//5142 2435//5768 2525//5769
f 2338//5142 2366//5433 2435//5768
f 2206//5696 2493//5766 2339//5607
f 2307//5448 2279//5695 2208//5438
f 2339//5607 2473//5770 2306//5608
f 2040//5155 2173//5154 2307//5448
f 2213//5543 2570//5771 2280//5544
f 2247//5772 2309//5773 2368//5774
f 2247//5775 2368//5776 2172//5777
f 2281//5778 2341//5778 2439//5778
f 2310//5779 2172//5780 2662//5781
f 2282//5706 2400//5708 2309//5782
f 2283//5783 2310//5783 2371//5783
f 2256//5784 2371//5785 2403//5786
f 2256//5787 2403//5787 2180//5787
f 2180//5788 2403//5789 2343//5790
f 2258//5474 2344//5473 2284//5791
f 2284//5792 2405//5792 2313//5792
f 2284//5793 2313//5793 2348//5793
f 2285//5794 2348//5795 2350//5796
f 2346//5797 2286//5798 2313//5799
f 2312//5800 2347//5800 2349//5800
f 2312//5801 2286//5798 2346//5797
f 2286//5802 2314//5802 2313//5802
f 2286//5803 2287//5803 2314//5803
f 2352//5372 2353//5804 2288//5374
f 2259//5019 2711//5805 2224//5249
f 2259//5019 2374//5806 2711//5805
f 2017//5194 2410//5807 2611//5487
f 2262//5808 2319//5808 2261//5808
f 1789//4254 2320//5809 2450//5494
f 2262//5810 2147//5810 2375//5810
f 2147//5651 2354//5650 2376//5811
f 2290//5495 2450//5494 2411//5812
f 2290//5813 2411//5814 2377//5815
f 2192//5816 2377//5817 2354//5818
f 2152//5105 2355//5583 2292//5819
f 2452//5820 2673//5821 2512//5822
f 2090//5521 2514//5523 2380//5403
f 2359//5823 2457//5824 2416//5825
f 1914//4337 2748//5524 2591//5595
f 2294//5326 2416//5735 2383//5668
f 2324//5826 2325//5826 2384//5826
f 2271//5827 2647//5828 2269//5124
f 2063//4949 2417//5126 2419//5829
f 2361//5830 2327//5831 2362//5832
f 2295//5833 2327//5833 2361//5833
f 2296//5745 2326//5747 2295//5834
f 2326//5835 2327//5835 2295//5835
f 2094//5263 2556//5836 2271//5601
f 2063//4949 2419//5837 2328//5673
f 2297//5838 2461//5838 2462//5838
f 2095//5042 2463//5839 2094//5263
f 2237//5840 2462//5841 2422//5842
f 2273//5269 2390//5843 2299//5330
f 2160//5680 2423//5679 2488//5681
f 2241//5844 2392//5844 2302//5844
f 2301//5690 2365//5754 2163//5688
f 2302//5845 2392//5845 2393//5845
f 2301//5846 2333//5846 2365//5846
f 2277//5847 2333//5847 2301//5847
f 2302//5848 2393//5848 2275//5848
f 2275//5849 2393//5849 2396//5849
f 2242//5850 2275//5850 2396//5850
f 2276//5223 2335//5340 2332//5427
f 2334//5130 2336//5604 2560//5851
f 2335//5340 2244//5280 2725//5764
f 2245//5852 2278//5760 2165//5759
f 2470//5529 2624//5853 2337//5530
f 2337//5854 2624//5855 2493//5856
f 2338//5142 2525//5769 2367//5531
f 2210//5857 2280//5858 2628//5859
f 2306//5608 2473//5770 2341//5860
f 2340//5239 2437//5861 2308//5351
f 2439//5862 2341//5863 2438//5864
f 2309//5773 2369//5865 2368//5774
f 2253//5285 2370//5866 2251//5550
f 2175//5242 2308//5351 2475//5620
f 2310//5867 2662//5868 2476//5869
f 2216//5071 2401//5553 2402//5456
f 2113//5621 2180//5359 2343//5870
f 2345//5871 2578//5871 2311//5871
f 2344//5872 2405//5872 2284//5872
f 2313//5873 2372//5874 2346//5875
f 2346//5876 2347//5876 2312//5876
f 2313//5877 2314//5877 2351//5877
f 2313//5878 2351//5878 2348//5878
f 2348//5795 2351//5879 2350//5796
f 2315//5880 2373//5881 2482//5882
f 2223//5720 2316//5883 2374//5721
f 2260//5884 2317//5884 2316//5884
f 2224//5249 2483//5885 2448//5886
f 2224//5887 2448//5887 2318//5887
f 2318//5888 2448//5888 2410//5888
f 2017//5194 2318//5889 2410//5807
f 2262//5890 2375//5890 2319//5890
f 2147//5891 2376//5891 2375//5891
f 2292//5892 2378//5892 2291//5892
f 2292//5893 2355//5583 2378//5894
f 2452//5392 2512//5895 2356//5393
f 2229//5896 2454//5730 2321//5519
f 2157//5594 2360//5734 2322//5663
f 2417//5897 2750//5898 2419//5899
f 2324//5900 2384//5900 2382//5900
f 2269//5124 2647//5828 2381//5596
f 2325//5901 2385//5901 2384//5901
f 2361//5902 2386//5902 2385//5902
f 2326//5903 2387//5904 2327//5905
f 2326//5906 2388//5906 2387//5906
f 2329//5907 2388//5907 2326//5907
f 2383//5668 2461//5908 2297//5414
f 2329//5909 2425//5910 2388//5911
f 2095//5042 1917//4614 2650//5912
f 2298//5678 2389//5327 2423//5679
f 2299//5330 2424//5676 1918//4730
f 2130//4860 2363//5749 2273//5269
f 2097//5683 2464//5685 2330//5420
f 2364//5913 2759//5914 2491//5915
f 2467//5331 2518//5916 2300//5677
f 2161//4868 2465//5128 2516//5917
f 2466//5425 2517//5918 2162//5423
f 2098//5272 2492//5919 2467//5331
f 2491//5915 2427//5920 2392//5921
f 2392//5921 2427//5920 2393//5922
f 2242//4870 2396//5923 2430//5274
f 2303//5428 2521//5924 2304//5429
f 2393//5925 2429//5925 2396//5925
f 2278//5926 2433//5926 2333//5926
f 2100//5137 2397//5527 2561//5927
f 2305//5231 2472//5928 2336//5604
f 2245//5929 2628//5930 2278//5931
f 2035//5238 2134//5065 2628//5437
f 2341//5932 2473//5932 2436//5932
f 2173//5154 2215//5548 2530//5933
f 2341//5934 2436//5935 2438//5936
f 2174//5937 2439//5937 2213//5937
f 2253//5285 2402//5456 2370//5866
f 2218//5938 2311//5938 2440//5938
f 2218//5472 2440//5939 2344//5473
f 2313//5873 2405//5940 2372//5874
f 2346//5875 2372//5874 2347//5941
f 2351//5942 2406//5942 2350//5942
f 2312//5943 2349//5944 2579//5945
f 2314//5946 2407//5946 2351//5946
f 2314//5716 2139//5715 2407//5947
f 2352//5948 2408//5949 2353//5950
f 2315//5370 2445//5951 2139//5368
f 2353//5950 2409//5952 2373//5881
f 1789//5953 2319//5953 2320//5953
f 2375//5954 2376//5954 2319//5954
f 2291//5955 2378//5955 2412//5955
f 2356//5393 2512//5895 2229//5956
f 2553//5400 2413//5322 1952//4430
f 2061//4209 2790//5123 2718//5041
f 2385//5957 2386//5957 2384//5957
f 2361//5830 2362//5832 2386//5958
f 2386//5959 2362//5960 2327//5961
f 2327//5961 2421//5962 2386//5959
f 2387//5904 2421//5963 2327//5905
f 1917//5964 2422//5842 2650//5965
f 2300//5966 2425//5910 2329//5909
f 2202//4045 2426//5268 2391//5422
f 2364//5913 2685//5967 2759//5914
f 2394//5218 2161//4868 2893//5968
f 2365//5754 2431//5969 2395//5755
f 2520//5970 2621//5763 2394//5218
f 2243//4630 2394//5218 2621//5763
f 2333//5971 2431//5971 2365//5971
f 2333//5972 2433//5972 2431//5972
f 2621//5763 2688//5973 2397//5762
f 2395//5342 2622//5974 2470//4977
f 2366//5433 2598//5975 2660//5976
f 2398//5694 2524//5767 2204//5058
f 2525//5769 2600//5977 2367//5531
f 2366//5433 2660//5976 2435//5978
f 2105//5057 2279//5695 2398//5694
f 2134//5979 2210//5857 2628//5859
f 2307//5448 2566//5980 2279//5695
f 2340//5239 2399//5281 2437//5861
f 2280//5858 2565//5981 2602//5982
f 2530//5933 2566//5980 2307//5448
f 2213//5543 2439//5983 2570//5771
f 2307//5448 2173//5154 2530//5933
f 2172//5777 2368//5776 2531//5984
f 2308//5351 2437//5861 2630//5985
f 2172//5780 2531//5986 2662//5781
f 2308//5351 2630//5985 2475//5620
f 2309//5773 2400//5987 2369//5865
f 2342//5286 2475//5620 2606//5988
f 2371//5989 2310//5989 2477//5989
f 2371//5785 2477//5990 2403//5786
f 2113//5707 2343//5991 2400//5708
f 2403//5789 2499//5992 2343//5790
f 2311//5993 2404//5993 2440//5993
f 2311//5994 2578//5994 2404//5994
f 2372//5995 2443//5996 2347//5997
f 2347//5998 2442//5998 2349//5998
f 2347//5999 2443//5999 2442//5999
f 2441//6000 2406//6000 2443//6000
f 2350//6001 2406//6001 2441//6001
f 2443//6002 2406//6002 2407//6002
f 2407//6003 2406//6003 2351//6003
f 2373//5881 2409//5952 2482//5882
f 2315//5370 2482//6004 2445//5951
f 2316//6005 2446//6005 2374//6005
f 2316//6006 2447//6007 2446//6008
f 2317//6009 2447//6007 2316//6006
f 2448//6010 2505//6010 2410//6010
f 2319//6011 2449//6012 2320//6013
f 2319//6011 2376//6014 2449//6012
f 2354//6015 2583//6016 2829//6017
f 2450//6018 2484//6018 2411//6018
f 2377//5815 2411//5814 2485//6019
f 2377//5815 2485//6019 2451//6020
f 2377//5817 2451//6021 2354//5818
f 2291//6022 2412//6022 2452//6022
f 2266//5582 2513//6023 2355//5583
f 2552//6024 2513//6023 2266//5582
f 2267//4841 2321//5519 2455//5731
f 2614//4935 2588//6025 2552//5732
f 2267//4841 2876//6026 2357//4843
f 2359//5823 2414//6027 2457//5824
f 2323//5591 2458//6028 2156//4941
f 1992//4205 2747//6029 2748//5524
f 2382//5736 2459//6030 2323//5737
f 2381//5596 2555//6031 2460//5410
f 2418//6032 2459//6030 2382//5736
f 2416//5825 2487//6033 2383//5668
f 2382//6034 2384//6035 2420//6036
f 2382//5736 2420//6037 2418//6032
f 2384//6035 2386//6038 2420//6036
f 2383//5668 2487//6033 2461//5908
f 2271//5827 2556//6039 2647//5828
f 2420//6040 2386//6041 2421//6042
f 2421//5963 2387//5904 2388//6043
f 2389//5327 2679//6044 2423//5679
f 2299//5330 2390//5843 2424//5676
f 2488//6045 2423//5679 2558//6046
f 2300//6047 2490//6048 2425//5910
f 2332//5427 2519//6049 2240//5684
f 2331//5335 2517//5751 2303//5428
f 2098//5272 2596//5687 2492//5919
f 2393//6050 2427//6050 2429//6050
f 2428//6051 2469//6052 2427//5920
f 2427//5920 2469//6052 2429//6053
f 2395//6054 2431//6054 2428//6054
f 2428//6055 2431//6055 2432//6055
f 2428//6056 2432//6057 2469//6058
f 2429//6059 2469//6060 2523//6061
f 2429//6062 2523//6063 2396//6064
f 2335//5340 2623//6065 2332//5427
f 2278//6066 2471//6066 2433//6066
f 2367//5531 2600//5977 2725//5764
f 2399//5281 2561//6067 2434//6068
f 2628//5859 2280//5858 2602//5982
f 2368//6069 2495//6069 2531//6069
f 2368//6070 2474//6070 2495//6070
f 2369//6071 2474//6071 2368//6071
f 2369//6072 2400//6072 2497//6072
f 2310//6073 2476//6074 2477//6075
f 2403//5786 2477//5990 2499//6076
f 2350//6077 2479//6078 2345//6079
f 2479//6078 2578//6080 2345//6079
f 2372//5995 2441//6081 2443//5996
f 2478//6082 2441//6082 2372//6082
f 2478//6083 2479//6083 2441//6083
f 2501//6084 2479//6084 2478//6084
f 2443//6085 2407//6085 2442//6085
f 2407//6086 2444//6086 2442//6086
f 2139//6087 2481//6088 2407//6089
f 2407//6090 2481//6090 2444//6090
f 2353//5950 2408//5949 2409//5952
f 2409//6091 2408//6092 2502//6093
f 2139//6087 2445//6094 2481//6088
f 2409//6091 2502//6093 2482//6095
f 2611//5487 2447//6096 2317//5639
f 2410//5807 2506//6097 2611//5487
f 2505//6098 2506//6098 2410//6098
f 2376//6099 2510//6100 2449//6101
f 2411//6102 2484//6103 2485//6104
f 2412//6105 2673//6105 2452//6105
f 2378//6106 2453//6106 2412//6106
f 2378//6107 2511//6107 2453//6107
f 2378//5894 2355//5583 2511//6108
f 2229//5956 2512//5895 2454//6109
f 2156//4941 2676//6110 2677//4942
f 1992//4205 3030//5667 2747//6029
f 2323//5591 2459//6030 2458//6028
f 2457//5824 2592//6111 2416//5825
f 2460//5410 2555//6112 2360//5734
f 2062//4607 2718//5041 2935//6113
f 2381//6114 2486//6115 2555//6112
f 2416//5825 2592//6111 2487//6033
f 2420//6040 2421//6042 2418//6116
f 2094//5263 2463//5839 2556//5836
f 2461//6117 2618//6117 2462//6117
f 2095//5042 2650//5912 2463//6118
f 2462//5841 2515//6119 2422//5842
f 2389//5327 2328//5673 2679//6044
f 2273//5269 2559//6120 2390//5843
f 2330//5420 2619//6121 2363//5749
f 2391//5422 2685//6122 2364//5602
f 2303//5428 2517//5751 2521//5924
f 2395//5342 2687//6123 2622//5974
f 2431//6124 2433//6124 2432//6124
f 2304//5429 2598//5975 2366//5433
f 2470//5529 2654//6125 2624//5853
f 2278//5931 2628//5930 2471//6126
f 2471//6127 2659//6128 2691//6129
f 2397//5762 2688//5973 2561//6067
f 2279//5695 2526//6130 2398//5694
f 2339//5607 2493//5766 2563//6131
f 2473//6132 2339//6132 2528//6132
f 2436//6133 2473//6133 2528//6133
f 2436//5935 2528//6134 2438//5936
f 2438//6135 2528//6135 2494//6135
f 2630//5985 2437//5861 2767//6136
f 2438//6137 2494//6137 2532//6137
f 2438//5864 2532//6138 2439//5862
f 2570//5771 2439//5983 2532//6139
f 2215//5548 2251//5550 2605//6140
f 2369//6141 2497//6141 2474//6141
f 2342//5286 2606//5988 2534//5457
f 2255//5288 2534//5457 2607//6142
f 2255//5288 2607//6142 2401//5553
f 2404//6143 2500//6143 2440//6143
f 2578//6144 2576//6144 2404//6144
f 2405//6145 2478//6145 2372//6145
f 2442//6146 2480//6147 2349//6148
f 2442//6149 2444//6149 2480//6149
f 2408//6150 2636//6151 2502//6152
f 2482//6153 2502//6153 2540//6153
f 2540//6154 2541//6154 2482//6154
f 2374//6155 2446//6155 2503//6155
f 2448//5886 2483//5885 2505//6156
f 2449//6012 2508//6157 2320//6013
f 2320//5809 2828//6158 2450//5494
f 2451//6020 2485//6019 2547//6159
f 2020//5110 2746//5656 3061//6160
f 2358//5398 2834//6161 2553//5399
f 2293//5659 2615//6162 2414//5660
f 2414//6163 2615//6164 2674//6165
f 2414//6163 2674//6165 2457//6166
f 2457//5824 2674//6167 2554//6168
f 2514//5523 2589//6169 2380//5403
f 2156//4941 2458//6028 2415//6170
f 2360//5734 2590//6171 2322//5663
f 2457//5824 2554//6168 2592//6111
f 2381//5596 2647//5828 2486//6172
f 2388//6173 2557//6173 2421//6173
f 2388//5911 2425//5910 2557//6174
f 2461//5908 2487//6033 2618//6175
f 2462//6176 2618//6177 2515//6178
f 2423//5679 2679//6044 2558//6046
f 2489//5750 2620//6179 2466//5425
f 2300//6047 2518//6180 2490//6048
f 2491//5915 2759//5914 2427//5920
f 2428//6181 2687//6123 2395//5342
f 2517//6182 2651//6183 2521//6184
f 2432//6057 2522//6185 2469//6058
f 2469//6060 2522//6186 2523//6061
f 2432//6187 2433//6187 2522//6187
f 2304//5429 2521//5924 2598//5975
f 2100//5137 2561//5927 2399//5281
f 2435//5768 2726//6188 2525//5769
f 2339//6189 2563//6189 2528//6189
f 2279//5695 2566//5980 2526//6130
f 2566//5980 2696//6190 2526//6130
f 2280//5544 2570//5771 2565//6191
f 2494//6192 2528//6193 2529//6194
f 2494//6195 2529//6195 2532//6195
f 2495//6196 2474//6196 2496//6196
f 2251//5550 2370//5866 2697//6197
f 2474//6198 2497//6198 2496//6198
f 2401//5553 2701//6199 2402//5456
f 2476//6074 2535//6200 2477//6075
f 2534//5457 2498//6201 2607//6142
f 2477//6075 2535//6200 2499//6202
f 2344//6203 2537//6203 2405//6203
f 2344//5473 2666//6204 2537//6205
f 2500//6206 2404//6206 2576//6206
f 2576//6207 2578//6208 2634//6209
f 2479//6210 2501//6211 2633//6212
f 2480//6147 2538//6213 2349//6148
f 2408//6150 2579//5717 2636//6151
f 2502//6214 2636//6215 2539//6216
f 2502//6217 2539//6217 2540//6217
f 2482//6218 2541//6219 2445//6220
f 2446//6221 2504//6222 2503//6223
f 2374//5806 2503//6224 2711//5805
f 2446//6225 2447//6225 2504//6225
f 2447//6226 2543//6226 2504//6226
f 2447//6096 2611//5487 2543//6227
f 2505//6228 2544//6228 2639//6228
f 2505//6229 2639//6229 2506//6229
f 2508//6230 2449//6230 2507//6230
f 2507//6231 2449//6231 2509//6231
f 2449//6232 2510//6232 2509//6232
f 2376//6099 2829//6233 2510//6100
f 2450//6234 2612//6234 2484//6234
f 2484//6235 2612//6235 2546//6235
f 2485//6104 2484//6103 2546//6236
f 2485//6237 2546//6237 2547//6237
f 2512//5895 2585//6238 2454//6109
f 2513//6023 2586//6239 2355//5583
f 2549//6240 2455//5731 2454//5730
f 2513//6241 2552//6241 2551//6241
f 2380//5403 2589//6169 2616//5404
f 2322//5663 2590//6171 2514//5664
f 2417//5897 2935//6242 2750//5898
f 2487//6243 2592//6244 2646//6245
f 2421//6246 2557//6247 2418//6032
f 2515//6119 2650//5965 2422//5842
f 2425//5910 2683//6248 2594//6249
f 2363//5749 2559//6120 2273//5269
f 2490//6048 2683//6248 2425//5910
f 2488//5681 2686//6250 2489//5750
f 2488//6045 2682//6251 2686//6250
f 2489//5750 2686//6250 2620//6179
f 2466//5425 2620//6179 2517//5918
f 2467//5331 2492//5919 2518//5916
f 2394//5218 2893//5968 2520//5970
f 2332//5427 2623//6065 2519//6049
f 2470//5529 2622//6252 2654//6125
f 2433//6253 2471//6253 2522//6253
f 2624//5855 2562//6254 2493//5856
f 2525//5769 2726//6188 2600//5977
f 2562//6255 2527//6255 2493//6255
f 2493//6256 2527//6256 2563//6256
f 2529//6257 2603//6258 2569//6259
f 2495//6260 2569//6260 2531//6260
f 2496//6261 2569//6261 2495//6261
f 2569//6262 2496//6262 2529//6262
f 2529//6263 2571//6263 2532//6263
f 2496//6264 2571//6264 2529//6264
f 2662//5868 2664//6265 2476//5869
f 2370//5866 2402//5456 2533//6266
f 2535//6267 2476//6268 2572//6269
f 2572//6269 2575//6270 2535//6267
f 2499//6271 2535//6271 2573//6271
f 2499//6272 2573//6272 2343//6272
f 2535//6273 2575//6273 2573//6273
f 2440//5939 2536//6274 2666//6204
f 2500//6275 2536//6275 2440//6275
f 2500//6276 2576//6276 2536//6276
f 2349//6277 2538//6277 2736//6277
f 2349//5944 2736//6278 2579//5945
f 2480//6147 2444//6279 2538//6213
f 2481//6280 2609//6280 2444//6280
f 2481//6281 2670//6282 2609//6283
f 2539//6284 2610//6284 2540//6284
f 2610//6285 2580//6285 2540//6285
f 2540//6286 2580//6286 2542//6286
f 2540//6287 2542//6288 2541//6289
f 2580//6290 2503//6223 2504//6222
f 2580//6291 2504//6291 2542//6291
f 2504//6292 2543//6292 2542//6292
f 2505//6293 2483//6293 2544//6293
f 2544//6294 2545//6294 2639//6294
f 2545//6295 2508//6295 2507//6295
f 2545//6296 2507//6296 2509//6296
f 2545//6297 2509//6297 2639//6297
f 2509//6298 2640//6299 2639//6300
f 2320//5809 2508//6301 2828//6158
f 2510//6302 2640//6302 2509//6302
f 2450//5494 2783//6303 2612//6304
f 2354//5650 2829//6305 2376//5811
f 2546//6306 2581//6306 2547//6306
f 2547//6307 2581//6307 2548//6307
f 2548//6308 2583//6308 2547//6308
f 2581//6309 2582//6309 2673//6309
f 2673//6310 2412//6310 2581//6310
f 2581//6311 2412//6311 2453//6311
f 2581//6312 2453//6312 2548//6312
f 2548//6313 2453//6313 2511//6313
f 2355//5583 2875//6314 2743//6315
f 2355//5583 2586//6239 2744//6316
f 2454//5730 2550//6317 2549//6240
f 2585//6238 2550//6318 2454//6109
f 2587//6319 2550//6319 2585//6319
f 2587//6320 2513//6320 2550//6320
f 2550//6321 2551//6321 2549//6321
f 2513//6322 2551//6322 2550//6322
f 2455//6323 2549//6323 2613//6323
f 2552//5732 2588//6025 2551//6324
f 2614//4935 2877//6325 2715//6326
f 2379//4934 2413//5322 2833//6327
f 2553//5400 2834//6328 2413//5322
f 2358//5398 2456//5401 2834//6329
f 2554//6168 2674//6330 2617//6331
f 2415//6170 2676//6110 2156//4941
f 2418//6032 2593//6332 2459//6030
f 2618//6333 2487//6334 2649//6335
f 2426//5268 2424//5676 3228//6336
f 2558//6046 2682//6251 2488//6045
f 2391//5422 2846//6337 2685//6122
f 2330//5420 2464//5685 2619//6121
f 2465//5128 2468//5334 3042//6338
f 2240//5684 2519//6049 2464//5685
f 2396//5923 2852//6339 2430//5274
f 2523//6061 2522//6186 2949//6340
f 2521//6184 2651//6183 2598//5975
f 2600//5977 2658//6341 2725//5764
f 2471//6126 2628//5930 2695//6342
f 2561//6067 2795//6343 2434//6068
f 2660//5976 2694//6344 2435//5978
f 2562//6345 2626//6345 2601//6345
f 2562//6346 2601//6346 2527//6346
f 2527//6347 2601//6347 2564//6347
f 2399//5281 2434//6068 2437//5861
f 2527//6348 2604//6349 2563//6350
f 2601//6351 2565//6352 2564//6353
f 2601//6354 2602//6354 2565//6354
f 2528//6355 2563//6356 2603//6357
f 2564//6353 2565//6352 2568//6358
f 2528//6193 2603//6359 2529//6194
f 2565//6360 2570//6360 2568//6360
f 2567//6361 2569//6259 2603//6258
f 2570//5771 2631//6362 2568//6363
f 2567//6364 2531//6364 2569//6364
f 2215//5548 2605//6140 2530//5933
f 2531//5986 2567//6365 2662//5781
f 2496//6366 2497//6366 2571//6366
f 2475//6367 2698//6368 2606//5988
f 2402//5456 2701//6199 2533//6266
f 2572//6369 2476//6369 2608//6369
f 2572//6370 2608//6370 2574//6370
f 2400//6371 2343//6372 2704//6373
f 2343//6374 2573//6374 2704//6374
f 2536//6375 2608//6376 2666//6377
f 2574//6378 2608//6379 2536//6380
f 2572//6381 2574//6381 2575//6381
f 2440//5939 2666//6204 2344//5473
f 2536//6380 2576//6382 2574//6378
f 2574//6383 2576//6384 2577//6385
f 2574//6386 2577//6387 2575//6388
f 2576//6384 2634//6389 2577//6385
f 2537//6390 2666//6391 2733//6392
f 2479//6078 2635//6393 2578//6080
f 2635//6394 2634//6209 2578//6208
f 2633//6395 2668//6395 2635//6395
f 2479//6396 2633//6396 2635//6396
f 2579//6397 2736//6398 2817//6399
f 2444//6400 2609//6400 2538//6400
f 2539//6216 2636//6215 2610//6401
f 2580//6402 2610//6403 2503//6224
f 2541//6219 2637//6404 2445//6220
f 2541//6289 2542//6288 2638//6405
f 2544//6406 2483//6406 2672//6406
f 2544//6407 2672//6407 2545//6407
f 2545//6408 2672//6409 2508//6410
f 2546//6411 2612//6411 2581//6411
f 2548//6412 2584//6413 2583//6016
f 2584//6414 2548//6414 2511//6414
f 2673//5821 3057//6415 2512//5822
f 2355//5583 2743//6315 2511//6108
f 2512//5822 3057//6415 2641//6416
f 2355//5583 2744//6316 2875//6314
f 2642//6417 2587//6417 2585//6417
f 2642//6418 2513//6418 2587//6418
f 2549//6419 2643//6420 2613//6421
f 2549//6422 2551//6422 2643//6422
f 2267//4841 2455//5731 2876//6423
f 2020//5110 3061//6424 2456//5254
f 2456//5254 3061//6424 3062//6425
f 2360//5734 2555//6112 2590//6171
f 2554//6168 2617//6331 2592//6111
f 2418//6032 2557//6247 2593//6332
f 2328//6426 2419//5899 2751//6427
f 2487//6243 2646//6245 2649//6428
f 2425//5910 2594//6249 2557//6174
f 2464//5685 2723//6429 2619//6430
f 2620//6179 2595//6431 2517//6182
f 2428//6051 2427//5920 2687//6432
f 2517//6182 2595//6431 2651//6183
f 2396//6064 2523//6063 2597//6433
f 2523//6063 2949//6434 2597//6433
f 2725//5764 2623//6065 2335//5340
f 2561//6067 2688//5973 2795//6343
f 2305//5231 2524//5767 2472//5928
f 2471//6435 2695//6436 2659//6437
f 2524//5767 2398//5694 2761//6438
f 2562//6439 2624//6439 2626//6439
f 2602//6440 2601//6440 2626//6440
f 2626//6441 2627//6441 2602//6441
f 2628//5930 2861//6442 2695//6342
f 2628//6443 2766//6444 2861//6445
f 2627//6446 2628//5859 2602//5982
f 2527//6447 2629//6447 2604//6447
f 2564//6353 2568//6358 2527//6448
f 2603//6357 2563//6356 2567//6449
f 2568//6450 2629//6450 2527//6450
f 2568//6451 2631//6451 2629//6451
f 2570//5771 2532//6139 2631//6362
f 2475//5620 2630//5985 2663//6452
f 2476//5869 2664//6265 2608//6376
f 2400//6371 2704//6373 2810//6453
f 2573//6454 2575//6454 2632//6454
f 2632//6455 2667//6455 2573//6455
f 2541//6219 2638//6456 2637//6404
f 2543//6457 2741//6458 2638//6459
f 2543//6460 2779//6460 2741//6460
f 2611//5487 2824//6461 3020//6462
f 2506//6097 2824//6461 2611//5487
f 2506//6463 2712//6464 2824//6465
f 2639//6300 2712//6464 2506//6463
f 2612//6304 2582//6466 2581//6467
f 2354//6015 2451//6468 2583//6016
f 2584//6469 2511//6469 2743//6469
f 2512//5895 2641//6470 2585//6238
f 2585//6471 2641//6471 2642//6471
f 2513//6472 2642//6472 2586//6472
f 2588//6473 2643//6473 2551//6473
f 2456//6474 3062//6425 2834//6475
f 2674//6476 2678//6477 2617//6478
f 2514//5523 2675//6479 2589//6169
f 2458//6480 2644//6481 2415//6482
f 2458//6480 2593//6483 2644//6481
f 2459//6030 2593//6332 2458//6028
f 2555//6112 2486//6115 2645//6484
f 2592//6111 2617//6331 2646//6485
f 2557//6174 2648//6486 2593//6483
f 2618//6177 2720//6487 2515//6178
f 2363//5749 2681//6488 2559//6120
f 2558//6046 2756//6489 2682//6251
f 2426//5268 2846//6490 2391//5422
f 2519//6049 2723//6429 2464//5685
f 2519//6049 2623//6065 2760//6491
f 2334//5130 2560//5851 2596//5687
f 2622//6492 2653//6492 2654//6492
f 2560//5851 2336//5604 2689//6493
f 2651//6183 2657//6494 2598//5975
f 2624//5853 2654//6125 2625//6495
f 2691//6129 2692//6496 2471//6127
f 2600//5977 2599//6497 2658//6341
f 2398//5694 2526//6130 2761//6438
f 2599//6497 2600//5977 2764//6498
f 2435//5768 2727//6499 2726//6188
f 2526//6130 2799//6500 2761//6438
f 2437//5861 2434//6068 2767//6136
f 2696//6190 2566//5980 2801//6501
f 2563//6350 2604//6349 2961//6502
f 2563//6350 2961//6502 2567//6503
f 2567//6504 2805//6505 2662//6506
f 2532//6507 2571//6508 2730//6509
f 2532//6139 2730//6510 2631//6362
f 2251//5550 2697//6197 2605//6140
f 2370//5866 2533//6266 2697//6197
f 2534//5457 2606//5988 2665//6511
f 2534//5457 2665//6511 2498//6201
f 2607//6142 2701//6199 2401//5553
f 2573//6512 2667//6512 2704//6512
f 2575//6388 2577//6387 2632//6513
f 2538//6514 2669//6515 2736//6516
f 2481//6088 2445//6094 2670//6517
f 2445//6518 2821//6518 2670//6518
f 2636//6519 2707//6520 2610//6521
f 2610//6403 2739//6522 2503//6224
f 2708//6523 2821//6524 2637//6525
f 2503//6224 2739//6522 2711//5805
f 2542//6526 2543//6457 2638//6459
f 2824//6461 2925//6527 3020//6462
f 2672//6409 2781//6528 2508//6410
f 2508//6301 2781//6529 2828//6158
f 2639//6300 2640//6299 2712//6464
f 2510//6530 2713//6531 2640//6299
f 2642//6532 2744//6532 2586//6532
f 2613//6421 2643//6420 2714//6533
f 2588//6025 2715//6326 2643//6534
f 2876//6026 3395//6535 2357//4843
f 2644//6536 2676//6536 2415//6536
f 2677//4942 2933//5666 1736//4332
f 2647//5828 2752//6537 2486//6172
f 2647//6538 2556//6538 2993//6538
f 2618//6333 2649//6335 2720//6539
f 2650//6540 2754//6541 2463//6542
f 2557//6174 2594//6249 2648//6486
f 2594//6249 2683//6248 2757//6543
f 2426//5268 3132//6544 2846//6545
f 2363//5749 2619//6121 2681//6488
f 2490//6546 2684//6546 2683//6546
f 2686//6250 2792//6547 2620//6179
f 2652//6548 2690//6548 2653//6548
f 2622//6549 2687//6549 2652//6549
f 2653//6550 2655//6550 2654//6550
f 2653//6551 2656//6552 2655//6553
f 2622//6554 2652//6554 2653//6554
f 2690//6555 2656//6552 2653//6551
f 2690//6556 2691//6556 2656//6556
f 2471//6557 2692//6557 2522//6557
f 2623//6065 2725//5764 2658//6341
f 2656//6558 2659//6558 2655//6558
f 2656//6559 2691//6559 2659//6559
f 2598//5975 2657//6494 2660//5976
f 2624//5853 2625//6495 2626//6560
f 2600//5977 2726//6561 2764//6498
f 2627//6562 2626//6562 2765//6562
f 2627//6563 2765//6563 2628//6563
f 2628//6564 2765//6565 2766//6444
f 2801//6501 2566//5980 2768//6566
f 2631//6567 2661//6567 2629//6567
f 2530//5933 2605//6140 2768//6566
f 2475//5620 2663//6452 2863//6568
f 2475//6367 2863//6569 2698//6368
f 2664//6265 2662//5868 2700//6570
f 2606//5988 2698//6368 2665//6511
f 2607//6142 2808//6571 2701//6199
f 2701//6199 2865//6572 2533//6266
f 2607//6142 2498//6201 2808//6571
f 2704//6573 2703//6573 2810//6573
f 2608//6376 2664//6265 2731//6574
f 2608//6376 2731//6574 2666//6377
f 2537//6575 2733//6575 2633//6575
f 2633//6576 2733//6576 2668//6576
f 2634//6577 2706//6578 2773//6579
f 2668//6580 2706//6581 2635//6582
f 2538//6583 2609//6584 2669//6585
f 2636//6519 2819//6586 2707//6520
f 2610//6521 2707//6520 2739//6587
f 2445//6588 2637//6588 2821//6588
f 2708//6589 2637//6589 2671//6589
f 2638//6456 2671//6590 2637//6404
f 2638//6591 2741//6591 2671//6591
f 2742//6592 2672//6409 2483//6593
f 2450//5494 2828//6158 2783//6303
f 2583//6016 2784//6594 2829//6017
f 2582//6595 2869//6596 2673//5821
f 2642//6597 2641//6597 2787//6597
f 2642//6598 2787//6599 2744//6600
f 2613//6601 2714//6601 2455//6601
f 2614//4935 2715//6326 2588//6025
f 2834//6328 2988//6602 2413//5322
f 2674//6603 2615//6603 2835//6603
f 2589//6169 2716//6604 2616//6605
f 2675//6606 2590//6171 2789//6607
f 2678//6477 2791//6608 2617//6478
f 2646//6245 2617//6478 2791//6608
f 2649//6609 2840//6609 2720//6609
f 2720//6487 2753//6610 2515//6178
f 2515//6611 2753//6612 2650//6613
f 2679//6044 2755//6614 2558//6046
f 2594//6615 2757//6616 2680//6617
f 2559//6120 2681//6488 2722//6618
f 2490//6619 2941//6620 2684//6621
f 2490//6048 2518//6180 2941//6622
f 2492//5919 2891//6623 2518//5916
f 2465//5128 3042//6338 2516//5917
f 2516//5917 2893//5968 2161//4868
f 2620//6179 2794//6624 2595//6431
f 2427//5920 2759//5914 2687//6432
f 2519//6049 2760//6491 2723//6429
f 2560//5851 2689//6493 2596//5687
f 2396//6625 2597//6626 2852//6627
f 2652//6628 2724//6628 2690//6628
f 2724//6629 2797//6630 2690//6631
f 2652//6632 2687//6633 2724//6634
f 2651//6183 2595//6431 2796//6635
f 2797//6636 2691//6636 2690//6636
f 2692//6637 2949//6340 2522//6186
f 2336//5604 3074//6638 2689//6639
f 2797//6640 2692//6640 2691//6640
f 2651//6183 2796//6635 2657//6641
f 2655//6642 2659//6642 2693//6642
f 2659//6437 2695//6436 2693//6643
f 2795//6644 2854//6645 2434//6068
f 2657//6646 2800//6647 2660//6648
f 2626//6649 2625//6650 2762//6651
f 2695//6652 2763//6653 2693//6654
f 2626//6649 2762//6651 2765//6655
f 2694//6344 2727//6499 2435//5768
f 2526//6130 2696//6190 2799//6500
f 2726//6188 2727//6499 2764//6656
f 2604//6657 2728//6657 2961//6657
f 2629//6658 2728//6659 2604//6660
f 2530//5933 2768//6566 2566//5980
f 2629//6658 2661//6661 2728//6659
f 2961//6662 2805//6663 2567//6664
f 2605//6140 2807//6665 2768//6566
f 2605//6140 2697//6197 2807//6665
f 2805//6505 2729//6666 2662//6506
f 2662//6667 2699//6667 2700//6667
f 2700//6668 2703//6669 2702//6670
f 2699//6671 2703//6672 2700//6673
f 2699//6671 2809//6674 2703//6672
f 2400//6371 2810//6453 2497//6675
f 2702//6676 2704//6676 2705//6676
f 2703//6677 2704//6677 2702//6677
f 2703//6678 2809//6678 2810//6678
f 2704//6679 2667//6679 2705//6679
f 2577//6385 2866//6680 2632//6681
f 2634//6389 2866//6680 2577//6385
f 2634//6577 2773//6579 2866//6682
f 2668//6683 2733//6683 2735//6683
f 2668//6684 2735//6684 2706//6684
f 2634//6685 2635//6582 2706//6581
f 2609//6584 2737//6686 2669//6585
f 2609//6687 2776//6687 2737//6687
f 2670//6282 2776//6688 2609//6283
f 2819//6689 2738//6689 2707//6689
f 2738//6690 2709//6690 2707//6690
f 2738//6691 2708//6691 2709//6691
f 2777//6692 2708//6692 2738//6692
f 2707//6693 2710//6693 2739//6693
f 2707//6694 2709//6694 2710//6694
f 2709//6695 2740//6696 2710//6697
f 2709//6698 2671//6698 2740//6698
f 2671//6699 2709//6699 2708//6699
f 2671//6700 2741//6700 2740//6700
f 2611//5487 2779//6701 2543//6227
f 2510//6100 2829//6233 2713//6702
f 2612//6304 2783//6303 2582//6466
f 2455//6703 2788//6703 2987//6703
f 2643//6704 2745//6704 2714//6704
f 2643//6705 2715//6705 2745//6705
f 2455//5731 2987//6706 2876//6423
f 2674//6707 2835//6707 2678//6707
f 2835//6708 2717//6709 2678//6477
f 2747//6029 3067//6710 2748//5524
f 2644//6481 2648//6486 2719//6711
f 2555//6112 2749//6712 2590//6171
f 2644//6481 2593//6483 2648//6486
f 2645//6484 2749//6712 2555//6112
f 2718//5041 2790//5123 3069//6713
f 2419//5899 2750//5898 2751//6427
f 2647//6714 2993//6715 2752//6716
f 2328//6426 2751//6427 2839//6717
f 2679//6044 2328//5673 2839//6718
f 2646//6245 2840//6719 2649//6428
f 2650//6613 2753//6612 2721//6720
f 2648//6486 2594//6249 2680//6721
f 2755//6614 2756//6489 2558//6046
f 2426//5268 3228//6336 3132//6544
f 2681//6722 2758//6723 2722//6724
f 2757//6543 2683//6248 2684//6725
f 2681//6722 2619//6726 2758//6723
f 2682//6251 2756//6489 2792//6547
f 2682//6251 2792//6547 2686//6250
f 2492//5919 2944//6727 2891//6623
f 2620//6179 2792//6547 2794//6624
f 2492//5919 2596//5687 2944//6727
f 2468//5334 2430//5333 3003//6728
f 2623//6729 2855//6729 2760//6729
f 2595//6431 2794//6624 2796//6635
f 2336//5604 2472//5928 3074//6638
f 2655//6730 2693//6730 2654//6730
f 2434//6068 2854//6645 2901//6731
f 2660//5976 2800//6732 2694//6344
f 2695//6733 2861//6733 2763//6733
f 2434//6068 2901//6731 2907//6734
f 2767//6136 2804//6735 2630//5985
f 2631//6736 2730//6736 2661//6736
f 2805//6737 3014//6738 2729//6739
f 2533//6266 2807//6665 2697//6197
f 2662//6740 2729//6740 2699//6740
f 2533//6266 2865//6572 2807//6665
f 2729//6741 2769//6741 2699//6741
f 2497//6742 2810//6743 2730//6744
f 2497//6745 2730//6509 2571//6508
f 2769//6746 2809//6746 2699//6746
f 2700//6747 2732//6747 2664//6747
f 2700//6668 2702//6670 2732//6748
f 2808//6749 2498//6201 2864//6750
f 2664//6751 2770//6751 2731//6751
f 2664//6752 2732//6752 2770//6752
f 2702//6753 2705//6754 2732//6755
f 2705//6754 2771//6756 2732//6755
f 2705//6757 2632//6758 2771//6759
f 2632//6760 2705//6760 2667//6760
f 2706//6761 2735//6761 2813//6761
f 2706//6762 2813//6763 2815//6764
f 2669//6515 2737//6765 2814//6766
f 2579//5717 2817//6767 2636//6151
f 2636//6768 2817//6768 2819//6768
f 2819//6769 2777//6769 2738//6769
f 2708//6770 2777//6771 2820//6772
f 2708//6523 2820//6773 2821//6524
f 2739//6774 2778//6774 2711//6774
f 2611//5487 3020//6462 2779//6701
f 2672//6409 2742//6592 2781//6528
f 2712//6775 2782//6775 2826//6775
f 2712//6464 2640//6299 2713//6531
f 2582//6776 2783//6777 2869//6778
f 2584//6413 2784//6594 2583//6016
f 2584//6779 2786//6780 2784//6781
f 2641//6416 3057//6415 2873//6782
f 2641//6783 2873//6784 2787//6785
f 2714//6786 2745//6786 2788//6786
f 2614//4935 2379//4934 2877//6325
f 2413//5322 2988//6602 3090//6787
f 2837//6788 2717//6788 2835//6788
f 2589//6169 2675//6479 2716//6604
f 2719//6711 2676//6789 2644//6481
f 2590//6171 2749//6712 2789//6607
f 2678//6477 2717//6709 2791//6608
f 3067//6710 3091//6790 2748//5524
f 2790//5123 2591//5595 3068//6791
f 2718//5041 3032//6792 2935//6113
f 2486//6793 2752//6793 2645//6793
f 2648//6486 2680//6721 2719//6711
f 2646//6245 2791//6608 2840//6719
f 2463//5839 2994//6794 2556//5836
f 2720//6795 2840//6796 2841//6797
f 2720//6798 2841//6798 2753//6798
f 2679//6044 2839//6718 2755//6614
f 2755//6614 2940//6799 2756//6489
f 2757//6616 2684//6800 2845//6801
f 2619//6430 2793//6802 2758//6803
f 2619//6430 2723//6429 2793//6802
f 2621//5763 2520//5970 3039//6804
f 2621//5763 3000//6805 2688//5973
f 2621//5763 3039//6804 3000//6805
f 2687//6806 2945//6807 2947//6808
f 2724//6634 2687//6633 2947//6809
f 2688//5973 3000//6805 2795//6343
f 2856//6810 2855//6811 2623//6065
f 2692//6812 2797//6630 2949//6813
f 2623//6065 2658//6341 2856//6810
f 2796//6814 2857//6815 2657//6816
f 2472//5928 2859//6817 3074//6638
f 2693//6818 2798//6818 2654//6818
f 2524//5767 2859//6817 2472//5928
f 2761//6438 2799//6500 2858//6819
f 2696//6190 2801//6501 2900//6820
f 2694//6344 2862//6821 2727//6499
f 2767//6136 2434//6068 2907//6734
f 2728//6822 2802//6823 2961//6824
f 2728//6825 2803//6825 2802//6825
f 2728//6826 2806//6827 2803//6828
f 2661//6829 2806//6829 2728//6829
f 2661//6830 2730//6830 2806//6830
f 2698//6368 2863//6569 2665//6511
f 2498//6201 2665//6511 2864//6750
f 2701//6199 2808//6831 2865//6572
f 2916//6832 2809//6832 2769//6832
f 2632//6758 2866//6833 2771//6759
f 2666//6834 3015//6835 2734//6836
f 2733//6392 2734//6837 2735//6838
f 2773//6839 3171//6840 2866//6841
f 2735//6842 2734//6842 2811//6842
f 2735//6843 2811//6843 2813//6843
f 2811//6844 2772//6845 2813//6846
f 2814//6847 2774//6847 2812//6847
f 2669//6515 2814//6766 2736//6516
f 2774//6848 2814//6848 2737//6848
f 2774//6849 2737//6849 2775//6849
f 2710//6850 2778//6850 2739//6850
f 2740//6696 2778//6851 2710//6697
f 2740//6852 2822//6852 2778//6852
f 2740//6853 2741//6853 2822//6853
f 2781//6854 2742//6854 2867//6854
f 2781//6855 2867//6856 2780//6857
f 2780//6858 2825//6858 2781//6858
f 2781//6859 2825//6859 2827//6859
f 2712//6464 2826//6860 2824//6465
f 2823//6861 2826//6861 2782//6861
f 2781//6529 2827//6862 2828//6158
f 2712//6464 2713//6531 2782//6863
f 2828//6158 3251//6864 2783//6303
f 2673//5821 2869//6596 2785//6865
f 2584//6779 2743//6866 2786//6780
f 2785//6865 3057//6415 2673//5821
f 2744//6600 2787//6599 2931//6867
f 2744//6316 2931//6868 2875//6314
f 2714//6869 2788//6869 2455//6869
f 2745//6870 2831//6870 2788//6870
f 2745//6871 2832//6872 2831//6873
f 2745//6871 2715//6874 2832//6872
f 2615//6875 2836//6875 2835//6875
f 2615//6876 2616//6876 2836//6876
f 2616//6605 2716//6604 2878//6877
f 2837//6878 2835//6878 2836//6878
f 2719//6879 2880//6879 2676//6879
f 2837//6880 2882//6881 2717//6709
f 2676//6110 3065//6882 2677//4942
f 2882//6881 2837//6883 2883//6884
f 2933//5666 3066//6885 3030//5667
f 2748//5524 3031//6886 2591//5595
f 2645//6484 2752//6716 2936//6887
f 2791//6608 2717//6709 2885//6888
f 2680//6721 2838//6889 2719//6711
f 2556//5836 2994//6794 2993//6890
f 2463//6542 2754//6541 2994//6891
f 2650//6540 2721//6892 2754//6541
f 2757//6616 2843//6893 2680//6617
f 2390//5843 2722//6618 2938//6894
f 2755//6895 2842//6896 2940//6897
f 2757//6616 2845//6801 2843//6893
f 2756//6489 2940//6799 2792//6547
f 2518//5916 2891//6623 2941//6898
f 2685//5967 2892//6899 2759//5914
f 2891//6623 2944//6727 3038//6900
f 2759//6901 2849//6902 2848//6903
f 2723//6904 2850//6905 2793//6906
f 2760//6491 2853//6907 2723//6429
f 2723//6904 2853//6908 2850//6905
f 3000//6909 2948//6910 2795//6644
f 2794//6911 2851//6912 2796//6814
f 2724//6629 2947//6913 2797//6630
f 2854//6645 2795//6644 2948//6910
f 2796//6814 2851//6912 2857//6815
f 2524//5767 2953//6914 2859//6817
f 2654//6915 2798//6915 2625//6915
f 2625//6916 3110//6917 2762//6918
f 2693//6654 2763//6653 2798//6919
f 2657//6920 2857//6920 2860//6920
f 2696//6190 2900//6921 2799//6500
f 2762//6922 2902//6922 2765//6922
f 2765//6923 2902//6923 2966//6923
f 2765//6565 2966//6924 2766//6444
f 2727//6499 2862//6821 2764//6498
f 2767//6136 2907//6734 2804//6735
f 2768//6566 2909//6925 2801//6501
f 2961//6662 3111//6926 2805//6663
f 2804//6735 2863//6569 2663//6452
f 2729//6927 3014//6927 2916//6927
f 2729//6928 2916//6928 2769//6928
f 2732//6755 2771//6756 2770//6929
f 2666//6377 2731//6574 2918//6930
f 2666//6391 2734//6837 2733//6392
f 2811//6931 2734//6931 2812//6931
f 2706//6762 2815//6764 2773//6932
f 2812//6933 2774//6933 2811//6933
f 2811//6934 2774//6934 2775//6934
f 2811//6844 2775//6935 2772//6845
f 2736//6398 3051//6936 2817//6399
f 2814//6937 3051//6936 2736//6398
f 2772//6938 2775//6938 2818//6938
f 2772//6845 2818//6939 2813//6846
f 2813//6940 2818//6941 2816//6942
f 2813//6943 2816//6943 2815//6943
f 2775//6944 2737//6944 2818//6944
f 2737//6945 2776//6945 2818//6945
f 2819//6946 2922//6946 2777//6946
f 2777//6771 2922//6947 2820//6772
f 2922//6948 2980//6949 2820//6950
f 2820//6951 2980//6951 2821//6951
f 2741//6952 2779//6952 2822//6952
f 2711//5805 2923//6953 2742//6954
f 2780//6955 2823//6955 2825//6955
f 2867//6856 2823//6956 2780//6857
f 2867//6957 2924//6957 2823//6957
f 2924//6958 2826//6958 2823//6958
f 2824//6959 2826//6959 2924//6959
f 2823//6960 2782//6960 2825//6960
f 2869//6778 2783//6777 2927//6961
f 2784//6962 2871//6962 2984//6962
f 2784//6963 2786//6963 2871//6963
f 2869//6964 2870//6964 2872//6964
f 2871//6965 2786//6966 2830//6967
f 2743//6866 2830//6968 2786//6780
f 2875//6314 2874//6969 2743//6315
f 2413//5322 3090//6787 2833//6327
f 2834//6328 2989//6970 2988//6602
f 2837//6971 2836//6971 2879//6971
f 2879//6972 2883//6973 2837//6974
f 2676//6975 2880//6976 2990//6977
f 2838//6889 2880//6978 2719//6711
f 2591//5595 3031//6886 3068//6791
f 2749//6712 2645//6484 3033//6979
f 2790//5123 3068//6791 3069//6980
f 2885//6888 2882//6881 2887//6981
f 2882//6881 2885//6888 2717//6709
f 2680//6982 2889//6983 2838//6984
f 2791//6608 2885//6888 2840//6796
f 2751//6427 2884//6985 2839//6717
f 2840//6796 2885//6888 2841//6797
f 2755//6895 3070//6986 2842//6896
f 2889//6983 2680//6982 2843//6987
f 2559//6120 2722//6618 2390//5843
f 2889//6988 2843//6989 2844//6990
f 2843//6991 2845//6991 2844//6991
f 2684//6621 2941//6620 2845//6992
f 2792//6993 2940//6994 2847//6995
f 2759//5914 2894//6996 2849//6997
f 2892//6899 2894//6996 2759//5914
f 2793//6802 2850//6905 2946//6998
f 2792//6993 2847//6995 2851//6912
f 2759//6901 2848//6903 2687//6806
f 2468//5334 3003//6728 3042//6338
f 2792//6993 2851//6912 2794//6911
f 2687//6806 2848//6903 2945//6807
f 2894//6999 2852//7000 2895//7001
f 2430//5274 2852//6339 3003//7002
f 2852//7003 2898//7003 2895//7003
f 2760//6491 2855//7004 2853//6907
f 2854//6645 2948//6910 2951//7005
f 2797//6630 2947//6913 2949//6813
f 2799//6500 2900//6921 2858//6819
f 2900//7006 3106//7007 2858//7008
f 2524//5767 2761//6438 2953//7009
f 2625//6916 3045//7010 3110//6917
f 2854//6645 2951//7005 2901//6731
f 2658//6341 2905//7011 2856//6810
f 2798//7012 2763//7013 2903//7014
f 2762//6918 3110//6917 2902//7015
f 2900//7016 2801//6501 2908//7017
f 2901//7018 2956//7019 2907//7020
f 2599//6497 2906//7021 2658//6341
f 2599//6497 2764//6498 2906//7021
f 2694//6344 2800//6732 2862//6821
f 2764//6498 2862//6821 2967//7022
f 2800//6732 2910//7023 2862//6821
f 2966//6924 2963//7024 2766//6444
f 2768//6566 2807//6665 2909//6925
f 2911//7025 2912//7026 2807//6665
f 2863//6569 2804//6735 2969//7027
f 2863//6569 2914//7028 2665//6511
f 2865//6572 2915//7029 2911//7025
f 2807//6665 2865//6572 2911//7025
f 2864//7030 2915//7029 2808//6831
f 2665//6511 2914//7028 2864//7030
f 2808//6831 2915//7029 2865//6572
f 2809//7031 2916//7031 2917//7031
f 2809//7032 2917//7033 2810//7034
f 2770//7035 2919//7036 2731//7037
f 2771//6756 2919//7038 2770//6929
f 2771//7039 2920//7039 2919//7039
f 2866//7040 2920//7040 2771//7040
f 2734//6836 3015//6835 2976//7041
f 2815//7042 2977//7042 2773//7042
f 2815//7043 2921//7043 2977//7043
f 2815//7044 2816//7044 2921//7044
f 2819//7045 2817//7046 3052//7047
f 2670//7048 3054//7049 2776//7050
f 2821//7051 2980//7052 3054//7053
f 2778//7054 3056//7054 2981//7054
f 2778//7055 2923//7055 2711//7055
f 2779//6701 3020//6462 3376//7056
f 2742//7057 2982//7058 2867//7059
f 2827//7060 2868//7060 2828//7060
f 2825//7061 2868//7061 2827//7061
f 2825//7062 2782//7062 2868//7062
f 2782//7063 2713//7063 2868//7063
f 2713//7064 2926//7064 2868//7064
f 2927//7065 2983//7065 2869//7065
f 2869//7066 2983//7066 2870//7066
f 2984//7067 2871//7067 2983//7067
f 2983//7068 2871//7068 2870//7068
f 2870//7069 2871//6965 2830//6967
f 2869//7070 2872//7070 2785//7070
f 2870//7069 2830//6967 2872//7071
f 2830//7072 2743//6315 2929//7073
f 2874//7074 3058//7075 2929//7076
f 2873//6784 2930//7077 2787//6785
f 2787//7078 2930//7079 2931//7080
f 2931//7080 3025//7081 2875//7082
f 2788//7083 2831//7083 2987//7083
f 2379//4934 2833//6327 2877//6325
f 2616//6605 2878//6877 2836//7084
f 2879//6972 2881//7085 2883//6973
f 2838//7086 2932//7086 2880//7086
f 2932//7087 2838//7088 2881//7089
f 2881//7089 2838//7088 2883//7090
f 2677//4942 3066//6885 2933//5666
f 2749//6712 2934//7091 2789//6607
f 2883//6884 2838//6984 2888//7092
f 2882//6881 2883//6884 2887//6981
f 2838//6984 2889//6983 2888//7092
f 2993//6715 2936//6887 2752//6716
f 2992//7093 2884//6985 2751//6427
f 2883//6884 2888//7092 2887//6981
f 2839//7094 3070//7094 2755//7094
f 2885//7095 2886//7095 2841//7095
f 2841//7096 2886//7097 2753//6612
f 2885//6888 2887//6981 2886//7098
f 2888//7092 2937//7099 2887//6981
f 2390//5843 3131//7100 2424//5676
f 2889//6983 2937//7099 2888//7092
f 2390//5843 2938//7101 3131//7100
f 2889//6988 2844//6990 2937//7102
f 2758//6723 2939//7103 2722//6724
f 2758//7104 2890//7105 2939//7106
f 2845//6992 2941//6620 2844//7107
f 2685//5967 2846//7108 2892//6899
f 2892//7109 3041//7109 2894//7109
f 2894//6999 2895//7001 2849//7110
f 2847//7111 2896//7112 2851//7113
f 2849//7114 2895//7114 2897//7114
f 2852//7115 2894//7115 3041//7115
f 2852//7116 3041//7116 3003//7116
f 2897//7117 2895//7117 2898//7117
f 2596//5687 2689//6493 2944//6727
f 2852//6627 2597//6626 2898//7118
f 2851//7113 2896//7112 2899//7119
f 2851//7113 2899//7119 2857//7120
f 3006//7121 2900//7006 2955//7122
f 3006//7121 3106//7007 2900//7006
f 2856//6810 2954//7123 2855//6811
f 2856//6810 2905//7011 2954//7123
f 2908//7124 2955//7122 2900//7006
f 2761//6438 2858//6819 2953//7009
f 2857//7120 2899//7119 2904//7125
f 2950//7126 2908//7124 2958//7127
f 2955//7122 2908//7124 2950//7126
f 2902//7128 3110//7128 3010//7128
f 2857//7120 2910//7023 2860//7129
f 2857//7120 2904//7125 2910//7023
f 2861//6445 2963//7024 2763//7130
f 2763//7131 2963//7132 2903//7133
f 2907//7020 2956//7019 2969//7134
f 2658//6341 2906//7021 2905//7011
f 2860//7129 2910//7023 2800//6732
f 2902//7135 2962//7135 2966//7135
f 2958//7127 2909//7136 2964//7137
f 2801//6501 2909//6925 2908//7017
f 2909//7136 2958//7127 2908//7124
f 2804//6735 2907//7138 2969//7027
f 2764//6498 2967//7022 2906//7021
f 2862//6821 2910//7023 2967//7022
f 2964//7137 2909//7136 2912//7026
f 2964//7137 2912//7026 2911//7025
f 2807//6665 2912//7026 2909//7139
f 2970//7140 2863//6569 2969//7027
f 2964//7137 2911//7025 2971//7141
f 2973//7142 2914//7028 2970//7143
f 2863//6569 2970//7140 2914//7028
f 2971//7141 2915//7029 2974//7144
f 2971//7141 2911//7025 2915//7029
f 2864//7030 2914//7028 2974//7144
f 2864//7030 2974//7144 2915//7029
f 2916//7145 3046//7146 2917//7147
f 2731//6574 2975//7148 2918//6930
f 2731//7037 2919//7036 2975//7149
f 2866//7150 3114//7150 2920//7150
f 2666//6377 2918//6930 3015//7151
f 2734//7152 2976//7153 3016//7154
f 2812//7155 3016//7156 2978//7157
f 2734//7152 3016//7154 2812//7158
f 2814//6937 2812//7155 3051//6936
f 2819//7159 3052//7160 2922//7161
f 2922//6948 3053//7162 2980//6949
f 2821//7163 3054//7163 2670//7163
f 2822//7164 3056//7165 2778//7166
f 2822//7164 2779//7167 3056//7165
f 2867//7168 2982//7169 2924//7170
f 2924//7171 2925//7171 2824//7171
f 2713//7172 3177//7173 2926//7174
f 2713//7172 3085//7175 3177//7173
f 2784//7176 3024//7176 2829//7176
f 2784//7177 2984//7177 3024//7177
f 2872//7178 2928//7178 2785//7178
f 2872//7071 2830//6967 2928//7179
f 2830//7180 2929//7180 2928//7180
f 2743//6315 2874//6969 2929//7073
f 2875//7181 3025//7181 2874//7181
f 2987//7182 2831//7183 2986//7184
f 2715//7185 3120//7186 2832//7187
f 2876//6423 3029//7188 3395//7189
f 2746//5656 2357//4843 3089//7190
f 2881//7191 2879//7192 2991//7193
f 2932//7194 2991//7193 2880//7195
f 2881//7191 2991//7193 2932//7194
f 2675//6479 2934//7196 2716//6604
f 2676//6975 2990//6977 3065//7197
f 2789//6607 2934//7091 2675//6606
f 2748//5524 3091//6790 3031//6886
f 2718//5041 3069//6713 3032//6792
f 2936//6887 3033//6979 2645//6484
f 2935//6242 2992//7093 2750//5898
f 2750//5898 2992//7093 2751//6427
f 2993//6715 2994//6891 3154//7198
f 2721//6892 3095//7199 2754//6541
f 2886//7097 2721//6720 2753//6612
f 2886//7200 2887//7200 3034//7200
f 2842//6896 3129//7201 3096//7202
f 2887//7203 2937//7102 2995//7204
f 2842//6896 3096//7202 2940//6897
f 2424//5676 3130//7205 3228//6336
f 2722//6724 2996//7206 2938//7207
f 2846//7208 3132//7208 3101//7208
f 3096//7202 2847//7111 2940//6897
f 2758//7104 2943//7209 2890//7105
f 2892//7210 2846//7210 2942//7210
f 2793//6802 2943//7211 2758//6803
f 2892//7212 2942//7212 3041//7212
f 2793//6802 2946//6998 2943//7211
f 2849//7213 3002//7214 2848//7215
f 2849//7216 2897//7216 3002//7216
f 2999//7217 2948//6910 3040//7218
f 2850//6905 2952//7219 2946//6998
f 3000//6909 3040//7218 2948//6910
f 2850//6905 2853//6908 2952//7219
f 2847//7111 3004//7220 2896//7112
f 2689//6639 3105//7221 2944//6727
f 2947//7222 2945//7222 3043//7222
f 2999//7217 2951//7005 2948//6910
f 3005//7223 2951//7224 2999//7225
f 2597//6433 3108//7226 2898//7227
f 3005//7223 3007//7228 2951//7224
f 3004//7220 2950//7126 2896//7112
f 3004//7220 2955//7122 2950//7126
f 3006//7121 2955//7122 3004//7220
f 3074//6638 2859//6817 3075//7229
f 2853//6908 2855//7230 2952//7219
f 2896//7112 2950//7126 2899//7231
f 3007//7228 2956//7232 2951//7224
f 2855//7233 2954//7234 2952//7219
f 2858//7008 3106//7007 2953//7235
f 2901//6731 2951//7005 2956//7236
f 2954//7237 2956//7232 3007//7228
f 2903//7014 3008//7238 2798//7012
f 2905//7011 2957//7239 2954//7123
f 2950//7126 2958//7127 2899//7119
f 3010//7240 3110//7241 3009//7242
f 2954//7237 2969//7027 2956//7232
f 2902//7243 3010//7243 2962//7243
f 2957//7244 2969//7027 2954//7237
f 2905//7011 2959//7245 2957//7239
f 2906//7246 2959//7245 2905//7011
f 2958//7127 2904//7125 2899//7119
f 2958//7127 2964//7137 2904//7247
f 2959//7248 2970//7249 2957//7250
f 2904//7247 2960//7251 2910//7252
f 2904//7247 2964//7137 2960//7251
f 3010//7253 3011//7253 2962//7253
f 2970//7140 2969//7027 2957//7244
f 2802//6823 3012//7254 2961//6824
f 3011//7255 2968//7256 2962//7257
f 2962//7258 3013//7258 2966//7258
f 2967//7259 2959//7245 2906//7246
f 3012//7254 2802//6823 2803//7260
f 3012//7261 2803//7261 2965//7261
f 3011//7262 2965//7263 2968//7264
f 2962//7257 2968//7256 3013//7265
f 2967//7259 2972//7266 2959//7245
f 2910//7252 2972//7266 2967//7259
f 2964//7137 2971//7267 2960//7251
f 2965//7268 2803//7268 3112//7268
f 2965//7269 3112//7269 2968//7269
f 2959//7248 2973//7270 2970//7249
f 2959//7245 2972//7266 2973//7271
f 2960//7251 2972//7266 2910//7252
f 3111//6926 3164//7272 2805//6663
f 2803//6828 2806//6827 3112//7273
f 2972//7266 2974//7274 2973//7271
f 2960//7251 2974//7274 2972//7266
f 2960//7251 2971//7267 2974//7274
f 2914//7028 2973//7142 2974//7144
f 2916//7275 3014//7275 3046//7275
f 2730//6744 3140//7276 2913//7277
f 2918//6930 3141//7278 3287//7279
f 2976//7280 3048//7280 3016//7280
f 2773//6839 3080//7281 3171//6840
f 3049//7282 2977//7282 3016//7282
f 2773//7283 2977//7283 3049//7283
f 3017//7284 2977//7285 2979//7286
f 2812//7155 2978//7157 3051//6936
f 2921//7287 2979//7287 2977//7287
f 2921//7288 3081//7288 2979//7288
f 2816//6942 3081//7289 2921//7290
f 2818//7291 3054//7292 3081//7293
f 2922//7161 3052//7160 3053//7294
f 2778//7295 2981//7295 2923//7295
f 3020//6462 3147//7296 3376//7056
f 2924//7170 2982//7169 3082//7297
f 2924//7298 3082//7298 2925//7298
f 2925//6527 3082//7299 3020//6462
f 2828//7300 3022//7300 3021//7300
f 2868//7301 3022//7301 2828//7301
f 2926//7302 3022//7302 2868//7302
f 2926//7303 3023//7303 3022//7303
f 2926//7304 3177//7304 3023//7304
f 2828//6158 3021//7305 3251//6864
f 2829//6233 3085//7306 2713//6702
f 2928//7307 3086//7308 2785//7309
f 2928//7310 2929//7310 2985//7310
f 2929//7076 3058//7075 2985//7311
f 2930//7312 2873//7313 3087//7314
f 2931//7080 2930//7079 3025//7081
f 3087//7314 3059//7315 2930//7312
f 2930//7316 3059//7317 3025//7318
f 3025//7319 3026//7319 2874//7319
f 2874//7320 3026//7320 3060//7320
f 3027//7321 2831//7321 3028//7321
f 2986//7184 2831//7183 3027//7322
f 2746//5656 3089//7190 3061//6160
f 2834//6475 3062//6425 2989//7323
f 2879//7324 2836//7084 3063//7325
f 2879//7324 3063//7325 2991//7326
f 2990//6977 2880//7327 3121//7328
f 2677//4942 3065//6882 3066//6885
f 2747//6029 3030//5667 3067//6710
f 2935//6113 3032//6792 2992//7329
f 2839//6717 2884//6985 3094//7330
f 3094//7331 3070//6986 2839//7332
f 3034//7333 2721//7333 2886//7333
f 3070//6986 3129//7201 2842//6896
f 2887//7203 2995//7204 3034//7334
f 2844//6990 2997//7335 2937//7102
f 2937//7102 2997//7335 2995//7204
f 2844//6990 3035//7336 2997//7335
f 2941//7337 3035//7336 2844//6990
f 2890//7338 2998//7339 2939//7340
f 2846//7341 3101//7341 2942//7341
f 2943//7342 2998//7339 2890//7338
f 2998//7343 2943//7211 2999//7217
f 2516//5917 3042//6338 2893//5968
f 2943//7211 3001//7344 2999//7217
f 2946//6998 3001//7344 2943//7211
f 3098//7345 3004//7220 2847//7111
f 3098//7346 3103//7347 3004//7220
f 2897//7348 3044//7348 3002//7348
f 3001//7344 3005//7349 2999//7217
f 2946//6998 3005//7349 3001//7344
f 2898//7350 3044//7350 2897//7350
f 2952//7219 3005//7351 2946//6998
f 3103//7347 3006//7121 3004//7220
f 2689//6639 3074//6638 3105//7221
f 3108//7352 3044//7353 2898//7354
f 2952//7219 3007//7355 3005//7351
f 2949//6813 2947//6913 3109//7356
f 2952//7219 2954//7234 3007//7355
f 2798//7357 3045//7357 2625//7357
f 2798//7358 3008//7358 3045//7358
f 2903//7014 3078//7359 3008//7238
f 3010//7240 3009//7242 3011//7360
f 2963//7132 3078//7361 2903//7133
f 2963//7362 3202//7362 3078//7362
f 3011//7363 3009//7364 3012//7365
f 2766//6444 2963//7024 2861//6445
f 3012//7366 2965//7263 3011//7262
f 3014//6738 2805//6737 3166//7367
f 2730//7368 3165//7369 2806//7370
f 2917//7147 3046//7146 3140//7371
f 2810//7034 2917//7033 3140//7372
f 2730//6744 2810//6743 3140//7276
f 2975//7148 3141//7278 2918//6930
f 2919//7036 3047//7373 2975//7149
f 2920//7374 3047//7374 2919//7374
f 2920//7375 3114//7375 3047//7375
f 2918//6930 3287//7279 3015//7376
f 2866//6841 3171//6840 3114//7377
f 2976//7378 3113//7378 3048//7378
f 3015//7379 3113//7379 2976//7379
f 3048//7380 3049//7380 3016//7380
f 3016//7381 3017//7284 2978//7382
f 3017//7284 3016//7381 2977//7285
f 2773//7383 3049//7383 3080//7383
f 2978//7384 3017//7384 3018//7384
f 2978//7385 3050//7385 3051//7385
f 2978//7386 3018//7386 3050//7386
f 3017//7387 2979//7388 3019//7389
f 2979//7390 3081//7390 3019//7390
f 2818//7391 2776//7050 3054//7049
f 2980//7392 3053//7392 3116//7392
f 2980//7052 3116//7393 3054//7053
f 3056//7394 3055//7395 2981//7396
f 2983//7397 2927//7397 3083//7397
f 2983//7398 3083//7398 2984//7398
f 2984//7399 3083//7399 3024//7399
f 3083//7400 3084//7401 3024//7402
f 3024//7402 3084//7401 2829//7403
f 2928//7404 2985//7404 3086//7404
f 3059//7317 3026//7405 3025//7318
f 3059//7406 2986//7407 3026//7408
f 2986//7409 3027//7409 3026//7409
f 3026//7410 3027//7410 3060//7410
f 3060//7411 3027//7412 3028//7413
f 2987//6706 2986//7407 3088//7414
f 2832//7415 3028//7415 2831//7415
f 2987//6706 3029//7188 2876//6423
f 2715//6326 2877//6325 3120//7416
f 2357//4843 3395//6535 3089//7190
f 2991//7193 3063//7417 3121//7418
f 2878//7419 2716//7420 3064//7421
f 2716//7420 2934//7422 3064//7421
f 2749//6712 3033//6979 2934//7423
f 2754//6541 3095//7199 2994//6891
f 2996//7424 3071//7425 2938//7101
f 2939//7340 3036//7426 2996//7427
f 2941//6898 2891//6623 3100//7428
f 3096//7202 3098//7345 2847//7111
f 2939//7340 2998//7339 3036//7426
f 2998//7429 3037//7430 3036//7431
f 3037//7432 3040//7218 3000//6909
f 3037//7433 2999//7217 3040//7218
f 2998//7343 2999//7217 3037//7433
f 2944//6727 3104//7434 3038//6900
f 2942//7435 3101//7435 3134//7435
f 2942//7436 3134//7437 3041//7438
f 2893//5968 3039//6804 2520//5970
f 2848//7439 3072//7440 2945//7441
f 3002//7214 3072//7442 2848//7215
f 3000//7443 3039//7443 3102//7443
f 3000//6909 3102//7444 3037//7432
f 3041//7438 3134//7437 3003//7445
f 3003//6728 3134//7446 3157//7447
f 2944//6727 3105//7221 3104//7434
f 3002//7448 3044//7448 3073//7448
f 3105//7221 3074//6638 3199//7449
f 3106//7007 3006//7121 3103//7347
f 2953//7450 3106//7451 3158//7452
f 2947//7453 3043//7453 3107//7453
f 2947//7454 3107//7454 3109//7454
f 2859//6817 3076//7455 3075//7229
f 2953//7456 3076//7455 2859//6817
f 2949//7457 3109//7458 3137//7459
f 3008//7460 3078//7460 3077//7460
f 2961//6662 3012//7365 3111//6926
f 2968//7461 3112//7461 3013//7461
f 2913//7277 3140//7276 3079//7462
f 3113//7463 3080//7463 3048//7463
f 3080//7464 3049//7464 3048//7464
f 3017//7387 3019//7389 3018//7465
f 2816//6942 2818//6941 3081//7289
f 2981//7396 3055//7395 2923//6953
f 2779//7466 3174//7466 3056//7466
f 2923//6953 3215//7467 2742//6954
f 3082//7468 3175//7468 3020//7468
f 3020//7469 3175//7470 3147//7296
f 2927//7471 2783//6303 3149//7472
f 2927//7473 3149//7474 3083//7475
f 3060//7476 3222//7476 2874//7476
f 3059//7406 3088//7414 2986//7407
f 2836//7084 2878//6877 3063//7325
f 2991//7193 3121//7418 2880//7195
f 2990//6977 3121//7328 3065//7197
f 3065//7477 3152//7478 3066//7479
f 3066//6885 3123//7480 3030//5667
f 3030//5667 3123//7480 3067//6710
f 3067//6710 3092//7481 3091//6790
f 3033//6979 3126//7482 2934//7483
f 3068//6791 3093//7484 3069//6980
f 3069//6713 3186//7485 3032//6792
f 3033//6979 2936//6887 3189//7486
f 3033//6979 3189//7486 3126//7482
f 2936//6887 2993//6715 3154//7198
f 2994//6891 3095//7199 3154//7198
f 3034//7487 2997//7335 2721//7488
f 2995//7204 2997//7335 3034//7487
f 3131//7100 3335//7489 2424//5676
f 3096//7202 3129//7201 3098//7345
f 3228//6336 3453//7490 3132//6544
f 2996//7491 3036//7492 3097//7493
f 3101//7494 3132//7495 3192//7496
f 3100//7428 2891//6623 3038//6900
f 3036//7431 3037//7430 3097//7497
f 3156//7498 3037//7432 3102//7444
f 3039//7499 3196//7499 3102//7499
f 2945//7441 3072//7440 3338//7500
f 3002//7501 3073//7501 3072//7501
f 3074//6638 3075//7229 3199//7449
f 3077//7502 3045//7502 3008//7502
f 2966//7503 3013//7504 2963//7505
f 2730//6744 2913//7277 3165//7506
f 3014//7507 3166//7507 3046//7507
f 3046//7508 3166//7508 3168//7508
f 3046//7146 3139//7509 3140//7371
f 3051//6936 3351//7510 2817//6399
f 3051//7511 3050//7511 3351//7511
f 3019//7512 3081//7512 3290//7512
f 3053//7294 3052//7160 3172//7513
f 3053//7514 3172//7515 3116//7516
f 3022//7517 3118//7517 3021//7517
f 3022//7518 3023//7518 3118//7518
f 2829//7519 3084//7519 3085//7519
f 3086//7308 3179//7520 2785//7309
f 2785//6865 3179//7521 3057//6415
f 2985//7522 3119//7523 3086//7524
f 2985//7525 3058//7075 3119//7526
f 2873//6782 3057//6415 3087//7527
f 2874//7074 3222//7528 3058//7075
f 3059//7406 3087//7529 3088//7414
f 2987//6706 3088//7414 3029//7188
f 2878//7530 3122//7530 3063//7530
f 3065//7477 3121//7531 3150//7532
f 2934//7533 3153//7534 3064//7421
f 3123//7480 3092//7481 3067//6710
f 3091//6790 3124//7535 3031//6886
f 3092//7536 3124//7535 3091//6790
f 3068//6791 3125//7537 3093//7484
f 3069//6713 3185//7538 3186//7485
f 3093//7484 3185//7539 3069//6980
f 3032//6792 3186//7485 3127//7540
f 2992//7541 3032//6792 3127//7540
f 3154//7198 3189//7486 2936//6887
f 2992//7093 3188//7542 3128//7543
f 2884//6985 2992//7093 3128//7543
f 2884//7544 3128//7545 3094//7331
f 3035//7336 3099//7546 2997//7335
f 2997//7335 3099//7547 3227//7548
f 2996//7491 3097//7493 3071//7549
f 3129//7201 3232//7550 3098//7551
f 3035//7552 3100//7552 3099//7552
f 2941//7337 3100//7553 3035//7336
f 3038//6900 3194//7554 3100//7428
f 3101//7494 3192//7496 3233//7555
f 3133//7556 3037//7432 3156//7498
f 3097//7497 3037//7430 3133//7557
f 3232//7550 3195//7558 3098//7551
f 3195//7559 3103//7347 3098//7346
f 3103//7560 3195//7561 3106//7451
f 3044//7562 3201//7562 3073//7562
f 3108//7352 3201//7563 3044//7353
f 2953//7450 3158//7452 3200//7564
f 2597//6433 2949//6434 3108//7226
f 3108//7352 3324//7565 3201//7563
f 2953//7456 3200//7564 3076//7455
f 3107//7566 3135//7567 3109//7568
f 3110//7241 3160//7569 3281//7570
f 3045//7571 3160//7569 3110//7241
f 3110//7241 3281//7570 3009//7242
f 3078//7572 3202//7572 3077//7572
f 3012//7365 3009//7364 3111//6926
f 3112//7573 3138//7574 3013//7575
f 3166//7576 2805//7576 3204//7576
f 2805//6663 3164//7272 3204//7577
f 3168//7578 3139//7579 3046//7580
f 2975//7581 3142//7582 3141//7583
f 3047//7373 3142//7584 2975//7149
f 3047//7585 3143//7586 3142//7587
f 3047//7588 3169//7588 3143//7588
f 3114//7589 3169//7589 3047//7589
f 3080//7590 3113//7590 3170//7590
f 3080//7591 3170//7592 3171//7593
f 3018//7594 3115//7595 3050//7596
f 3018//7597 3290//7597 3115//7597
f 3019//7598 3290//7598 3018//7598
f 3116//7599 3145//7600 3054//7292
f 3117//7601 3146//7601 3055//7601
f 3117//7602 3055//7602 3056//7602
f 3082//7297 2982//7169 3175//7603
f 3021//7305 3118//7604 3176//7605
f 3177//7606 3217//7606 3023//7606
f 3083//7475 3149//7474 3084//7607
f 3084//7608 3149//7609 3178//7610
f 3060//7411 3028//7413 3223//7611
f 3060//7411 3223//7611 3222//7612
f 3028//7613 2832//7187 3120//7186
f 2877//6325 2833//6327 3490//7614
f 2878//7419 3064//7421 3122//7615
f 3063//7417 3182//7616 3121//7418
f 3065//7477 3224//7617 3152//7478
f 3066//7479 3152//7478 3225//7618
f 2934//7483 3126//7482 3153//7534
f 3066//6885 3225//7619 3123//7480
f 3092//7481 3183//7620 3124//7621
f 3031//7622 3125//7623 3068//7624
f 3125//7623 3031//7622 3184//7625
f 3093//7484 3125//7537 3185//7539
f 3154//7198 3095//7199 3267//7626
f 3070//6986 3094//7331 3129//7201
f 3095//7199 2721//7488 3155//7627
f 2721//7488 2997//7335 3155//7627
f 3270//7628 3227//7548 3099//7629
f 2938//7101 3071//7425 3131//7100
f 3097//7630 3133//7631 3071//7632
f 3101//7494 3233//7555 3134//7633
f 3104//7634 3194//7554 3038//6900
f 3042//6338 3003//6728 3566//7635
f 3104//7434 3234//7636 3229//7637
f 3106//7451 3195//7561 3158//7452
f 3105//7221 3234//7636 3104//7434
f 3076//7455 3200//7564 3075//7229
f 3200//7564 3236//7638 3075//7229
f 3107//7639 3043//7640 3280//7641
f 3107//7642 3280//7643 3159//7644
f 3159//7645 3161//7645 3107//7645
f 3107//7646 3161//7646 3135//7646
f 3045//7647 3136//7647 3160//7647
f 3161//7648 3162//7648 3135//7648
f 3109//7568 3135//7567 3137//7649
f 3135//7650 3162//7650 3137//7650
f 3045//7651 3077//7651 3136//7651
f 3136//7652 3077//7652 3163//7652
f 3077//7653 3202//7653 3163//7653
f 2963//7654 3138//7655 3202//7656
f 3009//7657 3364//7658 3111//7659
f 3111//6926 3239//7660 3164//7272
f 3139//7509 3208//7661 3140//7371
f 3170//7592 3244//7662 3171//7593
f 2817//7046 3291//7663 3052//7047
f 3116//7516 3172//7515 3144//7664
f 3144//7665 3214//7665 3116//7665
f 3116//7666 3214//7667 3145//7668
f 2742//7057 3215//7669 2982//7058
f 2923//6953 3406//7670 3215//7467
f 2982//7058 3215//7669 3175//7671
f 3023//7672 3148//7673 3118//7674
f 3148//7675 3023//7676 3217//7677
f 3021//7305 3176//7605 3251//6864
f 3084//7608 3178//7610 3085//7678
f 3086//7679 3180//7679 3179//7679
f 3119//7523 3180//7680 3086//7524
f 3058//7075 3256//7681 3119//7526
f 3057//7682 3181//7683 3087//7684
f 3087//7685 3221//7686 3088//7687
f 3122//7688 3182//7616 3063//7417
f 3064//7421 3151//7689 3122//7615
f 3064//7421 3153//7534 3151//7689
f 3150//7532 3224//7617 3065//7477
f 3123//7480 3183//7620 3092//7481
f 3124//7535 3184//7690 3031//6886
f 3186//7485 3185//7538 3127//7691
f 3127//7540 3188//7692 2992//7541
f 2997//7335 3227//7548 3155//7627
f 2424//5676 3335//7489 3130//7205
f 3131//7693 3071//7694 3191//7695
f 3194//7554 3231//7696 3100//7428
f 3133//7556 3156//7498 3193//7697
f 3229//7637 3194//7698 3104//7434
f 3196//7699 3156//7498 3102//7444
f 3134//7700 3233//7700 3197//7700
f 3042//6338 3566//7635 2893//5968
f 3039//7701 3274//7702 3196//7703
f 3273//7704 3200//7564 3158//7452
f 3105//7221 3199//7449 3234//7636
f 3134//7705 3197//7705 3235//7705
f 3134//7446 3235//7706 3157//7447
f 3199//7449 3236//7638 3198//7707
f 3236//7638 3199//7449 3075//7229
f 3043//7640 2945//7708 3280//7641
f 3159//7644 3280//7643 3160//7709
f 3160//7710 3136//7710 3159//7710
f 3159//7711 3136//7711 3161//7711
f 3136//7712 3163//7712 3161//7712
f 3161//7713 3163//7713 3162//7713
f 3163//7714 3202//7714 3162//7714
f 3009//7242 3281//7570 3341//7715
f 2963//7505 3013//7504 3138//7716
f 2806//7370 3165//7369 3112//7717
f 3168//7718 3207//7719 3167//7720
f 3140//7276 3325//7721 3079//7462
f 3140//7276 3211//7722 3325//7721
f 3168//7718 3167//7720 3208//7723
f 3168//7578 3208//7724 3139//7579
f 3140//7725 3208//7726 3211//7722
f 3143//7586 3209//7727 3142//7587
f 3169//7728 3209//7728 3143//7728
f 3015//7376 3287//7279 3113//7729
f 3113//7730 3287//7730 3288//7730
f 3113//7731 3288//7731 3170//7731
f 3170//7732 3288//7732 3244//7732
f 3081//7293 3054//7292 3290//7733
f 3054//7292 3355//7734 3290//7733
f 3172//7735 3213//7735 3144//7735
f 3213//7736 3173//7736 3144//7736
f 3146//7737 3246//7738 3055//7739
f 3213//7740 3146//7741 3173//7742
f 3144//7743 3173//7743 3214//7743
f 3146//7744 3117//7744 3173//7744
f 3173//7745 3117//7745 3214//7745
f 3174//7746 3214//7746 3117//7746
f 3174//7747 3376//7748 3374//7749
f 2779//6701 3376//7056 3174//7750
f 3147//7296 3357//7751 3376//7056
f 3147//7296 3175//7470 3357//7751
f 3118//7674 3250//7752 3176//7753
f 3118//7674 3148//7673 3250//7752
f 3177//7173 3390//7754 3217//7755
f 2783//6303 3251//6864 3149//7472
f 3085//7175 3390//7754 3177//7173
f 3149//7756 3218//7756 3178//7756
f 3057//7757 3179//7758 3181//7759
f 3058//7075 3297//7760 3256//7681
f 3223//7761 3028//7761 3120//7761
f 2877//6325 3490//7614 3394//7762
f 2988//6602 3510//7763 3090//6787
f 3089//7190 3332//7764 3061//6160
f 3332//7765 2989//7323 3061//6424
f 3062//6425 3061//6424 2989//7323
f 3182//7766 3150//7532 3121//7531
f 3152//7478 3224//7617 3225//7618
f 3224//7617 3302//7767 3225//7768
f 3123//7480 3225//7619 3183//7620
f 3225//7769 3260//7770 3183//7771
f 3153//7534 3126//7482 3263//7772
f 3124//7621 3262//7773 3184//7625
f 3125//7623 3184//7625 3185//7774
f 3126//7482 3264//7775 3263//7772
f 3126//7482 3189//7486 3264//7775
f 3185//7774 3184//7625 3226//7776
f 3187//7777 3308//7778 3127//7779
f 3189//7486 3154//7198 3265//7780
f 3188//7692 3190//7781 3128//7545
f 3128//7545 3190//7781 3094//7331
f 3095//7199 3155//7627 3267//7626
f 3094//7331 3190//7781 3129//7201
f 3227//7548 3269//7782 3155//7627
f 3271//7783 3270//7784 3100//7428
f 3099//7629 3100//7785 3270//7628
f 3133//7786 3193//7786 3191//7786
f 3133//7631 3191//7787 3071//7632
f 3100//7428 3231//7696 3271//7783
f 3194//7554 3230//7788 3231//7696
f 3195//7558 3232//7550 3273//7789
f 3234//7636 3272//7790 3229//7791
f 3273//7704 3158//7452 3195//7561
f 3073//7792 3276//7793 3072//7794
f 3073//7795 3237//7795 3276//7795
f 3201//7796 3237//7796 3073//7796
f 3201//7797 3238//7797 3237//7797
f 3201//7563 3324//7565 3238//7798
f 2949//7457 3137//7459 3400//7799
f 3009//7242 3341//7715 3364//7800
f 3111//7801 3283//7801 3239//7801
f 3239//7802 3203//7802 3164//7802
f 3239//7803 3240//7803 3203//7803
f 3112//7573 3241//7804 3138//7574
f 3112//7805 3165//7805 3241//7805
f 3203//7806 3206//7807 3205//7808
f 3240//7809 3206//7809 3203//7809
f 3165//7810 3240//7810 3241//7810
f 3166//7811 3204//7812 3207//7813
f 3206//7814 2913//7277 3205//7815
f 2913//7277 3206//7816 3165//7506
f 3165//7817 3206//7817 3240//7817
f 3166//7818 3207//7818 3168//7818
f 3205//7815 2913//7277 3079//7462
f 3207//7819 3242//7819 3167//7819
f 3242//7820 3210//7821 3167//7822
f 3242//7823 3243//7823 3141//7823
f 3167//7822 3210//7821 3208//7824
f 3211//7722 3212//7825 3325//7721
f 3141//7583 3142//7582 3242//7826
f 3242//7827 3209//7828 3210//7829
f 3242//7830 3142//7830 3209//7830
f 3210//7831 3212//7831 3208//7831
f 3208//7726 3212//7825 3211//7722
f 3209//7828 3169//7832 3210//7829
f 3210//7833 3169//7834 3212//7835
f 3114//7836 3171//7836 3169//7836
f 3050//7596 3115//7595 3351//7837
f 3290//7838 3245//7838 3115//7838
f 3290//7839 3289//7840 3245//7841
f 3052//7047 3291//7663 3172//7842
f 3145//7600 3355//7734 3054//7292
f 3246//7843 3213//7843 3172//7843
f 3145//7668 3214//7667 3355//7844
f 3246//7845 3146//7741 3213//7740
f 3174//7747 3374//7749 3214//7846
f 3175//7847 3215//7847 3247//7847
f 3175//7848 3247//7849 3248//7850
f 3175//7848 3248//7850 3357//7851
f 3148//7675 3216//7852 3250//7853
f 3148//7675 3217//7677 3216//7852
f 3149//7854 3251//7854 3252//7854
f 3149//7855 3252//7855 3218//7855
f 3085//7175 3253//7856 3390//7754
f 3178//7610 3218//7857 3085//7678
f 3085//7858 3218//7859 3253//7860
f 3180//7861 3219//7861 3358//7861
f 3219//7862 3180//7862 3119//7862
f 3219//7863 3119//7864 3220//7865
f 3220//7866 3119//7866 3256//7866
f 3296//7867 3221//7686 3087//7685
f 3088//7868 3221//7868 3257//7868
f 2833//6327 3408//7869 3490//7614
f 3182//7766 3122//7615 3259//7870
f 3182//7766 3259//7870 3150//7532
f 3122//7615 3151//7689 3259//7870
f 3150//7532 3302//7767 3224//7617
f 3150//7532 3259//7870 3302//7871
f 3151//7689 3153//7534 3263//7772
f 3302//7872 3260//7770 3225//7769
f 3183//7620 3261//7873 3124//7621
f 3260//7770 3261//7873 3183//7620
f 3124//7621 3261//7873 3262//7773
f 3127//7779 3185//7774 3187//7777
f 3185//7774 3226//7776 3187//7777
f 3127//7540 3308//7874 3188//7692
f 3188//7692 3266//7875 3190//7781
f 3265//7780 3154//7198 3267//7626
f 3267//7876 3269//7877 3268//7878
f 3155//7627 3269//7782 3267//7626
f 3190//7781 3313//7879 3129//7201
f 3269//7782 3227//7548 3270//7628
f 3129//7201 3313//7879 3232//7550
f 3317//7880 3231//7881 3230//7882
f 3313//7879 3319//7883 3232//7550
f 3229//7791 3316//7884 3230//7885
f 3229//7886 3230//7788 3194//7554
f 3193//7887 3156//7887 3336//7887
f 3234//7636 3198//7707 3272//7790
f 3233//7555 3192//7496 3321//7888
f 3319//7889 3273//7704 3232//7890
f 3156//7891 3196//7891 3336//7891
f 3196//7703 3274//7702 3336//7892
f 3322//7893 3275//7894 3273//7704
f 3039//6804 2893//5968 3274//7702
f 3199//7449 3198//7707 3234//7636
f 3072//7794 3276//7793 3362//7895
f 3072//7896 3362//7897 3338//7500
f 3200//7564 3273//7704 3275//7894
f 3200//7564 3275//7894 3236//7638
f 3160//7898 3398//7899 3494//7900
f 3202//7901 3344//7902 3282//7903
f 3283//7904 3240//7904 3239//7904
f 3283//7905 3284//7905 3240//7905
f 3164//7906 3285//7906 3204//7906
f 3164//7907 3203//7907 3285//7907
f 3240//7908 3284//7908 3241//7908
f 3079//7462 3286//7909 3205//7815
f 3207//7910 3243//7910 3242//7910
f 3115//7911 3245//7912 3327//7913
f 2817//7046 3353//7914 3291//7663
f 3214//7667 3329//7915 3355//7844
f 3214//7667 3374//7916 3329//7915
f 3215//7917 3292//7917 3247//7917
f 3247//7918 3293//7918 3248//7918
f 3293//7919 3249//7919 3248//7919
f 3250//7920 3293//7921 3375//7922
f 3293//7923 3250//7924 3216//7925
f 3293//7923 3216//7925 3249//7926
f 3252//7927 3295//7927 3218//7927
f 3295//7928 3254//7928 3218//7928
f 3218//7859 3254//7929 3253//7860
f 3295//7930 3220//7865 3254//7931
f 3180//7932 3358//7932 3179//7932
f 3358//7933 3181//7759 3179//7758
f 3220//7934 3256//7935 3255//7936
f 3256//7681 3297//7760 3487//7937
f 3087//7684 3181//7683 3296//7938
f 3058//7075 3222//7528 3297//7760
f 3298//7939 3223//7940 3300//7941
f 3222//7612 3223//7611 3298//7942
f 3221//7943 3299//7943 3257//7943
f 3223//7940 3120//7944 3300//7941
f 3300//7945 3120//7416 3258//7946
f 3151//7689 3305//7947 3259//7870
f 3259//7870 3305//7948 3302//7871
f 3151//7689 3263//7772 3305//7947
f 3260//7770 3302//7872 3303//7949
f 3261//7873 3260//7770 3304//7950
f 3303//7949 3304//7950 3260//7770
f 3261//7873 3304//7950 3262//7773
f 3262//7773 3226//7776 3184//7625
f 3187//7777 3226//7776 3308//7778
f 3308//7874 3266//7875 3188//7692
f 3189//7486 3265//7780 3264//7775
f 3268//7878 3265//7780 3267//7626
f 3190//7781 3266//7875 3313//7951
f 3269//7877 3270//7784 3268//7878
f 3317//7880 3230//7882 3316//7952
f 3317//7953 3271//7783 3231//7696
f 3272//7790 3316//7884 3229//7791
f 3322//7893 3273//7704 3319//7889
f 3132//6544 3453//7490 3192//7954
f 3453//7490 3379//7955 3192//7956
f 3315//7957 3198//7707 3320//7958
f 3320//7958 3236//7638 3322//7893
f 3322//7893 3236//7638 3275//7894
f 3198//7707 3236//7638 3320//7958
f 3276//7959 3277//7960 3337//7961
f 3278//7962 3323//7962 3277//7962
f 3197//7963 3278//7963 3235//7963
f 3278//7964 3277//7964 3279//7964
f 3276//7965 3237//7965 3277//7965
f 3277//7966 3237//7966 3279//7966
f 3235//7967 3278//7967 3279//7967
f 3237//7968 3238//7968 3279//7968
f 3160//7569 3340//7969 3281//7570
f 3138//7655 3344//7970 3202//7656
f 3111//7659 3364//7658 3283//7971
f 3364//7972 3345//7972 3283//7972
f 3203//7806 3205//7808 3285//7973
f 3285//7974 3205//7974 3286//7974
f 3207//7813 3204//7812 3365//7975
f 3207//7976 3365//7977 3243//7978
f 3325//7721 3286//7979 3079//7462
f 3141//7278 3243//7980 3516//7981
f 3141//7278 3440//7982 3287//7279
f 3288//7983 3349//7983 3350//7983
f 3288//7984 3350//7984 3244//7984
f 3115//7985 3327//7985 3351//7985
f 3245//7912 3328//7986 3327//7913
f 3245//7987 3289//7987 3328//7987
f 3351//7510 3404//7988 3353//7989
f 3351//7510 3353//7989 2817//6399
f 3290//7839 3355//7990 3289//7840
f 3291//7991 3353//7992 3354//7993
f 3172//7994 3291//7995 3246//7996
f 3246//7996 3291//7995 3371//7997
f 3247//7998 3292//7999 3375//8000
f 3247//8001 3375//7922 3293//7921
f 3248//8002 3249//8003 3357//8004
f 3375//8005 3176//8005 3250//8005
f 3216//7852 3217//7677 3249//8006
f 3252//8007 3251//8007 3294//8007
f 3252//8008 3294//8008 3295//8008
f 3295//8009 3358//8009 3219//8009
f 3220//7865 3295//7930 3219//7863
f 3254//8010 3220//8010 3255//8010
f 3256//7935 3487//8011 3255//7936
f 3296//8012 3300//8012 3299//8012
f 3330//8013 3300//8014 3296//8015
f 3330//8016 3298//8016 3300//8016
f 3330//8017 3222//8017 3298//8017
f 3221//8018 3296//8018 3299//8018
f 3299//8019 3301//8019 3257//8019
f 3300//8020 3258//8020 3299//8020
f 3299//8021 3360//8021 3301//8021
f 3299//8022 3258//8022 3360//8022
f 3088//7414 3257//8023 3029//7188
f 3258//8024 3394//8024 3360//8024
f 3120//7416 3394//7762 3258//7946
f 3120//7416 2877//6325 3394//7762
f 3090//6787 3510//7763 3408//7869
f 3090//6787 3408//7869 2833//6327
f 3089//7190 3509//8025 3332//7764
f 3302//7872 3305//8026 3303//7949
f 3305//7947 3307//8027 3303//7949
f 3263//7772 3264//7775 3305//7947
f 3304//7950 3310//8028 3306//8029
f 3303//7949 3310//8028 3304//7950
f 3305//7947 3264//7775 3307//8027
f 3262//7773 3309//8030 3226//7776
f 3304//7950 3306//8029 3262//7773
f 3303//7949 3307//8027 3310//8028
f 3262//7773 3306//8029 3309//8030
f 3226//7776 3309//8030 3308//7778
f 3264//7775 3265//7780 3307//8027
f 3309//8030 3306//8029 3333//8031
f 3307//8027 3268//7878 3310//8028
f 3309//8030 3311//8032 3308//8033
f 3309//8030 3333//8031 3311//8032
f 3266//7875 3308//8033 3311//8032
f 3307//8027 3265//7780 3268//7878
f 3310//8028 3268//7878 3314//8034
f 3266//7875 3311//8032 3313//7951
f 3311//8032 3318//8035 3313//7951
f 3306//8029 3315//7957 3312//8036
f 3314//8034 3268//7878 3271//7783
f 3313//7879 3318//8035 3319//7883
f 3314//8034 3316//7884 3315//7957
f 3271//7783 3268//7878 3270//7784
f 3312//8036 3320//7958 3334//8037
f 3312//8036 3315//7957 3320//7958
f 3271//7783 3317//7953 3314//8034
f 3317//7953 3316//7884 3314//8034
f 3319//7883 3318//8035 3322//7893
f 3272//7790 3315//7957 3316//7884
f 3193//8038 3396//8039 3191//8040
f 3193//8041 3397//8042 3396//8043
f 3334//8037 3322//7893 3318//8035
f 3320//7958 3322//7893 3334//8037
f 3198//7707 3315//7957 3272//7790
f 3323//8044 3430//8045 3337//8046
f 3337//8047 3277//8047 3323//8047
f 3279//8048 3238//8049 3339//8050
f 3280//8051 3398//8052 3160//8053
f 2949//6434 3400//8054 3108//7226
f 3162//8055 3400//7799 3137//7459
f 3202//8056 3462//8057 3162//8055
f 3202//8058 3381//8059 3462//8060
f 3162//8055 3462//8057 3400//7799
f 3341//7715 3414//8061 3364//7800
f 3283//8062 3345//8063 3346//8064
f 3283//8065 3346//8065 3284//8065
f 3284//8066 3346//8066 3241//8066
f 3285//8067 3347//8068 3204//8069
f 3286//8070 3347//8068 3285//8067
f 3286//8071 3325//8071 3348//8071
f 3287//8072 3349//8072 3288//8072
f 3169//7834 3171//8073 3385//8074
f 3244//8075 3350//8075 3326//8075
f 3244//8076 3326//8076 3171//8076
f 3171//8073 3326//8077 3385//8074
f 3350//8078 3368//8079 3326//8080
f 3327//8081 3352//8081 3351//8081
f 3291//8082 3354//8082 3371//8082
f 3055//7739 3246//7738 3420//8083
f 3055//7395 3420//8084 2923//6953
f 3215//7467 3406//7670 3292//8085
f 3217//7755 3390//7754 3249//8086
f 3253//8087 3484//8087 3447//8087
f 3295//8088 3294//8088 3358//8088
f 3254//8089 3255//8089 3253//8089
f 3255//7936 3487//8011 3253//8090
f 3296//7938 3181//7683 3359//8091
f 3296//8015 3359//8092 3330//8013
f 3222//8093 3330//8093 3391//8093
f 3257//8094 3301//8094 3377//8094
f 3331//8095 3395//7189 3029//7188
f 3089//7190 3395//6535 3509//8025
f 3306//8029 3312//8036 3333//8031
f 3315//7957 3306//8029 3310//8028
f 3315//7957 3310//8028 3314//8034
f 3311//8032 3333//8031 3318//8035
f 3333//8031 3312//8036 3334//8037
f 3333//8031 3334//8037 3318//8035
f 3130//7205 3649//8096 3228//6336
f 3335//7489 3429//8097 3130//7205
f 3131//7693 3191//7695 3361//8098
f 3228//6336 3553//8099 3453//7490
f 3336//8100 3397//8100 3193//8100
f 3192//8101 3379//8101 3321//8101
f 3321//8102 3430//8102 3323//8102
f 3336//7892 3274//7702 3454//8103
f 3337//8046 3430//8045 3362//8104
f 3276//7959 3337//7961 3362//8105
f 3338//7500 3398//8052 2945//7441
f 2945//7441 3398//8052 3280//8051
f 3340//8106 3363//8106 3281//8106
f 3281//8107 3342//8107 3341//8107
f 3281//8108 3363//8108 3342//8108
f 3363//8109 3343//8110 3342//8111
f 3343//8112 3282//7903 3344//7902
f 3363//8109 3282//8113 3343//8110
f 3202//7901 3282//7903 3381//8114
f 3138//8115 3401//8115 3344//8115
f 3344//8116 3401//8116 3343//8116
f 3138//8117 3241//8118 3438//8119
f 3346//8120 3402//8120 3241//8120
f 3286//8121 3348//8121 3347//8121
f 3243//7978 3365//7977 3516//8122
f 3212//7835 3468//8123 3383//8124
f 3287//8125 3440//8126 3469//8127
f 3349//8128 3287//8129 3366//8130
f 3349//8131 3367//8131 3350//8131
f 3326//8080 3368//8079 3385//8132
f 3350//8133 3367//8133 3368//8133
f 3352//8134 3404//7988 3351//7510
f 3352//8135 3327//7913 3328//7986
f 3355//7990 3419//8136 3289//7840
f 3371//8137 3387//8138 3246//8139
f 3372//8140 3355//8140 3356//8140
f 3372//8141 3356//8142 3373//8143
f 3329//8144 3356//8144 3355//8144
f 3329//8145 3386//8145 3356//8145
f 3420//8084 3406//7670 2923//6953
f 3329//8146 3374//8146 3386//8146
f 3249//8147 3424//8148 3423//8149
f 3176//7605 3422//8150 3251//6864
f 3359//8151 3391//8151 3330//8151
f 3222//8152 3391//8152 3297//8152
f 3301//8153 3378//8154 3377//8155
f 3360//8156 3378//8157 3301//8158
f 3029//7188 3257//8023 3331//8095
f 2988//8159 2989//8159 3510//8159
f 3131//7100 3361//8160 3335//7489
f 3397//8161 3336//7892 3454//8103
f 3274//7702 2893//5968 3454//8103
f 3160//8162 3494//8162 3340//8162
f 3108//8163 3400//8163 3324//8163
f 3324//8164 3400//8165 3412//8166
f 3340//8167 3380//8168 3363//8169
f 3340//8170 3434//8170 3380//8170
f 3341//8171 3415//8171 3414//8171
f 3341//8172 3342//8172 3415//8172
f 3380//8168 3381//8173 3363//8169
f 3282//8174 3363//8174 3381//8174
f 3401//8175 3382//8176 3343//8177
f 3345//8178 3364//8179 3416//8180
f 3345//8063 3416//8181 3346//8064
f 3138//8182 3438//8182 3401//8182
f 3346//8183 3416//8184 3402//8185
f 3241//8118 3402//8186 3438//8119
f 3204//8187 3347//8187 3365//8187
f 3325//8188 3383//8188 3348//8188
f 3169//7834 3473//8189 3212//7835
f 3287//8190 3469//8190 3366//8190
f 3349//8128 3366//8130 3384//8191
f 3349//8192 3384//8192 3367//8192
f 3384//8193 3352//8194 3369//8195
f 3384//8196 3369//8196 3367//8196
f 3352//8194 3328//8197 3369//8195
f 3367//8198 3370//8198 3368//8198
f 3369//8199 3370//8199 3367//8199
f 3369//8200 3328//8200 3370//8200
f 3328//8201 3289//8201 3370//8201
f 3354//8202 3372//8203 3371//8204
f 3371//8204 3372//8203 3373//8205
f 3371//8206 3373//8206 3387//8206
f 3355//8207 3372//8207 3418//8207
f 3373//8143 3356//8142 3386//8208
f 3246//8139 3387//8138 3420//8209
f 3376//7748 3388//8210 3374//7749
f 3292//7999 3389//8211 3375//8000
f 3375//8000 3389//8211 3479//8212
f 3375//8213 3479//8213 3176//8213
f 3249//8003 3423//8214 3407//8215
f 3253//7856 3447//8216 3390//7754
f 3181//8217 3449//8218 3359//8219
f 3359//8219 3449//8218 3391//8220
f 3297//7760 3450//8221 3487//7937
f 3377//8222 3392//8222 3257//8222
f 3377//8155 3378//8154 3392//8223
f 3360//8156 3393//8224 3378//8157
f 3360//8225 3394//7762 3393//8226
f 3191//8040 3396//8039 3361//8227
f 3321//8228 3379//8229 3430//8230
f 2893//5968 3651//8231 3454//8103
f 3003//6728 3457//8232 3566//7635
f 3362//7897 3409//8233 3338//7500
f 3324//8164 3412//8166 3493//8234
f 3324//8235 3493//8235 3238//8235
f 3342//8111 3382//8236 3415//8237
f 3343//8110 3382//8236 3342//8111
f 3212//7825 3383//8238 3325//7721
f 3366//8239 3469//8239 3403//8239
f 3384//8240 3403//8240 3352//8240
f 3352//8241 3403//8242 3404//8243
f 3372//8244 3354//8244 3418//8244
f 3418//8245 3354//8245 3443//8245
f 3355//7990 3418//8246 3419//8136
f 3373//8247 3386//8247 3387//8247
f 3386//8248 3405//8249 3387//8250
f 3386//8248 3388//8251 3405//8249
f 3374//8252 3388//8252 3386//8252
f 3376//8253 3407//8254 3388//8255
f 3176//7605 3479//8256 3422//8150
f 3390//7754 3424//8257 3249//8258
f 3253//8259 3426//8260 3485//8261
f 3358//7933 3525//8262 3181//7759
f 3391//8263 3451//8264 3297//8265
f 3257//8023 3392//8266 3428//8267
f 3257//8023 3428//8267 3331//8095
f 3378//8268 3393//8268 3392//8268
f 3510//7763 3491//8269 3408//7869
f 3335//7489 3452//8270 3429//8097
f 2893//5968 3566//7635 3651//8231
f 3362//8271 3379//8272 3409//8273
f 3362//8274 3430//8230 3379//8229
f 3003//6728 3157//7447 3457//8232
f 3338//7500 3410//8275 3398//8052
f 3339//8050 3493//8276 3457//8232
f 3238//8049 3493//8276 3339//8050
f 3432//8277 3412//8277 3399//8277
f 3399//8278 3400//8279 3413//8280
f 3400//8279 3399//8278 3412//8281
f 3380//8282 3434//8282 3381//8282
f 3381//8283 3434//8284 3460//8285
f 3381//8059 3460//8286 3462//8060
f 3364//7800 3414//8061 3495//8287
f 3364//8179 3495//8288 3416//8180
f 3401//8175 3497//8289 3382//8176
f 3416//8184 3437//8290 3402//8185
f 3348//8291 3439//8291 3347//8291
f 3141//7278 3516//7981 3440//7982
f 3366//8292 3403//8292 3384//8292
f 3385//8132 3368//8079 3475//8293
f 3368//8079 3370//8294 3475//8293
f 3354//7993 3353//7992 3417//8295
f 3289//8296 3419//8297 3442//8298
f 3354//7993 3417//8295 3443//8299
f 3387//8300 3421//8300 3420//8300
f 3387//8301 3405//8301 3421//8301
f 3292//8085 3406//7670 3389//8302
f 3357//8004 3249//8003 3407//8215
f 3357//7751 3407//8303 3376//7056
f 3390//7754 3445//8304 3424//8257
f 3422//8150 3425//8305 3251//6864
f 3251//8306 3425//8307 3294//8308
f 3294//8308 3425//8307 3358//7933
f 3358//7933 3425//8307 3525//8262
f 3391//8309 3449//8309 3451//8309
f 3297//8265 3451//8264 3450//8310
f 3490//7614 3393//8226 3394//7762
f 3228//6336 3649//8096 3553//8099
f 3409//8273 3456//8311 3410//8312
f 3338//7500 3409//8233 3410//8275
f 3398//8313 3411//8313 3431//8313
f 3410//8314 3411//8314 3398//8314
f 3410//8315 3432//8315 3411//8315
f 3235//7706 3339//8316 3457//8232
f 3235//7706 3457//8232 3157//7447
f 3411//8317 3432//8318 3399//8319
f 3398//7899 3458//8320 3494//7900
f 3411//8317 3413//8321 3431//8322
f 3411//8317 3399//8319 3413//8321
f 3382//8323 3435//8323 3415//8323
f 3382//8324 3436//8324 3435//8324
f 3382//8325 3497//8326 3436//8327
f 3402//8186 3437//8328 3438//8119
f 3365//7977 3514//8329 3516//8122
f 3473//8189 3169//7834 3385//8074
f 3404//7988 3573//8330 3353//7989
f 3389//8211 3444//8331 3477//8332
f 3389//8211 3477//8332 3479//8212
f 3253//8333 3485//8334 3484//8335
f 3253//8090 3487//8011 3426//8336
f 3487//7937 3450//8221 3427//8337
f 2989//7323 3332//7765 3510//8338
f 3130//7205 3429//8097 3649//8096
f 3409//8273 3455//8339 3456//8311
f 3410//8340 3456//8341 3432//8342
f 3431//8343 3413//8343 3433//8343
f 3413//8344 3459//8344 3433//8344
f 3400//7799 3461//8345 3413//8346
f 3400//7799 3462//8057 3512//8347
f 3415//8348 3435//8348 3463//8348
f 3416//8184 3495//8349 3437//8290
f 3495//8350 3464//8350 3437//8350
f 3464//8351 3496//8351 3437//8351
f 3515//8352 3497//8289 3438//8353
f 3438//8353 3497//8289 3401//8175
f 3437//8354 3515//8354 3438//8354
f 3347//8355 3439//8355 3365//8355
f 3516//7981 3467//8356 3440//7982
f 3212//7835 3473//8189 3472//8357
f 3403//8242 3469//8358 3537//8359
f 3403//8242 3537//8359 3404//8243
f 3370//8360 3289//8361 3442//8362
f 3418//8363 3443//8363 3521//8363
f 3418//8364 3521//8364 3419//8364
f 3419//8365 3521//8366 3539//8367
f 3421//8368 3476//8368 3420//8368
f 3420//8084 3540//8369 3406//7670
f 3406//7670 3444//8370 3389//8302
f 3388//8255 3407//8254 3543//8371
f 3407//8372 3478//8372 3543//8372
f 3481//8373 3480//8373 3423//8373
f 3423//8374 3480//8374 3407//8374
f 3422//8375 3506//8376 3446//8377
f 3422//8375 3446//8377 3425//8378
f 3446//8379 3448//8379 3425//8379
f 3425//8307 3448//8380 3525//8262
f 3449//8381 3488//8381 3527//8381
f 3449//8382 3527//8382 3451//8382
f 3393//8383 3489//8384 3392//8385
f 3395//7189 3331//8095 3582//8386
f 3510//7763 3492//8387 3491//8269
f 3431//8388 3433//8388 3398//8388
f 3432//8342 3456//8341 3511//8389
f 3432//8390 3511//8390 3412//8390
f 3412//8391 3511//8391 3493//8391
f 3461//8392 3534//8393 3459//8394
f 3461//8345 3459//8395 3413//8346
f 3434//8396 3494//8397 3532//8398
f 3434//8284 3532//8399 3460//8285
f 3400//7799 3512//8347 3461//8345
f 3460//8400 3568//8400 3462//8400
f 3415//8401 3463//8401 3414//8401
f 3414//8061 3654//8402 3495//8287
f 3437//8403 3496//8403 3515//8403
f 3496//8404 3498//8404 3515//8404
f 3365//7977 3465//8405 3514//8329
f 3439//8406 3465//8406 3365//8406
f 3465//8407 3439//8407 3499//8407
f 3439//8408 3466//8408 3499//8408
f 3467//8409 3517//8409 3440//8409
f 3440//8410 3517//8410 3470//8410
f 3440//8126 3471//8411 3469//8127
f 3440//8412 3470//8413 3471//8414
f 3517//8415 3502//8415 3470//8415
f 3468//8123 3212//7835 3472//8357
f 3470//8413 3473//8416 3471//8414
f 3502//8417 3473//8417 3470//8417
f 3473//8418 3502//8418 3472//8418
f 3471//8419 3385//8419 3474//8419
f 3471//8420 3473//8420 3385//8420
f 3385//8421 3441//8421 3474//8421
f 3475//8422 3520//8423 3441//8424
f 3370//8360 3442//8362 3475//8425
f 3353//8426 3557//8426 3417//8426
f 3417//8427 3557//8427 3503//8427
f 3417//8428 3503//8428 3443//8428
f 3443//8429 3503//8430 3521//8431
f 3421//8432 3504//8432 3476//8432
f 3405//8433 3504//8433 3421//8433
f 3405//8249 3388//8251 3504//8434
f 3444//8435 3522//8435 3477//8435
f 3522//8436 3480//8436 3477//8436
f 3478//8437 3480//8437 3522//8437
f 3477//8438 3481//8438 3479//8438
f 3477//8439 3480//8439 3481//8439
f 3407//8440 3480//8440 3478//8440
f 3481//8441 3482//8441 3479//8441
f 3481//8442 3423//8442 3482//8442
f 3479//8443 3482//8444 3561//8445
f 3423//8149 3424//8148 3482//8446
f 3479//8443 3561//8445 3422//8447
f 3424//8257 3505//8448 3482//8449
f 3448//8450 3446//8450 3483//8450
f 3524//8451 3485//8451 3446//8451
f 3524//8452 3484//8335 3485//8334
f 3446//8453 3485//8453 3483//8453
f 3448//8454 3507//8454 3525//8454
f 3448//8455 3486//8455 3507//8455
f 3483//8456 3486//8456 3448//8456
f 3483//8457 3426//8457 3486//8457
f 3485//8261 3426//8260 3483//8458
f 3426//8336 3487//8011 3486//8459
f 3487//8460 3507//8460 3486//8460
f 3487//7937 3427//8337 3507//8461
f 3181//8217 3526//8462 3449//8218
f 3449//8463 3526//8464 3488//8465
f 3451//8466 3527//8466 3450//8466
f 3392//8467 3508//8468 3428//8469
f 3392//8470 3489//8470 3508//8470
f 3332//8471 3722//8472 3648//8473
f 3332//8474 3648//8475 3510//8476
f 3335//7489 3361//8160 3452//8270
f 3553//8099 3961//8477 3453//7490
f 3454//8103 3651//8231 3397//8161
f 3379//8272 3455//8339 3409//8273
f 3456//8478 3455//8479 3531//8480
f 3456//8481 3531//8481 3511//8481
f 3433//8482 3458//8320 3398//7899
f 3459//8483 3534//8483 3433//8483
f 3460//8484 3532//8484 3568//8484
f 3512//8485 3534//8393 3461//8392
f 3462//8486 3568//8486 3512//8486
f 3464//8487 3495//8488 3612//8489
f 3496//8490 3612//8491 3513//8492
f 3513//8493 3514//8493 3465//8493
f 3513//8494 3499//8495 3498//8496
f 3513//8492 3498//8497 3496//8490
f 3513//8494 3465//8498 3499//8495
f 3498//8499 3500//8500 3515//8352
f 3499//8501 3466//8501 3498//8501
f 3498//8502 3466//8502 3500//8502
f 3383//8124 3468//8123 3501//8503
f 3517//8504 3556//8504 3502//8504
f 3472//8505 3502//8505 3556//8505
f 3474//8506 3519//8506 3518//8506
f 3474//8507 3520//8423 3519//8508
f 3385//8132 3475//8293 3441//8509
f 3441//8424 3520//8423 3474//8510
f 3404//8511 3593//8512 3573//8513
f 3404//8514 3615//8515 3593//8516
f 3353//7989 3573//8330 3557//8517
f 3476//8518 3540//8369 3420//8084
f 3478//8519 3522//8519 3544//8519
f 3482//8520 3523//8521 3561//8522
f 3482//8523 3505//8523 3523//8523
f 3424//8257 3445//8304 3505//8448
f 3422//8524 3561//8525 3506//8526
f 3390//7754 3624//8527 3445//8304
f 3484//8528 3524//8528 3545//8528
f 3484//8529 3545//8529 3447//8529
f 3525//8262 3526//8530 3181//7759
f 3450//8221 3549//8531 3427//8337
f 3488//8532 3548//8532 3527//8532
f 3331//8095 3428//8469 3551//8533
f 3331//8095 3551//8533 3695//8534
f 3393//8383 3529//8535 3489//8384
f 3331//8095 3695//8534 3582//8386
f 3490//7614 3408//7869 3607//8536
f 3509//8025 3722//8537 3332//7764
f 3397//8161 3565//8538 3724//8539
f 3397//8042 3724//8540 3396//8043
f 3453//7490 3789//8541 3379//7955
f 3379//8542 3789//8542 3455//8542
f 3566//7635 3457//8232 3530//8543
f 3433//8544 3534//8544 3458//8544
f 3494//8545 3533//8545 3532//8545
f 3414//8546 3463//8546 3654//8546
f 3495//8488 3654//8547 3655//8548
f 3435//8549 3436//8549 3535//8549
f 3435//8550 3535//8551 3463//8552
f 3464//8553 3612//8553 3496//8553
f 3513//8554 3612//8554 3514//8554
f 3516//7981 3572//8555 3467//8356
f 3467//8556 3572//8556 3517//8556
f 3572//8557 3536//8557 3517//8557
f 3536//8558 3556//8559 3517//8560
f 3472//8357 3556//8561 3468//8123
f 3469//8358 3471//8562 3537//8359
f 3471//8563 3474//8564 3518//8565
f 3537//8566 3615//8515 3404//8514
f 3442//8567 3596//8568 3475//8422
f 3419//8297 3621//8569 3442//8298
f 3521//8570 3558//8571 3539//8572
f 3504//8573 3541//8574 3476//8575
f 3388//8576 3541//8574 3504//8573
f 3388//8255 3542//8577 3541//8578
f 3444//8579 3406//8580 3560//8581
f 3444//8582 3544//8582 3522//8582
f 3560//8581 3544//8583 3444//8579
f 3478//8584 3544//8585 3543//8586
f 3446//8377 3506//8376 3563//8587
f 3446//8588 3563//8588 3524//8588
f 3563//8589 3545//8590 3524//8591
f 3447//8216 3624//8527 3390//7754
f 3507//8592 3546//8592 3525//8592
f 3507//8593 3547//8594 3546//8595
f 3507//8593 3427//8596 3547//8594
f 3488//8465 3526//8464 3548//8597
f 3548//8598 3550//8599 3527//8600
f 3450//8601 3527//8601 3549//8601
f 3527//8600 3550//8599 3549//8602
f 3508//8603 3528//8604 3551//8605
f 3489//8606 3528//8607 3508//8608
f 3528//8609 3529//8609 3552//8609
f 3489//8606 3529//8610 3528//8607
f 3490//7614 3825//8611 3393//8226
f 3510//8476 3648//8475 3492//8612
f 3396//8613 3765//8614 3361//8615
f 3565//8538 3397//8161 3651//8231
f 3531//8616 3584//8617 3511//8618
f 3511//8618 3584//8617 3585//8619
f 3511//8620 3585//8620 3493//8620
f 3494//8621 3567//8622 3533//8623
f 3532//8624 3533//8624 3586//8624
f 3436//8625 3555//8626 3535//8627
f 3436//8327 3497//8326 3555//8628
f 3495//8488 3655//8548 3612//8489
f 3514//8629 3634//8630 3516//8631
f 3501//8632 3614//8633 3466//8634
f 3468//8123 3636//8635 3501//8503
f 3471//8563 3518//8565 3537//8636
f 3518//8565 3519//8637 3537//8636
f 3503//8638 3557//8638 3538//8638
f 3503//8430 3538//8639 3521//8431
f 3539//8367 3621//8640 3419//8365
f 3521//8570 3538//8641 3558//8571
f 3542//8642 3603//8642 3664//8642
f 3388//8255 3603//8643 3542//8577
f 3388//8255 3543//8371 3603//8643
f 3523//8521 3562//8644 3561//8522
f 3523//8645 3505//8645 3562//8645
f 3525//8262 3605//8646 3526//8530
f 3525//8647 3546//8648 3605//8649
f 3427//8650 3625//8651 3547//8652
f 3549//8653 3670//8654 3427//8650
f 3526//8655 3564//8656 3548//8598
f 3548//8598 3564//8656 3550//8599
f 3549//8657 3550//8657 3552//8657
f 3564//8658 3528//8604 3550//8659
f 3550//8660 3528//8660 3552//8660
f 3564//8658 3551//8605 3528//8604
f 3508//8468 3551//8533 3428//8469
f 3395//7189 3582//8386 3722//8661
f 3395//6535 3722//8537 3509//8025
f 3361//8615 3765//8614 3452//8662
f 3396//8663 3724//8664 3765//8665
f 3453//7490 3961//8477 3789//8541
f 3455//8479 3627//8666 3531//8480
f 3455//8667 3789//8668 3627//8669
f 3493//8670 3585//8671 3629//8672
f 3458//8673 3567//8622 3494//8621
f 3532//8674 3586//8674 3568//8674
f 3568//8675 3586//8675 3588//8675
f 3463//8552 3554//8676 3654//8677
f 3554//8676 3463//8552 3535//8551
f 3514//8629 3632//8678 3633//8679
f 3515//8352 3500//8500 3497//8289
f 3514//8629 3633//8679 3634//8630
f 3500//8680 3466//8681 3571//8682
f 3516//8631 3657//8683 3572//8684
f 3572//8685 3613//8685 3536//8685
f 3468//8686 3556//8686 3635//8686
f 3557//8517 3573//8330 3575//8687
f 3442//8688 3621//8688 3574//8688
f 3538//8689 3557//8690 3576//8691
f 3538//8689 3576//8691 3558//8692
f 3539//8693 3558//8693 3601//8693
f 3558//8694 3599//8695 3601//8696
f 3540//8697 3559//8698 3663//8699
f 3559//8700 3540//8700 3476//8700
f 3476//8701 3541//8701 3559//8701
f 3541//8702 3542//8702 3578//8702
f 3406//8703 3622//8704 3602//8705
f 3560//8706 3602//8706 3544//8706
f 3543//8586 3544//8585 3623//8707
f 3543//8708 3623//8709 3603//8710
f 3505//8711 3579//8711 3562//8711
f 3445//8712 3580//8712 3505//8712
f 3545//8590 3563//8589 3604//8713
f 3564//8714 3526//8530 3581//8715
f 3581//8716 3551//8716 3564//8716
f 3529//8535 3697//8717 3552//8718
f 3393//8383 3697//8717 3529//8535
f 3408//7869 3723//8719 3607//8536
f 3491//8269 3723//8719 3408//7869
f 3566//7635 3650//8720 3651//8231
f 3531//8480 3627//8666 3584//8721
f 3534//8722 3587//8723 3458//8724
f 3534//8393 3610//8725 3587//8726
f 3568//8727 3589//8728 3512//8729
f 3535//8627 3569//8730 3554//8731
f 3588//8732 3589//8732 3568//8732
f 3569//8730 3535//8627 3555//8626
f 3497//8733 3591//8733 3555//8733
f 3466//8734 3614//8735 3571//8736
f 3516//8631 3634//8630 3657//8683
f 3572//8684 3657//8683 3613//8737
f 3536//8558 3613//8738 3556//8559
f 3556//8739 3613//8740 3635//8741
f 3537//8742 3592//8743 3660//8744
f 3537//8566 3683//8745 3615//8515
f 3519//8746 3592//8746 3537//8746
f 3596//8568 3595//8747 3475//8422
f 3557//8748 3575//8748 3576//8748
f 3576//8749 3599//8750 3558//8751
f 3601//8752 3685//8753 3539//8754
f 3559//8755 3541//8756 3577//8757
f 3540//8697 3663//8699 3622//8758
f 3541//8756 3578//8759 3577//8757
f 3540//8369 3622//8760 3406//7670
f 3406//8761 3602//8761 3560//8761
f 3544//8762 3602//8762 3623//8762
f 3562//8763 3688//8764 3561//8525
f 3505//8765 3580//8765 3579//8765
f 3445//8766 3624//8767 3580//8768
f 3563//8769 3506//8526 3762//8770
f 3447//8771 3545//8771 3604//8771
f 3447//8772 3604//8772 3624//8772
f 3547//8773 3606//8773 3546//8773
f 3547//8774 3625//8774 3606//8774
f 3427//8650 3670//8654 3625//8651
f 3549//8653 3552//8775 3670//8654
f 3581//8776 3626//8777 3551//8778
f 3551//8533 3626//8777 3695//8534
f 3552//8779 3697//8780 3696//8781
f 3490//7614 3607//8536 3825//8611
f 3695//8782 3914//8783 3582//8784
f 3491//8269 3583//8785 3723//8719
f 3587//8723 3608//8786 3458//8724
f 3586//8787 3533//8787 3609//8787
f 3586//8788 3609//8788 3588//8788
f 3534//8393 3512//8485 3610//8725
f 3588//8789 3609//8789 3611//8789
f 3588//8790 3611//8790 3631//8790
f 3588//8791 3631//8791 3589//8791
f 3590//8792 3569//8792 3555//8792
f 3612//8489 3632//8678 3514//8629
f 3497//8289 3570//8793 3591//8794
f 3537//8742 3660//8744 3683//8795
f 3519//8796 3638//8796 3592//8796
f 3520//8423 3638//8797 3519//8508
f 3615//8798 3616//8798 3593//8798
f 3616//8799 3594//8799 3593//8799
f 3616//8800 3617//8800 3594//8800
f 3594//8801 3597//8801 3593//8801
f 3594//8802 3442//8802 3597//8802
f 3594//8803 3617//8803 3442//8803
f 3573//8513 3593//8512 3618//8804
f 3596//8805 3442//8805 3617//8805
f 3442//8806 3574//8806 3597//8806
f 3573//8513 3618//8804 3619//8807
f 3573//8808 3619//8808 3575//8808
f 3539//8367 3685//8809 3621//8640
f 3575//8810 3620//8810 3598//8810
f 3575//8811 3598//8811 3576//8811
f 3598//8812 3600//8812 3576//8812
f 3576//8749 3600//8813 3599//8750
f 3559//8814 3598//8814 3663//8814
f 3598//8815 3559//8816 3577//8817
f 3598//8815 3577//8817 3600//8818
f 3599//8695 3600//8819 3601//8696
f 3600//8820 3578//8820 3601//8820
f 3577//8821 3578//8821 3600//8821
f 3562//8822 3579//8823 3688//8824
f 3561//8525 3688//8764 3506//8526
f 3604//8825 3645//8826 3624//8827
f 3546//8648 3646//8828 3605//8649
f 3526//8530 3605//8646 3581//8715
f 3393//8226 3825//8611 3697//8829
f 3491//8269 3492//8387 3583//8785
f 3553//8099 3750//8830 3961//8477
f 3584//8831 3627//8831 3628//8831
f 3584//8832 3628//8832 3585//8832
f 3628//8833 3629//8833 3585//8833
f 3458//8834 3608//8834 3567//8834
f 3610//8725 3653//8835 3587//8726
f 3609//8836 3533//8836 3630//8836
f 3554//8676 3726//8837 3654//8677
f 3569//8838 3726//8838 3554//8838
f 3569//8839 3630//8839 3726//8839
f 3630//8840 3569//8841 3611//8842
f 3630//8840 3611//8842 3609//8843
f 3569//8844 3590//8844 3611//8844
f 3611//8845 3590//8845 3631//8845
f 3555//8846 3591//8846 3590//8846
f 3500//8680 3571//8682 3775//8847
f 3468//8123 3635//8848 3636//8635
f 3638//8849 3637//8850 3592//8851
f 3615//8515 3683//8745 3616//8852
f 3683//8853 3639//8853 3616//8853
f 3520//8423 3475//8422 3595//8747
f 3639//8854 3617//8854 3616//8854
f 3639//8855 3596//8855 3617//8855
f 3593//8856 3597//8856 3618//8856
f 3597//8857 3640//8857 3618//8857
f 3574//8858 3640//8858 3597//8858
f 3574//8859 3685//8859 3640//8859
f 3575//8860 3619//8861 3620//8862
f 3621//8863 3685//8863 3574//8863
f 3578//8864 3664//8865 3709//8866
f 3578//8867 3542//8867 3664//8867
f 3579//8868 3580//8869 3642//8870
f 3506//8526 3787//8871 3762//8770
f 3563//8872 3762//8872 3666//8872
f 3563//8589 3666//8873 3604//8713
f 3604//8825 3666//8874 3645//8826
f 3546//8875 3606//8875 3646//8875
f 3625//8876 3647//8876 3606//8876
f 3552//8779 3696//8781 3670//8877
f 3452//8270 3672//8878 3429//8097
f 3651//8231 3650//8720 3565//8538
f 3628//8879 3751//8880 3629//8881
f 3630//8882 3533//8883 3726//8884
f 3631//8885 3591//8886 3589//8887
f 3590//8888 3591//8888 3631//8888
f 3497//8289 3500//8500 3570//8793
f 3500//8500 3755//8889 3774//8890
f 3571//8736 3614//8735 3658//8891
f 3614//8892 3659//8893 3658//8894
f 3613//8737 3657//8683 3704//8895
f 3501//8632 3636//8896 3614//8633
f 3635//8897 3681//8897 3636//8897
f 3592//8898 3661//8899 3660//8900
f 3592//8901 3637//8901 3661//8901
f 3520//8423 3595//8747 3638//8797
f 3639//8902 3706//8902 3707//8902
f 3596//8903 3639//8903 3707//8903
f 3596//8904 3707//8904 3595//8904
f 3618//8905 3662//8905 3619//8905
f 3618//8906 3640//8906 3662//8906
f 3598//8907 3620//8908 3663//8909
f 3663//8909 3708//8910 3622//8911
f 3578//8912 3709//8913 3601//8752
f 3602//8705 3622//8704 3710//8914
f 3623//8915 3602//8915 3687//8915
f 3623//8916 3687//8916 3641//8916
f 3623//8709 3641//8917 3603//8710
f 3603//8918 3641//8919 3665//8920
f 3579//8823 3642//8921 3688//8824
f 3580//8869 3643//8922 3642//8870
f 3643//8923 3580//8923 3644//8923
f 3624//8767 3739//8924 3580//8768
f 3624//8925 3717//8926 3739//8927
f 3624//8925 3667//8928 3717//8926
f 3645//8929 3667//8929 3624//8929
f 3606//8930 3647//8930 3646//8930
f 3625//8931 3669//8932 3647//8933
f 3605//8646 3719//8934 3581//8715
f 3581//8776 3744//8935 3626//8777
f 3697//8780 3747//8936 3696//8781
f 3582//8784 3914//8783 3748//8937
f 3722//8472 3841//8938 3648//8473
f 3492//8612 3648//8475 3583//8939
f 3583//8940 3648//8940 3671//8940
f 3553//8099 3649//8096 3750//8830
f 3566//7635 3530//8543 3650//8720
f 3627//8941 3652//8941 3699//8941
f 3627//8942 3699//8942 3628//8942
f 3628//8943 3699//8943 3751//8943
f 3457//8232 3493//8276 3857//8944
f 3493//8670 3629//8672 3857//8945
f 3567//8946 3869//8947 3533//8948
f 3608//8949 3673//8949 3567//8949
f 3587//8723 3673//8950 3608//8786
f 3587//8951 3653//8951 3674//8951
f 3654//8547 3702//8952 3655//8548
f 3612//8489 3655//8548 3632//8678
f 3591//8794 3570//8793 3703//8953
f 3633//8679 3675//8954 3634//8630
f 3675//8955 3656//8955 3634//8955
f 3675//8956 3658//8956 3656//8956
f 3676//8957 3658//8957 3675//8957
f 3634//8958 3656//8958 3677//8958
f 3658//8959 3676//8959 3571//8959
f 3658//8960 3659//8960 3656//8960
f 3613//8961 3704//8961 3679//8961
f 3613//8740 3679//8962 3635//8741
f 3681//8963 3705//8964 3636//8965
f 3683//8966 3706//8966 3639//8966
f 3638//8967 3595//8968 3779//8969
f 3640//8970 3684//8970 3662//8970
f 3685//8971 3684//8971 3640//8971
f 3663//8909 3736//8972 3708//8910
f 3687//8973 3712//8974 3641//8975
f 3641//8976 3712//8976 3665//8976
f 3506//8526 3688//8764 3787//8871
f 3688//8764 3798//8977 3787//8871
f 3580//8768 3739//8924 3799//8978
f 3645//8979 3689//8979 3667//8979
f 3689//8980 3668//8980 3667//8980
f 3647//8981 3669//8982 3691//8983
f 3581//8715 3719//8934 3692//8984
f 3670//8985 3694//8986 3693//8987
f 3670//8654 3693//8988 3625//8651
f 3670//8989 3696//8989 3694//8989
f 3626//8777 3744//8935 3695//8534
f 3722//8661 3582//8386 3748//8990
f 3565//8538 3650//8991 3724//8539
f 3627//8669 3789//8668 3652//8992
f 3567//8993 3698//8993 3869//8993
f 3673//8994 3698//8994 3567//8994
f 3673//8995 3587//8996 3674//8997
f 3726//8998 3768//8998 3654//8998
f 3654//8999 3768//9000 3770//9001
f 3610//8725 3512//8729 3653//8835
f 3654//8547 3770//9002 3702//8952
f 3512//8729 3589//8728 3653//8835
f 3570//8793 3500//8500 3774//8890
f 3633//9003 3676//9003 3675//9003
f 3571//9004 3676//9004 3729//9004
f 3571//9005 3729//9005 3775//9005
f 3656//9006 3659//9006 3678//9006
f 3656//9007 3678//9007 3677//9007
f 3678//9008 3659//9009 3680//9010
f 3614//8892 3636//9011 3659//8893
f 3730//9012 3681//9012 3679//9012
f 3635//9013 3679//9013 3681//9013
f 3681//9014 3732//9015 3705//9016
f 3637//9017 3682//9017 3661//9017
f 3683//8795 3660//8744 3734//9018
f 3637//9019 3735//9020 3682//9021
f 3638//8849 3735//9022 3637//8850
f 3595//9023 3707//9023 3779//9023
f 3601//8752 3686//9024 3685//8753
f 3601//8752 3709//8913 3686//9024
f 3709//8913 3782//9025 3686//9024
f 3602//9026 3710//9026 3687//9026
f 3603//8918 3665//8920 3785//9027
f 3603//8918 3785//9027 3664//9028
f 3711//9029 3713//9030 3687//9031
f 3713//9032 3712//8974 3687//8973
f 3642//8870 3643//8922 3714//9033
f 3642//9034 3714//9034 3688//9034
f 3580//9035 3852//9035 3644//9035
f 3580//8768 3799//8978 3852//9036
f 3668//9037 3717//8926 3667//8928
f 3716//9038 3718//9039 3689//9040
f 3718//9041 3690//9041 3689//9041
f 3689//9042 3690//9042 3668//9042
f 3646//9043 3718//9043 3740//9043
f 3647//9044 3718//9044 3646//9044
f 3718//9045 3647//9045 3691//9045
f 3718//9046 3691//8983 3690//9047
f 3690//9047 3691//8983 3669//8982
f 3605//8646 3646//9048 3719//8934
f 3625//8931 3693//9049 3669//8932
f 3581//8715 3692//8984 3744//9050
f 3723//8719 3855//9051 3607//8536
f 3583//8785 3764//9052 3723//8719
f 3583//9053 3671//9053 3764//9053
f 3671//9054 3648//9054 3749//9054
f 3452//9055 3765//9056 3672//9057
f 3429//8097 3890//9058 3649//8096
f 3699//9059 3652//9059 3725//9059
f 3457//8232 3857//8944 3843//9060
f 3843//9060 3530//8543 3457//8232
f 3699//9061 3725//9062 3700//9063
f 3725//9064 3842//9065 3698//9066
f 3698//9067 3673//9067 3725//9067
f 3725//9068 3673//9068 3700//9068
f 3700//9063 3701//9069 3699//9061
f 3699//9070 3701//9070 3751//9070
f 3673//8995 3674//8997 3701//9071
f 3673//9072 3701//9072 3700//9072
f 3674//9073 3653//9073 3769//9073
f 3570//9074 3728//9074 3703//9074
f 3632//8678 3754//9075 3633//8679
f 3676//9076 3633//9076 3754//9076
f 3754//9077 3729//9077 3676//9077
f 3500//8680 3775//8847 3755//9078
f 3634//9079 3677//9079 3657//9079
f 3678//9080 3776//9080 3677//9080
f 3679//9081 3704//9081 3730//9081
f 3680//9082 3776//9082 3678//9082
f 3659//9009 3636//9083 3680//9010
f 3681//9014 3730//9084 3732//9015
f 3660//9085 3733//9086 3734//9087
f 3735//9020 3732//9088 3682//9021
f 3732//9089 3735//9089 3705//9089
f 3707//9090 3757//9090 3779//9090
f 3685//9091 3781//9092 3684//9093
f 3708//9094 3737//9095 3622//9096
f 3664//8865 3761//9097 3709//8866
f 3664//9028 3785//9027 3761//9098
f 3710//9099 3622//9100 3738//9101
f 3687//9031 3710//9102 3711//9029
f 3785//9103 3665//9104 3836//9105
f 3713//9106 3738//9106 3714//9106
f 3713//9107 3714//9107 3643//9107
f 3713//9108 3643//9108 3712//9108
f 3712//9109 3643//9109 3715//9109
f 3643//9110 3644//9110 3715//9110
f 3690//9111 3669//9111 3668//9111
f 3646//9112 3740//9113 3804//9114
f 3669//9115 3693//9116 3840//9117
f 3719//9118 3742//9118 3720//9118
f 3719//9119 3720//9119 3692//9119
f 3742//9120 3743//9120 3720//9120
f 3692//9121 3720//9121 3721//9121
f 3743//9122 3694//9122 3720//9122
f 3720//9123 3696//9123 3721//9123
f 3694//9124 3696//9124 3720//9124
f 3696//9125 3746//9125 3721//9125
f 3696//8781 3747//8936 3746//9126
f 3648//9127 3841//9127 3749//9127
f 3649//8096 3890//9058 3750//8830
f 3530//8543 3826//9128 3650//8720
f 3652//8992 3789//8668 3725//9129
f 3698//9130 3842//9131 3869//9132
f 3674//9133 3769//9133 3701//9133
f 3702//9134 3771//9134 3752//9134
f 3589//8887 3591//8886 3806//9135
f 3589//8728 3806//9136 3653//8835
f 3752//9137 3728//9137 3570//9137
f 3772//9138 3728//9138 3752//9138
f 3772//9139 3727//9139 3728//9139
f 3591//8794 3703//8953 3806//9140
f 3728//9141 3727//9141 3703//9141
f 3655//8548 3773//9142 3632//8678
f 3570//8793 3774//8890 3791//9143
f 3570//9144 3791//9144 3752//9144
f 3677//9145 3756//9146 3657//9147
f 3776//9148 3756//9148 3677//9148
f 3730//9149 3704//9149 3731//9149
f 3636//8965 3813//9150 3680//9151
f 3730//9152 3731//9152 3732//9152
f 3661//8899 3777//9153 3660//8900
f 3682//9154 3777//9154 3661//9154
f 3731//9155 3682//9155 3732//9155
f 3636//8965 3705//8964 3813//9150
f 3660//9085 3777//9156 3733//9086
f 3683//8795 3734//9018 3706//9157
f 3707//9158 3706//9158 3757//9158
f 3638//9159 3778//9160 3735//9161
f 3638//9159 3861//9162 3778//9160
f 3779//8969 3861//9163 3638//8967
f 3684//9164 3758//9164 3662//9164
f 3684//9165 3781//9165 3758//9165
f 3622//9096 3973//9166 3738//9167
f 3622//9096 3737//9095 3973//9166
f 3710//9099 3738//9101 3711//9168
f 3711//9169 3738//9169 3713//9169
f 3665//9170 3712//9170 3715//9170
f 3644//9171 3852//9171 3715//9171
f 3717//9172 3763//9173 3739//9174
f 3716//9175 3762//9175 3740//9175
f 3716//9038 3740//9176 3718//9039
f 3669//9177 3865//9178 3668//9179
f 3646//9112 3804//9114 3719//9180
f 3719//9180 3804//9114 3741//9181
f 3719//9182 3741//9182 3742//9182
f 3741//9183 3743//9184 3742//9185
f 3694//8986 3743//9186 3693//8987
f 3692//9187 3745//9187 3744//9187
f 3692//9188 3721//9188 3745//9188
f 3721//9189 3746//9189 3745//9189
f 3744//9190 3823//9190 3695//9190
f 3607//8536 3957//9191 3825//8611
f 3607//8536 3855//9051 3957//9192
f 3723//8719 3764//9052 3855//9051
f 3671//9193 3868//9193 3764//9193
f 3724//8664 3766//9194 3765//8665
f 3650//9195 3827//9195 3724//9195
f 3725//9064 3789//8541 3842//9065
f 3629//8881 3751//8880 3767//9196
f 3533//8883 3858//9197 3726//8884
f 3701//9198 3769//9199 3751//8880
f 3726//9200 3858//9201 3768//9202
f 3770//9203 3771//9203 3702//9203
f 3771//9204 3772//9204 3752//9204
f 3752//9205 3753//9205 3702//9205
f 3702//9206 3807//9206 3655//9206
f 3702//9207 3753//9207 3807//9207
f 3703//8953 3727//9208 3829//9209
f 3655//9210 3790//9211 3873//9212
f 3752//9213 3791//9213 3753//9213
f 3632//8678 3773//9142 3754//9214
f 3754//9215 3830//9215 3729//9215
f 3729//9216 3830//9217 3809//9218
f 3729//9219 3809//9219 3775//9219
f 3657//9147 3756//9146 3928//9220
f 3657//9221 3928//9222 3704//9223
f 3680//9224 3812//9224 3776//9224
f 3731//9225 3704//9226 3777//9227
f 3731//9225 3777//9227 3682//9228
f 3735//9161 3778//9160 3705//9229
f 3706//9157 3734//9018 3815//9230
f 3706//9231 3815//9231 3757//9231
f 3757//9232 3817//9233 3779//9234
f 3662//9235 3758//9236 3780//9237
f 3685//9091 3686//9238 3781//9092
f 3663//8909 3620//8908 3759//9239
f 3759//9239 3736//8972 3663//8909
f 3708//9240 3736//9240 3783//9240
f 3783//9241 3795//9241 3761//9241
f 3709//9242 3795//9242 3782//9242
f 3783//9243 3760//9243 3708//9243
f 3783//9244 3761//9244 3760//9244
f 3709//9245 3761//9245 3795//9245
f 3760//9246 3784//9247 3708//9094
f 3760//9248 3761//9248 3784//9248
f 3761//9249 3785//9250 3784//9251
f 3714//9252 3738//9252 3688//9252
f 3665//9104 3837//9253 3836//9105
f 3715//9254 3837//9253 3665//9104
f 3688//9255 3786//9256 3798//9257
f 3717//9172 3802//9258 3763//9173
f 3668//9179 3865//9178 3803//9259
f 3669//9115 3840//9117 3866//9260
f 3669//9177 3866//9261 3865//9178
f 3741//9262 3804//9263 3839//9264
f 3743//9184 3741//9183 3822//9265
f 3743//9266 3822//9266 3693//9266
f 3722//8661 3748//8990 3841//9267
f 3671//9268 3749//9268 3868//9268
f 3672//8878 3890//9058 3429//8097
f 3765//9056 3788//9269 3672//9057
f 3765//9270 3766//9270 3788//9270
f 3629//9271 3767//9272 3857//9273
f 3770//9274 3844//9274 3771//9274
f 3844//9275 3772//9275 3771//9275
f 3655//9276 3807//9276 3790//9276
f 3655//9210 3873//9212 3773//9277
f 3754//9214 3773//9142 3830//9278
f 3775//8847 3846//9279 3755//9078
f 3775//9280 3809//9280 3846//9280
f 3776//9281 3792//9282 3756//9283
f 3776//9284 3812//9284 3792//9284
f 3680//9285 3813//9286 3812//9287
f 3815//9288 3817//9288 3757//9288
f 3619//8861 3833//9289 3620//8862
f 3662//9290 3780//9290 3619//9290
f 3759//9291 3794//9292 3736//9293
f 3736//9294 3795//9294 3783//9294
f 3708//9094 3784//9247 3737//9095
f 3737//9295 3784//9295 3796//9295
f 3852//9296 3837//9253 3715//9254
f 3800//9297 3763//9297 3798//9297
f 3739//9298 3800//9299 3799//9300
f 3763//9301 3800//9301 3739//9301
f 3787//8871 3863//9302 3762//8770
f 3762//9303 3863//9304 3740//9113
f 3717//9172 3803//9305 3802//9258
f 3839//9306 3822//9306 3741//9306
f 3693//9307 3822//9308 3840//9117
f 3745//9309 3746//9309 3824//9309
f 3745//9310 3824//9310 3744//9310
f 3746//9311 3805//9311 3824//9311
f 3747//9312 3805//9312 3746//9312
f 3695//8782 3938//9313 3914//8783
f 3724//8664 3827//9314 3766//9194
f 3650//9315 3826//9315 3827//9315
f 3530//8543 3843//9060 3826//9316
f 3789//8541 3961//8477 3842//9065
f 3772//9317 3844//9318 3828//9319
f 3772//9320 3828//9320 3727//9320
f 3727//9321 3828//9321 3829//9321
f 3791//9322 3807//9322 3753//9322
f 3791//9323 3808//9323 3807//9323
f 3774//9324 3808//9324 3791//9324
f 3756//9283 3792//9282 3811//9325
f 3815//9326 3847//9326 3817//9326
f 3779//9234 3817//9233 3861//9327
f 3780//9328 3833//9328 3619//9328
f 3758//9236 3793//9329 3780//9237
f 3793//9330 3758//9330 3781//9330
f 3781//9331 3834//9331 3793//9331
f 3818//9332 3795//9332 3736//9332
f 3782//9025 3835//9333 3686//9024
f 3737//9334 3819//9334 3973//9334
f 3737//9335 3796//9335 3819//9335
f 3784//9336 3820//9336 3796//9336
f 3785//9250 3820//9337 3784//9251
f 3785//9338 3836//9339 3820//9340
f 3688//9255 3738//9167 3797//9341
f 3688//9255 3797//9341 3786//9256
f 3786//9342 3821//9342 3798//9342
f 3821//9343 3800//9343 3798//9343
f 3821//9344 3799//9300 3800//9299
f 3798//9345 3763//9345 3801//9345
f 3787//8871 3798//9346 3801//9347
f 3763//9348 3802//9348 3801//9348
f 3668//9037 3803//9349 3717//8926
f 3823//9350 3938//9313 3695//8782
f 3750//8830 3915//9351 3961//8477
f 3533//8948 3869//8947 3858//9352
f 3751//8880 3769//9199 3767//9196
f 3768//9202 3893//9353 3859//9354
f 3790//9211 3874//9355 3873//9212
f 3755//8889 3808//9356 3774//8890
f 3755//9357 3810//9357 3808//9357
f 3755//9358 3846//9359 3810//9360
f 3756//9361 3811//9361 3928//9361
f 3704//9223 3928//9222 3777//9362
f 3812//9363 3831//9364 3792//9365
f 3812//9366 3832//9366 3831//9366
f 3705//8964 3778//9367 3813//9150
f 3734//9368 3814//9368 3815//9368
f 3815//9369 3816//9369 3847//9369
f 3817//9370 3847//9370 3861//9370
f 3793//9329 3833//9371 3780//9237
f 3620//8908 3833//9372 3930//9373
f 3736//9374 3794//9374 3818//9374
f 3795//9375 3818//9375 3782//9375
f 3782//9376 3818//9376 3835//9376
f 3738//9167 3973//9166 3884//9377
f 3786//9256 3797//9341 3821//9378
f 3799//8978 3821//9379 3852//9036
f 3787//8871 3801//9347 3863//9302
f 3802//9380 3838//9381 3801//9382
f 3802//9258 3803//9305 3838//9383
f 3822//9384 3839//9385 3886//9386
f 3822//9308 3887//9387 3840//9117
f 3744//9388 3824//9388 3823//9388
f 3747//8936 3697//8780 3854//9389
f 3764//9052 3856//9390 3855//9051
f 3826//9316 3843//9060 3917//9391
f 3769//9392 3653//8835 3806//9136
f 3768//9000 3859//9393 3770//9001
f 3770//9394 3859//9395 3844//9396
f 3703//8953 3829//9209 3806//9140
f 3807//9397 3845//9397 3790//9397
f 3808//9398 3845//9398 3807//9398
f 3808//9399 3810//9399 3845//9399
f 3809//9218 3830//9217 3877//9400
f 3928//9401 4022//9402 3777//9403
f 3734//9087 3733//9086 3814//9404
f 3815//9405 3814//9405 3816//9405
f 3860//9406 3847//9406 3816//9406
f 3620//8908 3930//9373 3759//9239
f 3834//9407 3781//9408 3948//9409
f 3794//9292 3759//9291 3862//9410
f 3794//9411 3862//9412 3818//9413
f 3796//9414 3850//9415 3819//9416
f 3820//9417 3850//9415 3796//9414
f 3738//9167 3884//9377 3797//9341
f 3821//9418 3797//9419 3851//9420
f 3821//9418 3851//9420 3852//9421
f 3801//9382 3838//9381 3863//9422
f 3863//9304 3909//9423 3740//9113
f 3740//9113 3909//9423 3804//9114
f 3822//9384 3886//9386 3887//9424
f 3824//9425 3805//9425 3823//9425
f 3747//9426 3853//9426 3805//9426
f 3697//8780 3939//9427 3854//9389
f 3825//8611 3939//9427 3697//8829
f 3749//9428 3958//9428 3868//9428
f 3842//9131 3962//9429 3869//9132
f 3769//9199 3920//9430 3767//9196
f 3769//9392 3806//9136 3920//9431
f 3828//9319 3844//9318 3895//9432
f 3828//9433 3895//9433 3829//9433
f 3829//9434 3924//9435 3806//9436
f 3829//9437 3923//9437 3924//9437
f 3830//9278 3773//9142 3876//9438
f 3830//9439 3876//9439 3877//9439
f 3809//9218 3877//9400 3846//9440
f 3777//9403 4022//9402 3733//9441
f 3880//9442 3860//9442 3814//9442
f 3816//9443 3814//9443 3860//9443
f 3860//9444 3849//9444 3847//9444
f 3861//9445 3847//9446 3997//9447
f 3847//9448 3849//9449 3997//9450
f 3848//9451 3833//9451 3793//9451
f 3848//9452 3793//9453 3849//9454
f 3849//9455 3793//9455 3834//9455
f 3849//9449 3834//9456 3997//9450
f 3759//9457 3930//9458 3947//9459
f 3947//9459 3862//9460 3759//9457
f 3686//9238 3949//9461 3781//9092
f 3835//9462 3818//9462 3881//9462
f 3835//9463 3881//9464 3686//9465
f 3820//9340 3836//9339 3850//9466
f 3851//9467 3908//9468 3852//9469
f 3803//9259 3864//9470 3838//9471
f 3803//9259 3865//9178 3864//9470
f 3839//9264 3804//9263 3910//9472
f 3839//9473 3910//9473 3886//9473
f 3840//9117 3887//9387 3866//9260
f 3805//9474 3867//9474 3823//9474
f 3805//9475 3853//9475 3867//9475
f 3747//9476 3854//9389 3853//9477
f 3825//8611 3957//9191 3939//9427
f 3841//9478 3958//9478 3749//9478
f 3764//9479 3868//9479 3889//9479
f 3764//9052 3889//9480 3856//9390
f 3788//9269 3891//9481 3672//9057
f 3750//8830 3890//9058 3915//9351
f 3788//9482 3766//9482 3891//9482
f 3766//9483 3827//9483 3891//9483
f 3826//9484 3917//9484 3827//9484
f 3869//8947 3870//9485 3858//9352
f 3806//9486 3872//9486 3920//9486
f 3806//9487 3894//9488 3872//9489
f 3806//9436 3922//9490 3894//9491
f 3806//9436 3924//9435 3922//9490
f 3844//9396 3859//9395 3895//9492
f 3829//9493 3895//9493 3923//9493
f 3790//9494 3875//9494 3874//9494
f 3790//9495 3845//9495 3875//9495
f 3773//9496 3873//9496 3876//9496
f 3846//9497 3877//9498 3878//9499
f 3811//9500 3879//9501 3928//9401
f 3792//9365 3879//9502 3811//9503
f 3792//9365 3831//9364 3879//9502
f 3832//9504 3900//9504 3831//9504
f 3812//9287 3813//9286 3946//9505
f 3812//9506 3946//9507 3832//9508
f 3814//9404 3733//9086 3880//9509
f 3778//9367 3901//9510 3813//9150
f 3860//9511 3880//9511 3848//9511
f 3860//9512 3848//9452 3849//9454
f 3848//9513 3902//9513 3833//9513
f 3905//9514 3949//9515 3686//9516
f 3818//9413 3862//9412 3904//9517
f 3818//9518 3904//9518 3881//9518
f 3686//9465 3881//9464 3905//9519
f 3819//9520 3882//9520 3973//9520
f 3850//9521 3882//9522 3819//9523
f 3850//9521 3883//9524 3882//9522
f 3837//9253 4006//9525 3975//9526
f 3797//9341 3884//9377 3977//9527
f 3851//9467 3797//9528 3908//9468
f 3852//9296 3908//9529 3837//9253
f 3863//9422 3838//9381 3934//9530
f 3838//9531 3864//9532 3885//9533
f 3865//9534 3888//9535 4037//9536
f 3866//9537 3888//9538 3865//9539
f 3748//8990 3984//9540 3841//9267
f 3841//9541 3984//9542 3958//9543
f 3869//9544 3892//9545 3870//9546
f 3962//9429 3892//9547 3869//9132
f 3858//9548 3870//9548 3871//9548
f 3892//9545 3919//9549 3870//9546
f 3870//9550 3919//9550 3872//9550
f 3858//9201 3893//9353 3768//9202
f 3870//9551 3872//9551 3871//9551
f 3920//9552 3872//9552 3919//9552
f 3893//9553 4042//9553 3859//9553
f 3876//9554 3964//9554 3896//9554
f 3876//9555 3896//9555 3877//9555
f 3896//9556 3897//9556 3877//9556
f 3877//9557 3897//9557 3878//9557
f 3831//9558 3900//9558 3879//9558
f 4022//9402 3929//9559 3733//9441
f 3880//9560 3733//9441 3929//9559
f 3848//9561 3880//9562 3902//9563
f 3902//9563 3968//9564 3930//9565
f 3833//9566 3902//9563 3930//9565
f 3930//9567 3969//9568 3947//9569
f 3781//9408 3949//9570 3948//9409
f 3862//9412 3947//9571 3904//9517
f 3850//9572 3907//9573 3883//9574
f 3836//9575 3907//9576 3850//9577
f 3837//9253 3975//9526 3836//9105
f 3838//9578 3885//9578 3934//9578
f 3804//9114 3909//9423 3910//9579
f 3866//9260 3887//9387 3912//9580
f 3866//9537 3912//9581 3888//9538
f 3823//9350 3955//9582 3938//9313
f 3868//9583 3958//9543 3889//9584
f 3827//9585 3916//9586 3891//9587
f 3917//9588 3916//9589 3827//9590
f 3843//9060 3857//8944 3985//9591
f 3858//9201 3918//9592 3893//9353
f 3858//9593 3941//9593 3918//9593
f 3858//9594 3871//9594 3941//9594
f 3871//9595 3894//9596 3921//9597
f 3872//9489 3894//9488 3871//9598
f 3859//9599 4042//9599 3942//9599
f 3859//9600 3942//9600 3895//9600
f 3873//9601 3963//9602 4084//9603
f 3874//9604 3963//9604 3873//9604
f 3875//9605 3963//9605 3874//9605
f 3876//9606 3873//9606 3964//9606
f 3845//9607 3925//9607 3875//9607
f 3810//9608 3925//9608 3845//9608
f 3926//9609 3898//9609 3896//9609
f 3896//9610 3898//9610 3897//9610
f 3879//9501 4059//9611 3928//9401
f 3879//9612 3900//9613 3926//9614
f 3926//9615 3900//9615 3898//9615
f 3898//9616 3899//9616 3897//9616
f 3897//9617 3899//9618 3878//9619
f 3898//9620 3900//9620 3899//9620
f 4022//9621 3945//9622 3929//9623
f 3778//9367 3903//9624 3901//9510
f 3778//9160 3861//9162 3903//9625
f 3861//9445 3997//9447 4046//9626
f 3834//9627 3999//9628 3997//9629
f 3930//9567 3998//9630 3969//9568
f 3948//9409 3999//9631 3834//9407
f 3881//9632 3904//9632 3951//9632
f 3881//9464 3951//9633 3905//9519
f 3906//9634 3882//9634 3883//9634
f 3973//9166 4026//9635 3884//9377
f 3836//9575 3974//9636 3907//9576
f 3797//9528 3977//9637 3908//9468
f 3908//9638 3932//9639 3837//9640
f 3837//9641 3932//9641 3933//9641
f 3863//9304 4014//9642 3909//9423
f 4037//9643 3982//9644 3865//9645
f 3886//9646 3910//9646 3911//9646
f 3886//9647 3936//9647 3887//9647
f 3887//9648 3936//9648 3912//9648
f 3936//9649 3937//9649 3912//9649
f 3912//9650 3937//9650 3888//9650
f 3823//9651 3867//9652 3955//9653
f 3867//9654 3853//9654 3913//9654
f 3913//9655 3853//9655 3956//9655
f 3854//9389 3956//9656 3853//9477
f 3855//9051 3856//9657 3957//9192
f 3890//9058 3672//8878 3960//9658
f 3843//9060 3985//9591 3917//9659
f 3892//9660 3962//9429 3986//9661
f 3892//9662 3986//9663 3919//9664
f 3871//9665 3921//9666 3941//9667
f 3919//9668 3940//9668 3920//9668
f 3922//9669 3921//9597 3894//9596
f 3875//9670 3943//9670 3963//9670
f 3925//9671 3943//9671 3875//9671
f 3810//9360 3927//9672 3925//9673
f 3896//9674 3964//9674 3926//9674
f 3926//9675 3964//9675 4059//9675
f 3810//9360 3846//9359 3927//9672
f 3846//9497 3878//9499 3927//9676
f 4059//9677 3879//9612 3926//9614
f 3832//9508 3946//9507 3900//9678
f 3813//9286 3901//9679 3946//9505
f 3880//9562 3995//9680 3902//9563
f 3904//9517 3947//9571 3950//9681
f 3904//9682 3950//9683 3951//9684
f 3905//9685 3951//9685 3952//9685
f 3882//9686 3906//9686 3973//9686
f 3906//9687 3883//9687 3931//9687
f 3883//9574 3907//9573 3931//9688
f 3908//9638 3977//9689 3978//9690
f 3908//9638 3978//9690 3932//9639
f 3885//9533 3980//9691 3934//9692
f 3885//9533 3864//9532 3980//9691
f 3863//9693 3934//9694 4032//9695
f 3865//9645 3982//9644 3981//9696
f 3886//9697 3911//9697 3936//9697
f 3936//9698 3983//9699 3937//9700
f 3983//9699 3954//9701 3937//9700
f 3937//9702 3956//9656 3888//9535
f 3954//9703 3956//9704 3937//9705
f 3867//9652 3953//9706 3955//9653
f 3954//9707 3953//9707 3913//9707
f 3954//9703 3913//9708 3956//9704
f 3953//9709 3867//9709 3913//9709
f 3748//8937 3914//8783 4124//9710
f 3748//8937 4038//9711 3984//9712
f 3672//9713 3891//9587 3960//9714
f 3986//9663 4055//9715 3919//9664
f 3919//9664 4055//9715 3940//9716
f 3920//9430 3940//9717 4040//9718
f 3921//9666 3988//9719 3941//9667
f 3895//9720 3942//9721 3987//9722
f 3895//9723 3987//9723 3923//9723
f 3922//9724 3988//9724 3921//9724
f 3987//9725 3990//9725 3923//9725
f 3925//9726 3944//9726 3943//9726
f 3925//9727 3927//9727 3944//9727
f 3873//9728 4044//9729 3964//9730
f 3901//9731 3994//9731 3946//9731
f 3901//9732 3903//9733 3966//9734
f 3903//9735 3861//9736 4046//9737
f 3968//9738 3998//9738 3930//9738
f 3948//9739 3970//9740 4000//9741
f 3947//9569 3969//9568 4025//9742
f 3949//9743 3970//9743 3948//9743
f 3947//9744 4025//9744 3971//9744
f 3949//9745 4004//9745 3970//9745
f 3905//9514 4064//9746 3949//9515
f 3950//9683 3972//9747 3951//9684
f 3972//9748 3931//9749 3951//9750
f 3972//9751 3906//9751 3931//9751
f 3951//9752 3907//9752 3952//9752
f 3951//9750 3931//9749 3907//9753
f 3974//9636 4049//9754 3907//9576
f 3836//9575 3975//9755 3974//9636
f 3837//9253 3933//9756 4006//9525
f 3978//9757 4007//9757 3932//9757
f 3932//9758 4007//9759 4011//9760
f 3932//9758 4011//9760 3933//9761
f 3863//9693 4032//9695 4014//9762
f 4032//9763 4067//9764 4014//9765
f 3864//9766 3981//9766 3935//9766
f 3865//9645 3981//9696 3864//9767
f 3982//9768 4034//9769 3981//9770
f 3910//9771 3909//9772 3911//9773
f 3936//9774 3911//9775 3983//9776
f 3888//9535 3956//9656 4037//9536
f 3983//9699 3953//9777 3954//9701
f 3914//9778 4152//9779 4124//9780
f 3856//9781 4109//9782 3957//9191
f 3856//9783 3889//9783 3959//9783
f 3890//9058 3960//9658 3915//9351
f 3961//8477 4153//9784 3842//9065
f 3961//8477 3915//9351 4153//9785
f 3842//9065 4153//9784 4017//9786
f 3842//9131 4017//9787 3962//9429
f 3962//9429 4017//9787 3986//9661
f 3893//9353 3918//9592 4042//9788
f 3940//9789 4055//9789 4040//9789
f 3942//9790 4042//9790 4019//9790
f 3942//9721 4019//9791 3987//9722
f 3922//9792 4058//9792 3988//9792
f 3923//9793 3990//9793 3924//9793
f 3990//9794 4021//9795 3924//9435
f 3964//9730 4044//9729 4059//9611
f 3878//9619 4074//9796 3927//9797
f 3899//9618 4128//9798 3878//9619
f 3928//9401 4059//9611 4022//9402
f 4022//9621 4060//9799 3945//9622
f 3945//9622 3965//9800 3929//9623
f 3994//9801 3965//9801 3945//9801
f 3946//9802 3994//9803 4023//9804
f 3929//9805 3965//9805 3995//9805
f 3965//9806 3994//9806 3966//9806
f 3929//9559 3995//9807 3880//9560
f 3966//9734 3994//9808 3901//9732
f 3965//9809 3966//9810 3967//9811
f 3966//9812 3903//9812 3967//9812
f 3903//9735 4046//9737 3967//9813
f 3902//9563 4117//9814 3968//9564
f 3948//9815 4024//9815 3999//9815
f 3948//9739 4000//9741 4024//9816
f 4000//9817 3970//9818 4002//9819
f 3947//9820 3971//9820 3950//9820
f 3970//9821 4004//9821 4003//9821
f 3950//9822 3971//9822 3972//9822
f 3972//9823 3971//9823 3906//9823
f 3977//9824 3884//9825 3976//9826
f 3975//9526 4006//9525 4005//9827
f 3934//9828 4009//9828 4032//9828
f 3979//9829 3934//9830 3980//9831
f 3980//9832 3935//9832 4012//9832
f 4037//9643 4016//9833 3982//9644
f 3953//9834 3983//9834 3955//9834
f 3938//9313 3955//9582 4054//9835
f 3854//9389 3939//9427 4151//9836
f 3958//9543 3984//9542 3889//9584
f 3960//9837 4095//9838 3915//9839
f 4042//9840 3918//9841 4041//9842
f 3941//9843 4020//9843 4018//9843
f 3988//9844 4020//9844 3941//9844
f 4019//9845 3991//9846 3987//9847
f 3922//9490 3924//9435 4058//9848
f 3989//9849 3992//9849 3991//9849
f 3987//9850 3991//9850 3990//9850
f 3989//9851 3943//9851 3944//9851
f 3989//9852 3944//9852 3992//9852
f 3991//9853 3992//9853 3993//9853
f 3991//9854 3993//9854 3990//9854
f 3990//9794 3993//9855 4021//9795
f 4084//9603 4044//9856 3873//9601
f 3992//9857 3944//9857 3993//9857
f 4060//9858 4023//9859 3945//9860
f 4023//9861 3994//9861 3945//9861
f 3965//9862 3996//9863 3995//9864
f 3965//9809 3967//9811 3996//9865
f 3968//9866 4047//9866 3998//9866
f 4047//9867 4000//9817 3998//9868
f 4047//9869 4024//9869 4000//9869
f 3998//9630 4002//9870 3969//9568
f 4000//9817 4002//9819 3998//9868
f 3969//9871 4002//9871 4001//9871
f 4002//9872 4003//9873 4001//9874
f 4002//9875 3970//9875 4003//9875
f 3906//9876 4089//9877 3973//9878
f 3973//9166 4120//9879 4026//9635
f 4049//9880 3974//9880 4027//9880
f 4027//9881 3974//9881 4005//9881
f 3884//9377 4028//9882 3976//9883
f 3974//9884 3975//9884 4005//9884
f 3978//9885 3977//9886 4007//9887
f 3977//9886 4008//9888 4007//9887
f 3933//9889 4011//9890 4051//9891
f 4008//9892 4010//9892 4007//9892
f 4007//9893 4010//9893 4011//9893
f 3979//9894 4008//9895 4106//9896
f 3979//9897 4009//9897 3934//9897
f 4008//9898 3979//9898 4010//9898
f 4010//9899 3979//9829 3980//9831
f 4010//9900 3980//9900 4012//9900
f 4010//9901 4012//9902 4011//9903
f 3981//9904 4013//9904 3935//9904
f 3981//9905 4034//9906 4013//9907
f 4033//9908 3982//9909 4015//9910
f 4034//9769 3982//9768 4033//9911
f 3854//9389 4070//9912 3956//9656
f 3914//8783 3938//9313 4054//9835
f 4054//9835 4152//9779 3914//9778
f 3748//8937 4124//9710 4038//9711
f 3984//9712 4038//9711 4039//9913
f 3984//9914 4039//9914 3889//9914
f 4153//9785 4154//9915 4017//9916
f 3986//9917 4017//9917 4055//9917
f 4040//9718 3767//9196 3920//9430
f 3918//9841 4018//9918 4041//9842
f 3941//9919 4018//9918 3918//9841
f 4042//9920 4043//9920 4019//9920
f 4042//9921 4228//9922 4043//9923
f 4019//9924 4043//9924 3989//9924
f 3988//9925 4058//9925 4020//9925
f 3989//9926 3991//9846 4019//9845
f 3943//9927 4083//9928 3963//9929
f 3944//9930 3927//9797 3993//9931
f 3899//9618 3900//9932 4128//9798
f 4022//9933 4129//9934 4060//9935
f 4061//9936 4023//9859 4060//9858
f 4023//9804 4061//9937 3946//9802
f 3946//9507 4061//9938 4062//9939
f 3967//9813 4046//9737 4045//9940
f 3997//9941 4078//9942 4046//9943
f 3997//9629 3999//9628 4078//9944
f 3969//9945 4048//9946 4025//9947
f 4001//9948 4048//9948 3969//9948
f 4003//9873 4048//9949 4001//9874
f 3905//9514 3952//9950 4064//9746
f 3906//9951 3971//9951 4089//9951
f 3907//9952 4064//9746 3952//9950
f 3907//9576 4049//9754 4080//9953
f 4026//9954 4027//9954 4028//9954
f 4065//9955 4027//9955 4026//9955
f 3884//9377 4026//9635 4028//9882
f 4065//9956 4049//9956 4027//9956
f 4028//9957 4027//9957 4029//9957
f 4027//9958 4005//9958 4029//9958
f 4028//9959 4030//9960 3976//9961
f 4028//9962 4029//9962 4030//9962
f 4005//9963 4006//9963 4029//9963
f 4006//9525 4031//9964 4029//9965
f 4006//9525 3933//9756 4031//9964
f 3933//9889 4051//9891 4031//9966
f 3979//9894 4106//9896 4009//9967
f 4009//9968 4107//9969 4067//9970
f 3935//9971 4013//9972 4123//9973
f 4068//9974 4033//9975 4067//9976
f 4014//9765 4067//9764 4015//9977
f 4067//9978 4033//9978 4015//9978
f 4014//9979 4015//9979 4035//9979
f 4014//9980 4035//9980 4036//9980
f 4015//9910 3982//9909 4035//9981
f 3909//9982 4014//9982 4036//9982
f 4036//9983 4069//9983 3909//9983
f 4035//9984 4053//9985 4036//9986
f 4035//9987 4016//9987 4053//9987
f 3982//9988 4016//9988 4035//9988
f 3909//9772 4069//9989 3911//9773
f 4037//9643 4053//9990 4016//9833
f 3911//9775 4094//9991 3983//9776
f 3983//9776 4094//9991 3955//9582
f 3856//9992 3959//9993 4109//9994
f 3889//9995 4039//9996 3959//9997
f 3891//9587 3916//9586 3960//9714
f 3917//9588 4125//9998 3916//9589
f 3857//9273 3767//9272 4227//9999
f 4020//10000 4057//10001 4018//10002
f 3989//10003 4043//10003 4083//10003
f 4058//10004 4057//10005 4020//10006
f 3989//10007 4083//9928 3943//9927
f 3963//9602 4083//10008 4084//9603
f 3927//9797 4074//9796 3993//9931
f 4128//9798 4074//9796 3878//9619
f 3946//9507 4201//10009 3900//9678
f 3967//10010 4045//10010 3996//10010
f 4046//10011 4076//10012 4045//10013
f 3968//10014 4117//10015 4118//10016
f 3968//10017 4118//10017 4047//10017
f 4024//10018 4047//10018 4063//10018
f 4024//10019 4063//10019 3999//10019
f 3999//10020 4063//10020 4104//10020
f 4003//9873 4079//10021 4048//9949
f 3971//10022 4025//10023 4221//10024
f 4003//10025 4004//10025 4079//10025
f 3949//10026 4064//10026 4004//10026
f 3973//9878 4089//9877 4120//10027
f 4026//10028 4120//10029 4065//10030
f 4029//10031 4050//10031 4030//10031
f 4031//10032 4050//10033 4029//10034
f 3977//10035 4106//9896 4008//9895
f 4011//9903 4012//9902 4123//9973
f 4033//10036 4068//10037 4090//10038
f 4033//10039 4090//10039 4034//10039
f 4034//9906 4090//10040 4013//9907
f 4036//10041 4052//10042 4069//10043
f 4036//9986 4053//9985 4052//10044
f 3957//9191 4138//10045 3939//9427
f 4055//10046 4017//10046 4056//10046
f 4055//10047 4072//10047 4040//10047
f 4040//10048 4072//10049 4073//10050
f 4040//10048 4073//10050 3767//10051
f 4042//10052 4041//10052 4228//10052
f 4058//10004 4097//10053 4057//10005
f 3924//9435 4021//9795 4058//9848
f 4128//10054 4201//10009 4103//10055
f 4062//9939 4116//10056 4201//10009
f 3946//9507 4062//9939 4201//10009
f 4061//10057 4087//10057 4062//10057
f 3995//9864 4075//10058 4117//10059
f 3996//9863 4075//10058 3995//9864
f 3996//10060 4045//10060 4075//10060
f 3999//10061 4104//10061 4078//10061
f 3907//9952 4080//10062 4064//9746
f 4049//10063 4065//10064 4066//10065
f 4049//10063 4066//10065 4080//10066
f 3976//9826 4135//10067 3977//9824
f 3976//9961 4030//9960 4081//10068
f 4009//10069 4067//9764 4032//9763
f 3935//9971 4123//9973 4012//9902
f 4037//10070 4093//10070 4053//10070
f 4037//9536 4070//9912 4093//10071
f 3956//9656 4070//9912 4037//9536
f 3955//9582 4094//9991 4054//9835
f 4038//9711 4071//10072 4039//9913
f 3959//9997 4039//9996 4139//10073
f 3857//8944 4227//10074 4226//10075
f 3857//8944 4226//10075 3985//9591
f 4017//9916 4154//9915 4056//10076
f 4055//10077 4056//10077 4072//10077
f 4072//10078 4096//10079 4073//10080
f 4018//10081 4082//10081 4041//10081
f 4057//10001 4082//10082 4018//10002
f 4058//10083 4021//10084 4097//10085
f 4084//10086 4085//10087 4044//9729
f 4074//9796 4101//10088 3993//9931
f 4044//9729 4022//9402 4059//9611
f 4060//9935 4129//9934 4061//10089
f 3900//10090 4201//10009 4128//10054
f 4061//10091 4129//10091 4087//10091
f 4062//10092 4087//10092 4130//10092
f 3902//9563 3995//9680 4117//9814
f 4046//9943 4078//9942 4076//10093
f 4047//10094 4118//10094 4077//10094
f 4047//10095 4077//10095 4063//10095
f 4063//10096 4077//10097 4104//10098
f 4004//10099 4088//10099 4079//10099
f 4064//10100 4088//10100 4004//10100
f 4066//10101 4065//10101 4133//10101
f 4081//10102 4135//10103 3976//10104
f 4030//10105 4050//10105 4081//10105
f 3977//9824 4135//10067 4106//10106
f 4031//10032 4051//10107 4050//10033
f 4011//10108 4123//9973 4051//10109
f 4009//9968 4106//10110 4107//9969
f 4068//9974 4067//9976 4107//10111
f 4068//10037 4107//10112 4090//10038
f 4090//10113 4108//10114 4013//10115
f 3911//9773 4069//9989 4094//10116
f 4052//10117 4092//10118 4091//10119
f 4053//10120 4092//10120 4052//10120
f 4093//10121 4092//10121 4053//10121
f 3985//9591 4226//10075 3917//9659
f 4072//10122 4056//10122 4111//10122
f 4072//10078 4111//10123 4096//10079
f 3767//9272 4073//10124 4227//9999
f 4043//9923 4197//10125 4083//10126
f 4083//10008 4098//10127 4084//9603
f 4083//10128 4197//10128 4098//10128
f 4085//10087 4084//10086 4099//10129
f 3993//9855 4101//10130 4021//9795
f 4074//10131 4086//10131 4101//10131
f 4074//9796 4128//9798 4086//10132
f 4022//9402 4144//10133 4129//10134
f 4062//10135 4130//10135 4116//10135
f 4045//10136 4687//10136 4075//10136
f 4045//10013 4076//10012 4687//10137
f 4025//10023 4105//10138 4221//10024
f 4048//9946 4105//10139 4025//9947
f 4048//10140 4079//10140 4105//10140
f 4089//10141 3971//10022 4221//10024
f 4064//10142 4080//10143 4165//10144
f 4065//10030 4120//10029 4133//10145
f 4080//10146 4210//10147 4165//10148
f 4051//10109 4211//10149 4050//10150
f 4013//9972 4108//10151 4123//9973
f 4052//10042 4091//10152 4069//10043
f 4094//9991 4309//10153 4054//9835
f 3854//9389 4151//9836 4070//9912
f 3939//9427 4138//10045 4151//9836
f 4109//9782 4138//10045 3957//9191
f 4039//9913 4071//10072 4139//10154
f 3959//9993 4139//10155 4109//9994
f 3960//9837 4110//10156 4095//9838
f 3916//9586 4126//10157 3960//9714
f 3916//10158 4125//10159 4126//10157
f 3917//9659 4226//10075 4125//10160
f 4056//10076 4154//9915 4111//10161
f 4073//10162 4096//10163 4174//10164
f 4073//10165 4174//10164 4227//10166
f 4082//10167 4140//10168 4041//10169
f 4111//10170 4156//10171 4096//10163
f 4156//10171 4111//10170 4113//10172
f 4082//10173 4057//10173 4114//10173
f 4057//10174 4097//10174 4114//10174
f 4114//10175 4097//10085 4175//10176
f 4098//10127 4115//10177 4084//9603
f 4084//10178 4115//10178 4099//10178
f 4127//10179 4100//10179 4115//10179
f 4115//10180 4100//10181 4102//10182
f 4127//10183 4101//10183 4100//10183
f 4086//10184 4100//10184 4101//10184
f 4086//10185 4128//10185 4100//10185
f 4022//9402 4044//9729 4144//10133
f 4087//10186 4129//10186 4130//10186
f 4104//10187 4147//10187 4078//10187
f 4079//10188 4119//10189 4105//10190
f 4088//10191 4119//10189 4079//10188
f 4120//10027 4164//10192 4133//10193
f 4081//10102 4121//10194 4135//10103
f 4081//10195 4122//10195 4121//10195
f 4050//10196 4122//10196 4081//10196
f 4050//10197 4211//10197 4122//10197
f 4106//10110 4189//10198 4107//9969
f 4051//10109 4123//9973 4211//10149
f 4090//10199 4107//10199 4149//10199
f 4090//10113 4149//10200 4108//10114
f 4093//10071 4137//10201 4092//10202
f 3960//9714 4126//10157 4110//10203
f 4041//10204 4140//10205 4228//10206
f 4112//10207 4113//10207 4111//10207
f 4112//10208 4082//10208 4114//10208
f 4112//10209 4114//10209 4113//10209
f 4113//10210 4114//10210 4156//10210
f 4114//10211 4175//10176 4156//10171
f 4098//10212 4141//10212 4115//10212
f 4098//10213 4197//10213 4141//10213
f 4141//10214 4127//10215 4115//10216
f 4115//10217 4102//10217 4099//10217
f 4100//10181 4128//10218 4102//10182
f 4128//10054 4143//10219 4102//10220
f 4116//10056 4159//10221 4201//10009
f 4075//10058 4131//10222 4117//10059
f 4075//10058 4687//10223 4131//10222
f 4077//10224 4118//10224 4132//10224
f 4077//10097 4132//10225 4104//10098
f 4104//10226 4132//10227 4147//10228
f 4078//10229 4147//10230 4181//10231
f 4066//10232 4133//10232 4134//10232
f 4066//10233 4134//10233 4080//10233
f 4080//10234 4134//10234 4210//10234
f 4107//9969 4189//10198 4149//10235
f 4069//9989 4091//10236 4150//10237
f 4092//10118 4136//10238 4091//10119
f 4092//10239 4137//10240 4136//10241
f 4038//9711 4171//10242 4071//10072
f 4071//10243 4171//10244 4139//10245
f 3915//9351 4225//10246 4153//9785
f 3915//9351 4224//10247 4225//10246
f 3915//9839 4095//9838 4224//10248
f 4125//10159 4196//10249 4126//10157
f 4112//10250 4154//9915 4155//10251
f 4082//10167 4155//10251 4140//10168
f 4112//10250 4155//10251 4082//10252
f 4101//10253 4127//10253 4142//10253
f 4021//9795 4101//10130 4218//10254
f 4099//10255 4102//10255 4143//10255
f 4128//10054 4103//10055 4143//10219
f 4129//10134 4144//10133 4158//10256
f 4130//10257 4145//10257 4116//10257
f 4117//10258 4131//10259 4177//10260
f 4687//10261 4146//10261 4131//10261
f 4118//10262 4180//10262 4132//10262
f 4119//10189 4148//10263 4105//10190
f 4119//10264 4088//10264 4148//10264
f 4064//10142 4165//10144 4088//10265
f 4210//10147 4250//10266 4165//10148
f 4135//10267 4121//10267 4188//10267
f 4123//9973 4108//10151 4169//10268
f 4069//9989 4150//10237 4094//10116
f 4136//10269 4150//10269 4091//10269
f 4150//10237 4269//10270 4094//10116
f 4094//10116 4269//10270 4309//10271
f 4124//9710 4194//10272 4038//9711
f 4038//10273 4194//10274 4171//10275
f 4125//10160 4226//10075 4196//10276
f 4111//10277 4154//10277 4112//10277
f 4140//10205 4258//10278 4228//10206
f 4097//10085 4021//10084 4216//10279
f 4127//10215 4141//10214 4142//10280
f 4085//10087 4157//10281 4044//9729
f 4099//10282 4157//10282 4085//10282
f 4099//10283 4143//10283 4157//10283
f 4129//10284 4158//10284 4130//10284
f 4116//10285 4145//10285 4159//10285
f 4078//9942 4243//10286 4076//10093
f 4132//10227 4204//10287 4147//10228
f 4105//10288 4148//10288 4162//10288
f 4088//10289 4163//10290 4148//10291
f 4088//10265 4165//10144 4163//10292
f 4089//9877 4164//10192 4120//10027
f 4133//10293 4208//10293 4134//10293
f 4134//10294 4208//10295 4184//10296
f 4134//10297 4184//10298 4210//10299
f 4121//10300 4122//10300 4166//10300
f 4106//10106 4135//10067 4188//10301
f 4188//10302 4306//10303 4106//10304
f 4211//10305 4167//10306 4122//10307
f 4108//10308 4168//10309 4169//10310
f 4070//9912 4137//10201 4093//10071
f 4054//9835 4309//10153 4152//9779
f 4109//10311 4172//10311 4138//10311
f 4109//10312 4173//10312 4172//10312
f 4153//9785 4225//10246 4154//9915
f 4174//10164 4096//10163 4156//10171
f 4043//9923 4228//9922 4197//10125
f 4097//10085 4216//10279 4175//10176
f 4141//10313 4197//10313 4217//10313
f 4141//10314 4217//10314 4142//10314
f 4101//10130 4142//10315 4218//10254
f 4044//9729 4274//10316 4144//10133
f 4130//10317 4158//10318 4145//10319
f 4158//10318 4176//10320 4145//10319
f 4159//10221 4242//10321 4201//10009
f 4176//10322 4178//10322 4145//10322
f 4131//10323 4160//10324 4177//10260
f 4160//10325 4131//10325 4146//10325
f 4160//10326 4146//10326 4161//10326
f 4146//10327 4243//10327 4161//10327
f 4117//10015 4180//10328 4118//10016
f 4132//10329 4203//10329 4204//10329
f 4078//10229 4181//10231 4243//10330
f 4147//10331 4204//10331 4182//10331
f 4105//10332 4162//10333 4221//10024
f 4089//9877 4183//10334 4164//10192
f 4165//10148 4250//10266 4231//10335
f 4133//10336 4164//10336 4208//10336
f 4121//10337 4166//10337 4186//10337
f 4166//10338 4122//10338 4167//10338
f 4167//10339 4185//10339 4166//10339
f 4106//10304 4306//10303 4189//10340
f 4149//10341 4189//10341 4191//10341
f 4149//10342 4191//10343 4168//10344
f 4149//10200 4168//10345 4108//10114
f 4150//10346 4170//10346 4215//10346
f 4170//10347 4150//10347 4136//10347
f 4137//10240 4233//10348 4136//10241
f 4139//10245 4171//10244 4109//10349
f 4109//10350 4171//10350 4173//10350
f 4140//10168 4155//10251 4258//10278
f 4218//10254 4237//10351 4021//9795
f 4142//10352 4217//10353 4218//10354
f 4143//10355 4198//10355 4157//10355
f 4143//10356 4199//10356 4198//10356
f 4103//10357 4199//10357 4143//10357
f 4158//10358 4144//10358 4200//10358
f 4176//10359 4200//10360 4202//10361
f 4161//10362 4176//10362 4202//10362
f 4145//10363 4179//10364 4159//10221
f 4161//10365 4202//10366 4160//10324
f 4176//10367 4161//10367 4178//10367
f 4178//10368 4179//10364 4145//10363
f 4177//10260 4328//10369 4117//10258
f 4161//10370 4243//10370 4178//10370
f 4178//10368 4243//10371 4179//10364
f 4132//10372 4180//10372 4203//10372
f 4243//10371 4181//10373 4246//10374
f 4181//10373 4263//10375 4246//10374
f 4204//10376 4220//10376 4182//10376
f 4147//10230 4182//10377 4181//10231
f 4220//10378 4222//10379 4182//10380
f 4182//10380 4222//10379 4181//10381
f 4162//10382 4148//10382 4206//10382
f 4148//10291 4163//10290 4206//10383
f 4221//10024 4247//10384 4089//10141
f 4208//10385 4164//10385 4207//10385
f 4208//10295 4187//10386 4184//10296
f 4184//10298 4187//10387 4210//10299
f 4166//10388 4185//10389 4186//10390
f 4121//10391 4186//10392 4188//10302
f 4185//10393 4167//10393 4187//10393
f 4167//10394 4223//10394 4187//10394
f 4191//10343 4213//10395 4168//10344
f 4169//10310 4168//10309 4192//10396
f 4168//10397 4213//10397 4214//10397
f 4168//10398 4214//10398 4192//10398
f 4170//10399 4136//10399 4212//10399
f 4212//10400 4136//10400 4193//10400
f 4193//10401 4136//10401 4233//10401
f 4070//9912 4151//9836 4137//10201
f 4124//9780 4152//9779 4194//10402
f 4138//10403 4172//10404 4255//10405
f 4110//10203 4126//10157 4195//10406
f 4126//10157 4196//10249 4195//10406
f 4226//10407 4235//10408 4196//10409
f 4197//10125 4229//10410 4217//10411
f 4021//9795 4237//10351 4216//10412
f 4217//10353 4236//10413 4218//10354
f 4157//10281 4219//10414 4044//9729
f 4157//10281 4198//10415 4219//10414
f 4103//10055 4241//10416 4199//10417
f 4144//10133 4240//10418 4200//10360
f 4158//10419 4200//10419 4176//10419
f 4160//10324 4202//10366 4177//10260
f 4117//10258 4328//10369 4180//10420
f 4204//10421 4203//10421 4220//10421
f 4162//10422 4205//10422 4244//10422
f 4205//10423 4162//10423 4206//10423
f 4205//10424 4206//10424 4220//10424
f 4220//10425 4206//10425 4222//10425
f 4222//10426 4206//10427 4163//10428
f 4164//10429 4183//10429 4207//10429
f 4207//10430 4209//10431 4208//10432
f 4187//10433 4208//10432 4209//10431
f 4185//10389 4209//10434 4186//10390
f 4209//10435 4185//10435 4187//10435
f 4210//10436 4187//10436 4223//10436
f 4167//10306 4285//10437 4223//10438
f 4188//10302 4303//10439 4306//10303
f 4167//10306 4211//10305 4285//10437
f 4189//10340 4268//10440 4190//10441
f 4189//10340 4190//10441 4191//10442
f 4123//9973 4169//10268 4232//10443
f 4191//10444 4190//10444 4213//10444
f 4190//10445 4212//10445 4213//10445
f 4213//10446 4212//10446 4193//10446
f 4213//10447 4193//10448 4214//10449
f 4212//10450 4215//10450 4170//10450
f 4214//10449 4193//10448 4233//10451
f 4215//10452 4269//10270 4150//10237
f 4138//10403 4255//10405 4270//10453
f 4138//10045 4270//10454 4151//9836
f 4171//10275 4194//10274 4271//10455
f 4171//10456 4271//10457 4173//10458
f 4173//10459 4234//10459 4172//10459
f 4095//9838 4195//10460 4224//10248
f 4110//10156 4195//10461 4095//9838
f 4174//10164 4381//10462 4227//10166
f 4197//10125 4228//9922 4229//10410
f 4218//10254 4236//10463 4259//10464
f 4044//9729 4219//10414 4274//10316
f 4198//10465 4199//10465 4230//10465
f 4201//10009 4241//10416 4103//10055
f 4242//10321 4241//10416 4201//10009
f 4180//10466 4245//10466 4203//10466
f 4203//10467 4245//10468 4244//10469
f 4203//10470 4244//10470 4220//10470
f 4089//9877 4247//10471 4183//10334
f 4247//10472 4265//10473 4183//10474
f 4183//10474 4265//10473 4207//10475
f 4232//10476 4287//10477 4211//10305
f 4123//9973 4232//10443 4211//10149
f 4190//10478 4252//10478 4212//10478
f 4192//10396 4308//10479 4169//10310
f 4214//10449 4308//10480 4192//10481
f 4212//10482 4252//10482 4215//10482
f 4173//10458 4271//10457 4234//10483
f 4154//9915 4225//10246 4257//10484
f 4175//10176 4216//10279 4156//10171
f 4156//10171 4216//10279 4174//10164
f 4217//10411 4229//10410 4236//10485
f 4218//10254 4259//10464 4237//10351
f 4198//10486 4230//10486 4219//10486
f 4200//10360 4240//10418 4276//10487
f 4200//10360 4276//10487 4202//10361
f 4159//10221 4260//10488 4242//10321
f 4243//10371 4297//10489 4179//10364
f 4328//10369 4277//10490 4180//10420
f 4246//10374 4278//10491 4243//10371
f 4220//10492 4244//10492 4205//10492
f 4181//10373 4317//10493 4263//10375
f 4162//10333 4280//10494 4221//10024
f 4222//10426 4163//10428 4317//10495
f 4221//10024 4264//10496 4247//10384
f 4163//10428 4165//10148 4282//10497
f 4231//10335 4282//10497 4165//10148
f 4210//10147 4251//10498 4250//10266
f 4210//10499 4223//10438 4251//10500
f 4188//10302 4320//10501 4303//10439
f 4211//10305 4287//10477 4285//10437
f 4306//10303 4268//10440 4189//10340
f 4190//10441 4268//10440 4252//10502
f 4233//10451 4323//10503 4214//10449
f 4151//9836 4343//10504 4137//10201
f 4152//9779 4253//10505 4194//10402
f 4255//10506 4254//10507 4270//10508
f 4172//10509 4234//10509 4255//10509
f 4196//10249 4256//10510 4195//10406
f 4154//9915 4257//10484 4155//10251
f 4155//10251 4257//10484 4258//10278
f 4229//10511 4482//10512 4289//10513
f 4230//10514 4199//10514 4238//10514
f 4238//10515 4199//10515 4239//10515
f 4144//10133 4274//10316 4240//10418
f 4179//10516 4297//10517 4260//10518
f 4179//10364 4260//10488 4159//10221
f 4202//10366 4328//10369 4177//10260
f 4263//10519 4262//10520 4261//10521
f 4162//10522 4244//10523 4280//10524
f 4221//10024 4280//10494 4264//10496
f 4231//10525 4250//10526 4248//10527
f 4207//10475 4265//10473 4302//10528
f 4250//10529 4267//10529 4248//10529
f 4207//10475 4302//10528 4249//10530
f 4251//10531 4267//10532 4250//10533
f 4209//10534 4249//10535 4186//10536
f 4223//10438 4285//10437 4251//10500
f 4169//10310 4308//10479 4232//10537
f 4214//10449 4355//10538 4308//10480
f 4215//10452 4252//10539 4269//10270
f 4137//10240 4323//10503 4233//10348
f 4137//10240 4343//10540 4323//10503
f 4269//10270 4438//10541 4309//10271
f 4151//9836 4270//10454 4343//10540
f 4152//9779 4309//10153 4253//10505
f 4196//10409 4235//10408 4256//10542
f 4228//10206 4258//10278 4441//10543
f 4228//10206 4482//10544 4229//10545
f 4290//10546 4291//10547 4259//10548
f 4259//10549 4291//10549 4237//10549
f 4237//10351 4291//10550 4292//10551
f 4230//10552 4272//10553 4219//10554
f 4199//10555 4293//10556 4239//10557
f 4199//10555 4241//10558 4339//10559
f 4180//10420 4277//10490 4245//10560
f 4246//10374 4263//10375 4261//10561
f 4263//10519 4317//10562 4262//10520
f 4181//10563 4222//10426 4317//10495
f 4163//10428 4282//10497 4377//10564
f 4264//10496 4281//10565 4247//10384
f 4247//10566 4281//10566 4265//10566
f 4281//10567 4301//10567 4248//10567
f 4231//10568 4301//10568 4282//10568
f 4231//10525 4248//10527 4301//10569
f 4281//10570 4266//10571 4265//10572
f 4281//10573 4248//10573 4266//10573
f 4248//10574 4267//10574 4266//10574
f 4188//10302 4186//10392 4320//10501
f 4285//10575 4304//10575 4251//10575
f 4306//10576 4307//10577 4268//10440
f 4232//10476 4288//10578 4287//10477
f 4254//10579 4337//10580 4270//10581
f 4271//10582 4344//10582 4234//10582
f 4255//10583 4234//10583 4310//10583
f 4225//10246 4224//10247 4338//10584
f 4226//10075 4227//10074 4357//10585
f 4346//10586 4357//10585 4227//10166
f 4236//10587 4229//10588 4289//10589
f 4236//10587 4289//10589 4290//10590
f 4236//10463 4290//10591 4259//10464
f 4290//10546 4273//10592 4291//10547
f 4272//10593 4230//10593 4238//10593
f 4272//10594 4238//10595 4273//10596
f 4219//10414 4359//10597 4274//10316
f 4273//10596 4238//10595 4239//10598
f 4239//10557 4275//10599 4273//10600
f 4239//10557 4293//10556 4275//10599
f 4274//10601 4324//10602 4240//10603
f 4241//10416 4242//10321 4313//10604
f 4242//10321 4260//10488 4295//10605
f 4202//10361 4276//10487 4326//10606
f 4202//10366 4326//10607 4328//10369
f 4243//10371 4278//10491 4297//10489
f 4328//10608 4329//10609 4277//10610
f 4329//10611 4298//10611 4277//10611
f 4298//10612 4279//10612 4277//10612
f 4298//10613 4261//10614 4279//10615
f 4299//10616 4261//10614 4298//10613
f 4246//10617 4299//10617 4278//10617
f 4277//10618 4279//10618 4245//10618
f 4246//10619 4261//10619 4299//10619
f 4261//10620 4262//10620 4279//10620
f 4244//10523 4330//10621 4280//10524
f 4264//10622 4333//10623 4281//10624
f 4333//10625 4301//10626 4281//10627
f 4265//10628 4283//10628 4302//10628
f 4265//10629 4284//10629 4283//10629
f 4265//10572 4266//10571 4284//10630
f 4266//10631 4267//10631 4284//10631
f 4303//10439 4305//10632 4306//10303
f 4287//10633 4321//10633 4285//10633
f 4287//10634 4288//10634 4286//10634
f 4253//10505 4423//10635 4194//10402
f 4194//10274 4344//10636 4271//10455
f 4234//10637 4344//10638 4310//10639
f 4255//10506 4310//10640 4254//10507
f 4256//10510 4311//10641 4195//10406
f 4226//10075 4357//10585 4235//10642
f 4237//10351 4292//10551 4216//10412
f 4289//10643 4358//10643 4273//10643
f 4289//10644 4273//10644 4290//10644
f 4358//10645 4272//10646 4273//10647
f 4272//10553 4359//10648 4219//10554
f 4291//10649 4273//10600 4275//10599
f 4291//10650 4275//10650 4292//10650
f 4199//10555 4339//10559 4293//10556
f 4324//10651 4312//10651 4240//10651
f 4240//10652 4294//10653 4276//10654
f 4312//10655 4294//10655 4240//10655
f 4312//10656 4313//10656 4294//10656
f 4325//10657 4313//10658 4312//10659
f 4294//10660 4313//10661 4295//10662
f 4241//10558 4313//10663 4339//10559
f 4242//10321 4295//10605 4313//10664
f 4295//10665 4260//10666 4296//10667
f 4260//10518 4297//10517 4296//10668
f 4329//10669 4299//10669 4298//10669
f 4329//10670 4315//10670 4299//10670
f 4299//10671 4315//10671 4278//10671
f 4245//10672 4279//10672 4300//10672
f 4279//10673 4262//10673 4300//10673
f 4262//10674 4331//10674 4300//10674
f 4317//10675 4331//10675 4262//10675
f 4282//10676 4301//10676 4342//10676
f 4284//10677 4318//10677 4283//10677
f 4267//10678 4318//10678 4284//10678
f 4267//10679 4319//10679 4318//10679
f 4267//10532 4251//10531 4319//10680
f 4186//10536 4249//10535 4320//10681
f 4251//10682 4304//10683 4379//10684
f 4335//10685 4321//10685 4303//10685
f 4303//10686 4286//10686 4305//10686
f 4321//10687 4286//10687 4303//10687
f 4285//10688 4321//10688 4304//10688
f 4305//10689 4286//10689 4288//10689
f 4287//10690 4286//10690 4321//10690
f 4306//10691 4305//10691 4322//10691
f 4306//10576 4322//10692 4307//10577
f 4288//10693 4336//10693 4305//10693
f 4232//10694 4336//10694 4288//10694
f 4214//10449 4323//10503 4355//10538
f 4195//10406 4311//10641 4224//10695
f 4227//10166 4381//10462 4346//10586
f 4174//10164 4371//10696 4381//10462
f 4174//10164 4216//10279 4371//10696
f 4272//10646 4358//10645 4359//10697
f 4324//10698 4325//10657 4312//10659
f 4276//10654 4294//10653 4314//10699
f 4294//10660 4295//10662 4314//10700
f 4295//10665 4296//10667 4314//10701
f 4297//10517 4327//10702 4296//10668
f 4278//10491 4361//10703 4297//10489
f 4278//10704 4315//10704 4362//10704
f 4245//10705 4300//10705 4316//10705
f 4300//10706 4331//10706 4316//10706
f 4244//10469 4245//10468 4330//10707
f 4245//10708 4316//10708 4330//10708
f 4317//10495 4332//10709 4331//10710
f 4163//10428 4377//10564 4317//10495
f 4282//10497 4342//10711 4377//10564
f 4283//10712 4334//10712 4302//10712
f 4283//10713 4318//10713 4334//10713
f 4320//10714 4335//10714 4303//10714
f 4304//10715 4321//10715 4351//10715
f 4305//10716 4336//10717 4322//10718
f 4307//10577 4352//10719 4268//10440
f 4232//10537 4308//10479 4336//10720
f 4252//10502 4268//10440 4392//10721
f 4252//10539 4392//10722 4269//10270
f 4270//10454 4337//10723 4368//10724
f 4194//10725 4423//10635 4344//10726
f 4235//10642 4370//10727 4256//10728
f 4225//10246 4356//10729 4257//10484
f 4228//10206 4441//10543 4482//10544
f 4275//10730 4293//10556 4347//10731
f 4325//10657 4349//10732 4313//10658
f 4313//10733 4349//10733 4339//10733
f 4296//10734 4340//10734 4314//10734
f 4296//10735 4327//10736 4340//10737
f 4297//10738 4361//10738 4327//10738
f 4328//10739 4458//10740 4410//10741
f 4278//10491 4362//10742 4361//10703
f 4315//10743 4385//10743 4362//10743
f 4331//10744 4341//10744 4316//10744
f 4331//10745 4332//10745 4341//10745
f 4301//10626 4333//10625 4342//10746
f 4302//10528 4365//10747 4249//10530
f 4302//10748 4334//10748 4365//10748
f 4251//10682 4379//10684 4319//10749
f 4321//10750 4335//10750 4351//10750
f 4307//10577 4322//10692 4352//10751
f 4310//10639 4344//10638 4345//10752
f 4310//10753 4345//10753 4254//10753
f 4224//10695 4311//10641 4338//10754
f 4225//10246 4338//10584 4393//10755
f 4235//10642 4357//10585 4370//10727
f 4289//10513 4482//10512 4358//10756
f 4292//10551 4396//10757 4216//10412
f 4275//10730 4347//10731 4292//10551
f 4339//10559 4383//10758 4293//10556
f 4276//10759 4314//10759 4326//10759
f 4315//10760 4329//10760 4385//10760
f 4329//10609 4328//10608 4385//10761
f 4316//10762 4350//10763 4330//10764
f 4330//10765 4363//10765 4280//10765
f 4341//10766 4350//10766 4316//10766
f 4317//10495 4401//10767 4332//10709
f 4333//10623 4264//10622 4375//10768
f 4333//10769 4375//10769 4342//10769
f 4249//10535 4365//10770 4320//10681
f 4318//10771 4319//10771 4366//10771
f 4320//10772 4388//10772 4335//10772
f 4304//10773 4351//10773 4380//10773
f 4322//10774 4353//10774 4352//10774
f 4322//10718 4336//10717 4353//10775
f 4336//10776 4308//10776 4354//10776
f 4270//10454 4422//10777 4343//10540
f 4225//10246 4393//10755 4356//10729
f 4257//10484 4356//10729 4441//10543
f 4358//10778 4395//10779 4359//10780
f 4274//10601 4348//10781 4324//10602
f 4324//10698 4348//10782 4325//10657
f 4325//10783 4348//10783 4349//10783
f 4349//10784 4348//10784 4372//10784
f 4349//10785 4372//10785 4339//10785
f 4339//10559 4372//10786 4383//10758
f 4314//10787 4360//10787 4326//10787
f 4340//10788 4360//10788 4314//10788
f 4340//10737 4327//10736 4360//10789
f 4328//10790 4410//10791 4385//10792
f 4362//10793 4412//10793 4361//10793
f 4341//10794 4364//10794 4350//10794
f 4341//10795 4332//10795 4364//10795
f 4280//10796 4386//10796 4264//10796
f 4264//10797 4386//10797 4375//10797
f 4377//10564 4401//10767 4317//10495
f 4342//10798 4375//10799 4376//10800
f 4342//10801 4376//10802 4377//10803
f 4334//10804 4366//10804 4365//10804
f 4318//10805 4366//10805 4334//10805
f 4320//10681 4365//10770 4388//10806
f 4335//10807 4388//10808 4351//10809
f 4379//10684 4304//10683 4367//10810
f 4304//10811 4380//10811 4367//10811
f 4336//10812 4354//10812 4353//10812
f 4308//10480 4355//10538 4354//10813
f 4323//10503 4473//10814 4408//10815
f 4337//10816 4369//10816 4368//10816
f 4254//10817 4345//10817 4369//10817
f 4254//10579 4369//10818 4337//10580
f 4258//10278 4257//10484 4441//10543
f 4396//10757 4465//10819 4216//10412
f 4358//10778 4482//10544 4395//10779
f 4292//10551 4347//10731 4396//10757
f 4274//10820 4428//10820 4348//10820
f 4383//10758 4430//10821 4293//10556
f 4328//10739 4326//10822 4458//10740
f 4361//10823 4373//10823 4327//10823
f 4350//10763 4363//10824 4330//10764
f 4350//10825 4374//10825 4363//10825
f 4350//10826 4364//10826 4374//10826
f 4280//10827 4413//10828 4386//10829
f 4319//10830 4379//10830 4378//10830
f 4351//10809 4388//10808 4418//10831
f 4351//10832 4418//10832 4380//10832
f 4367//10810 4405//10833 4379//10684
f 4268//10440 4352//10719 4392//10721
f 4392//10722 4421//10834 4269//10270
f 4343//10540 4473//10814 4323//10503
f 4344//10638 4426//10835 4345//10752
f 4345//10836 4426//10836 4369//10836
f 4256//10728 4370//10727 4311//10837
f 4357//10585 4346//10586 4370//10727
f 4326//10838 4360//10839 4397//10840
f 4327//10841 4373//10841 4360//10841
f 4361//10842 4412//10843 4373//10844
f 4385//10845 4411//10845 4362//10845
f 4362//10846 4411//10846 4398//10846
f 4362//10847 4398//10848 4412//10849
f 4363//10850 4413//10850 4280//10850
f 4377//10851 4400//10851 4401//10851
f 4319//10852 4387//10852 4366//10852
f 4319//10853 4378//10853 4387//10853
f 4367//10854 4380//10854 4405//10854
f 4352//10855 4389//10856 4462//10857
f 4353//10858 4389//10859 4352//10860
f 4353//10858 4390//10861 4389//10859
f 4354//10862 4390//10862 4353//10862
f 4352//10863 4462//10863 4392//10863
f 4354//10864 4407//10864 4391//10864
f 4355//10538 4407//10865 4354//10866
f 4323//10503 4408//10815 4355//10538
f 4309//10271 4438//10541 4487//10867
f 4309//10153 4487//10867 4253//10505
f 4344//10726 4423//10635 4426//10868
f 4369//10869 4425//10869 4368//10869
f 4369//10870 4426//10870 4425//10870
f 4338//10584 4311//10871 4393//10755
f 4216//10279 4465//10872 4371//10696
f 4348//10873 4427//10873 4372//10873
f 4427//10874 4382//10875 4372//10876
f 4360//10839 4384//10877 4397//10840
f 4373//10878 4384//10878 4360//10878
f 4364//10879 4414//10879 4374//10879
f 4364//10880 4332//10881 4414//10882
f 4386//10829 4413//10828 4415//10883
f 4376//10800 4375//10799 4399//10884
f 4377//10803 4376//10802 4400//10885
f 4366//10886 4387//10886 4365//10886
f 4365//10887 4436//10888 4388//10808
f 4379//10889 4403//10890 4378//10891
f 4380//10892 4418//10893 4404//10894
f 4380//10895 4404//10895 4405//10895
f 4404//10896 4419//10896 4405//10896
f 4390//10897 4354//10897 4391//10897
f 4269//10270 4421//10834 4438//10541
f 4343//10540 4422//10777 4473//10814
f 4270//10454 4368//10724 4422//10777
f 4311//10898 4394//10898 4393//10898
f 4370//10899 4394//10899 4311//10899
f 4274//10316 4359//10597 4428//10900
f 4348//10901 4428//10901 4427//10901
f 4372//10902 4382//10902 4383//10902
f 4382//10903 4430//10821 4383//10758
f 4326//10904 4397//10904 4458//10904
f 4397//10905 4444//10906 4458//10907
f 4373//10844 4409//10908 4384//10909
f 4385//10792 4410//10791 4411//10910
f 4363//10911 4374//10912 4433//10913
f 4386//10914 4415//10914 4375//10914
f 4375//10915 4415//10916 4399//10917
f 4376//10918 4399//10919 4400//10920
f 4399//10919 4435//10921 4400//10920
f 4400//10922 4435//10922 4401//10922
f 4387//10923 4417//10923 4365//10923
f 4402//10924 4387//10925 4378//10926
f 4388//10808 4436//10888 4418//10831
f 4405//10833 4420//10927 4379//10684
f 4405//10928 4419//10929 4420//10930
f 4390//10931 4406//10931 4389//10931
f 4406//10932 4390//10932 4391//10932
f 4422//10933 4368//10934 4424//10935
f 4490//10936 4423//10635 4253//10505
f 4347//10731 4484//10937 4396//10757
f 4382//10875 4427//10874 4429//10938
f 4382//10939 4429//10939 4430//10939
f 4384//10877 4431//10940 4397//10840
f 4384//10941 4432//10941 4431//10941
f 4384//10942 4409//10943 4432//10944
f 4398//10945 4411//10946 4446//10947
f 4398//10848 4447//10948 4412//10849
f 4412//10949 4447//10950 4460//10951
f 4374//10912 4449//10952 4433//10913
f 4414//10882 4449//10953 4374//10954
f 4415//10916 4434//10955 4399//10917
f 4399//10956 4434//10956 4435//10956
f 4387//10957 4402//10957 4417//10957
f 4416//10958 4402//10958 4434//10958
f 4402//10924 4378//10926 4434//10959
f 4434//10960 4378//10960 4403//10960
f 4434//10961 4403//10961 4435//10961
f 4365//10962 4417//10963 4436//10964
f 4379//10684 4486//10965 4472//10966
f 4404//10894 4418//10893 4437//10967
f 4404//10968 4437//10968 4419//10968
f 4437//10969 4406//10969 4419//10969
f 4406//10970 4391//10970 4419//10970
f 4419//10929 4391//10971 4407//10972
f 4419//10929 4407//10972 4420//10930
f 4462//10857 4508//10973 4392//10722
f 4407//10974 4452//10975 4420//10927
f 4407//10976 4408//10815 4452//10975
f 4355//10538 4408//10815 4407//10865
f 4368//10977 4425//10977 4439//10977
f 4368//10934 4439//10978 4424//10935
f 4393//10755 4463//10979 4356//10729
f 4381//10462 4371//10696 4442//10980
f 4428//10981 4443//10981 4427//10981
f 4429//10982 4455//10982 4430//10982
f 4397//10840 4431//10940 4444//10983
f 4409//10943 4468//10984 4432//10944
f 4410//10741 4458//10740 4467//10985
f 4411//10986 4410//10986 4446//10986
f 4398//10945 4446//10947 4447//10987
f 4460//10951 4489//10988 4412//10949
f 4433//10989 4471//10990 4363//10991
f 4415//10992 4413//10992 4416//10992
f 4415//10993 4416//10993 4434//10993
f 4435//10994 4472//10995 4401//10767
f 4435//10994 4403//10890 4472//10995
f 4403//10890 4379//10889 4472//10995
f 4420//10927 4486//10965 4379//10684
f 4437//10996 4461//10996 4406//10996
f 4389//10856 4461//10997 4462//10857
f 4406//10998 4461//10998 4389//10998
f 4426//10868 4423//10635 4479//10999
f 4426//11000 4479//11000 4425//11000
f 4425//11001 4479//11001 4439//11001
f 4394//11002 4440//11002 4393//11002
f 4394//11003 4370//11003 4440//11003
f 4346//10586 4488//11004 4370//10727
f 4381//10462 4488//11004 4346//10586
f 4428//10900 4359//10597 4443//11005
f 4427//10874 4443//11006 4429//10938
f 4429//11007 4443//11007 4454//11007
f 4429//11008 4454//11008 4455//11008
f 4293//10556 4430//10821 4457//11009
f 4430//11010 4455//11010 4457//11010
f 4445//11011 4431//11012 4432//11013
f 4468//11014 4456//11014 4432//11014
f 4410//11015 4467//11015 4446//11015
f 4412//10843 4409//10908 4373//10844
f 4446//11016 4459//11017 4447//11018
f 4459//11017 4469//11019 4447//11018
f 4469//11019 4450//11020 4447//11018
f 4447//11021 4450//11022 4460//10951
f 4470//11023 4433//10913 4449//10952
f 4470//11024 4449//11024 4448//11024
f 4363//11025 4480//11026 4413//11027
f 4448//11028 4449//11029 4450//11030
f 4449//10953 4414//10882 4450//11031
f 4332//10881 4472//10966 4414//10882
f 4416//11032 4413//11032 4451//11032
f 4401//10767 4472//10995 4332//10709
f 4416//11033 4451//11033 4402//11033
f 4402//11034 4451//11034 4417//11034
f 4418//11035 4436//11035 4437//11035
f 4437//11036 4436//10964 4461//10997
f 4253//10505 4487//10867 4490//10936
f 4424//10935 4476//11037 4422//10933
f 4424//10935 4439//11038 4453//11039
f 4439//11040 4479//11041 4474//11042
f 4393//10755 4440//11043 4463//10979
f 4370//11044 4477//11044 4440//11044
f 4381//10462 4442//10980 4488//11004
f 4441//10543 4483//11045 4482//10544
f 4396//10757 4484//10937 4465//10819
f 4347//10731 4485//11046 4484//10937
f 4293//10556 4485//11046 4347//10731
f 4443//11047 4475//11047 4454//11047
f 4454//11048 4475//11048 4445//11048
f 4445//11049 4456//11049 4454//11049
f 4445//11011 4466//11050 4431//11012
f 4445//11051 4432//11051 4456//11051
f 4454//11052 4456//11052 4455//11052
f 4456//11053 4468//11053 4455//11053
f 4455//11054 4468//11054 4457//11054
f 4446//11055 4467//11055 4459//11055
f 4459//11056 4467//11056 4469//11056
f 4412//10949 4489//10988 4409//11057
f 4433//10989 4470//11058 4471//10990
f 4470//11059 4448//11059 4469//11059
f 4469//11060 4448//11028 4450//11030
f 4363//10991 4471//10990 4480//11026
f 4451//11061 4480//11026 4512//11062
f 4438//10541 4421//10834 4497//11063
f 4439//11064 4474//11064 4453//11064
f 4463//10979 4464//11065 4356//10729
f 4370//11066 4488//11004 4477//11067
f 4443//11005 4359//10597 4475//11068
f 4445//11069 4475//11070 4466//11071
f 4431//11072 4466//11071 4444//11073
f 4469//11074 4495//11074 4470//11074
f 4473//10814 4478//11075 4408//10815
f 4438//10541 4497//11063 4487//10867
f 4422//11076 4476//11077 4491//11078
f 4422//10777 4491//11079 4473//10814
f 4453//11039 4476//11037 4424//10935
f 4423//10635 4490//10936 4479//10999
f 4371//10696 4465//10872 4442//10980
f 4359//10780 4539//11080 4475//11081
f 4457//11009 4545//11082 4293//10556
f 4458//10907 4444//10906 4495//11083
f 4458//10740 4495//11084 4467//10985
f 4413//11027 4480//11026 4451//11061
f 4417//11085 4451//11061 4512//11062
f 4513//11086 4436//10964 4417//10963
f 4436//10964 4513//11086 4461//10997
f 4462//10857 4461//10997 4508//10973
f 4392//10722 4508//10973 4421//10834
f 4492//11087 4479//11088 4490//11089
f 4453//11090 4474//11090 4481//11090
f 4356//10729 4464//11065 4441//10543
f 4441//10543 4506//11091 4483//11045
f 4468//11092 4523//11093 4457//11094
f 4470//11058 4495//11095 4471//10990
f 4460//10951 4450//11022 4507//11096
f 4472//10966 4501//11097 4414//10882
f 4452//10975 4486//10965 4420//10927
f 4453//11098 4481//11098 4476//11098
f 4474//11042 4479//11041 4492//11099
f 4463//11100 4440//11100 4498//11100
f 4440//11101 4477//11101 4498//11101
f 4488//11004 4499//11102 4477//11067
f 4441//10543 4464//11065 4506//11103
f 4359//10780 4395//10779 4539//11080
f 4466//11071 4475//11070 4544//11104
f 4466//11071 4544//11104 4444//11073
f 4468//11092 4409//11105 4489//11106
f 4489//10988 4460//10951 4507//11096
f 4450//11031 4414//10882 4507//11096
f 4480//11026 4511//11107 4512//11062
f 4452//10975 4408//10815 4515//11108
f 4474//11042 4492//11099 4481//11109
f 4463//10979 4498//11110 4464//11065
f 4477//11111 4494//11112 4498//11113
f 4499//11114 4494//11114 4477//11114
f 4482//10544 4500//11115 4395//10779
f 4293//10556 4545//11082 4485//11046
f 4468//11092 4489//11106 4523//11093
f 4495//11083 4444//10906 4528//11116
f 4471//10990 4496//11117 4480//11026
f 4417//10963 4530//11118 4513//11086
f 4452//10975 4531//11119 4486//10965
f 4508//10973 4514//11120 4421//10834
f 4421//10834 4514//11120 4497//11063
f 4408//10815 4478//11075 4515//11108
f 4473//10814 4502//11121 4478//11075
f 4473//10814 4491//11079 4502//11121
f 4481//11122 4492//11122 4493//11122
f 4457//11009 4523//11093 4545//11082
f 4495//11095 4496//11117 4471//10990
f 4512//11062 4530//11118 4417//11085
f 4513//11086 4508//10973 4461//10997
f 4491//11078 4476//11077 4509//11123
f 4490//11089 4493//11124 4492//11087
f 4503//11125 4493//11126 4490//11127
f 4481//11128 4504//11129 4476//11130
f 4481//11128 4493//11131 4504//11129
f 4488//11004 4521//11132 4499//11102
f 4442//10980 4522//11133 4488//11004
f 4442//10980 4465//10872 4536//11134
f 4484//10937 4527//11135 4465//10819
f 4475//11081 4539//11080 4544//11104
f 4495//11083 4528//11116 4496//11117
f 4414//10882 4501//11097 4507//11096
f 4508//10973 4513//11086 4559//11136
f 4452//10975 4515//11108 4531//11119
f 4514//11120 4487//10867 4497//11063
f 4493//11126 4503//11125 4504//11137
f 4488//11004 4522//11133 4521//11132
f 4482//10544 4483//11045 4500//11115
f 4395//10779 4500//11115 4561//11138
f 4490//11127 4518//11139 4503//11125
f 4476//11140 4504//11140 4509//11140
f 4464//11141 4498//11141 4505//11141
f 4498//11113 4494//11112 4505//11142
f 4527//11135 4536//11143 4465//10819
f 4484//10937 4538//11144 4527//11135
f 4444//11073 4544//11104 4528//11116
f 4514//11120 4532//11145 4487//10867
f 4532//11145 4518//11146 4487//10867
f 4490//10936 4487//10867 4518//11146
f 4509//11147 4510//11148 4491//11079
f 4504//11149 4503//11149 4517//11149
f 4504//11150 4517//11150 4509//11150
f 4464//11065 4505//11151 4506//11103
f 4521//11152 4494//11153 4499//11154
f 4395//10779 4561//11138 4539//11080
f 4484//10937 4485//11046 4538//11144
f 4486//10965 4524//11155 4472//10966
f 4491//11079 4510//11148 4516//11156
f 4509//11157 4517//11157 4510//11157
f 4506//11091 4535//11158 4483//11045
f 4442//10980 4536//11134 4522//11133
f 4500//11115 4483//11045 4548//11159
f 4507//11096 4529//11160 4489//10988
f 4496//11117 4557//11161 4511//11107
f 4480//11026 4496//11117 4511//11107
f 4530//11118 4559//11136 4513//11086
f 4486//10965 4531//11119 4524//11155
f 4491//11079 4516//11156 4502//11121
f 4506//11091 4505//11162 4520//11163
f 4505//11142 4494//11112 4520//11164
f 4472//10966 4524//11155 4501//11097
f 4531//11119 4515//11108 4540//11165
f 4518//11139 4525//11166 4503//11125
f 4517//11167 4503//11167 4525//11167
f 4517//11168 4525//11168 4510//11168
f 4510//11148 4519//11169 4516//11156
f 4521//11152 4526//11170 4494//11153
f 4527//11135 4542//11171 4536//11172
f 4485//11046 4543//11173 4538//11144
f 4485//11046 4545//11082 4543//11173
f 4496//11117 4528//11116 4557//11161
f 4507//11096 4501//11097 4529//11160
f 4508//10973 4572//11174 4514//11120
f 4518//11146 4532//11145 4525//11175
f 4510//11176 4525//11176 4519//11176
f 4506//11091 4520//11163 4535//11158
f 4494//11177 4526//11177 4520//11177
f 4483//11045 4535//11158 4548//11159
f 4545//11082 4523//11093 4549//11178
f 4501//11097 4524//11155 4558//11179
f 4508//10973 4559//11136 4572//11174
f 4533//11180 4478//11075 4502//11121
f 4532//11181 4534//11181 4525//11181
f 4502//11121 4516//11156 4533//11182
f 4534//11183 4553//11184 4525//11185
f 4519//11186 4525//11186 4553//11186
f 4521//11152 4556//11187 4526//11170
f 4522//11188 4556//11188 4521//11188
f 4536//11134 4537//11189 4522//11133
f 4500//11115 4548//11159 4561//11138
f 4489//11106 4549//11178 4523//11093
f 4511//11107 4557//11161 4530//11118
f 4531//11119 4550//11190 4524//11155
f 4533//11180 4547//11191 4478//11075
f 4519//11192 4553//11192 4516//11192
f 4516//11193 4553//11193 4541//11193
f 4522//11194 4537//11195 4556//11196
f 4542//11171 4537//11195 4536//11172
f 4489//11106 4571//11197 4549//11178
f 4512//11062 4511//11107 4530//11118
f 4540//11165 4550//11190 4531//11119
f 4478//11075 4547//11191 4551//11198
f 4533//11199 4552//11199 4547//11199
f 4516//11200 4552//11200 4533//11200
f 4527//11135 4538//11144 4542//11171
f 4538//11201 4564//11202 4542//11203
f 4543//11173 4575//11204 4538//11144
f 4544//11104 4565//11205 4528//11116
f 4489//10988 4529//11160 4571//11206
f 4501//11097 4546//11207 4529//11160
f 4559//11136 4530//11118 4581//11208
f 4572//11174 4573//11209 4514//11120
f 4515//11108 4478//11075 4551//11198
f 4516//11210 4541//11210 4552//11210
f 4556//11187 4555//11211 4526//11170
f 4501//11097 4558//11179 4546//11207
f 4547//11212 4563//11212 4551//11212
f 4568//11213 4553//11184 4534//11183
f 4568//11214 4552//11214 4553//11214
f 4541//11215 4553//11215 4552//11215
f 4520//11216 4554//11216 4535//11216
f 4520//11217 4526//11217 4554//11217
f 4535//11158 4554//11218 4548//11159
f 4526//11219 4555//11219 4554//11219
f 4548//11159 4574//11220 4561//11138
f 4537//11195 4542//11171 4556//11196
f 4539//11080 4565//11205 4544//11104
f 4528//11116 4565//11205 4570//11221
f 4529//11160 4546//11207 4580//11222
f 4524//11155 4550//11190 4558//11179
f 4514//11120 4573//11209 4532//11145
f 4532//11145 4588//11223 4534//11224
f 4588//11225 4568//11213 4534//11183
f 4552//11226 4560//11227 4547//11228
f 4552//11226 4568//11229 4560//11227
f 4542//11230 4555//11211 4556//11187
f 4608//11231 4565//11205 4539//11080
f 4545//11082 4566//11232 4543//11173
f 4530//11118 4557//11161 4610//11233
f 4515//11108 4551//11198 4540//11165
f 4540//11165 4551//11234 4567//11235
f 4547//11236 4560//11236 4563//11236
f 4560//11237 4568//11237 4562//11237
f 4548//11238 4554//11238 4569//11238
f 4554//11239 4555//11239 4569//11239
f 4538//11201 4575//11240 4564//11202
f 4549//11178 4566//11232 4545//11082
f 4597//11241 4566//11232 4549//11178
f 4558//11179 4582//11242 4546//11207
f 4560//11243 4562//11243 4563//11243
f 4542//11244 4578//11244 4555//11244
f 4542//11203 4564//11202 4586//11245
f 4530//11118 4610//11233 4581//11208
f 4558//11179 4550//11190 4582//11242
f 4573//11209 4588//11223 4532//11145
f 4588//11225 4584//11246 4568//11213
f 4562//11247 4568//11247 4584//11247
f 4548//11248 4569//11249 4574//11250
f 4574//11220 4592//11251 4561//11138
f 4542//11203 4586//11245 4578//11252
f 4561//11138 4592//11253 4615//11254
f 4561//11138 4608//11231 4539//11080
f 4543//11173 4566//11232 4575//11204
f 4608//11231 4604//11255 4565//11205
f 4571//11197 4597//11241 4549//11178
f 4528//11116 4570//11221 4557//11161
f 4529//11160 4580//11222 4571//11206
f 4540//11165 4605//11256 4550//11190
f 4583//11257 4567//11235 4551//11234
f 4578//11258 4594//11258 4555//11258
f 4571//11197 4646//11259 4597//11241
f 4580//11222 4646//11259 4571//11197
f 4581//11208 4590//11260 4559//11136
f 4551//11234 4576//11261 4583//11257
f 4563//11262 4576//11261 4551//11234
f 4563//11263 4589//11263 4576//11263
f 4562//11264 4584//11264 4563//11264
f 4569//11265 4555//11265 4577//11265
f 4555//11266 4594//11266 4577//11266
f 4561//11138 4615//11254 4608//11231
f 4546//11207 4599//11267 4580//11222
f 4572//11174 4591//11268 4573//11209
f 4583//11257 4587//11269 4567//11235
f 4576//11270 4601//11270 4583//11270
f 4563//11271 4584//11271 4589//11271
f 4574//11220 4585//11272 4592//11251
f 4574//11273 4577//11273 4585//11273
f 4569//11249 4577//11274 4574//11250
f 4586//11275 4594//11275 4578//11275
f 4586//11276 4596//11277 4594//11278
f 4564//11202 4609//11279 4586//11245
f 4564//11202 4575//11240 4609//11279
f 4565//11205 4604//11255 4570//11221
f 4570//11221 4604//11255 4579//11280
f 4570//11221 4579//11280 4557//11161
f 4572//11174 4559//11136 4590//11260
f 4567//11235 4605//11256 4540//11165
f 4572//11174 4590//11260 4591//11268
f 4591//11268 4600//11281 4588//11223
f 4583//11257 4601//11282 4587//11269
f 4600//11283 4589//11283 4588//11283
f 4576//11284 4589//11284 4601//11284
f 4584//11246 4588//11225 4589//11285
f 4592//11253 4602//11286 4615//11254
f 4586//11287 4609//11287 4603//11287
f 4582//11242 4599//11267 4546//11207
f 4587//11269 4606//11288 4567//11235
f 4589//11289 4600//11289 4601//11289
f 4585//11272 4593//11290 4592//11251
f 4585//11291 4577//11291 4593//11291
f 4593//11292 4594//11293 4595//11294
f 4577//11295 4594//11295 4593//11295
f 4594//11278 4596//11277 4595//11296
f 4603//11297 4596//11297 4586//11297
f 4608//11231 4630//11298 4604//11255
f 4566//11232 4597//11241 4575//11204
f 4646//11259 4580//11222 4632//11299
f 4610//11233 4557//11161 4598//11300
f 4550//11190 4623//11301 4582//11242
f 4567//11235 4606//11288 4605//11256
f 4587//11302 4612//11302 4606//11302
f 4591//11268 4619//11303 4600//11281
f 4619//11304 4601//11304 4600//11304
f 4601//11305 4607//11305 4587//11305
f 4592//11253 4593//11306 4602//11286
f 4603//11307 4595//11307 4596//11307
f 4609//11279 4575//11240 4622//11308
f 4580//11222 4599//11267 4632//11299
f 4557//11161 4638//11309 4598//11300
f 4606//11310 4612//11310 4618//11310
f 4587//11311 4607//11311 4612//11311
f 4601//11312 4619//11312 4607//11312
f 4602//11313 4595//11314 4613//11315
f 4593//11292 4595//11294 4602//11316
f 4595//11314 4616//11317 4613//11315
f 4603//11318 4617//11318 4595//11318
f 4609//11319 4617//11319 4603//11319
f 4610//11233 4647//11320 4634//11321
f 4610//11233 4634//11322 4581//11208
f 4550//11190 4605//11256 4623//11301
f 4606//11288 4625//11323 4605//11256
f 4606//11324 4627//11325 4611//11326
f 4626//11327 4619//11303 4591//11268
f 4607//11328 4620//11329 4612//11330
f 4620//11331 4607//11331 4619//11331
f 4602//11332 4613//11332 4614//11332
f 4617//11333 4616//11333 4595//11333
f 4617//11334 4621//11335 4616//11336
f 4575//11240 4631//11337 4622//11308
f 4575//11204 4597//11241 4631//11338
f 4582//11242 4633//11339 4599//11267
f 4623//11301 4633//11339 4582//11242
f 4590//11260 4581//11208 4634//11322
f 4625//11323 4624//11340 4605//11256
f 4606//11341 4611//11341 4625//11341
f 4591//11268 4590//11260 4635//11342
f 4635//11342 4626//11343 4591//11268
f 4606//11344 4618//11345 4627//11346
f 4626//11327 4620//11347 4619//11303
f 4626//11348 4618//11348 4620//11348
f 4612//11330 4620//11329 4618//11349
f 4602//11286 4614//11350 4615//11254
f 4613//11351 4616//11336 4614//11352
f 4608//11231 4615//11254 4630//11298
f 4609//11353 4621//11354 4617//11355
f 4622//11356 4636//11356 4621//11356
f 4609//11353 4622//11357 4621//11354
f 4598//11300 4647//11320 4610//11233
f 4605//11256 4639//11358 4623//11301
f 4634//11322 4635//11342 4590//11260
f 4635//11359 4642//11359 4626//11359
f 4642//11360 4627//11360 4626//11360
f 4618//11345 4626//11361 4627//11346
f 4615//11254 4628//11362 4630//11298
f 4615//11363 4629//11363 4628//11363
f 4614//11364 4629//11364 4615//11364
f 4614//11365 4621//11365 4629//11365
f 4616//11336 4621//11335 4614//11352
f 4622//11308 4631//11337 4636//11366
f 4634//11321 4647//11320 4653//11367
f 4605//11256 4624//11340 4639//11358
f 4624//11368 4625//11368 4640//11368
f 4636//11369 4629//11369 4621//11369
f 4636//11370 4644//11370 4629//11370
f 4604//11255 4630//11298 4645//11371
f 4604//11255 4645//11371 4579//11280
f 4631//11338 4597//11241 4637//11372
f 4646//11259 4659//11373 4597//11241
f 4557//11161 4579//11280 4638//11309
f 4633//11339 4623//11301 4639//11358
f 4639//11358 4624//11374 4649//11375
f 4653//11367 4654//11376 4634//11321
f 4640//11377 4650//11377 4624//11377
f 4634//11322 4654//11378 4635//11342
f 4640//11379 4641//11379 4650//11379
f 4611//11380 4641//11381 4625//11382
f 4625//11383 4641//11383 4640//11383
f 4635//11384 4643//11384 4642//11384
f 4654//11385 4643//11385 4635//11385
f 4654//11386 4641//11386 4643//11386
f 4611//11380 4643//11387 4641//11381
f 4627//11388 4642//11388 4643//11388
f 4627//11325 4643//11389 4611//11326
f 4628//11390 4629//11390 4644//11390
f 4631//11391 4644//11391 4636//11391
f 4630//11392 4651//11393 4645//11394
f 4637//11395 4644//11395 4631//11395
f 4597//11241 4659//11373 4637//11372
f 4579//11280 4678//11396 4638//11309
f 4599//11267 4633//11339 4632//11299
f 4633//11339 4639//11358 4652//11397
f 4639//11358 4648//11398 4652//11397
f 4624//11399 4650//11399 4649//11399
f 4662//11400 4641//11400 4654//11400
f 4650//11401 4641//11401 4662//11401
f 4630//11402 4628//11402 4651//11402
f 4628//11403 4644//11404 4655//11405
f 4651//11393 4656//11406 4645//11394
f 4644//11404 4657//11407 4655//11405
f 4637//11408 4657//11408 4644//11408
f 4637//11409 4659//11409 4658//11409
f 4579//11280 4645//11371 4678//11396
f 4646//11259 4664//11410 4659//11373
f 4632//11299 4664//11410 4646//11259
f 4632//11299 4652//11397 4665//11411
f 4632//11299 4633//11339 4652//11397
f 4648//11398 4661//11412 4652//11397
f 4639//11358 4649//11375 4648//11398
f 4650//11413 4670//11413 4649//11413
f 4670//11414 4650//11414 4662//11414
f 4653//11367 4662//11415 4654//11376
f 4628//11403 4655//11405 4651//11416
f 4651//11417 4655//11417 4656//11417
f 4655//11418 4657//11418 4656//11418
f 4658//11419 4657//11419 4637//11419
f 4658//11420 4663//11420 4657//11420
f 4632//11299 4665//11421 4664//11410
f 4665//11421 4675//11422 4664//11410
f 4684//11423 4598//11300 4638//11309
f 4665//11411 4652//11397 4675//11424
f 4652//11425 4666//11426 4675//11427
f 4652//11425 4661//11428 4668//11429
f 4648//11398 4669//11430 4661//11412
f 4649//11431 4669//11431 4648//11431
f 4669//11432 4649//11432 4670//11432
f 4653//11433 4670//11433 4662//11433
f 4656//11434 4657//11434 4663//11434
f 4659//11435 4660//11435 4658//11435
f 4658//11436 4660//11436 4663//11436
f 4664//11410 4660//11437 4659//11373
f 4660//11438 4673//11439 4672//11440
f 4664//11441 4674//11441 4673//11441
f 4666//11442 4676//11443 4675//11444
f 4682//11445 4647//11320 4598//11300
f 4666//11442 4668//11446 4681//11447
f 4682//11445 4667//11448 4647//11320
f 4652//11425 4668//11429 4666//11426
f 4668//11449 4661//11449 4677//11449
f 4647//11450 4669//11450 4653//11450
f 4667//11448 4669//11451 4647//11320
f 4667//11452 4661//11452 4669//11452
f 4669//11453 4670//11453 4653//11453
f 4656//11406 4671//11454 4645//11394
f 4656//11455 4663//11455 4671//11455
f 4671//11456 4660//11438 4672//11440
f 4663//11457 4660//11438 4671//11456
f 4664//11458 4673//11458 4660//11458
f 4673//11459 4674//11460 4679//11461
f 4638//11309 4678//11396 4684//11423
f 4664//11462 4675//11462 4674//11462
f 4675//11444 4680//11463 4674//11464
f 4598//11300 4684//11423 4682//11445
f 4666//11442 4681//11447 4676//11443
f 4681//11465 4668//11465 4683//11465
f 4683//11466 4668//11467 4682//11468
f 4682//11469 4677//11469 4667//11469
f 4682//11470 4668//11470 4677//11470
f 4661//11471 4667//11471 4677//11471
f 4645//11394 4671//11454 4678//11472
f 4678//11473 4673//11473 4679//11473
f 4671//11474 4673//11474 4678//11474
f 4673//11475 4671//11475 4672//11475
f 4680//11476 4676//11476 4684//11476
f 4676//11443 4680//11463 4675//11444
f 4684//11477 4676//11478 4681//11479
f 4684//11480 4683//11466 4682//11468
f 4684//11477 4681//11479 4683//11481
f 4678//11482 4679//11482 4680//11482
f 4678//11483 4680//11483 4684//11483
f 4674//11460 4680//11484 4679//11461
f 479//11485 495//1143 463//1142
f 2028//4951 2159//5259 4686//4943
f 2483//5885 2224//5249 2742//6954
f 2224//5249 2711//5805 2742//6954
f 2352//5718 2579//5717 2408//6150
f 1740//11486 1741//11486 1864//11486
f 1826//4657 1834//4535 1779//4536
f 2939//7103 2996//7206 2722//6724
f 706//1947 614//11487 733//1945
f 614//11488 642//11488 733//11488
f 4573//11209 4591//11268 4588//11223
f 272//616 251//651 296//11489
f 251//479 324//670 296//732
f 2800//6647 2657//6646 2860//11490
f 2663//6452 2630//5985 2804//6735
f 753//11491 878//11491 777//11491
f 1765//4491 1764//4490 1763//11492
f 1764//11493 1755//4475 1763//4369
f 2062//4853 2935//11494 2234//5210
f 2935//11495 2417//5211 2234//5210
f 464//11496 538//11496 503//11496
f 18//11497 9//11497 19//11497
f 25//98 33//97 19//11498
f 33//11499 18//11499 19//11499
f 4207//11500 4249//11500 4209//11500
f 2675//11501 2514//5664 2590//6171
f 3494//8397 3434//8396 3340//11502
f 3117//11503 3056//11503 3174//11503
f 1071//2383 1112//2769 868//2381
f 1112//11504 1114//11504 868//11504
f 1114//11505 1095//11505 868//11505
f 4076//10093 4243//10286 4687//11506
f 4243//11507 4146//11507 4687//11507
f 323//11508 371//11508 372//11508
f 3864//11509 3935//11509 3980//11509
f 2479//6078 2350//6077 2441//11510
f 3279//11511 3339//8316 3235//7706
f 3689//11512 3645//11512 3666//11512
f 3762//11513 3716//11513 3666//11513
f 3716//9038 3689//9040 3666//11514
f 4467//10985 4495//11084 4469//11515
f 2275//5692 2165//11516 2277//5693
f 1219//3281 1320//3321 1218//3380
f 2583//6016 2451//6468 2547//11517
f 497//1097 573//1292 496//1197
f 573//1387 556//1386 496//11518
f 2633//6212 2501//6211 2537//11519
f 2501//11520 2478//11520 2537//11520
f 2478//11521 2405//11521 2537//11521
f 1261//3219 1276//11522 1314//3220
f 1276//11523 1262//11523 1314//11523
f 3197//11524 3233//11524 3323//11524
f 3233//11525 3321//11525 3323//11525
f 3278//11526 3197//11526 3323//11526
f 3439//11527 3348//11527 4688//11527
f 3348//11528 3383//11528 4688//11528
f 3383//8124 3501//8503 4688//11529
f 3501//11530 3466//11530 4688//11530
f 3466//11531 3439//11531 4688//11531
f 1245//11532 1304//11532 1305//11532
f 1247//11533 1245//11533 1305//11533
f 2139//11534 2287//11534 2184//11534
f 2287//11535 2183//11535 2184//11535
