# Blender 4.4.0
# www.blender.org
mtllib 一个塑料方形盘_0920094526_texture.mtl
o 一个塑料方形盘_0920094526_texture
v -0.444346 0.068615 -1.002280
v -0.370082 0.065051 -1.001600
v -0.409629 0.061714 -1.000020
v -0.531168 0.081044 -1.002670
v -0.464946 0.062570 -1.000810
v -0.324376 0.082351 -1.002970
v -0.329927 0.067222 -1.002170
v -0.232285 0.066808 -1.001560
v -0.196427 0.080095 -1.002770
v -0.084453 0.066796 -1.001950
v 0.412794 0.071936 -1.002390
v 0.528167 0.085693 -1.002900
v 0.476554 0.064142 -1.000240
v -0.444093 0.084608 -1.002820
v -0.012518 0.081056 -1.002820
v -0.043421 0.068228 -1.002250
v 0.044303 0.064761 -1.001670
v 0.113076 0.080159 -1.002750
v 0.258345 0.072559 -1.002010
v 0.226346 0.079722 -1.002750
v 0.332136 0.076511 -1.002670
v 0.459727 0.091125 -1.002370
v 0.563172 0.071612 -1.001740
v 0.582909 0.091155 -1.002080
v 0.667802 0.071047 -1.000840
v 0.736111 0.080588 -1.000420
v -0.282831 0.092013 -1.002350
v -0.132380 0.091664 -1.002300
v 0.028976 0.091948 -1.002310
v 0.114588 0.091536 -1.002130
v 0.202566 0.090744 -1.002370
v 0.336766 0.091615 -1.002140
v -0.608315 0.079747 -1.002270
v -0.519097 0.101468 -1.001970
v -0.366484 0.101460 -1.001710
v -0.321011 0.058836 -0.996654
v -0.318288 0.063614 -1.000720
v -0.213531 0.060773 -0.998168
v -0.071663 0.062052 -0.999610
v -0.043405 0.061144 -0.999691
v 0.107904 0.060680 -0.997193
v 0.109594 0.064188 -0.999782
v 0.361586 0.063088 -0.999291
v 0.763907 0.068074 -0.998126
v 0.699838 0.061572 -0.996915
v -0.679310 0.063486 -1.000790
v -0.644074 0.061172 -0.999822
v -0.579670 0.062561 -1.000520
v 0.257997 0.063255 -0.999263
v 0.526028 0.061781 -0.998560
v 0.623743 0.061308 -0.998222
v -0.754234 0.065310 -0.998821
v -0.784861 0.089439 -0.997749
v -0.719488 0.102554 -1.000150
v -0.684591 0.099879 -1.001310
v 0.729606 0.091105 -0.999704
v 0.801193 0.092433 -0.995177
v -0.622921 0.101581 -1.001380
v -0.279035 0.103438 -1.000220
v -0.181294 0.101337 -1.000850
v -0.040007 0.101448 -1.000830
v 0.566380 0.103219 -0.998759
v 0.661494 0.100160 -0.998001
v -0.758150 0.105679 -0.995974
v 0.043087 0.103446 -0.999445
v 0.124012 0.104418 -0.998687
v 0.213991 0.102278 -0.999792
v 0.307701 0.103382 -0.999348
v 0.471958 0.101375 -1.000430
v -0.695159 0.105467 -0.998800
v -0.516719 0.105342 -0.999802
v -0.374855 0.105258 -0.999589
v -0.176738 0.105135 -0.998735
v -0.080666 0.104561 -0.999157
v -0.028399 0.104615 -0.999159
v 0.373848 0.106222 -0.996361
v 0.478114 0.104450 -0.998625
v -0.580393 0.055530 -0.993272
v -0.670182 0.054839 -0.992671
v -0.498293 0.055684 -0.993049
v -0.418691 0.055525 -0.992083
v 0.025036 0.056391 -0.994175
v -0.803143 0.060020 -0.993578
v -0.742936 0.055742 -0.992528
v -0.089953 0.056876 -0.993674
v 0.161318 0.055938 -0.991690
v 0.283791 0.056954 -0.993546
v 0.392114 0.057222 -0.993202
v -0.804439 0.067710 -0.995299
v 0.759592 0.057314 -0.991824
v 0.795408 0.058137 -0.990443
v 0.815519 0.062622 -0.991858
v -0.851276 0.089152 -0.989482
v -0.798985 0.104628 -0.993866
v 0.739829 0.102219 -0.994909
v 0.612317 0.106472 -0.993089
v 0.667249 0.104464 -0.994215
v -0.728452 0.108640 -0.992718
v -0.663647 0.108033 -0.996012
v -0.521137 0.108143 -0.996637
v -0.382106 0.107997 -0.996116
v -0.303947 0.108330 -0.994273
v -0.168950 0.108240 -0.993871
v -0.065902 0.108648 -0.992994
v -0.027177 0.108747 -0.992177
v 0.043067 0.107478 -0.994501
v 0.203633 0.108910 -0.992484
v 0.286004 0.108941 -0.992970
v 0.483748 0.107407 -0.994431
v -0.816466 0.054668 -0.987083
v -0.309479 0.054488 -0.989482
v -0.188878 0.055356 -0.990276
v -0.064137 0.046510 -0.971749
v 0.079926 0.054071 -0.988837
v 0.459725 0.054967 -0.990020
v 0.552083 0.053938 -0.988477
v 0.694190 0.053780 -0.987660
v -0.863642 0.061442 -0.985490
v 0.849623 0.064942 -0.986933
v 0.854111 0.102207 -0.984849
v -0.840461 0.106381 -0.987416
v 0.797676 0.106826 -0.987625
v -0.769978 0.108432 -0.990057
v 0.376200 0.109500 -0.987889
v 0.766903 0.108053 -0.986484
v -0.627629 0.109731 -0.992428
v -0.509177 0.109742 -0.992204
v -0.369973 0.109749 -0.992101
v 0.123125 0.109013 -0.991217
v 0.223358 0.049582 -0.979123
v -0.875840 0.099002 -0.982901
v 0.617460 0.108000 -0.986598
v -0.683539 0.109003 -0.985527
v -0.434251 0.109107 -0.985495
v -0.297432 0.109283 -0.987424
v -0.138631 0.109151 -0.986634
v 0.035059 0.108787 -0.987203
v 0.218057 0.109594 -0.986394
v 0.492221 0.108878 -0.987202
v -0.662364 0.044022 -0.968592
v -0.515815 0.044579 -0.969005
v -0.818307 0.043308 -0.960540
v -0.745005 0.041043 -0.961270
v -0.365353 0.045327 -0.969577
v -0.215218 0.043748 -0.966019
v 0.068188 0.045282 -0.969377
v 0.168873 0.042470 -0.963291
v 0.310578 0.045167 -0.969858
v 0.427782 0.043756 -0.967339
v 0.549646 0.043055 -0.966174
v 0.630170 0.043597 -0.966556
v 0.805784 0.050614 -0.974615
v -0.890156 0.063429 -0.977251
v -0.878708 0.055601 -0.975926
v 0.886583 0.065382 -0.976180
v -0.876502 0.106491 -0.978362
v 0.833850 0.107998 -0.977062
v -0.795342 0.106786 -0.977333
v -0.565275 0.108293 -0.983828
v -0.191604 0.108364 -0.981896
v 0.117178 0.108437 -0.983784
v 0.329088 0.108881 -0.983600
v 0.688248 0.043321 -0.965906
v 0.753144 0.040562 -0.957213
v 0.868874 0.054523 -0.972278
v -0.896446 0.103602 -0.974439
v 0.897345 0.095940 -0.971465
v 0.866573 0.107726 -0.974864
v -0.747114 0.104738 -0.975489
v -0.463043 0.105348 -0.975215
v -0.284977 0.106008 -0.975524
v -0.094874 0.105290 -0.975096
v -0.024581 0.104785 -0.975000
v 0.049706 0.104326 -0.975989
v 0.238695 0.105441 -0.975757
v 0.476746 0.106254 -0.978420
v 0.610723 0.106592 -0.979882
v 0.717585 0.106107 -0.978093
v -0.280717 0.035254 -0.951138
v -0.909684 0.057064 -0.966175
v -0.910248 0.103159 -0.968555
v -0.642822 0.103624 -0.973826
v -0.568794 0.103519 -0.973874
v 0.138152 0.102464 -0.971726
v 0.339795 0.103598 -0.972685
v 0.785274 0.105407 -0.973376
v -0.847907 0.107462 -0.971434
v -0.393633 0.104796 -0.974292
v 0.894015 0.105574 -0.966540
v 0.913985 0.102497 -0.959696
v -0.899030 0.107536 -0.964163
v -0.201941 0.103992 -0.972803
v 0.505991 0.101927 -0.970272
v 0.653797 0.101909 -0.969992
v -0.614691 0.034011 -0.949098
v 0.822479 0.033760 -0.937146
v 0.899458 0.053257 -0.958970
v 0.923653 0.090606 -0.957137
v 0.913025 0.063535 -0.962691
v -0.737942 0.082477 -0.941422
v 0.733708 0.097280 -0.962473
v -0.349601 0.081627 -0.940049
v 0.844303 0.093233 -0.948124
v 0.879177 0.105747 -0.959892
v -0.531724 0.030314 -0.943465
v -0.434581 0.032437 -0.946721
v -0.370392 0.031688 -0.946156
v -0.072892 0.032613 -0.947324
v 0.100100 0.033849 -0.949556
v -0.857353 0.038099 -0.939795
v -0.929850 0.062573 -0.954394
v -0.931881 0.103034 -0.954368
v -0.462879 0.081754 -0.940607
v 0.005450 0.082308 -0.940856
v 0.093205 0.095436 -0.960940
v 0.274988 0.076354 -0.932346
v 0.386685 0.078740 -0.936383
v -0.711267 0.026110 -0.934618
v 0.275364 0.033666 -0.950117
v 0.410326 0.031431 -0.947049
v 0.562052 0.032799 -0.948137
v -0.894500 0.036252 -0.919379
v 0.939043 0.064662 -0.944884
v -0.632391 0.071148 -0.924204
v -0.115785 0.079992 -0.936738
v 0.478623 0.074822 -0.929921
v 0.620735 0.075429 -0.930641
v 0.818743 0.078434 -0.927937
v 0.755319 0.074763 -0.926538
v -0.891398 0.104511 -0.955550
v 0.661721 0.028673 -0.940088
v 0.888260 0.035433 -0.918917
v 0.929951 0.053145 -0.940120
v 0.135528 0.074467 -0.929148
v -0.793858 0.088445 -0.948805
v -0.939954 0.107126 -0.937825
v 0.939738 0.105999 -0.931558
v -0.209369 0.023716 -0.935311
v -0.939709 0.054050 -0.936319
v -0.684409 0.078597 -0.935531
v -0.524108 0.079965 -0.937886
v -0.255618 0.085641 -0.945414
v 0.941732 0.102344 -0.936543
v -0.924623 0.104597 -0.937370
v 0.921356 0.104529 -0.934852
v 0.021936 0.018550 -0.927836
v -0.794136 0.027090 -0.931002
v -0.953505 0.063665 -0.931703
v 0.061125 0.072489 -0.926186
v 0.955526 0.093763 -0.925198
v -0.853303 0.086184 -0.935787
v 0.201940 -0.000356 -0.900814
v 0.372740 -0.005773 -0.892266
v 0.703630 -0.006687 -0.878310
v 0.670772 0.071820 -0.924002
v 0.281105 -0.004175 -0.894667
v 0.121335 -0.037923 -0.847128
v -0.958839 0.102789 -0.924880
v -0.885193 0.083856 -0.920284
v -0.648140 0.005832 -0.907129
v 0.478600 -0.000766 -0.899061
v 0.562392 -0.001206 -0.896419
v -0.812076 0.072766 -0.919190
v 0.892451 0.079002 -0.899552
v -0.305387 -0.003706 -0.898186
v 0.819930 0.004089 -0.875510
v 0.951045 0.052871 -0.913336
v -0.120149 -0.014977 -0.882271
v 0.957822 0.063261 -0.920933
v -0.766666 0.063402 -0.906984
v -0.160061 0.034334 -0.864037
v 0.859373 0.075933 -0.910839
v -0.714818 0.004429 -0.899511
v -0.762144 -0.003018 -0.878804
v -0.955116 0.053429 -0.911793
v -0.366172 0.036394 -0.867410
v -0.277706 0.036339 -0.867363
v -0.018251 0.037117 -0.867719
v -0.847473 0.071375 -0.907660
v 0.952151 0.105445 -0.905140
v 0.634525 -0.006267 -0.885537
v 0.964485 0.102605 -0.899804
v -0.951706 0.104432 -0.904471
v -0.421202 -0.012805 -0.884930
v -0.842683 0.012671 -0.888444
v -0.971615 0.062726 -0.899960
v -0.691160 0.040441 -0.870426
v -0.965839 0.106652 -0.903796
v -0.882686 0.015701 -0.865384
v 0.397300 0.033437 -0.860387
v 0.975165 0.089312 -0.889397
v 0.975730 0.063297 -0.884853
v -0.970744 0.103628 -0.901673
v -0.917983 0.083895 -0.896511
v -0.516876 -0.010826 -0.887192
v 0.855341 0.005514 -0.859064
v -0.476737 0.033899 -0.863598
v 0.574857 0.036175 -0.863360
v 0.216181 -0.030192 -0.858524
v 0.914012 0.028218 -0.867126
v 0.209945 0.033642 -0.860999
v 0.503556 0.035163 -0.862890
v -0.977017 0.055991 -0.867846
v -0.592700 0.037437 -0.869254
v 0.912981 0.078705 -0.870992
v 0.956277 0.103449 -0.887723
v -0.353423 -0.024127 -0.868356
v -0.045700 -0.025787 -0.865825
v 0.022252 -0.034015 -0.852377
v 0.758848 -0.012487 -0.858163
v -0.783143 -0.012344 -0.850990
v 0.090988 0.034634 -0.862741
v 0.708009 0.025838 -0.835977
v -0.745583 0.040673 -0.866046
v -0.788145 0.041004 -0.858932
v -0.864129 0.057619 -0.865262
v -0.232492 -0.025506 -0.867001
v 0.972403 0.054894 -0.863477
v 0.755720 0.041120 -0.858712
v -0.983704 0.063466 -0.865203
v -0.983652 0.078335 -0.869809
v -0.946379 0.093583 -0.877072
v -0.922165 0.080681 -0.877929
v 0.970991 0.105049 -0.876563
v -0.581697 -0.029763 -0.858172
v -0.307761 -0.022891 -0.870453
v 0.557836 -0.035328 -0.848751
v -0.909497 0.021973 -0.841500
v 0.298416 0.033861 -0.861017
v -0.981984 0.102998 -0.866087
v -0.965761 0.105138 -0.869977
v -0.503629 -0.032497 -0.855129
v -0.662881 -0.024377 -0.860166
v 0.376885 -0.043111 -0.838830
v 0.480950 -0.038314 -0.846249
v 0.784699 0.035883 -0.836969
v 0.986196 0.085279 -0.849729
v -0.976291 0.107181 -0.855210
v -0.435940 -0.037728 -0.846932
v 0.980237 0.102663 -0.852392
v 0.970481 0.105019 -0.850868
v -0.347697 -0.043467 -0.837095
v -0.813594 -0.013994 -0.826605
v 0.654472 0.031903 -0.852567
v 0.825179 0.042712 -0.832131
v -0.937092 0.082311 -0.841989
v -0.271500 -0.040428 -0.842826
v -0.160323 -0.044141 -0.836259
v 0.306740 -0.042816 -0.838276
v -0.795790 0.030441 -0.831000
v 0.684163 -0.042009 -0.819984
v -0.589467 0.003806 -0.817207
v -0.076674 0.004488 -0.819814
v -0.677865 0.006213 -0.813988
v 0.986020 0.062064 -0.831214
v -0.988706 0.093153 -0.842057
v -0.602717 -0.049810 -0.821980
v 0.616535 -0.044978 -0.828749
v -0.985712 0.104907 -0.839314
v -0.525587 -0.050546 -0.823825
v -0.073019 -0.047814 -0.828620
v -0.672650 -0.046015 -0.817763
v 0.748206 -0.030047 -0.822494
v 0.790668 -0.026679 -0.804676
v -0.276582 0.010770 -0.829400
v 0.142554 0.007466 -0.824196
v 0.458606 0.002068 -0.815516
v 0.543960 -0.000511 -0.809490
v -0.738252 0.012799 -0.812365
v 0.852560 0.045841 -0.809075
v 0.937006 0.082523 -0.807008
v 0.222443 -0.048719 -0.827803
v 0.845185 -0.009846 -0.803421
v -0.403126 0.001883 -0.815272
v 0.330280 -0.001505 -0.810732
v 0.920863 0.020928 -0.769525
v -0.858167 0.040791 -0.796135
v -0.973492 0.104012 -0.816021
v -0.421396 -0.053746 -0.817090
v 0.589199 -0.050660 -0.820527
v 0.006060 0.004019 -0.819120
v 0.629051 0.001001 -0.804587
v -0.838443 0.038942 -0.823853
v -0.993029 0.072457 -0.813123
v 0.246622 -0.000653 -0.812227
v -0.988961 0.057981 -0.809494
v -0.278180 -0.055752 -0.812865
v 0.045731 -0.049712 -0.824034
v 0.350914 -0.056924 -0.809561
v 0.501494 -0.054902 -0.815381
v -0.851198 -0.008763 -0.796299
v -0.160549 -0.005373 -0.804862
v 0.995418 0.074559 -0.780601
v 0.907006 0.065563 -0.779550
v -0.991704 0.101206 -0.805136
v 0.988153 0.103082 -0.797776
v 0.982568 0.105443 -0.804200
v -0.188568 -0.057110 -0.808764
v 0.090065 -0.056123 -0.809754
v -0.059686 -0.055712 -0.811284
v -0.790937 0.014405 -0.786734
v -0.704448 -0.047040 -0.805383
v -0.993863 0.094238 -0.798434
v -0.986442 0.107063 -0.803110
v -0.634676 -0.060075 -0.793921
v -0.478884 -0.005833 -0.802106
v 0.872724 -0.001484 -0.778215
v -0.936629 0.030878 -0.786993
v 0.792106 0.020027 -0.787122
v 0.976194 0.104038 -0.782937
v -0.396006 -0.062959 -0.793676
v -0.744182 -0.054139 -0.762527
v 0.075939 -0.011856 -0.794231
v -0.300917 -0.005329 -0.803501
v 0.144259 -0.008421 -0.799664
v -0.536827 -0.062774 -0.795048
v 0.283947 -0.063385 -0.791025
v 0.173415 -0.065087 -0.783982
v 0.525956 -0.063064 -0.792433
v 0.620761 -0.061687 -0.788043
v -0.234474 -0.014283 -0.788699
v 0.741443 0.012043 -0.797137
v 0.994729 0.062662 -0.761248
v 0.993803 0.096848 -0.775748
v 0.013090 -0.064133 -0.786846
v 0.986350 0.055469 -0.771021
v -0.954089 0.088385 -0.791060
v -0.174322 -0.066326 -0.781797
v -0.692871 -0.064192 -0.763459
v -0.882613 0.002733 -0.776058
v -0.136799 -0.016425 -0.785209
v 0.437851 -0.015125 -0.787526
v -0.882060 0.048026 -0.759221
v -0.288164 -0.068203 -0.776294
v 0.371116 -0.067987 -0.776527
v 0.436642 -0.066984 -0.780122
v -0.077618 -0.067290 -0.777801
v 0.700206 -0.056017 -0.777134
v -0.034988 -0.016945 -0.783691
v 0.216754 -0.012920 -0.791145
v -0.703413 -0.007339 -0.781163
v -0.807250 0.014176 -0.763471
v 0.829795 0.028090 -0.758303
v 0.828071 -0.027121 -0.745151
v -0.629755 -0.014179 -0.781193
v -0.538656 -0.015964 -0.781808
v -0.385664 -0.027783 -0.761042
v -0.315213 -0.021671 -0.773430
v -0.998089 0.066119 -0.750941
v -0.998420 0.089272 -0.753460
v -0.993616 0.103292 -0.756457
v -0.985826 0.106755 -0.751426
v 0.290554 -0.020837 -0.775771
v 0.563064 -0.025885 -0.762081
v 0.656217 -0.019942 -0.757296
v -0.518437 -0.069764 -0.770268
v -0.612016 -0.070908 -0.759261
v -0.432948 -0.069942 -0.767470
v -0.776776 -0.054328 -0.718574
v 0.256503 -0.070157 -0.764731
v -0.084823 -0.028863 -0.760265
v 0.032009 -0.024598 -0.767837
v 0.144811 -0.029445 -0.754910
v 0.702505 -0.024362 -0.729310
v 0.756970 -0.002223 -0.752105
v -0.917726 0.066109 -0.728798
v 0.010976 -0.070016 -0.764693
v 0.538419 -0.069719 -0.766101
v 0.231643 -0.028738 -0.755843
v -0.567146 -0.033550 -0.741710
v -0.726200 -0.014562 -0.749026
v -0.200469 -0.073696 -0.749361
v 0.597604 -0.070658 -0.756427
v 0.648692 -0.066201 -0.764177
v 0.708970 -0.063338 -0.746902
v -0.181829 -0.031183 -0.755871
v -0.667588 -0.028086 -0.742589
v 0.882339 -0.002646 -0.710380
v -0.989918 0.056331 -0.753379
v 0.987253 0.106594 -0.741764
v 0.368920 -0.074441 -0.744682
v 0.148136 -0.073610 -0.748455
v -0.466391 -0.031315 -0.752709
v -0.912147 0.015032 -0.741669
v 0.085066 -0.073474 -0.748711
v 0.748032 -0.061941 -0.712947
v -0.269748 -0.032035 -0.752190
v 0.354517 -0.029709 -0.754816
v 0.487589 -0.032661 -0.748823
v 0.596417 -0.031735 -0.744568
v -0.817934 0.012810 -0.728016
v 0.848740 0.032131 -0.715112
v 0.999063 0.091542 -0.731211
v 0.994080 0.104601 -0.734715
v -0.977173 0.102693 -0.711248
v -0.556821 -0.076525 -0.733638
v -0.476220 -0.074240 -0.744765
v 0.030080 -0.073548 -0.748509
v -0.839197 -0.024461 -0.737242
v -0.960125 0.090771 -0.712537
v 0.477645 -0.074150 -0.744746
v 0.499742 -0.073542 -0.746183
v -0.047745 -0.034821 -0.745459
v -0.687715 -0.073274 -0.716373
v -0.372894 -0.074940 -0.744583
v -0.314524 -0.075294 -0.744432
v -0.263981 -0.073899 -0.750196
v -0.129460 -0.073822 -0.749479
v -0.083295 -0.073384 -0.749445
v 0.232668 -0.073445 -0.748378
v 0.546332 -0.073755 -0.741383
v 0.615396 -0.075338 -0.718893
v 0.687739 -0.072381 -0.712355
v 0.037333 -0.031941 -0.748121
v 0.851272 -0.016972 -0.738475
v -0.866494 -0.014836 -0.698973
v 0.764087 -0.010270 -0.717184
v 0.964152 0.041667 -0.713693
v -0.150251 -0.101334 -0.742473
v -0.206960 -0.096938 -0.743966
v -0.179581 -0.080086 -0.743970
v -0.105209 -0.094519 -0.742684
v -0.253463 -0.080036 -0.742987
v -0.129732 -0.079461 -0.742997
v -0.288477 -0.097021 -0.741437
v -0.529723 -0.075352 -0.742027
v -0.285827 -0.076462 -0.743984
v -0.062257 -0.076043 -0.743859
v 0.055894 -0.075624 -0.743741
v 0.145382 -0.075951 -0.743788
v 0.237364 -0.075084 -0.744095
v -0.363097 -0.034046 -0.745061
v -0.179439 -0.036019 -0.738999
v 0.093472 -0.036955 -0.728614
v 0.993723 0.055145 -0.693608
v -0.997052 0.058287 -0.682116
v -1.000810 0.081205 -0.722720
v -1.000400 0.094866 -0.705522
v 0.941195 0.082490 -0.715831
v -0.216787 -0.101667 -0.741651
v -0.096793 -0.106247 -0.738389
v -0.041040 -0.101298 -0.741760
v 0.001563 -0.080924 -0.741749
v 0.043451 -0.102768 -0.740761
v 0.207286 -0.101932 -0.740855
v 0.240728 -0.080594 -0.741272
v 0.275905 -0.101496 -0.740086
v 0.170458 -0.101939 -0.741306
v 0.366487 -0.080584 -0.740617
v 0.428005 -0.101295 -0.738826
v 0.128390 -0.080879 -0.741855
v 0.482964 -0.079518 -0.738795
v 0.505792 -0.097166 -0.737728
v -0.408275 -0.093911 -0.738910
v -0.471138 -0.080022 -0.738829
v -0.388021 -0.080272 -0.740560
v -0.353968 -0.096646 -0.740264
v -0.318117 -0.080577 -0.741361
v -0.086312 -0.080829 -0.741973
v 0.434251 -0.080161 -0.739740
v -0.502495 -0.078225 -0.738310
v 0.517275 -0.076605 -0.738895
v 0.566049 -0.074885 -0.733946
v -0.461024 -0.036686 -0.732792
v -0.266893 -0.036084 -0.735888
v 0.417026 -0.036444 -0.733799
v -0.162024 -0.106790 -0.735408
v -0.249591 -0.104811 -0.736932
v -0.000964 -0.106850 -0.735335
v 0.101785 -0.106640 -0.735425
v 0.199552 -0.105584 -0.736069
v 0.282509 -0.105574 -0.735729
v -0.354725 -0.104241 -0.736007
v 0.427146 -0.104938 -0.736428
v 0.515546 -0.103789 -0.735304
v -0.501891 -0.097698 -0.736804
v -0.407200 -0.100970 -0.735845
v 0.545610 -0.079040 -0.735684
v -0.545980 -0.100409 -0.731610
v -0.542783 -0.080148 -0.734869
v -0.586090 -0.076941 -0.725865
v 0.583279 -0.074394 -0.729749
v -0.483495 -0.037112 -0.726792
v -0.000439 -0.036955 -0.729508
v 0.196749 -0.037242 -0.724036
v 0.285334 -0.038067 -0.724202
v 0.354751 -0.038118 -0.726221
v -0.700884 -0.030598 -0.715757
v -0.955220 0.036774 -0.678669
v -0.998685 0.101516 -0.700075
v -0.993597 0.106214 -0.709812
v -0.386717 -0.105618 -0.731701
v -0.317495 -0.106513 -0.732759
v -0.240763 -0.106877 -0.732793
v 0.169815 -0.106434 -0.731566
v 0.381632 -0.106561 -0.732976
v 0.508649 -0.106356 -0.732307
v -0.506409 -0.103796 -0.732078
v 0.566728 -0.102694 -0.727501
v 0.570789 -0.080545 -0.728635
v -0.336986 -0.037115 -0.725633
v -0.104455 -0.037087 -0.724016
v 0.647696 -0.034230 -0.718331
v -0.726747 -0.024699 -0.710754
v -0.514220 -0.106786 -0.725047
v -0.434610 -0.106733 -0.726313
v -0.383293 -0.107343 -0.724995
v -0.312965 -0.107472 -0.725117
v 0.005128 -0.107426 -0.691080
v 0.265519 -0.106541 -0.725113
v 0.554343 -0.106987 -0.725335
v -0.566879 -0.106409 -0.720561
v -0.572504 -0.089865 -0.726496
v -0.732715 -0.069012 -0.707356
v 0.043006 -0.037289 -0.726122
v 0.514208 -0.037822 -0.724343
v 0.591581 -0.037563 -0.720811
v 0.733207 -0.021937 -0.713503
v 0.797361 -0.000791 -0.683876
v 1.001390 0.065172 -0.697380
v -1.001420 0.066620 -0.695988
v 0.975975 0.103999 -0.689214
v -0.982594 0.105216 -0.693012
v -0.243256 -0.107449 -0.713779
v -0.173344 -0.107713 -0.691536
v -0.110073 -0.107615 -0.696847
v 0.483777 -0.107427 -0.670917
v 0.599192 -0.079472 -0.718218
v 0.588442 -0.105861 -0.719066
v -0.607078 -0.078007 -0.716372
v 0.647283 -0.076657 -0.695512
v 0.445725 -0.037902 -0.722961
v -0.639981 -0.036039 -0.717384
v -0.911180 0.011249 -0.675163
v 0.999505 0.096897 -0.689371
v 0.137815 -0.107560 -0.649462
v -0.599086 -0.102645 -0.714075
v -0.630366 -0.077360 -0.706389
v -0.570891 -0.037769 -0.714561
v -0.203934 -0.037340 -0.692847
v -0.769074 -0.013389 -0.683862
v 0.587833 -0.107208 -0.714712
v 0.270019 -0.107192 -0.671583
v 0.610880 -0.102929 -0.710230
v -0.616286 -0.086104 -0.710154
v 0.803869 -0.049720 -0.673483
v -0.809627 -0.050660 -0.658399
v -0.780397 -0.060115 -0.678679
v 0.133971 -0.037086 -0.659803
v 0.384994 -0.037240 -0.683361
v -0.825590 0.012810 -0.674455
v -0.548972 -0.107760 -0.661534
v -0.449889 -0.107812 -0.661401
v -0.592422 -0.107030 -0.706540
v 0.623290 -0.079243 -0.706885
v 0.412218 -0.107515 -0.658403
v -0.621364 -0.104429 -0.700430
v -0.650796 -0.097514 -0.685996
v -0.627920 -0.084144 -0.702771
v -0.659077 -0.077132 -0.687393
v -0.403814 -0.037639 -0.650479
v 0.264018 -0.037102 -0.661282
v 0.521307 -0.037575 -0.660793
v 0.708000 -0.033374 -0.682139
v -1.002120 0.074539 -0.662688
v 0.628197 -0.107171 -0.694841
v 0.640980 -0.102518 -0.692085
v -0.659310 -0.037492 -0.692756
v 0.839142 -0.033590 -0.654641
v -0.716184 -0.033898 -0.677714
v 0.647065 -0.080304 -0.690597
v -0.648221 -0.079090 -0.692982
v 0.759872 -0.065479 -0.659138
v -0.283935 -0.037641 -0.604509
v 0.994189 0.105599 -0.660466
v -0.304327 -0.108468 -0.634248
v 0.677130 -0.076430 -0.672581
v -0.519283 -0.037683 -0.650022
v 0.739499 -0.027044 -0.669513
v 0.880889 -0.007048 -0.654384
v 0.859515 0.035334 -0.649627
v -0.642173 -0.107009 -0.682054
v -0.655139 -0.080962 -0.684535
v 0.731723 -0.071727 -0.654351
v 0.037043 -0.037059 -0.615378
v 0.660721 -0.037357 -0.676267
v 0.950581 0.033419 -0.640721
v 0.661525 -0.103076 -0.674616
v 0.673887 -0.079384 -0.667547
v -0.701901 -0.036979 -0.652451
v 0.935151 0.078091 -0.616573
v 1.001970 0.072201 -0.635554
v 0.998626 0.102038 -0.551235
v 0.691603 -0.105600 -0.638613
v -0.721324 -0.074154 -0.659574
v -0.683891 -0.077405 -0.659042
v 0.766231 -0.018540 -0.641798
v -0.916331 0.064476 -0.660411
v -0.655740 -0.107205 -0.665269
v -0.675279 -0.104517 -0.657377
v -0.675536 -0.037429 -0.629509
v -0.059746 -0.037385 -0.574657
v 0.974363 0.102624 -0.645447
v 0.985013 0.106049 -0.639227
v -0.724658 -0.033852 -0.646828
v -0.980433 0.104883 -0.624126
v 0.054354 -0.108033 -0.596662
v 0.608775 -0.107366 -0.615001
v -0.684718 -0.098885 -0.651973
v -0.687842 -0.084923 -0.649849
v -0.695968 -0.078309 -0.641517
v -0.760915 -0.068656 -0.635366
v -0.796287 -0.004917 -0.612981
v 0.999793 0.061030 -0.626602
v -0.160971 -0.108359 -0.616552
v -0.126910 -0.037412 -0.595555
v -0.999938 0.061768 -0.607612
v -0.998765 0.102747 -0.610636
v -0.686437 -0.107169 -0.632602
v 0.695269 -0.077008 -0.642464
v -0.706551 -0.077538 -0.627381
v -0.829616 -0.042781 -0.620515
v -0.857847 -0.026443 -0.609857
v -0.961342 0.091833 -0.587916
v 0.697771 -0.036922 -0.611764
v 0.805140 -0.000622 -0.580619
v -0.815388 0.004667 -0.585785
v 0.341407 -0.108512 -0.568770
v -0.790680 -0.060585 -0.613365
v 0.200745 -0.108249 -0.570999
v -0.696703 -0.102869 -0.631981
v 0.407074 -0.037293 -0.566807
v 0.732580 -0.032361 -0.586991
v -0.916742 0.012618 -0.567278
v -0.861421 0.032590 -0.556577
v -0.021840 -0.108757 -0.525433
v 0.700762 -0.106979 -0.613262
v -0.717731 -0.077246 -0.610423
v 0.782941 -0.062264 -0.601967
v -0.387152 -0.037631 -0.540354
v 0.993080 0.054210 -0.599587
v -0.711615 -0.098151 -0.611139
v 0.815503 -0.050077 -0.597855
v -0.992433 0.055556 -0.605030
v 1.002120 0.081506 -0.553710
v -0.363864 -0.108890 -0.559153
v 0.710140 -0.101931 -0.607115
v 0.709057 -0.079769 -0.617470
v 0.717587 -0.074763 -0.616548
v -0.718765 -0.036942 -0.569440
v 0.846280 -0.033191 -0.583684
v 0.978055 0.104287 -0.552631
v -0.519859 -0.108413 -0.577965
v -0.589928 -0.108321 -0.558790
v -0.705066 -0.107157 -0.605926
v 0.557109 -0.037352 -0.562662
v -1.001440 0.093217 -0.552012
v -0.532532 -0.037678 -0.551158
v -0.734415 -0.033260 -0.561346
v -0.977725 0.103834 -0.541364
v 0.512058 -0.108086 -0.565698
v -0.716599 -0.084549 -0.603153
v 0.729211 -0.073838 -0.583045
v -1.002390 0.070306 -0.576473
v 1.001730 0.064955 -0.572224
v -0.992159 0.106930 -0.557552
v 0.993160 0.106527 -0.554456
v -0.724572 -0.077846 -0.586398
v 0.716505 -0.079537 -0.597833
v -0.818463 -0.049809 -0.562629
v 0.197486 -0.037113 -0.492644
v 0.912015 0.010191 -0.541568
v 0.995347 0.055604 -0.569682
v -0.914885 0.064177 -0.548452
v 1.001050 0.094466 -0.519285
v -0.997220 0.104406 -0.557778
v -0.119360 -0.108857 -0.499671
v 0.722088 -0.074817 -0.593587
v -0.736529 -0.074987 -0.568737
v -0.783813 -0.063798 -0.547294
v 0.764439 -0.020804 -0.547745
v -0.217635 -0.108869 -0.510442
v 0.720261 -0.106589 -0.564782
v 0.721414 -0.102593 -0.576397
v 0.115593 -0.037044 -0.542558
v 0.316444 -0.037190 -0.557639
v 0.856424 0.032568 -0.568476
v -0.727913 -0.100672 -0.562647
v 0.711986 -0.035731 -0.491622
v -0.715971 -0.106865 -0.576272
v 0.721653 -0.080496 -0.581523
v -0.832003 -0.043274 -0.532249
v -0.563343 -0.037652 -0.500914
v -0.959775 0.038747 -0.540815
v 0.964113 0.040136 -0.544961
v -0.985717 0.106809 -0.525190
v 0.793649 -0.059581 -0.539939
v -0.639734 -0.037618 -0.486980
v 0.729219 -0.032710 -0.475680
v 0.935372 0.078298 -0.523367
v -0.999827 0.060690 -0.550631
v 0.723965 -0.107143 -0.531429
v 0.725817 -0.077141 -0.568844
v 0.757326 -0.069073 -0.550113
v 0.013253 -0.037183 -0.504433
v 0.643864 -0.036979 -0.485421
v -0.642571 -0.108104 -0.536809
v 0.551467 -0.108149 -0.507948
v 0.725761 -0.106062 -0.548421
v -0.730942 -0.079685 -0.557062
v -0.866446 -0.022906 -0.518944
v 0.731784 -0.074123 -0.551846
v 0.314022 -0.036992 -0.467077
v 1.000970 0.062936 -0.492145
v -0.999444 0.101421 -0.539789
v 0.729070 -0.101193 -0.541454
v -0.957998 0.089513 -0.485759
v -0.409745 -0.108969 -0.468066
v -0.175543 -0.037248 -0.505596
v 0.707008 -0.107141 -0.486110
v 0.730489 -0.080201 -0.540711
v 0.132223 -0.109079 -0.474580
v -1.002610 0.067268 -0.513419
v -0.727347 -0.105638 -0.513094
v -0.740338 -0.074420 -0.524267
v 0.832247 -0.042775 -0.495619
v -0.852580 -0.031816 -0.480727
v 0.995806 0.056643 -0.478181
v -0.704243 -0.107219 -0.500678
v 0.229277 -0.109134 -0.443989
v -0.734161 -0.097939 -0.516313
v -0.735451 -0.079445 -0.518138
v 0.529433 -0.037251 -0.480552
v -0.787518 -0.009785 -0.506593
v 0.412403 -0.108454 -0.463089
v 0.733919 -0.074857 -0.521000
v 0.799506 -0.003399 -0.497475
v 0.968971 0.043173 -0.490344
v -1.001200 0.061654 -0.458073
v -0.493448 -0.108633 -0.446095
v 0.997716 0.103390 -0.510849
v 0.728154 -0.106663 -0.500333
v 0.730892 -0.104250 -0.523769
v -0.777669 -0.064261 -0.459831
v 0.815392 -0.051283 -0.451514
v -0.992504 0.055170 -0.481227
v 0.740359 -0.072526 -0.512975
v -0.454434 -0.037485 -0.470152
v -0.827900 0.010637 -0.461034
v 0.737049 -0.074768 -0.507200
v -0.727110 -0.034910 -0.460583
v 0.734146 -0.101481 -0.486983
v 0.774733 -0.065365 -0.477401
v -0.718150 -0.036587 -0.447498
v -0.745820 -0.027703 -0.442364
v -0.732845 -0.105645 -0.456665
v 0.732100 -0.104996 -0.489715
v -0.739529 -0.074394 -0.486518
v -0.953620 0.035758 -0.458086
v -0.880625 0.043196 -0.429911
v -0.737140 -0.100822 -0.480135
v 0.735302 -0.080658 -0.489560
v -0.071175 -0.037357 -0.412349
v 0.858485 -0.027206 -0.459817
v -0.917679 0.013067 -0.468571
v -0.977413 0.103351 -0.451620
v -0.994849 0.105127 -0.465703
v -0.737488 -0.080983 -0.487590
v -0.809144 -0.053272 -0.453185
v -1.001880 0.089249 -0.445962
v -0.745337 -0.072042 -0.466437
v -0.230755 -0.037320 -0.420411
v 0.861513 0.035290 -0.469034
v 0.935518 0.078229 -0.461746
v 0.989630 0.106141 -0.469760
v -0.582265 -0.108145 -0.424727
v 0.434134 -0.037042 -0.412350
v 0.758158 -0.022571 -0.439166
v -1.002480 0.066628 -0.350250
v 0.328663 -0.108867 -0.373544
v 0.977167 0.103775 -0.428866
v -0.738337 -0.096520 -0.448108
v -0.738078 -0.081125 -0.457917
v -0.264847 -0.109106 -0.397760
v 0.668985 -0.107607 -0.416620
v 0.993384 0.054241 -0.403739
v 1.000520 0.093070 -0.424479
v -0.998701 0.100946 -0.428910
v 0.082923 -0.109409 -0.390914
v 0.547767 -0.108429 -0.422318
v 0.737741 -0.074955 -0.415420
v -0.367486 -0.037393 -0.401750
v 0.924374 0.017674 -0.430315
v -0.798508 -0.004932 -0.435758
v 1.002040 0.077433 -0.407846
v -0.705903 -0.107042 -0.409129
v 0.734980 -0.100732 -0.413872
v -0.739261 -0.074538 -0.459503
v 0.735580 -0.080741 -0.396533
v 0.158314 -0.037132 -0.384419
v -0.875359 -0.017545 -0.408062
v 0.804269 -0.000180 -0.412032
v 0.994319 0.103728 -0.392845
v 0.955482 0.036405 -0.386262
v 0.997518 0.099867 -0.407994
v -0.731723 -0.106507 -0.415774
v 0.740338 -0.072942 -0.397868
v 0.976810 0.046953 -0.340959
v 0.986988 0.106267 -0.368635
v 0.842398 -0.037621 -0.392950
v 0.861941 0.035282 -0.394792
v -0.058600 -0.109106 -0.381164
v 0.730693 -0.106647 -0.417579
v -0.739629 -0.074801 -0.444433
v -0.744917 -0.072027 -0.386237
v 0.776654 -0.064869 -0.400308
v -0.842488 -0.037736 -0.407500
v -0.992862 0.054958 -0.418544
v -0.993315 0.105817 -0.412056
v -0.738686 -0.075007 -0.410401
v 0.044719 -0.037044 -0.322231
v 0.290737 -0.036902 -0.335659
v 1.001340 0.064837 -0.417619
v -0.978941 0.104455 -0.360982
v 0.455763 -0.108640 -0.336046
v -0.516829 -0.037535 -0.390166
v 0.495921 -0.037122 -0.378486
v 0.709596 -0.035334 -0.371246
v -0.955592 0.036505 -0.410548
v -1.002690 0.079997 -0.367252
v -0.957306 0.089299 -0.359825
v -0.919338 0.013667 -0.370421
v -0.830722 0.012364 -0.352999
v -0.187550 -0.109205 -0.368623
v -0.738944 -0.097702 -0.408027
v 0.621748 -0.037059 -0.390518
v -0.731463 -0.034308 -0.339386
v 0.930071 0.075321 -0.372171
v -0.986735 0.106715 -0.364814
v -0.394181 -0.109239 -0.352587
v -0.041684 -0.109278 -0.307460
v 0.732239 -0.104616 -0.391786
v 0.870149 -0.019925 -0.356876
v -0.719740 -0.036488 -0.367836
v -0.660355 -0.037514 -0.347341
v 0.763641 -0.019013 -0.306994
v -1.000220 0.060479 -0.310763
v -1.001450 0.094254 -0.319591
v -0.623574 -0.108187 -0.346723
v -0.827537 -0.045389 -0.377825
v 0.989855 0.106055 -0.337882
v 0.726806 -0.106919 -0.391849
v 0.734731 -0.102573 -0.354203
v 1.000930 0.064061 -0.358418
v 0.977305 0.103606 -0.350398
v 0.586892 -0.108307 -0.332157
v -0.735018 -0.104155 -0.368900
v 0.735306 -0.030215 -0.328574
v 1.000830 0.093114 -0.352211
v -0.738864 -0.084062 -0.343514
v 0.802437 -0.057135 -0.328073
v -0.797222 -0.005656 -0.342658
v -0.955168 0.036015 -0.335409
v 0.998080 0.059064 -0.341538
v -0.505312 -0.108980 -0.284747
v -0.805135 -0.054912 -0.341251
v -0.999068 0.101859 -0.330529
v -0.778767 -0.063966 -0.301280
v -0.738962 -0.075189 -0.354704
v -0.994964 0.105705 -0.314682
v 0.128830 -0.109732 -0.308392
v -0.726418 -0.106907 -0.337900
v 0.729658 -0.106838 -0.355100
v 0.768298 -0.067060 -0.260104
v -0.837080 -0.040503 -0.345614
v -0.604197 -0.037646 -0.291627
v -0.240276 -0.037203 -0.326193
v 0.998330 0.100362 -0.322111
v 0.678366 -0.107546 -0.335002
v -0.869973 -0.021272 -0.319862
v 0.918255 0.013453 -0.347079
v -0.992620 0.054795 -0.279644
v 0.406877 -0.036880 -0.267476
v 0.811866 0.004552 -0.306083
v 0.860904 0.035045 -0.295358
v -0.104709 -0.037269 -0.302660
v 0.631678 -0.036759 -0.300393
v -0.818098 0.004869 -0.286611
v 0.735238 -0.096450 -0.312641
v 0.728937 -0.106932 -0.323802
v 0.737835 -0.074916 -0.314962
v 0.841390 -0.038471 -0.274755
v 0.994258 0.054646 -0.271778
v -0.884105 0.045297 -0.311263
v -0.746174 -0.071710 -0.301445
v 0.699707 -0.035635 -0.293485
v -0.982941 0.105671 -0.275557
v -0.976625 0.102939 -0.277428
v -0.357493 -0.109367 -0.249633
v -0.732575 -0.106149 -0.273324
v -0.739494 -0.097614 -0.307209
v -0.371711 -0.037321 -0.292182
v 0.505063 -0.036976 -0.275036
v 0.949584 0.033211 -0.285844
v 0.735594 -0.080929 -0.281275
v 1.002570 0.075473 -0.239831
v -0.670878 -0.107971 -0.257922
v -0.735873 -0.103952 -0.314274
v 0.733625 -0.103843 -0.307934
v -0.739486 -0.075096 -0.283107
v 0.923575 0.017168 -0.266292
v 0.921283 0.070495 -0.255798
v -0.590345 -0.108518 -0.226641
v -0.235705 -0.109412 -0.223716
v -0.738578 -0.081555 -0.278206
v -0.918375 0.012851 -0.276811
v 0.173061 -0.037045 -0.264469
v -0.719704 -0.036573 -0.260854
v -0.480550 -0.037378 -0.266895
v -1.002600 0.080011 -0.242382
v 1.001090 0.093753 -0.250876
v 0.995577 0.105077 -0.266277
v -0.988809 0.106357 -0.259597
v 0.271958 -0.109303 -0.242095
v 0.624440 -0.108280 -0.238366
v -0.820294 -0.048525 -0.216529
v -0.841042 -0.038228 -0.210865
v 0.991228 0.107191 -0.270998
v -0.959900 0.038423 -0.225210
v 0.978096 0.104159 -0.267723
v 0.730544 -0.032239 -0.241473
v -0.794365 -0.007474 -0.231037
v 1.000820 0.061963 -0.254448
v 0.740545 -0.072719 -0.243256
v -0.727859 -0.107413 -0.210381
v 0.733212 -0.106240 -0.272532
v 0.864598 -0.023821 -0.236278
v -0.956111 0.088478 -0.245427
v -0.237522 -0.037226 -0.245847
v 0.632576 -0.036749 -0.201043
v -0.149194 -0.037248 -0.235392
v -0.733433 -0.033474 -0.234045
v -0.734890 -0.104039 -0.230959
v -0.737317 -0.099317 -0.228777
v 0.737671 -0.075241 -0.205356
v -0.871734 -0.019906 -0.208703
v -1.002710 0.065145 -0.216973
v 0.413640 -0.108927 -0.211556
v 0.735684 -0.099991 -0.244512
v 0.807099 -0.055042 -0.241782
v -0.904608 0.057541 -0.221447
v 0.725129 -0.107009 -0.236024
v -0.737816 -0.083501 -0.224087
v 0.468284 -0.036874 -0.179561
v 0.809036 0.002453 -0.220909
v 0.981892 0.105808 -0.197792
v -0.090615 -0.109432 -0.176192
v -0.739607 -0.073862 -0.258684
v -0.919207 0.013045 -0.189725
v -0.013667 -0.037126 -0.199488
v -0.829631 0.010752 -0.213454
v 0.965369 0.041854 -0.234045
v -0.995733 0.057286 -0.208615
v -0.997753 0.102023 -0.203521
v 0.733797 -0.105554 -0.235002
v -0.738481 -0.075625 -0.218144
v 0.866405 0.038446 -0.210015
v 0.069480 -0.109707 -0.176581
v -0.740361 -0.073597 -0.216740
v -0.358268 -0.037148 -0.195608
v 0.326984 -0.036787 -0.198445
v 0.998453 0.100562 -0.191534
v 0.182425 -0.109329 -0.120011
v -0.745926 -0.071436 -0.204832
v -0.646376 -0.037373 -0.161170
v 0.707613 -0.035629 -0.188502
v 0.127028 -0.037115 -0.197082
v -0.978001 0.102735 -0.161988
v 0.735355 -0.104018 -0.117389
v -0.782354 -0.062907 -0.181128
v -0.887667 0.047228 -0.146046
v -1.001470 0.093829 -0.162146
v 0.736713 -0.080828 -0.157065
v -0.110684 -0.037184 -0.150304
v 0.754817 -0.023393 -0.199193
v 0.995349 0.104654 -0.162222
v 0.525468 -0.108872 -0.138306
v -0.235742 -0.037214 -0.167898
v -0.984723 0.105441 -0.135497
v -0.511900 -0.037413 -0.153987
v 1.001280 0.062866 -0.129466
v 0.723498 -0.033916 -0.158798
v 0.740683 -0.072585 -0.162317
v 0.221730 -0.036919 -0.168938
v 0.805337 0.000410 -0.149725
v -0.426572 -0.109411 -0.125395
v 0.730706 -0.107053 -0.139032
v 0.817225 -0.051038 -0.139321
v 0.853818 -0.031263 -0.159356
v 0.929344 0.021166 -0.142928
v 0.968013 0.042688 -0.144026
v 0.995484 0.055119 -0.163968
v -0.685144 -0.107940 -0.134459
v -0.958373 0.089551 -0.173901
v 0.948496 0.086937 -0.161024
v 0.769232 -0.066639 -0.129229
v -0.803296 -0.055987 -0.130478
v -0.720954 -0.036287 -0.146149
v 0.853773 0.030431 -0.133691
v -1.002980 0.066757 -0.142324
v 0.303930 -0.109223 -0.129815
v -0.731501 -0.106824 -0.143273
v -0.771578 -0.017360 -0.120134
v -0.806838 -0.001884 -0.118628
v -0.991697 0.106063 -0.135388
v -0.735110 -0.103883 -0.113221
v -0.737527 -0.098994 -0.121124
v 0.566805 -0.036762 -0.113687
v -0.737997 -0.083394 -0.134497
v -0.731343 -0.034127 -0.127629
v 0.737944 -0.029593 -0.125667
v 1.001320 0.091133 -0.120153
v -0.571181 -0.108769 -0.117611
v -0.288299 -0.109446 -0.103525
v -0.745396 -0.071801 -0.116699
v -0.828745 0.010293 -0.139525
v -0.996371 0.057278 -0.145194
v 0.641923 -0.108120 -0.124977
v 0.064324 -0.037107 -0.119568
v 0.145888 -0.037016 -0.119006
v 0.990953 0.107392 -0.154480
v -0.141538 -0.109477 -0.089893
v -0.740402 -0.073636 -0.106534
v 0.800808 -0.057189 -0.095063
v -0.331847 -0.037134 -0.121156
v 0.916309 0.067783 -0.088374
v -0.738552 -0.075586 -0.106128
v 0.979117 0.105370 -0.130331
v 0.755203 -0.022940 -0.092853
v -0.998187 0.102909 -0.128976
v -0.958679 0.037283 -0.099583
v 0.026082 -0.109649 -0.071389
v -0.073289 -0.037080 -0.077357
v 0.325904 -0.036727 -0.084863
v 0.813468 0.004531 -0.097047
v -0.867703 -0.022616 -0.099708
v 1.002750 0.075062 -0.045675
v -0.959992 0.090373 -0.091442
v 0.731387 -0.106915 -0.101480
v -0.838248 -0.040141 -0.084363
v 0.857115 -0.028951 -0.073521
v 0.230210 -0.036836 -0.040733
v -0.919330 0.012942 -0.085991
v -1.001230 0.061798 -0.059885
v 0.998152 0.101241 -0.085557
v 0.423632 -0.108908 -0.064361
v 0.736008 -0.081129 -0.085491
v -0.583102 -0.037628 -0.078329
v 0.643835 -0.036434 -0.042507
v 0.976721 0.104822 -0.062806
v 0.737066 -0.075260 -0.038519
v 0.740495 -0.072606 -0.081515
v -0.775677 -0.064848 -0.054248
v 0.994342 0.054258 -0.045114
v -1.002580 0.081732 -0.043254
v 0.554014 -0.108757 -0.004518
v 0.735110 -0.101938 -0.056520
v 0.502183 -0.036759 -0.017299
v -0.991448 0.054571 -0.052004
v 0.999900 0.060376 -0.071241
v -0.984195 0.104807 -0.083024
v -0.719639 -0.036430 -0.049438
v -0.149978 -0.037097 -0.043268
v 0.036656 -0.037019 -0.024127
v -0.909851 0.060797 -0.052245
v -0.738387 -0.081819 -0.035236
v 0.712857 -0.035197 -0.049050
v -0.736163 -0.032458 -0.049116
v 0.665413 -0.107798 -0.039417
v 0.954665 0.035098 -0.055923
v -0.726785 -0.107687 -0.050733
v -0.659795 -0.037235 -0.009966
v -0.367809 -0.037027 -0.032091
v -0.259776 -0.037023 -0.014247
v -1.002020 0.092805 0.007067
v -0.732343 -0.106876 -0.007932
v 0.791191 -0.060531 -0.009877
v -0.823454 0.006984 -0.064709
v -0.994791 0.105050 -0.068472
v 0.728621 -0.106807 -0.051608
v 0.902567 0.002355 -0.043724
v -0.998940 0.100844 -0.032293
v 0.995391 0.104503 -0.019772
v 0.826801 -0.046180 -0.032525
v -0.487420 -0.037166 -0.033778
v -0.979882 0.103729 -0.015158
v 0.990953 0.107315 -0.032110
v -0.810798 -0.052812 -0.024744
v 0.141768 -0.036939 -0.035162
v -1.002990 0.068734 -0.031617
v -0.788517 -0.010602 -0.007532
v 0.804864 -0.000009 -0.049265
v 1.001640 0.064474 -0.007213
v -0.438059 -0.109261 -0.001656
v -0.276488 -0.109165 0.031499
v 0.302122 -0.109263 0.016979
v 0.740974 -0.071973 -0.025658
v -0.859680 0.030097 0.023108
v 0.432444 -0.109094 0.035459
v -0.738890 -0.098715 -0.000676
v -0.952677 0.034015 -0.026195
v -0.647995 -0.108392 -0.017233
v -0.123627 -0.109144 0.043996
v 0.736059 -0.030406 -0.030097
v 0.862323 0.035980 -0.012338
v -0.506418 -0.108927 0.084105
v -0.866887 -0.022985 -0.000106
v -0.912331 0.008710 0.046561
v -0.999600 0.059907 -0.025663
v 1.000810 0.093185 0.032845
v 0.998234 0.100474 0.000921
v 0.735809 -0.080657 -0.000381
v -0.848590 -0.034334 0.008611
v 0.985215 0.106544 -0.000087
v 0.714197 -0.107319 0.023295
v -0.736292 -0.104568 0.004208
v 0.817443 0.006466 0.037020
v -0.959330 0.090358 0.031335
v 0.730618 -0.106333 -0.002191
v 0.734798 -0.101665 -0.000769
v -0.552604 -0.037221 0.083884
v 0.365723 -0.036339 0.052331
v 0.761219 -0.020777 0.004270
v 0.999164 0.059313 -0.016815
v 0.934400 0.078444 0.002992
v -0.997612 0.103495 -0.004249
v -0.739091 -0.075253 -0.029563
v -0.744941 -0.071938 -0.010481
v 0.850693 -0.033132 0.046414
v 0.216488 -0.109278 0.063498
v -0.726798 -0.035963 0.043064
v 0.790599 -0.007666 0.038942
v 0.905885 0.003922 0.032468
v 0.858721 0.032889 0.077106
v 0.116746 -0.109371 0.067846
v -0.738927 -0.075559 -0.001826
v -0.820323 0.005418 0.027150
v 0.759582 -0.069405 0.037810
v 0.713378 -0.036207 0.022221
v 0.974432 0.102842 0.001710
v 0.229977 -0.036447 0.089629
v -0.992400 0.055089 0.049278
v 0.964229 0.039955 0.007273
v -1.001950 0.063682 0.002599
v 0.740231 -0.073330 0.041404
v 0.666652 -0.107506 0.105700
v -0.166096 -0.036839 0.057629
v -0.033568 -0.036700 0.044087
v 0.738802 -0.029605 0.062328
v -0.991883 0.107214 0.039679
v -0.953615 0.034731 0.074697
v -0.740426 -0.074919 0.014344
v -0.828018 -0.045338 0.062185
v -0.914763 0.063792 0.062277
v 0.738142 -0.075115 0.044769
v -0.442428 -0.036904 0.048708
v -1.001530 0.062532 0.063622
v 0.730151 -0.107049 0.045287
v -0.999643 0.103728 0.032451
v -0.014129 -0.109217 0.052531
v -0.735648 -0.106302 0.042155
v 0.735402 -0.103862 0.040341
v 0.114070 -0.036687 0.074008
v 0.637959 -0.036473 0.074980
v 1.002470 0.075162 0.036400
v -0.739032 -0.101456 0.063514
v -0.774204 -0.065257 0.082912
v 0.991043 0.106617 0.066847
v -0.800004 -0.056904 0.094962
v -0.330276 -0.036935 0.090532
v -0.876563 -0.016538 0.141311
v -1.003100 0.079578 0.081593
v -0.713947 -0.107380 0.054480
v -0.604594 -0.108362 0.085497
v -0.738822 -0.081270 0.056333
v 0.827599 -0.046094 0.090083
v 0.994341 0.054767 0.106648
v 0.713206 -0.036697 0.074359
v 0.969774 0.043378 0.101439
v 0.947367 0.030944 0.070211
v 0.935976 0.079316 0.078561
v -0.998626 0.059382 0.087331
v -0.745295 -0.072212 0.105426
v 0.788666 -0.061315 0.113562
v 0.736075 -0.080609 0.094532
v 0.753986 -0.023993 0.085363
v -0.789585 -0.010193 0.085123
v 0.978695 0.105153 0.078704
v -0.849917 -0.033671 0.096205
v 0.515500 -0.036448 0.129015
v -1.002670 0.065919 0.089586
v -0.845909 0.021630 0.120278
v 0.998624 0.058772 0.093321
v 1.001460 0.063963 0.068231
v 0.730789 -0.107010 0.132328
v -0.736665 -0.104828 0.151051
v -0.369865 -0.109094 0.115092
v -0.731849 -0.106928 0.107185
v 0.715496 -0.036508 0.140242
v -0.982504 0.105416 0.120800
v -0.740293 -0.074793 0.099025
v 0.766730 -0.067612 0.128391
v 0.815897 -0.051308 0.145219
v 0.998318 0.101036 0.115836
v 0.995461 0.104455 0.100762
v -0.059473 -0.036617 0.144833
v -0.206963 -0.109096 0.151722
v 0.740344 -0.073101 0.116853
v -0.727153 -0.035844 0.106615
v -0.239486 -0.036864 0.126593
v -0.811853 0.001125 0.177264
v 1.001340 0.090949 0.139831
v 1.002210 0.066931 0.110625
v -0.738587 -0.101259 0.150166
v -0.634527 -0.037167 0.165977
v 0.805495 -0.000297 0.125819
v -0.955808 0.088107 0.100698
v 0.588634 -0.108112 0.165967
v 0.737994 -0.075055 0.131634
v -1.001960 0.094309 0.167873
v 0.972036 0.101575 0.144864
v 0.285817 -0.109196 0.181496
v 0.408852 -0.109126 0.172939
v 0.750565 -0.025462 0.131337
v 0.934843 0.078555 0.134538
v 0.735390 -0.103151 0.136643
v 0.047915 -0.036690 0.188934
v 0.899160 -0.000559 0.136492
v -0.653524 -0.108044 0.199776
v 0.486386 -0.108878 0.153799
v -0.738569 -0.080484 0.132368
v -0.989015 0.053597 0.146473
v -1.000920 0.061427 0.119951
v -0.834263 -0.042063 0.157897
v 0.144525 -0.036450 0.199705
v 0.408361 -0.036216 0.207931
v -0.777780 -0.015285 0.187727
v 0.954737 0.035409 0.160907
v 0.834278 0.017380 0.163827
v -0.993165 0.106708 0.152936
v 0.843291 -0.037442 0.171552
v -0.999821 0.103435 0.151564
v -0.021316 -0.109030 0.160799
v -1.003100 0.075814 0.194374
v 0.990598 0.106604 0.188997
v 0.104116 -0.109291 0.212183
v 1.001240 0.063115 0.192185
v 0.179436 -0.109183 0.188104
v -0.487450 -0.037024 0.213172
v -0.914180 0.063410 0.192504
v -0.423273 -0.109027 0.211508
v -0.801775 -0.055989 0.186988
v -0.146526 -0.036658 0.201772
v 0.680493 -0.036435 0.196238
v -0.727953 -0.035896 0.160311
v -0.914225 0.009871 0.174096
v 0.998495 0.058800 0.185114
v -0.740464 -0.074860 0.153978
v -0.851290 -0.032469 0.201358
v 0.941272 0.027779 0.211134
v -0.732114 -0.106860 0.199530
v -0.330736 -0.036883 0.171941
v -0.953284 0.034845 0.185420
v 0.876613 0.044397 0.200230
v -0.982522 0.105153 0.188149
v 0.981126 0.105884 0.220026
v 0.864082 -0.024321 0.195794
v 0.993821 0.054519 0.200883
v 0.995119 0.104170 0.220673
v 0.281835 -0.036314 0.220394
v 0.802638 -0.001567 0.198431
v -0.957018 0.088919 0.215147
v -0.559994 -0.108514 0.236387
v -0.780090 -0.062992 0.246695
v -0.258324 -0.108958 0.260255
v -0.745532 -0.071831 0.178589
v -0.840367 0.018096 0.204083
v 0.735898 -0.080655 0.209656
v 0.742793 -0.027951 0.229354
v -0.095195 -0.108858 0.239545
v -0.739351 -0.077033 0.185715
v 0.756317 -0.069905 0.241985
v 1.002310 0.076103 0.248459
v 0.020971 -0.109114 0.272162
v 0.677930 -0.107364 0.225958
v -0.721061 -0.036178 0.209080
v 0.792804 -0.006277 0.248694
v 0.788995 -0.061067 0.218911
v -0.732740 -0.033919 0.217082
v -0.998355 0.099404 0.232013
v 0.947249 0.086135 0.239661
v -0.736537 -0.104866 0.211670
v -0.219015 -0.036755 0.223634
v 1.000660 0.093557 0.229677
v 0.997654 0.100892 0.246613
v -0.994012 0.103667 0.226405
v 0.729298 -0.106968 0.237352
v -0.738566 -0.101037 0.208846
v 0.968511 0.042933 0.228907
v -0.994934 0.056957 0.203795
v -1.002730 0.065741 0.218247
v -0.990483 0.105532 0.208348
v -0.738711 -0.080963 0.229262
v -0.739970 -0.074982 0.232384
v 0.974006 0.102725 0.265571
v 0.734839 -0.102308 0.241178
v -1.001410 0.092965 0.227370
v 0.582160 -0.108022 0.282437
v 0.740524 -0.072973 0.247440
v -0.838998 -0.039272 0.268613
v 0.818818 -0.049401 0.242529
v -0.457461 -0.036832 0.283921
v -0.313364 -0.036760 0.262927
v 0.382660 -0.108989 0.296835
v -0.745042 -0.071867 0.246169
v -0.870659 -0.019849 0.280818
v 0.482115 -0.108661 0.285179
v 0.737925 -0.074919 0.245407
v 0.565828 -0.036451 0.280325
v 0.998394 0.058823 0.298269
v 0.476809 -0.036157 0.286957
v 0.660179 -0.036256 0.276465
v -0.910771 0.007736 0.294393
v 0.826455 0.012201 0.277688
v 0.869663 0.040591 0.270279
v 0.850794 -0.032817 0.266873
v -0.034069 -0.036555 0.260491
v 0.184703 -0.036135 0.309028
v 0.717056 -0.036263 0.267561
v -0.981124 0.104725 0.238200
v -0.642134 -0.036855 0.288991
v -0.889938 0.048765 0.278860
v -0.961785 0.039597 0.290417
v -0.496292 -0.108662 0.321479
v -0.990187 0.105636 0.266474
v -0.997675 0.059193 0.266368
v 0.243537 -0.109165 0.295695
v -0.721534 -0.036357 0.261422
v -0.738170 -0.101527 0.271987
v -0.811585 -0.051889 0.312267
v -0.821090 0.005810 0.285957
v -0.718854 -0.106932 0.316069
v -0.739281 -0.076622 0.262761
v -0.963244 0.092981 0.278926
v 0.735676 -0.080810 0.300198
v -0.837079 -0.040248 0.343420
v -0.728163 -0.035107 0.275387
v -0.778412 -0.014904 0.289587
v 0.993691 0.054915 0.328228
v -1.000890 0.093558 0.356639
v 0.730279 -0.106863 0.280493
v 0.333819 -0.036170 0.328255
v 0.956027 0.036694 0.314876
v 0.812923 -0.051395 0.346189
v -0.170436 -0.036572 0.339903
v -0.074037 -0.036534 0.322343
v 0.919265 0.013883 0.300827
v 0.977866 0.047665 0.312896
v 1.001080 0.062650 0.341105
v 0.681519 -0.107150 0.331064
v 0.734615 -0.102112 0.303762
v 0.776337 -0.064551 0.328221
v 0.080288 -0.036410 0.301222
v -0.995031 0.103556 0.275748
v 0.747144 -0.026063 0.318150
v -0.998211 0.099648 0.320379
v 0.990746 0.106577 0.309015
v -0.745304 -0.071623 0.326170
v -0.439015 -0.036740 0.367281
v -1.002610 0.066097 0.310157
v 0.985397 0.107010 0.332206
v -0.632882 -0.107791 0.331026
v 0.808721 0.001290 0.323651
v -0.095427 -0.108381 0.364736
v 0.562040 -0.036279 0.399009
v -0.977408 0.102784 0.341543
v -0.316402 -0.108747 0.346109
v 0.835726 -0.040505 0.357963
v 0.718082 -0.035825 0.325169
v 0.873028 0.042413 0.321853
v 1.002170 0.072609 0.372557
v -0.957665 0.089378 0.336264
v 0.729946 -0.106897 0.305063
v 0.740356 -0.073023 0.321556
v 0.857889 -0.027619 0.358640
v -0.781621 -0.013595 0.341740
v 0.994840 0.104420 0.332062
v -0.993750 0.104340 0.325887
v 0.171451 -0.109135 0.363815
v -0.735599 -0.106042 0.324038
v 0.737782 -0.075122 0.336095
v -0.739202 -0.077065 0.334027
v -0.591816 -0.036915 0.348799
v 0.954577 0.090146 0.367194
v -0.985798 0.106229 0.378852
v -0.727766 -0.035096 0.337789
v -0.282555 -0.036560 0.372087
v 0.063562 -0.036332 0.376021
v -0.876497 0.040281 0.336135
v 0.997652 0.100540 0.335342
v -1.002460 0.080106 0.389317
v 1.000400 0.093296 0.377506
v 0.735123 -0.102813 0.339930
v -0.721326 -0.036186 0.369792
v 0.977302 0.104619 0.359509
v -0.996031 0.057792 0.370616
v -0.738160 -0.101454 0.394314
v 0.942070 0.028604 0.358319
v 0.471074 -0.108621 0.380092
v 0.730101 -0.106759 0.380495
v 0.663172 -0.036059 0.406633
v -0.948121 0.031790 0.389821
v -0.822563 0.006572 0.395129
v -0.373306 -0.108504 0.423593
v -0.781723 -0.062732 0.346876
v 0.614129 -0.107586 0.371314
v 0.665502 -0.107040 0.428681
v -0.740041 -0.075039 0.373042
v 0.719789 -0.035167 0.378666
v -0.701726 -0.107108 0.442457
v 0.711796 -0.036100 0.372356
v 0.808626 0.001707 0.389922
v -0.465384 -0.108182 0.467781
v 0.004010 -0.108644 0.411788
v 0.351734 -0.108892 0.403803
v -0.738745 -0.080609 0.380965
v -0.745258 -0.071754 0.373727
v 0.477689 -0.036081 0.401846
v 0.744596 -0.025927 0.420828
v -0.997585 0.101177 0.374772
v -0.581939 -0.108194 0.441953
v 0.740322 -0.073143 0.395288
v -0.868023 -0.021390 0.379430
v 0.870051 0.040814 0.406359
v -1.002620 0.066050 0.378152
v -0.993434 0.105004 0.385349
v -0.732831 -0.106443 0.437230
v -0.776265 -0.064576 0.411299
v -0.672072 -0.036546 0.408322
v -0.895014 0.051457 0.429846
v -0.979178 0.104088 0.438002
v 0.991152 0.106810 0.412324
v -0.028108 -0.036458 0.413798
v 0.930659 0.021538 0.429444
v -0.146338 -0.036501 0.425104
v -0.728075 -0.035009 0.397822
v 0.995208 0.104472 0.435182
v 0.735347 -0.103660 0.412062
v -0.809041 -0.053441 0.402450
v -0.353856 -0.036563 0.466682
v -0.788544 -0.010605 0.395667
v 0.779418 -0.063796 0.426434
v 0.265466 -0.036120 0.431614
v 0.968935 0.043613 0.428492
v -0.958089 0.089451 0.407149
v 0.572797 -0.107721 0.459387
v 0.998418 0.059127 0.432307
v 0.998130 0.100773 0.456284
v -0.841131 -0.038113 0.447307
v -0.998743 0.099096 0.408113
v -0.226030 -0.108269 0.443542
v 0.736177 -0.080746 0.470380
v 0.716278 -0.035945 0.438633
v -0.909132 0.007401 0.457885
v 1.002070 0.069827 0.463526
v -0.607924 -0.036887 0.466192
v 0.184440 -0.036241 0.450456
v 0.375056 -0.036095 0.466316
v -0.742413 -0.072962 0.458450
v -0.474304 -0.036735 0.440431
v 0.629668 -0.036044 0.505252
v 0.992825 0.054631 0.465647
v 0.979517 0.105017 0.467732
v 0.251293 -0.108730 0.506256
v -0.725298 -0.035719 0.456412
v -0.825479 0.008389 0.448300
v -0.110003 -0.108054 0.456548
v 0.811674 0.003352 0.444617
v 1.000880 0.063081 0.473065
v 0.737472 -0.074903 0.504537
v 1.000690 0.093313 0.474610
v 0.137945 -0.108757 0.519586
v -0.736627 -0.104810 0.467564
v -0.998181 0.101695 0.473699
v 0.993270 0.106816 0.526499
v 0.488684 -0.108135 0.535810
v -0.739224 -0.081251 0.469768
v 0.824822 -0.046292 0.489226
v -0.999058 0.060954 0.479664
v -1.002500 0.067053 0.470350
v -1.002050 0.089958 0.472705
v 0.945179 0.084312 0.477991
v 0.686140 -0.106647 0.511702
v -0.809078 -0.054256 0.508474
v 0.860310 -0.026382 0.495474
v -0.778700 -0.015227 0.502435
v 0.062292 -0.036310 0.477462
v -0.958523 0.038031 0.488190
v 0.479004 -0.036119 0.503075
v -0.956714 0.088373 0.508818
v -0.738587 -0.101281 0.466766
v 0.735011 -0.101092 0.464965
v 0.740587 -0.072562 0.492597
v 0.767557 -0.016635 0.480204
v 0.728765 -0.106853 0.460116
v -0.279247 -0.107803 0.523891
v 0.733653 -0.103939 0.464283
v 0.767981 -0.067140 0.503531
v 0.718609 -0.035778 0.479771
v 0.947008 0.031133 0.535106
v 0.368672 -0.108253 0.559005
v -0.845225 -0.037379 0.516033
v -0.691455 -0.035558 0.530705
v -0.214686 -0.036503 0.519079
v 0.127516 -0.036215 0.530324
v -0.995589 0.104153 0.500242
v -0.744182 -0.073080 0.480694
v -0.768744 -0.066994 0.503428
v -0.479784 -0.036748 0.545513
v -0.823143 0.006464 0.532440
v -0.988962 0.054526 0.515751
v -0.983070 0.105573 0.542455
v 0.983299 0.106017 0.507138
v -0.474531 -0.107533 0.562850
v 0.730293 -0.106062 0.519003
v 0.802482 -0.056585 0.510179
v -0.037008 -0.036438 0.478043
v -0.897912 0.052618 0.545711
v -0.368436 -0.107590 0.558293
v 0.047514 -0.108581 0.540607
v -0.737199 -0.105181 0.506739
v -0.115631 -0.036428 0.560838
v 0.975948 0.046215 0.546179
v 0.995614 0.056257 0.531670
v -0.726460 -0.035070 0.501315
v 0.864851 0.037687 0.542101
v -0.731837 -0.107012 0.506980
v -0.058548 -0.107327 0.569284
v -0.739272 -0.101817 0.528926
v -0.740556 -0.080735 0.512482
v -0.645903 -0.107712 0.543567
v -0.163593 -0.107190 0.577154
v -0.875637 -0.016155 0.523612
v -0.998854 0.061352 0.517901
v -0.992164 0.107268 0.552513
v -0.596160 -0.036569 0.562999
v 0.804067 0.000258 0.558788
v 0.913523 0.009954 0.523554
v 0.997834 0.103684 0.525744
v 0.839568 -0.039853 0.530000
v -1.003000 0.069549 0.517231
v 0.241426 -0.036153 0.578813
v 0.340888 -0.036144 0.592135
v 0.724491 -0.106860 0.557306
v 0.731951 -0.102193 0.533236
v 0.733697 -0.078952 0.529474
v 0.005117 -0.036331 0.563876
v -0.897907 0.000242 0.543267
v 0.736408 -0.073603 0.534379
v 0.875562 -0.016648 0.531289
v -0.735640 -0.107126 0.548069
v 0.860197 -0.027690 0.524464
v 0.714644 -0.035995 0.557035
v 0.742846 -0.027979 0.539161
v 0.778100 -0.012790 0.602420
v 1.000000 0.061122 0.572862
v -1.001520 0.094205 0.593913
v -0.999214 0.101214 0.545699
v 0.635633 -0.106826 0.606212
v -0.743667 -0.073871 0.529487
v -0.744840 -0.074026 0.547773
v -0.806331 -0.059144 0.548495
v -0.308624 -0.036490 0.622552
v -0.882575 -0.012295 0.540375
v 0.883073 -0.010447 0.539940
v 1.000740 0.093822 0.603212
v 0.957946 0.091800 0.558167
v -0.881894 -0.024325 0.544823
v 0.539407 -0.036152 0.591390
v 1.002090 0.073949 0.565836
v 0.988905 0.107095 0.608467
v -0.859414 -0.045845 0.568749
v 0.868254 -0.038174 0.541078
v 0.876915 -0.032037 0.541422
v -0.780976 -0.012696 0.615358
v 0.998108 0.102938 0.591958
v -0.740561 -0.080137 0.543123
v 0.817833 -0.053032 0.545482
v -0.914153 0.011387 0.597367
v -0.998217 0.059945 0.579400
v 0.785938 -0.065534 0.565670
v -0.720058 -0.033837 0.600822
v 0.730164 -0.080781 0.559313
v -0.886537 -0.015960 0.554175
v 0.879928 -0.012806 0.550341
v -0.964565 0.041269 0.583537
v -0.996528 0.105094 0.556673
v -0.982034 0.104445 0.607503
v -0.628891 -0.036381 0.627113
v -0.227638 -0.036405 0.628855
v 0.441993 -0.036163 0.599250
v -0.885992 -0.007899 0.560779
v -1.002870 0.069301 0.553641
v 0.888288 0.052084 0.592802
v -0.737524 -0.101587 0.570410
v -0.739376 -0.079064 0.571706
v -0.890243 -0.024565 0.564611
v 0.882441 -0.026130 0.565164
v -0.216103 -0.106877 0.648553
v 0.725293 -0.104238 0.576249
v -0.744568 -0.075028 0.571352
v 0.732141 -0.073810 0.567759
v 0.755315 -0.071868 0.581707
v 0.756703 -0.021718 0.614838
v 0.925181 0.018709 0.614650
v -0.999364 0.103245 0.596591
v -0.571650 -0.107338 0.646242
v -0.428977 -0.036406 0.656572
v -0.025667 -0.036315 0.634826
v 0.726044 -0.032819 0.589021
v 0.992900 0.054596 0.623714
v 0.980313 0.104750 0.609141
v 0.824511 -0.057338 0.606145
v -0.881449 -0.015264 0.570971
v -1.002640 0.079410 0.626342
v 0.279225 -0.107925 0.637631
v -0.731812 -0.107101 0.592819
v -0.840543 -0.054877 0.598140
v 0.182402 -0.036223 0.659533
v -0.882745 -0.009417 0.581666
v -1.001940 0.065979 0.622124
v -0.992222 0.107452 0.608379
v 0.993039 0.107165 0.591694
v -0.308259 -0.106862 0.669529
v 0.724709 -0.080212 0.583085
v 0.863882 -0.041600 0.601449
v 0.877403 -0.012623 0.581489
v 1.002030 0.067463 0.630351
v -0.947294 0.081980 0.621357
v 0.040224 -0.107798 0.671039
v 0.728685 -0.073984 0.582817
v 0.642325 -0.036016 0.630622
v -0.874892 -0.018756 0.584069
v 0.956461 0.036820 0.630740
v -0.482375 -0.106990 0.674786
v -0.880037 -0.031248 0.586516
v 0.096675 -0.036232 0.649714
v -0.829546 0.012148 0.623820
v 0.955533 0.090759 0.626604
v 0.461952 -0.107700 0.648501
v -0.735815 -0.076738 0.596738
v 0.713629 -0.103502 0.605735
v -0.760590 -0.073277 0.616604
v -0.864079 -0.045162 0.595260
v 0.876835 -0.018513 0.597755
v 0.703659 -0.106700 0.616755
v -0.872230 -0.016121 0.597636
v 0.878627 -0.011774 0.600621
v 0.832839 0.020851 0.638082
v 0.139400 -0.108114 0.640073
v -0.725401 -0.080861 0.619674
v 0.721134 -0.074286 0.602812
v 0.782772 -0.068404 0.641480
v -0.870631 -0.036421 0.614425
v -0.873830 -0.030722 0.607273
v -0.869844 -0.023487 0.599639
v -0.888058 -0.003824 0.633962
v 0.568536 -0.106759 0.673141
v 0.759307 -0.072385 0.660743
v 0.872756 -0.031502 0.621162
v -0.808680 0.002432 0.653163
v -1.002520 0.069557 0.642335
v -0.669116 -0.107342 0.641714
v 0.687399 -0.106934 0.641137
v -0.722142 -0.106036 0.620375
v 0.713145 -0.077669 0.609937
v -0.421324 -0.106948 0.683253
v -0.533049 -0.036360 0.679433
v -0.728775 -0.075496 0.624151
v 0.872167 -0.016233 0.616780
v -0.961465 0.040253 0.667763
v 0.994592 0.106624 0.631707
v 0.704765 -0.080648 0.621896
v 0.707069 -0.074427 0.628203
v 0.036673 -0.036108 0.724842
v -0.865755 -0.021646 0.622838
v -0.857720 -0.043691 0.640795
v -0.772960 -0.070946 0.658414
v 0.860456 -0.042966 0.648216
v -0.124116 -0.036172 0.657153
v 0.422311 -0.036242 0.685393
v 0.697490 -0.036032 0.636637
v -0.869783 -0.031188 0.629839
v 0.977367 0.104248 0.699347
v -0.998516 0.103109 0.666237
v 0.692690 -0.104442 0.638324
v -0.730211 -0.073494 0.692286
v -0.834212 -0.055006 0.634885
v 0.302889 -0.036201 0.678374
v -0.700866 -0.034491 0.665605
v -0.862047 -0.021804 0.639577
v 0.867295 -0.023013 0.656039
v 0.938818 0.027571 0.690869
v -0.998608 0.061359 0.665882
v -0.698536 -0.106448 0.653183
v -0.717333 -0.075067 0.639455
v 0.736376 -0.026039 0.664225
v 0.935279 0.080334 0.700700
v -0.086970 -0.106766 0.684395
v 0.691642 -0.080598 0.642390
v 0.832091 -0.054660 0.663882
v -0.751913 -0.018303 0.674233
v -0.873295 -0.010843 0.664065
v 0.998108 0.103213 0.651846
v 0.693065 -0.074829 0.648119
v -0.865471 -0.032930 0.652367
v 0.499095 -0.036070 0.721017
v 0.820420 0.017428 0.677109
v 1.000420 0.092962 0.699147
v -0.991891 0.107479 0.676698
v 0.993332 0.107136 0.660752
v 0.395189 -0.107305 0.703278
v 0.659917 -0.107098 0.671545
v -0.704228 -0.081777 0.650402
v -0.709504 -0.076108 0.650630
v 0.737732 -0.073232 0.689445
v -0.774029 -0.069239 0.684249
v 0.640107 -0.036359 0.694838
v -0.860573 -0.020753 0.656447
v 0.869008 -0.015933 0.664223
v 0.886041 0.054285 0.711118
v -0.979660 0.103800 0.744589
v 0.294972 -0.107211 0.706078
v -0.708904 -0.074330 0.657303
v 0.763282 -0.013234 0.675191
v -0.914041 0.063176 0.694086
v 0.998655 0.060823 0.691162
v -0.835055 -0.047018 0.686996
v -0.857181 -0.037884 0.673892
v -0.674247 -0.035069 0.689525
v 0.558567 -0.036276 0.691878
v -0.835928 0.020389 0.699152
v 0.676200 -0.102375 0.659745
v 0.668842 -0.079970 0.670895
v 0.674507 -0.074743 0.670436
v 0.778229 -0.068071 0.690520
v 0.640335 -0.107034 0.688310
v -0.807417 -0.057166 0.694613
v 0.867393 -0.033175 0.666113
v -0.860265 -0.025690 0.668640
v -0.958941 0.089623 0.700842
v -0.644138 -0.106749 0.694470
v 0.173947 -0.107336 0.708700
v -0.669236 -0.103807 0.683666
v -0.607199 -0.035392 0.718804
v 0.992207 0.055367 0.719914
v 1.001700 0.072266 0.684460
v -1.000400 0.094073 0.705897
v -0.677817 -0.078114 0.678242
v 0.660178 -0.101208 0.676370
v 0.244140 -0.036012 0.717494
v 0.688977 -0.030025 0.707126
v -0.855503 -0.019893 0.683450
v -0.992928 0.057815 0.731590
v -1.001550 0.068106 0.725811
v 0.860505 -0.033801 0.702795
v 0.861051 -0.021822 0.698397
v -0.948522 0.034356 0.718898
v 0.851502 -0.041814 0.699630
v -0.224611 -0.035670 0.707218
v -0.850475 -0.027273 0.687808
v 0.995365 0.105486 0.719045
v -0.663477 -0.080892 0.690120
v 0.656395 -0.074579 0.687455
v -0.839467 -0.039724 0.708978
v 0.864232 -0.015368 0.706443
v -0.713832 -0.021102 0.722592
v -0.880950 -0.002714 0.716977
v 0.803686 0.011948 0.699367
v 0.999808 0.064694 0.723679
v 0.987111 0.107272 0.720220
v 0.647546 -0.080253 0.688847
v -0.661431 -0.074943 0.699563
v 0.779943 -0.062895 0.714707
v -0.121956 -0.035492 0.713093
v -0.784459 0.003579 0.723420
v 0.850536 0.038426 0.737657
v -0.132764 -0.106266 0.722447
v 0.631321 -0.079214 0.700963
v -0.351259 -0.035824 0.712183
v -0.032708 -0.035560 0.710850
v 0.588899 -0.035958 0.718751
v 0.733253 -0.018547 0.708642
v -0.006051 -0.106772 0.732335
v 0.087800 -0.107173 0.734696
v 0.496944 -0.107000 0.711507
v 0.595951 -0.106654 0.713278
v 0.652169 -0.074296 0.694910
v 0.640612 -0.075064 0.698374
v 0.334975 -0.036167 0.720484
v -0.842477 -0.024862 0.709889
v 0.568259 -0.106728 0.725660
v 0.619055 -0.104442 0.706286
v -0.644659 -0.102531 0.700438
v -0.611642 -0.106307 0.715433
v -0.421882 -0.106496 0.732078
v -0.644062 -0.081877 0.704065
v -0.506559 -0.034848 0.726502
v -0.392371 -0.035366 0.721443
v 0.692492 -0.017923 0.746327
v -0.996394 0.102837 0.725687
v -0.646556 -0.075276 0.710402
v 0.627704 -0.074175 0.708664
v -0.744489 -0.067263 0.729558
v 0.854503 -0.035059 0.716800
v 0.769503 0.003852 0.736383
v -0.995190 0.060744 0.749760
v 0.996776 0.101675 0.776244
v -0.609969 -0.103762 0.721836
v -0.547334 -0.106379 0.732791
v 0.603738 -0.104554 0.715225
v 0.735514 -0.067819 0.725915
v 0.698429 -0.071730 0.722118
v -0.778579 -0.058471 0.726033
v 0.462707 -0.035751 0.723600
v -0.845895 0.032095 0.764884
v 0.036283 -0.107233 0.735014
v 0.612432 -0.075154 0.715255
v -0.810622 -0.039934 0.724761
v -0.829754 -0.031160 0.721868
v -0.678199 -0.023770 0.741177
v 0.916862 0.018102 0.755510
v -0.882864 0.046948 0.734386
v 0.591137 -0.104786 0.721358
v 0.602447 -0.081103 0.717295
v -0.620145 -0.078008 0.720929
v -0.715336 -0.070232 0.733270
v 0.822918 -0.041668 0.735885
v -0.443701 -0.034421 0.728113
v -0.292849 -0.034578 0.722726
v -0.199661 -0.034465 0.723972
v 0.817188 0.025957 0.752796
v -0.354510 -0.106307 0.733634
v -0.066315 -0.106490 0.732235
v 0.109292 -0.036014 0.726526
v 0.191029 -0.035001 0.728924
v -0.126505 -0.032341 0.731462
v -0.024022 -0.033483 0.726831
v 0.622183 -0.028624 0.739470
v 0.857129 -0.016089 0.734324
v 1.000150 0.073810 0.760547
v -0.998050 0.087757 0.761331
v -0.221608 -0.105912 0.733065
v 0.571628 -0.103253 0.728565
v 0.587680 -0.080285 0.724028
v 0.598821 -0.074941 0.723112
v 0.597777 -0.073722 0.727343
v 0.266613 -0.034993 0.727334
v 0.388950 -0.034933 0.728028
v -0.256722 -0.032083 0.732096
v -0.997673 0.065142 0.755731
v 0.169782 -0.107514 0.729116
v 0.249088 -0.107226 0.732548
v 0.353695 -0.107127 0.732612
v 0.456124 -0.107220 0.732549
v 0.530669 -0.107104 0.731568
v -0.583837 -0.103642 0.732256
v -0.187841 -0.105596 0.736625
v -0.611672 -0.074206 0.729825
v 0.585653 -0.074982 0.728239
v -0.687649 -0.069862 0.743638
v -0.367628 -0.028041 0.743497
v 0.352564 -0.029085 0.744788
v 0.442079 -0.027928 0.747351
v 0.557422 -0.028677 0.746781
v -0.836271 -0.020140 0.752120
v -0.750030 -0.000492 0.758014
v 0.751309 0.007485 0.770030
v 0.967765 0.100249 0.770870
v -0.984668 0.105617 0.775820
v 0.140301 -0.106479 0.735750
v 0.207597 -0.106804 0.734733
v 0.250138 -0.106256 0.735893
v -0.492592 -0.106404 0.732290
v -0.498667 -0.103573 0.738603
v -0.148278 -0.104446 0.737315
v -0.121360 -0.104998 0.735488
v 0.537933 -0.103416 0.735752
v -0.598594 -0.078234 0.730544
v 0.567487 -0.078991 0.730172
v -0.190103 -0.027427 0.745886
v -0.078224 -0.016985 0.770862
v 0.064117 -0.031965 0.738331
v 0.183174 -0.022993 0.760669
v -0.546064 -0.103696 0.737884
v -0.475617 -0.103648 0.738535
v -0.423347 -0.102459 0.738579
v -0.404619 -0.104943 0.736591
v -0.271008 -0.102607 0.737837
v -0.223306 -0.102469 0.739151
v -0.001262 -0.104968 0.736418
v 0.355656 -0.105281 0.736005
v 0.471194 -0.105263 0.736123
v -0.574597 -0.081376 0.736356
v 0.546660 -0.080229 0.735463
v -0.597222 -0.073300 0.736298
v 0.561022 -0.073665 0.738251
v 0.576131 -0.067878 0.769861
v 0.775422 -0.044775 0.759508
v -0.761922 -0.049392 0.748662
v 0.844175 -0.029963 0.740899
v -0.544694 -0.012082 0.783452
v 0.993546 0.060671 0.780016
v 0.946637 0.091113 0.804569
v 0.192899 -0.102708 0.738250
v -0.375192 -0.101098 0.738675
v -0.320864 -0.100965 0.737931
v -0.127660 -0.101781 0.738752
v -0.025080 -0.101349 0.738784
v 0.024794 -0.101237 0.738362
v 0.090682 -0.100727 0.738430
v 0.286293 -0.101492 0.738303
v 0.369108 -0.101712 0.737836
v 0.477468 -0.100950 0.738100
v 0.359713 -0.078517 0.737639
v 0.417887 -0.080784 0.738104
v 0.500615 -0.080786 0.738292
v 0.275290 -0.080437 0.737976
v -0.558949 -0.074813 0.740587
v 0.526398 -0.074099 0.739417
v 0.681807 -0.068004 0.747483
v -0.732990 -0.054870 0.759722
v 0.821961 -0.027876 0.771578
v -0.630638 -0.022405 0.754533
v -0.447174 -0.009980 0.787712
v 0.241050 -0.018990 0.769858
v -0.950877 0.086620 0.791732
v -0.180996 -0.101332 0.739975
v -0.128053 -0.097302 0.739585
v 0.135387 -0.080196 0.738591
v -0.528675 -0.080662 0.739964
v -0.411700 -0.080588 0.739472
v -0.205743 -0.080762 0.740201
v -0.055110 -0.081008 0.739920
v -0.146467 -0.080867 0.740245
v 0.041566 -0.080655 0.738464
v -0.291526 -0.080732 0.738650
v 0.222056 -0.081161 0.738013
v 0.478439 -0.080267 0.738505
v -0.498517 -0.074955 0.742022
v -0.402189 -0.074837 0.741864
v -0.304698 -0.074653 0.741625
v -0.212796 -0.075020 0.742195
v -0.107454 -0.074166 0.742517
v -0.010473 -0.073279 0.742747
v 0.044742 -0.073386 0.742417
v 0.131595 -0.073622 0.742915
v 0.168147 -0.073831 0.742528
v 0.224092 -0.073847 0.742138
v 0.269502 -0.074424 0.740226
v 0.382927 -0.074430 0.739798
v 0.444478 -0.074675 0.740366
v 0.488997 -0.073566 0.744237
v -0.565883 -0.072237 0.744611
v -0.467842 -0.073050 0.744540
v -0.389092 -0.072858 0.744556
v -0.285800 -0.072845 0.744582
v -0.148489 -0.072952 0.744607
v 0.309026 -0.072287 0.745012
v 0.441561 -0.072243 0.745127
v -0.700618 -0.059936 0.767158
v -0.713447 -0.001363 0.785747
v -0.897316 0.010642 0.771208
v -0.941235 0.034141 0.791778
v -0.989829 0.103236 0.792799
v -0.628154 -0.063932 0.779215
v -0.494370 -0.069187 0.762786
v -0.406288 -0.068283 0.764017
v -0.327920 -0.067254 0.768531
v -0.128470 -0.066980 0.771129
v -0.048239 -0.067396 0.768716
v 0.132457 -0.067661 0.770440
v 0.261185 -0.066861 0.771921
v 0.367289 -0.066146 0.774403
v 0.481805 -0.066713 0.772428
v -0.815256 -0.015238 0.802437
v 0.337190 -0.015137 0.777976
v -0.265310 -0.014402 0.776178
v -0.049520 -0.007171 0.794218
v 0.957473 0.041084 0.796930
v 0.988283 0.106324 0.785331
v -0.265130 -0.064948 0.777508
v 0.023093 -0.065170 0.780275
v 0.834867 -0.019844 0.780029
v -0.863554 -0.002921 0.782153
v -0.888460 0.055627 0.807165
v 0.998860 0.088101 0.786953
v -0.531855 -0.065862 0.777133
v 0.563629 -0.015233 0.778121
v -0.320877 -0.010029 0.787050
v 0.982320 0.054276 0.819010
v 0.973345 0.103372 0.799969
v -0.157361 -0.060219 0.794122
v -0.654356 -0.003942 0.795095
v 0.718401 0.014246 0.807417
v -0.801565 0.022603 0.796913
v -0.160279 -0.006588 0.794161
v 0.639271 -0.002881 0.794929
v 0.891209 0.011686 0.818608
v -0.985561 0.058163 0.809253
v -0.427944 -0.054199 0.810721
v 0.635319 -0.057353 0.796543
v 0.688231 -0.046664 0.806253
v -0.284807 0.001102 0.809183
v 0.069562 -0.009849 0.789686
v -0.365276 -0.056918 0.802719
v -0.666252 -0.045801 0.815466
v -0.770621 -0.026219 0.807649
v 0.434156 -0.007174 0.793947
v 0.201468 -0.056044 0.807168
v 0.747598 -0.030587 0.813327
v 0.809591 -0.018732 0.809274
v 0.547319 -0.000962 0.805298
v 0.826084 0.041226 0.816398
v -0.539424 -0.052413 0.817772
v -0.041708 -0.054662 0.811703
v -0.717963 -0.037784 0.810945
v 0.232102 -0.000001 0.808331
v 0.900443 0.069230 0.820554
v 0.318283 -0.053559 0.814082
v -0.605848 0.006297 0.817322
v 0.119367 0.000377 0.808927
v 0.780378 0.034085 0.825849
v -0.989085 0.068191 0.827221
v -0.989451 0.093903 0.826540
v -0.223019 -0.051616 0.818030
v 0.574140 -0.052053 0.818474
v 0.349763 0.002676 0.811921
v 0.064272 -0.053608 0.815066
v -0.452720 0.007694 0.820345
v 0.421199 0.007500 0.819330
v -0.881334 0.059402 0.850082
v 0.991439 0.103195 0.820396
v 0.978281 0.105960 0.851898
v 0.458219 -0.055086 0.809971
v -0.346722 0.009115 0.822822
v 0.705725 0.028944 0.840354
v 0.988181 0.061588 0.836506
v 0.991983 0.097271 0.832896
v -0.972758 0.104120 0.847194
v -0.107104 0.007467 0.820327
v 0.614673 0.033574 0.857695
v -0.733720 0.027751 0.843444
v -0.909333 0.025957 0.853076
v -0.299936 -0.044482 0.833524
v -0.091714 -0.046800 0.829823
v 0.396770 -0.048997 0.823843
v -0.629298 -0.041824 0.833221
v 0.647494 -0.043156 0.826738
v -0.208939 0.011973 0.827011
v 0.011814 0.009116 0.822718
v -0.983048 0.103332 0.844951
v -0.774494 0.029619 0.837715
v 0.883553 0.068036 0.858035
v 0.243599 -0.046723 0.829230
v 0.487717 -0.045686 0.832005
v -0.737475 -0.019980 0.840984
v 0.793201 -0.013426 0.833762
v 0.079618 0.033308 0.858487
v -0.964658 0.052956 0.875758
v -0.857510 0.055654 0.865447
v 0.989193 0.079134 0.853952
v -0.365115 -0.040010 0.840415
v 0.032912 -0.044655 0.834265
v 0.126004 -0.043682 0.835305
v 0.732648 -0.020838 0.840592
v -0.880763 0.021948 0.881189
v 0.864530 0.005597 0.848598
v 0.763121 0.041234 0.851617
v -0.983457 0.061450 0.842156
v 0.928524 0.086784 0.857967
v 0.963545 0.103313 0.855765
v -0.140327 -0.038521 0.843959
v 0.300822 -0.038078 0.843606
v 0.595155 -0.041066 0.838583
v -0.937626 0.085857 0.860022
v 0.984023 0.103216 0.861021
v -0.548568 -0.038563 0.844326
v -0.473754 -0.041309 0.838318
v -0.213914 -0.037436 0.844933
v -0.820674 0.003056 0.862456
v 0.205187 0.036945 0.864210
v 0.978696 0.056087 0.863159
v 0.849687 0.061255 0.869240
v -0.029820 -0.035000 0.849478
v 0.148433 -0.033194 0.852291
v 0.229721 -0.037896 0.844699
v 0.367463 -0.035760 0.847144
v -0.541236 0.040100 0.871847
v -0.021009 0.037183 0.865862
v 0.341152 0.037046 0.864465
v -0.673130 0.033803 0.859597
v 0.474707 0.045635 0.878489
v -0.771918 0.002650 0.880531
v -0.383436 0.042959 0.876553
v -0.273163 0.037755 0.867760
v -0.123779 0.046862 0.882583
v -0.460775 -0.024068 0.863329
v 0.078906 -0.031801 0.854613
v 0.456224 -0.027971 0.858832
v -0.706157 -0.017725 0.856706
v 0.691074 -0.014767 0.863176
v -0.830238 0.057958 0.886934
v -0.979656 0.075593 0.874263
v 0.762504 -0.002620 0.869271
v -0.653262 -0.016705 0.868176
v -0.202021 0.066947 0.915548
v 0.731310 0.054880 0.886256
v -0.957706 0.102623 0.891869
v -0.307457 -0.002618 0.893406
v 0.571136 -0.010352 0.881339
v 0.851835 0.017178 0.890271
v 0.930743 0.038531 0.890970
v 0.980592 0.066642 0.881360
v 0.016533 -0.000745 0.897757
v 0.365400 0.000319 0.898466
v -0.566975 -0.002800 0.892703
v 0.729976 0.002370 0.885294
v -0.927139 0.087803 0.896203
v -0.974038 0.101615 0.886926
v -0.418406 0.012812 0.915441
v -0.145424 0.000617 0.898396
v 0.229734 -0.001421 0.896104
v -0.711253 0.010263 0.904947
v -0.748152 0.013684 0.907242
v 0.895326 0.029583 0.898755
v -0.943299 0.050086 0.911430
v -0.764548 0.060210 0.902499
v -0.970631 0.061262 0.891211
v -0.906260 0.080836 0.902342
v 0.978214 0.092144 0.889509
v 0.970899 0.103795 0.895918
v 0.619204 0.007846 0.905474
v -0.582803 0.077969 0.934288
v -0.457375 0.064775 0.912426
v -0.960956 0.054980 0.897714
v 0.862517 0.085367 0.929715
v 0.957649 0.105907 0.894732
v -0.966431 0.104034 0.899349
v 0.695129 0.003787 0.892568
v 0.530716 0.073632 0.925209
v 0.135411 0.001242 0.900826
v 0.435800 -0.001656 0.895585
v 0.961432 0.053085 0.893438
v -0.272740 0.076621 0.931738
v 0.652280 0.075572 0.927831
v -0.541346 0.023427 0.931612
v -0.648824 0.009472 0.907820
v -0.659238 0.083634 0.943692
v 0.902398 0.086704 0.908111
v 0.967718 0.066443 0.911915
v 0.071402 0.074124 0.926400
v 0.165616 0.091520 0.954496
v 0.315556 0.076996 0.930900
v -0.962953 0.098506 0.917174
v 0.296254 0.032501 0.946026
v -0.853994 0.035941 0.932023
v -0.379129 0.082878 0.941855
v 0.441397 0.085941 0.945765
v -0.959553 0.073919 0.923440
v 0.802319 0.083610 0.937109
v -0.253610 0.024694 0.934808
v 0.488281 0.031332 0.943837
v -0.845346 0.083263 0.936590
v 0.718165 0.079982 0.933864
v -0.888857 0.084833 0.925372
v 0.959391 0.103242 0.919930
v 0.883900 0.052980 0.963859
v 0.951850 0.062889 0.932104
v 0.935335 0.104807 0.928130
v -0.943595 0.103837 0.922121
v 0.684637 0.038564 0.950890
v 0.930679 0.051020 0.930918
v -0.948367 0.061187 0.934734
v 0.239735 0.103619 0.974381
v 0.372736 0.031431 0.944854
v -0.777806 0.042363 0.957371
v -0.942781 0.103478 0.940331
v 0.942465 0.105253 0.934634
v -0.126452 0.038707 0.956445
v -0.007158 0.029396 0.941873
v 0.091527 0.034072 0.948462
v 0.557096 0.033606 0.945901
v 0.792278 0.042757 0.954272
v -0.053644 0.082469 0.940903
v -0.661598 0.039323 0.955208
v 0.189729 0.033740 0.948709
v 0.951118 0.095432 0.934312
v -0.918518 0.102966 0.941505
v -0.451981 0.035587 0.951494
v -0.894862 0.057128 0.966516
v -0.925723 0.057749 0.951698
v 0.916485 0.104675 0.947401
v -0.744990 0.090559 0.955415
v -0.478704 0.096385 0.963599
v -0.295787 0.103051 0.974246
v -0.153426 0.103337 0.974301
v 0.915493 0.057316 0.954909
v -0.928903 0.061948 0.955337
v 0.028696 0.102738 0.972462
v 0.380202 0.103075 0.974008
v -0.908527 0.105112 0.963208
v 0.429636 0.043176 0.963429
v 0.656175 0.042307 0.959287
v -0.931206 0.086383 0.956684
v 0.290632 0.105031 0.977354
v -0.881859 0.103739 0.961875
v 0.893059 0.104955 0.961027
v 0.928533 0.098567 0.953604
v -0.358055 0.042298 0.963586
v -0.864384 0.058415 0.979302
v 0.928196 0.071339 0.954807
v -0.555011 0.044689 0.966975
v 0.834076 0.056246 0.980558
v -0.579465 0.103915 0.976484
v -0.216825 0.103765 0.974119
v 0.857010 0.103321 0.965004
v 0.913526 0.103041 0.960638
v -0.805008 0.103547 0.974765
v -0.372206 0.106418 0.979721
v 0.523942 0.104023 0.975280
v -0.915940 0.100627 0.964665
v -0.234303 0.042463 0.964160
v -0.019359 0.043414 0.965211
v 0.116490 0.045134 0.968184
v 0.346152 0.044652 0.967672
v 0.547189 0.044639 0.966180
v -0.682203 0.104970 0.979220
v -0.432172 0.104114 0.976284
v 0.080791 0.104579 0.975342
v 0.644620 0.104396 0.976666
v 0.241240 0.045350 0.968934
v 0.899220 0.066694 0.970545
v 0.906012 0.090643 0.968494
v -0.053550 0.103599 0.974141
v 0.765390 0.104989 0.975780
v 0.834196 0.106643 0.978905
v 0.885839 0.104054 0.973365
v -0.648555 0.058325 0.992262
v -0.432150 0.055058 0.988039
v 0.564056 0.056231 0.990537
v 0.738374 0.055464 0.985641
v 0.865757 0.060153 0.979875
v -0.872948 0.104111 0.980063
v -0.029295 0.054678 0.987944
v 0.116311 0.053912 0.987755
v 0.037257 0.056181 0.992351
v 0.397030 0.053499 0.986924
v 0.496824 0.055753 0.990424
v -0.832913 0.059013 0.986324
v -0.884981 0.064193 0.976725
v -0.897639 0.091132 0.974813
v -0.843022 0.105732 0.981477
v 0.016200 0.107711 0.984357
v 0.180948 0.107841 0.983515
v -0.290690 0.056844 0.992390
v -0.866675 0.071915 0.984234
v 0.872917 0.069862 0.981496
v 0.860750 0.090801 0.985374
v -0.272819 0.107223 0.984878
v -0.162398 0.107167 0.984598
v -0.079994 0.107900 0.984856
v 0.108994 0.108461 0.985528
v 0.705513 0.107770 0.989178
v -0.563290 0.058811 0.992903
v -0.783428 0.056648 0.987735
v -0.706262 0.059139 0.992365
v 0.610331 0.057223 0.991255
v -0.869260 0.099013 0.983565
v -0.784618 0.106508 0.989562
v -0.601437 0.108222 0.987815
v -0.485287 0.107751 0.986696
v 0.249403 0.108399 0.988207
v 0.372956 0.108072 0.988179
v 0.484929 0.108079 0.988032
v 0.615609 0.107819 0.987466
v 0.771654 0.107292 0.986920
v 0.826373 0.103580 0.988336
v -0.180277 0.055530 0.989759
v 0.287854 0.054680 0.988739
v 0.824225 0.065256 0.990054
v -0.829209 0.102129 0.990990
v -0.701039 0.106919 0.993226
v -0.647739 0.107524 0.992500
v -0.453893 0.108558 0.992787
v -0.345340 0.108680 0.992275
v -0.170281 0.108155 0.990962
v -0.033548 0.108480 0.992794
v 0.125037 0.108674 0.993049
v 0.180436 0.108296 0.992803
v 0.216267 0.108203 0.991943
v 0.417179 0.107524 0.993379
v 0.547095 0.107779 0.993609
v 0.727746 0.105831 0.993032
v 0.330775 0.058234 0.994656
v 0.428599 0.059807 0.996707
v 0.671260 0.060893 0.994459
v 0.780182 0.064105 0.994212
v -0.807535 0.071873 0.994272
v -0.818462 0.092326 0.994406
v 0.792694 0.104146 0.992154
v -0.587049 0.107633 0.994255
v -0.410119 0.108113 0.993424
v -0.294603 0.107478 0.995073
v -0.155114 0.107421 0.994989
v -0.092175 0.108274 0.993160
v 0.052321 0.109054 0.991875
v 0.256785 0.107447 0.993722
v 0.330243 0.107164 0.993937
v 0.488694 0.107296 0.994068
v 0.618774 0.107139 0.993961
v -0.473945 0.060817 0.995821
v -0.359441 0.058912 0.995026
v -0.202483 0.058945 0.995381
v -0.068853 0.059160 0.995583
v -0.027475 0.058396 0.994168
v 0.110779 0.060629 0.997332
v 0.195494 0.060598 0.997259
v -0.752588 0.064841 0.996107
v 0.806109 0.089741 0.994544
v -0.769301 0.103038 0.995498
v 0.685846 0.103432 0.997159
v -0.028093 0.105078 0.999185
v 0.001935 0.105123 0.998334
v 0.035719 0.105599 0.997090
v 0.068011 0.106260 0.996942
v -0.611426 0.068255 1.000670
v -0.425542 0.062919 0.998061
v -0.243482 0.062035 0.998452
v -0.065127 0.062121 0.998710
v -0.041465 0.066379 1.001290
v 0.052479 0.066578 1.001220
v 0.328960 0.063737 0.999685
v 0.559810 0.064143 0.997917
v -0.648192 0.071020 1.000380
v 0.728294 0.070513 0.999007
v 0.668044 0.070428 0.999796
v 0.752009 0.090121 0.999094
v 0.749959 0.099563 0.997389
v -0.661208 0.102936 0.999025
v -0.599301 0.103078 0.999864
v -0.488878 0.105074 0.998845
v -0.416940 0.104870 0.998813
v -0.338255 0.104981 0.998938
v -0.118345 0.104674 0.999087
v -0.091918 0.103125 1.000500
v 0.124253 0.103349 0.999323
v 0.205990 0.104030 0.998302
v 0.271451 0.103257 0.998505
v 0.343140 0.103658 0.998606
v 0.418090 0.103277 0.998553
v 0.533200 0.103967 0.998628
v 0.594136 0.099287 1.000430
v -0.555073 0.069012 1.000490
v -0.483952 0.068659 1.000670
v -0.376265 0.066807 1.000140
v -0.282309 0.067428 1.000630
v -0.140964 0.066633 1.000670
v 0.113401 0.069873 1.001860
v 0.230176 0.066739 1.000810
v 0.460510 0.068662 1.001120
v 0.562661 0.070298 1.000380
v -0.241010 0.072884 1.001300
v 0.359549 0.074164 1.001820
v -0.718492 0.089488 1.000090
v -0.400639 0.085498 1.001750
v -0.171290 0.089640 1.002000
v 0.516509 0.089761 1.001800
v -0.255273 0.093318 1.001540
v -0.351999 0.093056 1.001690
v -0.654413 0.093514 1.000960
v 0.680505 0.092903 1.000540
v -0.564968 0.091887 1.001690
v -0.484802 0.091572 1.001940
v -0.481506 0.101272 1.001070
v -0.417154 0.101415 1.000780
v -0.269577 0.101187 1.000610
v -0.340984 0.101483 1.000850
v 0.202321 0.101002 0.999985
v 0.162919 0.087340 1.002380
v 0.252221 0.092659 1.001630
v 0.418988 0.090244 1.001720
v 0.336610 0.092211 1.001800
v -0.129078 0.101400 1.000960
v 0.021550 0.088924 1.002170
v 0.035542 0.100808 0.999822
v -0.112921 0.096557 1.002160
v -0.035981 0.098355 1.002170
v 0.241031 0.075471 1.002090
vn 0.0021 -0.1518 -0.9884
vn 0.0084 -0.3334 -0.9427
vn -0.0033 -0.5897 -0.8076
vn -0.0041 -0.0356 -0.9994
vn -0.0092 -0.4841 -0.8750
vn 0.0002 0.0037 -1.0000
vn -0.0041 -0.2976 -0.9547
vn 0.0037 -0.2854 -0.9584
vn -0.0009 -0.0227 -0.9997
vn -0.0007 -0.2597 -0.9657
vn -0.0011 -0.1573 -0.9876
vn 0.0036 0.0501 -0.9987
vn 0.0026 -0.4315 -0.9021
vn -0.0000 0.0124 -0.9999
vn 0.0015 -0.0039 -1.0000
vn -0.0070 -0.1877 -0.9822
vn 0.0058 -0.3961 -0.9182
vn 0.0038 -0.0614 -0.9981
vn 0.0008 -0.2006 -0.9797
vn 0.0004 -0.0335 -0.9994
vn -0.0006 -0.1068 -0.9943
vn -0.0022 0.1026 -0.9947
vn 0.0077 -0.1768 -0.9842
vn 0.0108 0.1330 -0.9911
vn 0.0134 -0.1795 -0.9837
vn 0.0394 -0.0095 -0.9992
vn 0.0043 0.1151 -0.9933
vn -0.0002 0.0960 -0.9954
vn 0.0047 0.1368 -0.9906
vn 0.0012 0.1552 -0.9879
vn -0.0001 0.1273 -0.9919
vn -0.0017 0.1298 -0.9915
vn -0.0059 -0.0391 -0.9992
vn -0.0031 0.2712 -0.9625
vn 0.0020 0.2870 -0.9579
vn -0.0128 -0.7440 -0.6680
vn -0.0197 -0.5176 -0.8554
vn 0.0011 -0.6729 -0.7398
vn -0.0084 -0.5784 -0.8157
vn -0.0104 -0.6492 -0.7606
vn 0.0109 -0.6929 -0.7209
vn 0.0184 -0.4100 -0.9119
vn -0.0033 -0.5063 -0.8624
vn 0.0636 -0.2704 -0.9607
vn 0.0121 -0.5692 -0.8221
vn -0.0192 -0.3768 -0.9261
vn 0.0055 -0.4852 -0.8744
vn -0.0007 -0.4370 -0.8994
vn -0.0006 -0.4964 -0.8681
vn 0.0073 -0.5940 -0.8044
vn 0.0053 -0.5769 -0.8168
vn -0.0376 -0.2984 -0.9537
vn -0.0772 0.0754 -0.9942
vn -0.0402 0.3991 -0.9160
vn -0.0184 0.1876 -0.9821
vn 0.0323 0.2277 -0.9732
vn 0.1074 0.2182 -0.9700
vn -0.0041 0.2741 -0.9617
vn 0.0036 0.5133 -0.8582
vn 0.0020 0.3217 -0.9468
vn 0.0001 0.3143 -0.9493
vn 0.0059 0.5728 -0.8197
vn 0.0137 0.4857 -0.8740
vn -0.0612 0.6128 -0.7879
vn 0.0044 0.5325 -0.8464
vn -0.0017 0.5978 -0.8016
vn -0.0006 0.5004 -0.8658
vn -0.0008 0.5165 -0.8563
vn -0.0008 0.3555 -0.9347
vn -0.0125 0.6510 -0.7590
vn 0.0006 0.6283 -0.7780
vn 0.0057 0.6569 -0.7539
vn -0.0021 0.6893 -0.7245
vn 0.0004 0.6716 -0.7409
vn 0.0038 0.6837 -0.7298
vn 0.0051 0.8270 -0.5622
vn 0.0033 0.6729 -0.7397
vn 0.0029 -0.8264 -0.5631
vn -0.0122 -0.8222 -0.5691
vn 0.0031 -0.8403 -0.5421
vn 0.0033 -0.8556 -0.5176
vn 0.0042 -0.8140 -0.5808
vn -0.0800 -0.4960 -0.8646
vn -0.0254 -0.7692 -0.6385
vn 0.0021 -0.8376 -0.5463
vn -0.0002 -0.8159 -0.5781
vn 0.0005 -0.7979 -0.6028
vn -0.0004 -0.8112 -0.5848
vn -0.1127 -0.1249 -0.9858
vn 0.0337 -0.7402 -0.6715
vn 0.0688 -0.7315 -0.6784
vn 0.1303 -0.4851 -0.8647
vn -0.1821 0.0689 -0.9809
vn -0.0914 0.6940 -0.7141
vn 0.0344 0.5955 -0.8026
vn 0.0223 0.8857 -0.4638
vn 0.0070 0.7969 -0.6041
vn -0.0128 0.9388 -0.3442
vn -0.0067 0.8590 -0.5119
vn -0.0005 0.8588 -0.5123
vn 0.0020 0.8583 -0.5132
vn 0.0116 0.9196 -0.3926
vn 0.0011 0.9388 -0.3445
vn -0.0004 0.9443 -0.3292
vn 0.0028 0.9604 -0.2786
vn -0.0011 0.9067 -0.4218
vn 0.0027 0.9138 -0.4063
vn 0.0007 0.9291 -0.3698
vn 0.0076 0.9142 -0.4051
vn -0.0786 -0.8044 -0.5888
vn 0.0001 -0.8765 -0.4814
vn -0.0019 -0.8698 -0.4934
vn 0.0020 -0.8823 -0.4707
vn 0.0093 -0.8684 -0.4957
vn -0.0002 -0.8476 -0.5306
vn -0.0002 -0.8501 -0.5267
vn 0.0103 -0.8443 -0.5358
vn -0.2094 -0.4069 -0.8892
vn 0.2077 -0.3544 -0.9117
vn 0.1877 0.4883 -0.8523
vn -0.0962 0.7556 -0.6480
vn 0.0363 0.8716 -0.4889
vn -0.0244 0.9865 -0.1618
vn 0.0063 0.9981 -0.0619
vn 0.0092 0.9774 -0.2113
vn -0.0017 0.9875 -0.1578
vn -0.0010 0.9945 -0.1045
vn 0.0030 0.9864 -0.1643
vn -0.0039 0.9715 -0.2372
vn -0.0057 -0.8904 -0.4552
vn -0.2754 0.2331 -0.9326
vn 0.0127 0.9996 -0.0245
vn -0.0045 0.9761 0.2173
vn 0.0007 0.9744 0.2249
vn 0.0026 0.9980 0.0636
vn 0.0038 0.9963 0.0855
vn 0.0062 0.9949 0.1009
vn -0.0055 0.9899 0.1418
vn 0.0046 0.9992 0.0408
vn -0.0009 -0.8989 -0.4382
vn 0.0017 -0.8921 -0.4518
vn -0.0658 -0.9084 -0.4128
vn -0.0228 -0.8947 -0.4461
vn 0.0004 -0.8890 -0.4580
vn -0.0001 -0.8744 -0.4851
vn 0.0011 -0.8899 -0.4562
vn -0.0034 -0.8693 -0.4943
vn 0.0013 -0.8782 -0.4784
vn -0.0012 -0.8746 -0.4848
vn 0.0008 -0.8841 -0.4673
vn 0.0025 -0.8862 -0.4632
vn 0.0665 -0.8832 -0.4642
vn -0.3551 -0.2644 -0.8967
vn -0.2027 -0.7751 -0.5984
vn 0.3383 -0.3348 -0.8795
vn -0.1425 0.8371 -0.5281
vn 0.0140 0.9999 0.0068
vn 0.0033 0.9719 0.2352
vn -0.0013 0.9502 0.3116
vn 0.0004 0.9538 0.3005
vn -0.0023 0.9633 0.2684
vn -0.0025 0.9695 0.2449
vn 0.0137 -0.8908 -0.4542
vn 0.0345 -0.8897 -0.4552
vn 0.1703 -0.7986 -0.5773
vn -0.3392 0.5264 -0.7796
vn 0.3888 0.2487 -0.8871
vn 0.1583 0.9223 -0.3525
vn 0.0001 0.9104 0.4137
vn -0.0027 0.8900 0.4559
vn -0.0027 0.9063 0.4226
vn 0.0053 0.9035 0.4285
vn 0.0048 0.8978 0.4404
vn -0.0046 0.8904 0.4551
vn -0.0024 0.8854 0.4649
vn 0.0026 0.9254 0.3790
vn 0.0019 0.9464 0.3230
vn -0.0022 0.9336 0.3582
vn 0.0016 -0.8502 -0.5264
vn -0.4032 -0.5767 -0.7105
vn -0.4221 0.5145 -0.7465
vn 0.0004 0.8746 0.4849
vn -0.0016 0.8707 0.4918
vn -0.0010 0.8682 0.4962
vn 0.0013 0.8658 0.5003
vn -0.0113 0.9395 0.3423
vn 0.0453 0.9731 0.2260
vn -0.0036 0.8812 0.4726
vn 0.2046 0.8659 -0.4564
vn 0.4344 0.6209 -0.6525
vn -0.0661 0.9939 -0.0883
vn 0.0025 0.8665 0.4991
vn 0.0006 0.8601 0.5102
vn -0.0039 0.8680 0.4965
vn -0.0012 -0.8609 -0.5088
vn 0.0903 -0.8985 -0.4295
vn 0.2482 -0.8117 -0.5288
vn 0.5866 0.1347 -0.7986
vn 0.4606 -0.3770 -0.8036
vn 0.0131 0.8519 0.5236
vn -0.0156 0.8508 0.5253
vn -0.0025 0.8379 0.5459
vn -0.1128 0.8669 0.4856
vn -0.0739 0.9616 0.2642
vn -0.0048 -0.8420 -0.5395
vn -0.0007 -0.8422 -0.5392
vn -0.0016 -0.8370 -0.5472
vn -0.0001 -0.8394 -0.5436
vn 0.0015 -0.8407 -0.5415
vn -0.1278 -0.9101 -0.3942
vn -0.5975 -0.3239 -0.7335
vn -0.5395 0.5076 -0.6717
vn -0.0023 0.8385 0.5449
vn 0.0058 0.8442 0.5360
vn -0.0034 0.8432 0.5376
vn -0.0002 0.8446 0.5354
vn 0.0003 0.8424 0.5389
vn -0.0238 -0.8627 -0.5052
vn 0.0016 -0.8487 -0.5289
vn 0.0017 -0.8420 -0.5395
vn 0.0059 -0.8520 -0.5235
vn -0.2134 -0.9185 -0.3329
vn 0.6567 -0.3240 -0.6810
vn 0.0063 0.8486 0.5290
vn 0.0009 0.8413 0.5406
vn -0.0025 0.8465 0.5324
vn -0.0041 0.8477 0.5304
vn -0.0832 0.8800 0.4677
vn -0.0303 0.8686 0.4945
vn 0.1349 0.9172 0.3749
vn 0.0173 -0.8615 -0.5074
vn 0.2132 -0.9186 -0.3328
vn 0.4016 -0.8017 -0.4428
vn -0.0010 0.8460 0.5332
vn 0.0474 0.8532 0.5194
vn -0.1763 0.9715 -0.1586
vn 0.2370 0.9532 -0.1877
vn -0.0007 -0.8221 -0.5693
vn -0.4544 -0.7808 -0.4289
vn 0.0049 0.8493 0.5279
vn -0.0005 0.8433 0.5374
vn -0.0012 0.8372 0.5469
vn 0.6049 0.5460 -0.5796
vn 0.2286 0.9252 0.3029
vn -0.1883 0.9526 0.2389
vn 0.0016 -0.8164 -0.5775
vn -0.0647 -0.8859 -0.4594
vn -0.7496 -0.3410 -0.5673
vn 0.0012 0.8461 0.5330
vn 0.7937 0.2557 -0.5519
vn 0.1226 0.8667 0.4836
vn 0.0010 -0.8206 -0.5715
vn 0.0001 -0.8229 -0.5681
vn 0.0669 -0.8623 -0.5019
vn -0.0146 0.8585 0.5127
vn 0.0033 -0.8234 -0.5675
vn -0.0032 -0.8593 -0.5114
vn -0.7247 0.4669 -0.5067
vn 0.2165 0.8854 0.4113
vn -0.0273 -0.8290 -0.5586
vn 0.0062 -0.8225 -0.5688
vn 0.0176 -0.8265 -0.5626
vn 0.0809 0.8804 0.4673
vn -0.2764 0.9039 0.3266
vn -0.0033 -0.8138 -0.5811
vn 0.1610 -0.9112 -0.3792
vn 0.4907 -0.8163 -0.3048
vn 0.0005 -0.8253 -0.5647
vn 0.7740 -0.3788 -0.5074
vn 0.0413 0.8755 0.4814
vn -0.0008 0.8381 0.5455
vn -0.1740 0.9025 0.3939
vn -0.0588 -0.8538 -0.5172
vn -0.1088 -0.8892 -0.4443
vn -0.5087 -0.8116 -0.2871
vn 0.0006 0.8410 0.5410
vn -0.0013 0.8382 0.5453
vn -0.0010 0.8393 0.5436
vn 0.1442 0.9022 0.4065
vn -0.0506 0.9963 0.0697
vn 0.0401 -0.8388 -0.5430
vn 0.6371 0.7045 -0.3127
vn 0.3069 0.9326 0.1900
vn 0.0008 -0.8224 -0.5689
vn -0.1848 -0.9175 -0.3522
vn -0.8343 -0.3971 -0.3824
vn 0.0269 0.8621 0.5060
vn -0.2870 0.9526 -0.1004
vn -0.3016 -0.9253 -0.2301
vn -0.0005 0.8394 0.5435
vn 0.9160 0.1888 -0.3540
vn 0.8507 -0.4289 -0.3040
vn -0.8144 0.5063 -0.2834
vn 0.3560 0.8821 0.3085
vn -0.0075 -0.8185 -0.5745
vn 0.2645 -0.9249 -0.2730
vn 0.0008 0.8440 0.5364
vn -0.0142 0.8502 0.5263
vn 0.0034 -0.8352 -0.5499
vn 0.3650 -0.9127 -0.1839
vn -0.0015 0.8381 0.5456
vn -0.0072 0.8429 0.5380
vn -0.6080 -0.7765 -0.1658
vn 0.0112 0.8487 0.5288
vn -0.3760 0.9078 0.1857
vn -0.3318 0.9306 0.1546
vn -0.0072 -0.8351 -0.5500
vn 0.0048 -0.8388 -0.5443
vn 0.0023 -0.8488 -0.5287
vn 0.1088 -0.8911 -0.4405
vn -0.1751 -0.9133 -0.3678
vn -0.0015 0.8390 0.5442
vn -0.0848 0.8885 0.4509
vn 0.0662 0.8841 0.4627
vn 0.1231 0.9022 0.4133
vn 0.2530 0.9238 0.2874
vn 0.0015 -0.8337 -0.5522
vn 0.5741 -0.8071 -0.1378
vn -0.0957 0.9081 0.4077
vn -0.9107 -0.3535 -0.2136
vn -0.9624 0.0010 -0.2715
vn 0.5078 0.8405 0.1888
vn 0.4023 0.8932 0.2009
vn 0.4537 0.8769 -0.1590
vn -0.0241 -0.8460 -0.5327
vn -0.0028 -0.8338 -0.5521
vn 0.0241 -0.8418 -0.5392
vn -0.3987 -0.9088 -0.1233
vn -0.0010 0.8390 0.5442
vn -0.8001 0.5606 -0.2133
vn 0.3218 0.9454 0.0522
vn -0.0058 -0.8473 -0.5311
vn -0.0677 -0.8589 -0.5077
vn -0.0036 -0.8645 -0.5026
vn 0.0079 -0.8478 -0.5303
vn -0.1582 0.9213 0.3551
vn 0.9786 0.0811 -0.1892
vn -0.0819 0.9959 -0.0383
vn 0.0017 -0.8587 -0.5125
vn 0.6896 0.7107 -0.1391
vn -0.1242 0.9916 0.0361
vn -0.0053 -0.8796 -0.4758
vn -0.2571 -0.9272 -0.2724
vn -0.0428 0.8636 0.5024
vn -0.2439 0.9306 0.2730
vn 0.4829 0.8692 0.1059
vn -0.0022 -0.8692 -0.4945
vn 0.0025 -0.8775 -0.4796
vn 0.0011 -0.8626 -0.5059
vn 0.1899 0.9194 0.3446
vn 0.1177 -0.9019 -0.4156
vn 0.0217 0.8605 0.5090
vn -0.0019 0.8431 0.5378
vn 0.0663 0.8764 0.4771
vn 0.8626 -0.4872 -0.1360
vn -0.9786 0.1278 -0.1615
vn -0.0408 -0.8968 -0.4406
vn 0.0683 -0.8803 -0.4694
vn -0.7220 0.6818 -0.1173
vn -0.0094 -0.8937 -0.4487
vn 0.0032 -0.8877 -0.4605
vn -0.1029 -0.9010 -0.4214
vn 0.1770 -0.9179 -0.3552
vn 0.2512 -0.9323 -0.2603
vn 0.0001 0.8397 0.5431
vn 0.0001 0.8278 0.5610
vn -0.0066 0.8379 0.5457
vn -0.0248 0.8543 0.5191
vn 0.1480 0.9039 0.4014
vn -0.3455 0.9222 0.1737
vn -0.4627 0.8838 0.0696
vn -0.0024 -0.8990 -0.4379
vn 0.3416 -0.9240 -0.1720
vn 0.0016 0.8552 0.5183
vn 0.0010 0.8464 0.5326
vn 0.4505 -0.8902 -0.0675
vn 0.3884 0.9096 0.1474
vn 0.4235 0.9038 0.0608
vn 0.0040 -0.9079 -0.4193
vn 0.0358 -0.9046 -0.4249
vn 0.0016 0.8402 0.5423
vn -0.0684 0.8729 0.4831
vn 0.2982 0.9247 0.2366
vn -0.9845 -0.1283 -0.1193
vn -0.0038 0.8446 0.5353
vn -0.7544 -0.6505 -0.0877
vn -0.0001 -0.9208 -0.3899
vn -0.0042 -0.9045 -0.4265
vn -0.0021 -0.9264 -0.3765
vn 0.0085 -0.9126 -0.4088
vn -0.3584 -0.9171 -0.1744
vn 0.0015 0.8566 0.5159
vn 0.9906 -0.0752 -0.1140
vn -0.4395 0.8956 0.0680
vn -0.8899 0.4479 -0.0866
vn 0.7412 0.6629 -0.1059
vn 0.1714 0.9848 -0.0266
vn 0.0029 -0.9279 -0.3728
vn 0.0003 -0.9248 -0.3804
vn 0.0023 -0.9284 -0.3717
vn 0.2543 0.9272 0.2751
vn -0.1561 -0.9148 -0.3727
vn -0.9869 0.1304 -0.0945
vn -0.2915 0.9562 -0.0248
vn -0.0670 -0.9389 -0.3376
vn 0.0043 0.8662 0.4996
vn 0.4236 -0.8992 -0.1090
vn -0.4483 -0.8916 -0.0637
vn -0.2794 0.9189 0.2786
vn -0.3575 0.9338 0.0154
vn 0.0037 -0.9454 -0.3260
vn -0.2389 -0.9339 -0.2661
vn -0.0038 0.8762 0.4820
vn 0.0036 0.8631 0.5049
vn -0.0006 0.8730 0.4877
vn -0.0132 -0.9443 -0.3288
vn -0.0068 -0.9513 -0.3082
vn -0.0008 -0.9568 -0.2906
vn 0.0165 -0.9528 -0.3033
vn 0.0655 -0.9467 -0.3154
vn 0.0057 0.8767 0.4810
vn -0.1672 0.9061 0.3885
vn 0.8714 -0.4826 -0.0881
vn 0.9528 0.2846 -0.1058
vn 0.0055 -0.9526 -0.3040
vn 0.5866 -0.8072 -0.0653
vn 0.5380 0.8418 0.0444
vn 0.0020 -0.9614 -0.2750
vn -0.1299 -0.9570 -0.2595
vn -0.4389 -0.8927 -0.1027
vn -0.0001 0.8798 0.4753
vn -0.0042 0.8842 0.4670
vn 0.4559 0.8873 0.0693
vn 0.0022 -0.9635 -0.2675
vn -0.0005 -0.9665 -0.2568
vn 0.0012 -0.9654 -0.2606
vn 0.0015 -0.9635 -0.2676
vn 0.1565 -0.9379 -0.3095
vn -0.0007 0.8781 0.4784
vn -0.0010 0.8901 0.4557
vn 0.1427 0.9087 0.3924
vn 0.3413 0.9218 0.1836
vn -0.3972 0.9042 0.1569
vn 0.3734 -0.9138 -0.1596
vn 0.0485 0.9008 0.4315
vn 0.0170 0.8948 0.4460
vn 0.0017 0.9061 0.4230
vn 0.0039 0.8881 0.4596
vn -0.9369 -0.3427 -0.0694
vn -0.9870 0.1421 -0.0752
vn -0.7431 0.6679 -0.0418
vn -0.0181 0.9998 -0.0052
vn 0.0025 0.9019 0.4319
vn -0.0354 0.9058 0.4223
vn -0.1121 0.9137 0.3906
vn -0.0005 -0.9726 -0.2325
vn -0.0426 -0.9759 -0.2139
vn -0.0017 -0.9739 -0.2268
vn -0.3223 -0.9278 -0.1880
vn -0.0021 -0.9744 -0.2249
vn -0.0037 0.9089 0.4169
vn -0.0108 0.9192 0.3936
vn -0.0043 0.9402 0.3407
vn -0.1665 0.9398 0.2984
vn -0.2611 0.9117 0.3172
vn 0.4928 0.8699 0.0230
vn 0.0054 -0.9718 -0.2359
vn 0.0150 -0.9771 -0.2123
vn 0.0058 0.9419 0.3359
vn 0.0228 0.9577 0.2868
vn 0.2252 0.9273 0.2989
vn -0.0026 -0.8622 -0.5065
vn 0.0350 -0.9807 -0.1925
vn 0.0845 -0.9687 -0.2335
vn 0.1727 -0.9587 -0.2259
vn 0.0031 0.9287 0.3708
vn 0.1011 0.9449 0.3112
vn 0.4859 -0.8716 -0.0643
vn -0.6230 -0.7813 -0.0382
vn 0.0565 0.9981 -0.0230
vn 0.0043 -0.8309 -0.5564
vn 0.0012 -0.9400 -0.3413
vn 0.0129 0.9356 0.3529
vn -0.4765 -0.8772 -0.0588
vn -0.0016 -0.9452 -0.3265
vn 0.2460 -0.9544 -0.1693
vn 0.0026 0.9396 0.3422
vn 0.0030 0.9399 0.3414
vn -0.0070 0.9477 0.3190
vn -0.0632 0.9410 0.3324
vn 0.4105 0.9057 0.1054
vn -0.4747 0.8772 0.0720
vn 0.9830 0.1724 -0.0634
vn 0.6886 0.7236 -0.0472
vn 0.5060 0.8622 0.0244
vn -0.1191 -0.7506 -0.6500
vn -0.0175 -0.8971 -0.4415
vn 0.0020 -0.9486 -0.3165
vn -0.4237 -0.8952 -0.1385
vn 0.5380 0.8429 0.0130
vn 0.0091 -0.8848 -0.4658
vn 0.0283 -0.9314 -0.3628
vn -0.0041 0.9664 0.2571
vn -0.0881 -0.9880 -0.1268
vn -0.0067 -0.8354 -0.5495
vn -0.0051 -0.8042 -0.5943
vn -0.0215 -0.9125 -0.4084
vn 0.0106 -0.8867 -0.4623
vn 0.0162 -0.9250 -0.3796
vn 0.0018 -0.9607 -0.2778
vn 0.0567 -0.9114 -0.4075
vn 0.1276 -0.9476 -0.2930
vn 0.1087 -0.9853 -0.1319
vn -0.0221 0.9527 0.3030
vn 0.4515 -0.8860 -0.1055
vn -0.4943 -0.8655 -0.0815
vn -0.3584 0.9121 0.1989
vn 0.4547 -0.8901 -0.0309
vn -0.0037 -0.4559 -0.8900
vn -0.0102 -0.2065 -0.9784
vn 0.0064 -0.3641 -0.9313
vn 0.0204 -0.1477 -0.9888
vn -0.0197 -0.4240 -0.9054
vn 0.0201 -0.4119 -0.9110
vn -0.0195 -0.2999 -0.9538
vn -0.0212 -0.9197 -0.3920
vn -0.0276 -0.6909 -0.7224
vn 0.0043 -0.6829 -0.7305
vn -0.0004 -0.6869 -0.7267
vn 0.0013 -0.6742 -0.7385
vn 0.0043 -0.7421 -0.6703
vn 0.0009 0.9652 0.2614
vn 0.0041 0.9879 0.1551
vn -0.0011 0.9888 0.1490
vn 0.6278 -0.7778 -0.0308
vn -0.6963 -0.7175 -0.0166
vn -0.9985 0.0141 -0.0523
vn -0.9824 0.1824 -0.0394
vn -0.5024 0.8645 0.0132
vn -0.0181 -0.6208 -0.7838
vn -0.0029 -0.8160 -0.5781
vn 0.0140 -0.3870 -0.9220
vn 0.0058 -0.2007 -0.9796
vn 0.0008 -0.4707 -0.8823
vn 0.0088 -0.4621 -0.8868
vn 0.0076 -0.2515 -0.9678
vn 0.0086 -0.4133 -0.9106
vn 0.0053 -0.4600 -0.8879
vn 0.0071 -0.3160 -0.9487
vn 0.0149 -0.3116 -0.9501
vn -0.0020 -0.1998 -0.9798
vn 0.0107 -0.4316 -0.9020
vn 0.0456 -0.1784 -0.9829
vn -0.0196 -0.2444 -0.9695
vn -0.0256 -0.4281 -0.9033
vn -0.0152 -0.3516 -0.9360
vn -0.0240 -0.2757 -0.9609
vn -0.0114 -0.2737 -0.9617
vn 0.0079 -0.1827 -0.9831
vn 0.0107 -0.3672 -0.9301
vn -0.0419 -0.5168 -0.8551
vn 0.0642 -0.5638 -0.8234
vn 0.1211 -0.8472 -0.5174
vn 0.0100 0.9893 0.1457
vn -0.0014 0.9901 0.1404
vn 0.0006 0.9759 0.2184
vn -0.0032 -0.9423 -0.3346
vn -0.0237 -0.7942 -0.6071
vn -0.0015 -0.9398 -0.3417
vn 0.0030 -0.9457 -0.3252
vn 0.0072 -0.9255 -0.3787
vn -0.0016 -0.9102 -0.4141
vn -0.0268 -0.7280 -0.6851
vn 0.0082 -0.7690 -0.6392
vn 0.0965 -0.5454 -0.8326
vn -0.0490 -0.3464 -0.9368
vn -0.0149 -0.5538 -0.8325
vn 0.1486 -0.4689 -0.8707
vn -0.1453 -0.5093 -0.8482
vn -0.1669 -0.3896 -0.9057
vn -0.2068 -0.7776 -0.5937
vn 0.1509 -0.8941 -0.4218
vn 0.0038 0.9937 0.1119
vn -0.0095 0.9942 0.1068
vn 0.0004 0.9920 0.1261
vn 0.0047 0.9915 0.1297
vn 0.0039 0.9912 0.1323
vn 0.1706 0.9623 0.2116
vn -0.4772 -0.8786 -0.0165
vn -0.8623 0.5059 -0.0218
vn -0.3675 0.9299 -0.0120
vn -0.0280 -0.8944 -0.4464
vn -0.0065 -0.9478 -0.3187
vn -0.0038 -0.9728 -0.2315
vn 0.0058 -0.9977 -0.0681
vn 0.0007 -0.9773 -0.2118
vn 0.0129 -0.9390 -0.3436
vn -0.0353 -0.7787 -0.6264
vn 0.2261 -0.4399 -0.8691
vn 0.2731 -0.3591 -0.8925
vn 0.0017 0.9971 0.0760
vn -0.0017 0.9989 0.0478
vn -0.0924 0.9743 0.2053
vn 0.2952 0.9352 0.1955
vn -0.0331 -0.9679 -0.2491
vn -0.0097 -0.9853 -0.1708
vn -0.0082 -0.9921 -0.1255
vn -0.0017 -0.9978 -0.0657
vn 0.0021 -0.9999 -0.0105
vn -0.0006 -0.9987 -0.0510
vn 0.0658 -0.9209 -0.3842
vn -0.1569 -0.8408 -0.5182
vn -0.2713 -0.2904 -0.9176
vn -0.1900 -0.9717 -0.1404
vn 0.0004 0.9935 0.1142
vn -0.0069 0.9940 0.1088
vn -0.0262 0.9922 0.1220
vn -0.2624 0.9382 0.2259
vn -0.4540 0.8862 0.0926
vn 0.9531 -0.3003 -0.0370
vn -0.9619 -0.2713 -0.0343
vn -0.3821 0.9241 0.0031
vn 0.3163 0.9486 0.0044
vn 0.0035 -0.9998 -0.0205
vn 0.0001 -0.9999 -0.0143
vn 0.0016 -0.9998 -0.0183
vn -0.0000 -0.9999 -0.0104
vn 0.3114 -0.4986 -0.8090
vn 0.2921 -0.6466 -0.7046
vn -0.2687 -0.7217 -0.6379
vn 0.2255 -0.9161 -0.3317
vn 0.0012 0.9982 0.0597
vn 0.0497 0.9856 0.1618
vn -0.5171 -0.8552 -0.0352
vn 0.9498 0.3124 -0.0154
vn 0.0013 -0.9999 -0.0103
vn -0.3086 -0.6091 -0.7306
vn -0.2873 -0.8399 -0.4605
vn 0.0084 0.9970 0.0767
vn -0.0001 0.9999 0.0147
vn 0.3812 0.9195 0.0961
vn 0.0894 -0.9832 -0.1589
vn -0.0006 -0.9999 -0.0119
vn 0.3887 -0.4975 -0.7755
vn -0.4456 -0.2730 -0.8526
vn 0.3793 -0.9180 -0.1156
vn -0.4170 -0.9048 -0.0860
vn -0.3175 -0.9410 -0.1170
vn 0.0002 1.0000 -0.0003
vn 0.0007 1.0000 -0.0094
vn 0.4643 0.8848 0.0394
vn -0.0025 -0.9999 -0.0123
vn -0.0023 -0.9999 -0.0118
vn -0.0861 -0.9771 -0.1944
vn 0.4312 -0.5369 -0.7251
vn -0.0000 -0.9999 -0.0106
vn -0.3531 -0.6968 -0.6243
vn -0.5773 -0.3774 -0.7241
vn -0.5358 -0.3417 -0.7721
vn -0.2463 -0.9327 -0.2635
vn -0.0003 1.0000 0.0046
vn 0.0018 1.0000 -0.0051
vn -0.0004 1.0000 -0.0029
vn -0.1590 0.9809 0.1118
vn -1.0000 0.0049 -0.0073
vn 0.2155 -0.9171 -0.3354
vn 0.5279 -0.4687 -0.7083
vn 0.0477 0.9968 0.0648
vn 0.4902 -0.8684 -0.0744
vn 0.2195 0.9696 0.1081
vn 0.5529 -0.4536 -0.6989
vn -0.4447 -0.6618 -0.6036
vn 0.2532 -0.9639 -0.0824
vn -0.0009 1.0000 0.0007
vn 0.4982 0.8670 -0.0057
vn 0.0001 -1.0000 -0.0081
vn 0.2023 -0.9617 -0.1847
vn -0.0007 1.0000 0.0017
vn -0.3009 0.9493 0.0907
vn 0.5271 -0.8488 -0.0413
vn -0.5061 0.8621 0.0250
vn -0.2576 -0.9062 -0.3353
vn -0.5805 -0.4938 -0.6475
vn 0.1679 -0.9836 -0.0652
vn -0.0008 1.0000 0.0003
vn -0.0431 0.9981 0.0431
vn 0.4709 -0.8821 -0.0123
vn 0.5653 -0.5686 -0.5977
vn 0.5942 -0.5926 -0.5439
vn 0.0792 0.9964 0.0300
vn -0.5112 0.8594 0.0051
vn 0.9986 -0.0519 -0.0044
vn 0.8343 0.5512 -0.0058
vn 0.5827 -0.7020 -0.4095
vn -0.1347 -0.9887 -0.0660
vn -0.4086 -0.8266 -0.3870
vn -0.3976 0.9165 0.0446
vn 0.5057 0.8627 0.0032
vn -0.1038 -0.9903 -0.0928
vn -0.4671 -0.7595 -0.4527
vn 0.0084 1.0000 0.0010
vn -0.0014 1.0000 0.0008
vn -0.4259 0.9047 0.0081
vn -0.1377 0.9905 -0.0020
vn 0.2703 0.9617 0.0462
vn 0.3622 0.9321 -0.0049
vn 0.0012 -1.0000 -0.0081
vn 0.0040 -1.0000 -0.0031
vn -0.7216 -0.3239 -0.6118
vn -0.7438 -0.1684 -0.6469
vn -0.5685 -0.7174 -0.4025
vn -0.2342 -0.9710 -0.0486
vn 0.4334 0.9007 0.0289
vn 0.8789 -0.4770 -0.0073
vn 0.0011 -1.0000 -0.0069
vn -0.0010 1.0000 0.0002
vn -0.8381 -0.5454 0.0004
vn -0.8113 0.5847 -0.0012
vn -0.2012 -0.9690 -0.1431
vn 0.5621 -0.7348 -0.3796
vn -0.5483 -0.7617 -0.3451
vn -0.4688 -0.8823 -0.0419
vn -0.5317 -0.8463 -0.0323
vn 0.5454 0.8382 -0.0040
vn -0.0780 0.9969 0.0124
vn -0.4926 0.8702 0.0104
vn 0.4899 0.8717 0.0119
vn 0.0008 -1.0000 -0.0069
vn -0.3419 -0.9393 -0.0296
vn -0.0002 -1.0000 -0.0087
vn -0.6635 -0.6075 -0.4366
vn 0.0012 1.0000 -0.0011
vn -0.2475 0.9688 0.0138
vn -0.5425 -0.8400 -0.0088
vn 0.5150 0.8572 0.0070
vn 0.0005 -1.0000 -0.0056
vn 0.3114 -0.9406 -0.1353
vn -0.4727 -0.8483 -0.2386
vn 0.2856 -0.9577 -0.0350
vn -0.0004 1.0000 -0.0011
vn 0.5638 -0.8259 -0.0073
vn -0.8309 -0.4004 -0.3865
vn 0.4235 -0.9051 -0.0371
vn -0.5454 -0.8382 -0.0007
vn 0.9994 0.0345 -0.0003
vn -0.0011 -1.0000 -0.0045
vn 0.8052 -0.4821 -0.3453
vn 0.7518 -0.5235 -0.4009
vn 0.3194 -0.9402 -0.1181
vn 0.1265 0.9919 0.0071
vn 0.5250 -0.8507 -0.0276
vn -0.3416 0.9398 0.0020
vn -0.0022 -1.0000 -0.0049
vn -0.0043 -1.0000 -0.0033
vn -0.3856 -0.9072 -0.1682
vn -0.0015 1.0000 -0.0018
vn -0.9834 0.1811 -0.0125
vn 0.0003 1.0000 -0.0004
vn 0.3217 0.9468 0.0103
vn 0.4739 0.8806 -0.0003
vn 0.0030 -1.0000 -0.0048
vn -0.8996 -0.2713 -0.3421
vn 0.3834 -0.9177 -0.1044
vn -0.9936 -0.1127 -0.0028
vn 0.9528 -0.3035 0.0026
vn -0.1873 0.9823 -0.0084
vn 0.2680 0.9634 0.0002
vn -0.6796 -0.7053 -0.2019
vn 0.8550 -0.4412 -0.2727
vn -0.4189 -0.9080 -0.0110
vn -0.0000 1.0000 -0.0003
vn 0.5289 -0.8486 -0.0095
vn 0.6562 -0.7546 0.0040
vn 0.5102 0.8601 0.0009
vn 0.9786 0.2055 0.0069
vn -0.7336 0.6795 -0.0071
vn 0.0003 -1.0000 -0.0032
vn 0.4975 -0.8516 -0.1651
vn -0.3381 -0.9394 -0.0563
vn -0.3048 -0.9524 -0.0006
vn -0.3898 0.9209 0.0001
vn 0.0007 -1.0000 -0.0031
vn 0.4568 -0.8832 -0.1061
vn 0.8390 -0.4762 -0.2631
vn -0.0000 1.0000 0.0003
vn 0.0007 1.0000 -0.0008
vn -0.5208 0.8537 0.0029
vn -0.8425 -0.5101 -0.1733
vn -0.0959 0.9954 -0.0040
vn -0.3580 -0.9271 -0.1110
vn 0.8744 -0.4079 -0.2627
vn -0.4680 -0.8837 -0.0050
vn -0.0000 1.0000 -0.0004
vn -0.4926 -0.8703 -0.0002
vn 0.4725 -0.8813 0.0026
vn 0.1465 0.9892 0.0091
vn 0.3291 -0.9443 -0.0055
vn 0.0055 1.0000 -0.0005
vn -0.2473 0.9689 -0.0047
vn -0.5106 0.8598 0.0012
vn -0.7760 -0.6307 -0.0083
vn 0.2945 -0.9538 -0.0595
vn 0.7697 -0.6163 -0.1664
vn 0.2306 -0.9730 -0.0113
vn -0.0018 1.0000 0.0001
vn -0.0104 0.9999 -0.0028
vn -0.0093 -1.0000 -0.0004
vn 0.0044 -1.0000 -0.0032
vn 0.6977 -0.6969 -0.1663
vn -0.8540 -0.5045 -0.1271
vn -0.5451 -0.8383 -0.0109
vn 0.5384 -0.8406 -0.0582
vn 0.0002 1.0000 -0.0014
vn 0.9309 -0.3654 0.0020
vn -0.8916 0.4528 0.0006
vn 0.9331 -0.3408 -0.1151
vn 0.5475 0.8368 0.0017
vn -0.0024 -1.0000 -0.0016
vn -0.0005 1.0000 -0.0008
vn 0.0140 -0.9999 0.0003
vn 0.9708 -0.2080 -0.1197
vn 0.0005 -1.0000 -0.0061
vn -0.9884 -0.1518 -0.0065
vn -0.4219 -0.9054 -0.0471
vn -0.4690 -0.8830 -0.0210
vn 0.4690 -0.8831 -0.0107
vn -0.5140 -0.8578 -0.0035
vn 0.6360 -0.7717 0.0021
vn -0.0370 -0.9993 0.0003
vn 0.0020 -1.0000 -0.0038
vn -0.9174 -0.3866 -0.0945
vn -0.9106 -0.4094 -0.0574
vn -0.0005 1.0000 -0.0013
vn 0.4268 0.9043 0.0019
vn 0.0022 -1.0000 -0.0018
vn 0.7492 -0.6587 -0.0696
vn -0.4823 0.8760 -0.0048
vn 0.4710 -0.8821 0.0028
vn -0.8352 -0.5500 -0.0029
vn -0.0045 -1.0000 -0.0012
vn 0.7360 0.6768 0.0160
vn 0.2574 -0.9662 -0.0144
vn 0.8265 -0.5543 -0.0982
vn -0.2813 -0.9596 0.0095
vn 0.3916 -0.9201 -0.0016
vn -0.5250 -0.8511 -0.0034
vn 0.3263 -0.9451 -0.0203
vn -0.0006 1.0000 -0.0012
vn 0.4958 0.8684 0.0059
vn 0.6402 -0.7637 -0.0828
vn 0.2705 0.9627 -0.0039
vn 0.9581 -0.2850 -0.0268
vn 0.2645 -0.9644 0.0005
vn 0.0982 0.9952 -0.0000
vn 0.3819 0.9242 0.0016
vn -0.5000 -0.8660 0.0113
vn 0.6841 -0.7290 -0.0222
vn -0.6884 -0.7252 -0.0136
vn -0.4903 -0.8715 -0.0024
vn 0.5196 0.8544 0.0020
vn -0.8854 -0.4613 -0.0573
vn 0.9814 -0.1903 -0.0272
vn -0.0009 1.0000 -0.0004
vn 0.5424 -0.8401 -0.0082
vn -0.5568 -0.8306 -0.0037
vn 0.4988 0.8667 -0.0023
vn -0.4787 0.8780 0.0015
vn -0.9846 -0.1653 -0.0572
vn -0.3752 -0.9269 0.0040
vn -0.9899 0.1418 0.0022
vn -0.2982 -0.9544 0.0143
vn -0.0005 1.0000 -0.0006
vn -0.5150 0.8572 0.0020
vn -0.5125 0.8587 -0.0000
vn 0.0928 0.9957 0.0052
vn -0.0068 -1.0000 -0.0008
vn -0.3804 0.9248 -0.0059
vn -0.9852 -0.1711 0.0009
vn 0.0032 -1.0000 -0.0018
vn -0.3694 0.9293 -0.0032
vn -0.9638 -0.2666 -0.0025
vn -0.9955 -0.0935 -0.0131
vn -0.0001 -1.0000 -0.0019
vn 0.0101 -0.9999 -0.0014
vn 0.5702 -0.8215 0.0002
vn 0.9708 0.2397 0.0068
vn -0.8557 0.5175 0.0016
vn -0.0012 -1.0000 -0.0033
vn 0.0038 -1.0000 -0.0019
vn 0.8069 -0.5907 -0.0029
vn -0.0008 1.0000 -0.0011
vn 0.5352 -0.8447 0.0001
vn 0.4343 0.9008 0.0015
vn 0.9999 0.0154 0.0001
vn -0.0169 -0.9998 -0.0041
vn 0.9471 -0.3208 -0.0035
vn -0.7722 -0.6352 -0.0147
vn 0.9812 -0.1931 -0.0014
vn -0.0006 1.0000 -0.0004
vn -0.5540 -0.8325 -0.0023
vn -0.4801 0.8772 -0.0039
vn 0.5664 0.8241 -0.0012
vn 0.4832 -0.8755 -0.0000
vn 0.8649 0.5019 0.0082
vn -0.4422 -0.8967 -0.0197
vn 0.4253 -0.9051 -0.0008
vn 0.4250 -0.9052 -0.0002
vn 0.0053 1.0000 -0.0046
vn 0.4925 -0.8703 -0.0001
vn -0.5148 0.8573 -0.0004
vn -0.0007 -1.0000 -0.0024
vn 0.4636 -0.8861 -0.0013
vn -0.7633 -0.6460 0.0094
vn -0.3417 -0.9398 -0.0019
vn 0.2678 -0.9635 -0.0043
vn -0.4796 -0.8775 -0.0031
vn -0.5341 -0.8454 -0.0033
vn -0.3250 0.9457 0.0005
vn -0.8421 -0.5393 -0.0011
vn -0.0007 1.0000 -0.0003
vn -0.0006 1.0000 -0.0007
vn 0.9497 -0.3131 -0.0009
vn 0.4282 0.9036 -0.0084
vn 0.0022 -1.0000 -0.0014
vn -0.0008 1.0000 -0.0005
vn 0.0004 1.0000 -0.0013
vn -0.1008 0.9949 -0.0038
vn -0.4853 -0.8744 -0.0055
vn -0.9996 0.0262 -0.0058
vn 0.5450 0.8384 -0.0004
vn -0.5549 -0.8319 -0.0024
vn 0.5007 0.8656 0.0011
vn -0.0000 -1.0000 -0.0020
vn -0.9465 -0.3223 -0.0172
vn -0.0090 1.0000 -0.0018
vn 0.2942 0.9557 0.0013
vn -0.5105 0.8599 -0.0020
vn 0.0954 0.9952 -0.0217
vn -0.0017 -1.0000 -0.0016
vn -0.0012 -1.0000 -0.0017
vn 0.6072 -0.7945 -0.0029
vn 0.5548 -0.8320 -0.0015
vn 0.1037 0.9946 0.0011
vn 0.0088 1.0000 -0.0009
vn -0.4025 0.9154 -0.0012
vn -0.7914 -0.6113 -0.0024
vn -0.9799 0.1994 0.0033
vn -0.0085 -1.0000 -0.0032
vn -0.4240 -0.9056 0.0010
vn 0.0785 0.9969 -0.0093
vn 0.1918 -0.9814 0.0033
vn 0.8851 -0.4655 0.0035
vn 0.9504 -0.3110 -0.0046
vn -0.3703 0.9289 0.0066
vn 0.0052 -1.0000 -0.0011
vn -0.6378 -0.7702 0.0056
vn -0.2876 0.9578 0.0007
vn 0.9737 0.2278 -0.0063
vn -1.0000 0.0057 -0.0051
vn 0.3598 -0.9330 -0.0002
vn 0.4345 0.9006 0.0037
vn -0.4902 -0.8716 -0.0016
vn 0.7982 -0.6023 -0.0059
vn -0.0045 -1.0000 -0.0015
vn -0.3657 -0.9307 0.0020
vn -0.8415 0.5402 -0.0060
vn -0.2849 -0.9586 0.0015
vn -0.8483 -0.5294 -0.0052
vn -0.4288 0.9034 0.0034
vn 0.0006 -1.0000 -0.0013
vn -0.1379 -0.9904 -0.0070
vn 0.3507 -0.9365 0.0015
vn 0.2469 -0.9690 0.0035
vn -0.4598 -0.8880 0.0045
vn 0.0024 1.0000 -0.0008
vn -0.0002 1.0000 -0.0005
vn 0.8711 0.4910 -0.0093
vn 0.0119 -0.9999 -0.0003
vn -0.5416 -0.8406 0.0003
vn 0.5494 -0.8356 0.0010
vn -0.5275 -0.8496 0.0019
vn 0.0007 1.0000 -0.0009
vn -0.4855 0.8742 -0.0001
vn -0.5175 0.8557 -0.0013
vn -0.0091 1.0000 -0.0009
vn 0.4881 0.8728 0.0039
vn 0.9937 -0.1117 0.0039
vn 0.3018 -0.9534 -0.0019
vn 0.8092 -0.5875 -0.0002
vn 0.4863 -0.8738 -0.0027
vn 0.5885 -0.8085 -0.0014
vn 0.5193 0.8546 0.0004
vn -0.3391 -0.9407 -0.0031
vn -0.0562 0.9984 -0.0023
vn 0.2680 0.9634 0.0058
vn 0.4900 0.8717 0.0037
vn -0.0009 -1.0000 -0.0011
vn -0.4068 -0.9135 -0.0002
vn -0.9717 -0.2361 0.0046
vn -0.0005 1.0000 -0.0010
vn 0.4960 -0.8683 0.0008
vn 0.9835 -0.1807 -0.0032
vn 0.9997 -0.0224 -0.0018
vn -0.0099 -0.9999 -0.0023
vn -0.7182 -0.6958 -0.0056
vn 0.8569 -0.5151 -0.0190
vn -0.8430 -0.5375 0.0225
vn 0.5440 -0.8391 -0.0014
vn -0.5079 0.8614 -0.0026
vn -0.0065 -1.0000 -0.0010
vn -0.0001 -1.0000 -0.0010
vn -0.9985 -0.0547 0.0091
vn -0.5521 -0.8338 -0.0021
vn -0.0010 1.0000 -0.0002
vn 0.1124 0.9937 -0.0021
vn -0.0015 1.0000 -0.0007
vn -0.9991 0.0428 -0.0008
vn 0.9664 0.2571 -0.0038
vn 0.7014 0.7127 0.0002
vn -0.0960 0.9953 0.0126
vn 0.0027 -1.0000 -0.0005
vn 0.0079 -1.0000 -0.0012
vn -0.3988 -0.9170 -0.0018
vn -0.4792 -0.8777 -0.0007
vn 0.1255 0.9920 -0.0130
vn -0.4939 -0.8695 -0.0000
vn -0.3735 0.9276 -0.0043
vn -0.2426 0.9701 0.0058
vn 0.4254 0.9050 0.0031
vn 0.9114 -0.4115 -0.0035
vn 0.4394 -0.8983 0.0001
vn -0.1147 -0.9934 -0.0018
vn 0.6136 -0.7895 -0.0157
vn 0.5557 -0.8314 -0.0024
vn 0.5414 0.8407 0.0039
vn 0.0001 1.0000 -0.0001
vn -0.0083 1.0000 -0.0008
vn 0.3082 0.9513 0.0007
vn -0.7852 -0.6193 0.0052
vn -0.9667 -0.2556 0.0102
vn 0.8546 -0.5193 -0.0040
vn -0.5431 -0.8397 -0.0005
vn -0.9371 -0.3490 0.0022
vn 0.0024 -1.0000 -0.0011
vn 0.9844 -0.1759 -0.0089
vn 0.3616 -0.9323 0.0014
vn 0.5194 0.8545 0.0024
vn 0.0851 -0.9964 -0.0003
vn -0.9978 -0.0646 0.0119
vn 0.0002 1.0000 -0.0008
vn -0.4816 0.8764 0.0020
vn -0.3290 0.9443 -0.0010
vn -0.0007 -1.0000 -0.0010
vn -0.7444 -0.6676 0.0105
vn -0.5487 -0.8360 -0.0020
vn -0.0006 1.0000 -0.0002
vn 0.4986 0.8668 0.0055
vn 0.4537 -0.8912 -0.0016
vn -0.6155 -0.7881 -0.0005
vn -0.7322 0.6811 -0.0038
vn 0.6461 -0.7633 -0.0037
vn -0.9167 -0.3996 -0.0000
vn -0.5191 0.8547 -0.0000
vn 0.0002 -1.0000 0.0003
vn -0.5622 -0.8270 -0.0022
vn -0.0006 1.0000 -0.0006
vn -0.0003 1.0000 -0.0006
vn 0.8880 0.4597 0.0039
vn 0.0017 -1.0000 0.0007
vn -0.2964 -0.9550 0.0003
vn 0.0075 1.0000 -0.0001
vn -0.0695 0.9976 0.0036
vn -0.0010 1.0000 -0.0001
vn 0.4791 0.8778 0.0061
vn 0.8745 -0.4850 0.0010
vn -0.2869 -0.9579 -0.0049
vn 0.5227 0.8525 -0.0002
vn -0.9730 0.2309 -0.0045
vn 0.9973 -0.0733 0.0050
vn -0.0006 1.0000 -0.0008
vn -0.3802 0.9249 -0.0033
vn 0.6702 0.7422 -0.0007
vn 0.0032 -1.0000 -0.0008
vn 0.0003 1.0000 -0.0006
vn 0.2453 0.9694 0.0075
vn -0.0015 1.0000 -0.0004
vn 0.9334 -0.3589 -0.0027
vn -0.2089 0.9779 0.0025
vn 0.4405 -0.8977 0.0012
vn -0.0016 1.0000 -0.0006
vn -0.4703 0.8825 0.0007
vn -0.0022 -1.0000 0.0001
vn 0.2829 -0.9591 0.0020
vn 0.3971 -0.9178 -0.0007
vn 0.5242 -0.8516 0.0020
vn 0.5295 -0.8483 -0.0031
vn 0.4481 -0.8940 -0.0037
vn 0.6241 -0.7813 -0.0003
vn -0.0133 -0.9999 -0.0014
vn 0.5366 0.8438 0.0033
vn -0.5075 0.8616 -0.0052
vn 0.2531 -0.9674 -0.0019
vn -0.3606 -0.9327 0.0002
vn 0.1118 0.9937 0.0005
vn -0.5242 0.8516 0.0030
vn -0.9594 -0.2819 -0.0030
vn 0.0018 -1.0000 -0.0002
vn -0.3494 -0.9370 0.0001
vn 0.3933 0.9194 0.0019
vn 0.4435 0.8963 0.0024
vn -0.1856 0.9826 -0.0016
vn -0.7864 -0.6176 -0.0059
vn -0.9698 -0.2438 -0.0029
vn -0.0017 1.0000 -0.0013
vn -0.9987 -0.0502 -0.0016
vn 0.2935 0.9560 -0.0002
vn -0.3261 0.9453 -0.0015
vn 0.9814 0.1920 0.0001
vn -0.0055 -1.0000 -0.0004
vn -0.0003 -1.0000 0.0009
vn -0.2872 -0.9579 -0.0014
vn 0.5089 0.8608 0.0002
vn -0.6586 -0.7525 -0.0024
vn 0.0098 -1.0000 0.0003
vn -0.0005 1.0000 -0.0007
vn -0.0014 1.0000 -0.0009
vn 0.1927 0.9813 -0.0000
vn -0.0006 -1.0000 0.0010
vn -0.5500 -0.8351 -0.0006
vn 0.3316 -0.9434 -0.0013
vn -0.0003 1.0000 -0.0008
vn -0.5150 0.8572 -0.0008
vn -0.9171 -0.3986 -0.0022
vn -0.3432 0.9392 -0.0059
vn -0.3926 0.9197 0.0067
vn -0.7452 0.6668 -0.0049
vn -0.4965 -0.8681 -0.0003
vn -0.0001 -1.0000 0.0013
vn -0.0005 1.0000 -0.0016
vn -0.0005 1.0000 -0.0014
vn -0.4874 0.8732 0.0017
vn -0.5395 -0.8420 -0.0003
vn 0.9995 -0.0325 -0.0042
vn 0.5163 0.8564 0.0007
vn 0.3600 -0.9328 0.0148
vn -0.4643 -0.8857 -0.0001
vn 0.5295 -0.8483 -0.0023
vn -0.0016 1.0000 -0.0018
vn -0.5475 -0.8368 0.0012
vn -0.8273 -0.5617 0.0035
vn 0.8771 0.4803 -0.0001
vn 0.0023 -1.0000 -0.0010
vn 0.9931 -0.1175 0.0062
vn 0.0002 1.0000 -0.0005
vn -0.0083 1.0000 0.0013
vn -0.3573 0.9340 0.0012
vn 0.8564 -0.5163 0.0025
vn 0.4351 -0.9004 0.0050
vn -0.2722 -0.9622 0.0015
vn 0.5926 -0.8055 -0.0023
vn -0.9989 0.0473 -0.0021
vn 0.0055 -1.0000 0.0011
vn 0.8928 -0.4503 0.0141
vn -0.0002 1.0000 -0.0016
vn -0.5267 -0.8500 -0.0040
vn 0.8901 -0.4558 0.0055
vn 0.2819 0.9594 0.0064
vn 0.1210 0.9927 0.0012
vn -0.0005 1.0000 -0.0019
vn -0.0000 1.0000 -0.0024
vn 0.5180 0.8554 -0.0019
vn -0.9989 -0.0468 -0.0080
vn -0.1137 0.9935 0.0061
vn 0.3148 0.9492 0.0022
vn 0.0113 -0.9999 0.0005
vn 0.4841 -0.8749 -0.0089
vn -0.0802 -0.9968 0.0019
vn 0.0094 1.0000 -0.0019
vn -0.0004 1.0000 -0.0014
vn -0.0001 1.0000 -0.0013
vn -0.9800 0.1981 -0.0178
vn -0.2856 -0.9583 -0.0025
vn 0.3051 -0.9523 -0.0038
vn 0.4942 0.8694 -0.0025
vn -0.3268 0.9449 0.0184
vn 0.3172 -0.9484 0.0007
vn 0.5525 -0.8335 -0.0079
vn -0.8734 0.4869 -0.0091
vn 0.6776 0.7354 0.0045
vn 0.4349 -0.9005 -0.0002
vn -0.0026 1.0000 -0.0018
vn 0.4154 0.9097 -0.0033
vn 0.1993 0.9799 -0.0013
vn -0.3788 -0.9255 0.0017
vn -0.0012 1.0000 -0.0019
vn -0.9875 -0.1576 0.0029
vn 0.4163 0.9092 -0.0003
vn -0.4732 0.8809 0.0023
vn 0.9634 -0.2681 0.0019
vn -0.0019 -1.0000 0.0012
vn -0.0000 -1.0000 0.0013
vn 0.0008 -1.0000 0.0001
vn 0.4499 -0.8931 -0.0059
vn 0.5268 0.8500 -0.0019
vn 0.0027 -1.0000 -0.0003
vn -0.9776 -0.2103 -0.0084
vn -0.5011 -0.8654 0.0010
vn -0.0090 -1.0000 0.0019
vn -0.0004 -1.0000 0.0018
vn -0.2878 0.9577 0.0059
vn -0.5235 0.8520 0.0036
vn -0.0037 -1.0000 0.0012
vn -0.5455 -0.8381 0.0020
vn -0.5533 -0.8330 0.0002
vn -0.7716 -0.6361 -0.0053
vn 0.9776 0.2105 -0.0007
vn 0.8865 0.4627 0.0009
vn 0.9845 -0.1751 -0.0079
vn -0.4970 -0.8677 0.0092
vn -0.2061 0.9785 0.0055
vn 0.0221 -0.9997 -0.0038
vn -0.7691 -0.6390 -0.0162
vn -0.5063 0.8623 0.0050
vn 0.5289 0.8487 -0.0003
vn 0.4341 -0.9008 -0.0067
vn 0.9282 -0.3718 -0.0158
vn -0.0013 1.0000 -0.0010
vn 0.0001 1.0000 -0.0020
vn -0.3899 0.9208 0.0050
vn 0.8183 -0.5748 0.0026
vn -0.5149 0.8572 0.0021
vn -0.6792 0.7336 -0.0246
vn -0.8417 -0.5400 -0.0041
vn -0.3710 -0.9286 -0.0041
vn 0.5220 -0.8529 -0.0006
vn 0.0006 -1.0000 0.0005
vn 0.2021 0.9794 -0.0011
vn -0.4359 0.9000 0.0024
vn 0.5464 -0.8375 0.0010
vn -0.5279 0.8493 0.0022
vn 0.0003 -1.0000 0.0009
vn -0.8648 -0.5020 -0.0113
vn 0.4912 0.8710 -0.0035
vn 0.2307 -0.9730 -0.0076
vn -0.1276 0.9918 0.0048
vn -0.4279 0.9038 0.0032
vn -0.0014 1.0000 -0.0018
vn -0.5563 -0.8310 -0.0033
vn 0.4753 -0.8798 0.0015
vn -0.8968 -0.4423 0.0125
vn 0.4368 -0.8996 -0.0057
vn 0.0081 -1.0000 0.0014
vn -0.0010 1.0000 -0.0017
vn -0.0002 1.0000 -0.0022
vn -0.3091 0.9510 0.0045
vn -0.0864 0.9962 -0.0082
vn -0.5002 -0.8659 0.0015
vn -0.6945 -0.7190 -0.0278
vn -0.4348 -0.9005 -0.0017
vn 0.5165 0.8563 0.0004
vn 0.8133 -0.5818 -0.0016
vn -0.0014 1.0000 -0.0010
vn -0.8378 -0.5459 -0.0095
vn 0.2759 -0.9612 -0.0038
vn -0.7676 0.6407 -0.0159
vn -0.0013 -1.0000 0.0022
vn -0.5233 -0.8521 -0.0102
vn 0.8643 -0.5030 -0.0073
vn -0.0010 1.0000 -0.0019
vn -0.0003 1.0000 0.0002
vn 1.0000 0.0025 0.0007
vn -0.9557 -0.2944 -0.0003
vn -0.2713 -0.9625 -0.0008
vn 0.1717 0.9851 0.0034
vn -0.3469 -0.9379 0.0025
vn 0.0001 1.0000 -0.0008
vn -0.5566 -0.8308 0.0015
vn -0.9997 0.0247 0.0002
vn -0.0275 -0.9996 -0.0004
vn -0.0070 -1.0000 0.0015
vn -0.9936 -0.1129 0.0007
vn 0.4281 -0.9037 -0.0013
vn 0.5608 -0.8280 0.0021
vn -0.1300 0.9915 0.0052
vn 0.4494 -0.8933 0.0043
vn 0.5151 -0.8571 0.0052
vn -0.5186 0.8550 0.0013
vn -0.7064 -0.7078 0.0055
vn -0.3523 -0.9359 0.0006
vn 0.3156 -0.9489 -0.0028
vn 0.9826 -0.1860 0.0009
vn -0.3803 0.9249 0.0016
vn 0.4304 0.9026 -0.0028
vn -0.3019 0.9533 0.0006
vn -0.5051 -0.8630 -0.0008
vn 0.0008 1.0000 -0.0013
vn -0.9601 -0.2795 -0.0009
vn 0.5120 0.8590 0.0012
vn 0.8077 -0.5895 0.0050
vn 0.9520 -0.3060 -0.0040
vn 0.3438 -0.9390 0.0041
vn -0.6785 -0.7346 0.0016
vn -0.0004 -1.0000 0.0010
vn -0.1725 -0.9850 0.0052
vn -0.1509 0.9885 -0.0012
vn 0.3506 0.9365 0.0038
vn -0.7781 -0.6281 0.0034
vn 0.2411 -0.9705 0.0004
vn 0.3940 -0.9191 0.0026
vn 0.8769 0.4807 0.0021
vn 0.6174 0.7867 -0.0007
vn -0.0004 1.0000 -0.0007
vn 0.0002 -1.0000 0.0011
vn 0.4372 -0.8994 0.0015
vn 0.2011 0.9796 0.0005
vn -0.0009 1.0000 -0.0009
vn 0.4749 0.8800 0.0016
vn 0.9865 0.1640 -0.0010
vn 0.9828 -0.1848 -0.0002
vn -0.9684 -0.2493 -0.0011
vn 0.0060 1.0000 -0.0011
vn -0.4693 0.8830 -0.0035
vn 0.5267 0.8501 0.0005
vn 0.0075 -1.0000 0.0011
vn 0.8200 -0.5723 0.0007
vn -0.9846 0.1743 0.0149
vn -0.4883 0.8727 0.0016
vn 0.0005 -1.0000 0.0006
vn 0.0022 -1.0000 0.0010
vn -0.3600 0.9329 -0.0035
vn -0.5186 0.8550 -0.0010
vn 0.8988 -0.4384 0.0056
vn -0.0006 1.0000 -0.0011
vn 0.5503 -0.8350 0.0007
vn -0.0100 -0.9999 0.0013
vn 0.0057 -1.0000 0.0002
vn -0.9883 -0.1524 -0.0013
vn -0.5033 -0.8641 -0.0004
vn -0.8206 -0.5713 0.0127
vn -0.4398 -0.8981 0.0032
vn -0.0017 1.0000 -0.0016
vn 0.0001 1.0000 -0.0010
vn 0.4078 0.9131 -0.0009
vn 0.5047 -0.8633 0.0044
vn -0.5284 0.8490 -0.0022
vn -0.1680 0.9857 0.0125
vn 0.4970 -0.8677 0.0005
vn -0.7812 0.6242 0.0108
vn -0.0015 -1.0000 0.0011
vn -1.0000 0.0023 -0.0018
vn 0.1913 0.9815 -0.0000
vn -0.0004 -1.0000 0.0007
vn 0.9430 -0.3329 0.0035
vn 0.0008 -1.0000 0.0003
vn -0.0011 1.0000 -0.0012
vn 0.5167 0.8562 -0.0000
vn -0.0015 -1.0000 0.0013
vn -0.3558 -0.9346 0.0031
vn -0.0011 1.0000 -0.0008
vn 0.2040 0.9790 0.0027
vn -0.5545 -0.8322 0.0019
vn 0.7670 -0.6416 0.0015
vn -0.7643 -0.6449 0.0037
vn -0.5136 -0.8580 0.0026
vn 0.5232 -0.8522 0.0041
vn -0.2171 -0.9762 0.0003
vn -0.5037 -0.8639 0.0016
vn -0.5205 0.8538 -0.0045
vn 0.3225 0.9465 0.0060
vn -0.2491 0.9685 -0.0008
vn 0.5476 -0.8367 -0.0022
vn 0.5537 -0.8327 0.0012
vn 0.6365 0.7713 0.0021
vn -0.4603 0.8878 -0.0011
vn 0.5276 0.8495 -0.0023
vn -0.0051 -1.0000 0.0018
vn -0.2837 -0.9589 0.0029
vn 0.0005 -1.0000 0.0023
vn -0.4392 -0.8984 -0.0056
vn 0.5203 0.8540 0.0028
vn 0.9814 -0.1918 0.0028
vn -0.3523 0.9359 -0.0002
vn -0.0006 -1.0000 0.0025
vn -0.9050 -0.4254 0.0058
vn 0.2258 -0.9742 0.0011
vn 1.0000 0.0053 0.0016
vn -0.0023 -1.0000 0.0018
vn 0.0077 -1.0000 0.0011
vn 0.0926 0.9957 -0.0046
vn -0.4346 0.9006 -0.0006
vn 0.3121 -0.9500 0.0044
vn 0.2910 0.9567 -0.0024
vn -0.8189 0.5740 0.0052
vn -0.5176 0.8556 0.0001
vn -0.6901 -0.7237 -0.0017
vn -0.0011 1.0000 -0.0010
vn 0.9716 0.2364 0.0043
vn 0.8663 0.4995 0.0018
vn -0.5681 0.8228 0.0180
vn 0.3420 -0.9397 0.0017
vn -0.9682 -0.2502 0.0052
vn 0.4509 -0.8926 0.0032
vn -0.6095 -0.7927 0.0069
vn -0.9313 -0.3643 -0.0024
vn -0.1406 0.9899 0.0169
vn -0.9942 -0.1078 0.0031
vn -0.8129 -0.5824 0.0027
vn -0.4547 0.8907 0.0026
vn 0.8989 -0.4382 -0.0006
vn -0.9662 0.2575 0.0086
vn 0.0071 -1.0000 0.0019
vn 0.4055 -0.9141 -0.0000
vn -0.4679 -0.8838 0.0023
vn 0.4097 -0.9122 0.0047
vn -0.0011 1.0000 -0.0015
vn -0.0007 1.0000 -0.0013
vn 0.0021 -1.0000 0.0013
vn -0.4214 -0.9068 -0.0104
vn -0.5450 -0.8384 0.0032
vn 0.0052 -1.0000 0.0016
vn 0.8024 -0.5968 0.0012
vn 0.0007 1.0000 -0.0012
vn 0.7430 -0.6693 0.0011
vn 0.0014 1.0000 -0.0010
vn -0.0013 1.0000 -0.0020
vn -0.5494 -0.8355 0.0002
vn -0.5214 0.8533 0.0032
vn -0.5278 0.8494 0.0010
vn 0.5110 -0.8596 0.0044
vn -0.0010 1.0000 -0.0011
vn -0.1570 0.9876 -0.0015
vn 0.3419 0.9397 0.0006
vn 0.0044 1.0000 -0.0010
vn 0.5219 0.8530 0.0014
vn -0.5015 -0.8652 -0.0001
vn -0.0031 -1.0000 0.0021
vn -0.1702 0.9854 -0.0064
vn -0.6595 -0.7517 0.0040
vn 0.0008 -1.0000 0.0008
vn 0.1000 0.9950 0.0027
vn -0.9643 -0.2650 0.0005
vn -0.3778 -0.9259 -0.0024
vn 0.4843 0.8749 0.0016
vn -0.0305 -0.9995 0.0021
vn -0.8938 -0.4485 -0.0048
vn 0.5374 0.8433 -0.0019
vn 0.9797 -0.2004 -0.0012
vn -0.4702 -0.8826 -0.0011
vn 0.2771 0.9608 -0.0035
vn 0.4046 0.9145 -0.0008
vn 0.5358 -0.8443 0.0016
vn -0.9652 0.2613 0.0084
vn 0.3995 -0.9167 0.0029
vn -0.0001 1.0000 -0.0007
vn 0.4867 -0.8735 0.0031
vn 0.3844 -0.9232 0.0024
vn -0.0005 1.0000 -0.0009
vn -0.0007 1.0000 -0.0007
vn 0.5468 -0.8373 0.0019
vn 0.4301 -0.9028 0.0030
vn 0.9348 -0.3552 -0.0002
vn 0.0070 -1.0000 0.0018
vn 0.9170 -0.3989 -0.0067
vn 0.2826 -0.9592 0.0031
vn -0.0017 1.0000 -0.0017
vn -0.6070 0.7947 -0.0026
vn -0.3633 0.9316 -0.0052
vn -0.8321 0.5547 0.0020
vn 0.2576 0.9662 -0.0058
vn -0.4629 -0.8864 0.0005
vn -0.0010 1.0000 -0.0009
vn -0.9472 -0.3207 0.0039
vn -0.1218 0.9925 -0.0048
vn -0.0083 -1.0000 0.0014
vn -0.4734 0.8808 -0.0041
vn -0.0014 -1.0000 0.0034
vn 0.0001 1.0000 -0.0011
vn 0.4798 0.8774 0.0011
vn 0.0003 -1.0000 0.0031
vn 0.4677 -0.8839 0.0032
vn -0.2048 0.9788 -0.0044
vn -0.5227 0.8525 -0.0005
vn 1.0000 -0.0097 -0.0005
vn 0.5386 0.8426 0.0012
vn 0.3847 -0.9230 -0.0045
vn 0.4421 -0.8970 0.0020
vn 0.5312 -0.8472 0.0032
vn 0.4064 0.9137 0.0006
vn 0.6615 0.7499 -0.0016
vn -0.5083 0.8612 -0.0008
vn -0.0004 -1.0000 0.0019
vn -0.5278 -0.8494 0.0004
vn 0.8168 -0.5769 -0.0017
vn -0.9088 -0.4172 0.0089
vn 0.0011 1.0000 -0.0007
vn -0.5198 0.8543 0.0036
vn 0.0984 0.9951 -0.0079
vn 0.2746 0.9616 -0.0012
vn -0.0006 1.0000 -0.0010
vn -0.0013 1.0000 -0.0004
vn 0.5240 0.8517 0.0022
vn 0.8788 0.4772 -0.0002
vn -0.9942 0.1076 -0.0001
vn 0.9774 0.2115 -0.0021
vn 0.8927 -0.4506 -0.0039
vn 0.0888 0.9960 -0.0013
vn -0.4109 0.9117 0.0033
vn -0.6411 -0.7675 -0.0008
vn -0.9677 -0.2521 -0.0024
vn 0.5233 -0.8522 -0.0004
vn 0.0049 -1.0000 0.0018
vn 0.2950 -0.9555 -0.0041
vn -0.0015 1.0000 -0.0013
vn -0.5139 -0.8579 0.0030
vn 0.4881 0.8728 0.0003
vn -0.0003 -1.0000 0.0047
vn -0.2871 -0.9579 -0.0042
vn 0.0076 -1.0000 0.0021
vn 0.0074 -1.0000 0.0026
vn -0.8120 -0.5837 -0.0043
vn -0.2297 0.9733 -0.0033
vn -0.0137 -0.9999 -0.0017
vn -0.0540 0.9985 -0.0031
vn -0.4694 0.8830 -0.0043
vn -0.0009 -1.0000 0.0055
vn -0.0037 -1.0000 0.0034
vn 0.0018 -1.0000 0.0024
vn -0.9903 -0.1391 -0.0069
vn -0.3874 -0.9219 -0.0019
vn 0.0011 1.0000 -0.0002
vn -0.3675 0.9300 -0.0029
vn -0.8489 0.5284 0.0147
vn -0.0043 -1.0000 0.0022
vn 0.4159 -0.9094 0.0018
vn -0.5409 -0.8411 0.0029
vn -0.5208 0.8537 -0.0000
vn -0.9462 -0.3235 -0.0012
vn -0.4580 0.8890 0.0003
vn -0.1938 -0.9810 0.0010
vn -0.2757 -0.9612 -0.0051
vn 0.0081 1.0000 -0.0030
vn 0.5212 0.8534 0.0026
vn 0.4502 0.8929 -0.0000
vn 0.2126 0.9771 0.0032
vn -0.0010 1.0000 -0.0004
vn 0.5320 -0.8467 -0.0007
vn -0.0004 1.0000 -0.0005
vn 0.2815 0.9596 -0.0006
vn 0.6793 0.7338 -0.0075
vn 0.8520 -0.5236 0.0035
vn -0.3765 -0.9264 -0.0025
vn -0.0009 1.0000 -0.0006
vn 0.4149 0.9099 0.0003
vn 0.2920 -0.9564 -0.0000
vn -0.0006 1.0000 -0.0000
vn 0.4581 -0.8889 -0.0014
vn 0.5427 0.8399 0.0011
vn 0.0076 -1.0000 0.0024
vn 0.7431 -0.6692 0.0026
vn 0.8992 0.4373 -0.0111
vn -0.4951 -0.8688 -0.0045
vn -0.9020 0.4313 -0.0177
vn 0.0013 -1.0000 0.0054
vn 0.9882 -0.1525 0.0165
vn -0.1644 0.9864 0.0027
vn -0.5453 -0.8382 0.0026
vn 0.9983 -0.0575 0.0022
vn 0.0050 1.0000 -0.0027
vn -0.0010 1.0000 0.0001
vn -0.0001 1.0000 0.0001
vn -0.6555 -0.7550 -0.0178
vn -0.0012 1.0000 -0.0003
vn -0.0014 1.0000 -0.0003
vn 0.5181 -0.8553 -0.0044
vn -0.3565 0.9343 -0.0007
vn 0.0012 -1.0000 0.0042
vn 0.1894 0.9819 -0.0035
vn 0.4900 0.8717 0.0009
vn -0.0007 -1.0000 0.0057
vn -0.4751 0.8799 -0.0002
vn 0.9251 -0.3796 0.0058
vn 0.8040 -0.5926 0.0502
vn 0.9830 0.1838 -0.0037
vn -0.0004 -1.0000 0.0036
vn -0.7094 -0.7047 -0.0136
vn -0.8307 0.5567 -0.0065
vn 0.2668 0.9637 -0.0034
vn 0.0048 -1.0000 0.0039
vn -0.9698 -0.2423 -0.0299
vn 0.4384 -0.8987 -0.0156
vn -0.7388 -0.6738 0.0090
vn -0.9701 -0.2425 0.0018
vn -0.9854 0.1704 -0.0051
vn -0.5085 0.8610 0.0013
vn 0.0068 -1.0000 0.0011
vn -0.3734 -0.9265 -0.0470
vn 0.5324 -0.8463 -0.0161
vn 0.3956 0.9184 -0.0068
vn -0.0010 1.0000 -0.0005
vn -0.5006 -0.8657 0.0014
vn 0.0001 1.0000 0.0001
vn 0.5362 0.8440 0.0055
vn -0.9641 -0.2652 -0.0093
vn 0.9535 -0.3004 -0.0238
vn 0.4145 -0.9101 -0.0001
vn -0.3945 0.9189 0.0069
vn 0.3303 -0.9438 -0.0103
vn 0.0011 -1.0000 0.0066
vn 0.7768 -0.5429 -0.3193
vn 0.2373 -0.9712 -0.0197
vn -0.1836 0.9830 0.0038
vn 0.4978 -0.8673 0.0016
vn 0.0016 -1.0000 0.0050
vn -0.4809 -0.8670 -0.1303
vn 0.0195 0.9998 -0.0089
vn -0.0005 1.0000 -0.0005
vn -0.0007 1.0000 -0.0004
vn -0.6430 0.7658 -0.0058
vn -0.6103 -0.7917 -0.0289
vn -0.2666 -0.9635 -0.0227
vn -0.0008 1.0000 -0.0017
vn 0.4809 0.8768 -0.0060
vn -0.5198 -0.8543 0.0012
vn 0.3753 0.9269 0.0035
vn -0.2745 0.9616 0.0084
vn 0.0001 -1.0000 0.0054
vn 0.5158 -0.8565 0.0209
vn 0.3605 -0.9320 -0.0390
vn -0.0008 1.0000 -0.0006
vn 0.5184 0.8551 0.0004
vn 0.0002 -1.0000 0.0063
vn -0.0054 -1.0000 0.0040
vn -0.6569 -0.7538 -0.0160
vn 0.4551 -0.8904 -0.0003
vn 0.6242 -0.7812 -0.0019
vn 0.1975 0.9802 -0.0169
vn -0.5146 0.8574 -0.0110
vn -0.1625 -0.9867 -0.0105
vn -0.0052 -1.0000 0.0052
vn -0.9497 -0.3130 0.0077
vn -0.9665 -0.2565 -0.0099
vn -0.0039 -1.0000 0.0016
vn 0.0005 -1.0000 0.0059
vn -0.6407 -0.7492 -0.1680
vn -0.7548 -0.6560 0.0024
vn -0.1505 0.9886 -0.0101
vn 0.0051 1.0000 -0.0020
vn -0.4847 0.8746 -0.0124
vn 0.5514 -0.8342 0.0038
vn 0.8109 0.5852 -0.0021
vn 0.3743 -0.8916 -0.2549
vn -0.9790 -0.2040 0.0041
vn -0.0004 1.0000 0.0003
vn -0.0000 1.0000 0.0005
vn 0.3644 -0.9303 0.0420
vn 0.9209 -0.3781 0.0949
vn 0.9537 -0.2929 0.0678
vn -0.0009 1.0000 -0.0007
vn -0.5726 -0.8198 0.0088
vn 0.5685 -0.8222 0.0273
vn 0.7289 -0.6555 -0.1977
vn -0.5205 -0.8536 0.0218
vn 0.5207 -0.7949 -0.3113
vn -0.1370 0.9906 -0.0042
vn -0.3441 0.9389 0.0008
vn -0.4448 0.8948 -0.0382
vn 0.8875 -0.4608 -0.0003
vn -0.9883 0.1523 -0.0021
vn -0.9010 0.4334 -0.0182
vn 0.0024 -1.0000 0.0005
vn -0.6331 -0.7739 -0.0130
vn -0.5424 -0.8401 -0.0112
vn -0.2872 -0.9528 -0.0979
vn -0.0006 1.0000 -0.0041
vn -0.8510 -0.4911 -0.1862
vn 0.5916 -0.8055 0.0342
vn 0.9800 0.1981 0.0165
vn -0.4972 0.8676 -0.0028
vn -0.7679 -0.5408 -0.3433
vn -0.0004 1.0000 0.0004
vn 0.9992 -0.0408 -0.0014
vn -0.1154 0.9933 0.0049
vn -0.4430 -0.8849 -0.1442
vn 0.4475 -0.8355 -0.3190
vn 0.7882 -0.5310 -0.3112
vn 0.3805 0.9238 -0.0430
vn 0.8395 0.5433 0.0028
vn -0.9469 -0.3214 0.0096
vn 0.3357 -0.9346 -0.1177
vn -0.5260 -0.8504 0.0132
vn -0.7134 -0.7008 -0.0019
vn 0.2477 -0.9675 -0.0500
vn 0.1861 0.9821 -0.0274
vn 0.9560 -0.2514 0.1512
vn -0.9828 0.0926 -0.1596
vn 0.9135 -0.4051 -0.0389
vn -0.4970 -0.8677 0.0035
vn -0.6309 0.7756 -0.0175
vn 0.4189 0.9080 0.0033
vn 0.0129 0.9999 -0.0050
vn -0.0005 1.0000 -0.0052
vn -0.0002 1.0000 0.0003
vn -0.8230 -0.5620 0.0824
vn -0.9784 -0.2066 0.0006
vn -0.4979 0.8671 -0.0155
vn -0.9440 -0.3113 0.1096
vn -0.8749 -0.4723 0.1068
vn -0.9804 -0.1859 0.0660
vn 0.9574 -0.2885 0.0151
vn 0.0008 -1.0000 0.0086
vn 0.7864 -0.5751 0.2253
vn -0.4048 -0.9144 0.0020
vn 0.5263 -0.8440 0.1037
vn 0.1337 -0.9909 -0.0149
vn -0.3699 0.9278 -0.0479
vn 0.5234 -0.8520 0.0108
vn -0.8082 0.5889 0.0031
vn 0.0002 -1.0000 0.0078
vn 0.0006 0.9999 -0.0116
vn 0.0003 1.0000 -0.0038
vn -0.2506 0.9676 -0.0302
vn 0.5760 -0.8174 0.0057
vn -0.3823 0.9240 -0.0031
vn 0.3044 -0.9520 -0.0310
vn -0.9471 -0.0121 0.3206
vn -0.9996 0.0286 0.0028
vn 0.0012 -1.0000 0.0077
vn -0.6493 -0.7385 0.1817
vn -0.3126 -0.9498 -0.0112
vn -0.0003 1.0000 -0.0052
vn -0.6742 -0.7305 0.1091
vn -0.9483 -0.3174 0.0034
vn -0.1300 0.9915 0.0059
vn 0.3203 0.9473 -0.0063
vn 0.0019 -1.0000 0.0086
vn 0.9053 -0.3039 0.2968
vn 0.5415 -0.8406 0.0129
vn 0.8989 -0.4336 0.0636
vn 0.9856 -0.1690 0.0069
vn 0.5257 0.8507 -0.0021
vn -0.0045 -1.0000 0.0075
vn 0.4938 -0.8592 0.1342
vn -0.0005 1.0000 0.0023
vn -0.9129 -0.0756 0.4011
vn 0.4687 -0.8833 0.0063
vn 0.0003 -1.0000 0.0077
vn -0.9300 -0.2626 0.2570
vn -0.0002 1.0000 -0.0013
vn 0.4832 0.8751 -0.0270
vn -0.4956 0.8685 -0.0094
vn 0.0035 -1.0000 0.0068
vn -0.6540 -0.7357 0.1761
vn 0.7899 -0.4715 0.3922
vn -0.1575 -0.9875 0.0028
vn -0.5398 -0.8415 0.0224
vn 0.9864 -0.0955 0.1340
vn 0.3645 -0.9063 0.2138
vn -0.8105 -0.5690 0.1390
vn 0.7547 -0.6529 0.0641
vn -0.4952 0.8674 -0.0483
vn 0.0004 -1.0000 0.0080
vn -0.8196 -0.4064 0.4038
vn 0.3552 -0.9193 0.1694
vn 0.2117 -0.9773 0.0008
vn -0.8181 -0.5549 0.1508
vn -0.9529 0.2084 0.2202
vn -0.9483 0.2141 0.2344
vn -0.5447 -0.8376 0.0411
vn 0.0028 -1.0000 0.0035
vn 0.1143 -0.9933 0.0167
vn 0.9313 -0.3471 0.1109
vn 0.4265 0.9010 -0.0788
vn -0.9848 -0.1726 0.0173
vn -0.0123 -0.9999 0.0122
vn 0.3234 -0.9073 0.2686
vn -0.6350 -0.6908 0.3458
vn 0.7822 -0.4516 0.4291
vn 0.0007 -1.0000 0.0075
vn -0.0007 0.9999 -0.0165
vn -0.3372 -0.9213 0.1935
vn 0.9002 -0.4145 0.1334
vn -0.4963 -0.8681 0.0129
vn 0.5379 0.8426 -0.0267
vn 0.8032 -0.3438 0.4865
vn 0.3681 -0.9054 0.2116
vn 0.0152 0.9841 -0.1769
vn -0.9718 -0.1847 0.1467
vn -0.5626 -0.8165 0.1299
vn -0.1794 -0.9832 0.0349
vn 0.5773 -0.8149 0.0510
vn -0.0003 1.0000 -0.0076
vn -0.0012 1.0000 -0.0039
vn -0.1052 0.9934 -0.0448
vn -0.9766 0.1066 0.1869
vn -0.3912 0.9202 -0.0102
vn -0.8156 0.5785 0.0101
vn 0.7389 -0.4333 0.5159
vn -0.0680 -0.9952 0.0698
vn -0.3466 -0.9346 0.0801
vn 0.0006 1.0000 -0.0009
vn 0.1615 0.9837 -0.0796
vn -0.9613 -0.2101 0.1781
vn 0.9899 -0.0876 0.1112
vn 0.4847 -0.8744 0.0198
vn -0.7364 -0.6765 0.0062
vn -0.5297 -0.7188 0.4503
vn -0.3783 -0.8863 0.2671
vn -0.2931 0.9494 -0.1130
vn -0.4824 0.8756 -0.0244
vn -0.0041 -1.0000 0.0068
vn 0.7560 -0.3596 0.5470
vn 0.3374 -0.9386 0.0721
vn 0.3254 0.9364 -0.1318
vn -0.5726 -0.8169 0.0693
vn 0.8506 0.5258 0.0053
vn 0.3469 -0.8998 0.2647
vn -0.9624 -0.1586 0.2207
vn -0.0040 0.9916 -0.1295
vn -0.4594 0.8836 -0.0902
vn 0.9810 0.1933 0.0182
vn -0.1598 0.9871 0.0116
vn 0.3404 0.9403 0.0008
vn 0.0002 -1.0000 0.0059
vn 0.3342 -0.8727 0.3559
vn -0.7152 -0.3477 0.6063
vn -0.5433 -0.7519 0.3735
vn 0.0743 -0.9941 0.0784
vn -0.2132 -0.9698 0.1189
vn -0.0484 0.9944 -0.0941
vn -0.9178 -0.3911 0.0686
vn 0.7569 -0.6477 0.0868
vn -0.4663 0.8833 -0.0497
vn 0.4274 0.9040 -0.0134
vn 0.0005 -1.0000 0.0060
vn -0.1468 -0.9793 0.1392
vn -0.4179 0.8972 -0.1427
vn 0.4981 0.8669 -0.0199
vn 0.8530 -0.5218 0.0116
vn -0.3946 -0.8940 0.2123
vn -0.8089 -0.5017 0.3065
vn 0.0917 0.9895 -0.1117
vn 0.0005 1.0000 -0.0036
vn 0.4275 0.8997 -0.0883
vn 0.6976 -0.3777 0.6089
vn 0.6657 -0.3526 0.6576
vn 0.3294 -0.8950 0.3009
vn 0.2175 -0.9687 0.1197
vn 0.3680 -0.7778 0.5095
vn -0.3678 -0.8942 0.2552
vn 0.9391 -0.3148 0.1376
vn -0.9050 -0.3980 0.1506
vn 0.5306 0.8476 -0.0101
vn -0.1716 -0.9440 0.2819
vn 0.0007 -1.0000 0.0023
vn -0.5253 -0.5585 0.6420
vn 0.0234 0.9833 -0.1804
vn 0.6177 -0.7857 0.0330
vn 0.9960 -0.0886 0.0123
vn -0.9783 0.2044 0.0333
vn -0.5907 -0.5158 0.6205
vn 0.6230 -0.3114 0.7176
vn 0.0021 0.9987 -0.0507
vn -0.1584 0.9680 -0.1947
vn -0.7186 -0.6427 0.2657
vn -0.5905 -0.8066 0.0277
vn -0.9524 -0.3012 0.0482
vn 0.8896 -0.3658 0.2735
vn 0.9428 -0.2819 0.1780
vn -0.4752 -0.8791 0.0362
vn 0.4740 -0.8614 0.1828
vn -0.0003 0.9992 -0.0405
vn -0.8896 -0.2055 0.4079
vn 0.6470 0.7624 0.0133
vn -0.5938 -0.3892 0.7043
vn 0.3152 -0.8926 0.3222
vn -0.6054 -0.6340 0.4811
vn 0.6505 -0.7503 0.1177
vn 0.2480 0.9431 -0.2213
vn -0.4673 -0.8801 0.0837
vn -0.4267 0.8931 -0.1423
vn 0.9158 -0.4000 0.0353
vn -0.0412 0.9991 0.0060
vn 0.5475 -0.4420 0.7105
vn -0.2590 -0.9162 0.3057
vn 0.2382 -0.9326 0.2711
vn -0.0032 0.9959 -0.0908
vn 0.3345 0.9273 -0.1681
vn -0.4242 0.9007 -0.0937
vn -0.0057 -0.9983 0.0579
vn 0.5345 -0.3979 0.7456
vn -0.0029 0.9990 -0.0439
vn 0.0092 0.9975 -0.0702
vn -0.0244 0.9881 -0.1521
vn -0.3045 0.9240 -0.2312
vn -0.0103 -0.9768 0.2140
vn -0.0008 -0.8650 0.5018
vn 0.0037 -1.0000 -0.0005
vn 0.0872 -0.9823 0.1660
vn 0.1723 -0.9595 0.2230
vn 0.3002 -0.8173 0.4918
vn 0.0005 0.9965 -0.0830
vn -0.7135 -0.6244 0.3180
vn 0.0921 -0.9247 0.3693
vn 0.4395 -0.5706 0.6937
vn -0.4760 -0.4833 0.7347
vn -0.1367 -0.9618 0.2372
vn -0.0141 -0.9638 0.2663
vn -0.4993 -0.4366 0.7484
vn 0.0011 0.9787 -0.2053
vn -0.0033 0.9875 -0.1575
vn -0.1775 0.9241 -0.3384
vn -0.7574 0.6499 0.0630
vn -0.2131 -0.9082 0.3602
vn 0.1899 -0.9168 0.3513
vn -0.1995 -0.9363 0.2890
vn 0.7119 -0.6344 0.3013
vn -0.3627 0.9019 -0.2345
vn -0.7316 -0.6796 0.0536
vn 0.8261 0.5613 0.0499
vn -0.3614 -0.5791 0.7308
vn -0.0259 -0.9654 0.2596
vn 0.3914 -0.5841 0.7110
vn 0.1465 -0.9548 0.2588
vn 0.0514 -0.9894 0.1358
vn -0.3586 -0.8382 0.4109
vn 0.0022 0.9860 -0.1665
vn 0.3719 0.9198 -0.1249
vn -0.0006 -0.8587 0.5125
vn 0.3727 -0.6394 0.6724
vn -0.3912 -0.8403 0.3753
vn -0.5273 -0.7293 0.4359
vn 0.1337 0.9484 -0.2874
vn 0.4638 -0.8835 0.0652
vn 0.4618 0.8855 -0.0513
vn 0.3205 -0.5876 0.7430
vn 0.4021 -0.3239 0.8564
vn -0.4173 -0.4908 0.7648
vn -0.0937 -0.9723 0.2141
vn 0.3206 -0.8896 0.3254
vn 0.0009 0.9776 -0.2106
vn 0.0002 0.9825 -0.1863
vn 0.0002 0.9816 -0.1907
vn -0.3594 0.9193 -0.1606
vn 0.0119 -0.9223 0.3863
vn -0.0043 -0.9804 0.1968
vn -0.0039 0.9843 -0.1764
vn -0.0018 0.9809 -0.1944
vn -0.0040 0.9617 -0.2742
vn 0.0205 0.9677 -0.2512
vn -0.0766 0.9476 -0.3102
vn 0.6536 -0.7252 0.2165
vn 0.9865 -0.1526 0.0595
vn -0.9853 0.1374 0.1019
vn -0.0112 -0.9679 0.2510
vn 0.2422 -0.3954 0.8860
vn 0.3148 -0.3470 0.8835
vn -0.3140 -0.8562 0.4102
vn 0.1425 -0.9381 0.3156
vn 0.0029 0.9725 -0.2330
vn -0.0010 0.9677 -0.2520
vn 0.0031 0.9485 -0.3168
vn -0.9355 -0.3364 0.1080
vn -0.0015 -0.9978 0.0657
vn 0.0037 -0.9900 0.1409
vn -0.0002 -0.9686 0.2488
vn 0.0014 -0.9691 0.2468
vn 0.0260 -0.9432 0.3311
vn -0.2006 -0.6160 0.7618
vn 0.0002 -0.8953 0.4454
vn -0.1526 -0.9034 0.4008
vn 0.1771 -0.8035 0.5683
vn -0.0674 -0.9700 0.2335
vn -0.0038 0.9379 -0.3469
vn -0.0000 0.9340 -0.3572
vn -0.0017 0.9322 -0.3619
vn -0.0153 0.9429 -0.3327
vn -0.4177 -0.8866 0.1988
vn 0.2673 0.9345 -0.2352
vn -0.2670 0.9141 -0.3053
vn -0.4508 0.8924 -0.0224
vn -0.0557 0.9984 0.0073
vn 0.0004 -0.8052 0.5930
vn 0.0026 -0.8714 0.4906
vn -0.0078 -0.7215 0.6924
vn 0.0005 -0.9769 0.2135
vn 0.0004 -0.5650 0.8251
vn 0.0177 -0.8444 0.5354
vn -0.0084 -0.9038 0.4279
vn 0.1138 -0.4586 0.8813
vn -0.3147 -0.4589 0.8309
vn 0.2223 -0.4498 0.8650
vn -0.0019 0.9354 -0.3536
vn -0.0020 0.9271 -0.3748
vn 0.0084 0.9364 -0.3507
vn -0.0018 0.9192 -0.3938
vn -0.0612 -0.5317 0.8447
vn 0.0130 -0.5891 0.8080
vn -0.0120 -0.4978 0.8672
vn 0.0007 -0.7871 0.6168
vn -0.0058 -0.4700 0.8827
vn -0.0274 -0.5127 0.8581
vn -0.0111 -0.7327 0.6804
vn 0.0018 -0.7029 0.7113
vn 0.0059 -0.6915 0.7223
vn -0.1509 -0.2308 0.9612
vn 0.1279 -0.2885 0.9489
vn -0.1280 -0.8808 0.4559
vn 0.0943 -0.8972 0.4315
vn 0.0217 -0.9701 0.2419
vn 0.2252 -0.9063 0.3577
vn -0.3355 -0.8351 0.4358
vn 0.5808 -0.7284 0.3635
vn 0.0079 0.9089 -0.4170
vn 0.8150 -0.5745 0.0756
vn -0.4401 0.8960 -0.0589
vn 0.0068 -0.3355 0.9420
vn 0.0098 -0.2999 0.9539
vn -0.0016 -0.3195 0.9476
vn 0.0193 -0.4486 0.8935
vn 0.0078 -0.2961 0.9551
vn 0.0052 -0.2551 0.9669
vn -0.0032 -0.2587 0.9659
vn 0.0027 -0.2346 0.9721
vn -0.0012 -0.2318 0.9728
vn 0.0111 -0.2310 0.9729
vn 0.0011 -0.2424 0.9702
vn -0.0069 -0.1598 0.9871
vn 0.0569 -0.3001 0.9522
vn 0.0054 -0.1656 0.9862
vn -0.0517 -0.6678 0.7425
vn 0.0372 -0.7707 0.6361
vn 0.0833 -0.9652 0.2481
vn -0.2539 -0.8794 0.4028
vn 0.3046 -0.8952 0.3252
vn 0.0416 0.9339 -0.3550
vn -0.0001 0.9036 -0.4284
vn 0.0006 0.9160 -0.4012
vn 0.5077 0.8600 -0.0513
vn 0.0007 -0.3346 0.9424
vn 0.0081 -0.1063 0.9943
vn 0.0015 -0.2901 0.9570
vn -0.0272 -0.1562 0.9874
vn 0.0018 -0.2170 0.9762
vn -0.0107 -0.1838 0.9829
vn 0.0048 -0.2003 0.9797
vn 0.0032 -0.1763 0.9843
vn 0.0030 -0.2491 0.9685
vn -0.0040 -0.2495 0.9684
vn 0.0086 -0.2470 0.9690
vn -0.0211 -0.3259 0.9452
vn -0.0018 -0.5782 0.8159
vn 0.0025 -0.6221 0.7829
vn 0.0017 -0.6690 0.7433
vn -0.0072 -0.5657 0.8245
vn 0.0002 -0.7391 0.6736
vn 0.0072 -0.7795 0.6264
vn -0.0002 -0.8008 0.5989
vn -0.0030 -0.8260 0.5637
vn 0.0005 -0.8148 0.5798
vn 0.0133 -0.8046 0.5936
vn 0.0067 -0.6947 0.7193
vn -0.0107 -0.7024 0.7117
vn -0.0113 -0.6629 0.7486
vn 0.0023 -0.8484 0.5293
vn -0.0435 -0.9445 0.3257
vn 0.0027 -0.9115 0.4113
vn 0.0017 -0.9105 0.4135
vn -0.0030 -0.9174 0.3981
vn -0.0006 -0.9151 0.4032
vn 0.0024 -0.9537 0.3008
vn -0.0080 -0.9443 0.3289
vn -0.1543 -0.9188 0.3633
vn 0.1622 0.9222 -0.3511
vn -0.4235 -0.9001 0.1022
vn -0.4464 -0.8919 0.0722
vn -0.7051 0.7051 0.0753
vn -0.0511 -0.9545 0.2940
vn 0.0040 -0.9721 0.2347
vn 0.0007 -0.9661 0.2582
vn -0.0021 -0.9667 0.2558
vn -0.0023 -0.9660 0.2586
vn 0.0001 -0.9667 0.2559
vn -0.0004 -0.9666 0.2563
vn 0.0048 -0.9665 0.2568
vn 0.0016 -0.9654 0.2609
vn -0.0027 -0.9653 0.2612
vn -0.2926 -0.9229 0.2503
vn -0.0027 0.9048 -0.4257
vn 0.0002 0.9171 -0.3986
vn 0.0009 0.9004 -0.4350
vn 0.4368 -0.8978 0.0560
vn 0.1761 0.9841 0.0235
vn -0.0046 -0.9592 0.2827
vn -0.0022 -0.9643 0.2646
vn 0.3783 -0.8923 0.2464
vn -0.3654 -0.9163 0.1640
vn 0.4146 0.9035 -0.1085
vn 0.9940 0.0446 0.1004
vn -0.0047 -0.9655 0.2604
vn -0.0257 0.9018 -0.4315
vn 0.0001 0.9061 -0.4230
vn 0.5551 -0.8289 0.0687
vn -0.3162 0.9482 -0.0290
vn -0.0002 -0.9496 0.3136
vn 0.0605 0.8994 -0.4329
vn -0.1592 0.9020 -0.4014
vn 0.2640 0.9371 -0.2282
vn 0.0013 0.8994 -0.4370
vn -0.0763 0.8873 -0.4548
vn 0.4092 -0.9044 0.1211
vn -0.6731 -0.7334 0.0952
vn 0.0049 -0.9326 0.3608
vn 0.0759 -0.9396 0.3337
vn 0.1563 -0.9080 0.3888
vn -0.0022 0.8767 -0.4810
vn 0.0043 0.8971 -0.4417
vn -0.0011 -0.9391 0.3437
vn -0.1283 -0.9047 0.4063
vn -0.2305 -0.9132 0.3361
vn -0.0004 0.8903 -0.4554
vn 0.0001 -0.9381 0.3463
vn 0.1899 -0.9056 0.3792
vn 0.2222 -0.9253 0.3072
vn -0.0139 0.8637 -0.5038
vn -0.2754 0.9353 -0.2222
vn -0.0085 -0.9208 0.3900
vn -0.0033 -0.9380 0.3468
vn -0.1971 -0.8992 0.3907
vn 0.0005 0.8675 -0.4974
vn -0.4028 0.9092 -0.1053
vn 0.0022 -0.9244 0.3815
vn 0.0170 0.8694 -0.4939
vn -0.0029 0.8655 -0.5010
vn -0.1850 0.9229 -0.3378
vn -0.9568 -0.2489 0.1501
vn -0.9703 0.1850 0.1559
vn -0.0040 -0.9205 0.3907
vn 0.0197 -0.9208 0.3895
vn -0.0005 0.8614 -0.5080
vn 0.0035 -0.9291 0.3697
vn 0.0009 0.8637 -0.5040
vn -0.0012 0.8515 -0.5243
vn 0.3431 0.9206 -0.1865
vn 0.7235 0.6848 0.0873
vn 0.0902 0.9958 0.0161
vn -0.0023 -0.9384 0.3455
vn -0.0006 0.8632 -0.5049
vn -0.0838 0.8831 -0.4617
vn 0.8681 -0.4784 0.1325
vn 0.9609 0.2237 0.1631
vn 0.1993 0.9798 -0.0179
vn 0.0010 0.8604 -0.5095
vn -0.0268 0.8578 -0.5133
vn 0.0757 0.8912 -0.4472
vn -0.3619 -0.9204 0.1478
vn -0.0017 -0.8854 0.4649
vn -0.0040 -0.8970 0.4419
vn -0.0072 -0.9108 0.4127
vn -0.0676 -0.8802 0.4698
vn 0.1019 -0.8803 0.4633
vn -0.0006 0.8572 -0.5150
vn -0.0019 0.8517 -0.5241
vn -0.6620 0.7302 0.1692
vn 0.1486 0.9181 -0.3673
vn -0.3259 0.9261 -0.1900
vn 0.0008 -0.8938 0.4485
vn -0.0014 -0.8787 0.4774
vn -0.1739 -0.8982 0.4036
vn 0.1652 -0.9196 0.3564
vn -0.0034 0.8444 -0.5358
vn -0.5100 -0.8485 0.1413
vn 0.2400 0.9290 -0.2816
vn 0.9727 -0.0844 0.2161
vn -0.0011 -0.8664 0.4993
vn -0.0011 -0.8790 0.4768
vn 0.0041 -0.8807 0.4736
vn 0.1486 -0.8849 0.4414
vn -0.2514 -0.9302 0.2676
vn 0.2799 -0.9292 0.2413
vn -0.1224 0.9096 -0.3970
vn -0.8015 -0.5710 0.1775
vn -0.4050 0.9043 -0.1347
vn -0.3160 0.9450 -0.0846
vn -0.0063 -0.8469 0.5318
vn 0.0046 -0.8526 0.5225
vn 0.0475 -0.8516 0.5220
vn 0.4492 0.8836 -0.1320
vn 0.7430 0.6389 0.1996
vn -0.0133 -0.8493 0.5278
vn 0.0096 -0.8647 0.5022
vn -0.0020 -0.8496 0.5274
vn -0.1816 -0.9293 0.3216
vn -0.0001 0.8453 -0.5342
vn 0.6950 -0.6989 0.1689
vn -0.2087 0.9338 -0.2906
vn -0.0036 -0.8331 0.5532
vn 0.0041 -0.8346 0.5508
vn 0.0025 -0.8442 0.5360
vn -0.0011 -0.8436 0.5370
vn 0.0030 0.8516 -0.5242
vn -0.0044 0.8465 -0.5324
vn 0.0004 0.8470 -0.5315
vn 0.0240 0.8641 -0.5027
vn -0.0018 0.8503 -0.5264
vn -0.1149 -0.9052 0.4091
vn -0.0004 0.8501 -0.5266
vn 0.0002 0.8505 -0.5260
vn -0.0022 0.8493 -0.5278
vn 0.0029 -0.8198 0.5727
vn 0.0006 -0.8308 0.5565
vn 0.0034 -0.8222 0.5692
vn -0.1246 -0.8751 0.4677
vn 0.0970 -0.8515 0.5153
vn 0.1344 0.9124 -0.3867
vn -0.9582 -0.0923 0.2706
vn 0.1069 -0.8981 0.4266
vn -0.0611 -0.8368 0.5441
vn -0.0010 0.8498 -0.5272
vn -0.0519 0.8878 -0.4573
vn 0.2395 0.9616 -0.1340
vn -0.0026 -0.8245 0.5658
vn 0.0255 -0.8174 0.5755
vn 0.1567 -0.9207 0.3575
vn 0.3614 -0.9076 0.2136
vn 0.8822 -0.3568 0.3071
vn -0.0023 -0.8195 0.5730
vn 0.0003 -0.8239 0.5667
vn -0.0145 -0.8220 0.5693
vn 0.0767 -0.8732 0.4812
vn 0.3998 0.8828 -0.2465
vn -0.7100 0.6704 0.2155
vn -0.0011 -0.8330 0.5533
vn -0.0020 -0.8241 0.5665
vn 0.0029 -0.8227 0.5684
vn -0.0499 -0.8531 0.5193
vn -0.0669 -0.8785 0.4729
vn 0.2426 -0.9176 0.3149
vn -0.3718 -0.8921 0.2568
vn 0.0437 0.8791 -0.4746
vn -0.8199 -0.4887 0.2983
vn 0.3228 0.8969 -0.3025
vn 0.9150 0.1624 0.3693
vn 0.5959 0.7545 0.2752
vn 0.0325 -0.8419 0.5387
vn 0.0004 0.8545 -0.5195
vn -0.0004 0.8528 -0.5222
vn -0.5324 -0.8116 0.2404
vn -0.1429 0.9086 -0.3925
vn -0.1063 0.9935 -0.0407
vn -0.3684 0.9228 0.1130
vn 0.0604 -0.8501 0.5231
vn -0.0018 0.8568 -0.5157
vn 0.0011 -0.8204 0.5718
vn 0.0039 -0.8222 0.5692
vn 0.5235 -0.8139 0.2519
vn -0.0033 0.8507 -0.5256
vn -0.0129 0.8635 -0.5041
vn -0.0033 -0.8410 0.5410
vn -0.0309 -0.8419 0.5388
vn 0.0002 0.8584 -0.5130
vn -0.2911 0.9179 -0.2697
vn 0.8128 -0.3576 0.4598
vn -0.0011 0.8531 -0.5218
vn 0.0009 0.8613 -0.5081
vn 0.0011 0.8564 -0.5164
vn -0.8093 0.3657 0.4596
vn 0.0002 -0.8495 0.5276
vn -0.1310 -0.9129 0.3865
vn -0.0004 0.8513 -0.5247
vn -0.0007 0.8557 -0.5174
vn -0.8461 -0.1315 0.5166
vn -0.0538 0.8833 -0.4658
vn -0.0001 -0.8448 0.5351
vn 0.0062 -0.8431 0.5377
vn 0.0987 0.8727 -0.4781
vn -0.0143 0.8729 -0.4878
vn 0.2247 0.8821 -0.4140
vn 0.6412 0.6535 0.4023
vn 0.2145 -0.8245 0.5236
vn 0.6615 -0.4731 0.5819
vn -0.1905 0.9728 -0.1315
vn 0.1592 0.9776 -0.1376
vn 0.0259 -0.8807 0.4729
vn 0.3484 -0.8605 0.3717
vn -0.6650 -0.5104 0.5452
vn 0.0039 0.9023 -0.4311
vn 0.0007 -0.8453 0.5343
vn -0.0447 -0.8967 0.4404
vn -0.5259 0.7172 0.4572
vn 0.3271 0.8772 0.3514
vn 0.0007 -0.8659 0.5003
vn 0.0003 -0.8415 0.5403
vn -0.0008 -0.8489 0.5285
vn 0.0123 -0.8525 0.5225
vn 0.0402 -0.8979 0.4384
vn -0.0040 0.8502 -0.5265
vn -0.0164 -0.8702 0.4924
vn 0.0005 -0.8483 0.5295
vn 0.7173 0.2243 0.6596
vn 0.2227 0.9323 -0.2850
vn -0.0037 -0.8639 0.5036
vn -0.2468 -0.7899 0.5613
vn -0.3190 -0.8381 0.4426
vn -0.0932 0.9913 -0.0927
vn 0.0122 0.8571 -0.5151
vn -0.0014 0.8535 -0.5210
vn 0.0030 0.8881 -0.4596
vn -0.0005 0.8970 -0.4421
vn 0.3809 -0.7002 0.6039
vn -0.5352 -0.4398 0.7212
vn -0.0046 0.8865 -0.4626
vn 0.0004 0.9033 -0.4290
vn -0.1545 0.9418 0.2987
vn 0.0046 -0.8778 0.4790
vn 0.0161 -0.8808 0.4733
vn -0.6317 0.0409 0.7741
vn 0.0028 0.9149 -0.4036
vn 0.0935 0.9601 -0.2637
vn -0.0287 0.9919 -0.1240
vn 0.5696 0.3506 0.7434
vn -0.0016 -0.8722 0.4892
vn -0.1711 -0.6896 0.7037
vn 0.5745 -0.2071 0.7919
vn -0.0059 -0.8705 0.4921
vn 0.0783 -0.8184 0.5693
vn -0.0013 0.8976 -0.4409
vn -0.0007 0.9051 -0.4251
vn -0.0753 0.9092 -0.4095
vn 0.3333 0.7323 0.5939
vn 0.0276 0.9333 -0.3580
vn -0.0045 0.9375 -0.3480
vn -0.0004 0.9107 -0.4131
vn -0.4655 0.4423 0.7666
vn 0.0021 -0.8749 0.4843
vn -0.0018 -0.8795 0.4760
vn -0.0010 -0.8923 0.4514
vn -0.0009 -0.8877 0.4605
vn 0.0085 -0.8903 0.4553
vn -0.0063 0.9398 -0.3418
vn -0.0060 0.8892 -0.4574
vn -0.0010 0.8976 -0.4409
vn 0.0009 0.9170 -0.3990
vn 0.0013 -0.8887 0.4585
vn 0.3946 -0.3554 0.8473
vn 0.4406 0.1122 0.8907
vn -0.0015 0.8896 -0.4567
vn -0.0138 0.9353 -0.3537
vn 0.0336 0.9973 0.0659
vn 0.2510 0.7271 0.6390
vn -0.0150 -0.7436 0.6684
vn -0.0053 -0.8574 0.5147
vn 0.0056 -0.8078 0.5894
vn 0.0230 -0.8450 0.5343
vn 0.1990 -0.6094 0.7675
vn -0.2124 0.8056 0.5531
vn -0.0035 -0.8781 0.4784
vn 0.0022 -0.8696 0.4938
vn -0.0028 -0.7942 0.6077
vn 0.0030 -0.8809 0.4733
vn 0.0098 -0.8330 0.5532
vn -0.1199 -0.6502 0.7502
vn -0.3315 -0.3843 0.8616
vn -0.3855 0.0716 0.9199
vn -0.0264 0.9888 0.1472
vn -0.0043 0.9648 -0.2628
vn 0.0006 0.9620 -0.2731
vn 0.0001 -0.8343 0.5514
vn -0.2385 -0.1761 0.9550
vn 0.2946 -0.1760 0.9393
vn 0.2380 0.1523 0.9593
vn -0.0044 0.9805 -0.1964
vn -0.0019 0.9672 -0.2539
vn -0.0030 0.9760 -0.2180
vn 0.0019 0.9800 -0.1988
vn -0.0025 0.9919 0.1272
vn -0.0000 -0.7575 0.6529
vn -0.0431 -0.7854 0.6175
vn -0.0029 -0.7408 0.6717
vn 0.0073 -0.8045 0.5939
vn -0.2571 0.2269 0.9394
vn -0.0314 0.9723 0.2317
vn -0.0025 0.9915 -0.1302
vn -0.0046 0.9764 -0.2161
vn 0.0048 0.9964 -0.0850
vn 0.0006 0.9950 -0.1002
vn -0.0006 0.9958 -0.0912
vn 0.0030 0.9946 -0.1033
vn 0.0125 0.9923 0.1229
vn 0.1254 0.6489 0.7505
vn 0.0009 -0.8734 0.4870
vn -0.0024 -0.8751 0.4839
vn 0.1283 -0.3867 0.9133
vn -0.1344 0.5761 0.8063
vn -0.0121 0.9576 0.2877
vn -0.0210 0.9732 0.2291
vn 0.0026 0.9811 0.1936
vn -0.0001 0.9869 0.1612
vn -0.0009 0.9999 0.0124
vn 0.0018 0.9792 0.2028
vn 0.0072 0.9465 0.3227
vn 0.0069 0.9578 0.2873
vn -0.0047 0.9615 0.2747
vn -0.0006 0.9229 0.3850
vn 0.0028 0.9413 0.3376
vn 0.0270 0.8183 0.5741
vn -0.0012 -0.7736 0.6337
vn 0.0044 -0.6764 0.7365
vn 0.0131 -0.6525 0.7577
vn 0.0668 -0.4839 0.8726
vn -0.0950 -0.2174 0.9714
vn -0.1196 0.0754 0.9900
vn 0.0826 0.6679 0.7396
vn -0.0030 0.9309 0.3654
vn 0.0041 0.9750 0.2221
vn 0.0096 0.9546 0.2977
vn -0.0029 0.9224 0.3861
vn 0.0003 0.9615 0.2748
vn -0.0092 0.9803 0.1972
vn 0.0054 0.9068 0.4215
vn -0.0007 0.9148 0.4040
vn -0.0047 0.9200 0.3919
vn 0.0022 0.8813 0.4725
vn -0.0076 -0.6853 0.7282
vn -0.0052 -0.7606 0.6492
vn 0.0007 -0.7850 0.6195
vn 0.0021 -0.7975 0.6033
vn -0.0005 -0.7683 0.6401
vn 0.0061 -0.6503 0.7597
vn 0.0003 -0.6770 0.7360
vn -0.0366 -0.4048 0.9137
vn 0.1162 0.0763 0.9903
vn -0.0457 0.5300 0.8468
vn 0.0194 0.6163 0.7873
vn 0.0153 0.6745 0.7381
vn 0.0090 0.6697 0.7426
vn 0.0081 0.6772 0.7358
vn -0.0070 0.7159 0.6982
vn -0.0072 -0.3537 0.9353
vn -0.0048 -0.5567 0.8307
vn -0.0037 -0.5777 0.8162
vn 0.0020 -0.6189 0.7854
vn 0.0108 -0.3506 0.9365
vn -0.0079 -0.3633 0.9316
vn 0.0018 -0.4590 0.8884
vn 0.0096 -0.5373 0.8434
vn -0.0202 -0.2874 0.9576
vn 0.0261 -0.2748 0.9611
vn 0.0062 -0.2663 0.9639
vn 0.0635 0.0525 0.9966
vn 0.0422 0.4155 0.9086
vn -0.0146 0.5412 0.8408
vn -0.0086 0.5017 0.8650
vn -0.0006 0.7101 0.7041
vn 0.0004 0.6985 0.7156
vn -0.0007 0.7010 0.7131
vn 0.0114 0.6475 0.7620
vn -0.0040 0.5713 0.8207
vn 0.0037 0.5027 0.8645
vn 0.0075 0.6714 0.7411
vn 0.0015 0.5402 0.8415
vn 0.0019 0.5676 0.8233
vn 0.0009 0.5322 0.8466
vn -0.0048 0.5473 0.8369
vn 0.0164 0.3210 0.9469
vn -0.0031 -0.3350 0.9422
vn -0.0045 -0.3019 0.9533
vn -0.0035 -0.2659 0.9640
vn -0.0019 -0.2166 0.9763
vn -0.0029 -0.2443 0.9697
vn 0.0013 -0.2354 0.9719
vn -0.0072 -0.3086 0.9512
vn 0.0042 -0.2549 0.9670
vn 0.0108 -0.2224 0.9749
vn -0.0045 -0.0652 0.9979
vn -0.0004 -0.0945 0.9955
vn -0.0343 0.0498 0.9982
vn -0.0006 -0.0142 0.9999
vn -0.0009 0.0197 0.9998
vn 0.0021 0.0837 0.9965
vn -0.0047 0.0459 0.9989
vn 0.0020 0.0371 0.9993
vn -0.0139 0.0822 0.9965
vn 0.0136 0.1282 0.9917
vn -0.0042 0.0437 0.9990
vn -0.0010 0.0179 0.9998
vn 0.0013 0.3047 0.9524
vn 0.0022 0.2884 0.9575
vn 0.0003 0.2639 0.9646
vn 0.0017 0.2936 0.9559
vn 0.0022 0.3335 0.9427
vn 0.0016 0.0652 0.9979
vn 0.0050 0.1466 0.9892
vn 0.0040 0.1101 0.9939
vn 0.0005 0.1388 0.9903
vn -0.0062 0.3417 0.9398
vn 0.0091 0.0608 0.9981
vn 0.0077 0.3450 0.9386
vn -0.0053 0.1530 0.9882
vn 0.0049 0.1919 0.9814
vn 0.0003 -0.0629 0.9980
vt 0.266900 0.320283
vt 0.246210 0.329796
vt 0.256170 0.322441
vt 0.840732 0.789286
vt 0.849832 0.770161
vt 0.851195 0.776717
vt 0.240469 0.338511
vt 0.239157 0.336348
vt 0.036890 0.639045
vt 0.042894 0.609132
vt 0.042364 0.641170
vt 0.476302 0.948115
vt 0.486519 0.944396
vt 0.518314 0.948408
vt 0.780759 0.692341
vt 0.808009 0.683980
vt 0.798723 0.690520
vt 0.268650 0.324494
vt 0.038193 0.597205
vt 0.219575 0.373814
vt 0.228945 0.344974
vt 0.219581 0.393536
vt 0.217810 0.384713
vt 0.691249 0.975424
vt 0.698825 0.972115
vt 0.712934 0.975895
vt 0.950877 0.382022
vt 0.942793 0.372212
vt 0.962913 0.385571
vt 0.893475 0.471413
vt 0.885159 0.498811
vt 0.888932 0.472021
vt 0.843984 0.768185
vt 0.898398 0.453457
vt 0.944641 0.391928
vt 0.949399 0.414422
vt 0.941580 0.404845
vt 0.817691 0.687145
vt 0.819787 0.678660
vt 0.837449 0.694333
vt 0.050970 0.822162
vt 0.050970 0.775978
vt 0.055247 0.796274
vt 0.457790 0.908174
vt 0.469659 0.909055
vt 0.487689 0.922041
vt 0.228650 0.362474
vt 0.610467 0.035141
vt 0.620564 0.031917
vt 0.641465 0.033746
vt 0.676957 0.947395
vt 0.657374 0.943942
vt 0.677405 0.944741
vt 0.697986 0.945654
vt 0.881745 0.476795
vt 0.896699 0.450535
vt 0.826076 0.104266
vt 0.830819 0.108735
vt 0.817092 0.128323
vt 0.790834 0.686550
vt 0.839756 0.800759
vt 0.834916 0.786477
vt 0.503052 0.915082
vt 0.580758 0.034062
vt 0.962743 0.445909
vt 0.970381 0.425013
vt 0.981661 0.424979
vt 0.991010 0.418582
vt 0.234844 0.333978
vt 0.236161 0.336255
vt 0.852721 0.765353
vt 0.990556 0.287749
vt 0.988396 0.260316
vt 0.990527 0.254216
vt 0.671918 0.906518
vt 0.677257 0.908461
vt 0.631602 0.907219
vt 0.217512 0.376912
vt 0.227238 0.334805
vt 0.215822 0.384325
vt 0.691286 0.977285
vt 0.960490 0.390362
vt 0.961485 0.389920
vt 0.938342 0.393177
vt 0.933563 0.412711
vt 0.032208 0.317273
vt 0.047049 0.340653
vt 0.032394 0.328504
vt 0.438390 0.772432
vt 0.421601 0.766210
vt 0.432814 0.766366
vt 0.424021 0.755039
vt 0.850092 0.799439
vt 0.988957 0.291550
vt 0.898534 0.505423
vt 0.896698 0.471656
vt 0.902916 0.446119
vt 0.811573 0.691535
vt 0.829680 0.694157
vt 0.709247 0.095271
vt 0.704008 0.102693
vt 0.692581 0.102327
vt 0.011473 0.011894
vt 0.005471 0.016417
vt 0.011661 0.000225
vt 0.049610 0.330519
vt 0.382031 0.466688
vt 0.389854 0.483604
vt 0.374096 0.474393
vt 0.452938 0.785518
vt 0.440361 0.785116
vt 0.433529 0.778863
vt 0.275152 0.398702
vt 0.272470 0.355103
vt 0.278233 0.396510
vt 0.279480 0.416801
vt 0.419415 0.776370
vt 0.954556 0.460873
vt 0.964382 0.480740
vt 0.951294 0.461237
vt 0.493360 0.906643
vt 0.064102 0.971462
vt 0.043632 0.962069
vt 0.060494 0.959097
vt 0.030367 0.958542
vt 0.814055 0.675310
vt 0.830625 0.664872
vt 0.038346 0.642904
vt 0.040422 0.666633
vt 0.036915 0.687003
vt 0.381810 0.486338
vt 0.111955 0.021900
vt 0.106841 0.024853
vt 0.108400 0.001579
vt 0.843500 0.751370
vt 0.990945 0.416722
vt 0.002484 0.775085
vt 0.005472 0.758139
vt 0.005282 0.778676
vt 0.682670 0.877284
vt 0.680038 0.880218
vt 0.661846 0.880467
vt 0.660620 0.883398
vt 0.646720 0.870433
vt 0.855773 0.477691
vt 0.880435 0.472595
vt 0.889140 0.453257
vt 0.839511 0.106894
vt 0.816974 0.134046
vt 0.794041 0.683835
vt 0.435097 0.781224
vt 0.396018 0.773623
vt 0.812225 0.793137
vt 0.834368 0.785483
vt 0.433801 0.944838
vt 0.476625 0.944838
vt 0.436220 0.946009
vt 0.967921 0.422324
vt 0.966219 0.480665
vt 0.993996 0.948547
vt 0.992415 0.947709
vt 0.983978 0.921741
vt 0.049193 0.966823
vt 0.013799 0.890266
vt 0.024187 0.884538
vt 0.013840 0.893144
vt 0.006246 0.761038
vt 0.831667 0.119759
vt 0.817828 0.135513
vt 0.795065 0.682155
vt 0.426395 0.752982
vt 0.439377 0.769123
vt 0.853659 0.797290
vt 0.854057 0.781445
vt 0.856302 0.766734
vt 0.254867 0.317879
vt 0.708226 0.978758
vt 0.979865 0.719600
vt 0.981847 0.735437
vt 0.977328 0.738866
vt 0.452523 0.781735
vt 0.119730 0.969166
vt 0.088667 0.972586
vt 0.089137 0.969447
vt 0.216437 0.371666
vt 0.224751 0.339451
vt 0.945110 0.384780
vt 0.970570 0.398805
vt 0.902900 0.495214
vt 0.900032 0.465279
vt 0.933364 0.396644
vt 0.944301 0.379041
vt 0.928344 0.422811
vt 0.983257 0.719211
vt 0.043644 0.341978
vt 0.052200 0.347397
vt 0.470742 0.539979
vt 0.473062 0.531097
vt 0.476039 0.546387
vt 0.393934 0.472919
vt 0.270739 0.407445
vt 0.486461 0.536908
vt 0.405225 0.475408
vt 0.393948 0.491533
vt 0.029655 0.020652
vt 0.023012 0.039024
vt 0.023972 0.018771
vt 0.284327 0.399785
vt 0.821254 0.668143
vt 0.644037 0.987881
vt 0.627622 0.989860
vt 0.629054 0.987881
vt 0.020369 0.037483
vt 0.530507 0.057112
vt 0.522704 0.058040
vt 0.520418 0.055518
vt 0.514008 0.056041
vt 0.505742 0.056935
vt 0.468514 0.056590
vt 0.030832 0.886960
vt 0.030832 0.926066
vt 0.029863 0.927039
vt 0.281521 0.445223
vt 0.283806 0.479140
vt 0.280560 0.446368
vt 0.282842 0.480980
vt 0.965172 0.419430
vt 0.984021 0.413643
vt 0.958171 0.450827
vt 0.971545 0.479649
vt 0.990160 0.946126
vt 0.025393 0.865932
vt 0.026356 0.887809
vt 0.008450 0.751857
vt 0.008236 0.761424
vt 0.006857 0.778735
vt 0.680402 0.881354
vt 0.000641 0.081600
vt 0.000641 0.056922
vt 0.003275 0.078693
vt 0.928396 0.037922
vt 0.927726 0.042112
vt 0.917303 0.027082
vt 0.918347 0.021222
vt 0.846305 0.101928
vt 0.819153 0.138403
vt 0.976606 0.715225
vt 0.231563 0.332939
vt 0.127192 0.972245
vt 0.577133 0.007589
vt 0.605160 0.005137
vt 0.612294 0.007503
vt 0.208646 0.377146
vt 0.686294 0.985161
vt 0.955976 0.392542
vt 0.927914 0.408656
vt 0.968459 0.583077
vt 0.974059 0.587929
vt 0.953665 0.584150
vt 0.990045 0.583451
vt 0.693888 0.098879
vt 0.028644 0.330830
vt 0.546818 0.067249
vt 0.546853 0.084521
vt 0.530681 0.077454
vt 0.478219 0.558562
vt 0.492618 0.557825
vt 0.548377 0.094514
vt 0.536785 0.100394
vt 0.482675 0.517515
vt 0.492922 0.534926
vt 0.383629 0.491591
vt 0.833489 0.122092
vt 0.795900 0.680364
vt 0.020783 0.012416
vt 0.496343 0.057884
vt 0.280951 0.419167
vt 0.282858 0.448067
vt 0.029910 0.881557
vt 0.029910 0.845329
vt 0.031274 0.884970
vt 0.967745 0.415320
vt 0.660692 0.886025
vt 0.649166 0.879339
vt 0.037438 0.137194
vt 0.072205 0.110837
vt 0.042386 0.137114
vt 0.323845 0.033592
vt 0.319300 0.018890
vt 0.323267 0.003464
vt 0.717034 0.076349
vt 0.979689 0.700195
vt 0.558649 0.081288
vt 0.642805 0.990093
vt 0.501471 0.900192
vt 0.516849 0.904313
vt 0.469935 0.899897
vt 0.020271 0.004539
vt 0.375592 0.479844
vt 0.157377 0.546112
vt 0.155398 0.534458
vt 0.157054 0.519911
vt 0.941974 0.809235
vt 0.942531 0.843267
vt 0.940597 0.824975
vt 0.985174 0.412537
vt 0.961140 0.448897
vt 0.980601 0.482085
vt 0.027412 0.872311
vt 0.008774 0.776839
vt 0.925229 0.041913
vt 0.820717 0.139995
vt 0.794971 0.677480
vt 0.820654 0.664500
vt 0.443979 0.763494
vt 0.426614 0.733327
vt 0.836295 0.540180
vt 0.807919 0.535404
vt 0.813675 0.526178
vt 0.827488 0.551904
vt 0.459587 0.776814
vt 0.861295 0.785291
vt 0.711478 0.449374
vt 0.726632 0.455783
vt 0.699676 0.468655
vt 0.238820 0.316803
vt 0.072024 0.124231
vt 0.361433 0.949936
vt 0.326051 0.943697
vt 0.369005 0.942379
vt 0.220837 0.345411
vt 0.718992 0.985301
vt 0.950050 0.395197
vt 0.965692 0.407523
vt 0.315448 0.004977
vt 0.314717 0.040099
vt 0.933182 0.378602
vt 0.922298 0.398024
vt 0.991545 0.732005
vt 0.989818 0.751743
vt 0.984960 0.726459
vt 0.971577 0.594603
vt 0.694272 0.076205
vt 0.467326 0.544343
vt 0.559064 0.064352
vt 0.552336 0.063103
vt 0.478197 0.570101
vt 0.562022 0.084647
vt 0.496821 0.549292
vt 0.401027 0.487395
vt 0.397332 0.496849
vt 0.583026 0.887185
vt 0.586165 0.866636
vt 0.586716 0.878008
vt 0.156684 0.489130
vt 0.975548 0.856851
vt 0.975548 0.817648
vt 0.976973 0.844183
vt 0.940670 0.857015
vt 0.952211 0.410946
vt 0.978287 0.468880
vt 0.028296 0.895693
vt 0.531255 0.898818
vt 0.561263 0.898818
vt 0.514606 0.900986
vt 0.682501 0.883553
vt 0.662592 0.888321
vt 0.648096 0.903452
vt 0.000731 0.816751
vt 0.000731 0.790690
vt 0.002206 0.794725
vt 0.907112 0.023050
vt 0.844244 0.113674
vt 0.130682 0.987459
vt 0.126188 0.992113
vt 0.114213 0.974602
vt 0.684336 0.093859
vt 0.033584 0.347925
vt 0.775237 0.591657
vt 0.768017 0.586476
vt 0.768671 0.582254
vt 0.469888 0.564343
vt 0.533036 0.057232
vt 0.529466 0.484683
vt 0.540436 0.477792
vt 0.536582 0.485567
vt 0.569715 0.078891
vt 0.529662 0.461746
vt 0.544595 0.464687
vt 0.496429 0.561117
vt 0.376479 0.499460
vt 0.579333 0.881391
vt 0.938037 0.832058
vt 0.988828 0.408717
vt 0.968555 0.448409
vt 0.745253 0.870839
vt 0.772363 0.875858
vt 0.759457 0.876009
vt 0.510055 0.970012
vt 0.500891 0.986545
vt 0.512940 0.958144
vt 0.848056 0.618845
vt 0.857171 0.607948
vt 0.846709 0.644925
vt 0.680352 0.887407
vt 0.918801 0.041878
vt 0.823412 0.140767
vt 0.022934 0.209735
vt 0.022933 0.244499
vt 0.020601 0.213777
vt 0.818723 0.662495
vt 0.011725 0.347417
vt 0.011460 0.317193
vt 0.013676 0.315334
vt 0.485160 0.904069
vt 0.217178 0.328895
vt 0.058582 0.142712
vt 0.968071 0.213808
vt 0.957240 0.213004
vt 0.954032 0.207193
vt 0.576011 0.075731
vt 0.533642 0.457806
vt 0.581259 0.856443
vt 0.584843 0.840177
vt 0.582852 0.840592
vt 0.858299 0.601500
vt 0.660396 0.895504
vt 0.932716 0.062779
vt 0.847257 0.114631
vt 0.024658 0.116438
vt 0.028717 0.134089
vt 0.021601 0.129971
vt 0.556525 0.097321
vt 0.541562 0.106992
vt 0.937501 0.815093
vt 0.152455 0.933270
vt 0.121608 0.930571
vt 0.164246 0.930699
vt 0.900503 0.024144
vt 0.499215 0.532072
vt 0.495541 0.527230
vt 0.781064 0.586226
vt 0.795619 0.517923
vt 0.566911 0.057751
vt 0.544410 0.459473
vt 0.552478 0.461200
vt 0.574620 0.081544
vt 0.937986 0.857921
vt 0.983116 0.463087
vt 0.822935 0.147997
vt 0.025410 0.217297
vt 0.624994 0.921932
vt 0.597783 0.919551
vt 0.636128 0.918932
vt 0.015950 0.328504
vt 0.446450 0.750690
vt 0.454375 0.555578
vt 0.550333 0.483299
vt 0.556751 0.465780
vt 0.553431 0.477244
vt 0.567232 0.878018
vt 0.022868 0.099391
vt 0.031752 0.119117
vt 0.139097 0.944123
vt 0.743151 0.867313
vt 0.511364 0.553534
vt 0.501910 0.564690
vt 0.539185 0.454079
vt 0.416855 0.988734
vt 0.408891 0.987041
vt 0.409185 0.966234
vt 0.720634 0.472312
vt 0.731407 0.460140
vt 0.004905 0.965221
vt 0.004905 0.941289
vt 0.009290 0.942860
vt 0.950502 0.403986
vt 0.021222 0.333937
vt 0.956855 0.187938
vt 0.936587 0.189498
vt 0.577404 0.055511
vt 0.583291 0.069162
vt 0.927796 0.832183
vt 0.847001 0.601632
vt 0.672705 0.894321
vt 0.901414 0.044595
vt 0.850000 0.130282
vt 0.458780 0.765959
vt 0.062389 0.022044
vt 0.063459 0.014851
vt 0.104522 0.014851
vt 0.983228 0.738250
vt 0.983228 0.777169
vt 0.979083 0.746457
vt 0.308714 0.030977
vt 0.931345 0.370630
vt 0.918443 0.392188
vt 0.986046 0.755186
vt 0.131504 0.981241
vt 0.973349 0.190146
vt 0.566360 0.475807
vt 0.566960 0.852307
vt 0.769978 0.861711
vt 0.692977 0.895441
vt 0.839390 0.151682
vt 0.627372 0.906752
vt 0.360823 0.760993
vt 0.373178 0.759377
vt 0.368440 0.771102
vt 0.521126 0.544323
vt 0.574029 0.088858
vt 0.233639 0.309898
vt 0.376642 0.600532
vt 0.386062 0.566686
vt 0.391285 0.573268
vt 0.676983 0.085425
vt 0.556109 0.500257
vt 0.565774 0.482628
vt 0.667129 0.903919
vt 0.920838 0.073247
vt 0.411686 0.506217
vt 0.391879 0.515903
vt 0.523583 0.971153
vt 0.590500 0.907043
vt 0.476010 0.471053
vt 0.468399 0.476146
vt 0.462147 0.471868
vt 0.588751 0.071679
vt 0.566361 0.455544
vt 0.550363 0.991582
vt 0.546398 0.985237
vt 0.556881 0.969750
vt 0.384133 0.660428
vt 0.380872 0.650394
vt 0.401768 0.652734
vt 0.697645 0.058792
vt 0.668392 0.107140
vt 0.529886 0.510386
vt 0.481107 0.502542
vt 0.464287 0.507240
vt 0.472255 0.498415
vt 0.565022 0.864523
vt 0.141485 0.017162
vt 0.152690 0.001160
vt 0.152451 0.025761
vt 0.927268 0.847166
vt 0.132077 0.332437
vt 0.128819 0.305904
vt 0.148157 0.331949
vt 0.818157 0.605362
vt 0.377685 0.768997
vt 0.566452 0.458346
vt 0.462007 0.463068
vt 0.469840 0.454145
vt 0.587436 0.086683
vt 0.559165 0.451567
vt 0.343215 0.660608
vt 0.086451 0.024307
vt 0.807064 0.550829
vt 0.771809 0.573455
vt 0.456418 0.500396
vt 0.368304 0.517041
vt 0.899068 0.083551
vt 0.870574 0.079943
vt 0.883009 0.071004
vt 0.151590 0.353363
vt 0.730818 0.854336
vt 0.681652 0.903891
vt 0.865846 0.118612
vt 0.574668 0.461612
vt 0.412947 0.525448
vt 0.572786 0.106788
vt 0.153509 0.123377
vt 0.155020 0.141867
vt 0.134060 0.147483
vt 0.375049 0.553323
vt 0.396371 0.537011
vt 0.653989 0.080918
vt 0.958821 0.748997
vt 0.944739 0.743228
vt 0.957594 0.731653
vt 0.935598 0.721614
vt 0.289469 0.028073
vt 0.830318 0.567736
vt 0.120207 0.123990
vt 0.450431 0.478725
vt 0.587623 0.101065
vt 0.814444 0.120451
vt 0.814814 0.145919
vt 0.802396 0.137828
vt 0.824735 0.165344
vt 0.366233 0.577576
vt 0.018064 0.152180
vt 0.002004 0.152180
vt 0.004480 0.126332
vt 0.480429 0.521711
vt 0.018087 0.185139
vt 0.018087 0.211826
vt 0.004429 0.205605
vt 0.397074 0.532494
vt 0.551168 0.431498
vt 0.211526 0.309555
vt 0.549325 0.533346
vt 0.650016 0.445747
vt 0.637861 0.440000
vt 0.651377 0.440554
vt 0.352928 0.635895
vt 0.149674 0.102043
vt 0.011265 0.303131
vt 0.032430 0.313007
vt 0.016823 0.314608
vt 0.638629 0.446195
vt 0.642764 0.458373
vt 0.379336 0.533815
vt 0.764091 0.834898
vt 0.527367 0.443207
vt 0.535680 0.430213
vt 0.810477 0.116780
vt 0.824110 0.100932
vt 0.014721 0.280106
vt 0.448352 0.507649
vt 0.871912 0.102002
vt 0.167314 0.305472
vt 0.832871 0.584150
vt 0.410851 0.532845
vt 0.633221 0.469167
vt 0.645712 0.467265
vt 0.650334 0.473552
vt 0.655421 0.074883
vt 0.644310 0.070950
vt 0.651099 0.059554
vt 0.667913 0.067673
vt 0.527148 0.556914
vt 0.647339 0.464572
vt 0.630582 0.464478
vt 0.442016 0.468850
vt 0.135517 0.587893
vt 0.117931 0.600848
vt 0.105798 0.588283
vt 0.688601 0.950933
vt 0.658928 0.972492
vt 0.663226 0.948703
vt 0.786172 0.931206
vt 0.791364 0.914513
vt 0.800467 0.930815
vt 0.293209 0.004628
vt 0.648652 0.041782
vt 0.633951 0.040011
vt 0.971278 0.166515
vt 0.438684 0.500199
vt 0.936588 0.786031
vt 0.954552 0.791886
vt 0.940089 0.796202
vt 0.852686 0.589423
vt 0.581346 0.117764
vt 0.645957 0.493289
vt 0.439180 0.475408
vt 0.736918 0.483461
vt 0.958630 0.143275
vt 0.970307 0.107337
vt 0.978227 0.135115
vt 0.039641 0.292140
vt 0.860519 0.840518
vt 0.840685 0.823875
vt 0.882508 0.835332
vt 0.864723 0.144518
vt 0.624851 0.458740
vt 0.622456 0.447836
vt 0.437032 0.477801
vt 0.443576 0.448037
vt 0.460631 0.438720
vt 0.123976 0.576792
vt 0.286776 0.027803
vt 0.270248 0.026648
vt 0.270488 0.004992
vt 0.559848 0.528820
vt 0.575423 0.487894
vt 0.943129 0.778858
vt 0.949706 0.368672
vt 0.970999 0.361922
vt 0.959101 0.378747
vt 0.916136 0.440776
vt 0.891364 0.438144
vt 0.911991 0.423050
vt 0.120065 0.149152
vt 0.625761 0.416484
vt 0.640037 0.414350
vt 0.899555 0.106801
vt 0.892541 0.073156
vt 0.894732 0.421269
vt 0.151667 0.565085
vt 0.832127 0.842302
vt 0.465039 0.537785
vt 0.422183 0.504878
vt 0.958959 0.811009
vt 0.945919 0.827603
vt 0.944799 0.805819
vt 0.731498 0.827368
vt 0.958648 0.776183
vt 0.629511 0.493434
vt 0.625841 0.472399
vt 0.753212 0.466180
vt 0.752861 0.451163
vt 0.805565 0.918827
vt 0.803186 0.907455
vt 0.798784 0.576539
vt 0.792389 0.565731
vt 0.795249 0.672179
vt 0.776995 0.691010
vt 0.772979 0.680285
vt 0.621937 0.391115
vt 0.549534 0.794297
vt 0.529208 0.799258
vt 0.531605 0.771863
vt 0.358676 0.791446
vt 0.378639 0.784528
vt 0.367175 0.551426
vt 0.414518 0.553870
vt 0.113018 0.433709
vt 0.107355 0.413599
vt 0.124763 0.407943
vt 0.165542 0.289141
vt 0.168025 0.302765
vt 0.153724 0.300142
vt 0.383651 0.625736
vt 0.643680 0.635622
vt 0.636533 0.620294
vt 0.661505 0.618372
vt 0.849671 0.099095
vt 0.616366 0.440541
vt 0.356769 0.780654
vt 0.419402 0.499899
vt 0.421389 0.492580
vt 0.138747 0.418928
vt 0.430671 0.458462
vt 0.433961 0.445054
vt 0.621441 0.466996
vt 0.765083 0.141597
vt 0.779070 0.133714
vt 0.759200 0.455657
vt 0.666467 0.057277
vt 0.780869 0.561738
vt 0.415124 0.534430
vt 0.008000 0.249295
vt 0.017942 0.235098
vt 0.017277 0.262700
vt 0.070513 0.837465
vt 0.054923 0.815201
vt 0.088178 0.815903
vt 0.418873 0.479095
vt 0.423991 0.467776
vt 0.116639 0.571259
vt 0.797531 0.126531
vt 0.760928 0.302455
vt 0.745190 0.299551
vt 0.755362 0.261590
vt 0.951203 0.344917
vt 0.984885 0.704110
vt 0.999941 0.706765
vt 0.985767 0.724182
vt 0.568197 0.819346
vt 0.539856 0.815663
vt 0.745031 0.548727
vt 0.739554 0.572107
vt 0.729951 0.563395
vt 0.173026 0.301115
vt 0.023888 0.963901
vt 0.011829 0.974020
vt 0.011355 0.945706
vt 0.164860 0.890654
vt 0.156731 0.876575
vt 0.187319 0.876356
vt 0.811571 0.106791
vt 0.050990 0.861745
vt 0.560997 0.544570
vt 0.765791 0.579226
vt 0.761042 0.590027
vt 0.416668 0.319358
vt 0.437355 0.323127
vt 0.418965 0.332821
vt 0.415443 0.472594
vt 0.746482 0.490656
vt 0.742279 0.501314
vt 0.420894 0.310328
vt 0.434998 0.311862
vt 0.616623 0.482659
vt 0.759859 0.471849
vt 0.125787 0.098523
vt 0.140140 0.886438
vt 0.772358 0.667905
vt 0.936319 0.766866
vt 0.919788 0.763099
vt 0.536215 0.393233
vt 0.140246 0.427275
vt 0.396483 0.063326
vt 0.395883 0.072844
vt 0.373552 0.064032
vt 0.797169 0.657616
vt 0.848362 0.167283
vt 0.349682 0.778939
vt 0.562267 0.556696
vt 0.416941 0.446013
vt 0.175033 0.291663
vt 0.810214 0.934394
vt 0.673068 0.638256
vt 0.735960 0.583192
vt 0.155211 0.273303
vt 0.164684 0.272841
vt 0.694843 0.634471
vt 0.287689 0.974687
vt 0.274720 0.992538
vt 0.275918 0.973688
vt 0.809156 0.567563
vt 0.961390 0.335399
vt 0.998667 0.722380
vt 0.953100 0.781107
vt 0.967965 0.791862
vt 0.439958 0.342060
vt 0.561442 0.346184
vt 0.556753 0.357616
vt 0.551997 0.348365
vt 0.415600 0.306992
vt 0.432461 0.306364
vt 0.180927 0.307239
vt 0.187252 0.301046
vt 0.237360 0.400729
vt 0.229740 0.412595
vt 0.212924 0.396915
vt 0.642425 0.028396
vt 0.665749 0.039856
vt 0.643687 0.533506
vt 0.552097 0.358873
vt 0.382846 0.083125
vt 0.814819 0.920489
vt 0.183589 0.385799
vt 0.208479 0.410997
vt 0.800144 0.559791
vt 0.776705 0.553794
vt 0.798342 0.550936
vt 0.786927 0.027736
vt 0.786188 0.036180
vt 0.765142 0.027087
vt 0.567491 0.798058
vt 0.282197 0.580940
vt 0.269259 0.564901
vt 0.284295 0.554372
vt 0.903591 0.408873
vt 0.715999 0.579975
vt 0.428150 0.341857
vt 0.695638 0.678519
vt 0.707141 0.684556
vt 0.694607 0.715580
vt 0.416574 0.277242
vt 0.446259 0.277748
vt 0.982179 0.360244
vt 0.973051 0.357278
vt 0.990675 0.336455
vt 0.647518 0.646435
vt 0.651801 0.749857
vt 0.682675 0.730211
vt 0.674733 0.749857
vt 0.879135 0.118941
vt 0.006595 0.544075
vt 0.006595 0.527388
vt 0.027668 0.532947
vt 0.628904 0.745836
vt 0.654802 0.714511
vt 0.108966 0.464794
vt 0.548957 0.352372
vt 0.546707 0.367490
vt 0.545148 0.346407
vt 0.414835 0.071113
vt 0.755505 0.491129
vt 0.671343 0.046288
vt 0.466498 0.268138
vt 0.474624 0.235928
vt 0.483017 0.260349
vt 0.558385 0.886298
vt 0.554701 0.877853
vt 0.576868 0.887313
vt 0.451984 0.217304
vt 0.468812 0.218068
vt 0.359868 0.995514
vt 0.356858 0.983438
vt 0.370994 0.993981
vt 0.745405 0.596575
vt 0.753174 0.604479
vt 0.567355 0.347396
vt 0.565817 0.368149
vt 0.530636 0.356853
vt 0.361071 0.064669
vt 0.415555 0.715070
vt 0.398915 0.704529
vt 0.415139 0.690277
vt 0.847875 0.110564
vt 0.095419 0.836735
vt 0.570978 0.345648
vt 0.571785 0.368743
vt 0.147173 0.442912
vt 0.755328 0.509510
vt 0.181896 0.288102
vt 0.801230 0.889884
vt 0.806302 0.901802
vt 0.688478 0.645862
vt 0.213753 0.084431
vt 0.205952 0.090978
vt 0.207217 0.059076
vt 0.671943 0.068428
vt 0.772495 0.652485
vt 0.764405 0.040261
vt 0.749114 0.035978
vt 0.547872 0.768026
vt 0.449023 0.859165
vt 0.442644 0.841853
vt 0.462979 0.835246
vt 0.601855 0.348886
vt 0.473839 0.328895
vt 0.724459 0.700443
vt 0.719356 0.715535
vt 0.554642 0.372163
vt 0.463196 0.307627
vt 0.459911 0.302655
vt 0.172879 0.270842
vt 0.984851 0.324044
vt 0.211244 0.112385
vt 0.816224 0.917309
vt 0.268725 0.543445
vt 0.925572 0.411941
vt 0.723532 0.593811
vt 0.721265 0.985771
vt 0.727712 0.977373
vt 0.736704 0.980646
vt 0.529790 0.003644
vt 0.525187 0.009571
vt 0.517107 0.003914
vt 0.198411 0.413500
vt 0.744230 0.691617
vt 0.785709 0.544564
vt 0.079166 0.857492
vt 0.557937 0.374613
vt 0.551584 0.372930
vt 0.552398 0.008031
vt 0.219089 0.420553
vt 0.747007 0.334593
vt 0.845220 0.854548
vt 0.815004 0.855352
vt 0.817070 0.835698
vt 0.897676 0.125276
vt 0.541155 0.888181
vt 0.673509 0.719851
vt 0.595832 0.373232
vt 0.340604 0.784263
vt 0.344191 0.772803
vt 0.465583 0.291615
vt 0.764348 0.487649
vt 0.198699 0.304987
vt 0.156204 0.263230
vt 0.740276 0.673352
vt 0.555772 0.859179
vt 0.562497 0.844567
vt 0.809378 0.040730
vt 0.790331 0.042097
vt 0.468757 0.840360
vt 0.916762 0.568793
vt 0.924171 0.581171
vt 0.907777 0.577023
vt 0.918688 0.399572
vt 0.373908 0.083605
vt 0.833995 0.926232
vt 0.180624 0.189533
vt 0.196834 0.198892
vt 0.168670 0.202095
vt 0.200976 0.098059
vt 0.402472 0.683210
vt 0.777853 0.044524
vt 0.348105 0.791480
vt 0.007401 0.837171
vt 0.008665 0.856281
vt 0.003061 0.862291
vt 0.475736 0.313568
vt 0.379041 0.120769
vt 0.815371 0.903836
vt 0.968209 0.340086
vt 0.675197 0.036283
vt 0.481218 0.827251
vt 0.444018 0.366909
vt 0.536928 0.377049
vt 0.347769 0.059358
vt 0.222848 0.800281
vt 0.274949 0.810225
vt 0.230571 0.811309
vt 0.178084 0.267067
vt 0.743428 0.972594
vt 0.061505 0.364026
vt 0.053066 0.373822
vt 0.058511 0.350794
vt 0.198016 0.054037
vt 0.200362 0.427572
vt 0.630856 0.361523
vt 0.619791 0.371888
vt 0.759753 0.044150
vt 0.909942 0.585227
vt 0.260769 0.569678
vt 0.337303 0.770858
vt 0.628142 0.712037
vt 0.495429 0.373360
vt 0.504448 0.388101
vt 0.682640 0.526618
vt 0.650252 0.520902
vt 0.656773 0.510249
vt 0.062910 0.345908
vt 0.193980 0.076542
vt 0.823406 0.916634
vt 0.385891 0.712392
vt 0.387898 0.696813
vt 0.541150 0.881399
vt 0.458943 0.856950
vt 0.484089 0.223519
vt 0.725393 0.602177
vt 0.721041 0.668659
vt 0.449133 0.963941
vt 0.468836 0.970958
vt 0.448999 0.972404
vt 0.688017 0.042126
vt 0.783655 0.536407
vt 0.792351 0.536417
vt 0.492498 0.244981
vt 0.830174 0.863563
vt 0.931779 0.961997
vt 0.900820 0.986119
vt 0.902672 0.961997
vt 0.792578 0.048587
vt 0.528859 0.891605
vt 0.698170 0.583990
vt 0.570928 0.391922
vt 0.561491 0.391886
vt 0.554428 0.391070
vt 0.551091 0.392968
vt 0.182385 0.251253
vt 0.710806 0.971645
vt 0.812012 0.558405
vt 0.096832 0.855760
vt 0.903830 0.396121
vt 0.660674 0.839239
vt 0.635752 0.853279
vt 0.630526 0.838922
vt 0.000146 0.857827
vt 0.219735 0.227318
vt 0.229476 0.220497
vt 0.233250 0.255713
vt 0.985069 0.825594
vt 0.985069 0.796530
vt 0.990457 0.818971
vt 0.238357 0.792704
vt 0.051122 0.337659
vt 0.219528 0.264111
vt 0.278503 0.851984
vt 0.282360 0.833856
vt 0.319311 0.848040
vt 0.988800 0.351088
vt 0.999196 0.367463
vt 0.985425 0.360361
vt 0.924490 0.596778
vt 0.854551 0.866758
vt 0.836167 0.036104
vt 0.853064 0.042151
vt 0.847873 0.061527
vt 0.255510 0.537964
vt 0.651829 0.824935
vt 0.331591 0.780994
vt 0.190152 0.206168
vt 0.531715 0.884721
vt 0.661909 0.576269
vt 0.674155 0.579612
vt 0.664632 0.587188
vt 0.478907 0.848536
vt 0.660535 0.854861
vt 0.644981 0.864220
vt 0.338826 0.794946
vt 0.519459 0.400521
vt 0.693675 0.517448
vt 0.160777 0.893816
vt 0.163934 0.899234
vt 0.142081 0.891946
vt 0.692387 0.034338
vt 0.184685 0.424973
vt 0.651219 0.568937
vt 0.464531 0.866337
vt 0.836238 0.876287
vt 0.696764 0.597349
vt 0.464130 0.978504
vt 0.066301 0.367994
vt 0.684543 0.029389
vt 0.400372 0.669712
vt 0.392135 0.682361
vt 0.359775 0.714561
vt 0.377580 0.691757
vt 0.767699 0.050740
vt 0.502620 0.228895
vt 0.673410 0.695077
vt 0.791954 0.313032
vt 0.809588 0.330041
vt 0.798872 0.334321
vt 0.575647 0.390170
vt 0.641388 0.107921
vt 0.634175 0.118944
vt 0.638872 0.100941
vt 0.636029 0.102272
vt 0.069282 0.345786
vt 0.194797 0.102296
vt 0.224585 0.432342
vt 0.100616 0.924209
vt 0.060421 0.937269
vt 0.063571 0.925991
vt 0.809668 0.869767
vt 0.931299 0.983448
vt 0.999402 0.351422
vt 0.610056 0.388544
vt 0.177681 0.897642
vt 0.803778 0.535183
vt 0.956942 0.040275
vt 0.950823 0.036148
vt 0.962162 0.029949
vt 0.535099 0.873052
vt 0.916690 0.601881
vt 0.250702 0.590069
vt 0.250788 0.556664
vt 0.910098 0.389376
vt 0.491534 0.214102
vt 0.779417 0.313600
vt 0.738125 0.669686
vt 0.625900 0.120187
vt 0.630402 0.107987
vt 0.631097 0.120592
vt 0.547016 0.408145
vt 0.243323 0.235071
vt 0.596699 0.866040
vt 0.618585 0.867448
vt 0.608926 0.876733
vt 0.170276 0.903890
vt 0.162655 0.211742
vt 0.959280 0.016488
vt 0.749828 0.048702
vt 0.306498 0.831285
vt 0.327355 0.837521
vt 0.673559 0.826777
vt 0.101929 0.031106
vt 0.119387 0.028832
vt 0.113395 0.042600
vt 0.005831 0.646674
vt 0.000043 0.659086
vt 0.000309 0.631173
vt 0.425333 0.547815
vt 0.426217 0.559222
vt 0.412801 0.560091
vt 0.423097 0.564673
vt 0.361371 0.691664
vt 0.769878 0.977700
vt 0.768538 0.993014
vt 0.767567 0.971744
vt 0.942076 0.597360
vt 0.513871 0.250867
vt 0.784879 0.339979
vt 0.622280 0.101998
vt 0.200052 0.442225
vt 0.682096 0.499350
vt 0.662971 0.498435
vt 0.452789 0.978495
vt 0.443802 0.978150
vt 0.806285 0.891401
vt 0.813432 0.884899
vt 0.815247 0.900788
vt 0.807950 0.877148
vt 0.489585 0.984841
vt 0.494262 0.984841
vt 0.491886 0.999986
vt 0.706907 0.643334
vt 0.714594 0.666995
vt 0.700829 0.645848
vt 0.186847 0.890861
vt 0.184263 0.210722
vt 0.070199 0.371976
vt 0.078589 0.330044
vt 0.431886 0.548344
vt 0.694977 0.031169
vt 0.389178 0.663452
vt 0.373667 0.678531
vt 0.853595 0.074650
vt 0.679336 0.608253
vt 0.671676 0.603926
vt 0.660421 0.589457
vt 0.790188 0.531837
vt 0.310958 0.815658
vt 0.710508 0.477872
vt 0.723107 0.477918
vt 0.710477 0.490406
vt 0.332285 0.798136
vt 0.612544 0.105752
vt 0.602719 0.124125
vt 0.593553 0.103144
vt 0.118324 0.022507
vt 0.823345 0.891395
vt 0.818235 0.901624
vt 0.816085 0.896477
vt 0.821510 0.880273
vt 0.462714 0.984896
vt 0.454299 0.980936
vt 0.468529 0.981293
vt 0.816133 0.884543
vt 0.448493 0.985955
vt 0.240252 0.224852
vt 0.682210 0.984940
vt 0.682210 0.999398
vt 0.674618 0.995936
vt 0.642412 0.868220
vt 0.448778 0.979299
vt 0.702267 0.650512
vt 0.693519 0.638281
vt 0.173768 0.902641
vt 0.162070 0.922159
vt 0.186788 0.891602
vt 0.347606 0.886369
vt 0.330983 0.886356
vt 0.331704 0.884977
vt 0.307461 0.885245
vt 0.185519 0.211838
vt 0.219136 0.210046
vt 0.857117 0.019819
vt 0.857421 0.048767
vt 0.913516 0.007302
vt 0.914192 0.003467
vt 0.943067 0.006037
vt 0.649529 0.582524
vt 0.786166 0.523859
vt 0.612225 0.129943
vt 0.700074 0.512651
vt 0.715125 0.523588
vt 0.699064 0.516591
vt 0.703134 0.524771
vt 0.699048 0.532341
vt 0.696449 0.521278
vt 0.694338 0.522628
vt 0.655246 0.101704
vt 0.657142 0.127965
vt 0.818914 0.903435
vt 0.824145 0.879130
vt 0.692251 0.647756
vt 0.693595 0.644685
vt 0.699996 0.657542
vt 0.167159 0.921836
vt 0.168975 0.914381
vt 0.177968 0.917286
vt 0.988326 0.770032
vt 0.985649 0.760239
vt 0.993433 0.753230
vt 0.461121 0.986621
vt 0.985529 0.779032
vt 0.931072 0.574768
vt 0.931588 0.582152
vt 0.918625 0.563465
vt 0.915369 0.552182
vt 0.708926 0.663113
vt 0.909365 0.098131
vt 0.907682 0.127692
vt 0.903165 0.108870
vt 0.422761 0.580758
vt 0.424936 0.565315
vt 0.431032 0.562483
vt 0.634223 0.883169
vt 0.612596 0.880628
vt 0.638776 0.873125
vt 0.690368 0.488044
vt 0.685741 0.495705
vt 0.675634 0.487031
vt 0.664729 0.497320
vt 0.659424 0.495341
vt 0.698417 0.646619
vt 0.904927 0.075441
vt 0.911582 0.553435
vt 0.416673 0.575837
vt 0.443132 0.979690
vt 0.178801 0.899066
vt 0.238294 0.204807
vt 0.241568 0.214550
vt 0.603288 0.885037
vt 0.336181 0.883578
vt 0.355290 0.885029
vt 0.614709 0.039085
vt 0.613807 0.037524
vt 0.642545 0.036784
vt 0.581635 0.038281
vt 0.917283 0.563873
vt 0.931120 0.583227
vt 0.400058 0.586400
vt 0.429542 0.556049
vt 0.692339 0.028984
vt 0.292642 0.966934
vt 0.295294 0.959356
vt 0.331666 0.967087
vt 0.945878 0.033667
vt 0.955550 0.015382
vt 0.907149 0.612206
vt 0.895471 0.617342
vt 0.251340 0.529363
vt 0.616400 0.108233
vt 0.750816 0.705572
vt 0.202866 0.308158
vt 0.209403 0.301565
vt 0.200189 0.314655
vt 0.825979 0.894446
vt 0.703174 0.666087
vt 0.051839 0.947676
vt 0.060738 0.943532
vt 0.068971 0.945906
vt 0.041160 0.949323
vt 0.029904 0.956397
vt 0.065969 0.006312
vt 0.072400 0.010815
vt 0.048500 0.001177
vt 0.989233 0.772370
vt 0.995381 0.752050
vt 0.675548 0.482611
vt 0.455535 0.987978
vt 0.439142 0.989558
vt 0.916104 0.551857
vt 0.931269 0.573170
vt 0.424480 0.581704
vt 0.433796 0.561391
vt 0.604538 0.891073
vt 0.635685 0.887891
vt 0.688298 0.484874
vt 0.433642 0.549263
vt 0.251485 0.230192
vt 0.248861 0.213682
vt 0.243700 0.229615
vt 0.246110 0.246108
vt 0.433773 0.543374
vt 0.619469 0.204463
vt 0.612066 0.207703
vt 0.612686 0.202690
vt 0.612411 0.216474
vt 0.287032 0.956442
vt 0.813317 0.877469
vt 0.955049 0.053144
vt 0.661574 0.599337
vt 0.477038 0.864478
vt 0.486802 0.977406
vt 0.484881 0.989532
vt 0.472082 0.970821
vt 0.918460 0.608071
vt 0.506034 0.217571
vt 0.720378 0.508357
vt 0.695385 0.532101
vt 0.694036 0.530224
vt 0.691537 0.523370
vt 0.682436 0.482257
vt 0.669328 0.477989
vt 0.186953 0.316784
vt 0.180798 0.313471
vt 0.201630 0.315051
vt 0.064695 0.008941
vt 0.921399 0.558197
vt 0.434657 0.563940
vt 0.428548 0.594028
vt 0.251824 0.215267
vt 0.606281 0.898492
vt 0.643144 0.892852
vt 0.440081 0.545433
vt 0.435666 0.542535
vt 0.233024 0.726013
vt 0.259669 0.733152
vt 0.225057 0.730480
vt 0.206035 0.725004
vt 0.970053 0.995363
vt 0.949184 0.995363
vt 0.960919 0.992400
vt 0.264905 0.166799
vt 0.251607 0.169144
vt 0.272112 0.158330
vt 0.672151 0.843368
vt 0.780729 0.279721
vt 0.784464 0.271376
vt 0.793584 0.283540
vt 0.800990 0.309718
vt 0.254030 0.217573
vt 0.629534 0.902438
vt 0.602029 0.899726
vt 0.682423 0.478432
vt 0.690969 0.475955
vt 0.668670 0.473173
vt 0.188265 0.317924
vt 0.056240 0.936131
vt 0.942104 0.997473
vt 0.939308 0.995366
vt 0.936996 0.983928
vt 0.001858 0.936242
vt 0.000367 0.953291
vt 0.000100 0.928746
vt 0.934611 0.574579
vt 0.440842 0.548290
vt 0.256152 0.237324
vt 0.249793 0.240094
vt 0.610813 0.204934
vt 0.266380 0.836407
vt 0.655998 0.591330
vt 0.932862 0.606027
vt 0.810889 0.493792
vt 0.791792 0.473298
vt 0.802131 0.475010
vt 0.680274 0.829355
vt 0.659202 0.864737
vt 0.345012 0.309847
vt 0.352844 0.325074
vt 0.341736 0.322072
vt 0.328146 0.331667
vt 0.318214 0.303518
vt 0.436647 0.662467
vt 0.421717 0.685517
vt 0.402504 0.666304
vt 0.616503 0.129494
vt 0.712528 0.525387
vt 0.639622 0.134502
vt 0.114118 0.015888
vt 0.123511 0.021197
vt 0.204799 0.317608
vt 0.838968 0.891306
vt 0.837056 0.904056
vt 0.835321 0.881210
vt 0.682867 0.650254
vt 0.457493 0.569105
vt 0.605295 0.206027
vt 0.609064 0.214355
vt 0.601475 0.213533
vt 0.249608 0.254038
vt 0.377436 0.664522
vt 0.185797 0.442648
vt 0.492939 0.842352
vt 0.905598 0.617390
vt 0.803399 0.489153
vt 0.777543 0.456250
vt 0.935548 0.972263
vt 0.948936 0.990689
vt 0.944464 0.993474
vt 0.518779 0.232289
vt 0.726112 0.494854
vt 0.625060 0.134578
vt 0.048659 0.025744
vt 0.605165 0.203354
vt 0.257824 0.248742
vt 0.216932 0.447657
vt 0.253178 0.262870
vt 0.201090 0.789305
vt 0.221044 0.810180
vt 0.197526 0.799099
vt 0.170589 0.779744
vt 0.932260 0.037519
vt 0.944838 0.017760
vt 0.768571 0.292185
vt 0.695609 0.672539
vt 0.444450 0.542967
vt 0.942074 0.568358
vt 0.603463 0.221258
vt 0.254123 0.256552
vt 0.489119 0.774094
vt 0.506133 0.791107
vt 0.474485 0.797197
vt 0.284793 0.810767
vt 0.277629 0.820990
vt 0.769417 0.919114
vt 0.789333 0.907772
vt 0.780516 0.922088
vt 0.631921 0.587609
vt 0.500577 0.861961
vt 0.918023 0.617868
vt 0.761142 0.312251
vt 0.467831 0.175097
vt 0.460980 0.158727
vt 0.472849 0.164379
vt 0.864587 0.349829
vt 0.879888 0.339448
vt 0.885186 0.354003
vt 0.031745 0.929860
vt 0.599784 0.214200
vt 0.261052 0.246176
vt 0.611486 0.220841
vt 0.614847 0.227471
vt 0.106743 0.052656
vt 0.125119 0.070260
vt 0.208161 0.308408
vt 0.929272 0.545928
vt 0.457200 0.591529
vt 0.242331 0.840874
vt 0.240703 0.831642
vt 0.259065 0.840483
vt 0.262117 0.257285
vt 0.481342 0.144292
vt 0.485173 0.149078
vt 0.484447 0.152297
vt 0.255874 0.261481
vt 0.207501 0.452184
vt 0.319189 0.930123
vt 0.549115 0.935611
vt 0.542810 0.920847
vt 0.554402 0.921084
vt 0.776067 0.482743
vt 0.671363 0.863601
vt 0.597497 0.996479
vt 0.583610 0.986390
vt 0.597249 0.987053
vt 0.713699 0.534225
vt 0.475472 0.158305
vt 0.242647 0.019315
vt 0.261744 0.016290
vt 0.241437 0.044405
vt 0.263329 0.825708
vt 0.477796 0.158072
vt 0.479900 0.152104
vt 0.603499 0.229279
vt 0.608273 0.229696
vt 0.519046 0.221941
vt 0.449977 0.671912
vt 0.454534 0.640384
vt 0.770623 0.272969
vt 0.613663 0.228986
vt 0.486350 0.145734
vt 0.487458 0.148433
vt 0.486837 0.144248
vt 0.505922 0.771984
vt 0.533332 0.225832
vt 0.918895 0.015836
vt 0.459463 0.673756
vt 0.515020 0.210080
vt 0.630565 0.142508
vt 0.675565 0.444992
vt 0.369035 0.666046
vt 0.051505 0.630326
vt 0.077966 0.648292
vt 0.059913 0.648357
vt 0.240740 0.753797
vt 0.804943 0.509894
vt 0.349075 0.340104
vt 0.436328 0.641735
vt 0.420056 0.632374
vt 0.395403 0.597726
vt 0.431943 0.610929
vt 0.416508 0.580241
vt 0.191967 0.335620
vt 0.478131 0.145428
vt 0.485563 0.144047
vt 0.516044 0.772208
vt 0.526983 0.794929
vt 0.169069 0.811544
vt 0.388531 0.724413
vt 0.379296 0.741781
vt 0.363240 0.720303
vt 0.266258 0.132244
vt 0.942513 0.616929
vt 0.865924 0.366591
vt 0.205823 0.762025
vt 0.637192 0.606142
vt 0.680292 0.853127
vt 0.406287 0.639006
vt 0.592491 0.136836
vt 0.121186 0.017071
vt 0.613976 0.235621
vt 0.368766 0.663803
vt 0.376635 0.662806
vt 0.534847 0.942099
vt 0.360690 0.337257
vt 0.449286 0.629346
vt 0.621387 0.235086
vt 0.476820 0.765617
vt 0.556781 0.698880
vt 0.561104 0.708679
vt 0.539909 0.712417
vt 0.385761 0.633171
vt 0.610573 0.142808
vt 0.887390 0.232030
vt 0.891238 0.236690
vt 0.890781 0.258786
vt 0.623899 0.246377
vt 0.810820 0.381762
vt 0.811816 0.398858
vt 0.791912 0.384837
vt 0.799067 0.405030
vt 0.787901 0.398878
vt 0.337991 0.348088
vt 0.131743 0.044562
vt 0.476461 0.140520
vt 0.477745 0.136765
vt 0.493873 0.141439
vt 0.562097 0.721469
vt 0.243116 0.135501
vt 0.655059 0.156523
vt 0.641162 0.147062
vt 0.636694 0.148792
vt 0.566996 0.680599
vt 0.567752 0.703100
vt 0.141250 0.021201
vt 0.047501 0.916339
vt 0.579885 0.235468
vt 0.568518 0.201863
vt 0.779416 0.416313
vt 0.778117 0.406292
vt 0.779853 0.402637
vt 0.492495 0.141155
vt 0.784341 0.400098
vt 0.789927 0.407608
vt 0.782412 0.393320
vt 0.787461 0.367877
vt 0.804399 0.361213
vt 0.135100 0.200673
vt 0.149369 0.196581
vt 0.142978 0.211375
vt 0.605812 0.143946
vt 0.697765 0.457541
vt 0.852550 0.878861
vt 0.852401 0.899901
vt 0.963679 0.919367
vt 0.948135 0.916893
vt 0.949314 0.905681
vt 0.765296 0.892145
vt 0.726264 0.527073
vt 0.676086 0.543568
vt 0.775888 0.414100
vt 0.769902 0.404468
vt 0.947334 0.918527
vt 0.954313 0.924220
vt 0.948991 0.930094
vt 0.778235 0.388398
vt 0.246034 0.644919
vt 0.265244 0.649368
vt 0.252127 0.652520
vt 0.246547 0.637480
vt 0.060041 0.618897
vt 0.036873 0.085188
vt 0.058917 0.089756
vt 0.061122 0.114956
vt 0.150641 0.029813
vt 0.807487 0.606395
vt 0.802836 0.586662
vt 0.818029 0.598736
vt 0.072472 0.258257
vt 0.088988 0.238389
vt 0.089556 0.259906
vt 0.150229 0.189336
vt 0.949896 0.547116
vt 0.784805 0.354528
vt 0.803071 0.347885
vt 0.264941 0.640102
vt 0.220573 0.339771
vt 0.251153 0.813066
vt 0.770286 0.399353
vt 0.774525 0.525150
vt 0.232664 0.147155
vt 0.925957 0.638745
vt 0.805241 0.575200
vt 0.822115 0.590261
vt 0.367199 0.153149
vt 0.386623 0.144215
vt 0.381793 0.175457
vt 0.704787 0.140191
vt 0.718779 0.170197
vt 0.685903 0.161751
vt 0.661323 0.687360
vt 0.928621 0.919198
vt 0.953000 0.936262
vt 0.774083 0.381817
vt 0.501540 0.751052
vt 0.340487 0.732607
vt 0.337957 0.704497
vt 0.598213 0.148295
vt 0.765949 0.392753
vt 0.489536 0.747590
vt 0.433895 0.159529
vt 0.418348 0.159367
vt 0.421197 0.158451
vt 0.877763 0.257453
vt 0.875326 0.239445
vt 0.916915 0.340746
vt 0.914912 0.362912
vt 0.590613 0.249435
vt 0.955882 0.936586
vt 0.958830 0.930599
vt 0.961505 0.930181
vt 0.589310 0.721751
vt 0.594264 0.687123
vt 0.085759 0.577826
vt 0.075879 0.578853
vt 0.087960 0.558499
vt 0.398824 0.175478
vt 0.786860 0.995465
vt 0.776892 0.988223
vt 0.796285 0.977614
vt 0.989446 0.200184
vt 0.976130 0.192863
vt 0.989132 0.174295
vt 0.992463 0.198280
vt 0.440092 0.154158
vt 0.447596 0.136903
vt 0.661709 0.650348
vt 0.762738 0.405993
vt 0.232334 0.094919
vt 0.238288 0.102758
vt 0.234101 0.104010
vt 0.241577 0.652688
vt 0.093623 0.564083
vt 0.837260 0.637504
vt 0.823045 0.623302
vt 0.835879 0.617748
vt 0.822641 0.579526
vt 0.727732 0.561286
vt 0.882218 0.379117
vt 0.683817 0.693095
vt 0.092970 0.632488
vt 0.595187 0.718733
vt 0.319894 0.366575
vt 0.146522 0.176959
vt 0.131343 0.070516
vt 0.131583 0.093043
vt 0.125499 0.080638
vt 0.547418 0.228987
vt 0.771084 0.383848
vt 0.966142 0.938666
vt 0.616771 0.751425
vt 0.628009 0.774106
vt 0.606276 0.779958
vt 0.993449 0.958822
vt 0.976634 0.958234
vt 0.995466 0.951115
vt 0.419618 0.150881
vt 0.441905 0.160171
vt 0.987287 0.673992
vt 0.988092 0.658211
vt 0.990227 0.672463
vt 0.013138 0.349530
vt 0.013138 0.380768
vt 0.011335 0.358291
vt 0.136847 0.073927
vt 0.135428 0.088454
vt 0.133838 0.047064
vt 0.893633 0.240441
vt 0.893318 0.258708
vt 0.486383 0.575598
vt 0.767991 0.374724
vt 0.961884 0.935440
vt 0.232528 0.643930
vt 0.511188 0.921754
vt 0.056664 0.576604
vt 0.068926 0.554462
vt 0.994491 0.665964
vt 0.992586 0.658138
vt 0.729958 0.157342
vt 0.886259 0.265325
vt 0.137817 0.048041
vt 0.140286 0.089731
vt 0.136962 0.088319
vt 0.137793 0.346150
vt 0.137087 0.356788
vt 0.123976 0.357017
vt 0.598989 0.780332
vt 0.596571 0.776020
vt 0.602033 0.779753
vt 0.012803 0.504446
vt 0.018034 0.496975
vt 0.017269 0.527499
vt 0.729141 0.139152
vt 0.763438 0.367781
vt 0.760871 0.346780
vt 0.743217 0.918758
vt 0.242850 0.992500
vt 0.269632 0.972628
vt 0.269319 0.992500
vt 0.993409 0.174566
vt 0.473871 0.131804
vt 0.205801 0.363634
vt 0.590760 0.781620
vt 0.590003 0.792030
vt 0.588184 0.780903
vt 0.593118 0.787799
vt 0.231434 0.109249
vt 0.232484 0.116181
vt 0.227801 0.108636
vt 0.613370 0.605434
vt 0.038981 0.553640
vt 0.030737 0.572156
vt 0.014862 0.571339
vt 0.035305 0.127245
vt 0.765710 0.603108
vt 0.102787 0.243744
vt 0.226672 0.814901
vt 0.932644 0.521521
vt 0.243798 0.119416
vt 0.189819 0.942029
vt 0.146941 0.942029
vt 0.179635 0.930707
vt 0.106420 0.267214
vt 0.243674 0.112612
vt 0.602645 0.783727
vt 0.227668 0.639089
vt 0.097296 0.620360
vt 0.403152 0.142682
vt 0.006557 0.237198
vt 0.006799 0.210183
vt 0.017917 0.223661
vt 0.134101 0.097332
vt 0.276999 0.815213
vt 0.097022 0.569411
vt 0.106586 0.565206
vt 0.276515 0.472717
vt 0.252615 0.486515
vt 0.253426 0.425869
vt 0.514517 0.938155
vt 0.028618 0.062686
vt 0.032629 0.085432
vt 0.028339 0.089032
vt 0.056410 0.555903
vt 0.124297 0.251739
vt 0.414366 0.143470
vt 0.584512 0.798747
vt 0.606335 0.786580
vt 0.620682 0.794049
vt 0.636731 0.798577
vt 0.871907 0.255829
vt 0.132695 0.366269
vt 0.249058 0.113754
vt 0.116865 0.513337
vt 0.099089 0.523337
vt 0.104509 0.509082
vt 0.807550 0.621981
vt 0.814867 0.605110
vt 0.251347 0.970789
vt 0.017273 0.232003
vt 0.235504 0.091535
vt 0.277828 0.082963
vt 0.271402 0.102193
vt 0.811636 0.768679
vt 0.797534 0.772196
vt 0.808237 0.759959
vt 0.114216 0.471083
vt 0.110264 0.469796
vt 0.106447 0.467171
vt 0.238429 0.125064
vt 0.233721 0.123728
vt 0.226982 0.652850
vt 0.228422 0.628206
vt 0.240295 0.620267
vt 0.162839 0.959238
vt 0.145080 0.944336
vt 0.183848 0.945548
vt 0.611654 0.792357
vt 0.362813 0.758058
vt 0.094452 0.510740
vt 0.993847 0.639273
vt 0.612307 0.314265
vt 0.602923 0.317102
vt 0.606915 0.310914
vt 0.181760 0.350683
vt 0.116916 0.473468
vt 0.108613 0.470102
vt 0.751689 0.155432
vt 0.917596 0.386445
vt 0.597947 0.794122
vt 0.743533 0.886498
vt 0.093011 0.470059
vt 0.104788 0.429949
vt 0.118741 0.474949
vt 0.115135 0.476396
vt 0.111474 0.475168
vt 0.974775 0.166923
vt 0.278956 0.432196
vt 0.771992 0.878206
vt 0.325033 0.681271
vt 0.334796 0.672774
vt 0.342582 0.689442
vt 0.788605 0.752422
vt 0.627443 0.316463
vt 0.624698 0.327757
vt 0.622348 0.309054
vt 0.700216 0.302370
vt 0.681361 0.308583
vt 0.695000 0.300199
vt 0.693771 0.291118
vt 0.691455 0.295056
vt 0.680521 0.297505
vt 0.105405 0.558168
vt 0.219738 0.631481
vt 0.029127 0.963030
vt 0.020135 0.980585
vt 0.026622 0.965520
vt 0.698611 0.329199
vt 0.680744 0.317623
vt 0.312751 0.684623
vt 0.323350 0.666696
vt 0.680523 0.305463
vt 0.679633 0.299971
vt 0.684605 0.282505
vt 0.272965 0.109368
vt 0.817612 0.633552
vt 0.166717 0.182188
vt 0.167224 0.199015
vt 0.873250 0.843621
vt 0.890129 0.834931
vt 0.911453 0.842692
vt 0.827728 0.758299
vt 0.833804 0.774224
vt 0.108872 0.478522
vt 0.082041 0.226329
vt 0.090558 0.224220
vt 0.027683 0.981462
vt 0.034259 0.969983
vt 0.633176 0.344057
vt 0.416552 0.136408
vt 0.171086 0.507862
vt 0.154905 0.479678
vt 0.171086 0.479238
vt 0.005589 0.503739
vt 0.012295 0.493689
vt 0.006720 0.504081
vt 0.115745 0.394269
vt 0.130466 0.386942
vt 0.129845 0.396068
vt 0.352760 0.680913
vt 0.098737 0.472635
vt 0.104565 0.470852
vt 0.660038 0.286291
vt 0.496581 0.839017
vt 0.491597 0.839467
vt 0.498762 0.827485
vt 0.755919 0.805002
vt 0.748874 0.815422
vt 0.738331 0.810800
vt 0.036592 0.985143
vt 0.638467 0.340894
vt 0.644817 0.315265
vt 0.498828 0.823985
vt 0.336873 0.754898
vt 0.166726 0.168625
vt 0.502344 0.824324
vt 0.053591 0.153092
vt 0.024901 0.161863
vt 0.054101 0.147772
vt 0.098035 0.476577
vt 0.486496 0.820909
vt 0.020299 0.160749
vt 0.924785 0.920417
vt 0.943644 0.936242
vt 0.900213 0.937145
vt 0.104142 0.498840
vt 0.022012 0.169371
vt 0.985440 0.652532
vt 0.665987 0.310164
vt 0.097531 0.475209
vt 0.669312 0.298181
vt 0.249300 0.630915
vt 0.245727 0.625812
vt 0.257020 0.621867
vt 0.020234 0.071643
vt 0.661320 0.303644
vt 0.656776 0.343319
vt 0.138444 0.166505
vt 0.162087 0.154753
vt 0.013098 0.498365
vt 0.668990 0.306337
vt 0.506975 0.824631
vt 0.112173 0.550751
vt 0.094258 0.554513
vt 0.103227 0.543691
vt 0.044664 0.175042
vt 0.074797 0.537153
vt 0.225752 0.610488
vt 0.923617 0.832982
vt 0.585599 0.328584
vt 0.605696 0.307259
vt 0.593184 0.311610
vt 0.670238 0.300110
vt 0.484684 0.842296
vt 0.210751 0.646592
vt 0.592690 0.340910
vt 0.985346 0.363729
vt 0.990988 0.374377
vt 0.985462 0.374365
vt 0.764356 0.825651
vt 0.740238 0.823808
vt 0.022767 0.134797
vt 0.264568 0.628842
vt 0.280298 0.615184
vt 0.286669 0.623816
vt 0.297081 0.613309
vt 0.299329 0.630359
vt 0.670444 0.338182
vt 0.124137 0.240620
vt 0.033273 0.363333
vt 0.057523 0.380952
vt 0.030583 0.410039
vt 0.005544 0.032774
vt 0.005544 0.020357
vt 0.015622 0.038656
vt 0.000118 0.501666
vt 0.011922 0.485150
vt 0.100974 0.480932
vt 0.742936 0.799843
vt 0.686888 0.360667
vt 0.033560 0.476033
vt 0.046015 0.448565
vt 0.046324 0.477150
vt 0.026118 0.443555
vt 0.819756 0.649094
vt 0.337607 0.613880
vt 0.325651 0.605509
vt 0.350418 0.602777
vt 0.344973 0.630266
vt 0.322156 0.630119
vt 0.096740 0.715855
vt 0.084930 0.690782
vt 0.093946 0.672690
vt 0.309934 0.668683
vt 0.967600 0.491333
vt 0.957295 0.483474
vt 0.948047 0.463076
vt 0.015379 0.013717
vt 0.990614 0.383568
vt 0.985461 0.388348
vt 0.982233 0.385091
vt 0.991517 0.376546
vt 0.983751 0.379133
vt 0.142392 0.374797
vt 0.122887 0.379276
vt 0.795660 0.744503
vt 0.198429 0.976137
vt 0.201536 0.961688
vt 0.203375 0.980260
vt 0.892161 0.285836
vt 0.934658 0.995847
vt 0.932694 0.994198
vt 0.934378 0.976743
vt 0.581590 0.337894
vt 0.341372 0.663783
vt 0.811300 0.748900
vt 0.530406 0.820349
vt 0.265753 0.614093
vt 0.508795 0.827847
vt 0.523109 0.856990
vt 0.502832 0.849118
vt 0.175461 0.169809
vt 0.013342 0.627695
vt 0.035606 0.646901
vt 0.020589 0.638439
vt 0.895960 0.831367
vt 0.017951 0.021953
vt 0.994551 0.400833
vt 0.972917 0.397187
vt 0.080851 0.486840
vt 0.983871 0.376953
vt 0.993001 0.992263
vt 0.976781 0.997497
vt 0.972247 0.997100
vt 0.852323 0.012569
vt 0.877176 0.003523
vt 0.881892 0.012629
vt 0.105907 0.531700
vt 0.087627 0.529363
vt 0.020744 0.097373
vt 0.266554 0.258969
vt 0.271820 0.272521
vt 0.262016 0.291524
vt 0.357221 0.614189
vt 0.051329 0.972110
vt 0.310565 0.719419
vt 0.328669 0.708126
vt 0.335620 0.721769
vt 0.298312 0.678277
vt 0.836134 0.655730
vt 0.389914 0.960441
vt 0.388560 0.975917
vt 0.388353 0.952130
vt 0.183060 0.179338
vt 0.547095 0.857414
vt 0.528807 0.869291
vt 0.966748 0.485001
vt 0.996051 0.483658
vt 0.992321 0.485001
vt 0.973106 0.390242
vt 0.000871 0.602577
vt 0.000871 0.628945
vt 0.000108 0.624926
vt 0.472531 0.800387
vt 0.246147 0.271217
vt 0.218815 0.957993
vt 0.035009 0.642330
vt 0.959015 0.163295
vt 0.952641 0.134189
vt 0.955345 0.140715
vt 0.975071 0.991735
vt 0.725679 0.818107
vt 0.302247 0.702953
vt 0.359262 0.667929
vt 0.364928 0.682894
vt 0.081840 0.485037
vt 0.979387 0.378237
vt 0.961396 0.380678
vt 0.731097 0.797413
vt 0.202695 0.636387
vt 0.221052 0.969860
vt 0.634609 0.355296
vt 0.988283 0.486973
vt 0.575273 0.338913
vt 0.969755 0.381540
vt 0.082437 0.542977
vt 0.080161 0.515351
vt 0.024836 0.952204
vt 0.287735 0.563890
vt 0.296827 0.547488
vt 0.281179 0.603416
vt 0.290182 0.578824
vt 0.825902 0.740420
vt 0.841351 0.749143
vt 0.036712 0.740373
vt 0.068178 0.756017
vt 0.041226 0.757219
vt 0.249924 0.613830
vt 0.810776 0.646206
vt 0.651616 0.028189
vt 0.678026 0.020242
vt 0.656214 0.031063
vt 0.908367 0.340984
vt 0.905572 0.312184
vt 0.917727 0.320911
vt 0.662974 0.356170
vt 0.052725 0.975249
vt 0.040231 0.992445
vt 0.039786 0.988505
vt 0.003248 0.877209
vt 0.000613 0.892155
vt 0.000178 0.867023
vt 0.355750 0.404036
vt 0.358075 0.436226
vt 0.338904 0.415832
vt 0.731275 0.788090
vt 0.167175 0.451022
vt 0.361962 0.629474
vt 0.091844 0.713734
vt 0.295638 0.592488
vt 0.306009 0.549216
vt 0.331156 0.580526
vt 0.241535 0.300934
vt 0.273077 0.147531
vt 0.302027 0.131140
vt 0.284730 0.152966
vt 0.147916 0.368035
vt 0.969696 0.388049
vt 0.276742 0.292741
vt 0.800361 0.632868
vt 0.362098 0.011676
vt 0.325616 0.008952
vt 0.331742 0.003542
vt 0.200393 0.988310
vt 0.218452 0.975190
vt 0.230346 0.992016
vt 0.317170 0.689008
vt 0.335757 0.695324
vt 0.293723 0.548133
vt 0.142558 0.389275
vt 0.075092 0.480842
vt 0.329235 0.012121
vt 0.231161 0.272788
vt 0.942010 0.487163
vt 0.960849 0.490485
vt 0.941829 0.497359
vt 0.002548 0.446448
vt 0.002055 0.444637
vt 0.006536 0.442050
vt 0.719276 0.826203
vt 0.226637 0.290221
vt 0.066745 0.690086
vt 0.076548 0.693812
vt 0.074695 0.698352
vt 0.053207 0.712678
vt 0.063076 0.722765
vt 0.037189 0.720658
vt 0.380732 0.602725
vt 0.504033 0.879528
vt 0.937442 0.461677
vt 0.082120 0.725744
vt 0.338450 0.439032
vt 0.291718 0.294116
vt 0.276385 0.302218
vt 0.272668 0.126191
vt 0.958120 0.125227
vt 0.007446 0.443050
vt 0.012413 0.456577
vt 0.012438 0.435738
vt 0.018084 0.332068
vt 0.018084 0.363478
vt 0.015690 0.354913
vt 0.893315 0.987817
vt 0.907971 0.989099
vt 0.878128 0.989178
vt 0.086607 0.062512
vt 0.099660 0.048350
vt 0.109425 0.068004
vt 0.808914 0.735960
vt 0.921369 0.299315
vt 0.934530 0.302592
vt 0.923047 0.302913
vt 0.689060 0.023384
vt 0.666168 0.035559
vt 0.960691 0.314809
vt 0.972866 0.309547
vt 0.977798 0.315442
vt 0.940742 0.309857
vt 0.921293 0.309254
vt 0.713373 0.804706
vt 0.034211 0.681666
vt 0.017556 0.681473
vt 0.015217 0.654733
vt 0.310298 0.140017
vt 0.916514 0.287993
vt 0.199774 0.948766
vt 0.816445 0.350439
vt 0.814490 0.314539
vt 0.816316 0.309523
vt 0.043295 0.829969
vt 0.049412 0.843174
vt 0.044806 0.842231
vt 0.128992 0.405685
vt 0.145608 0.402694
vt 0.036712 0.309577
vt 0.040698 0.300624
vt 0.063777 0.327194
vt 0.077935 0.722587
vt 0.973946 0.318722
vt 0.129772 0.721767
vt 0.128882 0.707197
vt 0.144466 0.712455
vt 0.077826 0.327286
vt 0.943566 0.484775
vt 0.937139 0.311849
vt 0.046045 0.223806
vt 0.058123 0.235069
vt 0.038238 0.238153
vt 0.063017 0.183672
vt 0.062538 0.210244
vt 0.054410 0.213528
vt 0.294792 0.530211
vt 0.337106 0.652728
vt 0.943769 0.301456
vt 0.924470 0.292280
vt 0.781802 0.887541
vt 0.785676 0.883659
vt 0.782769 0.888300
vt 0.785204 0.881528
vt 0.775836 0.854964
vt 0.807605 0.855273
vt 0.780250 0.864356
vt 0.051116 0.326833
vt 0.268882 0.311863
vt 0.079783 0.728810
vt 0.278688 0.605305
vt 0.227039 0.306989
vt 0.970476 0.320861
vt 0.954244 0.318711
vt 0.935519 0.130607
vt 0.953366 0.128112
vt 0.964176 0.502777
vt 0.969210 0.444324
vt 0.988207 0.440974
vt 0.990164 0.462374
vt 0.063623 0.304953
vt 0.257474 0.316166
vt 0.515833 0.880915
vt 0.804334 0.145608
vt 0.765508 0.160986
vt 0.770378 0.155660
vt 0.093458 0.670165
vt 0.075963 0.673715
vt 0.072298 0.672039
vt 0.013119 0.436796
vt 0.927855 0.312325
vt 0.808184 0.665081
vt 0.035689 0.651667
vt 0.035220 0.608319
vt 0.022737 0.629940
vt 0.019111 0.605221
vt 0.290773 0.681070
vt 0.982773 0.429235
vt 0.790595 0.172081
vt 0.789744 0.847952
vt 0.105858 0.908016
vt 0.120754 0.920010
vt 0.109238 0.925406
vt 0.790687 0.640200
vt 0.939764 0.488327
vt 0.920467 0.485729
vt 0.935904 0.477719
vt 0.946082 0.271786
vt 0.774377 0.876598
vt 0.794012 0.880978
vt 0.132541 0.698756
vt 0.990119 0.428962
vt 0.777377 0.865365
vt 0.794811 0.865835
vt 0.781055 0.866225
vt 0.994450 0.157524
vt 0.966702 0.156947
vt 0.979322 0.146931
vt 0.557508 0.953562
vt 0.543996 0.978169
vt 0.539409 0.962841
vt 0.278928 0.091773
vt 0.304401 0.108072
vt 0.790827 0.886149
vt 0.951932 0.316564
vt 0.116051 0.905497
vt 0.091944 0.202227
vt 0.068899 0.220205
vt 0.070825 0.201901
vt 0.034232 0.635112
vt 0.595595 0.261764
vt 0.585611 0.271135
vt 0.575978 0.260014
vt 0.302020 0.177580
vt 0.327130 0.179218
vt 0.302299 0.181604
vt 0.327690 0.182610
vt 0.154108 0.389070
vt 0.548142 0.915855
vt 0.539284 0.918505
vt 0.520776 0.916886
vt 0.951711 0.307726
vt 0.727866 0.724760
vt 0.754164 0.710203
vt 0.751315 0.717813
vt 0.264604 0.602561
vt 0.799879 0.654841
vt 0.084821 0.222290
vt 0.189549 0.001646
vt 0.204841 0.002537
vt 0.214269 0.018867
vt 0.800693 0.872619
vt 0.295185 0.312619
vt 0.298792 0.301807
vt 0.320746 0.299095
vt 0.554095 0.967926
vt 0.020094 0.818170
vt 0.028221 0.843151
vt 0.056917 0.334716
vt 0.482100 0.698388
vt 0.488507 0.674181
vt 0.506518 0.690397
vt 0.342822 0.468700
vt 0.532498 0.915694
vt 0.793507 0.884930
vt 0.530473 0.913605
vt 0.757654 0.694289
vt 0.761454 0.711708
vt 0.754425 0.693742
vt 0.051711 0.250451
vt 0.292650 0.288988
vt 0.308541 0.276912
vt 0.557499 0.251595
vt 0.577817 0.237588
vt 0.072660 0.030271
vt 0.467214 0.671185
vt 0.156505 0.697179
vt 0.149057 0.715727
vt 0.766245 0.712732
vt 0.220683 0.518146
vt 0.214640 0.503908
vt 0.234956 0.504426
vt 0.802125 0.178836
vt 0.787548 0.194075
vt 0.074031 0.529558
vt 0.933262 0.457327
vt 0.910565 0.455788
vt 0.941096 0.453243
vt 0.933829 0.436783
vt 0.252960 0.600592
vt 0.301469 0.271279
vt 0.192846 0.018912
vt 0.160809 0.377743
vt 0.240074 0.603995
vt 0.069238 0.844420
vt 0.063701 0.882388
vt 0.062776 0.858278
vt 0.686172 0.979930
vt 0.653035 0.979007
vt 0.681837 0.973757
vt 0.941439 0.320898
vt 0.315936 0.173833
vt 0.331250 0.176042
vt 0.967075 0.107385
vt 0.449919 0.690103
vt 0.325927 0.639975
vt 0.796896 0.733574
vt 0.806844 0.722594
vt 0.855482 0.954803
vt 0.819506 0.956689
vt 0.854880 0.944708
vt 0.944229 0.532607
vt 0.982839 0.532607
vt 0.951969 0.543262
vt 0.072550 0.850182
vt 0.661633 0.975104
vt 0.102069 0.043955
vt 0.096489 0.025306
vt 0.097477 0.023528
vt 0.763624 0.187750
vt 0.092825 0.025681
vt 0.059012 0.230425
vt 0.903969 0.479422
vt 0.815686 0.283432
vt 0.302788 0.189454
vt 0.832210 0.105560
vt 0.835342 0.090815
vt 0.853057 0.090815
vt 0.807611 0.865159
vt 0.502763 0.918429
vt 0.799100 0.889207
vt 0.767311 0.700719
vt 0.025387 0.921731
vt 0.034581 0.950026
vt 0.015346 0.945829
vt 0.325925 0.291474
vt 0.301609 0.234645
vt 0.309905 0.214376
vt 0.318499 0.236838
vt 0.024513 0.817129
vt 0.335146 0.192976
vt 0.207953 0.141150
vt 0.212299 0.145496
vt 0.203529 0.160848
vt 0.278463 0.596811
vt 0.780948 0.649260
vt 0.809545 0.201116
vt 0.127442 0.914075
vt 0.903251 0.460445
vt 0.543568 0.982806
vt 0.790723 0.897031
vt 0.508640 0.916054
vt 0.508018 0.914538
vt 0.990665 0.638345
vt 0.970236 0.644922
vt 0.982296 0.635835
vt 0.979329 0.646143
vt 0.793096 0.220031
vt 0.072809 0.862479
vt 0.067096 0.890774
vt 0.849582 0.073220
vt 0.833373 0.074536
vt 0.839040 0.531593
vt 0.852493 0.513980
vt 0.851543 0.523848
vt 0.989710 0.622312
vt 0.970768 0.629214
vt 0.033477 0.033138
vt 0.033477 0.005041
vt 0.046308 0.011761
vt 0.124913 0.904543
vt 0.344990 0.210939
vt 0.874806 0.541830
vt 0.856620 0.511958
vt 0.782658 0.723728
vt 0.959050 0.147928
vt 0.052178 0.263713
vt 0.041439 0.257007
vt 0.590976 0.284195
vt 0.569350 0.285663
vt 0.543564 0.244040
vt 0.528355 0.250888
vt 0.541142 0.242344
vt 0.686862 0.270702
vt 0.677417 0.259270
vt 0.684612 0.259012
vt 0.229471 0.155453
vt 0.222659 0.143822
vt 0.142470 0.684425
vt 0.888322 0.510873
vt 0.769678 0.716763
vt 0.341131 0.248555
vt 0.339701 0.266376
vt 0.324052 0.253189
vt 0.225395 0.488788
vt 0.953255 0.608100
vt 0.937883 0.605940
vt 0.957372 0.590023
vt 0.292391 0.267330
vt 0.297147 0.257049
vt 0.305929 0.257640
vt 0.750416 0.161105
vt 0.346702 0.277503
vt 0.348698 0.281295
vt 0.345191 0.306272
vt 0.074337 0.679183
vt 0.048490 0.677109
vt 0.854079 0.511275
vt 0.692179 0.267707
vt 0.691027 0.263862
vt 0.686908 0.256693
vt 0.557583 0.272627
vt 0.677114 0.971612
vt 0.059919 0.669813
vt 0.952126 0.518100
vt 0.836204 0.050583
vt 0.688045 0.256448
vt 0.265402 0.592287
vt 0.075056 0.233355
vt 0.064746 0.251334
vt 0.004559 0.866222
vt 0.007521 0.862692
vt 0.006071 0.879990
vt 0.431839 0.984835
vt 0.442851 0.999991
vt 0.418628 0.999203
vt 0.845682 0.964739
vt 0.330315 0.233621
vt 0.689815 0.254487
vt 0.699923 0.271638
vt 0.866035 0.765991
vt 0.862048 0.737622
vt 0.890139 0.752397
vt 0.621779 0.985763
vt 0.650010 0.952074
vt 0.644007 0.985763
vt 0.499608 0.659419
vt 0.244230 0.486482
vt 0.251354 0.494870
vt 0.625331 0.953665
vt 0.237956 0.956804
vt 0.252553 0.928633
vt 0.248167 0.952258
vt 0.266951 0.026199
vt 0.266975 0.003170
vt 0.267963 0.024446
vt 0.192884 0.146892
vt 0.193593 0.130607
vt 0.201357 0.130324
vt 0.971074 0.598832
vt 0.036907 0.752535
vt 0.040213 0.795679
vt 0.036907 0.784522
vt 0.236527 0.955463
vt 0.965070 0.529173
vt 0.959898 0.646917
vt 0.137384 0.916972
vt 0.133503 0.928390
vt 0.655755 0.969968
vt 0.995931 0.622413
vt 0.975511 0.593760
vt 0.995931 0.590020
vt 0.334322 0.276385
vt 0.007177 0.886795
vt 0.008657 0.861615
vt 0.346684 0.962340
vt 0.354298 0.985776
vt 0.340758 0.976665
vt 0.128540 0.890504
vt 0.133497 0.903520
vt 0.042388 0.773407
vt 0.237157 0.950828
vt 0.254210 0.921269
vt 0.262992 0.010479
vt 0.883150 0.714675
vt 0.975190 0.609861
vt 0.994885 0.162583
vt 0.991612 0.165856
vt 0.965957 0.163823
vt 0.931161 0.512950
vt 0.833280 0.551382
vt 0.848373 0.552427
vt 0.838632 0.558028
vt 0.961151 0.649347
vt 0.077349 0.246422
vt 0.846304 0.569414
vt 0.833164 0.568707
vt 0.100073 0.857684
vt 0.101160 0.878428
vt 0.079045 0.864807
vt 0.854827 0.479707
vt 0.984955 0.119093
vt 0.982874 0.142872
vt 0.976533 0.113124
vt 0.340012 0.294339
vt 0.782973 0.955981
vt 0.812820 0.965679
vt 0.776020 0.984303
vt 0.907348 0.697413
vt 0.896114 0.684490
vt 0.918997 0.680321
vt 0.084620 0.236595
vt 0.844163 0.547930
vt 0.328253 0.261598
vt 0.306299 0.243426
vt 0.003986 0.887661
vt 0.006293 0.891658
vt 0.004445 0.912633
vt 0.647566 0.255012
vt 0.660208 0.239110
vt 0.671802 0.255149
vt 0.947193 0.614850
vt 0.256764 0.934567
vt 0.265843 0.954164
vt 0.533930 0.261392
vt 0.129689 0.946132
vt 0.087149 0.946132
vt 0.124283 0.936884
vt 0.207891 0.119588
vt 0.859367 0.763828
vt 0.847268 0.747203
vt 0.846700 0.580214
vt 0.831769 0.581847
vt 0.011407 0.387008
vt 0.017472 0.380944
vt 0.016820 0.412008
vt 0.369374 0.271240
vt 0.349274 0.285642
vt 0.905099 0.868564
vt 0.902376 0.881377
vt 0.889929 0.870911
vt 0.673960 0.241519
vt 0.676177 0.258904
vt 0.672989 0.266382
vt 0.967617 0.626962
vt 0.942308 0.627815
vt 0.970408 0.619410
vt 0.083296 0.002091
vt 0.104663 0.002091
vt 0.104606 0.012593
vt 0.241980 0.935938
vt 0.252526 0.920337
vt 0.676251 0.234606
vt 0.677896 0.234679
vt 0.122799 0.993596
vt 0.111660 0.990819
vt 0.111962 0.977525
vt 0.471938 0.705247
vt 0.507488 0.695765
vt 0.500621 0.718018
vt 0.684750 0.236757
vt 0.981323 0.923683
vt 0.986591 0.944340
vt 0.981323 0.938339
vt 0.842515 0.745852
vt 0.854693 0.556540
vt 0.011312 0.431075
vt 0.011312 0.400056
vt 0.015609 0.428368
vt 0.270983 0.417183
vt 0.250820 0.423791
vt 0.259290 0.413831
vt 0.119979 0.870406
vt 0.691824 0.234330
vt 0.967881 0.613071
vt 0.286936 0.667890
vt 0.289862 0.697247
vt 0.286160 0.690282
vt 0.628026 0.234029
vt 0.268090 0.007059
vt 0.280360 0.938404
vt 0.674932 0.003499
vt 0.659103 0.006290
vt 0.639801 0.004648
vt 0.083858 0.890614
vt 0.719594 0.518817
vt 0.751128 0.526765
vt 0.743579 0.531893
vt 0.995078 0.113288
vt 0.772166 0.496911
vt 0.759715 0.521752
vt 0.963307 0.635136
vt 0.725151 0.940048
vt 0.732170 0.919032
vt 0.749776 0.924752
vt 0.366848 0.269306
vt 0.113775 0.791381
vt 0.116923 0.760561
vt 0.130748 0.773805
vt 0.699241 0.249353
vt 0.234728 0.476970
vt 0.663119 0.694562
vt 0.654749 0.696535
vt 0.655782 0.685833
vt 0.518943 0.250820
vt 0.005794 0.555032
vt 0.005794 0.580864
vt 0.004485 0.553252
vt 0.167407 0.688240
vt 0.171657 0.701006
vt 0.151732 0.677682
vt 0.143495 0.795269
vt 0.689626 0.231556
vt 0.751574 0.537930
vt 0.137125 0.892240
vt 0.245659 0.475745
vt 0.942872 0.859265
vt 0.963147 0.857491
vt 0.937847 0.877019
vt 0.917663 0.873970
vt 0.688463 0.231267
vt 0.917802 0.668839
vt 0.484318 0.800469
vt 0.497876 0.810919
vt 0.490833 0.812424
vt 0.859279 0.562138
vt 0.983781 0.318859
vt 0.991187 0.320164
vt 0.975040 0.321778
vt 0.989954 0.321866
vt 0.374430 0.249688
vt 0.496522 0.796997
vt 0.243762 0.412158
vt 0.943029 0.530458
vt 0.211691 0.483559
vt 0.215678 0.473249
vt 0.654175 0.673359
vt 0.638926 0.673827
vt 0.652782 0.661903
vt 0.855686 0.573725
vt 0.229309 0.120511
vt 0.259326 0.778730
vt 0.251182 0.752570
vt 0.262722 0.741394
vt 0.942742 0.890886
vt 0.946850 0.894928
vt 0.937630 0.908095
vt 0.123202 0.755606
vt 0.963278 0.876882
vt 0.923811 0.891175
vt 0.221667 0.114328
vt 0.763033 0.540573
vt 0.641791 0.689442
vt 0.099546 0.104270
vt 0.111193 0.097735
vt 0.114004 0.118324
vt 0.235408 0.138960
vt 0.269131 0.757839
vt 0.711883 0.917025
vt 0.969885 0.489225
vt 0.988510 0.489225
vt 0.970699 0.491686
vt 0.018452 0.541791
vt 0.033059 0.535511
vt 0.018126 0.550745
vt 0.896665 0.855789
vt 0.122492 0.100558
vt 0.882684 0.857776
vt 0.000873 0.968564
vt 0.000106 0.977334
vt 0.000561 0.955608
vt 0.068327 0.972543
vt 0.063202 0.957486
vt 0.074647 0.962025
vt 0.529386 0.700175
vt 0.518648 0.796023
vt 0.514510 0.815333
vt 0.191996 0.939599
vt 0.196409 0.904342
vt 0.196435 0.914426
vt 0.194382 0.913319
vt 0.981259 0.952969
vt 0.980614 0.930544
vt 0.193156 0.115635
vt 0.199988 0.102491
vt 0.289532 0.715841
vt 0.275193 0.694733
vt 0.422378 0.945293
vt 0.443444 0.950938
vt 0.400413 0.945733
vt 0.417432 0.950680
vt 0.162502 0.773188
vt 0.110136 0.757861
vt 0.130045 0.748778
vt 0.119873 0.756827
vt 0.122447 0.748870
vt 0.277610 0.994560
vt 0.288908 0.979009
vt 0.291162 0.992275
vt 0.009264 0.335173
vt 0.000526 0.324758
vt 0.009136 0.314852
vt 0.291633 0.709922
vt 0.946576 0.900899
vt 0.942908 0.911718
vt 0.831839 0.730977
vt 0.011850 0.860014
vt 0.026329 0.854164
vt 0.016974 0.881519
vt 0.148519 0.910985
vt 0.229672 0.464560
vt 0.643259 0.655635
vt 0.963345 0.023786
vt 0.963345 0.001177
vt 0.966171 0.003258
vt 0.922957 0.912345
vt 0.030809 0.542259
vt 0.948017 0.901395
vt 0.040405 0.714688
vt 0.021172 0.702904
vt 0.035760 0.709878
vt 0.861904 0.545636
vt 0.570352 0.109604
vt 0.567164 0.120161
vt 0.551100 0.108501
vt 0.142228 0.758795
vt 0.843070 0.534171
vt 0.034541 0.747111
vt 0.022872 0.725403
vt 0.034541 0.723070
vt 0.665187 0.225670
vt 0.079961 0.951116
vt 0.907459 0.659351
vt 0.166913 0.703536
vt 0.170843 0.717859
vt 0.157572 0.718169
vt 0.313312 0.984187
vt 0.309742 0.974819
vt 0.332374 0.987635
vt 0.015895 0.462017
vt 0.016674 0.431277
vt 0.017094 0.455213
vt 0.015211 0.440975
vt 0.743932 0.545079
vt 0.536872 0.712905
vt 0.576975 0.145495
vt 0.553491 0.137842
vt 0.571123 0.135942
vt 0.998059 0.065522
vt 0.983375 0.065522
vt 0.999494 0.063676
vt 0.132015 0.749647
vt 0.702990 0.928955
vt 0.319181 0.974285
vt 0.332673 0.980722
vt 0.326197 0.973321
vt 0.011973 0.559937
vt 0.986715 0.062721
vt 0.032118 0.544381
vt 0.102053 0.272863
vt 0.117140 0.277765
vt 0.103564 0.287379
vt 0.761102 0.551344
vt 0.082777 0.971475
vt 0.145976 0.919936
vt 0.902693 0.902988
vt 0.274691 0.715871
vt 0.374488 0.897751
vt 0.372082 0.911582
vt 0.368795 0.892442
vt 0.032773 0.550773
vt 0.015295 0.559383
vt 0.250524 0.727721
vt 0.234109 0.707602
vt 0.250426 0.717057
vt 0.658510 0.705424
vt 0.645689 0.699664
vt 0.018811 0.753191
vt 0.453738 0.701436
vt 0.445199 0.698007
vt 0.474734 0.701707
vt 0.025059 0.559541
vt 0.073557 0.945577
vt 0.566276 0.131240
vt 0.541536 0.123527
vt 0.451014 0.695242
vt 0.863668 0.574411
vt 0.267194 0.745794
vt 0.553231 0.992645
vt 0.556901 0.982563
vt 0.556693 0.999816
vt 0.109340 0.894641
vt 0.131919 0.886209
vt 0.912985 0.854102
vt 0.035985 0.716195
vt 0.195662 0.901491
vt 0.186972 0.922670
vt 0.651043 0.710983
vt 0.531287 0.141904
vt 0.542121 0.155979
vt 0.901031 0.845428
vt 0.033809 0.716358
vt 0.012459 0.702212
vt 0.235078 0.717839
vt 0.891786 0.667093
vt 0.920588 0.650205
vt 0.455967 0.718215
vt 0.441619 0.715496
vt 0.451396 0.706072
vt 0.235902 0.424372
vt 0.809107 0.848169
vt 0.792405 0.845511
vt 0.796564 0.829893
vt 0.517213 0.996732
vt 0.511141 0.998942
vt 0.517248 0.979521
vt 0.866224 0.588688
vt 0.237358 0.444884
vt 0.250309 0.444636
vt 0.138571 0.665767
vt 0.511277 0.984879
vt 0.099658 0.077403
vt 0.113368 0.069635
vt 0.124144 0.086376
vt 0.958047 0.834679
vt 0.444990 0.701376
vt 0.268437 0.725921
vt 0.616215 0.953060
vt 0.607075 0.956387
vt 0.575170 0.955763
vt 0.508912 0.938931
vt 0.477073 0.940665
vt 0.465146 0.938562
vt 0.198582 0.896427
vt 0.242624 0.697103
vt 0.552127 0.104422
vt 0.484801 0.942006
vt 0.233010 0.414682
vt 0.582869 0.982343
vt 0.573305 0.965778
vt 0.583327 0.958431
vt 0.259733 0.716277
vt 0.247728 0.695844
vt 0.270988 0.707237
vt 0.034017 0.574854
vt 0.018198 0.592022
vt 0.023183 0.581109
vt 0.960394 0.572974
vt 0.941802 0.574069
vt 0.953962 0.559111
vt 0.028024 0.000695
vt 0.040455 0.000093
vt 0.041894 0.000617
vt 0.041321 0.001376
vt 0.300367 0.908009
vt 0.282764 0.907440
vt 0.291226 0.895428
vt 0.359509 0.915812
vt 0.962109 0.574340
vt 0.949261 0.578774
vt 0.949526 0.581157
vt 0.185168 0.896855
vt 0.094064 0.960295
vt 0.193028 0.842432
vt 0.210974 0.840568
vt 0.208239 0.859780
vt 0.377705 0.144698
vt 0.350921 0.141797
vt 0.367653 0.127668
vt 0.290492 0.722712
vt 0.535261 0.814567
vt 0.313232 0.972399
vt 0.020825 0.700956
vt 0.017853 0.697450
vt 0.030053 0.696270
vt 0.038753 0.709517
vt 0.036149 0.709398
vt 0.772330 0.567700
vt 0.359246 0.152232
vt 0.326526 0.969291
vt 0.923919 0.853984
vt 0.083843 0.941799
vt 0.073047 0.943635
vt 0.343738 0.128942
vt 0.345381 0.119994
vt 0.587614 0.632584
vt 0.595144 0.610715
vt 0.612567 0.645560
vt 0.273482 0.898693
vt 0.003377 0.006523
vt 0.003377 0.030188
vt 0.001517 0.026510
vt 0.815240 0.832171
vt 0.935720 0.877356
vt 0.934038 0.858789
vt 0.139569 0.741687
vt 0.009294 0.959503
vt 0.009294 0.983229
vt 0.003432 0.983089
vt 0.011347 0.551086
vt 0.014608 0.548743
vt 0.012374 0.551140
vt 0.014503 0.550055
vt 0.532270 0.130636
vt 0.447829 0.117327
vt 0.419034 0.095179
vt 0.447829 0.082762
vt 0.354237 0.892493
vt 0.035201 0.528463
vt 0.050985 0.524946
vt 0.036053 0.541746
vt 0.342479 0.158855
vt 0.361694 0.159178
vt 0.567883 0.644646
vt 0.035155 0.605273
vt 0.021269 0.594968
vt 0.628192 0.699100
vt 0.428116 0.700943
vt 0.606771 0.598688
vt 0.617265 0.619037
vt 0.438679 0.698706
vt 0.054640 0.529779
vt 0.034773 0.545091
vt 0.516057 0.672584
vt 0.928553 0.740492
vt 0.929056 0.722437
vt 0.940330 0.740825
vt 0.894666 0.291929
vt 0.865073 0.312267
vt 0.873908 0.274282
vt 0.012725 0.546756
vt 0.162505 0.729560
vt 0.219293 0.456402
vt 0.333608 0.145801
vt 0.377688 0.922536
vt 0.151984 0.661983
vt 0.354237 0.179302
vt 0.419539 0.711780
vt 0.228698 0.417402
vt 0.016064 0.547492
vt 0.236985 0.683889
vt 0.159928 0.922397
vt 0.343168 0.918301
vt 0.305604 0.969741
vt 0.045309 0.541495
vt 0.055116 0.530744
vt 0.892536 0.653383
vt 0.624643 0.683501
vt 0.427034 0.696241
vt 0.114095 0.292290
vt 0.937081 0.578650
vt 0.306292 0.971492
vt 0.037958 0.994073
vt 0.016863 0.994073
vt 0.028860 0.985859
vt 0.000523 0.471711
vt 0.000523 0.450952
vt 0.013182 0.461478
vt 0.046376 0.000392
vt 0.950925 0.589966
vt 0.938446 0.580777
vt 0.637042 0.710063
vt 0.332027 0.182013
vt 0.831843 0.062130
vt 0.821202 0.046958
vt 0.826978 0.034619
vt 0.739641 0.003660
vt 0.769904 0.003660
vt 0.753819 0.007598
vt 0.887040 0.311709
vt 0.780423 0.785538
vt 0.784608 0.779137
vt 0.790133 0.783546
vt 0.208209 0.718633
vt 0.164587 0.244066
vt 0.184413 0.223328
vt 0.184470 0.228959
vt 0.379153 0.972074
vt 0.372107 0.958988
vt 0.384272 0.977941
vt 0.774098 0.805548
vt 0.780928 0.797916
vt 0.800797 0.798173
vt 0.335249 0.930438
vt 0.311586 0.926176
vt 0.312238 0.919972
vt 0.904701 0.640815
vt 0.179967 0.714372
vt 0.183311 0.727853
vt 0.253664 0.967416
vt 0.283585 0.945677
vt 0.285739 0.972091
vt 0.277730 0.079639
vt 0.306759 0.044805
vt 0.300790 0.077621
vt 0.425074 0.721313
vt 0.333521 0.900681
vt 0.423491 0.688203
vt 0.224410 0.423779
vt 0.229832 0.436061
vt 0.791874 0.791035
vt 0.781598 0.794810
vt 0.784199 0.795188
vt 0.846184 0.025076
vt 0.822261 0.024765
vt 0.845494 0.015422
vt 0.321389 0.917894
vt 0.868998 0.926708
vt 0.912696 0.924760
vt 0.884497 0.935657
vt 0.385568 0.974558
vt 0.858932 0.798180
vt 0.851858 0.813587
vt 0.841127 0.808809
vt 0.441417 0.687890
vt 0.780815 0.771544
vt 0.788774 0.773125
vt 0.034410 0.750426
vt 0.027759 0.776807
vt 0.023535 0.765956
vt 0.724776 0.115313
vt 0.705834 0.126280
vt 0.695492 0.106830
vt 0.034712 0.780656
vt 0.983091 0.055372
vt 0.994882 0.059204
vt 0.987196 0.059655
vt 0.442235 0.055458
vt 0.802609 0.791497
vt 0.042270 0.502878
vt 0.146590 0.732532
vt 0.633781 0.636797
vt 0.928738 0.593623
vt 0.328120 0.138441
vt 0.912399 0.725158
vt 0.523699 0.122618
vt 0.940979 0.594585
vt 0.877062 0.924353
vt 0.183900 0.014101
vt 0.162113 0.014101
vt 0.183947 0.000584
vt 0.374754 0.974937
vt 0.363406 0.961089
vt 0.240196 0.673650
vt 0.335703 0.817666
vt 0.330397 0.835723
vt 0.324070 0.821446
vt 0.226430 0.855518
vt 0.329970 0.149817
vt 0.422547 0.693248
vt 0.290187 0.050775
vt 0.512109 0.136873
vt 0.887969 0.547141
vt 0.872053 0.574634
vt 0.864014 0.544200
vt 0.948961 0.271170
vt 0.948515 0.299300
vt 0.946393 0.302662
vt 0.950570 0.273496
vt 0.950228 0.292876
vt 0.888351 0.318652
vt 0.889967 0.320096
vt 0.874940 0.328056
vt 0.803047 0.776537
vt 0.298656 0.994466
vt 0.304761 0.975676
vt 0.314658 0.993585
vt 0.795129 0.775162
vt 0.819825 0.014717
vt 0.865187 0.820139
vt 0.000231 0.985374
vt 0.020816 0.985374
vt 0.009588 0.996026
vt 0.953101 0.284397
vt 0.731314 0.012400
vt 0.712726 0.005634
vt 0.744934 0.012511
vt 0.800874 0.790307
vt 0.069975 0.520485
vt 0.811174 0.015334
vt 0.173964 0.219957
vt 0.209454 0.221965
vt 0.385606 0.970177
vt 0.370501 0.951184
vt 0.370432 0.946190
vt 0.348345 0.820680
vt 0.806547 0.816620
vt 0.069652 0.542534
vt 0.915779 0.712597
vt 0.941545 0.708746
vt 0.173468 0.734913
vt 0.218876 0.867809
vt 0.089255 0.794135
vt 0.103879 0.805977
vt 0.078502 0.810928
vt 0.962075 0.310817
vt 0.952162 0.303974
vt 0.735352 0.004131
vt 0.804516 0.777478
vt 0.100772 0.948352
vt 0.150768 0.743292
vt 0.283168 0.913550
vt 0.265383 0.912489
vt 0.899027 0.531317
vt 0.906911 0.552077
vt 0.217205 0.225057
vt 0.826953 0.823498
vt 0.832415 0.834825
vt 0.136264 0.284188
vt 0.999927 0.684782
vt 0.999927 0.704352
vt 0.998604 0.695993
vt 0.984756 0.000859
vt 0.970224 0.000859
vt 0.967275 0.000120
vt 0.813797 0.978097
vt 0.813797 0.996450
vt 0.809306 0.992616
vt 0.989417 0.580899
vt 0.985524 0.564941
vt 0.990492 0.562625
vt 0.182458 0.487945
vt 0.185243 0.488061
vt 0.181769 0.492238
vt 0.190134 0.487796
vt 0.193335 0.468681
vt 0.203670 0.502135
vt 0.348118 0.954344
vt 0.923238 0.838643
vt 0.104674 0.304299
vt 0.126526 0.302640
vt 0.274934 0.922764
vt 0.265847 0.924701
vt 0.683464 0.113353
vt 0.887040 0.330710
vt 0.875706 0.329811
vt 0.875790 0.655670
vt 0.346954 0.835118
vt 0.846932 0.817933
vt 0.802809 0.030706
vt 0.207256 0.492655
vt 0.197110 0.681192
vt 0.180760 0.659623
vt 0.206740 0.650041
vt 0.120241 0.315487
vt 0.129106 0.293746
vt 0.844097 0.305152
vt 0.804879 0.784400
vt 0.919125 0.686488
vt 0.168058 0.114907
vt 0.192613 0.109301
vt 0.186617 0.122305
vt 0.788914 0.024950
vt 0.757831 0.024950
vt 0.766479 0.011271
vt 0.182287 0.482542
vt 0.354463 0.976125
vt 0.429623 0.793468
vt 0.432881 0.818209
vt 0.427032 0.802715
vt 0.759062 0.778745
vt 0.742277 0.775786
vt 0.756043 0.763631
vt 0.228849 0.838016
vt 0.892033 0.719464
vt 0.182764 0.130732
vt 0.169725 0.130049
vt 0.256913 0.906731
vt 0.154001 0.505939
vt 0.129694 0.508031
vt 0.137816 0.498459
vt 0.202129 0.468170
vt 0.209812 0.473102
vt 0.208910 0.490132
vt 0.802830 0.016587
vt 0.198859 0.469454
vt 0.857939 0.321720
vt 0.863038 0.328662
vt 0.849452 0.336568
vt 0.185693 0.464306
vt 0.556473 0.008452
vt 0.588327 0.011238
vt 0.553131 0.012106
vt 0.862214 0.350131
vt 0.053062 0.162214
vt 0.056232 0.187616
vt 0.051723 0.172341
vt 0.188086 0.136684
vt 0.186527 0.143640
vt 0.172272 0.155152
vt 0.737281 0.886915
vt 0.728487 0.896701
vt 0.720181 0.881717
vt 0.923791 0.998501
vt 0.909957 0.988450
vt 0.929984 0.986325
vt 0.904852 0.585178
vt 0.209931 0.675899
vt 0.834705 0.813881
vt 0.842173 0.821266
vt 0.750798 0.876014
vt 0.724866 0.872408
vt 0.451578 0.820740
vt 0.444281 0.832405
vt 0.304696 0.906567
vt 0.162946 0.746580
vt 0.879925 0.818114
vt 0.149599 0.444304
vt 0.160624 0.437067
vt 0.170863 0.442743
vt 0.324809 0.044688
vt 0.318719 0.079234
vt 0.051666 0.180969
vt 0.172331 0.151614
vt 0.185498 0.137900
vt 0.042094 0.551254
vt 0.041280 0.581093
vt 0.040639 0.559502
vt 0.807986 0.782872
vt 0.424846 0.831724
vt 0.881340 0.778001
vt 0.416406 0.814167
vt 0.265023 0.932277
vt 0.279956 0.925399
vt 0.158145 0.122634
vt 0.222273 0.661204
vt 0.218462 0.671406
vt 0.295686 0.909954
vt 0.196220 0.728628
vt 0.184857 0.741309
vt 0.105968 0.816397
vt 0.339010 0.050247
vt 0.676678 0.135349
vt 0.113416 0.500965
vt 0.024308 0.281272
vt 0.021181 0.246873
vt 0.024308 0.254161
vt 0.795030 0.016174
vt 0.984729 0.053314
vt 0.964365 0.029321
vt 0.980270 0.030373
vt 0.167764 0.151137
vt 0.676352 0.104984
vt 0.039790 0.588792
vt 0.039444 0.563152
vt 0.611967 0.700980
vt 0.250960 0.914996
vt 0.110294 0.488669
vt 0.020724 0.265399
vt 0.219472 0.451489
vt 0.787293 0.818989
vt 0.826000 0.804677
vt 0.044021 0.669680
vt 0.044021 0.714070
vt 0.037232 0.698148
vt 0.744497 0.788402
vt 0.120004 0.477774
vt 0.814367 0.805591
vt 0.203385 0.742456
vt 0.224443 0.822842
vt 0.248336 0.897646
vt 0.229485 0.679217
vt 0.229220 0.668391
vt 0.241169 0.668151
vt 0.227134 0.672576
vt 0.169692 0.418785
vt 0.111766 0.797533
vt 0.200546 0.459132
vt 0.710987 0.892336
vt 0.285942 0.000186
vt 0.287693 0.007547
vt 0.287693 0.023309
vt 0.895815 0.180187
vt 0.918886 0.180966
vt 0.911837 0.195341
vt 0.196365 0.632073
vt 0.838306 0.348073
vt 0.831605 0.337282
vt 0.220071 0.672535
vt 0.227489 0.667255
vt 0.224113 0.676982
vt 0.709346 0.173319
vt 0.743935 0.181627
vt 0.709005 0.187137
vt 0.402186 0.921973
vt 0.392764 0.917414
vt 0.405711 0.894990
vt 0.169244 0.165784
vt 0.853719 0.356700
vt 0.734592 0.221636
vt 0.756687 0.212381
vt 0.743560 0.242699
vt 0.152119 0.430512
vt 0.927361 0.191852
vt 0.837590 0.319336
vt 0.282057 0.008989
vt 0.988405 0.543918
vt 0.905422 0.591293
vt 0.898736 0.600334
vt 0.877895 0.597804
vt 0.738413 0.757899
vt 0.149319 0.431902
vt 0.110315 0.773911
vt 0.188807 0.454219
vt 0.658973 0.121882
vt 0.223827 0.660825
vt 0.736613 0.171070
vt 0.172097 0.746410
vt 0.027073 0.814494
vt 0.048045 0.799810
vt 0.048804 0.829647
vt 0.192625 0.153237
vt 0.036773 0.590909
vt 0.036712 0.568943
vt 0.038595 0.595099
vt 0.192731 0.453820
vt 0.232040 0.462047
vt 0.746563 0.201873
vt 0.224570 0.661429
vt 0.176703 0.385848
vt 0.194099 0.412184
vt 0.156861 0.144763
vt 0.054471 0.202963
vt 0.182047 0.461936
vt 0.196520 0.455557
vt 0.229557 0.660803
vt 0.230769 0.661058
vt 0.971231 0.016681
vt 0.050474 0.206851
vt 0.067871 0.434615
vt 0.071373 0.411630
vt 0.081830 0.409088
vt 0.079309 0.420650
vt 0.734534 0.218743
vt 0.745670 0.198062
vt 0.891444 0.619208
vt 0.905389 0.632178
vt 0.890400 0.644569
vt 0.186565 0.456299
vt 0.147580 0.291600
vt 0.745925 0.187630
vt 0.432248 0.844809
vt 0.873627 0.607381
vt 0.894356 0.609305
vt 0.202820 0.746812
vt 0.919824 0.523308
vt 0.919979 0.504755
vt 0.931765 0.505373
vt 0.821230 0.388580
vt 0.818667 0.419310
vt 0.816585 0.394116
vt 0.450420 0.748839
vt 0.444474 0.740903
vt 0.459420 0.738834
vt 0.736898 0.192045
vt 0.985070 0.846192
vt 0.985070 0.827889
vt 0.994862 0.827817
vt 0.406315 0.844462
vt 0.399132 0.815398
vt 0.142046 0.301802
vt 0.713856 0.188665
vt 0.746189 0.188352
vt 0.244621 0.865277
vt 0.245543 0.853532
vt 0.562120 0.783935
vt 0.559075 0.753210
vt 0.563030 0.779486
vt 0.956495 0.682248
vt 0.955135 0.680205
vt 0.957738 0.650448
vt 0.240943 0.843382
vt 0.963477 0.033801
vt 0.983163 0.061361
vt 0.962102 0.053465
vt 0.765443 0.985768
vt 0.732844 0.985768
vt 0.762801 0.973116
vt 0.905209 0.208479
vt 0.932105 0.203604
vt 0.932102 0.218202
vt 0.913611 0.224174
vt 0.872453 0.620131
vt 0.181958 0.748250
vt 0.359714 0.814383
vt 0.359642 0.830234
vt 0.727564 0.771411
vt 0.400632 0.883076
vt 0.101995 0.493940
vt 0.145597 0.406893
vt 0.817234 0.227020
vt 0.816112 0.205610
vt 0.835303 0.217098
vt 0.738996 0.730537
vt 0.765219 0.738944
vt 0.742212 0.745127
vt 0.598148 0.841253
vt 0.607407 0.827212
vt 0.615558 0.838028
vt 0.233351 0.660495
vt 0.960391 0.665869
vt 0.971819 0.657471
vt 0.970812 0.660814
vt 0.196291 0.445001
vt 0.256352 0.594404
vt 0.227280 0.600996
vt 0.229103 0.587210
vt 0.756864 0.751666
vt 0.744420 0.750917
vt 0.704143 0.877821
vt 0.292383 0.403768
vt 0.294111 0.401456
vt 0.311599 0.415500
vt 0.559032 0.977226
vt 0.566763 0.983713
vt 0.559953 0.996832
vt 0.801547 0.801366
vt 0.396595 0.317089
vt 0.377142 0.315106
vt 0.398366 0.315860
vt 0.391984 0.310770
vt 0.207629 0.627464
vt 0.206203 0.602710
vt 0.215364 0.605313
vt 0.386574 0.900225
vt 0.133441 0.805291
vt 0.335226 0.394010
vt 0.362742 0.391472
vt 0.343031 0.409014
vt 0.402709 0.349571
vt 0.363625 0.324227
vt 0.400770 0.321785
vt 0.382741 0.306733
vt 0.333378 0.385043
vt 0.345692 0.377063
vt 0.391918 0.308517
vt 0.761013 0.185182
vt 0.387933 0.305952
vt 0.208434 0.591980
vt 0.291118 0.437647
vt 0.385772 0.877342
vt 0.316669 0.412556
vt 0.006680 0.089783
vt 0.014655 0.114328
vt 0.003456 0.113595
vt 0.562485 0.744700
vt 0.574156 0.773551
vt 0.983287 0.659071
vt 0.962611 0.685021
vt 0.972520 0.662683
vt 0.994539 0.201711
vt 0.994539 0.231475
vt 0.966792 0.218194
vt 0.750386 0.195277
vt 0.458932 0.904458
vt 0.455133 0.892032
vt 0.469935 0.896134
vt 0.286567 0.378414
vt 0.322356 0.394596
vt 0.769389 0.719202
vt 0.577733 0.750857
vt 0.584843 0.776546
vt 0.450599 0.731145
vt 0.857690 0.590869
vt 0.376371 0.819799
vt 0.366358 0.807649
vt 0.368807 0.829426
vt 0.610284 0.760794
vt 0.589380 0.751818
vt 0.571811 0.750019
vt 0.956892 0.638359
vt 0.358654 0.229382
vt 0.383571 0.226802
vt 0.371472 0.240138
vt 0.380918 0.241053
vt 0.366043 0.242031
vt 0.401718 0.281042
vt 0.390173 0.294599
vt 0.378062 0.275294
vt 0.832676 0.505157
vt 0.830844 0.520800
vt 0.821037 0.507264
vt 0.220870 0.613453
vt 0.357472 0.845245
vt 0.729460 0.785079
vt 0.833360 0.197140
vt 0.555929 0.943811
vt 0.540237 0.948015
vt 0.514066 0.945110
vt 0.970742 0.662711
vt 0.962026 0.668080
vt 0.328100 0.377516
vt 0.330029 0.391168
vt 0.934220 0.171813
vt 0.021681 0.795415
vt 0.961331 0.676400
vt 0.094516 0.409205
vt 0.082496 0.429062
vt 0.691199 0.890806
vt 0.367211 0.293609
vt 0.000229 0.698314
vt 0.000229 0.670261
vt 0.008092 0.691448
vt 0.908982 0.522422
vt 0.766576 0.757058
vt 0.738836 0.754745
vt 0.093742 0.402856
vt 0.089289 0.426002
vt 0.627489 0.842655
vt 0.624807 0.825941
vt 0.367208 0.247048
vt 0.944126 0.201570
vt 0.835878 0.364197
vt 0.469572 0.884794
vt 0.468115 0.869586
vt 0.477156 0.878767
vt 0.347528 0.358865
vt 0.361430 0.361514
vt 0.584477 0.824146
vt 0.368576 0.204972
vt 0.854735 0.626625
vt 0.078532 0.315675
vt 0.071430 0.304322
vt 0.086058 0.315661
vt 0.943779 0.219241
vt 0.649481 0.010086
vt 0.616329 0.005240
vt 0.625075 0.003546
vt 0.358368 0.366662
vt 0.577112 0.835108
vt 0.365628 0.240462
vt 0.761382 0.170909
vt 0.009135 0.398186
vt 0.009135 0.418260
vt 0.003591 0.417584
vt 0.667390 0.999350
vt 0.654667 0.990106
vt 0.677688 0.985476
vt 0.101730 0.408777
vt 0.096706 0.425372
vt 0.958955 0.677289
vt 0.704385 0.864753
vt 0.726894 0.859051
vt 0.360874 0.316846
vt 0.771035 0.854900
vt 0.770548 0.835158
vt 0.772082 0.842936
vt 0.365195 0.295244
vt 0.772488 0.971340
vt 0.773278 0.971796
vt 0.773203 0.992929
vt 0.844515 0.515540
vt 0.841264 0.504264
vt 0.922381 0.546707
vt 0.913960 0.541391
vt 0.929273 0.525869
vt 0.907788 0.488046
vt 0.923306 0.492165
vt 0.723795 0.751959
vt 0.859951 0.241403
vt 0.823114 0.235821
vt 0.852026 0.217011
vt 0.334234 0.360540
vt 0.343311 0.349674
vt 0.849115 0.513124
vt 0.841915 0.501967
vt 0.339963 0.410686
vt 0.802867 0.517632
vt 0.815709 0.504199
vt 0.905667 0.502756
vt 0.366712 0.847760
vt 0.080020 0.298142
vt 0.095897 0.293703
vt 0.088907 0.284884
vt 0.814732 0.191657
vt 0.102549 0.408228
vt 0.983160 0.682926
vt 0.971294 0.695442
vt 0.814455 0.352594
vt 0.814110 0.389476
vt 0.514729 0.005674
vt 0.490783 0.005674
vt 0.479397 0.003626
vt 0.817087 0.352953
vt 0.776703 0.842030
vt 0.776629 0.834152
vt 0.208180 0.025689
vt 0.199667 0.021182
vt 0.228381 0.022553
vt 0.308224 0.453696
vt 0.848187 0.248913
vt 0.378914 0.384115
vt 0.609366 0.748898
vt 0.616721 0.746577
vt 0.634724 0.749752
vt 0.778155 0.841727
vt 0.784965 0.752017
vt 0.065831 0.387705
vt 0.291253 0.219435
vt 0.272487 0.219959
vt 0.306901 0.214068
vt 0.289033 0.202335
vt 0.952914 0.895846
vt 0.965100 0.893033
vt 0.956169 0.907683
vt 0.458430 0.724258
vt 0.777834 0.825292
vt 0.951737 0.082695
vt 0.953811 0.991561
vt 0.940004 0.972557
vt 0.962590 0.969281
vt 0.820421 0.228756
vt 0.347707 0.241739
vt 0.792735 0.736491
vt 0.823701 0.173264
vt 0.591696 0.814251
vt 0.363582 0.280284
vt 0.210290 0.050995
vt 0.196635 0.046855
vt 0.174458 0.046559
vt 0.192381 0.066924
vt 0.347982 0.214030
vt 0.706071 0.987287
vt 0.697200 0.999497
vt 0.684531 0.987354
vt 0.275129 0.204262
vt 0.290207 0.198869
vt 0.064589 0.295077
vt 0.960241 0.543844
vt 0.985609 0.536197
vt 0.981823 0.576413
vt 0.017970 0.154187
vt 0.017970 0.180126
vt 0.005036 0.158740
vt 0.063926 0.296957
vt 0.075867 0.277323
vt 0.095077 0.272031
vt 0.603410 0.808584
vt 0.848651 0.373771
vt 0.866711 0.377742
vt 0.472076 0.747853
vt 0.470052 0.731708
vt 0.484209 0.747204
vt 0.366281 0.181244
vt 0.273057 0.207274
vt 0.274653 0.202474
vt 0.283166 0.191658
vt 0.461182 0.875571
vt 0.060296 0.285130
vt 0.959668 0.690022
vt 0.175789 0.541376
vt 0.172061 0.563315
vt 0.155792 0.549849
vt 0.842635 0.488115
vt 0.206208 0.578097
vt 0.980196 0.915803
vt 0.845794 0.276381
vt 0.830470 0.263302
vt 0.657939 0.236311
vt 0.661792 0.214323
vt 0.665069 0.209665
vt 0.672114 0.216895
vt 0.671753 0.205003
vt 0.673372 0.206417
vt 0.955165 0.547488
vt 0.968135 0.580298
vt 0.267102 0.190435
vt 0.158222 0.623499
vt 0.178537 0.624878
vt 0.158420 0.657613
vt 0.737032 0.727414
vt 0.726081 0.743748
vt 0.724547 0.727850
vt 0.392409 0.363951
vt 0.614347 0.010649
vt 0.670860 0.207732
vt 0.136248 0.219612
vt 0.145426 0.217091
vt 0.160135 0.218378
vt 0.003054 0.580071
vt 0.004948 0.607888
vt 0.003054 0.601749
vt 0.005756 0.601596
vt 0.936612 0.328608
vt 0.948435 0.332075
vt 0.948435 0.343871
vt 0.719761 0.787901
vt 0.983123 0.885500
vt 0.446185 0.719316
vt 0.947042 0.357845
vt 0.937823 0.342855
vt 0.376233 0.839835
vt 0.774641 0.644202
vt 0.749867 0.663222
vt 0.732720 0.642787
vt 0.188705 0.022423
vt 0.786566 0.755014
vt 0.005785 0.609923
vt 0.005785 0.637752
vt 0.004494 0.610810
vt 0.841162 0.005215
vt 0.834676 0.003477
vt 0.864296 0.005334
vt 0.776368 0.818446
vt 0.276031 0.160177
vt 0.287069 0.173748
vt 0.265973 0.178634
vt 0.894960 0.513394
vt 0.178504 0.037848
vt 0.824342 0.483978
vt 0.444662 0.904545
vt 0.442073 0.888826
vt 0.976347 0.875680
vt 0.948840 0.890632
vt 0.152673 0.224960
vt 0.158822 0.243044
vt 0.135111 0.225563
vt 0.198745 0.288451
vt 0.186270 0.288146
vt 0.186270 0.264847
vt 0.010874 0.924061
vt 0.010874 0.894833
vt 0.028284 0.904345
vt 0.995480 0.153674
vt 0.984869 0.146244
vt 0.996042 0.125327
vt 0.949711 0.884433
vt 0.383315 0.004105
vt 0.419426 0.006233
vt 0.391286 0.006241
vt 0.394931 0.003549
vt 0.669743 0.212512
vt 0.846946 0.987814
vt 0.870991 0.987814
vt 0.876010 0.989181
vt 0.216158 0.560006
vt 0.023389 0.172514
vt 0.023389 0.207320
vt 0.021154 0.184647
vt 0.942322 0.124134
vt 0.931459 0.103250
vt 0.945599 0.113192
vt 0.664733 0.202626
vt 0.154747 0.571369
vt 0.202745 0.272960
vt 0.210296 0.289181
vt 0.771020 0.805893
vt 0.192143 0.557512
vt 0.390334 0.876110
vt 0.390301 0.848619
vt 0.409774 0.854470
vt 0.717735 0.636352
vt 0.732582 0.627140
vt 0.054598 0.287766
vt 0.400784 0.997381
vt 0.380420 0.997381
vt 0.391625 0.976187
vt 0.581277 0.003665
vt 0.572101 0.006124
vt 0.545987 0.004107
vt 0.712343 0.742335
vt 0.708965 0.772622
vt 0.448253 0.877990
vt 0.674611 0.864764
vt 0.692815 0.852319
vt 0.695442 0.864764
vt 0.392718 0.832162
vt 0.308893 0.094464
vt 0.303003 0.080598
vt 0.331256 0.093742
vt 0.900359 0.528143
vt 0.434227 0.893291
vt 0.716794 0.665077
vt 0.766834 0.937384
vt 0.748204 0.960909
vt 0.740264 0.966678
vt 0.580156 0.748463
vt 0.982734 0.804756
vt 0.982734 0.843800
vt 0.980066 0.827718
vt 0.487617 0.731064
vt 0.159294 0.615400
vt 0.171609 0.600831
vt 0.456550 0.822285
vt 0.455473 0.809971
vt 0.465386 0.821956
vt 0.184574 0.251712
vt 0.196521 0.260356
vt 0.928823 0.115889
vt 0.065248 0.269738
vt 0.801996 0.172882
vt 0.184014 0.972562
vt 0.157736 0.972562
vt 0.195666 0.970658
vt 0.282293 0.334366
vt 0.284805 0.360372
vt 0.282472 0.362425
vt 0.259711 0.202268
vt 0.956189 0.719782
vt 0.956189 0.684428
vt 0.958152 0.728690
vt 0.847760 0.465005
vt 0.701088 0.723722
vt 0.741754 0.953661
vt 0.079852 0.351126
vt 0.081881 0.370505
vt 0.074842 0.350050
vt 0.166248 0.993472
vt 0.143591 0.993472
vt 0.156817 0.974712
vt 0.264438 0.227978
vt 0.258101 0.227609
vt 0.947393 0.091246
vt 0.246776 0.873006
vt 0.248927 0.848416
vt 0.268654 0.876733
vt 0.185457 0.826217
vt 0.173554 0.836565
vt 0.167372 0.814622
vt 0.650106 0.191220
vt 0.094114 0.359237
vt 0.084935 0.381717
vt 0.090017 0.363566
vt 0.470590 0.710499
vt 0.256486 0.219062
vt 0.109362 0.186861
vt 0.091169 0.221513
vt 0.102171 0.185201
vt 0.641796 0.194611
vt 0.660704 0.217334
vt 0.644740 0.195313
vt 0.648556 0.192851
vt 0.135150 0.811315
vt 0.155614 0.786655
vt 0.085772 0.367224
vt 0.823673 0.004045
vt 0.793582 0.012108
vt 0.793557 0.004045
vt 0.459221 0.709311
vt 0.426121 0.873990
vt 0.431091 0.850200
vt 0.336139 0.092626
vt 0.324698 0.076597
vt 0.916921 0.096486
vt 0.919985 0.119150
vt 0.810459 0.474864
vt 0.102287 0.225608
vt 0.467337 0.797136
vt 0.927120 0.319274
vt 0.939108 0.316935
vt 0.498747 0.737815
vt 0.570454 0.675548
vt 0.591199 0.667374
vt 0.595804 0.684560
vt 0.706430 0.788912
vt 0.453832 0.867405
vt 0.133454 0.002667
vt 0.137924 0.016423
vt 0.113178 0.013006
vt 0.177878 0.224665
vt 0.352027 0.093869
vt 0.347487 0.095053
vt 0.356650 0.082448
vt 0.996338 0.879462
vt 0.982946 0.883302
vt 0.996496 0.873918
vt 0.313243 0.139887
vt 0.313515 0.143542
vt 0.307167 0.109247
vt 0.288538 0.857339
vt 0.051925 0.274613
vt 0.777747 0.807952
vt 0.995659 0.881944
vt 0.015023 0.091830
vt 0.004066 0.084159
vt 0.013684 0.066270
vt 0.130075 0.211860
vt 0.345389 0.956505
vt 0.335005 0.978773
vt 0.334004 0.947806
vt 0.214346 0.273130
vt 0.438872 0.862632
vt 0.304559 0.161329
vt 0.303108 0.163342
vt 0.303801 0.160331
vt 0.528046 0.974488
vt 0.536132 0.969706
vt 0.543624 0.991716
vt 0.987343 0.464642
vt 0.997944 0.466895
vt 0.981498 0.471727
vt 0.724312 0.853767
vt 0.079948 0.776876
vt 0.091684 0.783622
vt 0.073793 0.801152
vt 0.482215 0.718984
vt 0.923614 0.089827
vt 0.248232 0.894609
vt 0.295074 0.892732
vt 0.713637 0.759157
vt 0.937376 0.368332
vt 0.928167 0.352978
vt 0.422501 0.900133
vt 0.423808 0.891116
vt 0.645075 0.186597
vt 0.335519 0.102372
vt 0.332190 0.119105
vt 0.689207 0.735628
vt 0.455708 0.790440
vt 0.202599 0.207799
vt 0.193073 0.175237
vt 0.202913 0.168347
vt 0.632540 0.190403
vt 0.185986 0.216574
vt 0.094269 0.372449
vt 0.090049 0.379480
vt 0.195946 0.572563
vt 0.321838 0.157612
vt 0.519519 0.981938
vt 0.519644 0.993584
vt 0.929194 0.331048
vt 0.419780 0.988053
vt 0.413230 0.967894
vt 0.444333 0.972639
vt 0.591022 0.797090
vt 0.186792 0.231132
vt 0.194801 0.238930
vt 0.354267 0.089683
vt 0.354312 0.108076
vt 0.921084 0.342147
vt 0.551246 0.851273
vt 0.523973 0.852100
vt 0.552011 0.841189
vt 0.536638 0.967629
vt 0.515295 0.967614
vt 0.536634 0.958655
vt 0.515144 0.952896
vt 0.533474 0.952545
vt 0.520593 0.955622
vt 0.522958 0.949650
vt 0.320449 0.132898
vt 0.563769 0.828350
vt 0.573922 0.842908
vt 0.285579 0.878278
vt 0.140789 0.843301
vt 0.357706 0.109106
vt 0.372964 0.093910
vt 0.436604 0.814698
vt 0.204601 0.247814
vt 0.356658 0.118903
vt 0.342505 0.116960
vt 0.984835 0.896932
vt 0.993604 0.923919
vt 0.982901 0.917454
vt 0.169718 0.583032
vt 0.155538 0.581457
vt 0.212227 0.257947
vt 0.685072 0.712243
vt 0.922394 0.672818
vt 0.922872 0.647140
vt 0.948384 0.656426
vt 0.930146 0.083768
vt 0.247728 0.012161
vt 0.260762 0.011829
vt 0.258031 0.013426
vt 0.590239 0.912664
vt 0.544857 0.912664
vt 0.576033 0.911614
vt 0.716946 0.191617
vt 0.699597 0.751309
vt 0.878544 0.058585
vt 0.864806 0.080759
vt 0.860618 0.067719
vt 0.118852 0.237217
vt 0.017869 0.139271
vt 0.002689 0.118377
vt 0.012479 0.116725
vt 0.435257 0.787842
vt 0.083625 0.381088
vt 0.318618 0.171712
vt 0.880253 0.648552
vt 0.869842 0.642781
vt 0.880694 0.637022
vt 0.248196 0.009704
vt 0.260838 0.005578
vt 0.429317 0.878863
vt 0.436264 0.870477
vt 0.336424 0.888419
vt 0.383596 0.888419
vt 0.380774 0.890827
vt 0.461618 0.609021
vt 0.436230 0.597168
vt 0.457836 0.594116
vt 0.325869 0.154960
vt 0.303188 0.147477
vt 0.322157 0.148223
vt 0.918119 0.327911
vt 0.614608 0.668879
vt 0.223630 0.279932
vt 0.324038 0.148260
vt 0.105335 0.236746
vt 0.247915 0.015469
vt 0.554299 0.023870
vt 0.553448 0.035004
vt 0.552737 0.029418
vt 0.557253 0.023554
vt 0.323672 0.138568
vt 0.872152 0.649271
vt 0.533321 0.821869
vt 0.544756 0.818972
vt 0.870878 0.654763
vt 0.879010 0.046647
vt 0.541537 0.950440
vt 0.076928 0.369970
vt 0.964550 0.332742
vt 0.939995 0.326163
vt 0.978262 0.325604
vt 0.650206 0.982421
vt 0.683128 0.982421
vt 0.650591 0.985764
vt 0.165854 0.969227
vt 0.150521 0.970568
vt 0.127832 0.969336
vt 0.998237 0.682803
vt 0.998237 0.663256
vt 0.999316 0.675614
vt 0.205900 0.955454
vt 0.217039 0.924849
vt 0.229072 0.955823
vt 0.341247 0.126111
vt 0.863473 0.053201
vt 0.540909 0.036898
vt 0.531044 0.025145
vt 0.541268 0.030841
vt 0.910659 0.089737
vt 0.917938 0.366337
vt 0.933362 0.076762
vt 0.929802 0.079414
vt 0.869847 0.658266
vt 0.878407 0.665571
vt 0.080275 0.398360
vt 0.093656 0.765145
vt 0.463780 0.597947
vt 0.521583 0.035704
vt 0.360139 0.858201
vt 0.365056 0.863683
vt 0.355861 0.867586
vt 0.927052 0.079361
vt 0.947258 0.678216
vt 0.284201 0.382202
vt 0.072657 0.753914
vt 0.097375 0.779526
vt 0.108938 0.762276
vt 0.101164 0.777648
vt 0.578536 0.032420
vt 0.518044 0.025250
vt 0.919023 0.078286
vt 0.866370 0.650684
vt 0.866204 0.652535
vt 0.184218 0.536781
vt 0.204779 0.528888
vt 0.192189 0.552746
vt 0.466006 0.770961
vt 0.083100 0.396489
vt 0.196341 0.931858
vt 0.545013 0.026316
vt 0.543556 0.034456
vt 0.352148 0.861910
vt 0.352822 0.873912
vt 0.627784 0.677284
vt 0.011960 0.040604
vt 0.015754 0.041273
vt 0.005669 0.058968
vt 0.347403 0.854189
vt 0.361528 0.849957
vt 0.066021 0.440658
vt 0.066126 0.473241
vt 0.052569 0.448742
vt 0.281029 0.383680
vt 0.474695 0.593836
vt 0.478423 0.595134
vt 0.476061 0.608111
vt 0.928148 0.076602
vt 0.866741 0.658512
vt 0.196520 0.149519
vt 0.155835 0.001141
vt 0.158076 0.015386
vt 0.156787 0.018928
vt 0.589860 0.076632
vt 0.600126 0.058852
vt 0.593476 0.090711
vt 0.155189 0.017687
vt 0.695496 0.762060
vt 0.102647 0.758631
vt 0.094819 0.735896
vt 0.121771 0.745175
vt 0.443800 0.862464
vt 0.929464 0.074903
vt 0.016623 0.064371
vt 0.005403 0.050201
vt 0.009315 0.039398
vt 0.771437 0.950971
vt 0.783472 0.940176
vt 0.801376 0.956872
vt 0.073622 0.392610
vt 0.549800 0.041100
vt 0.542737 0.043659
vt 0.925918 0.074332
vt 0.859316 0.655481
vt 0.179868 0.884728
vt 0.189179 0.884828
vt 0.198635 0.893161
vt 0.209913 0.564288
vt 0.131923 0.811200
vt 0.134146 0.838808
vt 0.115010 0.836459
vt 0.465928 0.618604
vt 0.540232 0.044568
vt 0.480510 0.610973
vt 0.492870 0.577713
vt 0.493286 0.612633
vt 0.876388 0.041258
vt 0.880255 0.676990
vt 0.857100 0.680221
vt 0.986822 0.315545
vt 0.960467 0.296397
vt 0.992544 0.295811
vt 0.489238 0.626373
vt 0.503971 0.624618
vt 0.492674 0.626588
vt 0.187975 0.593497
vt 0.749128 0.617888
vt 0.768931 0.627122
vt 0.734861 0.640314
vt 0.209699 0.503690
vt 0.220918 0.525761
vt 0.768667 0.696969
vt 0.796173 0.694243
vt 0.787207 0.718876
vt 0.939342 0.075947
vt 0.949547 0.063785
vt 0.949388 0.088381
vt 0.083623 0.467049
vt 0.552404 0.952672
vt 0.106475 0.761015
vt 0.343675 0.847101
vt 0.338228 0.862716
vt 0.077896 0.740980
vt 0.927773 0.072636
vt 0.732139 0.218094
vt 0.727942 0.224200
vt 0.713385 0.216783
vt 0.207475 0.888132
vt 0.495953 0.719294
vt 0.552829 0.048135
vt 0.511038 0.044649
vt 0.917670 0.734613
vt 0.895074 0.755056
vt 0.896746 0.732921
vt 0.048739 0.460991
vt 0.725642 0.227911
vt 0.721704 0.227194
vt 0.195485 0.879163
vt 0.206264 0.882792
vt 0.506471 0.626749
vt 0.488509 0.631404
vt 0.491575 0.627782
vt 0.509004 0.629512
vt 0.084607 0.396480
vt 0.107968 0.766023
vt 0.230991 0.266603
vt 0.478153 0.619390
vt 0.849575 0.648107
vt 0.866919 0.041663
vt 0.858619 0.661792
vt 0.159169 0.661754
vt 0.177591 0.666406
vt 0.174962 0.696455
vt 0.283020 0.395933
vt 0.613676 0.061285
vt 0.618115 0.090928
vt 0.949391 0.938426
vt 0.938908 0.959296
vt 0.919274 0.939661
vt 0.481903 0.618075
vt 0.910870 0.075735
vt 0.048509 0.071227
vt 0.050044 0.029796
vt 0.075329 0.052448
vt 0.722026 0.231242
vt 0.881389 0.686582
vt 0.857386 0.691307
vt 0.503777 0.622777
vt 0.201762 0.589852
vt 0.101212 0.821218
vt 0.339089 0.872400
vt 0.732190 0.241408
vt 0.724332 0.235087
vt 0.730103 0.229280
vt 0.915277 0.763041
vt 0.205834 0.866265
vt 0.169476 0.865066
vt 0.189192 0.842497
vt 0.807133 0.938560
vt 0.303747 0.811538
vt 0.287285 0.785193
vt 0.321946 0.784267
vt 0.545627 0.051295
vt 0.472659 0.631783
vt 0.544664 0.057699
vt 0.725004 0.250741
vt 0.723468 0.242516
vt 0.405245 0.059942
vt 0.369645 0.054938
vt 0.408910 0.032482
vt 0.854206 0.663503
vt 0.454174 0.630968
vt 0.717816 0.232547
vt 0.853967 0.664490
vt 0.159171 0.850275
vt 0.895640 0.048620
vt 0.889520 0.071179
vt 0.547671 0.336375
vt 0.534266 0.337008
vt 0.532919 0.320866
vt 0.910130 0.959763
vt 0.549847 0.057456
vt 0.485093 0.627147
vt 0.330145 0.852934
vt 0.544989 0.165361
vt 0.543756 0.175409
vt 0.518783 0.161755
vt 0.715644 0.241568
vt 0.218383 0.551834
vt 0.717010 0.238715
vt 0.718270 0.235119
vt 0.704605 0.229548
vt 0.236356 0.924256
vt 0.346045 0.516104
vt 0.344458 0.508654
vt 0.345276 0.503868
vt 0.325644 0.847506
vt 0.339081 0.839163
vt 0.843818 0.651510
vt 0.157357 0.866254
vt 0.970685 0.268542
vt 0.963415 0.268621
vt 0.967713 0.266007
vt 0.524873 0.356170
vt 0.505409 0.349466
vt 0.518825 0.341774
vt 0.173715 0.598614
vt 0.164941 0.597399
vt 0.339233 0.495828
vt 0.346149 0.477345
vt 0.379129 0.491567
vt 0.572123 0.182409
vt 0.560212 0.181022
vt 0.571980 0.175763
vt 0.484883 0.631475
vt 0.048536 0.493262
vt 0.976571 0.086862
vt 0.987459 0.085116
vt 0.991975 0.104677
vt 0.013531 0.523039
vt 0.001643 0.514401
vt 0.010821 0.510246
vt 0.679023 0.756292
vt 0.974063 0.111009
vt 0.555160 0.173764
vt 0.556505 0.183369
vt 0.933517 0.695983
vt 0.843414 0.655947
vt 0.981232 0.286104
vt 0.958646 0.286750
vt 0.980221 0.271729
vt 0.523513 0.339287
vt 0.524109 0.331926
vt 0.527030 0.343843
vt 0.336766 0.514017
vt 0.334102 0.509687
vt 0.335422 0.517358
vt 0.331224 0.511402
vt 0.319354 0.527555
vt 0.236732 0.542836
vt 0.710679 0.237498
vt 0.651941 0.081349
vt 0.770938 0.922228
vt 0.529235 0.342229
vt 0.590587 0.178447
vt 0.708911 0.248400
vt 0.773156 0.608533
vt 0.177000 0.639815
vt 0.530958 0.188400
vt 0.328452 0.871329
vt 0.115515 0.725094
vt 0.499052 0.212758
vt 0.481001 0.204425
vt 0.500189 0.192577
vt 0.068032 0.026668
vt 0.710492 0.241575
vt 0.494491 0.319306
vt 0.522178 0.619816
vt 0.262489 0.800884
vt 0.339087 0.497976
vt 0.546473 0.205716
vt 0.713265 0.255972
vt 0.767304 0.442186
vt 0.744679 0.447166
vt 0.758560 0.420140
vt 0.903447 0.238219
vt 0.882101 0.225199
vt 0.902705 0.203104
vt 0.944498 0.038394
vt 0.705661 0.239981
vt 0.334509 0.875330
vt 0.335132 0.878898
vt 0.326313 0.876472
vt 0.670960 0.183037
vt 0.654589 0.183379
vt 0.655915 0.158950
vt 0.864053 0.700717
vt 0.957943 0.271568
vt 0.694666 0.287681
vt 0.714233 0.279637
vt 0.709396 0.290278
vt 0.189244 0.015900
vt 0.165761 0.048221
vt 0.163179 0.017985
vt 0.559504 0.189712
vt 0.711012 0.277904
vt 0.108879 0.562663
vt 0.121291 0.543997
vt 0.138295 0.553814
vt 0.879190 0.029373
vt 0.484930 0.373437
vt 0.479213 0.331730
vt 0.164301 0.450039
vt 0.149660 0.473923
vt 0.134477 0.453775
vt 0.146832 0.857890
vt 0.121973 0.864767
vt 0.330289 0.502647
vt 0.325095 0.864625
vt 0.061214 0.087187
vt 0.083341 0.086801
vt 0.066855 0.108657
vt 0.696547 0.237306
vt 0.519828 0.324304
vt 0.328808 0.504165
vt 0.704019 0.245384
vt 0.823599 0.717676
vt 0.898559 0.039721
vt 0.511521 0.307624
vt 0.528358 0.623637
vt 0.515631 0.324282
vt 0.819963 0.728833
vt 0.837139 0.703380
vt 0.846075 0.728654
vt 0.993641 0.989209
vt 0.967705 0.970432
vt 0.995907 0.963312
vt 0.327089 0.486267
vt 0.564641 0.193904
vt 0.573737 0.193967
vt 0.561875 0.194488
vt 0.228820 0.030948
vt 0.237862 0.043539
vt 0.219336 0.053630
vt 0.531224 0.201346
vt 0.510116 0.193937
vt 0.109836 0.524786
vt 0.133001 0.513206
vt 0.870225 0.410947
vt 0.863920 0.406945
vt 0.865148 0.399192
vt 0.089083 0.104089
vt 0.831289 0.661477
vt 0.682765 0.152401
vt 0.454777 0.377851
vt 0.457171 0.338785
vt 0.548202 0.630651
vt 0.506933 0.060705
vt 0.538360 0.064826
vt 0.516516 0.074390
vt 0.560686 0.197166
vt 0.137473 0.725289
vt 0.819851 0.695283
vt 0.862868 0.412903
vt 0.886223 0.031337
vt 0.816419 0.929534
vt 0.854045 0.941759
vt 0.811643 0.955929
vt 0.630573 0.185419
vt 0.627929 0.208343
vt 0.622618 0.164926
vt 0.619385 0.186335
vt 0.476325 0.073726
vt 0.225043 0.061999
vt 0.862373 0.420634
vt 0.855486 0.430184
vt 0.841533 0.411639
vt 0.853249 0.408990
vt 0.876074 0.213405
vt 0.730004 0.422036
vt 0.086552 0.650333
vt 0.103677 0.620671
vt 0.102147 0.666095
vt 0.324334 0.877994
vt 0.686312 0.205698
vt 0.893272 0.160730
vt 0.886114 0.184496
vt 0.869700 0.184496
vt 0.330382 0.492590
vt 0.222789 0.078360
vt 0.222200 0.064455
vt 0.233619 0.073499
vt 0.234095 0.069935
vt 0.318960 0.852007
vt 0.784844 0.409760
vt 0.796106 0.416670
vt 0.784884 0.440735
vt 0.965425 0.989144
vt 0.322205 0.478708
vt 0.517506 0.207122
vt 0.508287 0.208739
vt 0.798077 0.118317
vt 0.785626 0.084810
vt 0.821747 0.087970
vt 0.324282 0.873921
vt 0.858438 0.405076
vt 0.067758 0.071997
vt 0.383796 0.788297
vt 0.380829 0.767164
vt 0.394720 0.779539
vt 0.734475 0.287176
vt 0.741242 0.255677
vt 0.157541 0.021225
vt 0.162467 0.043226
vt 0.147008 0.049472
vt 0.326410 0.454334
vt 0.725055 0.291007
vt 0.707337 0.299476
vt 0.871966 0.186646
vt 0.628714 0.156277
vt 0.618113 0.167955
vt 0.226887 0.894699
vt 0.983098 0.879096
vt 0.983098 0.849734
vt 0.993897 0.871563
vt 0.721557 0.300613
vt 0.231717 0.084275
vt 0.745727 0.402691
vt 0.145863 0.529131
vt 0.852947 0.400255
vt 0.867375 0.131217
vt 0.763376 0.072289
vt 0.749638 0.063455
vt 0.763496 0.058316
vt 0.942899 0.265868
vt 0.227605 0.084776
vt 0.706052 0.302039
vt 0.707972 0.303739
vt 0.468187 0.185252
vt 0.457371 0.180796
vt 0.476510 0.179808
vt 0.469619 0.190285
vt 0.455660 0.186188
vt 0.465509 0.192433
vt 0.380826 0.809152
vt 0.394994 0.814309
vt 0.382137 0.858004
vt 0.532170 0.611376
vt 0.316860 0.869791
vt 0.935547 0.969485
vt 0.957352 0.939473
vt 0.978305 0.965038
vt 0.091839 0.719098
vt 0.481760 0.180450
vt 0.809467 0.069173
vt 0.849647 0.401476
vt 0.076727 0.055318
vt 0.783573 0.082916
vt 0.751996 0.080864
vt 0.500495 0.307443
vt 0.145414 0.075692
vt 0.225773 0.092400
vt 0.729675 0.298804
vt 0.242285 0.075995
vt 0.837811 0.400995
vt 0.459866 0.175895
vt 0.451505 0.188612
vt 0.103739 0.090282
vt 0.850554 0.380389
vt 0.466388 0.215778
vt 0.811496 0.402594
vt 0.805044 0.418502
vt 0.608963 0.157472
vt 0.498563 0.310060
vt 0.242263 0.080596
vt 0.732910 0.301482
vt 0.278245 0.226709
vt 0.291456 0.225787
vt 0.284072 0.241327
vt 0.313358 0.852744
vt 0.700743 0.921684
vt 0.666656 0.941752
vt 0.657554 0.922233
vt 0.285705 0.030146
vt 0.278925 0.047402
vt 0.256821 0.028961
vt 0.799933 0.439111
vt 0.518212 0.304479
vt 0.109877 0.860138
vt 0.209191 0.896571
vt 0.220233 0.897682
vt 0.224357 0.903142
vt 0.423553 0.047768
vt 0.386141 0.023866
vt 0.361678 0.037806
vt 0.369004 0.021911
vt 0.344844 0.027770
vt 0.789832 0.071288
vt 0.859918 0.224805
vt 0.154459 0.545451
vt 0.744552 0.796089
vt 0.762140 0.780753
vt 0.765572 0.788554
vt 0.853899 0.709561
vt 0.018570 0.823452
vt 0.027695 0.851536
vt 0.012932 0.839376
vt 0.268665 0.779992
vt 0.212196 0.903407
vt 0.217568 0.919479
vt 0.201409 0.926924
vt 0.712021 0.318349
vt 0.222203 0.896998
vt 0.223945 0.900180
vt 0.245561 0.077530
vt 0.303475 0.969275
vt 0.295914 0.992546
vt 0.289770 0.969801
vt 0.765447 0.412472
vt 0.840805 0.395190
vt 0.147764 0.562423
vt 0.741664 0.106670
vt 0.737653 0.099209
vt 0.638848 0.755412
vt 0.654133 0.752136
vt 0.655825 0.763218
vt 0.217298 0.911334
vt 0.735964 0.289443
vt 0.822791 0.248457
vt 0.808689 0.254197
vt 0.820752 0.246417
vt 0.974111 0.078480
vt 0.738308 0.296843
vt 0.781546 0.613334
vt 0.780489 0.633757
vt 0.778776 0.641100
vt 0.290985 0.640237
vt 0.296688 0.644524
vt 0.286546 0.647012
vt 0.772547 0.799789
vt 0.769546 0.784539
vt 0.775765 0.797586
vt 0.739582 0.300113
vt 0.228180 0.903453
vt 0.539342 0.219102
vt 0.453769 0.177058
vt 0.117411 0.143706
vt 0.103193 0.120372
vt 0.117808 0.120981
vt 0.390831 0.022224
vt 0.415370 0.025673
vt 0.388462 0.037581
vt 0.752881 0.256394
vt 0.765593 0.238239
vt 0.770298 0.265664
vt 0.785543 0.248077
vt 0.746621 0.060575
vt 0.425882 0.362263
vt 0.402619 0.377534
vt 0.423611 0.351308
vt 0.806138 0.253064
vt 0.821966 0.282725
vt 0.788565 0.271011
vt 0.219036 0.917000
vt 0.253988 0.084981
vt 0.299495 0.247528
vt 0.290179 0.261001
vt 0.524307 0.215081
vt 0.489587 0.170854
vt 0.516171 0.185072
vt 0.306275 0.034353
vt 0.441561 0.003495
vt 0.477185 0.003495
vt 0.465931 0.010210
vt 0.846594 0.689539
vt 0.851343 0.699903
vt 0.289418 0.762128
vt 0.228663 0.910388
vt 0.172555 0.051002
vt 0.178743 0.059896
vt 0.168323 0.066663
vt 0.165356 0.055330
vt 0.162916 0.061365
vt 0.159945 0.055452
vt 0.426458 0.075693
vt 0.856710 0.210251
vt 0.390294 0.452115
vt 0.362799 0.481071
vt 0.360264 0.441448
vt 0.382748 0.803073
vt 0.369715 0.798759
vt 0.656364 0.754386
vt 0.816704 0.239217
vt 0.227327 0.914759
vt 0.814848 0.235978
vt 0.805465 0.242176
vt 0.728682 0.324690
vt 0.278087 0.287184
vt 0.558464 0.644169
vt 0.541810 0.632936
vt 0.565769 0.636205
vt 0.178474 0.075095
vt 0.563783 0.666382
vt 0.583887 0.665481
vt 0.781754 0.624582
vt 0.427718 0.060241
vt 0.990068 0.406587
vt 0.969795 0.406587
vt 0.975271 0.403007
vt 0.695162 0.931820
vt 0.955525 0.104186
vt 0.949229 0.110938
vt 0.954428 0.090157
vt 0.074002 0.655489
vt 0.784469 0.223414
vt 0.132237 0.472175
vt 0.859527 0.720994
vt 0.220311 0.921512
vt 0.546036 0.222484
vt 0.452671 0.165035
vt 0.233743 0.557984
vt 0.902809 0.775806
vt 0.884902 0.767560
vt 0.879351 0.762382
vt 0.424291 0.038462
vt 0.369750 0.016750
vt 0.390169 0.016941
vt 0.369220 0.051803
vt 0.357512 0.040304
vt 0.795985 0.058782
vt 0.821814 0.056426
vt 0.444942 0.178657
vt 0.811828 0.435477
vt 0.379773 0.402908
vt 0.365669 0.393134
vt 0.395307 0.400768
vt 0.768984 0.774383
vt 0.642196 0.782113
vt 0.769825 0.327503
vt 0.749035 0.338379
vt 0.758297 0.317869
vt 0.098396 0.844421
vt 0.983958 0.035390
vt 0.998421 0.035390
vt 0.988617 0.051247
vt 0.657453 0.762236
vt 0.228734 0.920094
vt 0.230158 0.916667
vt 0.231810 0.916997
vt 0.736510 0.399112
vt 0.752227 0.401732
vt 0.477269 0.163407
vt 0.501324 0.174577
vt 0.134318 0.170705
vt 0.132055 0.165028
vt 0.137900 0.157308
vt 0.693315 0.048750
vt 0.698718 0.028587
vt 0.722059 0.046892
vt 0.373548 0.810741
vt 0.746288 0.058010
vt 0.368050 0.402834
vt 0.376063 0.410644
vt 0.752030 0.055888
vt 0.230321 0.000045
vt 0.231199 0.005228
vt 0.216559 0.008439
vt 0.245017 0.001642
vt 0.614812 0.939576
vt 0.627668 0.942227
vt 0.620271 0.956314
vt 0.615653 0.927824
vt 0.682689 0.003917
vt 0.675948 0.012725
vt 0.661987 0.011011
vt 0.697288 0.006057
vt 0.272346 0.768236
vt 0.378632 0.003480
vt 0.384212 0.009780
vt 0.368719 0.008493
vt 0.655996 0.776656
vt 0.796779 0.258986
vt 0.147101 0.497587
vt 0.101317 0.851204
vt 0.664693 0.755503
vt 0.800403 0.242259
vt 0.230560 0.920303
vt 0.738439 0.319739
vt 0.134115 0.187202
vt 0.496350 0.168161
vt 0.968138 0.090379
vt 0.963728 0.104105
vt 0.080751 0.668120
vt 0.153274 0.067998
vt 0.824832 0.385204
vt 0.263169 0.058190
vt 0.243407 0.048312
vt 0.753849 0.226298
vt 0.453493 0.382834
vt 0.418380 0.391597
vt 0.440195 0.368549
vt 0.774964 0.773280
vt 0.778604 0.780317
vt 0.226061 0.007900
vt 0.238351 0.004717
vt 0.628263 0.940721
vt 0.631914 0.948623
vt 0.758087 0.341149
vt 0.755505 0.344029
vt 0.986197 0.074743
vt 0.962504 0.081739
vt 0.170643 0.249729
vt 0.162874 0.252181
vt 0.154005 0.245513
vt 0.169987 0.255701
vt 0.993212 0.049787
vt 0.658398 0.775116
vt 0.796091 0.247419
vt 0.665761 0.763760
vt 0.784609 0.638218
vt 0.430159 0.043163
vt 0.591383 0.858822
vt 0.617483 0.856190
vt 0.612818 0.864565
vt 0.641119 0.864809
vt 0.849453 0.450226
vt 0.862513 0.462340
vt 0.851090 0.478655
vt 0.336440 0.027904
vt 0.326047 0.020684
vt 0.883538 0.775199
vt 0.945224 0.126681
vt 0.294441 0.656161
vt 0.747572 0.341223
vt 0.741665 0.335453
vt 0.761001 0.341952
vt 0.973962 0.077094
vt 0.982937 0.074458
vt 0.970908 0.078565
vt 0.140481 0.488779
vt 0.994468 0.421581
vt 0.994681 0.423131
vt 0.984926 0.426682
vt 0.854491 0.708260
vt 0.865793 0.729212
vt 0.616629 0.926418
vt 0.079639 0.131514
vt 0.104079 0.148666
vt 0.078942 0.132036
vt 0.371620 0.010715
vt 0.348044 0.004801
vt 0.179546 0.676721
vt 0.181398 0.677073
vt 0.182343 0.689583
vt 0.788662 0.253809
vt 0.667283 0.772834
vt 0.793574 0.245727
vt 0.668694 0.766397
vt 0.666672 0.755836
vt 0.814164 0.215072
vt 0.679065 0.760656
vt 0.668168 0.751981
vt 0.245973 0.889033
vt 0.542274 0.657789
vt 0.175120 0.085067
vt 0.446483 0.172070
vt 0.093136 0.137138
vt 0.301737 0.625250
vt 0.308270 0.622675
vt 0.301806 0.632208
vt 0.403974 0.406795
vt 0.471293 0.403314
vt 0.424823 0.416970
vt 0.147718 0.239163
vt 0.145091 0.240394
vt 0.235694 0.006215
vt 0.965626 0.079282
vt 0.126086 0.462909
vt 0.134668 0.479382
vt 0.128697 0.468933
vt 0.723375 0.012601
vt 0.688275 0.012601
vt 0.690062 0.011383
vt 0.595937 0.581339
vt 0.589933 0.581222
vt 0.570474 0.559661
vt 0.602061 0.582061
vt 0.853758 0.701478
vt 0.847714 0.688476
vt 0.847497 0.677543
vt 0.218297 0.014546
vt 0.626203 0.934108
vt 0.635508 0.950502
vt 0.078880 0.135018
vt 0.074928 0.111246
vt 0.184216 0.689389
vt 0.171996 0.712174
vt 0.738422 0.341114
vt 0.075050 0.133028
vt 0.063483 0.144068
vt 0.189216 0.684812
vt 0.619557 0.923887
vt 0.635387 0.933205
vt 0.662125 0.782021
vt 0.741453 0.348091
vt 0.732938 0.339507
vt 0.186423 0.675293
vt 0.189330 0.679445
vt 0.673994 0.775717
vt 0.885944 0.146086
vt 0.884578 0.138453
vt 0.891576 0.146858
vt 0.186359 0.084930
vt 0.179700 0.095295
vt 0.551710 0.677899
vt 0.718139 0.029751
vt 0.754066 0.029196
vt 0.079940 0.114236
vt 0.095025 0.105437
vt 0.907253 0.785924
vt 0.748293 0.390262
vt 0.765629 0.381480
vt 0.513911 0.167163
vt 0.407815 0.799546
vt 0.421793 0.339913
vt 0.397801 0.356957
vt 0.154008 0.248553
vt 0.167044 0.256211
vt 0.165722 0.257421
vt 0.844581 0.989130
vt 0.816108 0.989130
vt 0.844684 0.987865
vt 0.230451 0.018239
vt 0.748682 0.352276
vt 0.970788 0.073995
vt 0.990730 0.067650
vt 0.141186 0.247993
vt 0.007190 0.918447
vt 0.007190 0.939192
vt 0.001620 0.914454
vt 0.607109 0.585263
vt 0.183639 0.707197
vt 0.134014 0.487251
vt 0.236857 0.987511
vt 0.233538 0.999896
vt 0.232551 0.983951
vt 0.999900 0.426247
vt 0.154497 0.259348
vt 0.584619 0.591815
vt 0.570785 0.603824
vt 0.641622 0.942894
vt 0.120728 0.464183
vt 0.622025 0.581275
vt 0.637064 0.583124
vt 0.242197 0.010509
vt 0.189355 0.691431
vt 0.749886 0.359565
vt 0.764830 0.376232
vt 0.351633 0.988232
vt 0.352295 0.990156
vt 0.338679 0.979591
vt 0.131266 0.485460
vt 0.120574 0.466697
vt 0.478197 0.022731
vt 0.484794 0.019701
vt 0.478408 0.025122
vt 0.999492 0.661047
vt 0.998060 0.659615
vt 0.998218 0.642428
vt 0.136293 0.248049
vt 0.147581 0.278006
vt 0.002054 0.925451
vt 0.594556 0.590628
vt 0.575976 0.599663
vt 0.609729 0.586294
vt 0.056055 0.518348
vt 0.056646 0.517119
vt 0.070210 0.517119
vt 0.235643 0.017301
vt 0.230226 0.019922
vt 0.243157 0.012279
vt 0.638294 0.932743
vt 0.642632 0.942051
vt 0.473722 0.995948
vt 0.470119 0.994911
vt 0.487375 0.993907
vt 0.067944 0.136557
vt 0.058427 0.148302
vt 0.188646 0.701155
vt 0.192152 0.688651
vt 0.739287 0.348522
vt 0.752519 0.365151
vt 0.342667 0.983404
vt 0.353779 0.992065
vt 0.121365 0.469584
vt 0.463699 0.019179
vt 0.479137 0.026281
vt 0.141835 0.267782
vt 0.125980 0.228215
vt 0.636362 0.922706
vt 0.481287 0.992927
vt 0.460740 0.991235
vt 0.190647 0.702382
vt 0.183348 0.710545
vt 0.244786 0.925584
vt 0.192217 0.093673
vt 0.185673 0.105669
vt 0.568164 0.676255
vt 0.872834 0.775485
vt 0.150016 0.373166
vt 0.155142 0.353757
vt 0.164275 0.368174
vt 0.722056 0.104529
vt 0.726353 0.090560
vt 0.732428 0.074222
vt 0.775477 0.768759
vt 0.788987 0.224759
vt 0.741501 0.365411
vt 0.349155 0.992998
vt 0.470152 0.028491
vt 0.128955 0.278883
vt 0.008183 0.745252
vt 0.000138 0.739223
vt 0.007814 0.733848
vt 0.832401 0.964809
vt 0.822318 0.968858
vt 0.813560 0.957955
vt 0.000280 0.761502
vt 0.056489 0.512721
vt 0.234081 0.026877
vt 0.647449 0.932963
vt 0.659784 0.953714
vt 0.474833 0.981046
vt 0.200238 0.690684
vt 0.145522 0.084721
vt 0.758407 0.375154
vt 0.122025 0.168947
vt 0.131354 0.157581
vt 0.353015 0.057632
vt 0.347971 0.055467
vt 0.410352 0.435333
vt 0.410833 0.779711
vt 0.428406 0.365880
vt 0.403196 0.384039
vt 0.480771 0.035333
vt 0.836387 0.974988
vt 0.073560 0.511052
vt 0.691548 0.783507
vt 0.793283 0.624065
vt 0.435128 0.165315
vt 0.424870 0.186709
vt 0.449771 0.191752
vt 0.436533 0.199221
vt 0.426652 0.189620
vt 0.252772 0.070364
vt 0.398684 0.812866
vt 0.395080 0.373750
vt 0.730969 0.358441
vt 0.499749 0.029127
vt 0.843318 0.968425
vt 0.902229 0.162461
vt 0.552685 0.685401
vt 0.313328 0.627415
vt 0.316253 0.605699
vt 0.764046 0.773056
vt 0.336872 0.983122
vt 0.456729 0.021723
vt 0.649117 0.913975
vt 0.203091 0.716855
vt 0.713978 0.335719
vt 0.122412 0.181817
vt 0.420940 0.411937
vt 0.145921 0.746005
vt 0.171345 0.758479
vt 0.149035 0.758104
vt 0.404094 0.394797
vt 0.917759 0.285701
vt 0.908477 0.274639
vt 0.914888 0.233144
vt 0.499085 0.157571
vt 0.180745 0.367615
vt 0.177281 0.351591
vt 0.206322 0.373902
vt 0.304720 0.655103
vt 0.275409 0.078234
vt 0.867194 0.438953
vt 0.851822 0.432229
vt 0.309334 0.641224
vt 0.410421 0.170107
vt 0.397610 0.128216
vt 0.380872 0.143409
vt 0.381568 0.127344
vt 0.729348 0.059413
vt 0.184565 0.992079
vt 0.196192 0.976077
vt 0.196248 0.997002
vt 0.903573 0.150632
vt 0.741947 0.329737
vt 0.902093 0.141158
vt 0.287978 0.951046
vt 0.287978 0.909943
vt 0.305757 0.924933
vt 0.116462 0.174998
vt 0.105370 0.157296
vt 0.090958 0.437610
vt 0.103198 0.422657
vt 0.099342 0.437886
vt 0.459431 0.032004
vt 0.968438 0.224269
vt 0.978805 0.246588
vt 0.965672 0.232783
vt 0.155781 0.097125
vt 0.092119 0.457145
vt 0.516615 0.149680
vt 0.503492 0.952050
vt 0.491302 0.982793
vt 0.490478 0.950911
vt 0.130304 0.206385
vt 0.008733 0.649762
vt 0.008733 0.677698
vt 0.000567 0.664843
vt 0.516456 0.666103
vt 0.535833 0.685713
vt 0.499831 0.980641
vt 0.780371 0.194933
vt 0.714341 0.361414
vt 0.725379 0.384040
vt 0.997825 0.850125
vt 0.986512 0.850125
vt 0.991517 0.841994
vt 0.821619 0.979392
vt 0.988668 0.232264
vt 0.168332 0.111712
vt 0.741690 0.385097
vt 0.419855 0.465818
vt 0.803024 0.471610
vt 0.435922 0.439823
vt 0.572914 0.993409
vt 0.572914 0.971839
vt 0.581271 0.987701
vt 0.017897 0.269795
vt 0.008045 0.283864
vt 0.008456 0.256028
vt 0.874073 0.933644
vt 0.851049 0.936208
vt 0.860423 0.925762
vt 0.330690 0.755695
vt 0.318413 0.746920
vt 0.334158 0.747653
vt 0.432253 0.020571
vt 0.443420 0.036520
vt 0.432904 0.060193
vt 0.244742 0.366299
vt 0.251588 0.341798
vt 0.256292 0.352534
vt 0.256158 0.376839
vt 0.246910 0.378775
vt 0.228881 0.217094
vt 0.229828 0.199442
vt 0.241543 0.190850
vt 0.772552 0.758703
vt 0.777995 0.760526
vt 0.491585 0.050309
vt 0.482802 0.047008
vt 0.910864 0.159857
vt 0.906999 0.178021
vt 0.900055 0.130234
vt 0.870333 0.469535
vt 0.257142 0.402206
vt 0.248874 0.399505
vt 0.505143 0.144719
vt 0.067100 0.505360
vt 0.270895 0.340793
vt 0.270895 0.317602
vt 0.279764 0.339906
vt 0.517346 0.142602
vt 0.319345 0.628820
vt 0.384733 0.095569
vt 0.724501 0.055836
vt 0.527541 0.470965
vt 0.503291 0.477603
vt 0.520004 0.464641
vt 0.523255 0.477123
vt 0.486670 0.487513
vt 0.209038 0.881951
vt 0.241049 0.887602
vt 0.232921 0.894119
vt 0.283599 0.646871
vt 0.279189 0.663329
vt 0.270220 0.635087
vt 0.215303 0.697553
vt 0.218178 0.675215
vt 0.115902 0.188644
vt 0.311696 0.656778
vt 0.297431 0.663283
vt 0.174572 0.777666
vt 0.260880 0.194952
vt 0.254217 0.173598
vt 0.519702 0.448312
vt 0.488713 0.456547
vt 0.496011 0.448033
vt 0.532579 0.453232
vt 0.495684 0.475787
vt 0.423236 0.802141
vt 0.417224 0.784339
vt 0.516167 0.486723
vt 0.280744 0.303538
vt 0.876930 0.452774
vt 0.511480 0.950638
vt 0.322852 0.645492
vt 0.151556 0.333453
vt 0.412498 0.215837
vt 0.408460 0.192380
vt 0.532954 0.487960
vt 0.515946 0.503527
vt 0.468389 0.042697
vt 0.223010 0.876708
vt 0.083653 0.505824
vt 0.843130 0.925759
vt 0.830283 0.930839
vt 0.991123 0.250346
vt 0.909501 0.146291
vt 0.279217 0.365087
vt 0.046397 0.018669
vt 0.046397 0.057689
vt 0.036814 0.035214
vt 0.876202 0.424429
vt 0.085897 0.447591
vt 0.081335 0.432554
vt 0.785061 0.761084
vt 0.259390 0.880859
vt 0.697135 0.341763
vt 0.962526 0.248748
vt 0.089527 0.467700
vt 0.570528 0.951649
vt 0.570528 0.982271
vt 0.559183 0.972947
vt 0.412020 0.122208
vt 0.409497 0.140424
vt 0.241774 0.169502
vt 0.084558 0.921856
vt 0.077844 0.914324
vt 0.076143 0.906491
vt 0.283833 0.688133
vt 0.276411 0.673402
vt 0.221219 0.687754
vt 0.957972 0.260395
vt 0.312862 0.516840
vt 0.311627 0.509902
vt 0.327920 0.510636
vt 0.073992 0.440921
vt 0.389642 0.189754
vt 0.388070 0.216066
vt 0.394334 0.096932
vt 0.481629 0.468612
vt 0.449587 0.030772
vt 0.455736 0.040036
vt 0.071981 0.502027
vt 0.268775 0.649182
vt 0.227417 0.697447
vt 0.906239 0.131022
vt 0.319481 0.722505
vt 0.286595 0.527786
vt 0.285642 0.516635
vt 0.311099 0.524365
vt 0.096317 0.012488
vt 0.074510 0.012488
vt 0.077119 0.002686
vt 0.385024 0.200361
vt 0.383135 0.194265
vt 0.511137 0.533401
vt 0.487469 0.518016
vt 0.485590 0.496182
vt 0.236582 0.872400
vt 0.091447 0.502701
vt 0.275941 0.686250
vt 0.914280 0.154983
vt 0.181573 0.334903
vt 0.308892 0.664982
vt 0.054976 0.899470
vt 0.055482 0.881200
vt 0.071046 0.903101
vt 0.098382 0.895482
vt 0.480735 0.483569
vt 0.705121 0.362312
vt 0.735589 0.967027
vt 0.709084 0.965738
vt 0.720709 0.959770
vt 0.695132 0.956295
vt 0.480475 0.053198
vt 0.057442 0.501887
vt 0.498591 0.577206
vt 0.494565 0.570632
vt 0.506304 0.566006
vt 0.008672 0.807453
vt 0.003076 0.786568
vt 0.008232 0.780897
vt 0.154258 0.113951
vt 0.305996 0.730238
vt 0.306028 0.755783
vt 0.418887 0.229372
vt 0.270596 0.371025
vt 0.474051 0.395625
vt 0.501328 0.428541
vt 0.472430 0.456481
vt 0.233125 0.173462
vt 0.144589 0.581158
vt 0.139214 0.603371
vt 0.129363 0.603715
vt 0.081764 0.499167
vt 0.265789 0.654925
vt 0.271954 0.671443
vt 0.510323 0.572768
vt 0.900399 0.122517
vt 0.111950 0.174291
vt 0.091803 0.174397
vt 0.087268 0.151065
vt 0.079539 0.454655
vt 0.270677 0.400339
vt 0.163135 0.317728
vt 0.914150 0.922074
vt 0.886246 0.918487
vt 0.898062 0.902901
vt 0.196034 0.747870
vt 0.195116 0.771590
vt 0.013997 0.184762
vt 0.003135 0.201489
vt 0.011764 0.176387
vt 0.290370 0.736622
vt 0.696438 0.823665
vt 0.666305 0.823665
vt 0.701179 0.791382
vt 0.990878 0.905479
vt 0.985358 0.888490
vt 0.998978 0.887473
vt 0.730069 0.985823
vt 0.734511 0.999493
vt 0.718255 0.996821
vt 0.945204 0.014623
vt 0.955072 0.001040
vt 0.960817 0.011344
vt 0.038339 0.425817
vt 0.066898 0.405567
vt 0.066124 0.428248
vt 0.738544 0.960202
vt 0.718455 0.952254
vt 0.064778 0.498307
vt 0.454700 0.010179
vt 0.419015 0.010179
vt 0.428259 0.003526
vt 0.968568 0.263739
vt 0.916502 0.137779
vt 0.291680 0.755557
vt 0.108368 0.180752
vt 0.868523 0.906576
vt 0.870446 0.920463
vt 0.405118 0.095455
vt 0.376217 0.210252
vt 0.374997 0.192167
vt 0.053922 0.498788
vt 0.513341 0.664602
vt 0.500784 0.655771
vt 0.510615 0.645228
vt 0.269114 0.343954
vt 0.099027 0.500106
vt 0.533034 0.559134
vt 0.532474 0.567883
vt 0.491600 0.135058
vt 0.464136 0.125062
vt 0.503270 0.121811
vt 0.521128 0.129389
vt 0.066042 0.150794
vt 0.445410 0.953103
vt 0.444099 0.968092
vt 0.426780 0.953391
vt 0.664049 0.543407
vt 0.670645 0.575520
vt 0.644650 0.556990
vt 0.054913 0.993071
vt 0.054913 0.971687
vt 0.078224 0.981605
vt 0.860543 0.937422
vt 0.893918 0.938078
vt 0.871992 0.961974
vt 0.099281 0.591214
vt 0.090329 0.578429
vt 0.109126 0.575342
vt 0.053355 0.915372
vt 0.460065 0.054732
vt 0.020780 0.054386
vt 0.030764 0.026955
vt 0.033062 0.061640
vt 0.285350 0.502464
vt 0.661183 0.475252
vt 0.650397 0.419331
vt 0.676813 0.432401
vt 0.900103 0.962236
vt 0.318254 0.664214
vt 0.640136 0.408878
vt 0.657364 0.409249
vt 0.074480 0.489958
vt 0.516799 0.586619
vt 0.475179 0.105406
vt 0.922916 0.154486
vt 0.494554 0.645908
vt 0.271065 0.541227
vt 0.219935 0.195702
vt 0.198671 0.785077
vt 0.065359 0.922031
vt 0.058479 0.917059
vt 0.031916 0.506063
vt 0.020082 0.489775
vt 0.043428 0.498235
vt 0.710155 0.936057
vt 0.439556 0.052505
vt 0.164322 0.587975
vt 0.258781 0.674782
vt 0.612507 0.999994
vt 0.602559 0.986301
vt 0.625537 0.988297
vt 0.281751 0.761461
vt 0.279160 0.740112
vt 0.914386 0.128769
vt 0.273477 0.505178
vt 0.599210 0.258947
vt 0.639121 0.265503
vt 0.627987 0.280962
vt 0.392076 0.227687
vt 0.423578 0.103056
vt 0.444384 0.120650
vt 0.424908 0.122497
vt 0.383299 0.215692
vt 0.733764 0.938595
vt 0.764522 0.921414
vt 0.763865 0.932744
vt 0.638957 0.394542
vt 0.655575 0.393829
vt 0.634003 0.390337
vt 0.656725 0.385682
vt 0.320307 0.755424
vt 0.348835 0.764457
vt 0.327725 0.767295
vt 0.673566 0.779370
vt 0.071201 0.168888
vt 0.382118 0.218216
vt 0.219786 0.157845
vt 0.633016 0.360903
vt 0.655893 0.377814
vt 0.635038 0.381562
vt 0.599642 0.533892
vt 0.600866 0.542201
vt 0.594856 0.541072
vt 0.149763 0.636169
vt 0.099773 0.489632
vt 0.917765 0.131206
vt 0.925995 0.127169
vt 0.312109 0.496032
vt 0.038580 0.406559
vt 0.055905 0.489484
vt 0.533213 0.578992
vt 0.557837 0.565701
vt 0.270835 0.748506
vt 0.672088 0.415055
vt 0.417894 0.965914
vt 0.193287 0.974144
vt 0.179899 0.992572
vt 0.162562 0.977150
vt 0.737484 0.952302
vt 0.045508 0.486588
vt 0.021618 0.472890
vt 0.252663 0.655354
vt 0.505324 0.104836
vt 0.527053 0.110265
vt 0.686874 0.441123
vt 0.708459 0.430401
vt 0.705988 0.451123
vt 0.933998 0.250365
vt 0.945610 0.223888
vt 0.963228 0.229613
vt 0.920766 0.224731
vt 0.646810 0.349515
vt 0.583284 0.552805
vt 0.574898 0.539467
vt 0.635404 0.521497
vt 0.641243 0.536525
vt 0.631367 0.529106
vt 0.408237 0.954419
vt 0.674210 0.402215
vt 0.785836 0.098306
vt 0.796163 0.122896
vt 0.764414 0.113015
vt 0.649286 0.792645
vt 0.751504 0.093036
vt 0.558369 0.142506
vt 0.565741 0.165781
vt 0.541434 0.162019
vt 0.611035 0.521652
vt 0.608365 0.547716
vt 0.500598 0.596861
vt 0.018301 0.769591
vt 0.035532 0.793307
vt 0.014884 0.792309
vt 0.334791 0.601945
vt 0.321776 0.594774
vt 0.336038 0.580707
vt 0.890672 0.885562
vt 0.624093 0.527343
vt 0.624417 0.545768
vt 0.074890 0.607456
vt 0.613247 0.297539
vt 0.583008 0.305796
vt 0.581335 0.287633
vt 0.837648 0.411191
vt 0.847619 0.432946
vt 0.837966 0.444449
vt 0.249696 0.691883
vt 0.550874 0.589455
vt 0.141162 0.618703
vt 0.125138 0.657313
vt 0.105812 0.630189
vt 0.910094 0.790216
vt 0.921180 0.821704
vt 0.899773 0.807749
vt 0.122858 0.608465
vt 0.101727 0.608701
vt 0.589725 0.391677
vt 0.597466 0.420328
vt 0.588381 0.427893
vt 0.888446 0.810805
vt 0.895437 0.789440
vt 0.953917 0.262162
vt 0.670153 0.381274
vt 0.296436 0.710883
vt 0.270710 0.479331
vt 0.615707 0.304427
vt 0.649341 0.308236
vt 0.685144 0.403416
vt 0.059173 0.384772
vt 0.251355 0.956553
vt 0.241963 0.985689
vt 0.233089 0.965859
vt 0.599743 0.560223
vt 0.091027 0.998830
vt 0.073645 0.998223
vt 0.085449 0.980122
vt 0.654140 0.258088
vt 0.657924 0.278642
vt 0.667656 0.267860
vt 0.634292 0.549194
vt 0.105738 0.669599
vt 0.518493 0.718067
vt 0.542255 0.724007
vt 0.530016 0.754278
vt 0.995970 0.004253
vt 0.987026 0.017666
vt 0.970256 0.003594
vt 0.536404 0.278258
vt 0.513540 0.286393
vt 0.535934 0.265334
vt 0.589462 0.160404
vt 0.608039 0.564515
vt 0.230224 0.961849
vt 0.676325 0.372879
vt 0.124844 0.712468
vt 0.099611 0.717949
vt 0.114674 0.677232
vt 0.098006 0.669227
vt 0.685466 0.626238
vt 0.682443 0.596422
vt 0.699193 0.604937
vt 0.308790 0.771239
vt 0.293847 0.763172
vt 0.471112 0.668128
vt 0.358541 0.592487
vt 0.692202 0.555645
vt 0.910437 0.890838
vt 0.514038 0.086185
vt 0.360923 0.923531
vt 0.382982 0.925264
vt 0.375345 0.947445
vt 0.498306 0.266629
vt 0.087039 0.192370
vt 0.001434 0.709410
vt 0.004855 0.698533
vt 0.016990 0.716260
vt 0.678798 0.382521
vt 0.588005 0.570035
vt 0.573292 0.557505
vt 0.469762 0.087027
vt 0.225321 0.786952
vt 0.227240 0.772569
vt 0.250974 0.765764
vt 0.844528 0.466929
vt 0.469398 0.633822
vt 0.491262 0.635042
vt 0.922222 0.425317
vt 0.965198 0.424056
vt 0.945552 0.440511
vt 0.571908 0.515343
vt 0.582537 0.487638
vt 0.595896 0.532944
vt 0.676341 0.529479
vt 0.646262 0.551463
vt 0.601235 0.449128
vt 0.221969 0.973952
vt 0.965820 0.494493
vt 0.988169 0.494493
vt 0.970041 0.530470
vt 0.524056 0.596045
vt 0.690955 0.428248
vt 0.065240 0.181689
vt 0.355605 0.573260
vt 0.941216 0.805987
vt 0.843541 0.300574
vt 0.824348 0.285031
vt 0.856350 0.278519
vt 0.021377 0.720734
vt 0.027237 0.715734
vt 0.701461 0.632967
vt 0.396521 0.950939
vt 0.602302 0.486026
vt 0.453576 0.276316
vt 0.440592 0.267012
vt 0.444665 0.249467
vt 0.634108 0.565841
vt 0.109541 0.991643
vt 0.086739 0.976297
vt 0.109541 0.974583
vt 0.754004 0.131443
vt 0.547299 0.744888
vt 0.376617 0.250482
vt 0.404795 0.265961
vt 0.381658 0.273207
vt 0.620610 0.451158
vt 0.592394 0.455527
vt 0.943599 0.260202
vt 0.930542 0.275762
vt 0.928950 0.251715
vt 0.540211 0.595830
vt 0.329043 0.785447
vt 0.070500 0.991336
vt 0.671833 0.281877
vt 0.619912 0.569511
vt 0.712857 0.575086
vt 0.582278 0.170101
vt 0.581568 0.447173
vt 0.573151 0.426462
vt 0.402271 0.251341
vt 0.013823 0.733185
vt 0.706140 0.919662
vt 0.660478 0.919662
vt 0.687613 0.906574
vt 0.707284 0.370449
vt 0.711756 0.387383
vt 0.698995 0.366792
vt 0.483638 0.275953
vt 0.480378 0.264995
vt 0.000173 0.728203
vt 0.615121 0.459697
vt 0.722455 0.906597
vt 0.740976 0.915234
vt 0.717835 0.915033
vt 0.960428 0.437040
vt 0.724809 0.436806
vt 0.725522 0.423390
vt 0.153541 0.973264
vt 0.139811 0.992161
vt 0.130845 0.972107
vt 0.823070 0.303521
vt 0.378461 0.760614
vt 0.394255 0.722688
vt 0.413626 0.757773
vt 0.385457 0.240897
vt 0.407790 0.283356
vt 0.410646 0.261333
vt 0.688934 0.379153
vt 0.695147 0.907984
vt 0.602119 0.482683
vt 0.611045 0.490074
vt 0.930718 0.784169
vt 0.339631 0.564232
vt 0.356564 0.978580
vt 0.378629 0.978580
vt 0.374586 0.992541
vt 0.072549 0.346863
vt 0.082939 0.330810
vt 0.100704 0.351848
vt 0.604577 0.469048
vt 0.594933 0.460330
vt 0.569063 0.290384
vt 0.414571 0.271964
vt 0.203750 0.782180
vt 0.806415 0.990056
vt 0.798418 0.988932
vt 0.813917 0.968828
vt 0.123641 0.678728
vt 0.714377 0.635101
vt 0.398987 0.941294
vt 0.976332 0.018341
vt 0.995149 0.033116
vt 0.304104 0.775288
vt 0.507291 0.763668
vt 0.506831 0.742888
vt 0.514539 0.763432
vt 0.680281 0.272134
vt 0.703894 0.417103
vt 0.096489 0.991229
vt 0.743535 0.114568
vt 0.105280 0.338711
vt 0.111475 0.359273
vt 0.981898 0.527497
vt 0.924128 0.263558
vt 0.562214 0.598477
vt 0.429896 0.271306
vt 0.433477 0.254315
vt 0.418322 0.255936
vt 0.566341 0.728465
vt 0.909052 0.774195
vt 0.707901 0.599077
vt 0.381969 0.908581
vt 0.925366 0.287254
vt 0.998830 0.790498
vt 0.990045 0.797612
vt 0.985997 0.781928
vt 0.424242 0.743174
vt 0.852188 0.975012
vt 0.860907 0.948179
vt 0.871258 0.985253
vt 0.566774 0.316965
vt 0.385803 0.228244
vt 0.409712 0.243845
vt 0.729782 0.387038
vt 0.713439 0.398061
vt 0.217039 0.765744
vt 0.521176 0.757980
vt 0.465623 0.625068
vt 0.458759 0.652037
vt 0.442520 0.236298
vt 0.676761 0.421508
vt 0.078830 0.199671
vt 0.324434 0.566001
vt 0.703641 0.550998
vt 0.331328 0.903575
vt 0.339606 0.922167
vt 0.306013 0.896844
vt 0.579123 0.323687
vt 0.575077 0.454185
vt 0.562467 0.295778
vt 0.248498 0.754409
vt 0.131069 0.680505
vt 0.714858 0.598732
vt 0.724919 0.619708
vt 0.901435 0.386167
vt 0.894690 0.407422
vt 0.884290 0.397755
vt 0.889025 0.434160
vt 0.881690 0.421137
vt 0.491622 0.286181
vt 0.578724 0.482430
vt 0.582977 0.465922
vt 0.460659 0.276381
vt 0.467118 0.278395
vt 0.468955 0.290733
vt 0.976641 0.790916
vt 0.976641 0.763685
vt 0.982391 0.802639
vt 0.715115 0.569930
vt 0.123293 0.667989
vt 0.151238 0.657875
vt 0.800271 0.975795
vt 0.457450 0.225699
vt 0.571754 0.479488
vt 0.435414 0.238712
vt 0.422886 0.230388
vt 0.923848 0.772474
vt 0.986606 0.793630
vt 0.818638 0.319621
vt 0.820962 0.287425
vt 0.421375 0.729975
vt 0.703853 0.541954
vt 0.749182 0.136118
vt 0.735249 0.113332
vt 0.713872 0.104890
vt 0.870207 0.965706
vt 0.317771 0.888012
vt 0.345029 0.892818
vt 0.316032 0.894570
vt 0.502341 0.295675
vt 0.687230 0.388234
vt 0.701335 0.396794
vt 0.519720 0.747142
vt 0.513739 0.718583
vt 0.948751 0.459448
vt 0.478217 0.270255
vt 0.478695 0.277272
vt 0.469489 0.279104
vt 0.467075 0.270754
vt 0.573425 0.455352
vt 0.937734 0.777986
vt 0.681101 0.416266
vt 0.722006 0.418372
vt 0.005765 0.828053
vt 0.004291 0.802392
vt 0.008112 0.823020
vt 0.983222 0.788161
vt 0.791431 0.007153
vt 0.761188 0.008839
vt 0.776984 0.005889
vt 0.361054 0.570848
vt 0.395339 0.715212
vt 0.592299 0.164997
vt 0.551697 0.745401
vt 0.338602 0.926945
vt 0.312667 0.906914
vt 0.077799 0.320150
vt 0.101036 0.332145
vt 0.120029 0.338602
vt 0.567672 0.336001
vt 0.561570 0.315829
vt 0.559046 0.299078
vt 0.561226 0.282065
vt 0.603640 0.149014
vt 0.297164 0.894661
vt 0.568751 0.941283
vt 0.561968 0.960631
vt 0.559003 0.921894
vt 0.032045 0.436824
vt 0.066340 0.436824
vt 0.048576 0.446191
vt 0.255787 0.516809
vt 0.277367 0.514167
vt 0.249270 0.524917
vt 0.404618 0.938380
vt 0.919587 0.274283
vt 0.918369 0.235507
vt 0.034770 0.069856
vt 0.036692 0.054202
vt 0.045689 0.084128
vt 0.983578 0.481565
vt 0.981947 0.473893
vt 0.997495 0.479638
vt 0.545768 0.294359
vt 0.548243 0.285173
vt 0.547629 0.296967
vt 0.556399 0.288675
vt 0.475337 0.293356
vt 0.699455 0.413600
vt 0.711397 0.413447
vt 0.783291 0.009775
vt 0.346641 0.559912
vt 0.818924 0.289594
vt 0.395060 0.710263
vt 0.711672 0.554488
vt 0.119346 0.929870
vt 0.114592 0.932070
vt 0.098080 0.929158
vt 0.098218 0.931907
vt 0.087628 0.931598
vt 0.598537 0.158032
vt 0.577934 0.726490
vt 0.585603 0.983916
vt 0.598557 0.982490
vt 0.618371 0.984224
vt 0.089923 0.322590
vt 0.564018 0.329601
vt 0.996003 0.669697
vt 0.996003 0.701326
vt 0.986375 0.684775
vt 0.226837 0.382124
vt 0.237522 0.342248
vt 0.243550 0.402246
vt 0.044289 0.071766
vt 0.037471 0.044605
vt 0.877731 0.403920
vt 0.519918 0.733389
vt 0.526841 0.299501
vt 0.540955 0.302460
vt 0.492248 0.297449
vt 0.551790 0.284020
vt 0.479745 0.297000
vt 0.929951 0.770073
vt 0.556631 0.310241
vt 0.725751 0.417074
vt 0.004125 0.824971
vt 0.506017 0.008822
vt 0.470488 0.011077
vt 0.478738 0.008822
vt 0.314347 0.552234
vt 0.326452 0.555970
vt 0.357330 0.564094
vt 0.001951 0.819107
vt 0.001951 0.844623
vt 0.000007 0.823642
vt 0.401690 0.711321
vt 0.422513 0.723746
vt 0.437007 0.732127
vt 0.752529 0.152191
vt 0.742305 0.128253
vt 0.730535 0.112717
vt 0.594164 0.166872
vt 0.605899 0.186422
vt 0.562033 0.740619
vt 0.976749 0.937355
vt 0.975149 0.917322
vt 0.978695 0.926700
vt 0.619488 0.982452
vt 0.078363 0.317904
vt 0.103705 0.329941
vt 0.919287 0.169251
vt 0.928135 0.153217
vt 0.931255 0.158218
vt 0.931626 0.135039
vt 0.559003 0.941972
vt 0.814128 0.421923
vt 0.814128 0.396115
vt 0.816318 0.428330
vt 0.815659 0.460958
vt 0.242417 0.357679
vt 0.231688 0.512223
vt 0.249189 0.526558
vt 0.718141 0.598719
vt 0.910198 0.704277
vt 0.908464 0.707686
vt 0.885168 0.703579
vt 0.857791 0.705857
vt 0.015814 0.494743
vt 0.013786 0.473823
vt 0.015494 0.464141
vt 0.503695 0.303969
vt 0.691487 0.395785
vt 0.506185 0.299293
vt 0.550781 0.305801
vt 0.940861 0.775315
vt 0.683853 0.414804
vt 0.117695 0.334384
vt 0.568018 0.342507
vt 0.645979 0.823647
vt 0.609615 0.823647
vt 0.650370 0.822303
vt 0.892922 0.004041
vt 0.891075 0.006201
vt 0.881693 0.005381
vt 0.894562 0.881089
vt 0.886396 0.876842
vt 0.881233 0.866894
vt 0.881101 0.870785
vt 0.878844 0.863407
vt 0.876596 0.848727
vt 0.729022 0.401721
vt 0.721000 0.403209
vt 0.933174 0.146586
vt 0.116823 0.359037
vt 0.115656 0.390870
vt 0.115391 0.340897
vt 0.117804 0.377905
vt 0.039643 0.998287
vt 0.031314 0.999755
vt 0.021541 0.998788
vt 0.319948 0.809242
vt 0.360124 0.809242
vt 0.308011 0.810916
vt 0.864007 0.151243
vt 0.865749 0.149781
vt 0.863081 0.204600
vt 0.232899 0.514242
vt 0.242407 0.523349
vt 0.242012 0.562177
vt 0.726557 0.614487
vt 0.740954 0.624739
vt 0.017173 0.464577
vt 0.046483 0.071693
vt 0.881929 0.438991
vt 0.523625 0.757846
vt 0.532817 0.768446
vt 0.711913 0.402260
vt 0.524309 0.303192
vt 0.041795 0.996479
vt 0.052664 0.981520
vt 0.044499 0.998902
vt 0.394151 0.956926
vt 0.399619 0.965025
vt 0.392246 0.970264
vt 0.401611 0.951139
vt 0.403336 0.965746
vt 0.406200 0.955020
vt 0.469675 0.303623
vt 0.708443 0.409870
vt 0.403633 0.981820
vt 0.406579 0.970886
vt 0.723842 0.413650
vt 0.001766 0.052078
vt 0.000192 0.054804
vt 0.000418 0.030365
vt 0.479956 0.012226
vt 0.769031 0.969535
vt 0.761551 0.966616
vt 0.775992 0.965648
vt 0.777554 0.966752
vt 0.325499 0.553728
vt 0.349739 0.556954
vt 0.856952 0.016604
vt 0.847983 0.015820
vt 0.893084 0.014959
vt 0.661065 0.820504
vt 0.434857 0.942517
vt 0.438276 0.933281
vt 0.446028 0.932820
vt 0.446343 0.928989
vt 0.462883 0.940754
vt 0.911258 0.005302
vt 0.873847 0.849939
vt 0.090643 0.933886
vt 0.114798 0.934504
vt 0.603370 0.157207
vt 0.595195 0.168375
vt 0.978749 0.954479
vt 0.977078 0.951268
vt 0.973939 0.934443
vt 0.971687 0.916843
vt 0.598839 0.980534
vt 0.419746 0.887570
vt 0.415327 0.902992
vt 0.417610 0.876810
vt 0.088350 0.318529
vt 0.101499 0.323917
vt 0.827015 0.011508
vt 0.824953 0.008869
vt 0.837384 0.007865
vt 0.807257 0.012536
vt 0.934281 0.160514
vt 0.940755 0.179634
vt 0.938215 0.134806
vt 0.114207 0.354425
vt 0.367860 0.529724
vt 0.360143 0.535091
vt 0.336779 0.541227
vt 0.464877 0.947645
vt 0.487588 0.954870
vt 0.456456 0.949976
vt 0.338014 0.811414
vt 0.428573 0.905849
vt 0.436675 0.903788
vt 0.414748 0.924500
vt 0.720136 0.597472
vt 0.874981 0.701189
vt 0.909511 0.701213
vt 0.017540 0.486926
vt 0.876962 0.411826
vt 0.860680 0.385776
vt 0.103190 0.307549
vt 0.101668 0.310312
vt 0.085856 0.300052
vt 0.466369 0.954737
vt 0.565366 0.608291
vt 0.556656 0.605121
vt 0.593646 0.607786
vt 0.527745 0.606293
vt 0.121284 0.322798
vt 0.119171 0.324455
vt 0.693845 0.406342
vt 0.948123 0.142735
vt 0.331214 0.549108
vt 0.479742 0.963134
vt 0.419204 0.939552
vt 0.684693 0.392585
vt 0.089442 0.310097
vt 0.369451 0.541937
vt 0.345128 0.551596
vt 0.508500 0.985412
vt 0.505859 0.993540
vt 0.502268 0.989902
vt 0.711137 0.407776
vt 0.052674 0.998346
vt 0.399121 0.982782
vt 0.118633 0.330915
vt 0.477939 0.326292
vt 0.676022 0.416322
vt 0.732201 0.409484
vt 0.948905 0.185801
vt 0.940769 0.162539
vt 0.943309 0.162255
vt 0.325625 0.552429
vt 0.365768 0.546209
vt 0.348645 0.555078
vt 0.091715 0.934923
vt 0.103307 0.939173
vt 0.076934 0.937245
vt 0.410938 0.902965
vt 0.413007 0.921526
vt 0.001019 0.189088
vt 0.008281 0.171980
vt 0.001254 0.197085
vt 0.952960 0.147320
vt 0.486603 0.970641
vt 0.459852 0.961132
vt 0.456280 0.963336
vt 0.875699 0.876418
vt 0.879631 0.871822
vt 0.862702 0.843043
vt 0.602186 0.165684
vt 0.605225 0.156488
vt 0.969366 0.936346
vt 0.975323 0.955893
vt 0.409916 0.880701
vt 0.739823 0.969418
vt 0.762860 0.964386
vt 0.775818 0.964483
vt 0.862054 0.014722
vt 0.488409 0.972570
vt 0.434382 0.934499
vt 0.436215 0.929468
vt 0.910975 0.008421
vt 0.893369 0.008685
vt 0.887689 0.883733
vt 0.868363 0.890682
vt 0.866581 0.874493
vt 0.895024 0.695642
vt 0.871845 0.698493
vt 0.960873 0.159623
vt 0.990180 0.159623
vt 0.963439 0.161474
vt 0.550387 0.916201
vt 0.579743 0.915504
vt 0.567610 0.921549
vt 0.826658 0.003617
vt 0.858742 0.860567
vt 0.195236 0.832524
vt 0.190580 0.839459
vt 0.163082 0.843324
vt 0.988900 0.506343
vt 0.994548 0.523726
vt 0.984895 0.526941
vt 0.595967 0.921990
vt 0.452083 0.912632
vt 0.977052 0.865764
vt 0.980853 0.863103
vt 0.980331 0.883329
vt 0.980103 0.844033
vt 0.212836 0.831664
s 1
usemtl Material
f 1/1/1 2/2/2 3/3/3
f 4/4/4 1/5/1 5/6/5
f 1/1/1 6/7/6 2/2/2
f 2/2/2 6/7/6 7/8/7
f 6/9/6 8/10/8 7/11/7
f 8/12/8 9/13/9 10/14/10
f 11/15/11 12/16/12 13/17/13
f 1/1/1 14/18/14 6/7/6
f 8/10/8 6/9/6 9/19/9
f 10/20/10 9/21/9 15/22/15
f 10/20/10 15/22/15 16/23/16
f 16/24/16 15/25/15 17/26/17
f 17/27/17 15/28/15 18/29/18
f 19/30/19 18/31/18 20/32/20
f 4/4/4 14/33/14 1/5/1
f 19/30/19 20/32/20 21/34/21
f 21/35/21 22/36/22 11/37/11
f 23/38/23 12/16/12 24/39/24
f 23/38/23 24/39/24 25/40/25
f 24/41/24 26/42/26 25/43/25
f 6/44/6 27/45/27 9/46/9
f 9/21/9 28/47/28 15/22/15
f 15/48/15 29/49/29 18/50/18
f 18/51/18 29/52/29 30/53/30
f 18/51/18 30/53/30 31/54/31
f 18/31/18 31/55/31 20/32/20
f 20/32/20 31/55/31 32/56/32
f 20/32/20 32/56/32 21/34/21
f 21/57/21 32/58/32 22/59/22
f 11/15/11 22/60/22 12/16/12
f 4/4/4 33/61/33 34/62/34
f 9/46/9 27/45/27 28/63/28
f 28/64/28 29/49/29 15/48/15
f 14/33/14 4/4/4 34/62/34
f 14/65/14 35/66/35 6/67/6
f 6/67/6 35/66/35 27/68/27
f 2/2/2 36/69/36 3/3/3
f 2/2/2 7/8/7 36/69/36
f 7/8/7 37/70/37 36/69/36
f 5/6/5 1/5/1 3/71/3
f 37/72/37 8/73/8 38/74/38
f 38/75/38 8/76/8 39/77/39
f 39/78/39 8/79/8 10/20/10
f 16/23/16 40/80/40 39/78/39
f 40/81/40 16/24/16 17/26/17
f 41/82/41 17/27/17 42/83/42
f 43/84/43 11/37/11 13/85/13
f 25/86/25 44/87/44 45/88/45
f 46/89/46 33/90/33 47/91/47
f 47/91/47 33/90/33 48/92/48
f 48/93/48 4/4/4 5/6/5
f 7/94/7 8/73/8 37/72/37
f 16/23/16 39/78/39 10/20/10
f 42/95/42 19/30/19 49/96/49
f 49/96/49 21/34/21 43/97/43
f 49/96/49 19/30/19 21/34/21
f 43/84/43 21/35/21 11/37/11
f 13/17/13 23/38/23 50/98/50
f 50/98/50 23/38/23 51/99/51
f 51/99/51 23/38/23 25/40/25
f 51/100/51 25/101/25 45/102/45
f 48/103/48 33/104/33 4/105/4
f 18/29/18 42/83/42 17/27/17
f 19/30/19 42/95/42 18/31/18
f 12/16/12 23/38/23 13/17/13
f 25/86/25 26/106/26 44/87/44
f 52/107/52 53/108/53 54/109/54
f 52/110/52 54/111/54 46/89/46
f 46/89/46 54/111/54 55/112/55
f 46/89/46 55/112/55 33/90/33
f 26/113/26 24/114/24 56/115/56
f 56/115/56 57/116/57 26/113/26
f 55/112/55 58/117/58 33/90/33
f 59/118/59 60/119/60 27/120/27
f 60/121/60 28/63/28 27/45/27
f 60/122/60 61/123/61 28/124/28
f 28/124/28 61/123/61 29/125/29
f 24/39/24 62/126/62 63/127/63
f 24/128/24 63/129/63 56/130/56
f 53/108/53 64/131/64 54/109/54
f 33/132/33 58/133/58 34/134/34
f 14/33/14 34/62/34 35/135/35
f 27/68/27 35/66/35 59/136/59
f 29/137/29 61/138/61 65/139/65
f 29/140/29 65/141/65 30/142/30
f 30/142/30 65/141/65 66/143/66
f 30/142/30 66/143/66 67/144/67
f 30/145/30 67/146/67 31/55/31
f 31/55/31 67/146/67 32/56/32
f 32/56/32 67/146/67 68/147/68
f 32/58/32 68/148/68 69/149/69
f 32/58/32 69/149/69 22/59/22
f 22/60/22 69/150/69 12/16/12
f 12/16/12 69/150/69 62/126/62
f 12/16/12 62/126/62 24/39/24
f 55/112/55 54/111/54 70/151/70
f 55/112/55 70/151/70 58/117/58
f 58/117/58 70/151/70 71/152/71
f 58/153/58 71/154/71 34/62/34
f 34/62/34 71/154/71 35/135/35
f 35/155/35 71/156/71 72/157/72
f 35/66/35 72/158/72 59/136/59
f 60/119/60 59/118/59 73/159/73
f 60/160/60 73/161/73 74/162/74
f 60/122/60 74/163/74 61/123/61
f 61/164/61 74/165/74 75/166/75
f 61/138/61 75/167/75 65/139/65
f 68/148/68 76/168/76 69/149/69
f 69/149/69 76/168/76 77/169/77
f 69/150/69 77/170/77 62/126/62
f 47/91/47 78/171/78 79/172/79
f 47/91/47 48/92/48 78/171/78
f 48/93/48 5/6/5 78/173/78
f 5/6/5 80/174/80 78/173/78
f 3/71/3 80/174/80 5/6/5
f 3/71/3 81/175/81 80/174/80
f 3/3/3 36/69/36 81/176/81
f 17/26/17 82/177/82 40/81/40
f 83/178/83 52/179/52 84/180/84
f 52/110/52 46/89/46 84/181/84
f 46/89/46 47/91/47 79/172/79
f 38/182/38 36/183/36 37/184/37
f 39/78/39 85/185/85 38/186/38
f 39/78/39 40/80/40 85/185/85
f 17/27/17 41/82/41 82/187/82
f 42/83/42 86/188/86 41/82/41
f 49/96/49 86/189/86 42/95/42
f 49/96/49 87/190/87 86/189/86
f 43/97/43 87/190/87 49/96/49
f 43/84/43 88/191/88 87/192/87
f 13/85/13 88/191/88 43/84/43
f 13/85/13 50/193/50 88/191/88
f 83/178/83 89/194/89 52/179/52
f 44/87/44 90/195/90 45/88/45
f 90/195/90 44/87/44 91/196/91
f 91/197/91 44/198/44 92/199/92
f 89/200/89 53/108/53 52/107/52
f 44/201/44 26/113/26 57/116/57
f 44/198/44 57/202/57 92/199/92
f 53/108/53 93/203/93 94/204/94
f 53/108/53 94/204/94 64/131/64
f 56/205/56 63/206/63 95/207/95
f 56/115/56 95/208/95 57/116/57
f 62/126/62 96/209/96 63/127/63
f 96/210/96 97/211/97 63/212/63
f 63/206/63 97/213/97 95/207/95
f 64/214/64 98/215/98 54/216/54
f 54/216/54 98/215/98 70/217/70
f 99/218/99 100/219/100 70/217/70
f 70/220/70 100/221/100 71/222/71
f 100/223/100 101/224/101 71/225/71
f 71/225/71 101/224/101 72/226/72
f 101/227/101 102/228/102 72/158/72
f 72/158/72 102/228/102 59/136/59
f 59/118/59 102/229/102 103/230/103
f 59/118/59 103/230/103 73/159/73
f 73/161/73 103/231/103 74/162/74
f 74/165/74 103/232/103 104/233/104
f 74/165/74 104/233/104 75/166/75
f 75/167/75 104/234/104 105/235/105
f 75/167/75 105/235/105 106/236/106
f 75/167/75 106/236/106 65/139/65
f 65/141/65 106/237/106 66/143/66
f 67/238/67 66/239/66 107/240/107
f 67/241/67 107/242/107 108/243/108
f 67/241/67 108/243/108 68/244/68
f 68/148/68 108/245/108 76/168/76
f 76/168/76 109/246/109 77/169/77
f 83/178/83 84/180/84 110/247/110
f 79/172/79 84/181/84 46/89/46
f 36/69/36 111/248/111 81/176/81
f 38/182/38 112/249/112 36/183/36
f 85/250/85 112/251/112 38/252/38
f 40/80/40 113/253/113 85/185/85
f 82/177/82 113/254/113 40/81/40
f 41/82/41 114/255/114 82/187/82
f 41/82/41 86/188/86 114/255/114
f 50/193/50 115/256/115 88/191/88
f 50/257/50 116/258/116 115/259/115
f 51/260/51 116/258/116 50/257/50
f 45/102/45 117/261/117 51/100/51
f 45/88/45 90/195/90 117/262/117
f 118/263/118 93/264/93 89/265/89
f 92/199/92 57/202/57 119/266/119
f 89/200/89 93/203/93 53/108/53
f 57/202/57 120/267/120 119/266/119
f 93/264/93 121/268/121 94/269/94
f 95/270/95 122/271/122 57/202/57
f 57/202/57 122/271/122 120/267/120
f 94/204/94 123/272/123 64/131/64
f 108/245/108 124/273/124 76/168/76
f 77/170/77 109/274/109 62/126/62
f 109/274/109 96/209/96 62/126/62
f 95/207/95 97/213/97 125/275/125
f 70/217/70 98/215/98 99/218/99
f 99/218/99 98/215/98 126/276/126
f 99/218/99 126/276/126 100/219/100
f 100/223/100 126/277/126 127/278/127
f 100/223/100 127/278/127 101/224/101
f 101/279/101 127/280/127 128/281/128
f 101/227/101 128/282/128 102/228/102
f 106/237/106 129/283/129 66/143/66
f 66/143/66 129/283/129 107/284/107
f 36/285/36 112/286/112 111/287/111
f 87/288/87 130/289/130 86/290/86
f 51/100/51 117/261/117 116/291/116
f 83/178/83 118/292/118 89/194/89
f 131/293/131 121/268/121 93/264/93
f 96/210/96 132/294/132 97/211/97
f 97/295/97 132/296/132 125/297/125
f 95/207/95 125/275/125 122/298/122
f 64/131/64 123/272/123 98/299/98
f 98/300/98 133/301/133 126/302/126
f 128/303/128 127/304/127 134/305/134
f 102/228/102 128/282/128 135/306/135
f 102/229/102 135/307/135 103/230/103
f 103/230/103 135/307/135 136/308/136
f 103/232/103 136/309/136 104/233/104
f 106/236/106 105/235/105 137/310/137
f 107/242/107 138/311/138 108/243/108
f 76/168/76 124/273/124 109/246/109
f 109/246/109 124/273/124 139/312/139
f 109/274/109 139/313/139 132/314/132
f 109/274/109 132/314/132 96/209/96
f 79/172/79 78/171/78 140/315/140
f 78/171/78 141/316/141 140/315/140
f 84/317/84 142/318/142 110/319/110
f 84/317/84 143/320/143 142/318/142
f 84/181/84 140/315/140 143/321/143
f 79/172/79 140/315/140 84/181/84
f 80/174/80 141/322/141 78/173/78
f 81/175/81 141/322/141 80/174/80
f 81/323/81 144/324/144 141/325/141
f 111/248/111 144/326/144 81/176/81
f 111/287/111 112/286/112 145/327/145
f 112/328/112 113/329/113 145/330/145
f 85/185/85 113/253/113 112/331/112
f 82/177/82 146/332/146 113/254/113
f 114/255/114 146/333/146 82/187/82
f 86/188/86 147/334/147 114/255/114
f 86/290/86 130/289/130 147/335/147
f 87/288/87 148/336/148 130/289/130
f 88/191/88 148/337/148 87/192/87
f 88/191/88 149/338/149 148/337/148
f 115/256/115 149/338/149 88/191/88
f 115/339/115 150/340/150 149/341/149
f 116/258/116 150/342/150 115/259/115
f 117/261/117 151/343/151 116/291/116
f 91/197/91 92/199/92 152/344/152
f 83/178/83 110/247/110 118/292/118
f 153/345/153 118/263/118 154/346/154
f 118/263/118 153/345/153 131/293/131
f 118/263/118 131/293/131 93/264/93
f 119/266/119 120/267/120 155/347/155
f 131/293/131 156/348/156 121/268/121
f 120/267/120 122/271/122 157/349/157
f 94/204/94 121/350/121 158/351/158
f 94/204/94 158/351/158 123/272/123
f 123/352/123 133/353/133 98/354/98
f 126/302/126 133/301/133 127/355/127
f 127/356/127 133/357/133 159/358/159
f 127/304/127 159/359/159 134/305/134
f 128/282/128 134/360/134 135/306/135
f 136/308/136 135/307/135 160/361/160
f 104/233/104 136/309/136 105/362/105
f 105/363/105 136/364/136 137/365/137
f 106/237/106 137/366/137 129/283/129
f 129/283/129 137/366/137 161/367/161
f 129/283/129 161/367/161 138/368/138
f 129/369/129 138/370/138 107/371/107
f 108/243/108 138/311/138 162/372/162
f 108/245/108 162/373/162 124/273/124
f 150/374/150 116/375/116 151/376/151
f 163/377/163 151/343/151 117/261/117
f 164/378/164 117/262/117 90/195/90
f 90/379/90 91/380/91 152/381/152
f 152/344/152 92/199/92 165/382/165
f 154/346/154 118/263/118 110/383/110
f 165/382/165 92/199/92 119/266/119
f 119/384/119 155/385/155 165/386/165
f 153/345/153 166/387/166 131/293/131
f 155/385/155 120/388/120 167/389/167
f 166/387/166 156/348/156 131/293/131
f 157/349/157 168/390/168 120/267/120
f 169/391/169 123/272/123 158/351/158
f 169/392/169 133/353/133 123/352/123
f 170/393/170 134/305/134 159/359/159
f 171/394/171 135/306/135 134/360/134
f 171/395/171 160/361/160 135/307/135
f 160/396/160 172/397/172 136/398/136
f 172/399/172 173/400/173 136/401/136
f 173/402/173 137/403/137 136/404/136
f 174/405/174 161/367/161 137/366/137
f 175/406/175 162/372/162 138/311/138
f 176/407/176 124/273/124 162/373/162
f 139/312/139 124/273/124 176/407/176
f 176/408/176 177/409/177 139/410/139
f 177/411/177 132/314/132 139/313/139
f 178/412/178 132/413/132 177/414/177
f 178/415/178 125/297/125 132/296/132
f 144/326/144 111/248/111 179/416/179
f 179/417/179 111/287/111 145/327/145
f 146/333/146 114/255/114 147/334/147
f 180/418/180 153/419/153 154/420/154
f 181/421/181 166/387/166 153/345/153
f 120/388/120 168/422/168 167/389/167
f 169/392/169 182/423/182 133/353/133
f 133/353/133 182/423/182 159/424/159
f 182/423/182 183/425/183 159/424/159
f 137/403/137 173/402/173 174/426/174
f 161/367/161 184/427/184 138/368/138
f 184/428/184 175/406/175 138/311/138
f 185/429/185 176/407/176 162/373/162
f 178/430/178 186/431/186 125/432/125
f 156/348/156 187/433/187 121/268/121
f 158/434/158 121/268/121 187/433/187
f 188/435/188 134/305/134 170/393/170
f 188/436/188 171/437/171 134/438/134
f 185/439/185 162/372/162 175/406/175
f 186/440/186 122/271/122 125/441/125
f 186/440/186 157/349/157 122/271/122
f 90/379/90 152/381/152 164/442/164
f 142/318/142 154/443/154 110/319/110
f 153/345/153 180/444/180 181/421/181
f 168/422/168 189/445/189 167/389/167
f 167/389/167 189/445/189 190/446/190
f 166/387/166 191/447/191 156/348/156
f 159/359/159 183/448/183 170/393/170
f 160/361/160 171/395/171 192/449/192
f 174/405/174 184/427/184 161/367/161
f 176/407/176 185/429/185 193/450/193
f 177/409/177 176/408/176 193/451/193
f 177/452/177 193/453/193 194/454/194
f 177/414/177 194/455/194 178/412/178
f 141/316/141 195/456/195 140/315/140
f 165/382/165 196/457/196 152/344/152
f 165/386/165 155/385/155 197/458/197
f 155/385/155 198/459/198 199/460/199
f 155/385/155 167/389/167 198/459/198
f 169/392/169 200/461/200 182/423/182
f 194/462/194 201/463/201 178/430/178
f 188/436/188 202/464/202 171/437/171
f 160/396/160 192/465/192 172/397/172
f 178/430/178 201/463/201 186/431/186
f 186/440/186 203/466/203 157/349/157
f 168/390/168 157/349/157 204/467/204
f 168/422/168 204/468/204 189/445/189
f 156/348/156 191/447/191 187/433/187
f 205/469/205 141/470/141 206/471/206
f 141/325/141 144/324/144 206/472/206
f 206/472/206 144/324/144 207/473/207
f 145/474/145 113/475/113 208/476/208
f 209/477/209 146/333/146 147/334/147
f 164/378/164 163/478/163 117/262/117
f 210/479/210 154/420/154 142/480/142
f 180/418/180 154/420/154 210/479/210
f 180/444/180 211/481/211 181/421/181
f 211/481/211 212/482/212 181/421/181
f 167/389/167 190/446/190 198/459/198
f 213/483/213 170/393/170 183/448/183
f 214/484/214 174/426/174 173/402/173
f 215/485/215 184/427/184 174/405/174
f 216/486/216 185/439/185 175/406/175
f 193/450/193 185/429/185 217/487/217
f 191/447/191 166/387/166 181/421/181
f 204/467/204 157/349/157 203/466/203
f 140/315/140 218/488/218 143/321/143
f 208/489/208 113/490/113 209/491/209
f 209/492/209 113/493/113 146/494/146
f 147/335/147 130/289/130 219/495/219
f 219/495/219 130/289/130 148/336/148
f 219/496/219 148/337/148 220/497/220
f 220/497/220 148/337/148 149/338/149
f 221/498/221 149/341/149 150/340/150
f 221/499/221 150/374/150 151/376/151
f 180/418/180 210/479/210 222/500/222
f 155/385/155 199/460/199 197/458/197
f 199/460/199 198/459/198 223/501/223
f 182/423/182 224/502/224 183/425/183
f 170/393/170 213/483/213 188/435/188
f 192/465/192 225/503/225 172/397/172
f 174/405/174 214/504/214 215/485/215
f 217/487/217 226/505/226 193/450/193
f 227/506/227 194/454/194 193/453/193
f 228/507/228 186/508/186 229/509/229
f 228/510/228 203/466/203 186/440/186
f 191/447/191 230/511/230 187/433/187
f 140/315/140 195/456/195 218/488/218
f 144/326/144 179/416/179 207/512/207
f 221/513/221 220/514/220 149/515/149
f 151/343/151 163/377/163 231/516/231
f 165/386/165 197/458/197 232/517/232
f 199/460/199 233/518/233 197/458/197
f 215/485/215 234/519/234 184/427/184
f 184/428/184 234/520/234 175/406/175
f 158/351/158 187/521/187 235/522/235
f 172/399/172 225/523/225 173/400/173
f 193/453/193 226/524/226 227/506/227
f 181/525/181 212/526/212 236/527/236
f 236/528/236 191/447/191 181/421/181
f 189/445/189 237/529/237 190/446/190
f 141/530/141 205/531/205 195/532/195
f 145/533/145 238/534/238 179/535/179
f 151/343/151 231/516/231 221/536/221
f 163/377/163 164/537/164 231/516/231
f 165/386/165 232/517/232 196/538/196
f 180/539/180 239/540/239 211/541/211
f 158/351/158 235/522/235 169/391/169
f 182/423/182 240/542/240 224/502/224
f 183/543/183 224/544/224 241/545/241
f 183/448/183 241/546/241 213/483/213
f 171/547/171 202/548/202 242/549/242
f 173/402/173 225/550/225 214/484/214
f 201/551/201 229/509/229 186/508/186
f 243/552/243 198/459/198 190/446/190
f 236/527/236 244/553/244 191/554/191
f 244/555/244 230/511/230 191/447/191
f 245/556/245 189/445/189 204/468/204
f 245/556/245 237/529/237 189/445/189
f 243/552/243 190/446/190 237/529/237
f 238/534/238 145/533/145 208/557/208
f 246/558/246 208/489/208 209/491/209
f 247/559/247 142/318/142 143/320/143
f 196/560/196 164/442/164 152/381/152
f 199/460/199 223/501/223 233/518/233
f 248/561/248 212/526/212 211/541/211
f 235/522/235 200/562/200 169/391/169
f 240/542/240 182/423/182 200/461/200
f 213/563/213 202/564/202 188/565/188
f 171/547/171 242/549/242 192/566/192
f 242/567/242 225/503/225 192/465/192
f 249/568/249 215/485/215 214/504/214
f 216/486/216 175/406/175 234/520/234
f 217/487/217 185/429/185 216/569/216
f 198/459/198 250/570/250 223/501/223
f 251/571/251 235/522/235 187/521/187
f 198/459/198 243/552/243 250/570/250
f 251/572/251 187/433/187 230/511/230
f 209/573/209 147/574/147 252/575/252
f 220/514/220 253/576/253 219/577/219
f 231/516/231 164/537/164 254/578/254
f 197/458/197 233/518/233 232/517/232
f 211/541/211 239/540/239 248/561/248
f 227/579/227 255/580/255 194/581/194
f 194/581/194 255/580/255 201/582/201
f 219/495/219 256/583/256 147/335/147
f 143/320/143 218/584/218 247/559/247
f 252/575/252 257/585/257 209/573/209
f 215/485/215 249/568/249 234/519/234
f 248/561/248 258/586/258 212/526/212
f 230/511/230 244/555/244 259/587/259
f 212/526/212 258/586/258 236/527/236
f 218/588/218 195/589/195 260/590/260
f 260/590/260 195/589/195 205/591/205
f 261/592/261 220/514/220 221/513/221
f 262/593/262 221/594/221 231/595/231
f 222/596/222 239/540/239 180/539/180
f 255/597/255 229/598/229 201/599/201
f 251/571/251 263/600/263 235/522/235
f 259/587/259 251/572/251 230/511/230
f 264/601/264 245/556/245 204/468/204
f 265/602/265 207/512/207 179/416/179
f 196/538/196 232/517/232 266/603/266
f 223/604/223 267/605/267 233/606/233
f 238/534/238 208/557/208 268/607/268
f 209/573/209 257/585/257 246/608/246
f 247/609/247 210/610/210 142/611/142
f 223/604/223 269/612/269 267/605/267
f 223/604/223 250/613/250 269/612/269
f 263/600/263 270/614/270 235/522/235
f 242/567/242 271/615/271 225/503/225
f 203/616/203 272/617/272 204/468/204
f 218/588/218 273/618/273 247/619/247
f 247/609/247 274/620/274 210/610/210
f 239/540/239 275/621/275 248/561/248
f 276/622/276 202/564/202 213/563/213
f 277/623/277 242/549/242 202/548/202
f 225/550/225 278/624/278 214/484/214
f 235/522/235 270/614/270 200/562/200
f 279/625/279 263/600/263 251/571/251
f 272/617/272 264/601/264 204/468/204
f 280/626/280 237/627/237 245/628/245
f 253/576/253 220/514/220 261/592/261
f 261/629/261 221/630/221 262/631/262
f 281/632/281 231/516/231 254/578/254
f 203/466/203 228/510/228 272/633/272
f 243/634/243 237/627/237 282/635/282
f 236/527/236 283/636/283 244/553/244
f 237/627/237 280/626/280 282/635/282
f 205/637/205 206/638/206 284/639/284
f 238/640/238 265/641/265 179/642/179
f 208/643/208 246/644/246 268/645/268
f 147/335/147 256/583/256 252/646/252
f 281/647/281 262/631/262 231/648/231
f 222/500/222 210/479/210 285/649/285
f 286/650/286 248/561/248 275/621/275
f 248/561/248 286/650/286 258/586/258
f 200/651/200 287/652/287 240/653/240
f 214/484/214 278/624/278 249/654/249
f 251/572/251 259/587/259 279/655/279
f 264/656/264 280/626/280 245/628/245
f 250/613/250 243/634/243 282/635/282
f 258/586/258 288/657/288 236/527/236
f 207/473/207 284/658/284 206/472/206
f 218/588/218 260/590/260 273/618/273
f 219/659/219 253/660/253 256/661/256
f 210/610/210 274/620/274 285/662/285
f 222/663/222 289/664/289 239/665/239
f 216/569/216 290/666/290 217/487/217
f 269/612/269 291/667/291 292/668/292
f 286/650/286 293/669/293 258/586/258
f 250/613/250 291/667/291 269/612/269
f 244/553/244 294/670/294 259/671/259
f 293/669/293 288/657/288 258/586/258
f 283/636/283 294/670/294 244/553/244
f 236/527/236 288/657/288 283/636/283
f 205/637/205 284/639/284 295/672/295
f 273/673/273 274/674/274 247/675/247
f 266/603/266 232/517/232 296/676/296
f 233/518/233 267/677/267 232/517/232
f 270/678/270 287/652/287 200/651/200
f 241/679/241 297/680/297 213/681/213
f 227/682/227 226/683/226 298/684/298
f 252/575/252 299/685/299 257/585/257
f 267/605/267 300/686/300 232/687/232
f 269/612/269 292/668/292 267/605/267
f 213/563/213 297/688/297 276/622/276
f 234/520/234 301/689/301 216/486/216
f 226/683/226 302/690/302 298/684/298
f 205/637/205 295/672/295 260/691/260
f 285/692/285 289/664/289 222/663/222
f 289/693/289 275/621/275 239/540/239
f 275/621/275 303/694/303 286/650/286
f 304/695/304 241/696/241 224/697/224
f 242/567/242 277/698/277 271/615/271
f 227/579/227 298/699/298 255/580/255
f 264/656/264 305/700/305 280/626/280
f 305/700/305 306/701/306 280/626/280
f 284/658/284 207/473/207 307/702/307
f 207/473/207 265/703/265 307/702/307
f 246/644/246 308/704/308 268/645/268
f 309/705/309 308/704/308 246/644/246
f 254/706/254 164/442/164 310/707/310
f 164/442/164 196/560/196 310/707/310
f 285/708/285 274/709/274 311/710/311
f 296/711/296 232/687/232 300/686/300
f 312/712/312 249/713/249 278/714/278
f 313/715/313 229/509/229 255/716/255
f 263/600/263 314/717/314 270/614/270
f 279/625/279 315/718/315 263/600/263
f 316/719/316 279/720/279 259/721/259
f 317/722/317 265/723/265 238/724/238
f 317/725/317 238/534/238 268/607/268
f 299/726/299 252/727/252 256/728/256
f 202/564/202 276/622/276 277/729/277
f 318/730/318 267/605/267 292/668/292
f 319/731/319 228/507/228 229/509/229
f 320/732/320 321/733/321 286/650/286
f 259/721/259 294/734/294 316/719/316
f 294/670/294 322/735/322 323/736/323
f 294/670/294 283/636/283 322/735/322
f 250/613/250 282/635/282 291/667/291
f 291/667/291 282/635/282 324/737/324
f 260/590/260 295/738/295 325/739/325
f 265/703/265 326/740/326 307/702/307
f 261/629/261 262/631/262 327/741/327
f 196/560/196 266/742/266 310/707/310
f 328/743/328 303/694/303 275/621/275
f 314/744/314 287/745/287 270/746/270
f 329/747/329 216/748/216 301/749/301
f 286/650/286 321/733/321 293/669/293
f 293/669/293 321/733/321 330/750/330
f 283/636/283 331/751/331 322/735/322
f 288/657/288 293/669/293 331/751/331
f 288/657/288 331/751/331 283/636/283
f 282/635/282 280/626/280 324/737/324
f 280/626/280 306/701/306 324/737/324
f 295/672/295 284/639/284 332/752/332
f 262/631/262 281/647/281 327/741/327
f 260/590/260 333/753/333 273/618/273
f 289/754/289 328/755/328 275/756/275
f 240/653/240 287/652/287 224/697/224
f 304/757/304 297/680/297 241/679/241
f 225/758/225 271/759/271 278/760/278
f 249/713/249 301/761/301 234/762/234
f 290/666/290 226/505/226 217/487/217
f 263/763/263 315/764/315 314/765/314
f 286/650/286 303/694/303 320/732/320
f 325/739/325 333/753/333 260/590/260
f 265/723/265 317/722/317 326/766/326
f 253/767/253 334/768/334 256/769/256
f 261/770/261 335/771/335 253/772/253
f 273/618/273 333/753/333 274/773/274
f 267/605/267 318/730/318 300/686/300
f 301/761/301 249/713/249 312/712/312
f 216/748/216 329/747/329 290/774/290
f 229/509/229 313/715/313 319/731/319
f 228/510/228 336/775/336 272/633/272
f 279/776/279 316/777/316 315/764/315
f 291/778/291 337/779/337 292/780/292
f 293/669/293 338/781/338 331/751/331
f 284/658/284 339/782/339 332/783/332
f 324/784/324 340/785/340 291/778/291
f 305/700/305 341/786/341 306/701/306
f 293/669/293 330/750/330 338/781/338
f 307/702/307 342/787/342 284/658/284
f 257/585/257 309/788/309 246/608/246
f 261/770/261 327/789/327 335/771/335
f 285/708/285 311/710/311 343/790/343
f 298/699/298 344/791/344 255/580/255
f 255/580/255 344/791/344 313/792/313
f 272/617/272 345/793/345 264/601/264
f 323/794/323 316/719/316 294/734/294
f 295/795/295 332/796/332 325/797/325
f 284/658/284 342/787/342 339/782/339
f 343/790/343 289/798/289 285/708/285
f 226/505/226 290/666/290 302/799/302
f 228/507/228 319/731/319 336/800/336
f 272/633/272 336/775/336 345/801/345
f 322/735/322 346/802/346 323/736/323
f 347/803/347 326/766/326 317/722/317
f 308/704/308 348/804/348 268/645/268
f 299/726/299 256/728/256 349/805/349
f 287/652/287 304/695/304 224/697/224
f 316/777/316 350/806/350 315/764/315
f 317/722/317 268/807/268 348/808/348
f 334/809/334 349/805/349 256/728/256
f 253/810/253 335/811/335 334/812/334
f 254/706/254 310/707/310 351/813/351
f 352/814/352 297/680/297 304/757/304
f 271/759/271 353/815/353 278/760/278
f 314/816/314 354/817/354 287/652/287
f 292/780/292 337/779/337 355/818/355
f 321/819/321 356/820/356 330/821/330
f 322/735/322 331/751/331 346/802/346
f 306/822/306 341/823/341 324/784/324
f 307/824/307 347/803/347 342/825/342
f 326/766/326 347/803/347 307/824/307
f 325/826/325 357/827/357 333/828/333
f 281/647/281 254/829/254 358/830/358
f 264/656/264 345/831/345 305/700/305
f 291/778/291 340/785/340 337/779/337
f 330/821/330 356/820/356 359/832/359
f 324/784/324 341/823/341 340/785/340
f 325/797/325 332/796/332 360/833/360
f 317/722/317 348/808/348 347/803/347
f 348/804/348 308/704/308 361/834/361
f 308/704/308 309/705/309 361/834/361
f 281/647/281 358/830/358 327/741/327
f 274/835/274 333/828/333 362/836/362
f 266/742/266 363/837/363 310/707/310
f 296/838/296 364/839/364 266/742/266
f 277/840/277 365/841/365 271/842/271
f 312/712/312 366/843/366 301/761/301
f 290/844/290 367/845/367 302/846/302
f 302/690/302 368/847/368 298/684/298
f 315/764/315 350/806/350 369/848/369
f 292/780/292 355/818/355 318/849/318
f 345/850/345 370/851/370 305/852/305
f 305/853/305 371/854/371 341/823/341
f 299/855/299 372/856/372 257/857/257
f 299/726/299 349/805/349 372/858/372
f 300/859/300 373/860/373 296/861/296
f 297/688/297 374/862/374 276/622/276
f 329/863/329 375/864/375 290/865/290
f 318/866/318 376/867/376 300/859/300
f 323/794/323 377/868/377 316/719/316
f 330/821/330 359/832/359 338/869/338
f 338/869/338 378/870/378 331/871/331
f 339/872/339 360/833/360 332/796/332
f 342/787/342 379/873/379 339/782/339
f 327/741/327 358/830/358 380/874/380
f 351/813/351 310/707/310 363/837/363
f 287/652/287 354/817/354 304/695/304
f 304/875/304 354/876/354 352/877/352
f 278/878/278 381/879/381 312/880/312
f 314/881/314 369/882/369 354/876/354
f 344/883/344 382/884/382 313/885/313
f 350/806/350 316/777/316 383/886/383
f 316/777/316 377/887/377 383/886/383
f 320/888/320 384/889/384 321/819/321
f 331/871/331 378/870/378 346/890/346
f 325/797/325 360/833/360 357/891/357
f 333/828/333 357/827/357 362/836/362
f 254/892/254 351/893/351 358/894/358
f 266/742/266 364/839/364 363/837/363
f 276/622/276 365/895/365 277/729/277
f 301/749/301 385/896/385 329/747/329
f 314/765/314 315/764/315 369/848/369
f 303/897/303 386/898/386 320/888/320
f 323/794/323 346/899/346 377/868/377
f 321/819/321 384/889/384 356/820/356
f 339/782/339 379/873/379 360/900/360
f 348/808/348 387/901/387 347/803/347
f 309/705/309 257/902/257 388/903/388
f 372/858/372 349/805/349 389/904/389
f 335/905/335 390/906/390 334/907/334
f 327/741/327 380/874/380 335/908/335
f 343/790/343 391/909/391 289/798/289
f 271/842/271 365/841/365 392/910/392
f 392/910/392 353/911/353 271/842/271
f 312/712/312 381/912/381 366/843/366
f 385/913/385 301/914/301 366/915/366
f 303/897/303 328/916/328 386/898/386
f 355/818/355 337/779/337 393/917/393
f 305/852/305 394/918/394 371/919/371
f 356/820/356 395/920/395 359/832/359
f 340/785/340 396/921/396 337/779/337
f 341/823/341 397/922/397 340/785/340
f 347/803/347 387/901/387 342/825/342
f 348/808/348 398/923/398 387/901/387
f 372/856/372 399/924/399 257/857/257
f 335/905/335 380/925/380 390/906/390
f 361/834/361 388/903/388 400/926/400
f 309/705/309 388/903/388 361/834/361
f 367/845/367 368/927/368 302/846/302
f 368/847/368 344/928/344 298/684/298
f 313/715/313 336/800/336 319/731/319
f 383/886/383 401/929/401 350/806/350
f 386/898/386 384/889/384 320/888/320
f 397/922/397 396/921/396 340/785/340
f 257/930/257 399/931/399 388/932/388
f 334/933/334 389/934/389 349/935/349
f 274/835/274 362/836/362 402/936/402
f 311/710/311 274/709/274 402/937/402
f 296/838/296 373/938/373 364/839/364
f 276/622/276 374/862/374 365/895/365
f 329/747/329 385/896/385 375/939/375
f 384/889/384 403/940/403 356/820/356
f 356/820/356 403/940/403 395/920/395
f 338/869/338 404/941/404 378/870/378
f 390/942/390 389/934/389 334/933/334
f 357/827/357 405/943/405 362/836/362
f 391/944/391 328/755/328 289/754/289
f 352/945/352 406/946/406 297/947/297
f 297/688/297 406/948/406 374/862/374
f 353/949/353 381/879/381 278/878/278
f 373/860/373 300/859/300 407/950/407
f 300/859/300 376/867/376 407/950/407
f 328/916/328 408/951/408 386/898/386
f 336/800/336 409/952/409 345/953/345
f 305/852/305 370/851/370 394/918/394
f 359/832/359 404/941/404 338/869/338
f 341/823/341 410/954/410 397/922/397
f 342/787/342 411/955/411 379/873/379
f 342/825/342 387/901/387 411/956/411
f 361/957/361 398/923/398 348/808/348
f 412/958/412 343/790/343 311/710/311
f 343/790/343 412/958/412 391/909/391
f 381/879/381 413/959/413 366/960/366
f 365/841/365 374/961/374 414/962/414
f 366/915/366 415/963/415 385/913/385
f 290/964/290 375/965/375 367/966/367
f 368/847/368 382/967/382 344/928/344
f 360/833/360 416/968/416 357/891/357
f 361/834/361 400/926/400 398/969/398
f 372/970/372 417/971/417 418/972/418
f 390/906/390 380/925/380 419/973/419
f 402/936/402 362/836/362 405/943/405
f 351/893/351 420/974/420 358/894/358
f 311/710/311 402/937/402 412/958/412
f 365/841/365 414/962/414 421/975/421
f 365/841/365 421/975/421 392/910/392
f 313/715/313 422/976/422 336/800/336
f 355/977/355 393/978/393 423/979/423
f 337/779/337 396/921/396 424/980/424
f 395/920/395 404/941/404 359/832/359
f 341/823/341 371/854/371 410/954/410
f 379/981/379 416/968/416 360/833/360
f 400/926/400 388/903/388 425/982/425
f 399/924/399 372/856/372 418/983/418
f 420/984/420 380/874/380 358/830/358
f 413/985/413 415/963/415 366/915/366
f 409/952/409 336/800/336 422/976/422
f 426/986/426 318/849/318 355/818/355
f 427/987/427 346/890/346 378/870/378
f 416/968/416 405/988/405 357/891/357
f 411/989/411 416/990/416 379/991/379
f 428/992/428 387/901/387 398/923/398
f 425/993/425 388/932/388 399/931/399
f 417/994/417 372/995/372 389/996/389
f 419/973/419 389/997/389 390/906/390
f 429/998/429 402/936/402 405/943/405
f 328/916/328 391/999/391 430/1000/430
f 431/1001/431 353/911/353 392/910/392
f 375/965/375 432/1002/432 367/966/367
f 368/927/368 367/845/367 432/1003/432
f 409/952/409 370/1004/370 345/953/345
f 376/867/376 318/866/318 426/1005/426
f 377/1006/377 346/890/346 433/1007/433
f 393/917/393 337/779/337 424/980/424
f 411/1008/411 387/1009/387 434/1010/434
f 417/994/417 389/996/389 435/1011/435
f 389/997/389 419/973/419 436/1012/436
f 437/1013/437 400/926/400 425/982/425
f 351/893/351 363/1014/363 438/1015/438
f 381/879/381 439/1016/439 413/959/413
f 415/963/415 440/1017/440 385/913/385
f 369/882/369 441/1018/441 354/876/354
f 350/806/350 401/929/401 369/848/369
f 383/886/383 442/1019/442 401/929/401
f 370/851/370 443/1020/443 394/918/394
f 427/987/427 433/1007/433 346/890/346
f 387/1021/387 428/1022/428 434/1023/434
f 400/926/400 437/1013/437 398/969/398
f 380/874/380 420/984/420 419/1024/419
f 351/893/351 438/1015/438 420/974/420
f 373/938/373 407/1025/407 444/1026/444
f 445/1027/445 352/877/352 354/876/354
f 352/945/352 446/1028/446 406/946/406
f 406/1029/406 447/1030/447 374/1031/374
f 374/961/374 448/1032/448 414/962/414
f 353/949/353 431/1033/431 439/1016/439
f 353/949/353 439/1016/439 381/879/381
f 328/916/328 430/1000/430 408/951/408
f 369/848/369 401/929/401 441/1034/441
f 449/1035/449 450/1036/450 384/889/384
f 384/889/384 450/1036/450 403/940/403
f 395/920/395 451/1037/451 404/941/404
f 404/941/404 452/1038/452 378/870/378
f 398/923/398 437/1039/437 428/992/428
f 418/1040/418 425/993/425 399/931/399
f 363/837/363 364/839/364 438/1041/438
f 414/962/414 448/1032/448 421/975/421
f 385/896/385 453/1042/453 375/939/375
f 368/847/368 454/1043/454 382/967/382
f 455/1044/455 422/1045/422 313/1046/313
f 423/979/423 426/1047/426 355/977/355
f 386/898/386 449/1035/449 384/889/384
f 416/1048/416 456/1049/456 457/1050/457
f 416/1051/416 458/1052/458 456/1053/456
f 416/990/416 411/989/411 458/1054/458
f 389/996/389 436/1055/436 435/1011/435
f 405/1056/405 416/1048/416 457/1050/457
f 412/1057/412 459/1058/459 391/1059/391
f 440/1060/440 453/1061/453 385/1062/385
f 453/1063/453 432/1002/432 375/965/375
f 445/1064/445 446/1028/446 352/945/352
f 374/1065/374 447/1066/447 448/1067/448
f 368/927/368 432/1003/432 454/1068/454
f 441/1018/441 445/1027/445 354/876/354
f 313/1046/313 382/1069/382 455/1044/455
f 370/1004/370 409/952/409 443/1070/443
f 418/972/418 417/971/417 460/1071/460
f 431/1033/431 461/1072/461 439/1016/439
f 413/1073/413 439/1074/439 462/1075/462
f 415/963/415 413/985/413 463/1076/463
f 415/963/415 463/1076/463 440/1017/440
f 422/1045/422 464/1077/464 465/1078/465
f 465/1079/465 409/952/409 422/976/422
f 427/987/427 466/1080/466 433/1007/433
f 411/1008/411 434/1010/434 458/1081/458
f 425/1082/425 467/1083/467 437/1084/437
f 419/1024/419 420/984/420 468/1085/468
f 412/1086/412 402/936/402 429/998/429
f 463/1087/463 413/1073/413 462/1075/462
f 469/1088/469 440/1017/440 463/1076/463
f 470/1089/470 446/1028/446 445/1064/445
f 401/929/401 471/1090/471 441/1034/441
f 464/1077/464 422/1045/422 455/1044/455
f 472/1091/472 434/1023/434 428/1022/428
f 460/1092/460 417/994/417 435/1011/435
f 468/1085/468 420/984/420 473/1093/473
f 473/1094/473 420/974/420 474/1095/474
f 420/974/420 438/1015/438 474/1095/474
f 438/1015/438 364/1096/364 475/1097/475
f 476/1098/476 392/910/392 421/975/421
f 441/1018/441 477/1099/477 445/1027/445
f 407/950/407 376/867/376 478/1100/478
f 442/1101/442 383/1102/383 377/1103/377
f 408/951/408 479/1104/479 386/898/386
f 410/1105/410 480/1106/480 397/1107/397
f 397/1107/397 480/1106/480 396/1108/396
f 460/1092/460 435/1011/435 481/1109/481
f 436/1012/436 419/973/419 468/1110/468
f 429/998/429 405/943/405 457/1111/457
f 425/1112/425 418/1113/418 482/1114/482
f 373/938/373 444/1026/444 364/839/364
f 446/1028/446 483/1115/483 406/946/406
f 483/1116/483 447/1030/447 406/1029/406
f 440/1060/440 469/1117/469 453/1061/453
f 408/951/408 484/1118/484 479/1104/479
f 403/940/403 450/1036/450 395/920/395
f 425/1082/425 485/1119/485 467/1083/467
f 364/839/364 444/1026/444 486/1120/486
f 448/1121/448 487/1122/487 421/1123/421
f 392/910/392 476/1098/476 431/1001/431
f 439/1016/439 461/1072/461 462/1124/462
f 453/1063/453 488/1125/488 432/1002/432
f 432/1003/432 488/1126/488 489/1127/489
f 382/967/382 454/1043/454 490/1128/490
f 471/1129/471 477/1099/477 441/1018/441
f 442/1101/442 377/1103/377 491/1130/491
f 443/1020/443 492/1131/492 394/918/394
f 386/898/386 479/1104/479 449/1035/449
f 450/1036/450 451/1037/451 395/920/395
f 493/1132/493 424/1133/424 494/1134/494
f 495/1135/495 427/987/427 378/870/378
f 456/1049/456 496/1136/496 457/1050/457
f 456/1137/456 458/1138/458 497/1139/497
f 437/1084/437 467/1083/467 498/1140/498
f 460/1071/460 482/1141/482 418/972/418
f 438/1015/438 475/1097/475 474/1095/474
f 487/1122/487 476/1142/476 421/1123/421
f 431/1001/431 476/1098/476 461/1143/461
f 432/1003/432 489/1127/489 454/1068/454
f 391/1059/391 499/1144/499 430/1145/430
f 490/1146/490 455/1044/455 382/1069/382
f 430/1000/430 484/1118/484 408/951/408
f 427/1147/427 500/1148/500 466/1149/466
f 378/870/378 452/1038/452 495/1135/495
f 436/1150/436 501/1151/501 435/1152/435
f 468/1153/468 502/1154/502 436/1155/436
f 436/1155/436 502/1154/502 501/1156/501
f 364/1096/364 486/1157/486 475/1097/475
f 461/1158/461 476/1159/476 503/1160/503
f 453/1063/453 469/1161/469 488/1125/488
f 445/1027/445 477/1099/477 470/1162/470
f 377/1103/377 433/1163/433 491/1130/491
f 424/1133/424 493/1132/493 393/1164/393
f 451/1037/451 452/1038/452 404/941/404
f 429/998/429 457/1111/457 504/1165/504
f 434/1010/434 505/1166/505 458/1081/458
f 434/1010/434 506/1167/506 505/1166/505
f 434/1023/434 507/1168/507 506/1169/506
f 434/1023/434 472/1091/472 507/1168/507
f 428/1170/428 508/1171/508 472/1172/472
f 428/1170/428 509/1173/509 508/1171/508
f 437/1174/437 509/1175/509 428/1176/428
f 437/1177/437 498/1178/498 509/1179/509
f 467/1083/467 485/1119/485 498/1140/498
f 482/1180/482 485/1119/485 425/1082/425
f 460/1071/460 510/1181/510 482/1141/482
f 460/1092/460 481/1109/481 510/1182/510
f 501/1183/501 481/1109/481 435/1011/435
f 468/1153/468 511/1184/511 502/1154/502
f 468/1085/468 473/1093/473 511/1185/511
f 474/1095/474 512/1186/512 473/1094/473
f 474/1095/474 475/1097/475 513/1187/513
f 459/1058/459 499/1144/499 391/1059/391
f 447/1066/447 487/1188/487 448/1067/448
f 461/1189/461 503/1190/503 462/1075/462
f 462/1075/462 503/1190/503 514/1191/514
f 407/1025/407 515/1192/515 444/1026/444
f 430/1145/430 499/1144/499 516/1193/516
f 430/1194/430 516/1195/516 484/1196/484
f 465/1079/465 517/1197/517 409/952/409
f 409/952/409 517/1197/517 443/1070/443
f 426/1198/426 518/1199/518 376/1200/376
f 427/1147/427 495/1201/495 500/1148/500
f 519/1202/519 520/1203/520 521/1204/521
f 519/1202/519 521/1204/521 522/1205/522
f 520/1206/520 523/1207/523 521/1208/521
f 521/1204/521 524/1209/524 522/1205/522
f 525/1210/525 523/1207/523 520/1206/520
f 456/1049/456 526/1211/526 496/1136/496
f 497/1212/497 526/1213/526 456/1214/456
f 458/1138/458 505/1215/505 497/1139/497
f 507/1168/507 527/1216/527 506/1169/506
f 507/1168/507 523/1207/523 527/1216/527
f 472/1091/472 523/1207/523 507/1168/507
f 472/1091/472 521/1208/521 523/1207/523
f 472/1172/472 508/1171/508 521/1204/521
f 508/1171/508 524/1209/524 521/1204/521
f 509/1173/509 524/1209/524 508/1171/508
f 509/1179/509 528/1217/528 524/1218/524
f 509/1179/509 498/1178/498 528/1217/528
f 498/1140/498 529/1219/529 528/1220/528
f 498/1140/498 485/1119/485 529/1219/529
f 485/1119/485 530/1221/530 529/1219/529
f 485/1222/485 482/1223/482 530/1224/530
f 482/1223/482 531/1225/531 530/1224/530
f 482/1141/482 510/1181/510 531/1226/531
f 510/1181/510 481/1227/481 531/1226/531
f 483/1228/483 532/1229/532 447/1066/447
f 447/1066/447 532/1229/532 487/1188/487
f 476/1230/476 533/1231/533 503/1232/503
f 514/1191/514 534/1233/534 462/1075/462
f 470/1089/470 483/1115/483 446/1028/446
f 462/1075/462 534/1233/534 463/1087/463
f 407/1025/407 478/1234/478 515/1192/515
f 426/1198/426 535/1235/535 518/1199/518
f 479/1236/479 536/1237/536 449/1238/449
f 537/1239/537 538/1240/538 450/1241/450
f 538/1240/538 451/1242/451 450/1241/450
f 371/1243/371 539/1244/539 410/1105/410
f 424/1133/424 396/1108/396 494/1134/494
f 520/1203/520 519/1202/519 540/1245/540
f 519/1202/519 522/1205/522 541/1246/541
f 541/1247/541 522/1248/522 542/1249/542
f 542/1250/542 543/1251/543 544/1252/544
f 545/1253/545 546/1254/546 547/1255/547
f 520/1206/520 540/1256/540 525/1210/525
f 548/1257/548 546/1254/546 545/1253/545
f 547/1258/547 546/1259/546 549/1260/549
f 547/1258/547 549/1260/549 550/1261/550
f 542/1249/542 522/1248/522 543/1262/543
f 551/1263/551 546/1264/546 548/1265/548
f 550/1266/550 552/1267/552 553/1268/553
f 554/1269/554 555/1270/555 556/1271/556
f 554/1272/554 556/1273/556 557/1274/557
f 557/1274/557 556/1273/556 558/1275/558
f 557/1274/557 558/1275/558 525/1276/525
f 559/1277/559 543/1262/543 522/1248/522
f 544/1278/544 551/1263/551 548/1265/548
f 550/1261/550 549/1260/549 560/1279/560
f 550/1266/550 560/1280/560 552/1267/552
f 525/1210/525 558/1281/558 523/1207/523
f 524/1218/524 559/1277/559 522/1248/522
f 544/1252/544 543/1251/543 551/1282/551
f 497/1283/497 561/1284/561 526/1211/526
f 497/1139/497 555/1270/555 561/1285/561
f 497/1139/497 556/1271/556 555/1270/555
f 505/1215/505 556/1271/556 497/1139/497
f 505/1166/505 558/1275/558 556/1273/556
f 506/1167/506 558/1275/558 505/1166/505
f 527/1216/527 558/1281/558 506/1169/506
f 527/1216/527 523/1207/523 558/1281/558
f 528/1217/528 559/1277/559 524/1218/524
f 528/1217/528 543/1262/543 559/1277/559
f 529/1219/529 543/1251/543 528/1220/528
f 529/1219/529 551/1282/551 543/1251/543
f 530/1224/530 551/1286/551 529/1287/529
f 531/1225/531 551/1286/551 530/1224/530
f 531/1288/531 546/1289/546 551/1290/551
f 531/1288/531 549/1291/549 546/1289/546
f 481/1292/481 549/1260/549 531/1293/531
f 481/1292/481 560/1279/560 549/1260/549
f 501/1156/501 560/1280/560 481/1294/481
f 501/1156/501 552/1267/552 560/1280/560
f 502/1154/502 552/1267/552 501/1156/501
f 502/1154/502 562/1295/562 552/1267/552
f 502/1154/502 511/1184/511 562/1295/562
f 511/1185/511 473/1093/473 563/1296/563
f 474/1095/474 513/1187/513 512/1186/512
f 483/1297/483 564/1298/564 532/1299/532
f 487/1122/487 565/1300/565 533/1301/533
f 487/1122/487 533/1301/533 476/1142/476
f 488/1125/488 566/1302/566 489/1303/489
f 454/1068/454 489/1127/489 490/1304/490
f 426/1198/426 423/1305/423 535/1235/535
f 449/1238/449 537/1239/537 450/1241/450
f 371/919/371 394/918/394 539/1306/539
f 480/1106/480 494/1134/494 396/1108/396
f 540/1307/540 567/1308/567 568/1309/568
f 519/1202/519 567/1310/567 540/1245/540
f 519/1202/519 541/1246/541 567/1310/567
f 542/1249/542 569/1311/569 541/1247/541
f 544/1312/544 569/1313/569 542/1314/542
f 544/1312/544 570/1315/570 569/1313/569
f 548/1316/548 570/1315/570 544/1312/544
f 548/1317/548 571/1318/571 570/1319/570
f 548/1257/548 545/1253/545 571/1320/571
f 545/1253/545 572/1321/572 571/1320/571
f 545/1253/545 547/1255/547 572/1321/572
f 557/1274/557 525/1276/525 573/1322/573
f 525/1210/525 568/1323/568 573/1324/573
f 540/1256/540 568/1323/568 525/1210/525
f 547/1258/547 574/1325/574 572/1326/572
f 550/1261/550 574/1325/574 547/1258/547
f 574/1327/574 550/1266/550 575/1328/575
f 575/1328/575 550/1266/550 553/1268/553
f 576/1329/576 554/1269/554 577/1330/577
f 554/1272/554 573/1322/573 577/1331/577
f 557/1274/557 573/1322/573 554/1272/554
f 575/1328/575 553/1268/553 578/1332/578
f 579/1333/579 561/1284/561 576/1334/576
f 553/1268/553 562/1295/562 578/1332/578
f 579/1333/579 580/1335/580 561/1284/561
f 576/1329/576 561/1285/561 555/1270/555
f 554/1269/554 576/1329/576 555/1270/555
f 553/1268/553 552/1267/552 562/1295/562
f 457/1050/457 496/1136/496 581/1336/581
f 526/1211/526 580/1335/580 496/1136/496
f 561/1284/561 580/1335/580 526/1211/526
f 511/1184/511 578/1332/578 562/1295/562
f 563/1337/563 578/1332/578 511/1184/511
f 473/1338/473 582/1339/582 563/1340/563
f 473/1338/473 512/1341/512 582/1339/582
f 483/1297/483 583/1342/583 564/1298/564
f 483/1115/483 470/1089/470 583/1343/583
f 487/1122/487 532/1344/532 565/1300/565
f 503/1190/503 584/1345/584 514/1191/514
f 469/1088/469 463/1076/463 585/1346/585
f 469/1347/469 585/1348/585 586/1349/586
f 587/1350/587 566/1302/566 488/1125/488
f 471/1129/471 588/1351/588 477/1099/477
f 479/1236/479 484/1196/484 589/1352/589
f 451/1242/451 538/1240/538 590/1353/590
f 451/1242/451 591/1354/591 452/1355/452
f 573/1322/573 592/1356/592 577/1331/577
f 573/1322/573 593/1357/593 592/1356/592
f 568/1309/568 593/1358/593 573/1359/573
f 568/1309/568 594/1360/594 593/1358/593
f 567/1308/567 594/1360/594 568/1309/568
f 571/1318/571 595/1361/595 570/1319/570
f 574/1325/574 596/1362/596 572/1326/572
f 574/1327/574 597/1363/597 596/1364/596
f 575/1328/575 597/1363/597 574/1327/574
f 598/1365/598 579/1333/579 576/1334/576
f 577/1330/577 598/1366/598 576/1329/576
f 577/1330/577 592/1367/592 598/1366/598
f 575/1328/575 578/1332/578 599/1368/599
f 563/1337/563 600/1369/600 578/1332/578
f 532/1370/532 564/1371/564 601/1372/601
f 532/1370/532 601/1372/601 565/1373/565
f 503/1374/503 533/1375/533 602/1376/602
f 503/1377/503 602/1378/602 584/1379/584
f 490/1146/490 603/1380/603 455/1044/455
f 604/1381/604 588/1382/588 471/1383/471
f 401/1384/401 604/1381/604 471/1383/471
f 598/1365/598 605/1385/605 579/1333/579
f 598/1366/598 606/1386/606 605/1387/605
f 592/1367/592 606/1386/606 598/1366/598
f 592/1356/592 607/1388/607 606/1389/606
f 593/1357/593 607/1388/607 592/1356/592
f 593/1357/593 608/1390/608 607/1388/607
f 594/1360/594 608/1391/608 593/1358/593
f 570/1315/570 609/1392/609 569/1313/569
f 572/1393/572 610/1394/610 571/1395/571
f 571/1396/571 610/1397/610 595/1398/595
f 572/1326/572 596/1362/596 610/1399/610
f 575/1328/575 611/1400/611 597/1363/597
f 599/1368/599 611/1400/611 575/1328/575
f 612/1401/612 613/1402/613 579/1333/579
f 579/1333/579 613/1402/613 580/1335/580
f 578/1332/578 600/1369/600 599/1368/599
f 613/1402/613 581/1336/581 496/1136/496
f 580/1335/580 613/1402/613 496/1136/496
f 563/1340/563 582/1339/582 600/1403/600
f 412/1057/412 614/1404/614 459/1058/459
f 514/1191/514 584/1345/584 615/1405/615
f 514/1191/514 615/1405/615 534/1233/534
f 469/1161/469 586/1406/586 488/1125/488
f 488/1125/488 586/1406/586 587/1350/587
f 566/1407/566 616/1408/616 489/1409/489
f 490/1146/490 617/1410/617 603/1380/603
f 455/1044/455 603/1380/603 464/1077/464
f 464/1077/464 618/1411/618 465/1078/465
f 401/1384/401 442/1101/442 604/1381/604
f 465/1412/465 618/1413/618 517/1414/517
f 517/1414/517 619/1415/619 443/1416/443
f 478/1417/478 376/1418/376 518/1419/518
f 393/1164/393 620/1420/620 423/1305/423
f 449/1238/449 621/1421/621 537/1239/537
f 410/1105/410 539/1244/539 622/1422/622
f 452/1423/452 623/1424/623 495/1201/495
f 594/1360/594 624/1425/624 608/1391/608
f 567/1310/567 625/1426/625 594/1427/594
f 567/1310/567 626/1428/626 625/1426/625
f 541/1246/541 626/1428/626 567/1310/567
f 569/1311/569 626/1429/626 541/1247/541
f 597/1363/597 627/1430/627 596/1364/596
f 597/1363/597 611/1400/611 627/1430/627
f 599/1431/599 628/1432/628 629/1433/629
f 599/1431/599 600/1403/600 628/1432/628
f 630/1434/630 581/1336/581 613/1402/613
f 600/1403/600 582/1339/582 628/1432/628
f 512/1186/512 513/1187/513 631/1435/631
f 429/998/429 614/1436/614 412/1086/412
f 463/1076/463 534/1437/534 585/1346/585
f 566/1302/566 587/1350/587 632/1438/632
f 566/1407/566 632/1439/632 616/1408/616
f 489/1409/489 616/1408/616 617/1440/617
f 489/1441/489 617/1442/617 490/1443/490
f 477/1099/477 633/1444/633 470/1162/470
f 484/1196/484 634/1445/634 589/1352/589
f 449/1238/449 536/1237/536 621/1421/621
f 494/1134/494 635/1446/635 493/1132/493
f 590/1353/590 591/1354/591 451/1242/451
f 605/1385/605 612/1401/612 579/1333/579
f 595/1361/595 636/1447/636 570/1319/570
f 599/1431/599 629/1433/629 611/1448/611
f 612/1401/612 637/1449/637 613/1402/613
f 613/1402/613 637/1449/637 630/1434/630
f 457/1111/457 638/1450/638 504/1165/504
f 457/1050/457 630/1434/630 638/1451/638
f 581/1336/581 630/1434/630 457/1050/457
f 582/1339/582 512/1341/512 628/1432/628
f 429/998/429 504/1165/504 614/1436/614
f 470/1452/470 633/1453/633 639/1454/639
f 470/1452/470 639/1454/639 583/1455/583
f 565/1300/565 601/1456/601 640/1457/640
f 442/1101/442 641/1458/641 604/1381/604
f 393/1164/393 493/1132/493 620/1420/620
f 626/1429/626 569/1311/569 609/1459/609
f 627/1430/627 611/1400/611 642/1460/642
f 610/1399/610 596/1362/596 643/1461/643
f 644/1462/644 629/1433/629 628/1432/628
f 637/1449/637 645/1463/645 630/1434/630
f 513/1187/513 475/1097/475 486/1157/486
f 646/1464/646 486/1465/486 444/1466/444
f 647/1467/647 499/1144/499 648/1468/648
f 648/1468/648 499/1144/499 459/1058/459
f 640/1457/640 533/1301/533 565/1300/565
f 640/1469/640 602/1470/602 533/1471/533
f 615/1405/615 649/1472/649 534/1233/534
f 649/1473/649 585/1346/585 534/1437/534
f 650/1474/650 632/1438/632 587/1350/587
f 588/1351/588 633/1444/633 477/1099/477
f 641/1458/641 442/1101/442 491/1130/491
f 651/1475/651 491/1130/491 433/1163/433
f 410/1105/410 622/1422/622 480/1106/480
f 605/1476/605 652/1477/652 612/1478/612
f 605/1479/605 606/1480/606 653/1481/653
f 570/1315/570 636/1482/636 609/1392/609
f 629/1433/629 642/1483/642 611/1448/611
f 612/1401/612 654/1484/654 637/1449/637
f 629/1433/629 644/1462/644 642/1483/642
f 644/1462/644 628/1432/628 655/1485/655
f 630/1434/630 645/1463/645 638/1451/638
f 628/1432/628 512/1341/512 655/1485/655
f 512/1341/512 631/1486/631 655/1485/655
f 587/1350/587 586/1406/586 650/1474/650
f 433/1487/433 466/1149/466 651/1488/651
f 535/1235/535 423/1305/423 620/1420/620
f 625/1489/625 624/1425/624 594/1360/594
f 596/1362/596 656/1490/656 643/1461/643
f 596/1364/596 627/1430/627 656/1491/656
f 610/1492/610 643/1493/643 595/1494/595
f 657/1495/657 645/1463/645 637/1449/637
f 658/1496/658 659/1497/659 645/1498/645
f 645/1463/645 659/1499/659 638/1451/638
f 638/1450/638 660/1500/660 504/1165/504
f 499/1144/499 647/1467/647 516/1193/516
f 583/1342/583 661/1501/661 564/1298/564
f 585/1502/585 662/1503/662 586/1504/586
f 617/1440/617 616/1408/616 663/1505/663
f 603/1380/603 664/1506/664 464/1077/464
f 443/1507/443 619/1508/619 492/1509/492
f 621/1421/621 665/1510/665 537/1239/537
f 612/1478/612 652/1477/652 654/1511/654
f 606/1512/606 607/1513/607 653/1514/653
f 595/1494/595 643/1493/643 636/1515/636
f 637/1516/637 654/1511/654 657/1517/657
f 644/1462/644 666/1518/666 642/1483/642
f 644/1462/644 667/1519/667 666/1518/666
f 657/1517/657 658/1496/658 645/1498/645
f 655/1485/655 667/1519/667 644/1462/644
f 616/1408/616 632/1439/632 663/1505/663
f 633/1444/633 588/1351/588 668/1520/668
f 515/1521/515 478/1417/478 669/1522/669
f 664/1506/664 618/1411/618 464/1077/464
f 641/1458/641 670/1523/670 604/1381/604
f 479/1236/479 589/1352/589 536/1237/536
f 667/1519/667 655/1485/655 671/1524/671
f 659/1497/659 672/1525/672 638/1526/638
f 638/1526/638 672/1525/672 660/1527/660
f 486/1465/486 646/1464/646 673/1528/673
f 633/1444/633 668/1520/668 639/1529/639
f 601/1456/601 674/1530/674 640/1457/640
f 515/1521/515 669/1522/669 444/1531/444
f 588/1351/588 670/1532/670 668/1520/668
f 588/1382/588 604/1381/604 670/1523/670
f 484/1196/484 516/1195/516 634/1445/634
f 494/1134/494 675/1533/675 635/1446/635
f 480/1106/480 675/1533/675 494/1134/494
f 608/1390/608 676/1534/676 607/1388/607
f 655/1485/655 631/1486/631 671/1524/671
f 513/1187/513 677/1535/677 631/1435/631
f 668/1536/668 678/1537/678 639/1538/639
f 564/1371/564 661/1539/661 601/1372/601
f 632/1439/632 650/1540/650 663/1505/663
f 618/1413/618 679/1541/679 517/1414/517
f 478/1417/478 680/1542/680 669/1522/669
f 681/1543/681 539/1544/539 492/1545/492
f 492/1545/492 539/1544/539 394/1546/394
f 608/1391/608 624/1425/624 676/1547/676
f 657/1517/657 682/1548/682 658/1496/658
f 658/1496/658 683/1549/683 659/1497/659
f 659/1497/659 683/1549/683 672/1525/672
f 486/1465/486 684/1550/684 513/1551/513
f 678/1552/678 583/1455/583 639/1454/639
f 583/1553/583 678/1554/678 661/1555/661
f 584/1379/584 602/1378/602 685/1556/685
f 586/1406/586 662/1557/662 650/1474/650
f 654/1511/654 652/1477/652 682/1548/682
f 605/1479/605 653/1481/653 652/1558/652
f 657/1517/657 654/1511/654 682/1548/682
f 660/1527/660 672/1525/672 683/1549/683
f 486/1465/486 673/1528/673 684/1550/684
f 661/1539/661 674/1559/674 601/1372/601
f 584/1345/584 685/1560/685 615/1405/615
f 686/1561/686 603/1380/603 617/1410/617
f 686/1561/686 664/1506/664 603/1380/603
f 679/1541/679 619/1415/619 517/1414/517
f 478/1417/478 518/1419/518 687/1562/687
f 687/1563/687 518/1199/518 535/1235/535
f 620/1420/620 493/1132/493 635/1446/635
f 623/1424/623 452/1423/452 591/1564/591
f 666/1518/666 667/1519/667 688/1565/688
f 689/1566/689 671/1567/671 631/1435/631
f 648/1468/648 459/1058/459 614/1404/614
f 649/1568/649 662/1503/662 585/1502/585
f 664/1569/664 679/1541/679 618/1413/618
f 641/1458/641 491/1130/491 651/1475/651
f 619/1570/619 681/1543/681 492/1545/492
f 537/1239/537 665/1510/665 538/1240/538
f 688/1565/688 667/1519/667 689/1571/689
f 667/1519/667 671/1524/671 689/1571/689
f 444/1466/444 669/1572/669 646/1464/646
f 670/1573/670 690/1574/690 668/1575/668
f 681/1543/681 691/1576/691 539/1544/539
f 620/1420/620 635/1446/635 692/1577/692
f 495/1201/495 623/1424/623 500/1148/500
f 635/1578/635 675/1579/675 693/1580/693
f 666/1518/666 688/1565/688 694/1581/694
f 614/1582/614 504/1583/504 695/1584/695
f 504/1583/504 660/1585/660 696/1586/696
f 631/1435/631 677/1535/677 689/1566/689
f 679/1541/679 697/1587/697 619/1415/619
f 466/1149/466 500/1148/500 698/1588/698
f 682/1548/682 699/1589/699 700/1590/700
f 682/1548/682 700/1590/700 658/1496/658
f 504/1583/504 696/1586/696 695/1584/695
f 683/1549/683 696/1591/696 660/1527/660
f 668/1575/668 690/1574/690 701/1592/701
f 685/1556/685 602/1378/602 702/1593/702
f 615/1405/615 685/1560/685 649/1472/649
f 466/1149/466 698/1588/698 651/1488/651
f 691/1594/691 703/1595/703 539/1244/539
f 539/1244/539 703/1595/703 622/1422/622
f 622/1422/622 704/1596/704 480/1106/480
f 670/1573/670 641/1597/641 705/1598/705
f 623/1424/623 706/1599/706 500/1148/500
f 480/1106/480 704/1596/704 675/1533/675
f 609/1392/609 636/1482/636 707/1600/707
f 642/1483/642 708/1601/708 627/1602/627
f 658/1603/658 700/1604/700 709/1605/709
f 658/1496/658 710/1606/710 683/1549/683
f 709/1605/709 710/1607/710 658/1603/658
f 683/1608/683 710/1607/710 696/1586/696
f 695/1584/695 696/1586/696 711/1609/711
f 614/1582/614 712/1610/712 648/1611/648
f 651/1612/651 713/1613/713 641/1614/641
f 620/1420/620 714/1615/714 535/1235/535
f 607/1388/607 676/1534/676 653/1616/653
f 625/1426/625 715/1617/715 624/1618/624
f 642/1483/642 666/1518/666 708/1601/708
f 688/1565/688 689/1571/689 694/1581/694
f 684/1619/684 677/1620/677 513/1621/513
f 705/1598/705 690/1574/690 670/1573/670
f 602/1470/602 640/1469/640 716/1622/716
f 478/1417/478 687/1562/687 680/1542/680
f 536/1237/536 717/1623/717 621/1421/621
f 591/1354/591 590/1353/590 718/1624/718
f 682/1548/682 652/1477/652 699/1589/699
f 699/1625/699 719/1626/719 700/1604/700
f 689/1627/689 720/1628/720 694/1629/694
f 721/1630/721 695/1584/695 711/1609/711
f 722/1631/722 516/1632/516 647/1633/647
f 722/1631/722 723/1634/723 516/1632/516
f 701/1635/701 678/1537/678 668/1536/668
f 686/1636/686 617/1637/617 663/1638/663
f 724/1639/724 500/1148/500 706/1599/706
f 696/1586/696 710/1607/710 711/1609/711
f 689/1627/689 677/1620/677 720/1628/720
f 684/1619/684 720/1628/720 677/1620/677
f 686/1640/686 725/1641/725 664/1642/664
f 619/1643/619 726/1644/726 681/1645/681
f 713/1613/713 651/1612/651 727/1646/727
f 620/1420/620 692/1577/692 714/1615/714
f 698/1588/698 500/1148/500 724/1639/724
f 656/1490/656 728/1647/728 643/1461/643
f 648/1611/648 729/1648/729 647/1649/647
f 648/1611/648 712/1610/712 729/1648/729
f 723/1634/723 634/1650/634 516/1632/516
f 715/1651/715 676/1547/676 624/1425/624
f 643/1493/643 730/1652/730 636/1515/636
f 700/1604/700 731/1653/731 709/1605/709
f 709/1605/709 711/1609/711 710/1607/710
f 695/1584/695 712/1610/712 614/1582/614
f 650/1540/650 732/1654/732 663/1505/663
f 703/1595/703 704/1596/704 622/1422/622
f 625/1426/625 626/1428/626 715/1617/715
f 719/1626/719 731/1653/731 700/1604/700
f 716/1655/716 702/1593/702 602/1378/602
f 650/1474/650 662/1557/662 732/1656/732
f 664/1642/664 733/1657/733 679/1658/679
f 723/1659/723 734/1660/734 634/1661/634
f 698/1662/698 735/1663/735 651/1664/651
f 538/1240/538 718/1624/718 590/1353/590
f 609/1459/609 736/1665/736 626/1429/626
f 666/1666/666 694/1629/694 737/1667/737
f 695/1584/695 738/1668/738 712/1610/712
f 646/1464/646 739/1669/739 673/1528/673
f 661/1555/661 740/1670/740 674/1671/674
f 535/1235/535 714/1615/714 741/1672/741
f 591/1564/591 706/1599/706 623/1424/623
f 709/1605/709 731/1653/731 742/1673/742
f 742/1673/742 711/1609/711 709/1605/709
f 646/1464/646 743/1674/743 739/1669/739
f 536/1675/536 744/1676/744 717/1677/717
f 635/1578/635 745/1678/745 692/1679/692
f 653/1481/653 676/1680/676 746/1681/746
f 737/1682/737 708/1601/708 666/1518/666
f 694/1629/694 720/1628/720 747/1683/747
f 720/1628/720 748/1684/748 747/1683/747
f 721/1630/721 738/1668/738 695/1584/695
f 720/1628/720 749/1685/749 748/1684/748
f 720/1628/720 684/1619/684 749/1685/749
f 646/1464/646 669/1572/669 743/1674/743
f 705/1598/705 750/1686/750 690/1574/690
f 664/1642/664 725/1641/725 733/1657/733
f 641/1597/641 713/1687/713 705/1598/705
f 669/1688/669 680/1689/680 751/1690/751
f 734/1660/734 589/1691/589 634/1661/634
f 536/1692/536 589/1693/589 744/1694/744
f 703/1695/703 691/1696/691 752/1697/752
f 703/1695/703 752/1697/752 704/1698/704
f 652/1477/652 753/1699/753 754/1700/754
f 626/1429/626 736/1665/736 715/1701/715
f 731/1653/731 719/1626/719 755/1702/755
f 731/1703/731 755/1704/755 742/1705/742
f 742/1673/742 721/1630/721 711/1609/711
f 647/1633/647 729/1706/729 722/1631/722
f 669/1688/669 751/1690/751 743/1707/743
f 732/1708/732 756/1709/756 663/1710/663
f 733/1657/733 697/1711/697 679/1658/679
f 665/1510/665 757/1712/757 538/1240/538
f 652/1477/652 754/1700/754 699/1589/699
f 653/1481/653 753/1713/753 652/1558/652
f 609/1459/609 707/1714/707 736/1665/736
f 701/1635/701 758/1715/758 678/1537/678
f 713/1687/713 759/1716/759 705/1598/705
f 697/1587/697 726/1717/726 619/1415/619
f 735/1718/735 727/1646/727 651/1612/651
f 535/1235/535 741/1672/741 687/1563/687
f 706/1719/706 760/1720/760 724/1721/724
f 746/1681/746 753/1713/753 653/1481/653
f 708/1601/708 761/1722/761 627/1602/627
f 694/1629/694 747/1683/747 737/1667/737
f 742/1673/742 762/1723/762 721/1630/721
f 721/1630/721 762/1723/762 738/1668/738
f 684/1619/684 763/1724/763 749/1685/749
f 684/1725/684 739/1726/739 763/1727/763
f 673/1728/673 739/1729/739 684/1730/684
f 678/1554/678 740/1670/740 661/1555/661
f 717/1677/717 764/1731/764 621/1732/621
f 692/1733/692 765/1734/765 714/1735/714
f 621/1736/621 764/1737/764 665/1738/665
f 718/1739/718 766/1740/766 591/1741/591
f 591/1741/591 766/1740/766 706/1719/706
f 704/1742/704 767/1743/767 675/1579/675
f 627/1430/627 761/1744/761 656/1491/656
f 712/1610/712 738/1668/738 768/1745/768
f 748/1684/748 749/1685/749 769/1746/769
f 729/1706/729 770/1747/770 722/1631/722
f 649/1568/649 771/1748/771 662/1503/662
f 759/1716/759 750/1686/750 705/1598/705
f 687/1749/687 772/1750/772 680/1689/680
f 741/1751/741 714/1735/714 773/1752/773
f 735/1663/735 698/1662/698 774/1753/774
f 635/1578/635 775/1754/775 745/1678/745
f 538/1755/538 757/1756/757 718/1739/718
f 635/1578/635 693/1580/693 775/1754/775
f 675/1579/675 767/1743/767 693/1580/693
f 718/1739/718 776/1757/776 766/1740/766
f 736/1758/736 777/1759/777 715/1760/715
f 769/1761/769 749/1762/749 778/1763/778
f 749/1762/749 763/1727/763 778/1763/778
f 750/1686/750 701/1592/701 690/1574/690
f 764/1764/764 757/1765/757 665/1766/665
f 698/1662/698 724/1767/724 774/1753/774
f 747/1683/747 748/1684/748 769/1746/769
f 712/1610/712 779/1768/779 780/1769/780
f 712/1610/712 780/1769/780 729/1648/729
f 640/1469/640 674/1770/674 716/1622/716
f 697/1771/697 781/1772/781 726/1773/726
f 704/1698/704 752/1697/752 767/1774/767
f 699/1589/699 754/1700/754 719/1775/719
f 676/1547/676 715/1651/715 782/1776/782
f 747/1777/747 783/1778/783 737/1779/737
f 747/1777/747 784/1780/784 783/1778/783
f 769/1761/769 784/1780/784 747/1777/747
f 762/1781/762 768/1782/768 738/1783/738
f 685/1560/685 785/1784/785 649/1472/649
f 662/1785/662 786/1786/786 732/1787/732
f 686/1636/686 663/1638/663 756/1788/756
f 686/1640/686 756/1789/756 725/1641/725
f 681/1645/681 726/1644/726 787/1790/787
f 714/1735/714 765/1734/765 773/1752/773
f 643/1493/643 728/1791/728 730/1652/730
f 656/1490/656 761/1792/761 728/1647/728
f 755/1704/755 788/1793/788 742/1705/742
f 768/1745/768 779/1768/779 712/1610/712
f 725/1794/725 789/1795/789 733/1796/733
f 691/1797/691 681/1645/681 787/1790/787
f 790/1798/790 788/1793/788 755/1704/755
f 742/1705/742 788/1793/788 762/1781/762
f 768/1782/768 762/1781/762 788/1793/788
f 791/1799/791 769/1761/769 778/1763/778
f 792/1800/792 722/1631/722 770/1747/770
f 792/1800/792 723/1634/723 722/1631/722
f 793/1801/793 758/1715/758 701/1635/701
f 794/1802/794 589/1691/589 734/1660/734
f 795/1803/795 687/1804/687 741/1805/741
f 766/1740/766 796/1806/796 706/1719/706
f 636/1515/636 730/1652/730 707/1807/707
f 769/1761/769 791/1799/791 784/1780/784
f 778/1763/778 763/1727/763 791/1799/791
f 739/1808/739 743/1707/743 797/1809/797
f 798/1810/798 793/1811/793 701/1812/701
f 649/1568/649 785/1813/785 771/1748/771
f 733/1814/733 789/1815/789 799/1816/799
f 687/1749/687 795/1817/795 772/1750/772
f 787/1790/787 800/1818/800 691/1797/691
f 744/1676/744 801/1819/801 717/1677/717
f 783/1778/783 802/1820/802 737/1779/737
f 791/1799/791 763/1727/763 803/1821/803
f 739/1726/739 804/1822/804 763/1727/763
f 739/1726/739 797/1823/797 804/1822/804
f 680/1689/680 772/1750/772 751/1690/751
f 692/1679/692 745/1678/745 765/1824/765
f 715/1760/715 777/1759/777 782/1825/782
f 702/1593/702 805/1826/805 685/1556/685
f 662/1827/662 771/1828/771 786/1829/786
f 756/1709/756 806/1830/806 725/1831/725
f 697/1771/697 733/1832/733 781/1772/781
f 741/1805/741 773/1833/773 795/1803/795
f 719/1834/719 754/1835/754 807/1836/807
f 761/1837/761 708/1838/708 808/1839/808
f 783/1840/783 809/1841/809 802/1842/802
f 768/1782/768 810/1843/810 779/1844/779
f 763/1727/763 804/1822/804 803/1821/803
f 770/1747/770 729/1706/729 780/1845/780
f 723/1634/723 811/1846/811 734/1847/734
f 744/1676/744 589/1691/589 794/1802/794
f 757/1756/757 776/1757/776 718/1739/718
f 706/1719/706 796/1806/796 760/1720/760
f 737/1848/737 802/1849/802 708/1850/708
f 784/1780/784 791/1799/791 803/1821/803
f 803/1821/803 804/1822/804 812/1851/812
f 678/1554/678 758/1852/758 740/1670/740
f 771/1828/771 813/1853/813 786/1829/786
f 765/1734/765 814/1854/814 773/1752/773
f 717/1677/717 801/1819/801 764/1731/764
f 757/1855/757 815/1856/815 776/1857/776
f 782/1776/782 746/1858/746 676/1547/676
f 784/1859/784 816/1860/816 783/1840/783
f 788/1793/788 810/1843/810 768/1782/768
f 723/1634/723 792/1800/792 811/1846/811
f 774/1753/774 724/1767/724 817/1861/817
f 746/1681/746 818/1862/818 753/1713/753
f 784/1780/784 803/1821/803 816/1863/816
f 674/1770/674 819/1864/819 716/1622/716
f 807/1836/807 755/1704/755 719/1834/719
f 820/1865/820 708/1866/708 802/1842/802
f 809/1841/809 783/1840/783 816/1860/816
f 803/1867/803 812/1868/812 821/1869/821
f 800/1870/800 752/1697/752 691/1696/691
f 816/1860/816 803/1867/803 821/1869/821
f 701/1812/701 750/1871/750 798/1810/798
f 716/1622/716 819/1864/819 702/1872/702
f 755/1704/755 807/1836/807 790/1798/790
f 730/1873/730 822/1874/822 707/1875/707
f 708/1838/708 820/1876/820 808/1839/808
f 744/1676/744 794/1802/794 801/1819/801
f 801/1877/801 823/1878/823 764/1879/764
f 790/1880/790 824/1881/824 788/1882/788
f 779/1883/779 810/1884/810 825/1885/825
f 751/1690/751 826/1886/826 743/1707/743
f 792/1800/792 827/1887/827 811/1846/811
f 828/1888/828 773/1889/773 814/1890/814
f 807/1891/807 829/1892/829 790/1880/790
f 730/1873/730 728/1893/728 830/1894/830
f 829/1892/829 824/1881/824 790/1880/790
f 788/1882/788 831/1895/831 810/1884/810
f 831/1895/831 832/1896/832 810/1884/810
f 832/1896/832 825/1885/825 810/1884/810
f 780/1897/780 779/1883/779 825/1885/825
f 785/1898/785 685/1556/685 805/1826/805
f 756/1709/756 732/1708/732 833/1899/833
f 713/1613/713 834/1900/834 759/1901/759
f 724/1902/724 760/1903/760 817/1904/817
f 761/1837/761 835/1905/835 728/1906/728
f 824/1881/824 831/1895/831 788/1882/788
f 821/1869/821 812/1868/812 836/1907/836
f 743/1707/743 826/1886/826 797/1809/797
f 781/1908/781 837/1909/837 726/1644/726
f 795/1910/795 773/1889/773 838/1911/838
f 801/1877/801 839/1912/839 823/1878/823
f 753/1699/753 840/1913/840 754/1700/754
f 809/1841/809 816/1860/816 802/1842/802
f 725/1914/725 806/1915/806 789/1916/789
f 767/1917/767 841/1918/841 693/1919/693
f 753/1920/753 818/1921/818 840/1922/840
f 707/1875/707 822/1874/822 736/1923/736
f 802/1842/802 842/1924/842 820/1865/820
f 816/1860/816 843/1925/843 802/1842/802
f 816/1860/816 821/1869/821 843/1925/843
f 780/1897/780 825/1885/825 844/1926/844
f 812/1927/812 804/1928/804 836/1929/836
f 797/1930/797 826/1931/826 845/1932/845
f 838/1911/838 772/1933/772 795/1910/795
f 846/1934/846 801/1877/801 794/1935/794
f 823/1878/823 757/1855/757 764/1879/764
f 842/1924/842 802/1842/802 843/1925/843
f 847/1936/847 836/1929/836 804/1928/804
f 758/1852/758 848/1937/848 740/1670/740
f 849/1938/849 727/1646/727 735/1718/735
f 850/1939/850 836/1929/836 847/1936/847
f 759/1940/759 851/1941/851 750/1942/750
f 843/1925/843 821/1869/821 852/1943/852
f 821/1869/821 836/1907/836 852/1943/852
f 804/1928/804 853/1944/853 847/1936/847
f 851/1941/851 854/1945/854 750/1942/750
f 674/1946/674 740/1947/740 819/1948/819
f 813/1853/813 732/1949/732 786/1829/786
f 759/1940/759 855/1950/855 851/1941/851
f 727/1646/727 834/1900/834 713/1613/713
f 773/1889/773 828/1888/828 838/1911/838
f 765/1734/765 745/1951/745 814/1854/814
f 829/1892/829 856/1952/856 824/1881/824
f 761/1837/761 808/1839/808 835/1905/835
f 843/1925/843 857/1953/857 842/1924/842
f 843/1925/843 852/1943/852 857/1953/857
f 825/1885/825 832/1896/832 858/1954/858
f 825/1885/825 858/1954/858 844/1926/844
f 758/1955/758 793/1956/793 848/1957/848
f 733/1814/733 799/1816/799 781/1958/781
f 794/1935/794 734/1959/734 859/1960/859
f 774/1961/774 860/1962/860 735/1718/735
f 693/1919/693 841/1918/841 775/1963/775
f 730/1873/730 830/1894/830 822/1874/822
f 824/1881/824 861/1964/861 831/1895/831
f 836/1929/836 850/1939/850 862/1965/862
f 702/1966/702 863/1967/863 805/1968/805
f 834/1969/834 855/1950/855 759/1940/759
f 751/1690/751 772/1750/772 864/1970/864
f 811/1846/811 865/1971/865 734/1847/734
f 794/1935/794 859/1960/859 846/1934/846
f 817/1904/817 760/1903/760 866/1972/866
f 776/1857/776 867/1973/867 766/1974/766
f 766/1974/766 867/1973/867 796/1975/796
f 832/1896/832 868/1976/868 858/1954/858
f 804/1928/804 797/1977/797 853/1944/853
f 780/1845/780 869/1978/869 770/1747/770
f 801/1877/801 846/1934/846 839/1912/839
f 823/1878/823 870/1979/870 757/1855/757
f 824/1881/824 856/1952/856 861/1964/861
f 831/1895/831 868/1976/868 832/1896/832
f 844/1980/844 858/1981/858 871/1982/871
f 751/1983/751 864/1984/864 826/1931/826
f 854/1945/854 798/1985/798 750/1942/750
f 740/1986/740 872/1987/872 819/1988/819
f 819/1988/819 863/1989/863 702/1990/702
f 734/1959/734 865/1991/865 859/1960/859
f 726/1644/726 837/1909/837 787/1790/787
f 787/1790/787 873/1992/873 800/1818/800
f 774/1993/774 817/1994/817 860/1995/860
f 800/1996/800 874/1997/874 752/1998/752
f 752/1999/752 875/2000/875 767/1917/767
f 836/1907/836 862/2001/862 852/1943/852
f 797/1930/797 845/1932/845 853/2002/853
f 770/1747/770 869/1978/869 792/1800/792
f 756/1709/756 833/1899/833 806/1830/806
f 727/1646/727 849/1938/849 834/1900/834
f 735/1718/735 860/1962/860 849/1938/849
f 807/1891/807 876/2003/876 829/1892/829
f 754/2004/754 876/2005/876 807/2006/807
f 754/2004/754 840/2007/840 876/2005/876
f 831/1895/831 861/1964/861 868/1976/868
f 833/1899/833 732/1708/732 877/2008/732
f 837/2009/837 781/2010/781 878/2011/877
f 837/2009/837 873/2012/873 787/2013/787
f 879/2014/878 870/2015/870 823/2016/823
f 776/1857/776 815/1856/815 867/1973/867
f 728/1893/728 880/2017/879 830/1894/830
f 823/2018/823 839/2019/839 879/2020/878
f 874/1997/874 881/2021/880 752/1998/752
f 767/1917/767 875/2000/875 841/1918/841
f 861/2022/861 856/2023/856 882/2024/881
f 868/2025/868 883/2026/882 858/1981/858
f 782/1825/782 884/2027/883 746/2028/746
f 808/1839/808 820/1876/820 885/2029/884
f 828/2030/828 886/2031/885 838/2032/838
f 775/1754/775 887/2033/886 745/1678/745
f 775/2034/775 841/2035/841 887/2036/886
f 815/1856/815 888/2037/887 867/1973/867
f 736/1923/736 822/1874/822 889/2038/888
f 808/1839/808 885/2029/884 890/2039/889
f 850/1939/850 891/2040/890 862/1965/862
f 850/1939/850 847/1936/847 891/2040/890
f 848/1957/848 892/2041/891 740/1986/740
f 772/2042/772 893/2043/892 864/2044/864
f 834/1900/834 849/1938/849 894/2045/893
f 745/2046/745 895/2047/894 814/2048/814
f 796/2049/796 866/1972/866 760/1903/760
f 881/2021/880 875/2050/875 752/1998/752
f 829/2051/829 896/2052/895 856/2023/856
f 852/1943/852 862/2001/862 897/2053/896
f 883/2026/882 898/2054/897 858/1981/858
f 862/2055/862 891/2056/890 899/2057/898
f 858/1981/858 898/2054/897 871/1982/871
f 780/2058/780 844/2059/844 869/2060/869
f 785/2061/785 805/1968/805 900/2062/899
f 799/1816/799 878/2063/877 781/1958/781
f 811/2064/811 827/2065/827 901/2066/900
f 837/2009/837 902/2067/901 873/2012/873
f 772/1933/772 838/1911/838 893/2068/892
f 873/2069/873 874/2070/874 800/2071/800
f 746/2028/746 884/2027/883 818/1921/818
f 880/2017/879 728/1893/728 835/2072/835
f 861/2022/861 882/2024/881 868/2025/868
f 868/2025/868 882/2024/881 883/2026/882
f 813/2073/813 877/2008/732 732/1708/732
f 757/1855/757 870/1979/870 815/1856/815
f 870/1979/870 888/2037/887 815/1856/815
f 875/2074/875 903/2075/902 841/2076/841
f 834/1900/834 894/2045/893 855/2077/855
f 838/2078/838 904/2079/903 893/2043/892
f 841/2080/841 903/2081/902 905/2082/904
f 856/2023/856 896/2052/895 906/2083/905
f 808/1839/808 890/2039/889 835/1905/835
f 847/2084/847 907/2085/906 891/2086/890
f 847/1936/847 853/1944/853 907/2087/906
f 811/2064/811 901/2066/900 865/2088/865
f 838/2032/838 886/2031/885 908/2089/907
f 745/2046/745 887/2090/886 895/2047/894
f 875/2091/875 909/2092/908 903/2093/902
f 862/2055/862 899/2057/898 897/2094/896
f 826/1931/826 864/1984/864 910/2095/909
f 872/1987/872 863/1989/863 819/1988/819
f 911/2096/910 874/2070/874 873/2069/873
f 736/1923/736 912/2097/911 777/2098/777
f 820/1865/820 842/1924/842 913/2099/912
f 883/2026/882 914/2100/913 898/2054/897
f 898/2054/897 914/2100/913 871/1982/871
f 871/1982/871 914/2100/913 915/2101/914
f 853/2002/853 845/1932/845 916/2102/915
f 792/1800/792 917/2103/916 827/1887/827
f 785/2061/785 900/2062/899 771/1828/771
f 838/2032/838 908/2089/907 904/2104/903
f 846/1934/846 918/2105/917 839/1912/839
f 841/2080/841 905/2082/904 887/2106/886
f 867/1973/867 919/2107/918 796/1975/796
f 882/2024/881 920/2108/919 883/2026/882
f 883/2026/882 920/2108/919 914/2100/913
f 863/1967/863 921/2109/920 805/1968/805
f 805/1968/805 921/2109/920 900/2062/899
f 813/1853/813 771/1828/771 922/2110/921
f 837/2009/837 878/2011/877 902/2067/901
f 814/1890/814 923/2111/922 828/1888/828
f 919/2112/918 924/2113/923 796/2114/796
f 796/2114/796 924/2113/923 866/2115/866
f 835/1905/835 925/2116/924 880/2117/879
f 798/2118/798 926/2119/925 793/2120/793
f 926/2121/925 848/1957/848 793/1956/793
f 877/2008/732 927/2122/926 833/1899/833
f 789/2123/789 928/2124/927 799/2125/799
f 846/2126/846 929/2127/928 918/2128/917
f 859/1960/859 929/2129/928 846/1934/846
f 814/2130/814 895/2131/894 923/2132/922
f 881/2133/880 909/2134/908 875/2135/875
f 829/2136/829 876/2137/876 896/2138/895
f 822/1874/822 830/1894/830 889/2038/888
f 871/1982/871 915/2101/914 844/1980/844
f 853/2002/853 916/2102/915 907/2139/906
f 740/1986/740 892/2041/891 872/1987/872
f 806/1915/806 928/2140/927 789/1916/789
f 902/2067/901 911/2141/910 873/2012/873
f 879/2014/878 930/2142/929 870/2015/870
f 817/2143/817 931/2144/930 860/2145/860
f 817/2143/817 866/2115/866 931/2144/930
f 856/2023/856 906/2083/905 882/2024/881
f 865/2088/865 901/2066/900 932/2146/931
f 849/2147/849 933/2148/932 894/2149/893
f 884/2027/883 782/1825/782 934/2150/933
f 934/2150/933 782/1825/782 777/1759/777
f 912/2097/911 736/1923/736 889/2038/888
f 913/2099/912 842/1924/842 857/1953/857
f 935/2151/934 882/2024/881 906/2083/905
f 913/2099/912 857/1953/857 852/1943/852
f 917/2152/916 901/2066/900 827/2065/827
f 926/2121/925 892/2041/891 848/1957/848
f 833/1899/833 936/2153/935 806/1830/806
f 937/2154/936 851/2155/851 855/2156/855
f 913/2099/912 852/1943/852 897/2053/896
f 845/1932/845 826/1931/826 910/2095/909
f 806/2157/806 936/2158/935 928/2159/927
f 874/2070/874 938/2160/937 881/2161/880
f 919/2112/918 939/2162/938 924/2113/923
f 940/2163/939 840/1922/840 818/1921/818
f 913/2099/912 885/2164/884 820/1865/820
f 882/2024/881 935/2151/934 920/2108/919
f 914/2100/913 920/2108/919 915/2101/914
f 792/1800/792 869/1978/869 917/2103/916
f 851/2155/851 937/2154/936 854/2165/854
f 859/2166/859 865/2088/865 932/2146/931
f 912/2167/911 889/2168/888 941/2169/940
f 913/2170/912 897/2171/896 942/2172/941
f 910/2095/909 864/1984/864 943/2173/942
f 932/2146/931 929/2174/928 859/2166/859
f 867/2175/867 888/2176/887 919/2177/918
f 944/2178/943 945/2179/944 854/2180/854
f 902/2067/901 878/2011/877 946/2181/945
f 893/2043/892 943/2182/942 864/2044/864
f 839/2019/839 947/2183/946 879/2020/878
f 874/2070/874 911/2096/910 938/2160/937
f 930/2142/929 948/2184/947 870/2015/870
f 870/2015/870 948/2184/947 888/2176/887
f 876/2137/876 949/2185/948 896/2138/895
f 917/2152/916 869/2186/869 950/2187/949
f 854/2180/854 945/2179/944 798/2118/798
f 833/1899/833 927/2122/926 936/2153/935
f 860/2188/860 933/2148/932 849/2147/849
f 909/2092/908 951/2189/950 903/2093/902
f 913/2170/912 952/2190/951 885/2191/884
f 913/2170/912 942/2172/941 952/2190/951
f 897/2171/896 953/2192/952 942/2172/941
f 854/2193/854 937/2194/936 944/2195/943
f 923/2196/922 954/2197/953 828/2198/828
f 866/2115/866 924/2113/923 931/2144/930
f 938/2199/937 955/2200/954 881/2201/880
f 885/2029/884 956/2202/955 890/2039/889
f 906/2203/905 957/2204/956 935/2205/934
f 799/2125/799 958/2206/957 878/2207/877
f 959/2208/958 895/2209/894 887/2210/886
f 925/2116/924 890/2039/889 956/2202/955
f 960/2211/959 920/2212/919 935/2205/934
f 961/2213/960 916/2102/915 845/1932/845
f 945/2179/944 926/2119/925 798/2118/798
f 855/2214/855 894/2215/893 962/2216/961
f 933/2148/932 962/2217/961 894/2149/893
f 929/2127/928 963/2218/962 918/2128/917
f 886/2031/885 828/2030/828 964/2219/963
f 828/2220/828 954/2221/953 964/2222/963
f 954/2223/953 923/2224/922 895/2225/894
f 876/2226/876 840/1922/840 965/2227/964
f 818/1921/818 884/2027/883 940/2163/939
f 835/1905/835 890/2039/889 925/2116/924
f 869/2228/869 844/2229/844 966/2230/965
f 799/2125/799 928/2124/927 958/2206/957
f 948/2184/947 967/2231/966 888/2176/887
f 887/2210/886 905/2232/904 959/2208/958
f 888/2176/887 967/2231/966 919/2177/918
f 777/2233/777 912/2234/911 934/2235/933
f 968/2236/967 966/2230/965 844/2229/844
f 771/1828/771 900/2062/899 922/2110/921
f 918/2237/917 947/2183/946 839/2019/839
f 960/2211/959 969/2238/968 920/2212/919
f 813/2239/813 922/2240/921 877/2241/732
f 878/2242/877 958/2243/957 946/2244/945
f 970/2245/969 939/2162/938 919/2112/918
f 830/1894/830 971/2246/970 889/2038/888
f 906/2203/905 972/2247/971 957/2204/956
f 906/2203/905 896/2248/895 972/2247/971
f 942/2249/941 973/2250/972 952/2251/951
f 942/2249/941 953/2252/952 973/2250/972
f 916/2253/915 974/2254/973 907/2255/906
f 869/2228/869 966/2230/965 950/2256/949
f 950/2187/949 975/2257/974 917/2152/916
f 945/2179/944 976/2258/975 926/2119/925
f 892/2041/891 977/2259/976 872/1987/872
f 929/2174/928 932/2146/931 963/2260/962
f 905/2232/904 903/2261/902 978/2262/977
f 881/2263/880 955/2264/954 909/2092/908
f 889/2168/888 971/2265/970 941/2169/940
f 885/2266/884 979/2267/978 956/2268/955
f 844/2229/844 915/2269/914 968/2236/967
f 917/2152/916 980/2270/979 901/2066/900
f 893/2043/892 981/2271/980 943/2182/942
f 918/2272/917 982/2273/981 947/2274/946
f 919/2275/918 967/2276/966 970/2277/969
f 885/2191/884 952/2190/951 973/2278/972
f 920/2212/919 969/2238/968 915/2279/914
f 910/2095/909 961/2213/960 845/1932/845
f 877/2008/732 983/2280/982 927/2122/926
f 855/2214/855 962/2216/961 937/2281/936
f 902/2282/901 984/2283/983 911/2284/910
f 893/2043/892 904/2079/903 981/2271/980
f 911/2096/910 985/2285/984 938/2160/937
f 905/2232/904 978/2262/977 959/2208/958
f 840/1922/840 940/2163/939 965/2227/964
f 973/2286/972 979/2267/978 885/2266/884
f 901/2066/900 980/2270/979 932/2146/931
f 918/2272/917 963/2287/962 982/2273/981
f 961/2288/960 974/2254/973 916/2253/915
f 872/2289/872 986/2290/872 863/2291/863
f 936/2153/935 927/2122/926 987/2292/985
f 933/2293/932 988/2294/986 962/2295/961
f 909/2092/908 955/2264/954 951/2189/950
f 896/2248/895 949/2296/948 972/2247/971
f 953/2252/952 897/2297/896 989/2298/987
f 912/2234/911 941/2299/940 934/2235/933
f 973/2286/972 990/2300/988 979/2267/978
f 891/2301/890 991/2302/989 899/2303/898
f 891/2301/890 907/2255/906 991/2302/989
f 910/2304/909 992/2305/990 961/2306/960
f 975/2257/974 980/2270/979 917/2152/916
f 886/2307/885 993/2308/991 908/2309/907
f 931/2310/930 994/2311/992 860/2188/860
f 973/2250/972 953/2252/952 990/2312/988
f 915/2279/914 969/2238/968 995/2313/993
f 872/2289/872 977/2314/976 986/2290/872
f 936/2315/935 996/2316/994 928/2317/927
f 902/2282/901 946/2318/945 984/2283/983
f 911/2319/910 984/2320/983 985/2321/984
f 939/2322/938 997/2323/995 924/2324/923
f 924/2324/923 997/2323/995 998/2325/996
f 884/2027/883 999/2326/997 940/2163/939
f 957/2327/956 972/2328/971 1000/2329/998
f 935/2205/934 957/2204/956 1001/2330/999
f 935/2205/934 1001/2330/999 960/2211/959
f 897/2297/896 899/2303/898 989/2298/987
f 915/2331/914 995/2332/993 968/2333/967
f 926/2121/925 1002/2334/891 892/2041/891
f 983/2280/982 1003/2335/1000 927/2122/926
f 936/2315/935 987/2336/985 996/2316/994
f 860/2188/860 994/2311/992 933/2148/932
f 904/2337/903 908/2338/907 1004/2339/1001
f 899/2303/898 1005/2340/1002 989/2298/987
f 899/2303/898 991/2302/989 1005/2340/1002
f 910/2341/909 943/2342/942 992/2343/990
f 886/2307/885 964/2344/963 993/2308/991
f 954/2223/953 895/2225/894 1006/2345/1003
f 895/2225/894 959/2346/958 1006/2345/1003
f 950/2256/949 966/2230/965 975/2347/974
f 892/2041/891 1002/2334/891 977/2259/976
f 949/2348/948 1007/2349/1004 972/2350/971
f 876/2137/876 965/2351/964 949/2185/948
f 957/2327/956 1000/2329/998 1008/2352/1005
f 953/2252/952 1009/2353/1006 990/2312/988
f 957/2327/956 1008/2352/1005 1001/2354/999
f 953/2252/952 989/2298/987 1009/2353/1006
f 960/2355/959 1010/2356/1007 969/2357/968
f 969/2357/968 1010/2356/1007 995/2332/993
f 922/2240/921 983/2358/982 877/2241/732
f 943/2342/942 981/2359/980 1011/2360/1008
f 1012/2361/1009 938/2362/937 985/2321/984
f 1012/2363/1009 955/2200/954 938/2199/937
f 1013/2364/1010 1007/2349/1004 949/2348/948
f 1014/2365/1011 884/2366/883 934/2235/933
f 1015/2367/1012 1010/2356/1007 960/2355/959
f 863/2368/863 986/2369/872 921/2370/920
f 963/2287/962 932/2371/931 1016/2372/1013
f 921/2109/920 1017/2373/1014 900/2062/899
f 937/2374/936 1018/2375/1015 944/2376/943
f 944/2376/943 1018/2375/1015 945/2377/944
f 926/2121/925 1019/2378/1016 1002/2334/891
f 981/2359/980 1004/2379/1001 1011/2360/1008
f 904/2337/903 1004/2339/1001 981/2380/980
f 884/2027/883 1014/2381/1011 999/2326/997
f 976/2382/975 1019/2378/1016 926/2121/925
f 1017/2373/1014 922/2110/921 900/2062/899
f 930/2383/929 1020/2384/1017 948/2385/947
f 1006/2386/1003 959/2387/958 1021/2388/1018
f 903/2261/902 1022/2389/1019 978/2262/977
f 970/2390/969 1023/2391/1020 939/2322/938
f 939/2322/938 1023/2391/1020 997/2323/995
f 903/2093/902 951/2189/950 1022/2392/1019
f 949/2348/948 965/2393/964 1013/2364/1010
f 934/2235/933 941/2299/940 1014/2365/1011
f 830/1894/830 1024/2394/1021 971/2246/970
f 979/2395/978 1025/2396/1022 956/2202/955
f 966/2397/965 1026/2398/1023 975/2399/974
f 975/2400/974 1027/2401/1024 980/2402/979
f 927/2122/926 1003/2335/1000 987/2292/985
f 879/2403/878 1020/2384/1017 930/2383/929
f 959/2387/958 978/2404/977 1021/2388/1018
f 951/2405/950 1028/2406/1025 1022/2407/1019
f 963/2287/962 1029/2408/1026 982/2273/981
f 1012/2363/1009 1030/2409/1027 955/2200/954
f 928/2317/927 996/2316/994 1031/2410/1028
f 962/2295/961 988/2294/986 1032/2411/1029
f 954/2221/953 1033/2412/1030 964/2222/963
f 924/2324/923 998/2325/996 931/2413/930
f 955/2200/954 1028/2406/1025 951/2405/950
f 830/2414/830 880/2415/879 1024/2416/1021
f 1034/2417/1031 907/2255/906 974/2254/973
f 1031/2410/1028 958/2243/957 928/2317/927
f 1029/2408/1026 963/2287/962 1016/2372/1013
f 1025/2396/1022 925/2116/924 956/2202/955
f 1035/2418/1032 1000/2329/998 972/2328/971
f 990/2312/988 1009/2353/1006 1036/2419/1033
f 960/2355/959 1001/2420/999 1015/2367/1012
f 991/2302/989 907/2255/906 1034/2417/1031
f 1018/2421/1015 976/2422/975 945/2423/944
f 992/2343/990 943/2342/942 1037/2424/1034
f 933/2425/932 994/2426/992 988/2427/986
f 954/2223/953 1006/2345/1003 1033/2428/1030
f 931/2413/930 998/2325/996 1038/2429/1035
f 955/2200/954 1030/2409/1027 1028/2406/1025
f 1026/2430/1023 1027/2431/1024 975/2432/974
f 1002/2334/891 1039/2433/1036 977/2259/976
f 987/2292/985 1003/2335/1000 1040/2434/1037
f 932/2371/931 980/2435/979 1016/2372/1013
f 999/2326/997 965/2227/964 940/2163/939
f 1009/2353/1006 989/2298/987 1036/2419/1033
f 977/2314/976 1041/2436/771 986/2290/872
f 937/2374/936 962/2295/961 1042/2437/1038
f 943/2342/942 1011/2360/1008 1037/2424/1034
f 964/2344/963 1033/2438/1030 993/2308/991
f 994/2426/992 931/2413/930 1038/2429/1035
f 990/2312/988 1036/2419/1033 979/2439/978
f 1008/2352/1005 1000/2329/998 1043/2440/1039
f 1008/2352/1005 1043/2440/1039 1001/2354/999
f 1043/2440/1039 1044/2441/1040 1001/2354/999
f 991/2442/989 1045/2443/1041 1005/2444/1002
f 991/2442/989 1034/2445/1031 1045/2443/1041
f 1016/2372/1013 980/2435/979 1046/2446/1042
f 947/2447/946 1047/2448/1043 879/2403/878
f 880/2415/879 1048/2449/1044 1024/2416/1021
f 925/2450/924 1048/2449/1044 880/2415/879
f 989/2451/987 1049/2452/1045 1036/2453/1033
f 989/2454/987 1005/2444/1002 1049/2455/1045
f 961/2456/960 1050/2457/1046 974/2458/973
f 1039/2459/1036 1041/2436/771 977/2314/976
f 994/2426/992 1051/2460/1047 988/2427/986
f 994/2426/992 1038/2429/1035 1051/2460/1047
f 979/2461/978 1036/2453/1033 1052/2462/1048
f 1001/2420/999 1053/2463/1049 1015/2367/1012
f 961/2306/960 992/2305/990 1050/2464/1046
f 983/2358/982 1054/2465/1050 1003/2466/1000
f 946/2467/945 1055/2468/1051 984/2320/983
f 1030/2469/1027 1056/2470/1052 1028/2471/1025
f 1001/2472/999 1044/2473/1040 1053/2474/1049
f 980/2475/979 1027/2431/1024 1046/2476/1042
f 962/2295/961 1032/2411/1029 1042/2437/1038
f 879/2403/878 1047/2448/1043 1020/2384/1017
f 941/2299/940 1057/2477/1053 1014/2365/1011
f 1052/2462/1048 1025/2478/1022 979/2461/978
f 1015/2367/1012 1058/2479/1054 1010/2356/1007
f 1058/2479/1054 995/2332/993 1010/2356/1007
f 1042/2437/1038 1018/2375/1015 937/2374/936
f 1059/2480/1055 1029/2481/1026 1016/2482/1013
f 986/2369/872 1060/2483/1056 921/2370/920
f 1031/2410/1028 946/2244/945 958/2243/957
f 1055/2468/1051 985/2321/984 984/2320/983
f 1061/2484/1057 988/2485/986 1051/2486/1047
f 908/2487/907 993/2488/991 1062/2489/1058
f 982/2273/981 1063/2490/1059 947/2274/946
f 1063/2491/1059 1047/2492/1043 947/2493/946
f 948/2494/947 1064/2495/1060 967/2276/966
f 1064/2495/1060 970/2277/969 967/2276/966
f 1036/2453/1033 1065/2496/1061 1052/2462/1048
f 1015/2497/1012 1053/2474/1049 1058/2498/1054
f 1053/2474/1049 1066/2499/1062 1058/2498/1054
f 1055/2468/1051 1067/2500/1063 985/2321/984
f 978/2404/977 1022/2501/1019 1021/2388/1018
f 970/2277/969 1064/2495/1060 1023/2502/1020
f 941/2169/940 971/2265/970 1068/2503/1064
f 1025/2504/1022 1048/2449/1044 925/2450/924
f 995/2332/993 1058/2479/1054 968/2333/967
f 1058/2498/1054 1066/2499/1062 1069/2505/1065
f 1002/2334/891 1070/2506/1066 1039/2433/1036
f 922/2240/921 1017/2507/1014 1071/2508/1067
f 1021/2509/1018 1022/2510/1019 1072/2511/1068
f 1024/2512/1021 1073/2513/1069 971/2514/970
f 966/2397/965 968/2515/967 1026/2398/1023
f 1046/2516/1042 1059/2480/1055 1016/2482/1013
f 908/2487/907 1062/2489/1058 1004/2379/1001
f 985/2321/984 1067/2500/1063 1012/2361/1009
f 1036/2453/1033 1049/2452/1045 1065/2496/1061
f 1058/2498/1054 1074/2517/1070 968/2518/967
f 1058/2498/1054 1069/2505/1065 1074/2517/1070
f 1018/2519/1015 1075/2520/1071 976/2521/975
f 922/2240/921 1071/2508/1067 983/2358/982
f 987/2522/985 1076/2523/1072 996/2524/994
f 972/2350/971 1007/2349/1004 1035/2525/1032
f 921/2370/920 1077/2526/1073 1017/2527/1014
f 1040/2528/1037 1076/2523/1072 987/2522/985
f 998/2529/996 1078/2530/1074 1038/2531/1035
f 1049/2532/1045 1079/2533/1075 1065/2534/1061
f 968/2535/967 1074/2536/1070 1080/2537/1076
f 1051/2486/1047 1081/2538/1077 1061/2484/1057
f 948/2539/947 1082/2540/1078 1064/2541/1060
f 997/2542/995 1078/2530/1074 998/2529/996
f 971/2265/970 1073/2543/1069 1068/2503/1064
f 1049/2455/1045 1005/2444/1002 1083/2544/1079
f 968/2535/967 1080/2537/1076 1026/2430/1023
f 986/2290/872 1041/2436/771 1084/2545/1080
f 986/2290/872 1084/2545/1080 1060/2546/1056
f 996/2524/994 1076/2523/1072 1031/2547/1028
f 946/2548/945 1085/2549/1081 1055/2550/1051
f 1004/2379/1001 1062/2489/1058 1011/2360/1008
f 1029/2481/1026 1063/2491/1059 982/2551/981
f 1022/2510/1019 1086/2552/1082 1072/2511/1068
f 1022/2510/1019 1028/2553/1025 1086/2552/1082
f 1048/2554/1044 1025/2555/1022 1087/2556/1083
f 1039/2459/1036 1070/2557/1066 1088/2558/1084
f 1020/2559/1017 1082/2540/1078 948/2539/947
f 1023/2560/1020 1089/2561/1085 997/2542/995
f 1049/2532/1045 1083/2562/1079 1079/2533/1075
f 976/2521/975 1075/2520/1071 1090/2563/1086
f 1031/2564/1028 1085/2549/1081 946/2548/945
f 1033/2565/1030 1006/2566/1003 1091/2567/1087
f 1057/2568/1053 941/2169/940 1068/2503/1064
f 1019/2378/1016 1070/2506/1066 1002/2334/891
f 1031/2569/1028 1092/2570/1088 1085/2571/1081
f 1034/2445/1031 1093/2572/1089 1045/2443/1041
f 1094/2573/1090 1071/2508/1067 1017/2507/1014
f 1085/2571/1081 1095/2574/1091 1055/2575/1051
f 999/2576/997 1096/2577/1092 965/2578/964
f 1052/2462/1048 1097/2579/1093 1025/2478/1022
f 1050/2580/1046 1098/2581/1094 974/2582/973
f 992/2343/990 1037/2424/1034 1099/2583/1095
f 1019/2584/1016 976/2585/975 1090/2586/1086
f 1019/2587/1016 1090/2588/1086 1070/2589/1066
f 1017/2507/1014 1077/2590/1073 1094/2573/1090
f 1031/2569/1028 1076/2591/1072 1092/2570/1088
f 1037/2424/1034 1011/2360/1008 1100/2592/1096
f 1062/2489/1058 993/2488/991 1101/2593/1097
f 993/2594/991 1033/2595/1030 1102/2596/1098
f 1007/2597/1004 1103/2598/1099 1035/2599/1032
f 1061/2484/1057 1032/2600/1029 988/2485/986
f 1011/2360/1008 1062/2489/1058 1100/2592/1096
f 1038/2531/1035 1104/2601/1100 1051/2602/1047
f 1012/2361/1009 1105/2603/1101 1030/2469/1027
f 974/2604/973 1106/2605/1102 1034/2606/1031
f 1080/2537/1076 1107/2607/1103 1026/2430/1023
f 1042/2608/1038 1108/2609/1104 1018/2519/1015
f 1088/2558/1084 1041/2436/771 1039/2459/1036
f 1109/2610/1105 1067/2611/1063 1055/2575/1051
f 1102/2612/1098 1101/2613/1097 993/2614/991
f 1110/2615/1106 1020/2616/1017 1047/2492/1043
f 1104/2601/1100 1038/2531/1035 1078/2530/1074
f 1111/2617/1107 1024/2618/1021 1048/2619/1044
f 1112/2620/1108 1043/2621/1039 1000/2622/998
f 1112/2620/1108 1000/2622/998 1035/2599/1032
f 1097/2579/1093 1052/2462/1048 1065/2496/1061
f 1054/2465/1050 983/2358/982 1071/2508/1067
f 1113/2623/1109 1042/2624/1038 1032/2600/1029
f 1061/2484/1057 1114/2625/1110 1032/2600/1029
f 1062/2626/1058 1101/2627/1097 1100/2628/1096
f 1064/2629/1060 1115/2630/1111 1023/2560/1020
f 1112/2620/1108 1116/2631/1112 1043/2621/1039
f 1116/2631/1112 1044/2473/1040 1043/2621/1039
f 1044/2473/1040 1117/2632/1113 1053/2474/1049
f 1005/2444/1002 1045/2443/1041 1083/2544/1079
f 1003/2633/1000 1054/2634/1050 1118/2635/1114
f 1003/2636/1000 1118/2637/1114 1040/2638/1037
f 1023/2560/1020 1115/2630/1111 1089/2561/1085
f 1117/2632/1113 1119/2639/1115 1053/2474/1049
f 1034/2640/1031 1106/2641/1102 1093/2642/1089
f 921/2370/920 1060/2483/1056 1077/2526/1073
f 1042/2608/1038 1120/2643/1116 1108/2609/1104
f 1092/2570/1088 1121/2644/1117 1085/2571/1081
f 1021/2645/1018 1122/2646/1118 1006/2647/1003
f 997/2542/995 1089/2561/1085 1078/2530/1074
f 965/2648/964 1123/2649/1119 1013/2650/1010
f 999/2576/997 1124/2651/1120 1096/2577/1092
f 1074/2517/1070 1069/2505/1065 1125/2652/1121
f 1126/2653/1122 1061/2484/1057 1081/2538/1077
f 1033/2654/1030 1091/2655/1087 1102/2656/1098
f 1105/2603/1101 1056/2470/1052 1030/2469/1027
f 1103/2598/1099 1007/2597/1004 1013/2657/1010
f 1097/2658/1093 1065/2534/1061 1079/2533/1075
f 1121/2644/1117 1095/2574/1091 1085/2571/1081
f 1051/2602/1047 1104/2601/1100 1081/2659/1077
f 1021/2660/1018 1072/2661/1068 1122/2662/1118
f 965/2578/964 1096/2577/1092 1123/2663/1119
f 1053/2474/1049 1119/2639/1115 1066/2499/1062
f 974/2664/973 1098/2665/1094 1106/2666/1102
f 1050/2580/1046 992/2667/990 1098/2581/1094
f 992/2668/990 1099/2669/1095 1098/2665/1094
f 1113/2623/1109 1120/2670/1116 1042/2624/1038
f 1100/2671/1096 1099/2672/1095 1037/2673/1034
f 1061/2484/1057 1126/2653/1122 1114/2625/1110
f 1063/2491/1059 1127/2674/1123 1047/2492/1043
f 1025/2675/1022 1097/2676/1093 1128/2677/1124
f 1116/2631/1112 1117/2632/1113 1044/2473/1040
f 1074/2517/1070 1125/2652/1121 1080/2678/1076
f 1018/2519/1015 1108/2609/1104 1075/2520/1071
f 1032/2600/1029 1114/2625/1110 1113/2623/1109
f 1055/2575/1051 1095/2574/1091 1109/2610/1105
f 1060/2483/1056 1129/2679/1125 1077/2526/1073
f 1077/2680/1073 1130/2681/1126 1094/2682/1090
f 1127/2674/1123 1063/2491/1059 1029/2481/1026
f 1067/2500/1063 1105/2603/1101 1012/2361/1009
f 1131/2683/1127 1028/2471/1025 1056/2470/1052
f 1086/2684/1082 1028/2685/1025 1131/2686/1127
f 1014/2365/1011 1124/2687/1120 999/2688/997
f 1014/2365/1011 1057/2477/1053 1132/2689/1128
f 1087/2690/1083 1025/2675/1022 1128/2677/1124
f 1133/2691/1129 1125/2652/1121 1069/2505/1065
f 1133/2691/1129 1069/2505/1065 1066/2499/1062
f 1134/2692/1130 1106/2666/1102 1098/2665/1094
f 1135/2693/1131 1088/2558/1084 1070/2557/1066
f 1130/2694/1126 1077/2526/1073 1129/2679/1125
f 1109/2695/1105 1136/2696/1132 1067/2697/1063
f 1024/2618/1021 1111/2617/1107 1073/2698/1069
f 1119/2639/1115 1137/2699/1133 1066/2499/1062
f 1137/2699/1133 1133/2691/1129 1066/2499/1062
f 1090/2588/1086 1135/2700/1131 1070/2589/1066
f 1041/2436/771 1088/2558/1084 1084/2545/1080
f 1127/2674/1123 1110/2615/1106 1047/2492/1043
f 1056/2701/1052 1138/2702/1134 1131/2703/1127
f 1121/2644/1117 1139/2704/1135 1095/2574/1091
f 1082/2705/1078 1140/2706/1136 1064/2707/1060
f 1064/2707/1060 1140/2706/1136 1115/2708/1111
f 1141/2709/1137 1029/2481/1026 1059/2480/1055
f 1141/2709/1137 1127/2674/1123 1029/2481/1026
f 1138/2702/1134 1056/2701/1052 1105/2710/1101
f 1123/2649/1119 1103/2711/1099 1013/2650/1010
f 1057/2568/1053 1068/2503/1064 1142/2712/1138
f 1084/2713/1080 1143/2714/1139 1060/2483/1056
f 1071/2715/1067 1144/2716/1140 1054/2717/1050
f 1095/2574/1091 1145/2718/1141 1109/2610/1105
f 1027/2431/1024 1146/2719/1142 1046/2476/1042
f 1094/2682/1090 1144/2716/1140 1071/2715/1067
f 1006/2720/1003 1122/2721/1118 1147/2722/1143
f 1104/2723/1100 1078/2724/1074 1148/2725/1144
f 1097/2676/1093 1149/2726/1145 1128/2677/1124
f 1067/2697/1063 1136/2696/1132 1105/2727/1101
f 1148/2725/1144 1081/2728/1077 1104/2723/1100
f 1026/2430/1023 1107/2607/1103 1150/2729/1146
f 1099/2669/1095 1151/2730/1147 1098/2665/1094
f 1027/2431/1024 1150/2729/1146 1146/2719/1142
f 1143/2714/1139 1129/2679/1125 1060/2483/1056
f 1152/2731/1148 1094/2682/1090 1130/2681/1126
f 1146/2732/1142 1153/2733/1149 1059/2734/1055
f 1146/2719/1142 1059/2735/1055 1046/2476/1042
f 1091/2736/1087 1006/2720/1003 1147/2722/1143
f 1112/2620/1108 1035/2599/1032 1103/2598/1099
f 1150/2729/1146 1027/2431/1024 1026/2430/1023
f 1094/2682/1090 1152/2731/1148 1144/2716/1140
f 1099/2672/1095 1100/2671/1096 1151/2737/1147
f 1127/2738/1123 1154/2739/1150 1110/2740/1106
f 1122/2741/1118 1072/2742/1068 1155/2743/1151
f 1048/2619/1044 1156/2744/1152 1111/2617/1107
f 1141/2745/1137 1059/2734/1055 1153/2733/1149
f 1048/2619/1044 1087/2746/1083 1156/2744/1152
f 1083/2747/1079 1045/2748/1041 1157/2749/1153
f 1090/2750/1086 1075/2751/1071 1158/2752/1154
f 1118/2637/1114 1159/2753/1155 1040/2638/1037
f 1105/2710/1101 1136/2754/1132 1160/2755/1156
f 1045/2756/1041 1161/2757/1157 1157/2758/1153
f 1045/2756/1041 1162/2759/1158 1161/2757/1157
f 1093/2642/1089 1162/2760/1158 1045/2761/1041
f 1093/2642/1089 1106/2641/1102 1162/2760/1158
f 1080/2537/1076 1125/2762/1121 1163/2763/1159
f 1102/2656/1098 1164/2764/1160 1101/2765/1097
f 1110/2766/1106 1165/2767/1161 1020/2768/1017
f 1020/2768/1017 1165/2767/1161 1082/2769/1078
f 1087/2690/1083 1128/2677/1124 1166/2770/1162
f 1083/2771/1079 1167/2772/1163 1079/2773/1075
f 1083/2771/1079 1157/2774/1153 1167/2772/1163
f 1080/2537/1076 1163/2763/1159 1107/2607/1103
f 1054/2775/1050 1168/2776/1164 1118/2777/1114
f 1139/2704/1135 1145/2718/1141 1095/2574/1091
f 1127/2778/1123 1141/2779/1137 1169/2780/1165
f 1102/2656/1098 1170/2781/1166 1164/2764/1160
f 1102/2656/1098 1091/2655/1087 1170/2781/1166
f 1078/2724/1074 1089/2782/1085 1171/2783/1167
f 1172/2784/1168 1075/2520/1071 1108/2609/1104
f 1088/2785/1084 1135/2786/1131 1173/2787/1169
f 1088/2558/1084 1173/2788/1169 1084/2545/1080
f 1143/2714/1139 1174/2789/1170 1129/2679/1125
f 1144/2716/1140 1168/2790/1164 1054/2717/1050
f 1127/2791/1123 1169/2792/1165 1154/2793/1150
f 1148/2725/1144 1175/2794/1171 1081/2728/1077
f 1160/2755/1156 1138/2702/1134 1105/2710/1101
f 1072/2742/1068 1086/2795/1082 1155/2743/1151
f 1115/2796/1111 1171/2783/1167 1089/2782/1085
f 1079/2773/1075 1149/2726/1145 1097/2676/1093
f 1119/2797/1115 1176/2798/1172 1137/2799/1133
f 1076/2591/1072 1177/2800/1173 1092/2570/1088
f 1120/2801/1116 1113/2802/1109 1178/2803/1174
f 1078/2724/1074 1171/2783/1167 1148/2725/1144
f 1179/2804/1175 1128/2677/1124 1149/2726/1145
f 1177/2800/1173 1076/2591/1072 1040/2805/1037
f 1180/2806/1176 1100/2807/1096 1101/2808/1097
f 1181/2809/1177 1112/2620/1108 1103/2598/1099
f 1182/2810/1178 1158/2752/1154 1075/2751/1071
f 1090/2588/1086 1183/2811/1179 1135/2700/1131
f 1135/2812/1131 1184/2813/1180 1173/2814/1169
f 1177/2800/1173 1121/2644/1117 1092/2570/1088
f 1165/2815/1161 1185/2816/1181 1082/2817/1078
f 1132/2689/1128 1124/2687/1120 1014/2365/1011
f 1112/2818/1108 1186/2819/1182 1116/2820/1112
f 1112/2818/1108 1181/2821/1177 1186/2819/1182
f 1079/2773/1075 1167/2772/1163 1149/2726/1145
f 1106/2666/1102 1134/2692/1130 1187/2822/1183
f 1159/2753/1155 1177/2823/1173 1040/2638/1037
f 1081/2824/1077 1188/2825/1184 1126/2826/1122
f 1140/2827/1136 1189/2828/1185 1115/2829/1111
f 1149/2726/1145 1190/2830/1186 1179/2804/1175
f 1100/2671/1096 1191/2831/1187 1151/2737/1147
f 1082/2817/1078 1192/2832/1188 1140/2833/1136
f 1140/2833/1136 1192/2832/1188 1189/2834/1185
f 1086/2795/1082 1193/2835/1189 1155/2743/1151
f 1189/2828/1185 1171/2836/1167 1115/2829/1111
f 1086/2795/1082 1131/2837/1127 1193/2835/1189
f 1087/2838/1083 1166/2839/1162 1156/2840/1152
f 1098/2665/1094 1151/2730/1147 1194/2841/1190
f 1090/2750/1086 1158/2752/1154 1195/2842/1191
f 1084/2545/1080 1173/2788/1169 1143/2843/1139
f 1081/2728/1077 1175/2794/1171 1188/2844/1184
f 1101/2765/1097 1164/2764/1160 1180/2845/1176
f 1171/2846/1167 1196/2847/1192 1148/2848/1144
f 1138/2849/1134 1197/2850/1193 1131/2837/1127
f 1128/2677/1124 1179/2804/1175 1166/2770/1162
f 1098/2665/1094 1194/2841/1190 1134/2692/1130
f 1107/2851/1103 1198/2852/1194 1150/2853/1146
f 1120/2643/1116 1172/2784/1168 1108/2609/1104
f 1130/2681/1126 1129/2854/1125 1199/2855/1195
f 1100/2807/1096 1180/2806/1176 1191/2856/1187
f 1154/2857/1150 1200/2858/1196 1110/2859/1106
f 1131/2837/1127 1197/2850/1193 1193/2835/1189
f 1138/2849/1134 1160/2860/1156 1197/2850/1193
f 1172/2861/1168 1182/2810/1178 1075/2751/1071
f 1130/2681/1126 1199/2855/1195 1152/2731/1148
f 1114/2862/1110 1201/2863/1197 1113/2802/1109
f 1126/2826/1122 1188/2825/1184 1114/2862/1110
f 1110/2859/1106 1200/2858/1196 1165/2864/1161
f 1139/2704/1135 1202/2865/1198 1145/2718/1141
f 1091/2736/1087 1147/2722/1143 1170/2866/1166
f 1147/2867/1143 1203/2868/1199 1170/2869/1166
f 1096/2577/1092 1204/2870/1200 1123/2663/1119
f 1205/2871/1201 1096/2577/1092 1124/2651/1120
f 1206/2872/1202 1073/2698/1069 1111/2617/1107
f 1117/2873/1113 1176/2798/1172 1119/2797/1115
f 1207/2874/1203 1162/2759/1158 1106/2875/1102
f 1174/2876/1170 1199/2855/1195 1129/2854/1125
f 1208/2877/1204 1188/2825/1184 1175/2878/1171
f 1185/2816/1181 1192/2832/1188 1082/2817/1078
f 1068/2503/1064 1073/2543/1069 1142/2712/1138
f 1156/2744/1152 1209/2879/1205 1111/2617/1107
f 1149/2726/1145 1167/2772/1163 1190/2830/1186
f 1116/2880/1112 1210/2881/1206 1117/2873/1113
f 1117/2873/1113 1210/2881/1206 1176/2798/1172
f 1107/2851/1103 1163/2882/1159 1198/2852/1194
f 1090/2588/1086 1195/2883/1191 1183/2811/1179
f 1183/2811/1179 1184/2884/1180 1135/2700/1131
f 1141/2885/1137 1211/2886/1207 1169/2887/1165
f 1123/2649/1119 1212/2888/1208 1103/2711/1099
f 1096/2577/1092 1205/2871/1201 1204/2870/1200
f 1124/2889/1120 1132/2890/1128 1213/2891/1209
f 1111/2617/1107 1209/2879/1205 1206/2872/1202
f 1177/2892/1173 1214/2893/1210 1121/2894/1117
f 1145/2718/1141 1215/2895/1211 1109/2610/1105
f 1123/2649/1119 1216/2896/1212 1212/2888/1208
f 1123/2649/1119 1204/2897/1200 1216/2896/1212
f 1132/2689/1128 1057/2477/1053 1142/2898/1138
f 1121/2894/1117 1214/2893/1210 1139/2899/1135
f 1153/2733/1149 1217/2900/1213 1218/2901/1214
f 1141/2745/1137 1153/2733/1149 1211/2902/1207
f 1109/2695/1105 1215/2903/1211 1136/2696/1132
f 1169/2887/1165 1219/2904/1215 1154/2857/1150
f 1122/2721/1118 1220/2905/1216 1147/2722/1143
f 1122/2906/1118 1155/2907/1151 1220/2908/1216
f 1155/2909/1151 1221/2910/1217 1220/2911/1216
f 1157/2758/1153 1161/2757/1157 1222/2912/1218
f 1162/2759/1158 1207/2874/1203 1161/2757/1157
f 1150/2853/1146 1198/2852/1194 1223/2913/1219
f 1120/2801/1116 1178/2803/1174 1172/2914/1168
f 1145/2718/1141 1202/2865/1198 1215/2895/1211
f 1154/2857/1150 1219/2904/1215 1200/2858/1196
f 1155/2909/1151 1193/2915/1189 1221/2910/1217
f 1103/2711/1099 1212/2888/1208 1181/2916/1177
f 1134/2917/1130 1194/2918/1190 1187/2919/1183
f 1146/2920/1142 1217/2921/1213 1153/2922/1149
f 1160/2923/1156 1224/2924/1220 1197/2925/1193
f 1190/2926/1186 1225/2927/1221 1179/2928/1175
f 1116/2929/1112 1186/2930/1182 1226/2931/1222
f 1116/2929/1112 1226/2931/1222 1210/2932/1206
f 1146/2920/1142 1150/2853/1146 1217/2921/1213
f 1114/2862/1110 1188/2825/1184 1201/2863/1197
f 1202/2933/1198 1227/2934/1223 1215/2935/1211
f 1196/2847/1192 1228/2936/1224 1148/2848/1144
f 1190/2926/1186 1167/2937/1163 1229/2938/1225
f 1167/2937/1163 1230/2939/1226 1229/2938/1225
f 1106/2875/1102 1187/2940/1183 1207/2874/1203
f 1158/2752/1154 1182/2810/1178 1231/2941/1227
f 1158/2752/1154 1231/2941/1227 1195/2842/1191
f 1144/2942/1140 1232/2943/1228 1168/2944/1164
f 1139/2945/1135 1233/2946/1229 1202/2947/1198
f 1234/2948/1230 1164/2764/1160 1170/2781/1166
f 1235/2949/1231 1160/2755/1156 1136/2754/1132
f 1236/2950/1232 1189/2834/1185 1192/2832/1188
f 1176/2798/1172 1237/2951/1233 1137/2799/1133
f 1238/2952/1234 1163/2953/1159 1125/2954/1121
f 1238/2952/1234 1125/2954/1121 1133/2955/1129
f 1237/2951/1233 1133/2955/1129 1137/2799/1133
f 1238/2952/1234 1133/2955/1129 1237/2951/1233
f 1239/2956/1235 1194/2841/1190 1151/2730/1147
f 1233/2946/1229 1139/2945/1135 1214/2957/1210
f 1178/2803/1174 1113/2802/1109 1201/2863/1197
f 1218/2901/1214 1211/2902/1207 1153/2733/1149
f 1189/2834/1185 1236/2950/1232 1171/2958/1167
f 1206/2872/1202 1240/2959/1236 1073/2698/1069
f 1241/2960/1237 1182/2810/1178 1172/2861/1168
f 1172/2861/1168 1178/2961/1174 1241/2960/1237
f 1242/2962/1238 1227/2963/1223 1202/2947/1198
f 1191/2964/1187 1180/2965/1176 1243/2966/1239
f 1227/2934/1223 1244/2967/1240 1215/2935/1211
f 1170/2968/1166 1203/2969/1199 1234/2970/1230
f 1213/2891/1209 1205/2971/1201 1124/2889/1120
f 1142/2972/1138 1073/2698/1069 1245/2973/1241
f 1190/2926/1186 1229/2938/1225 1225/2927/1221
f 1167/2772/1163 1157/2774/1153 1230/2974/1226
f 1157/2975/1153 1222/2976/1218 1230/2977/1226
f 1176/2978/1172 1246/2979/1242 1237/2980/1233
f 1237/2980/1233 1246/2979/1242 1238/2981/1234
f 1150/2853/1146 1223/2913/1219 1217/2921/1213
f 1208/2877/1204 1247/2982/1243 1188/2825/1184
f 1136/2983/1132 1215/2984/1211 1235/2985/1231
f 1148/2848/1144 1228/2936/1224 1175/2986/1171
f 1187/2987/1183 1248/2988/1244 1207/2989/1203
f 1249/2990/1245 1214/2957/1210 1177/2991/1173
f 1191/2964/1187 1243/2966/1239 1151/2992/1147
f 1233/2946/1229 1242/2962/1238 1202/2947/1198
f 1235/2993/1231 1250/2994/1246 1160/2923/1156
f 1199/2855/1195 1251/2995/1247 1152/2731/1148
f 1169/2887/1165 1211/2886/1207 1252/2996/1248
f 1180/2965/1176 1164/2997/1160 1253/2998/1249
f 1219/2904/1215 1254/2999/1250 1200/2858/1196
f 1207/2989/1203 1255/3000/1251 1161/3001/1157
f 1118/2637/1114 1168/3002/1164 1159/2753/1155
f 1201/3003/1197 1241/3004/1237 1178/3005/1174
f 1169/2887/1165 1252/2996/1248 1219/2904/1215
f 1185/2816/1181 1236/2950/1232 1192/2832/1188
f 1179/3006/1175 1256/3007/1252 1166/3008/1162
f 1176/2978/1172 1210/3009/1206 1246/2979/1242
f 1173/2814/1169 1184/2813/1180 1257/3010/1253
f 1143/2714/1139 1258/3011/1254 1174/2789/1170
f 1214/2957/1210 1259/3012/1255 1233/2946/1229
f 1171/2846/1167 1260/3013/1256 1196/2847/1192
f 1250/2994/1246 1224/2924/1220 1160/2923/1156
f 1132/2689/1128 1142/2898/1138 1213/3014/1209
f 1159/3015/1155 1249/2990/1245 1177/2991/1173
f 1201/2863/1197 1188/2825/1184 1247/2982/1243
f 1261/3016/1257 1252/2996/1248 1211/2886/1207
f 1186/3017/1182 1181/2916/1177 1212/2888/1208
f 1262/3018/1258 1238/2981/1234 1246/2979/1242
f 1263/3019/1259 1223/2913/1219 1198/2852/1194
f 1173/2788/1169 1258/3020/1254 1143/2843/1139
f 1252/2996/1248 1254/2999/1250 1219/2904/1215
f 1175/2986/1171 1228/2936/1224 1264/3021/1260
f 1236/2950/1232 1260/3022/1256 1171/2958/1167
f 1222/3023/1218 1161/3001/1157 1265/3024/1261
f 1161/3001/1157 1255/3000/1251 1265/3024/1261
f 1195/2883/1191 1266/3025/1262 1183/2811/1179
f 1144/2716/1140 1152/2731/1148 1232/3026/1228
f 1252/2996/1248 1267/3027/1263 1254/2999/1250
f 1166/2839/1162 1209/3028/1205 1156/2840/1152
f 1229/2938/1225 1268/3029/1264 1225/2927/1221
f 1180/2965/1176 1253/2998/1249 1243/2966/1239
f 1236/2950/1232 1269/3030/1265 1260/3022/1256
f 1213/3031/1209 1142/3032/1138 1270/3033/1266
f 1142/3034/1138 1245/3035/1241 1270/3036/1266
f 1226/2931/1222 1186/2930/1182 1271/3037/1267
f 1226/2931/1222 1271/3037/1267 1210/2932/1206
f 1230/2939/1226 1222/3038/1218 1272/3039/1268
f 1199/2855/1195 1273/3040/1269 1251/2995/1247
f 1159/3015/1155 1274/3041/1270 1249/2990/1245
f 1151/3042/1147 1243/3043/1239 1239/3044/1235
f 1147/3045/1143 1275/3046/1271 1203/3047/1199
f 1185/2816/1181 1269/3030/1265 1236/2950/1232
f 1179/3006/1175 1225/3048/1221 1256/3007/1252
f 1210/3049/1206 1271/3050/1267 1276/3051/1272
f 1230/2939/1226 1272/3039/1268 1229/2938/1225
f 1207/2989/1203 1248/2988/1244 1255/3000/1251
f 1163/2882/1159 1277/3052/1273 1198/2852/1194
f 1174/2876/1170 1273/3040/1269 1199/2855/1195
f 1147/3053/1143 1220/3054/1216 1275/3055/1271
f 1224/3056/1220 1278/3057/1274 1197/3058/1193
f 1163/3059/1159 1238/3060/1234 1277/3061/1273
f 1198/3062/1194 1277/3063/1273 1279/3064/1275
f 1266/3025/1262 1280/3065/1276 1183/2811/1179
f 1183/3066/1179 1280/3067/1276 1184/2813/1180
f 1168/3068/1164 1274/3069/1270 1159/3070/1155
f 1249/2990/1245 1259/3012/1255 1214/2957/1210
f 1217/3071/1213 1281/3072/1277 1218/3073/1214
f 1211/2886/1207 1218/3074/1214 1261/3016/1257
f 1264/3021/1260 1208/3075/1204 1175/2986/1171
f 1200/2858/1196 1282/3076/1278 1165/2864/1161
f 1212/2888/1208 1283/3077/1279 1186/3017/1182
f 1212/2888/1208 1284/3078/1280 1283/3077/1279
f 1073/2698/1069 1240/2959/1236 1245/2973/1241
f 1210/3049/1206 1285/3079/1281 1246/3080/1242
f 1246/3080/1242 1285/3079/1281 1262/3081/1258
f 1194/3082/1190 1286/3083/1282 1187/3084/1183
f 1198/3062/1194 1279/3064/1275 1263/3085/1259
f 1164/3086/1160 1287/3087/1283 1253/3088/1249
f 1197/3058/1193 1278/3057/1274 1193/3089/1189
f 1229/2938/1225 1272/3039/1268 1268/3029/1264
f 1274/3090/1270 1288/3091/1284 1249/3092/1245
f 1165/2864/1161 1282/3076/1278 1185/3093/1181
f 1186/3094/1182 1283/3095/1279 1271/3050/1267
f 1152/2731/1148 1251/2995/1247 1232/3026/1228
f 1253/3096/1249 1289/3097/1285 1290/3098/1286
f 1215/3099/1211 1244/3100/1240 1291/3101/1287
f 1253/3096/1249 1287/3102/1283 1289/3097/1285
f 1252/3103/1248 1292/3104/1288 1267/3105/1263
f 1215/2984/1211 1291/3106/1287 1235/2985/1231
f 1216/2896/1212 1284/3078/1280 1212/2888/1208
f 1238/3060/1234 1262/3081/1258 1293/3107/1289
f 1187/2987/1183 1294/3108/1290 1248/2988/1244
f 1173/2814/1169 1257/3010/1253 1258/3109/1254
f 1253/2998/1249 1290/3110/1286 1243/2966/1239
f 1272/3039/1268 1222/3038/1218 1295/3111/1291
f 1223/2913/1219 1263/3019/1259 1217/2921/1213
f 1259/3012/1255 1296/3112/1292 1233/2946/1229
f 1201/3003/1197 1297/3113/1293 1241/3004/1237
f 1247/2982/1243 1297/3114/1293 1201/2863/1197
f 1254/2999/1250 1267/3027/1263 1200/2858/1196
f 1222/3038/1218 1265/3115/1261 1295/3111/1291
f 1238/3060/1234 1293/3107/1289 1277/3061/1273
f 1239/3044/1235 1286/3083/1282 1194/3082/1190
f 1164/3086/1160 1234/3116/1230 1287/3087/1283
f 1235/3117/1231 1291/3118/1287 1250/3119/1246
f 1250/3120/1246 1298/3121/1294 1224/3056/1220
f 1217/2921/1213 1263/3019/1259 1299/3122/1295
f 1258/3123/1254 1273/3124/1269 1174/3125/1170
f 1232/2943/1228 1300/3126/1296 1168/2944/1164
f 1249/2990/1245 1288/3127/1284 1259/3012/1255
f 1267/3027/1263 1301/3128/1297 1200/2858/1196
f 1200/2858/1196 1301/3128/1297 1282/3076/1278
f 1217/3071/1213 1299/3129/1295 1281/3072/1277
f 1233/2946/1229 1296/3112/1292 1242/2962/1238
f 1247/2982/1243 1208/2877/1204 1302/3130/1298
f 1264/3131/1260 1302/3132/1298 1208/3133/1204
f 1234/3134/1230 1303/3135/1299 1287/3136/1283
f 1234/3134/1230 1203/3137/1199 1303/3135/1299
f 1203/3137/1199 1304/3138/1300 1303/3135/1299
f 1268/3139/1264 1272/3140/1268 1305/3141/1301
f 1271/3050/1267 1306/3142/1302 1276/3051/1272
f 1204/3143/1200 1307/3144/1303 1216/3145/1212
f 1268/3139/1264 1305/3141/1301 1225/3048/1221
f 1271/3050/1267 1308/3146/1304 1306/3142/1302
f 1210/3049/1206 1276/3051/1272 1285/3079/1281
f 1187/3084/1183 1286/3083/1282 1294/3147/1290
f 1274/3090/1270 1309/3148/1305 1288/3091/1284
f 1247/3149/1243 1302/3150/1298 1297/3151/1293
f 1203/3137/1199 1275/3152/1271 1304/3138/1300
f 1260/3153/1256 1310/3154/1306 1196/3155/1192
f 1271/3050/1267 1283/3095/1279 1308/3146/1304
f 1285/3079/1281 1311/3156/1307 1262/3081/1258
f 1262/3081/1258 1311/3156/1307 1293/3107/1289
f 1248/2988/1244 1312/3157/1308 1255/3000/1251
f 1286/3083/1282 1313/3158/1309 1294/3147/1290
f 1221/3159/1217 1314/3160/1310 1220/3054/1216
f 1221/3161/1217 1315/3162/1311 1314/3163/1310
f 1193/3089/1189 1315/3162/1311 1221/3161/1217
f 1278/3057/1274 1315/3162/1311 1193/3089/1189
f 1316/3164/1312 1273/3124/1269 1258/3123/1254
f 1213/2891/1209 1317/3165/1313 1205/2971/1201
f 1225/3048/1221 1305/3141/1301 1256/3007/1252
f 1255/3000/1251 1318/3166/1314 1265/3024/1261
f 1241/3004/1237 1319/3167/1315 1182/3168/1178
f 1184/2813/1180 1320/3169/1316 1257/3010/1253
f 1300/3126/1296 1274/3170/1270 1168/2944/1164
f 1302/3171/1298 1321/3172/1317 1297/3173/1293
f 1275/3152/1271 1322/3174/1318 1323/3175/1319
f 1196/3155/1192 1310/3154/1306 1228/3176/1224
f 1276/3051/1272 1306/3142/1302 1324/3177/1320
f 1182/2810/1178 1325/3178/1321 1231/2941/1227
f 1280/3067/1276 1320/3169/1316 1184/2813/1180
f 1257/3010/1253 1316/3179/1312 1258/3109/1254
f 1227/2934/1223 1242/3180/1238 1326/3181/1322
f 1228/3182/1224 1327/3183/1323 1264/3131/1260
f 1275/3055/1271 1220/3054/1216 1322/3184/1318
f 1205/2971/1201 1307/3185/1303 1204/3186/1200
f 1166/2839/1162 1328/3187/1324 1209/3028/1205
f 1265/3188/1261 1329/3189/1325 1295/3190/1291
f 1265/3191/1261 1318/3192/1314 1329/3193/1325
f 1255/3194/1251 1312/3195/1308 1318/3196/1314
f 1248/3197/1244 1294/3198/1290 1312/3199/1308
f 1292/3200/1288 1301/3201/1297 1267/3202/1263
f 1275/3152/1271 1323/3175/1319 1304/3138/1300
f 1282/3203/1278 1330/3204/1326 1185/3205/1181
f 1250/3120/1246 1331/3206/1327 1298/3121/1294
f 1240/2959/1236 1206/2872/1202 1332/3207/1328
f 1206/3208/1202 1209/3028/1205 1333/3209/1329
f 1241/3004/1237 1297/3113/1293 1319/3167/1315
f 1296/3210/1292 1334/3211/1330 1242/3180/1238
f 1291/3101/1287 1244/3100/1240 1335/3212/1331
f 1272/3140/1268 1295/3213/1291 1336/3214/1332
f 1195/2883/1191 1231/3215/1227 1266/3025/1262
f 1273/3124/1269 1316/3164/1312 1337/3216/1333
f 1288/3091/1284 1309/3148/1305 1259/3217/1255
f 1243/3043/1239 1338/3218/1334 1239/3044/1235
f 1242/3180/1238 1334/3211/1330 1326/3181/1322
f 1185/3205/1181 1330/3204/1326 1269/3219/1265
f 1224/3056/1220 1298/3121/1294 1278/3057/1274
f 1283/3220/1279 1284/3221/1280 1339/3222/1335
f 1332/3223/1328 1206/3208/1202 1333/3209/1329
f 1340/3224/1336 1209/3028/1205 1328/3187/1324
f 1256/3007/1252 1328/3225/1324 1166/3008/1162
f 1276/3051/1272 1341/3226/1337 1285/3079/1281
f 1341/3226/1337 1311/3156/1307 1285/3079/1281
f 1319/3167/1315 1325/3227/1321 1182/3168/1178
f 1338/3228/1334 1243/3229/1239 1290/3230/1286
f 1342/3231/1338 1252/3232/1248 1261/3233/1257
f 1343/3234/1339 1301/3201/1297 1292/3200/1288
f 1303/3135/1299 1304/3138/1300 1323/3175/1319
f 1220/3054/1216 1314/3160/1310 1322/3184/1318
f 1331/3206/1327 1250/3120/1246 1291/3235/1287
f 1209/3028/1205 1340/3224/1336 1333/3209/1329
f 1324/3177/1320 1341/3226/1337 1276/3051/1272
f 1263/3236/1259 1344/3237/1340 1299/3238/1295
f 1273/3239/1269 1345/3240/1341 1251/3241/1247
f 1232/2943/1228 1346/3242/1342 1300/3126/1296
f 1297/3113/1293 1347/3243/1343 1319/3167/1315
f 1289/3244/1285 1348/3245/1344 1290/3230/1286
f 1205/2971/1201 1317/3165/1313 1307/3185/1303
f 1326/3181/1322 1349/3246/1345 1227/2934/1223
f 1228/3247/1224 1310/3248/1306 1327/3249/1323
f 1350/3250/1346 1310/3251/1306 1260/3252/1256
f 1286/3083/1282 1239/3044/1235 1351/3253/1347
f 1227/2934/1223 1349/3246/1345 1244/2967/1240
f 1330/3204/1326 1352/3254/1348 1269/3219/1265
f 1269/3219/1265 1350/3250/1346 1260/3252/1256
f 1213/3255/1209 1270/3256/1266 1353/3257/1349
f 1272/3140/1268 1336/3214/1332 1305/3141/1301
f 1239/3044/1235 1338/3218/1334 1351/3253/1347
f 1343/3234/1339 1354/3258/1350 1301/3201/1297
f 1301/3201/1297 1354/3258/1350 1282/3203/1278
f 1298/3259/1294 1355/3260/1351 1278/3261/1274
f 1270/3256/1266 1356/3262/1352 1353/3257/1349
f 1252/3263/1248 1342/3264/1338 1292/3265/1288
f 1303/3266/1299 1323/3267/1319 1357/3268/1353
f 1245/3269/1241 1240/3270/1236 1358/3271/1354
f 1231/3272/1227 1359/3273/1355 1266/3274/1262
f 1290/3230/1286 1348/3245/1344 1338/3228/1334
f 1327/3183/1323 1360/3275/1356 1264/3131/1260
f 1283/3220/1279 1339/3222/1335 1308/3276/1304
f 1307/3185/1303 1361/3277/1357 1216/3278/1212
f 1270/3279/1266 1245/3269/1241 1356/3280/1352
f 1279/3281/1275 1362/3282/1358 1344/3237/1340
f 1279/3064/1275 1344/3283/1340 1263/3085/1259
f 1320/3169/1316 1363/3284/1359 1257/3010/1253
f 1274/3090/1270 1364/3285/833 1309/3148/1305
f 1347/3286/1343 1365/3287/1360 1319/3288/1315
f 1281/3072/1277 1366/3289/1361 1218/3073/1214
f 1218/3073/1214 1366/3289/1361 1261/3290/1257
f 1342/3264/1338 1343/3291/1339 1292/3265/1288
f 1303/3266/1299 1367/3292/1362 1287/3293/1283
f 1303/3266/1299 1357/3268/1353 1367/3292/1362
f 1269/3219/1265 1352/3254/1348 1350/3250/1346
f 1278/3294/1274 1355/3295/1351 1315/3296/1311
f 1368/3297/1363 1311/3156/1307 1341/3226/1337
f 1368/3297/1363 1293/3107/1289 1311/3156/1307
f 1369/3298/1364 1299/3238/1295 1344/3237/1340
f 1364/3285/833 1274/3090/1270 1300/3299/1296
f 1369/3298/1364 1281/3300/1277 1299/3238/1295
f 1309/3301/1305 1334/3211/1330 1259/3302/1255
f 1370/3303/1365 1338/3228/1334 1348/3245/1344
f 1308/3276/1304 1371/3304/1366 1306/3305/1302
f 1279/3064/1275 1277/3063/1273 1362/3306/1358
f 1266/3307/1262 1372/3308/1080 1280/3067/1276
f 1316/3179/1312 1257/3010/1253 1363/3284/1359
f 1334/3211/1330 1296/3210/1292 1259/3302/1255
f 1321/3172/1317 1347/3309/1343 1297/3173/1293
f 1366/3289/1361 1373/3310/1367 1261/3290/1257
f 1374/3311/1368 1335/3212/1331 1244/3100/1240
f 1327/3249/1323 1310/3248/1306 1375/3312/1369
f 1298/3313/1294 1376/3314/1370 1355/3315/1351
f 1280/3067/1276 1372/3308/1080 1320/3169/1316
f 1351/3253/1347 1338/3218/1334 1377/3316/1371
f 1261/3317/1257 1373/3318/1367 1342/3319/1338
f 1287/3293/1283 1378/3320/1372 1289/3244/1285
f 1282/3203/1278 1354/3258/1350 1330/3204/1326
f 1291/3101/1287 1335/3212/1331 1331/3321/1327
f 1315/3296/1311 1379/3322/1373 1314/3323/1310
f 1355/3295/1351 1379/3322/1373 1315/3296/1311
f 1251/2995/1247 1380/3324/848 1232/3026/1228
f 1334/3211/1330 1381/3325/1374 1326/3181/1322
f 1327/3249/1323 1375/3312/1369 1382/3326/1375
f 1331/3327/1327 1376/3314/1370 1298/3313/1294
f 1216/2896/1212 1383/3328/1376 1284/3078/1280
f 1213/2891/1209 1353/3329/1349 1317/3165/1313
f 1277/3061/1273 1293/3107/1289 1384/3330/1377
f 1277/3331/1273 1384/3332/1377 1362/3333/1358
f 1273/3239/1269 1337/3334/1333 1345/3240/1341
f 1327/3249/1323 1382/3326/1375 1360/3335/1356
f 1317/3165/1313 1385/3336/1378 1307/3185/1303
f 1266/3307/1262 1359/3337/1355 1372/3308/1080
f 1232/2943/1228 1380/3338/848 1346/3242/1342
f 1326/3181/1322 1381/3325/1374 1349/3246/1345
f 1349/3246/1345 1374/3339/1368 1244/2967/1240
f 1308/3276/1304 1339/3222/1335 1371/3304/1366
f 1293/3340/1289 1386/3341/1379 1384/3342/1377
f 1293/3340/1289 1368/3343/1363 1386/3341/1379
f 1319/3288/1315 1365/3287/1360 1325/3344/1321
f 1358/3271/1354 1356/3280/1352 1245/3269/1241
f 1302/3171/1298 1387/3345/1380 1321/3172/1317
f 1264/3131/1260 1360/3275/1356 1302/3132/1298
f 1350/3250/1346 1375/3346/1369 1310/3251/1306
f 1385/3336/1378 1361/3277/1357 1307/3185/1303
f 1332/3347/1328 1358/3271/1354 1240/3270/1236
f 1295/3348/1291 1329/3349/1325 1388/3350/1381
f 1334/3351/1330 1389/3352/1382 1381/3353/1374
f 1287/3293/1283 1367/3292/1362 1378/3320/1372
f 1284/3221/1280 1383/3354/1376 1339/3222/1335
f 1353/3257/1349 1390/3355/1383 1317/3356/1313
f 1324/3357/1320 1391/3358/1384 1341/3359/1337
f 1341/3359/1337 1391/3358/1384 1368/3343/1363
f 1368/3343/1363 1391/3358/1384 1386/3341/1379
f 1312/3360/1308 1392/3361/1385 1318/3362/1314
f 1334/3363/1330 1309/3364/1305 1389/3365/1382
f 1323/3267/1319 1393/3366/1386 1357/3268/1353
f 1353/3257/1349 1356/3262/1352 1394/3367/1387
f 1305/3368/1301 1395/3369/1388 1256/3370/1252
f 1325/3344/1321 1365/3287/1360 1396/3371/1389
f 1389/3352/1382 1397/3372/1390 1381/3353/1374
f 1256/3007/1252 1395/3373/1388 1328/3225/1324
f 1295/3348/1291 1388/3350/1381 1336/3374/1332
f 1312/3199/1308 1294/3198/1290 1398/3375/1391
f 1294/3376/1290 1313/3377/1309 1398/3378/1391
f 1251/3241/1247 1345/3240/1341 1380/3379/848
f 1365/3287/1360 1347/3286/1343 1399/3380/1392
f 1387/3345/1380 1302/3171/1298 1360/3381/1356
f 1330/3204/1326 1400/3382/1393 1352/3254/1348
f 1335/3212/1331 1401/3383/1394 1331/3321/1327
f 1306/3305/1302 1371/3304/1366 1402/3384/1395
f 1306/3305/1302 1402/3384/1395 1324/3357/1320
f 1312/3360/1308 1398/3385/1391 1392/3361/1385
f 1286/3083/1282 1351/3253/1347 1313/3158/1309
f 1320/3169/1316 1403/3386/1396 1363/3284/1359
f 1374/3387/1368 1401/3388/1394 1335/3389/1331
f 1323/3267/1319 1322/3390/1318 1393/3366/1386
f 1314/3323/1310 1404/3391/1397 1322/3392/1318
f 1314/3323/1310 1405/3393/1398 1404/3391/1397
f 1352/3254/1348 1400/3382/1393 1406/3394/1399
f 1314/3323/1310 1379/3322/1373 1405/3393/1398
f 1352/3254/1348 1406/3394/1399 1350/3250/1346
f 1216/2896/1212 1361/3395/1357 1383/3328/1376
f 1305/3368/1301 1407/3396/1400 1395/3369/1388
f 1402/3384/1395 1408/3397/1401 1324/3357/1320
f 1408/3397/1401 1391/3358/1384 1324/3357/1320
f 1325/3344/1321 1359/3398/1355 1231/3399/1227
f 1289/3244/1285 1378/3320/1372 1409/3400/1402
f 1342/3264/1338 1410/3401/1403 1343/3291/1339
f 1343/3234/1339 1411/3402/1404 1354/3258/1350
f 1406/3394/1399 1412/3403/1405 1350/3250/1346
f 1350/3250/1346 1412/3403/1405 1375/3346/1369
f 1413/3404/1406 1414/3405/1407 1391/3358/1384
f 1391/3358/1384 1414/3405/1407 1386/3341/1379
f 1372/3308/1080 1403/3386/1396 1320/3169/1316
f 1373/3318/1367 1410/3406/1403 1342/3319/1338
f 1289/3244/1285 1409/3400/1402 1348/3245/1344
f 1410/3401/1403 1411/3407/1404 1343/3291/1339
f 1331/3408/1327 1401/3409/1394 1415/3410/1408
f 1331/3408/1327 1415/3410/1408 1376/3411/1370
f 1336/3412/1332 1416/3413/1409 1305/3368/1301
f 1377/3414/1371 1338/3415/1334 1370/3416/1365
f 1417/3417/1410 1400/3382/1393 1330/3204/1326
f 1418/3418/1411 1340/3224/1336 1328/3187/1324
f 1408/3397/1401 1413/3404/1406 1391/3358/1384
f 1419/3419/1412 1318/3362/1314 1392/3361/1385
f 1420/3420/1413 1344/3237/1340 1362/3282/1358
f 1421/3421/1414 1313/3377/1309 1351/3422/1347
f 1420/3420/1413 1369/3298/1364 1344/3237/1340
f 1396/3371/1389 1365/3287/1360 1399/3380/1392
f 1359/3337/1355 1422/3423/1415 1372/3308/1080
f 1422/3424/1415 1423/3425/1416 1372/3426/1080
f 1393/3427/1386 1322/3428/1318 1404/3429/1397
f 1332/3430/1328 1333/3431/1329 1424/3432/1417
f 1336/3412/1332 1388/3433/1381 1416/3413/1409
f 1386/3434/1379 1425/3435/1418 1384/3436/1377
f 1281/3300/1277 1369/3298/1364 1426/3437/1419
f 1281/3300/1277 1426/3437/1419 1366/3438/1361
f 1354/3258/1350 1417/3417/1410 1330/3204/1326
f 1333/3209/1329 1340/3224/1336 1427/3439/1420
f 1305/3368/1301 1416/3413/1409 1407/3396/1400
f 1329/3440/1325 1428/3441/1421 1388/3433/1381
f 1329/3440/1325 1419/3419/1412 1428/3441/1421
f 1318/3362/1314 1419/3419/1412 1329/3440/1325
f 1364/3442/833 1300/3126/1296 1429/3443/1422
f 1367/3444/1362 1430/3445/1423 1378/3446/1372
f 1367/3447/1362 1357/3448/1353 1430/3449/1423
f 1313/3377/1309 1421/3421/1414 1398/3378/1391
f 1346/3242/1342 1431/3450/1424 1300/3126/1296
f 1364/3451/833 1429/3452/1422 1432/3453/1425
f 1366/3454/1361 1433/3455/1426 1373/3456/1367
f 1349/3457/1345 1381/3353/1374 1434/3458/1427
f 1349/3457/1345 1435/3459/1428 1374/3460/1368
f 1351/3422/1347 1436/3461/1429 1421/3421/1414
f 1377/3414/1371 1436/3461/1429 1351/3422/1347
f 1372/3308/1080 1423/3462/1416 1403/3386/1396
f 1316/3164/1312 1363/3463/1359 1437/3464/740
f 1438/3465/1430 1380/3379/848 1345/3240/1341
f 1309/3364/1305 1439/3466/1431 1389/3365/1382
f 1434/3458/1427 1435/3459/1428 1349/3457/1345
f 1375/3312/1369 1440/3467/1432 1382/3326/1375
f 1441/3468/1433 1359/3398/1355 1325/3344/1321
f 1360/3469/1356 1442/3470/1434 1387/3471/1380
f 1373/3472/1367 1443/3473/1435 1410/3474/1403
f 1361/3475/1357 1444/3476/1436 1383/3477/1376
f 1386/3341/1379 1414/3405/1407 1425/3478/1418
f 1325/3344/1321 1396/3371/1389 1441/3468/1433
f 1445/3479/1437 1412/3480/1405 1406/3481/1399
f 1445/3482/1437 1375/3346/1369 1412/3403/1405
f 1316/3164/1312 1437/3464/740 1337/3216/1333
f 1366/3483/1361 1426/3484/1419 1433/3485/1426
f 1410/3474/1403 1446/3486/1438 1411/3487/1404
f 1358/3271/1354 1447/3488/1439 1356/3280/1352
f 1396/3489/1389 1399/3490/1392 1448/3491/1440
f 1409/3492/1402 1370/3493/1365 1348/3494/1344
f 1410/3474/1403 1443/3473/1435 1446/3486/1438
f 1317/3165/1313 1390/3495/1383 1385/3336/1378
f 1340/3224/1336 1418/3418/1411 1427/3439/1420
f 1402/3496/1395 1449/3497/1441 1408/3498/1401
f 1408/3498/1401 1449/3497/1441 1413/3499/1406
f 1362/3500/1358 1450/3501/1442 1420/3502/1413
f 1364/3503/833 1439/3466/1431 1309/3364/1305
f 1387/3345/1380 1451/3504/1443 1321/3172/1317
f 1382/3505/1375 1442/3506/1434 1360/3507/1356
f 1339/3508/1335 1452/3509/1444 1371/3510/1366
f 1413/3499/1406 1449/3497/1441 1453/3511/1445
f 1431/3450/1424 1429/3443/1422 1300/3126/1296
f 1382/3505/1375 1440/3512/1432 1454/3513/1446
f 1394/3367/1387 1390/3355/1383 1353/3257/1349
f 1453/3511/1445 1414/3514/1407 1413/3499/1406
f 1388/3433/1381 1428/3441/1421 1455/3515/1447
f 1453/3511/1445 1425/3516/1418 1414/3514/1407
f 1450/3501/1442 1456/3517/1448 1420/3502/1413
f 1441/3518/1433 1396/3489/1389 1448/3491/1440
f 1364/3503/833 1432/3519/1425 1439/3466/1431
f 1347/3309/1343 1321/3172/1317 1451/3504/1443
f 1358/3271/1354 1332/3347/1328 1447/3488/1439
f 1416/3413/1409 1388/3433/1381 1455/3515/1447
f 1448/3491/1440 1399/3490/1392 1457/3520/1449
f 1347/3521/1343 1451/3522/1443 1458/3523/1450
f 1378/3446/1372 1459/3524/1451 1409/3525/1402
f 1354/3526/1350 1460/3527/1452 1417/3528/1410
f 1328/3529/1324 1395/3530/1388 1418/3531/1411
f 1407/3396/1400 1416/3413/1409 1461/3532/1453
f 1380/3533/848 1462/3534/1454 1346/3535/1342
f 1347/3536/1343 1458/3537/1450 1399/3490/1392
f 1457/3520/1449 1399/3490/1392 1458/3537/1450
f 1377/3414/1371 1370/3416/1365 1436/3461/1429
f 1373/3472/1367 1433/3538/1426 1443/3473/1435
f 1409/3525/1402 1463/3539/1455 1370/3540/1365
f 1378/3446/1372 1430/3445/1423 1459/3524/1451
f 1427/3541/1420 1424/3432/1417 1333/3431/1329
f 1407/3396/1400 1461/3532/1453 1395/3369/1388
f 1464/3542/1456 1398/3378/1391 1421/3421/1414
f 1465/3543/1457 1363/3463/1359 1403/3544/1396
f 1466/3545/1458 1437/3464/740 1363/3463/1359
f 1436/3546/1429 1370/3540/1365 1467/3547/1459
f 1397/3372/1390 1434/3458/1427 1381/3353/1374
f 1468/3548/1460 1409/3525/1402 1459/3524/1451
f 1430/3449/1423 1357/3448/1353 1469/3549/1461
f 1470/3550/1462 1395/3551/1388 1461/3552/1453
f 1461/3552/1453 1416/3553/1409 1471/3554/1463
f 1362/3555/1358 1384/3556/1377 1450/3557/1442
f 1472/3558/1464 1398/3559/1391 1464/3560/1456
f 1420/3502/1413 1426/3484/1419 1369/3561/1364
f 1337/3216/1333 1437/3464/740 1473/3562/1465
f 1337/3334/1333 1473/3563/1465 1345/3240/1341
f 1387/3471/1380 1442/3470/1434 1451/3564/1443
f 1463/3539/1455 1409/3525/1402 1468/3548/1460
f 1357/3565/1353 1393/3566/1386 1469/3567/1461
f 1400/3568/1393 1474/3569/1466 1406/3481/1399
f 1474/3569/1466 1445/3479/1437 1406/3481/1399
f 1445/3570/1437 1440/3512/1432 1375/3571/1369
f 1389/3352/1382 1475/3572/1467 1397/3372/1390
f 1374/3387/1368 1435/3573/1428 1401/3388/1394
f 1382/3505/1375 1454/3513/1446 1442/3506/1434
f 1417/3528/1410 1476/3574/1468 1400/3568/1393
f 1400/3568/1393 1476/3574/1468 1474/3569/1466
f 1376/3411/1370 1477/3575/1469 1355/3576/1351
f 1424/3577/1417 1447/3488/1439 1332/3347/1328
f 1425/3516/1418 1478/3578/1470 1384/3556/1377
f 1398/3579/1391 1472/3580/1464 1392/3581/1385
f 1422/3424/1415 1479/3582/1471 1423/3425/1416
f 1411/3487/1404 1480/3583/1472 1354/3584/1350
f 1376/3411/1370 1481/3585/1473 1477/3575/1469
f 1355/3576/1351 1477/3575/1469 1379/3586/1373
f 1339/3587/1335 1383/3477/1376 1482/3588/1474
f 1416/3553/1409 1455/3589/1447 1471/3554/1463
f 1397/3372/1390 1483/3590/1475 1434/3458/1427
f 1446/3486/1438 1480/3583/1472 1411/3487/1404
f 1394/3367/1387 1484/3591/1476 1390/3355/1383
f 1363/3463/1359 1465/3543/1457 1466/3545/1458
f 1431/3592/1424 1485/3593/1477 1429/3594/1422
f 1370/3540/1365 1463/3539/1455 1467/3547/1459
f 1417/3528/1410 1460/3527/1452 1476/3574/1468
f 1440/3512/1432 1486/3595/1478 1454/3513/1446
f 1339/3508/1335 1482/3596/1474 1452/3509/1444
f 1361/3475/1357 1487/3597/1479 1444/3476/1436
f 1395/3551/1388 1470/3550/1462 1418/3598/1411
f 1436/3461/1429 1488/3599/1480 1421/3421/1414
f 1439/3600/1431 1489/3601/1481 1389/3602/1382
f 1435/3459/1428 1434/3458/1427 1490/3603/1482
f 1393/3604/1386 1491/3605/1483 1469/3606/1461
f 1454/3513/1446 1486/3595/1478 1492/3607/1484
f 1361/3475/1357 1385/3608/1378 1487/3597/1479
f 1461/3552/1453 1471/3554/1463 1493/3609/1485
f 1425/3516/1418 1453/3511/1445 1478/3578/1470
f 1392/3361/1385 1494/3610/1486 1419/3419/1412
f 1436/3611/1429 1495/3612/1487 1488/3613/1480
f 1458/3614/1450 1451/3615/1443 1496/3616/1488
f 1379/3586/1373 1497/3617/1489 1405/3618/1398
f 1474/3569/1466 1498/3619/1490 1445/3479/1437
f 1376/3411/1370 1415/3410/1408 1481/3585/1473
f 1477/3575/1469 1497/3617/1489 1379/3586/1373
f 1356/3280/1352 1499/3620/1491 1394/3621/1387
f 1402/3496/1395 1371/3510/1366 1500/3622/1492
f 1402/3496/1395 1500/3622/1492 1449/3497/1441
f 1428/3623/1421 1501/3624/1493 1455/3625/1447
f 1453/3511/1445 1502/3626/1494 1478/3578/1470
f 1428/3627/1421 1419/3628/1412 1501/3629/1493
f 1392/3630/1385 1472/3558/1464 1494/3631/1486
f 1441/3632/1433 1503/3633/1495 1359/3634/1355
f 1423/3425/1416 1465/3635/1457 1403/3636/1396
f 1380/3379/848 1438/3465/1430 1462/3637/1454
f 1435/3638/1428 1504/3639/1496 1401/3640/1394
f 1442/3506/1434 1454/3513/1446 1492/3607/1484
f 1498/3641/1490 1505/3642/1497 1445/3570/1437
f 1445/3570/1437 1505/3642/1497 1440/3512/1432
f 1419/3643/1412 1494/3631/1486 1501/3644/1493
f 1457/3520/1449 1506/3645/1498 1448/3491/1440
f 1476/3574/1468 1498/3619/1490 1474/3569/1466
f 1449/3497/1441 1502/3626/1494 1453/3511/1445
f 1421/3646/1414 1488/3647/1480 1464/3560/1456
f 1503/3633/1495 1422/3424/1415 1359/3634/1355
f 1479/3582/1471 1507/3648/1499 1423/3425/1416
f 1437/3464/740 1508/3649/1500 1473/3562/1465
f 1489/3601/1481 1475/3650/1467 1389/3602/1382
f 1397/3651/1390 1475/3650/1467 1483/3652/1475
f 1451/3564/1443 1442/3470/1434 1509/3653/1501
f 1405/3618/1398 1497/3617/1489 1510/3654/1502
f 1345/3240/1341 1473/3563/1465 1438/3465/1430
f 1480/3655/1472 1511/3656/1503 1354/3526/1350
f 1354/3526/1350 1511/3656/1503 1460/3527/1452
f 1404/3429/1397 1512/3657/1504 1393/3427/1386
f 1404/3429/1397 1405/3658/1398 1512/3657/1504
f 1405/3659/1398 1510/3660/1502 1512/3661/1504
f 1385/3662/1378 1390/3355/1383 1484/3591/1476
f 1493/3609/1485 1470/3550/1462 1461/3552/1453
f 1500/3622/1492 1371/3510/1366 1452/3509/1444
f 1471/3663/1463 1455/3625/1447 1513/3664/1505
f 1420/3502/1413 1456/3517/1448 1426/3484/1419
f 1506/3665/1498 1514/3666/1506 1448/3667/1440
f 1448/3491/1440 1514/3668/1506 1441/3518/1433
f 1490/3669/1482 1504/3639/1496 1435/3638/1428
f 1492/3607/1484 1509/3670/1501 1442/3506/1434
f 1515/3671/1507 1481/3672/1473 1415/3673/1408
f 1356/3280/1352 1447/3488/1439 1499/3620/1491
f 1493/3674/1485 1471/3663/1463 1513/3664/1505
f 1434/3458/1427 1483/3590/1475 1490/3603/1482
f 1446/3486/1438 1516/3675/1508 1480/3583/1472
f 1415/3410/1408 1401/3409/1394 1515/3676/1507
f 1383/3477/1376 1444/3476/1436 1482/3588/1474
f 1500/3677/1492 1517/3678/1509 1449/3679/1441
f 1449/3679/1441 1517/3678/1509 1502/3680/1494
f 1423/3425/1416 1507/3648/1499 1465/3635/1457
f 1466/3545/1458 1508/3649/1500 1437/3464/740
f 1457/3520/1449 1458/3537/1450 1506/3645/1498
f 1463/3681/1455 1518/3682/1510 1467/3683/1459
f 1519/3684/1511 1424/3432/1417 1427/3541/1420
f 1520/3685/1512 1493/3674/1485 1513/3664/1505
f 1462/3534/1454 1431/3592/1424 1346/3535/1342
f 1521/3686/1513 1432/3453/1425 1429/3452/1422
f 1495/3687/1487 1436/3688/1429 1467/3689/1459
f 1516/3675/1508 1446/3486/1438 1443/3473/1435
f 1504/3639/1496 1515/3690/1507 1401/3640/1394
f 1486/3595/1478 1440/3512/1432 1505/3642/1497
f 1493/3609/1485 1520/3691/1512 1470/3550/1462
f 1522/3692/1514 1443/3473/1435 1433/3538/1426
f 1509/3653/1501 1523/3693/1515 1451/3564/1443
f 1487/3597/1479 1524/3694/1516 1444/3476/1436
f 1384/3556/1377 1478/3578/1470 1525/3695/1517
f 1384/3556/1377 1525/3695/1517 1450/3557/1442
f 1458/3696/1450 1496/3697/1488 1506/3665/1498
f 1523/3698/1515 1496/3697/1488 1451/3699/1443
f 1470/3550/1462 1526/3700/1518 1418/3598/1411
f 1470/3701/1462 1520/3702/1512 1527/3703/1519
f 1502/3680/1494 1528/3704/1520 1478/3705/1470
f 1489/3601/1481 1529/3706/1521 1475/3650/1467
f 1452/3707/1444 1482/3708/1474 1530/3709/1522
f 1432/3710/1425 1531/3711/1523 1439/3712/1431
f 1439/3600/1431 1531/3713/1523 1489/3601/1481
f 1483/3652/1475 1532/3714/1524 1490/3715/1482
f 1444/3476/1436 1524/3694/1516 1533/3716/1525
f 1394/3367/1387 1534/3717/1526 1484/3591/1476
f 1499/3718/1491 1534/3717/1526 1394/3367/1387
f 1447/3719/1439 1535/3720/1527 1499/3721/1491
f 1427/3722/1420 1418/3598/1411 1526/3700/1518
f 1502/3680/1494 1536/3723/1528 1528/3704/1520
f 1478/3705/1470 1528/3704/1520 1537/3724/1529
f 1478/3705/1470 1537/3724/1529 1525/3725/1517
f 1431/3592/1424 1538/3726/1530 1485/3593/1477
f 1475/3650/1467 1529/3706/1521 1539/3727/1531
f 1476/3574/1468 1540/3728/1532 1498/3619/1490
f 1444/3729/1436 1541/3730/1533 1482/3731/1474
f 1494/3631/1486 1542/3732/1534 1501/3644/1493
f 1494/3631/1486 1472/3558/1464 1542/3732/1534
f 1543/3733/1535 1433/3485/1426 1426/3484/1419
f 1518/3682/1510 1495/3734/1487 1467/3683/1459
f 1490/3669/1482 1532/3735/1524 1544/3736/1536
f 1480/3737/1472 1545/3738/1537 1511/3739/1503
f 1498/3740/1490 1546/3741/1538 1505/3742/1497
f 1500/3743/1492 1452/3707/1444 1547/3744/1539
f 1525/3725/1517 1537/3724/1529 1548/3745/1540
f 1426/3484/1419 1456/3517/1448 1543/3733/1535
f 1514/3746/1506 1549/3747/1541 1441/3748/1433
f 1441/3749/1433 1549/3750/1541 1503/3751/1495
f 1462/3534/1454 1538/3726/1530 1431/3592/1424
f 1531/3713/1523 1529/3706/1521 1489/3601/1481
f 1539/3727/1531 1532/3714/1524 1475/3650/1467
f 1483/3652/1475 1475/3650/1467 1532/3714/1524
f 1550/3752/1542 1509/3670/1501 1492/3607/1484
f 1491/3605/1483 1393/3604/1386 1512/3753/1504
f 1546/3741/1538 1498/3740/1490 1540/3754/1532
f 1486/3755/1478 1505/3756/1497 1551/3757/1543
f 1552/3758/1544 1477/3759/1469 1481/3760/1473
f 1497/3761/1489 1477/3759/1469 1552/3758/1544
f 1553/3762/1545 1466/3763/1458 1465/3764/1457
f 1508/3765/1500 1438/3465/1430 1473/3563/1465
f 1554/3766/1546 1495/3734/1487 1518/3682/1510
f 1460/3527/1452 1540/3728/1532 1476/3574/1468
f 1427/3541/1420 1526/3767/1518 1519/3684/1511
f 1507/3768/1499 1555/3769/1547 1465/3764/1457
f 1466/3545/1458 1553/3770/1545 1508/3649/1500
f 1429/3771/1422 1485/3772/1477 1521/3773/1513
f 1496/3697/1488 1556/3774/1548 1506/3665/1498
f 1443/3473/1435 1522/3692/1514 1516/3675/1508
f 1516/3675/1508 1545/3775/1537 1480/3583/1472
f 1497/3776/1489 1557/3777/1549 1510/3778/1502
f 1552/3779/1544 1557/3780/1549 1497/3781/1489
f 1447/3719/1439 1424/3432/1417 1535/3720/1527
f 1513/3664/1505 1455/3625/1447 1558/3782/1550
f 1456/3783/1448 1450/3784/1442 1559/3785/1551
f 1506/3665/1498 1556/3774/1548 1514/3666/1506
f 1479/3582/1471 1560/3786/1552 1507/3648/1499
f 1523/3698/1515 1561/3787/1553 1496/3697/1488
f 1525/3725/1517 1559/3785/1551 1450/3784/1442
f 1472/3558/1464 1464/3560/1456 1562/3788/1554
f 1422/3424/1415 1503/3633/1495 1479/3582/1471
f 1438/3789/1430 1563/3790/1555 1462/3534/1454
f 1496/3697/1488 1561/3787/1553 1556/3774/1548
f 1518/3682/1510 1463/3681/1455 1564/3791/1556
f 1564/3791/1556 1463/3681/1455 1468/3792/1460
f 1504/3639/1496 1490/3669/1482 1544/3736/1536
f 1565/3793/1557 1550/3794/1542 1492/3795/1484
f 1565/3793/1557 1492/3795/1484 1486/3755/1478
f 1487/3796/1479 1385/3797/1378 1484/3798/1476
f 1519/3799/1511 1526/3800/1518 1566/3801/1558
f 1555/3769/1547 1553/3762/1545 1465/3764/1457
f 1521/3802/1513 1531/3803/1523 1432/3804/1425
f 1468/3792/1460 1459/3805/1451 1564/3791/1556
f 1430/3806/1423 1567/3807/1559 1459/3808/1451
f 1430/3806/1423 1469/3809/1461 1567/3807/1559
f 1511/3739/1503 1540/3754/1532 1460/3810/1452
f 1510/3811/1502 1557/3812/1549 1568/3813/1560
f 1517/3678/1509 1536/3723/1528 1502/3680/1494
f 1548/3745/1540 1559/3785/1551 1525/3725/1517
f 1433/3485/1426 1543/3733/1535 1522/3814/1514
f 1510/3815/1502 1568/3816/1560 1512/3817/1504
f 1456/3818/1448 1569/3819/1561 1543/3820/1535
f 1540/3754/1532 1570/3821/1562 1546/3741/1538
f 1482/3731/1474 1541/3730/1533 1530/3822/1522
f 1487/3796/1479 1571/3823/1563 1524/3824/1516
f 1520/3685/1512 1513/3664/1505 1558/3782/1550
f 1455/3625/1447 1572/3825/1564 1558/3782/1550
f 1455/3625/1447 1501/3624/1493 1572/3825/1564
f 1541/3730/1533 1444/3729/1436 1533/3826/1525
f 1571/3823/1563 1487/3796/1479 1484/3798/1476
f 1566/3827/1558 1526/3828/1518 1527/3829/1519
f 1562/3788/1554 1542/3732/1534 1472/3558/1464
f 1521/3773/1513 1573/3830/1565 1531/3831/1523
f 1531/3713/1523 1573/3832/1565 1529/3706/1521
f 1574/3833/1566 1522/3834/1514 1543/3835/1535
f 1469/3836/1461 1491/3837/1483 1575/3838/1567
f 1511/3739/1503 1570/3821/1562 1540/3754/1532
f 1549/3750/1541 1576/3839/1568 1503/3751/1495
f 1508/3765/1500 1577/3840/1569 1438/3465/1430
f 1538/3726/1530 1462/3534/1454 1578/3841/1570
f 1518/3842/1510 1564/3843/1556 1554/3844/1546
f 1424/3432/1417 1519/3684/1511 1535/3720/1527
f 1470/3845/1462 1527/3829/1519 1526/3828/1518
f 1452/3707/1444 1530/3709/1522 1547/3744/1539
f 1548/3846/1540 1537/3847/1529 1579/3848/1571
f 1503/3633/1495 1580/3849/1572 1479/3582/1471
f 1438/3789/1430 1577/3850/1569 1563/3790/1555
f 1521/3773/1513 1485/3772/1477 1581/3851/1573
f 1459/3852/1451 1567/3853/1559 1582/3854/1574
f 1486/3755/1478 1551/3757/1543 1565/3793/1557
f 1515/3671/1507 1583/3855/1575 1481/3672/1473
f 1481/3856/1473 1583/3857/1575 1552/3858/1544
f 1499/3721/1491 1535/3720/1527 1584/3859/1576
f 1556/3860/1548 1585/3861/1577 1514/3746/1506
f 1585/3861/1577 1549/3747/1541 1514/3746/1506
f 1462/3534/1454 1563/3790/1555 1578/3841/1570
f 1523/3862/1515 1586/3863/1578 1561/3864/1553
f 1484/3798/1476 1534/3865/1526 1587/3866/1579
f 1559/3867/1551 1569/3819/1561 1456/3818/1448
f 1539/3727/1531 1588/3868/1580 1532/3714/1524
f 1550/3869/1542 1523/3693/1515 1509/3653/1501
f 1567/3870/1559 1469/3871/1461 1589/3872/1581
f 1469/3873/1461 1575/3874/1567 1589/3875/1581
f 1536/3723/1528 1579/3876/1571 1528/3704/1520
f 1572/3877/1564 1501/3878/1493 1590/3879/1582
f 1579/3876/1571 1537/3724/1529 1528/3704/1520
f 1501/3644/1493 1542/3732/1534 1590/3880/1582
f 1503/3751/1495 1576/3839/1568 1580/3881/1572
f 1459/3852/1451 1582/3854/1574 1564/3882/1556
f 1512/3883/1504 1591/3884/1583 1491/3885/1483
f 1592/3886/1584 1534/3887/1526 1499/3888/1491
f 1500/3677/1492 1547/3889/1539 1593/3890/1585
f 1500/3677/1492 1593/3890/1585 1517/3678/1509
f 1569/3819/1561 1574/3891/1566 1543/3820/1535
f 1556/3892/1548 1561/3893/1553 1585/3894/1577
f 1532/3895/1524 1588/3896/1580 1544/3897/1536
f 1570/3821/1562 1594/3898/1586 1546/3741/1538
f 1552/3899/1544 1595/3900/1587 1557/3901/1549
f 1535/3720/1527 1519/3684/1511 1596/3902/1588
f 1536/3723/1528 1517/3678/1509 1597/3903/1589
f 1495/3904/1487 1598/3905/1590 1488/3906/1480
f 1599/3907/1591 1545/3738/1537 1516/3908/1508
f 1599/3907/1591 1600/3909/1592 1545/3738/1537
f 1600/3909/1592 1511/3739/1503 1545/3738/1537
f 1511/3739/1503 1601/3910/1593 1570/3821/1562
f 1602/3911/1594 1504/3912/1496 1544/3897/1536
f 1512/3883/1504 1568/3913/1560 1591/3884/1583
f 1583/3914/1575 1515/3915/1507 1504/3916/1496
f 1596/3902/1588 1519/3684/1511 1566/3917/1558
f 1603/3918/1595 1527/3829/1519 1520/3919/1512
f 1597/3920/1589 1579/3848/1571 1536/3921/1528
f 1604/3922/1596 1559/3867/1551 1548/3923/1540
f 1598/3924/1590 1464/3560/1456 1488/3647/1480
f 1605/3925/1597 1598/3905/1590 1495/3904/1487
f 1561/3864/1553 1586/3863/1578 1606/3926/1598
f 1484/3798/1476 1587/3866/1579 1571/3823/1563
f 1553/3762/1545 1607/3927/1599 1508/3928/1500
f 1573/3832/1565 1539/3727/1531 1529/3706/1521
f 1499/3721/1491 1584/3859/1576 1592/3929/1584
f 1522/3930/1514 1574/3931/1566 1608/3932/1600
f 1577/3840/1569 1508/3765/1500 1607/3933/1599
f 1609/3934/1601 1485/3593/1477 1538/3726/1530
f 1586/3935/1578 1523/3936/1515 1550/3937/1542
f 1610/3938/1602 1550/3794/1542 1565/3793/1557
f 1593/3939/1585 1611/3940/1603 1517/3941/1509
f 1612/3942/1604 1558/3943/1550 1572/3944/1564
f 1613/3945/1605 1590/3946/1582 1542/3947/1534
f 1561/3893/1553 1606/3948/1598 1585/3894/1577
f 1588/3868/1580 1539/3727/1531 1614/3949/1606
f 1558/3782/1550 1615/3950/1607 1520/3685/1512
f 1558/3943/1550 1612/3942/1604 1615/3951/1607
f 1611/3940/1603 1597/3920/1589 1517/3941/1509
f 1542/3952/1534 1562/3953/1554 1613/3954/1605
f 1578/3841/1570 1609/3934/1601 1538/3726/1530
f 1554/3955/1546 1605/3925/1597 1495/3904/1487
f 1522/3956/1514 1608/3957/1600 1516/3958/1508
f 1565/3793/1557 1551/3757/1543 1610/3938/1602
f 1571/3823/1563 1616/3959/1608 1524/3824/1516
f 1520/3919/1512 1615/3960/1607 1603/3918/1595
f 1464/3560/1456 1598/3924/1590 1562/3788/1554
f 1559/3867/1551 1604/3922/1596 1569/3819/1561
f 1601/3910/1593 1594/3898/1586 1570/3821/1562
f 1617/3961/1609 1615/3962/1607 1612/3963/1604
f 1618/3964/1610 1613/3965/1605 1562/3966/1554
f 1573/3967/1565 1619/3968/1611 1539/3969/1531
f 1620/3970/1612 1554/3844/1546 1564/3843/1556
f 1602/3971/1594 1583/3972/1575 1504/3973/1496
f 1584/3859/1576 1535/3720/1527 1621/3974/1613
f 1621/3974/1613 1535/3720/1527 1596/3902/1588
f 1604/3922/1596 1622/3975/1614 1569/3819/1561
f 1549/3976/1541 1585/3894/1577 1623/3977/1615
f 1576/3839/1568 1549/3750/1541 1623/3978/1615
f 1560/3979/1552 1624/3980/1616 1507/3768/1499
f 1577/3850/1569 1607/3981/1599 1625/3982/1617
f 1600/3909/1592 1601/3910/1593 1511/3739/1503
f 1626/3983/1618 1546/3741/1538 1594/3898/1586
f 1597/3920/1589 1627/3984/1619 1579/3848/1571
f 1579/3848/1571 1628/3985/1620 1548/3846/1540
f 1576/3839/1568 1629/3986/1621 1580/3881/1572
f 1586/3863/1578 1630/3987/1622 1606/3926/1598
f 1516/3988/1508 1608/3989/1600 1631/3990/1623
f 1516/3908/1508 1631/3991/1623 1599/3907/1591
f 1505/3756/1497 1632/3992/1624 1551/3757/1543
f 1583/3993/1575 1633/3994/1625 1552/3899/1544
f 1541/3730/1533 1533/3826/1525 1634/3995/1626
f 1615/3962/1607 1617/3961/1609 1635/3996/1627
f 1562/3966/1554 1636/3997/1628 1618/3964/1610
f 1562/3966/1554 1598/3998/1590 1636/3997/1628
f 1637/3999/1629 1607/3927/1599 1553/3762/1545
f 1521/3773/1513 1581/3851/1573 1573/3830/1565
f 1610/4000/1602 1638/4001/1630 1550/4002/1542
f 1524/3694/1516 1639/4003/1631 1533/3716/1525
f 1534/3865/1526 1592/4004/1584 1640/4005/1632
f 1593/3939/1585 1547/4006/1539 1641/4007/1633
f 1593/3939/1585 1641/4007/1633 1611/3940/1603
f 1580/3849/1572 1560/3786/1552 1479/3582/1471
f 1555/3769/1547 1507/3768/1499 1624/3980/1616
f 1555/3769/1547 1642/4008/833 1637/3999/1629
f 1555/3769/1547 1637/3999/1629 1553/3762/1545
f 1573/4009/1565 1581/4010/1573 1619/4011/1611
f 1620/4012/1612 1564/4013/1556 1643/4014/1634
f 1567/4015/1559 1644/4016/1635 1582/4017/1574
f 1567/4015/1559 1589/4018/1581 1644/4016/1635
f 1552/3899/1544 1633/3994/1625 1595/3900/1587
f 1548/3846/1540 1628/3985/1620 1604/4019/1596
f 1619/4011/1611 1614/4020/1606 1539/4021/1531
f 1585/3894/1577 1606/3948/1598 1645/4022/1636
f 1588/3896/1580 1646/4023/1637 1544/3897/1536
f 1547/4006/1539 1647/4024/1638 1641/4007/1633
f 1530/4025/1522 1647/4024/1638 1547/4006/1539
f 1579/3848/1571 1627/3984/1619 1628/3985/1620
f 1555/3769/1547 1624/3980/1616 1642/4008/833
f 1586/3863/1578 1550/4026/1542 1630/3987/1622
f 1582/4017/1574 1643/4014/1634 1564/4013/1556
f 1534/3865/1526 1640/4005/1632 1648/4027/1639
f 1611/3940/1603 1649/4028/1640 1597/3920/1589
f 1597/3920/1589 1650/4029/1641 1627/3984/1619
f 1645/4022/1636 1623/3977/1615 1585/3894/1577
f 1551/4030/1543 1632/4031/1624 1610/4032/1602
f 1530/3822/1522 1651/4033/1642 1647/4034/1638
f 1652/4035/1643 1571/3823/1563 1587/3866/1579
f 1635/3996/1627 1617/3961/1609 1612/3963/1604
f 1629/3986/1621 1560/4036/1552 1580/3881/1572
f 1581/4037/1573 1485/4038/1477 1609/4039/1601
f 1653/4040/1644 1574/3891/1566 1569/3819/1561
f 1654/4041/1645 1600/4042/1592 1599/4043/1591
f 1655/4044/1646 1546/4045/1538 1626/4046/1618
f 1655/4047/1646 1505/3742/1497 1546/3741/1538
f 1527/3829/1519 1603/3918/1595 1566/3827/1558
f 1649/4028/1640 1650/4029/1641 1597/3920/1589
f 1576/3839/1568 1623/3978/1615 1656/4048/1647
f 1657/4049/1648 1588/4050/1580 1614/4051/1606
f 1605/3925/1597 1554/3955/1546 1658/4052/1649
f 1554/4053/1546 1620/4054/1612 1658/4055/1649
f 1550/4026/1542 1638/4056/1630 1630/3987/1622
f 1568/3913/1560 1557/3901/1549 1659/4057/1650
f 1557/3901/1549 1595/3900/1587 1659/4057/1650
f 1534/3865/1526 1648/4027/1639 1587/3866/1579
f 1615/3962/1607 1635/3996/1627 1603/4058/1595
f 1605/4059/1597 1660/4060/1651 1598/4061/1590
f 1569/3819/1561 1622/3975/1614 1653/4040/1644
f 1654/4041/1645 1661/4062/1652 1600/4042/1592
f 1544/3897/1536 1646/4023/1637 1602/3911/1594
f 1600/4042/1592 1661/4062/1652 1601/4063/1593
f 1587/3866/1579 1648/4027/1639 1652/4035/1643
f 1611/3940/1603 1641/4007/1633 1649/4028/1640
f 1577/3850/1569 1662/4064/1653 1563/3790/1555
f 1563/3790/1555 1663/4065/1654 1578/3841/1570
f 1505/4066/1497 1655/4067/1646 1632/4068/1624
f 1664/4069/1655 1603/4070/1595 1635/4071/1627
f 1665/4072/1656 1635/3996/1627 1612/3963/1604
f 1612/3963/1604 1572/4073/1564 1666/4074/1657
f 1572/4073/1564 1590/3946/1582 1666/4074/1657
f 1667/4075/1658 1607/3927/1599 1637/3999/1629
f 1662/4064/1653 1577/3850/1569 1625/3982/1617
f 1668/4076/1659 1608/3932/1600 1574/3931/1566
f 1591/3884/1583 1568/3913/1560 1659/4057/1650
f 1651/4033/1642 1530/3822/1522 1541/3730/1533
f 1524/3824/1516 1616/3959/1608 1639/4077/1631
f 1612/3963/1604 1666/4074/1657 1665/4072/1656
f 1590/3946/1582 1613/3945/1605 1669/4078/1660
f 1605/3925/1597 1658/4052/1649 1670/4079/1661
f 1631/4080/1623 1654/4041/1645 1599/4043/1591
f 1641/4081/1633 1671/4082/1662 1649/4083/1640
f 1647/4084/1638 1671/4082/1662 1641/4081/1633
f 1613/3945/1605 1618/4085/1610 1669/4078/1660
f 1605/4059/1597 1672/4086/1663 1660/4060/1651
f 1619/4011/1611 1673/4087/1664 1674/4088/1665
f 1619/4011/1611 1674/4088/1665 1614/4020/1606
f 1672/4086/1663 1605/4059/1597 1670/4089/1661
f 1614/4051/1606 1675/4090/1666 1657/4049/1648
f 1589/4018/1581 1676/4091/1667 1644/4016/1635
f 1491/3885/1483 1591/3884/1583 1575/4092/1567
f 1661/4093/1652 1677/4094/1668 1601/4095/1593
f 1601/4096/1593 1677/4097/1668 1594/4098/1586
f 1677/4099/1668 1678/4100/1669 1594/4101/1586
f 1594/4102/1586 1678/4103/1669 1626/4104/1618
f 1566/4105/1558 1679/4106/1670 1596/4107/1588
f 1650/4029/1641 1680/4108/1671 1627/3984/1619
f 1590/3946/1582 1669/4078/1660 1666/4074/1657
f 1627/3984/1619 1680/4108/1671 1628/3985/1620
f 1614/4051/1606 1674/4109/1665 1675/4090/1666
f 1616/3959/1608 1571/3823/1563 1652/4035/1643
f 1681/4110/1672 1628/4111/1620 1680/4112/1671
f 1682/4113/1673 1622/3975/1614 1604/3922/1596
f 1624/3980/1616 1560/3979/1552 1683/4114/1674
f 1668/4115/1659 1653/4040/1644 1684/4116/1675
f 1685/4117/1676 1670/4089/1661 1658/4118/1649
f 1644/4016/1635 1643/4014/1634 1582/4017/1574
f 1591/3884/1583 1659/4057/1650 1686/4119/1677
f 1602/3971/1594 1687/4120/1678 1583/3972/1575
f 1635/4071/1627 1665/4121/1656 1664/4069/1655
f 1681/4110/1672 1682/4122/1673 1628/4111/1620
f 1636/4123/1628 1598/4124/1590 1660/4125/1651
f 1688/4126/1679 1653/4040/1644 1622/3975/1614
f 1609/4039/1601 1689/4127/1680 1581/4037/1573
f 1668/4115/1659 1574/3891/1566 1653/4040/1644
f 1575/3874/1567 1690/4128/1681 1589/3875/1581
f 1646/4129/1637 1687/4120/1678 1602/3971/1594
f 1583/3972/1575 1687/4120/1678 1633/4130/1625
f 1633/4130/1625 1691/4131/1682 1595/4132/1587
f 1647/4084/1638 1651/4133/1642 1671/4082/1662
f 1604/4134/1596 1628/4111/1620 1682/4122/1673
f 1692/4135/1683 1688/4126/1679 1622/3975/1614
f 1660/4060/1651 1672/4086/1663 1693/4136/1684
f 1672/4086/1663 1694/4137/1685 1693/4136/1684
f 1607/4138/1599 1667/4139/1658 1625/4140/1617
f 1581/4010/1573 1673/4087/1664 1619/4011/1611
f 1672/4086/1663 1670/4089/1661 1694/4137/1685
f 1688/4126/1679 1684/4116/1675 1653/4040/1644
f 1606/3926/1598 1630/3987/1622 1695/4141/1686
f 1591/3884/1583 1686/4119/1677 1575/4092/1567
f 1659/4057/1650 1696/4142/1687 1686/4119/1677
f 1603/4143/1595 1679/4106/1670 1566/4105/1558
f 1650/4144/1641 1697/4145/1688 1680/4112/1671
f 1660/4125/1651 1698/4146/1689 1636/4123/1628
f 1660/4125/1651 1693/4147/1684 1698/4146/1689
f 1637/3999/1629 1642/4008/833 1667/4075/1658
f 1668/4076/1659 1699/4148/1690 1608/3932/1600
f 1654/4149/1645 1631/4150/1623 1700/4151/1691
f 1634/3995/1626 1651/4033/1642 1541/3730/1533
f 1650/4144/1641 1649/4083/1640 1697/4145/1688
f 1697/4145/1688 1681/4110/1672 1680/4112/1671
f 1636/4123/1628 1701/4152/1692 1618/4153/1610
f 1636/4123/1628 1698/4146/1689 1701/4152/1692
f 1606/4154/1598 1702/4155/1693 1645/4156/1636
f 1589/3875/1581 1690/4128/1681 1676/4157/1667
f 1666/4158/1657 1669/4159/1660 1703/4160/1694
f 1682/4113/1673 1692/4135/1683 1622/3975/1614
f 1576/3839/1568 1656/4048/1647 1629/3986/1621
f 1662/4064/1653 1663/4065/1654 1563/3790/1555
f 1688/4126/1679 1704/4161/1695 1684/4116/1675
f 1685/4117/1676 1705/4162/1696 1670/4089/1661
f 1608/3989/1600 1706/4163/1697 1631/3990/1623
f 1626/4164/1618 1678/4165/1669 1707/4166/1698
f 1632/4167/1624 1708/4168/1699 1610/4169/1602
f 1626/4164/1618 1707/4166/1698 1655/4170/1646
f 1665/4121/1656 1666/4158/1657 1703/4160/1694
f 1656/4048/1647 1623/3978/1615 1709/4171/1700
f 1624/4172/1616 1710/4173/1701 1642/4174/833
f 1578/3841/1570 1711/4175/1702 1609/3934/1601
f 1670/4089/1661 1705/4162/1696 1694/4137/1685
f 1684/4116/1675 1704/4161/1695 1712/4176/1703
f 1684/4116/1675 1712/4176/1703 1668/4115/1659
f 1631/4150/1623 1706/4177/1697 1700/4151/1691
f 1654/4149/1645 1713/4178/1704 1661/4179/1652
f 1646/4180/1637 1714/4181/1705 1687/4182/1678
f 1575/4092/1567 1686/4119/1677 1690/4183/1681
f 1671/4082/1662 1715/4184/1706 1649/4083/1640
f 1649/4083/1640 1715/4184/1706 1697/4145/1688
f 1697/4145/1688 1716/4185/1707 1681/4110/1672
f 1663/4065/1654 1711/4175/1702 1578/3841/1570
f 1688/4126/1679 1717/4186/1708 1704/4161/1695
f 1694/4137/1685 1705/4162/1696 1718/4187/1709
f 1654/4149/1645 1700/4151/1691 1713/4178/1704
f 1661/4188/1652 1713/4189/1704 1677/4190/1668
f 1533/3826/1525 1639/4191/1631 1634/3995/1626
f 1616/4192/1608 1652/4193/1643 1719/4194/1710
f 1664/4069/1655 1665/4121/1656 1720/4195/1711
f 1665/4121/1656 1703/4160/1694 1720/4195/1711
f 1697/4145/1688 1715/4184/1706 1716/4185/1707
f 1681/4110/1672 1716/4185/1707 1721/4196/1712
f 1669/4159/1660 1722/4197/1713 1703/4160/1694
f 1681/4110/1672 1721/4196/1712 1682/4122/1673
f 1669/4159/1660 1618/4198/1610 1723/4199/1714
f 1692/4135/1683 1717/4186/1708 1688/4126/1679
f 1694/4137/1685 1718/4187/1709 1693/4136/1684
f 1674/4109/1665 1724/4200/1715 1675/4090/1666
f 1658/4118/1649 1620/4201/1612 1725/4202/1716
f 1646/4203/1637 1588/4204/1580 1657/4205/1648
f 1678/4206/1669 1726/4207/1717 1707/4208/1698
f 1634/3995/1626 1727/4209/1718 1651/4033/1642
f 1629/4210/1621 1728/4211/1719 1560/4212/1552
f 1642/4213/833 1729/4214/1720 1667/4139/1658
f 1609/4215/1601 1711/4216/1702 1689/4217/1680
f 1673/4218/1664 1730/4219/1721 1674/4220/1665
f 1695/4221/1686 1702/4155/1693 1606/4154/1598
f 1644/4016/1635 1731/4222/1722 1643/4014/1634
f 1633/4130/1625 1732/4223/1723 1691/4131/1682
f 1659/4057/1650 1595/3900/1587 1696/4142/1687
f 1618/4153/1610 1701/4152/1692 1723/4224/1714
f 1698/4146/1689 1733/4225/1724 1701/4152/1692
f 1693/4147/1684 1733/4225/1724 1698/4146/1689
f 1624/4172/1616 1683/4226/1674 1710/4173/1701
f 1704/4161/1695 1717/4186/1708 1734/4227/1725
f 1704/4161/1695 1734/4227/1725 1712/4176/1703
f 1668/4228/1659 1712/4229/1703 1699/4230/1690
f 1713/4189/1704 1735/4231/1726 1677/4190/1668
f 1584/3859/1576 1621/3974/1613 1736/4232/1727
f 1671/4082/1662 1737/4233/1728 1715/4184/1706
f 1682/4122/1673 1721/4196/1712 1738/4234/1729
f 1625/4235/1617 1739/4236/1730 1662/4237/1653
f 1702/4155/1693 1623/4238/1615 1645/4156/1636
f 1734/4239/1725 1740/4240/1731 1712/4229/1703
f 1740/4240/1731 1699/4230/1690 1712/4229/1703
f 1700/4241/1691 1741/4242/1732 1713/4189/1704
f 1742/4243/1733 1632/4244/1624 1655/4245/1646
f 1742/4243/1733 1708/4246/1699 1632/4244/1624
f 1696/4142/1687 1595/3900/1587 1743/4247/1734
f 1743/4248/1734 1595/4132/1587 1691/4131/1682
f 1737/4233/1728 1671/4082/1662 1651/4133/1642
f 1744/4249/1735 1639/4077/1631 1616/3959/1608
f 1720/4195/1711 1703/4160/1694 1745/4250/1736
f 1703/4160/1694 1722/4197/1713 1745/4250/1736
f 1723/4199/1714 1722/4197/1713 1669/4159/1660
f 1746/4251/1737 1693/4136/1684 1718/4187/1709
f 1674/4109/1665 1730/4252/1721 1724/4200/1715
f 1747/4253/1738 1705/4162/1696 1685/4117/1676
f 1699/4254/1690 1706/4255/1697 1608/4256/1600
f 1676/4157/1667 1690/4128/1681 1748/4257/1739
f 1741/4242/1732 1735/4231/1726 1713/4189/1704
f 1749/4258/1740 1638/4259/1630 1610/4169/1602
f 1648/4260/1639 1640/4261/1632 1750/4262/1741
f 1722/4197/1713 1723/4199/1714 1751/4263/1742
f 1682/4113/1673 1738/4264/1729 1692/4135/1683
f 1581/4265/1573 1752/4266/1743 1673/4267/1664
f 1705/4162/1696 1747/4253/1738 1718/4187/1709
f 1753/4268/1744 1740/4240/1731 1734/4239/1725
f 1658/4118/1649 1725/4202/1716 1685/4117/1676
f 1620/4201/1612 1643/4269/1634 1754/4270/1745
f 1677/4271/1668 1726/4207/1717 1678/4206/1669
f 1687/4120/1678 1732/4223/1723 1633/4130/1625
f 1655/4245/1646 1707/4208/1698 1742/4243/1733
f 1634/3995/1626 1755/4272/1746 1727/4209/1718
f 1719/4194/1710 1744/4273/1735 1616/4192/1608
f 1745/4250/1736 1722/4197/1713 1751/4263/1742
f 1693/4147/1684 1746/4274/1737 1733/4225/1724
f 1692/4275/1683 1756/4276/1747 1717/4277/1708
f 1739/4236/1730 1625/4235/1617 1757/4278/1748
f 1717/4277/1708 1756/4276/1747 1734/4239/1725
f 1734/4239/1725 1756/4276/1747 1753/4268/1744
f 1638/4279/1630 1758/4280/1749 1630/4281/1622
f 1714/4181/1705 1759/4282/1750 1687/4182/1678
f 1596/4283/1588 1760/4284/1751 1621/4285/1613
f 1715/4184/1706 1737/4233/1728 1716/4185/1707
f 1737/4233/1728 1761/4286/1752 1716/4185/1707
f 1720/4195/1711 1745/4250/1736 1762/4287/1753
f 1721/4196/1712 1761/4286/1752 1763/4288/1754
f 1692/4275/1683 1738/4289/1729 1764/4290/1755
f 1692/4275/1683 1764/4290/1755 1756/4276/1747
f 1683/4291/1674 1560/4292/1552 1728/4293/1719
f 1718/4187/1709 1747/4253/1738 1765/4294/1756
f 1725/4202/1716 1620/4201/1612 1754/4270/1745
f 1742/4243/1733 1707/4208/1698 1726/4207/1717
f 1766/4295/1757 1664/4069/1655 1720/4195/1711
f 1761/4286/1752 1721/4196/1712 1716/4185/1707
f 1753/4268/1744 1767/4296/1758 1740/4240/1731
f 1765/4294/1756 1747/4253/1738 1768/4297/1759
f 1630/4281/1622 1758/4280/1749 1695/4298/1686
f 1769/4299/1760 1646/4300/1637 1657/4049/1648
f 1690/4301/1681 1686/4302/1677 1748/4303/1739
f 1610/4169/1602 1708/4168/1699 1749/4258/1740
f 1640/4261/1632 1770/4304/1761 1750/4262/1741
f 1584/3859/1576 1736/4232/1727 1592/3929/1584
f 1737/4233/1728 1771/4305/1762 1761/4286/1752
f 1751/4263/1742 1772/4306/1763 1745/4250/1736
f 1751/4263/1742 1723/4199/1714 1772/4306/1763
f 1701/4152/1692 1773/4307/1764 1723/4224/1714
f 1721/4308/1712 1763/4309/1754 1738/4310/1729
f 1764/4290/1755 1774/4311/1765 1756/4276/1747
f 1667/4139/1658 1757/4312/1748 1625/4140/1617
f 1774/4311/1765 1775/4313/1766 1756/4276/1747
f 1775/4313/1766 1776/4314/1767 1756/4276/1747
f 1756/4276/1747 1776/4314/1767 1753/4268/1744
f 1753/4268/1744 1776/4314/1767 1767/4296/1758
f 1740/4240/1731 1777/4315/1768 1699/4230/1690
f 1685/4117/1676 1768/4297/1759 1747/4253/1738
f 1685/4117/1676 1725/4202/1716 1768/4297/1759
f 1596/4107/1588 1679/4106/1670 1778/4316/1769
f 1720/4317/1711 1762/4318/1753 1766/4319/1757
f 1723/4224/1714 1779/4320/1770 1772/4321/1763
f 1723/4224/1714 1773/4307/1764 1779/4320/1770
f 1718/4187/1709 1765/4294/1756 1780/4322/1771
f 1695/4298/1686 1758/4280/1749 1781/4323/1772
f 1644/4016/1635 1676/4091/1667 1731/4222/1722
f 1741/4324/1732 1782/4325/1773 1735/4326/1726
f 1687/4327/1678 1759/4328/1750 1732/4329/1723
f 1651/4033/1642 1783/4330/1774 1737/4331/1728
f 1784/4332/1775 1679/4333/1670 1603/4334/1595
f 1785/4335/1776 1771/4336/1762 1737/4337/1728
f 1786/4338/1777 1745/4250/1736 1772/4306/1763
f 1780/4322/1771 1746/4251/1737 1718/4187/1709
f 1702/4155/1693 1709/4339/1700 1623/4238/1615
f 1777/4315/1768 1740/4240/1731 1767/4296/1758
f 1769/4299/1760 1657/4049/1648 1675/4090/1666
f 1787/4340/1778 1755/4341/1746 1634/4342/1626
f 1770/4343/1761 1640/4344/1632 1592/4345/1584
f 1762/4287/1753 1745/4250/1736 1786/4338/1777
f 1701/4152/1692 1733/4225/1724 1773/4307/1764
f 1656/4048/1647 1788/4346/1779 1629/3986/1621
f 1634/4342/1626 1639/4347/1631 1787/4340/1778
f 1603/4334/1595 1766/4319/1757 1784/4332/1775
f 1664/4069/1655 1766/4295/1757 1603/4070/1595
f 1761/4348/1752 1789/4349/1780 1763/4309/1754
f 1771/4336/1762 1789/4349/1780 1761/4348/1752
f 1689/4127/1680 1752/4350/1743 1581/4037/1573
f 1768/4297/1759 1790/4351/1781 1765/4294/1756
f 1706/4352/1697 1791/4353/1782 1700/4354/1691
f 1691/4355/1682 1792/4356/1783 1743/4357/1734
f 1762/4318/1753 1786/4358/1777 1793/4359/1784
f 1772/4360/1763 1794/4361/1785 1786/4358/1777
f 1772/4360/1763 1779/4362/1770 1794/4361/1785
f 1729/4214/1720 1795/4363/1786 1667/4139/1658
f 1776/4314/1767 1775/4313/1766 1796/4364/1787
f 1776/4314/1767 1796/4364/1787 1767/4296/1758
f 1765/4294/1756 1790/4351/1781 1780/4322/1771
f 1768/4297/1759 1725/4202/1716 1790/4351/1781
f 1638/4259/1630 1749/4258/1740 1758/4365/1749
f 1646/4180/1637 1769/4366/1760 1714/4181/1705
f 1696/4367/1687 1743/4357/1734 1792/4356/1783
f 1737/4337/1728 1783/4368/1774 1785/4335/1776
f 1651/4033/1642 1727/4209/1718 1783/4330/1774
f 1797/4369/1788 1764/4290/1755 1738/4289/1729
f 1788/4370/1779 1728/4211/1719 1629/4210/1621
f 1796/4364/1787 1777/4315/1768 1767/4296/1758
f 1791/4371/1782 1706/4255/1697 1699/4254/1690
f 1686/4302/1677 1696/4367/1687 1792/4356/1783
f 1793/4359/1784 1786/4358/1777 1794/4361/1785
f 1798/4372/1789 1738/4310/1729 1763/4309/1754
f 1746/4274/1737 1799/4373/1790 1733/4225/1724
f 1642/4174/833 1710/4173/1701 1800/4374/1791
f 1667/4139/1658 1795/4363/1786 1757/4312/1748
f 1711/4375/1702 1663/4376/1654 1801/4377/1792
f 1673/4267/1664 1752/4266/1743 1802/4378/1793
f 1803/4379/1794 1796/4364/1787 1775/4313/1766
f 1759/4328/1750 1804/4380/1795 1732/4329/1723
f 1805/4381/1796 1742/4243/1733 1726/4207/1717
f 1596/4283/1588 1778/4382/1769 1760/4284/1751
f 1784/4332/1775 1766/4319/1757 1806/4383/1797
f 1766/4319/1757 1762/4318/1753 1806/4383/1797
f 1789/4349/1780 1807/4384/1798 1763/4309/1754
f 1738/4289/1729 1808/4385/1799 1797/4369/1788
f 1764/4290/1755 1797/4369/1788 1774/4311/1765
f 1774/4311/1765 1803/4379/1794 1775/4313/1766
f 1663/4386/1654 1662/4387/1653 1809/4388/1800
f 1702/4389/1693 1810/4390/1801 1709/4391/1700
f 1802/4392/1793 1730/4219/1721 1673/4218/1664
f 1803/4379/1794 1811/4393/1802 1796/4364/1787
f 1780/4394/1771 1790/4395/1781 1812/4396/1803
f 1725/4397/1716 1754/4398/1745 1813/4399/1804
f 1643/4269/1634 1731/4400/1722 1754/4270/1745
f 1700/4354/1691 1814/4401/1805 1741/4324/1732
f 1785/4402/1776 1783/4403/1774 1815/4404/1806
f 1592/4405/1584 1736/4406/1727 1770/4407/1761
f 1789/4349/1780 1816/4408/1807 1807/4384/1798
f 1738/4289/1729 1798/4409/1789 1808/4385/1799
f 1709/4171/1700 1788/4346/1779 1656/4048/1647
f 1730/4410/1721 1802/4411/1793 1817/4412/1808
f 1730/4252/1721 1817/4413/1808 1724/4200/1715
f 1796/4364/1787 1811/4393/1802 1777/4315/1768
f 1791/4353/1782 1814/4401/1805 1700/4354/1691
f 1714/4414/1705 1818/4415/1809 1759/4328/1750
f 1639/4416/1631 1744/4417/1735 1787/4418/1778
f 1648/4419/1639 1819/4420/1810 1652/4193/1643
f 1762/4318/1753 1793/4359/1784 1820/4421/1811
f 1771/4336/1762 1816/4408/1807 1789/4349/1780
f 1793/4359/1784 1794/4361/1785 1820/4421/1811
f 1733/4225/1724 1821/4422/1812 1773/4307/1764
f 1780/4394/1771 1799/4373/1790 1746/4274/1737
f 1695/4423/1686 1822/4424/1813 1702/4425/1693
f 1777/4315/1768 1811/4393/1802 1823/4426/1814
f 1686/4302/1677 1792/4356/1783 1824/4427/1815
f 1806/4383/1797 1762/4318/1753 1820/4421/1811
f 1794/4361/1785 1825/4428/1816 1820/4421/1811
f 1774/4311/1765 1797/4369/1788 1826/4429/1817
f 1711/4216/1702 1827/4430/1818 1689/4217/1680
f 1675/4090/1666 1828/4431/1819 1769/4299/1760
f 1686/4302/1677 1824/4427/1815 1829/4432/1820
f 1677/4271/1668 1805/4381/1796 1726/4207/1717
f 1742/4243/1733 1805/4381/1796 1830/4433/1821
f 1742/4243/1733 1830/4433/1821 1708/4246/1699
f 1792/4356/1783 1831/4434/1822 1824/4427/1815
f 1691/4355/1682 1831/4434/1822 1792/4356/1783
f 1648/4435/1639 1750/4436/1741 1819/4437/1810
f 1621/4438/1613 1832/4439/1823 1736/4440/1727
f 1784/4332/1775 1833/4441/1824 1679/4333/1670
f 1785/4335/1776 1834/4442/1825 1771/4336/1762
f 1785/4335/1776 1815/4443/1806 1834/4442/1825
f 1771/4336/1762 1834/4442/1825 1816/4408/1807
f 1834/4442/1825 1835/4444/1826 1816/4408/1807
f 1779/4445/1770 1836/4446/1827 1794/4447/1785
f 1798/4372/1789 1837/4448/1828 1808/4449/1799
f 1733/4225/1724 1799/4373/1790 1821/4422/1812
f 1774/4311/1765 1826/4429/1817 1803/4379/1794
f 1752/4450/1743 1838/4451/1829 1802/4411/1793
f 1803/4379/1794 1826/4429/1817 1811/4393/1802
f 1811/4452/1802 1839/4453/1830 1823/4454/1814
f 1702/4425/1693 1822/4424/1813 1810/4455/1801
f 1725/4202/1716 1840/4456/1831 1790/4351/1781
f 1725/4397/1716 1813/4399/1804 1840/4457/1831
f 1769/4458/1760 1841/4459/1832 1714/4414/1705
f 1714/4414/1705 1841/4459/1832 1818/4415/1809
f 1830/4433/1821 1842/4460/1833 1708/4246/1699
f 1736/4461/1727 1832/4462/1823 1843/4463/1834
f 1816/4408/1807 1844/4464/1835 1807/4384/1798
f 1816/4408/1807 1835/4444/1826 1844/4464/1835
f 1763/4309/1754 1807/4384/1798 1798/4372/1789
f 1642/4174/833 1800/4374/1791 1729/4465/1720
f 1711/4216/1702 1801/4466/1792 1827/4430/1818
f 1811/4452/1802 1826/4467/1817 1839/4453/1830
f 1724/4200/1715 1817/4413/1808 1845/4468/1836
f 1724/4200/1715 1845/4468/1836 1675/4090/1666
f 1675/4090/1666 1845/4468/1836 1828/4431/1819
f 1846/4469/1837 1758/4470/1749 1749/4471/1740
f 1731/4472/1722 1676/4473/1667 1847/4474/1838
f 1847/4474/1838 1676/4473/1667 1748/4475/1739
f 1843/4463/1834 1770/4476/1761 1736/4461/1727
f 1836/4446/1827 1825/4477/1816 1794/4447/1785
f 1797/4478/1788 1808/4479/1799 1848/4480/1839
f 1849/4481/1840 1826/4467/1817 1797/4478/1788
f 1850/4482/1841 1709/4391/1700 1810/4390/1801
f 1809/4388/1800 1662/4387/1653 1739/4483/1730
f 1851/4484/1842 1689/4485/1680 1827/4486/1818
f 1812/4396/1803 1790/4395/1781 1840/4487/1831
f 1777/4315/1768 1791/4488/1782 1699/4230/1690
f 1852/4489/1843 1781/4490/1772 1758/4491/1749
f 1748/4303/1739 1686/4302/1677 1829/4432/1820
f 1652/4193/1643 1819/4420/1810 1719/4194/1710
f 1784/4332/1775 1853/4492/1844 1833/4441/1824
f 1784/4332/1775 1806/4383/1797 1853/4492/1844
f 1806/4383/1797 1820/4421/1811 1853/4492/1844
f 1853/4493/1844 1820/4494/1811 1854/4495/1845
f 1820/4494/1811 1855/4496/1846 1854/4495/1845
f 1820/4494/1811 1825/4477/1816 1855/4496/1846
f 1773/4307/1764 1821/4422/1812 1856/4497/1847
f 1769/4498/1760 1828/4499/1819 1841/4500/1832
f 1741/4324/1732 1814/4401/1805 1782/4325/1773
f 1621/4438/1613 1760/4501/1751 1832/4439/1823
f 1679/4333/1670 1833/4441/1824 1857/4502/1848
f 1808/4449/1799 1837/4448/1828 1858/4503/1849
f 1808/4449/1799 1858/4503/1849 1848/4504/1839
f 1848/4480/1839 1849/4481/1840 1797/4478/1788
f 1849/4481/1840 1839/4453/1830 1826/4467/1817
f 1689/4505/1680 1851/4506/1842 1752/4507/1743
f 1799/4373/1790 1780/4394/1771 1859/4508/1850
f 1780/4394/1771 1812/4396/1803 1859/4508/1850
f 1839/4453/1830 1860/4509/1851 1823/4454/1814
f 1695/4423/1686 1781/4510/1772 1822/4424/1813
f 1846/4511/1837 1749/4512/1740 1861/4513/1852
f 1818/4415/1809 1804/4380/1795 1759/4328/1750
f 1815/4404/1806 1783/4403/1774 1862/4514/1853
f 1783/4403/1774 1727/4515/1718 1862/4514/1853
f 1750/4516/1741 1770/4517/1761 1863/4518/1854
f 1679/4333/1670 1857/4502/1848 1778/4519/1769
f 1815/4404/1806 1864/4520/1855 1834/4521/1825
f 1825/4477/1816 1836/4446/1827 1855/4496/1846
f 1849/4481/1840 1860/4509/1851 1839/4453/1830
f 1850/4482/1841 1865/4522/1856 1709/4391/1700
f 1731/4472/1722 1866/4523/1857 1754/4398/1745
f 1731/4472/1722 1847/4474/1838 1866/4523/1857
f 1748/4475/1739 1867/4524/1858 1847/4474/1838
f 1735/4231/1726 1868/4525/1859 1677/4190/1668
f 1708/4526/1699 1861/4527/1852 1749/4528/1740
f 1864/4520/1855 1869/4529/1860 1834/4521/1825
f 1870/4530/1861 1853/4493/1844 1854/4495/1845
f 1798/4372/1789 1807/4384/1798 1837/4448/1828
f 1739/4483/1730 1871/4531/1862 1809/4388/1800
f 1802/4411/1793 1872/4532/1863 1817/4412/1808
f 1860/4509/1851 1873/4533/1864 1823/4454/1814
f 1846/4534/1837 1852/4489/1843 1758/4491/1749
f 1791/4535/1782 1874/4536/1865 1814/4537/1805
f 1814/4401/1805 1875/4538/1866 1782/4325/1773
f 1782/4325/1773 1875/4538/1866 1735/4326/1726
f 1853/4493/1844 1870/4530/1861 1833/4539/1824
f 1834/4521/1825 1869/4529/1860 1835/4540/1826
f 1835/4540/1826 1869/4529/1860 1844/4541/1835
f 1773/4307/1764 1856/4497/1847 1779/4320/1770
f 1859/4542/1850 1876/4543/1867 1799/4544/1790
f 1838/4451/1829 1872/4532/1863 1802/4411/1793
f 1812/4545/1803 1877/4546/1868 1859/4542/1850
f 1812/4545/1803 1840/4547/1831 1877/4546/1868
f 1777/4548/1768 1823/4549/1814 1878/4550/1869
f 1677/4271/1668 1868/4551/1859 1805/4381/1796
f 1862/4514/1853 1864/4520/1855 1815/4404/1806
f 1799/4373/1790 1879/4552/1870 1821/4422/1812
f 1709/4553/1700 1865/4554/1856 1788/4555/1779
f 1710/4173/1701 1880/4556/1871 1800/4374/1791
f 1663/4376/1654 1809/4557/1800 1801/4377/1792
f 1851/4506/1842 1838/4558/1829 1752/4507/1743
f 1849/4481/1840 1881/4559/1872 1860/4509/1851
f 1881/4559/1872 1873/4533/1864 1860/4509/1851
f 1852/4560/1843 1822/4424/1813 1781/4510/1772
f 1777/4561/1768 1878/4562/1869 1791/4535/1782
f 1754/4398/1745 1866/4523/1857 1813/4399/1804
f 1732/4329/1723 1804/4380/1795 1691/4355/1682
f 1824/4427/1815 1831/4434/1822 1882/4563/1873
f 1843/4564/1834 1863/4518/1854 1770/4517/1761
f 1833/4539/1824 1870/4530/1861 1857/4565/1848
f 1864/4520/1855 1883/4566/1874 1869/4529/1860
f 1854/4495/1845 1855/4496/1846 1884/4567/1875
f 1849/4481/1840 1848/4480/1839 1885/4568/1876
f 1799/4544/1790 1876/4543/1867 1879/4569/1870
f 1683/4226/1674 1880/4556/1871 1710/4173/1701
f 1859/4542/1850 1877/4546/1868 1876/4543/1867
f 1840/4547/1831 1886/4570/1877 1877/4546/1868
f 1810/4455/1801 1822/4424/1813 1887/4571/1878
f 1873/4533/1864 1888/4572/1879 1823/4454/1814
f 1840/4547/1831 1813/4573/1804 1886/4570/1877
f 1845/4574/1836 1889/4575/1880 1828/4499/1819
f 1867/4524/1858 1890/4576/1881 1847/4474/1838
f 1804/4380/1795 1891/4577/1882 1691/4355/1682
f 1854/4495/1845 1892/4578/1883 1870/4530/1861
f 1883/4566/1874 1893/4579/1884 1869/4529/1860
f 1869/4529/1860 1893/4579/1884 1844/4541/1835
f 1779/4580/1770 1856/4581/1847 1836/4582/1827
f 1821/4422/1812 1894/4583/1885 1856/4497/1847
f 1880/4584/1871 1895/4585/1886 1800/4586/1791
f 1852/4587/1843 1896/4588/1887 1822/4589/1813
f 1828/4499/1819 1897/4590/1888 1841/4500/1832
f 1748/4303/1739 1829/4432/1820 1867/4591/1858
f 1824/4427/1815 1882/4563/1873 1829/4432/1820
f 1691/4355/1682 1891/4577/1882 1831/4434/1822
f 1719/4194/1710 1819/4420/1810 1898/4592/1889
f 1870/4593/1861 1892/4594/1883 1899/4595/1890
f 1854/4495/1845 1884/4567/1875 1892/4578/1883
f 1849/4481/1840 1885/4568/1876 1881/4559/1872
f 1728/4293/1719 1900/4596/1891 1683/4291/1674
f 1800/4597/1791 1901/4598/1892 1729/4599/1720
f 1729/4599/1720 1901/4598/1892 1795/4600/1786
f 1838/4558/1829 1851/4506/1842 1902/4601/1893
f 1887/4602/1878 1850/4482/1841 1810/4390/1801
f 1817/4412/1808 1872/4532/1863 1903/4603/1894
f 1828/4499/1819 1889/4575/1880 1897/4590/1888
f 1735/4604/1726 1875/4605/1866 1868/4606/1859
f 1750/4436/1741 1904/4607/1895 1819/4437/1810
f 1750/4608/1741 1863/4609/1854 1905/4610/1896
f 1760/4284/1751 1778/4382/1769 1906/4611/1897
f 1857/4612/1848 1907/4613/1898 1778/4614/1769
f 1870/4593/1861 1899/4595/1890 1857/4612/1848
f 1844/4541/1835 1893/4579/1884 1807/4615/1798
f 1892/4594/1883 1908/4616/1899 1909/4617/1900
f 1884/4567/1875 1908/4618/1899 1892/4578/1883
f 1884/4567/1875 1836/4446/1827 1908/4618/1899
f 1855/4496/1846 1836/4446/1827 1884/4567/1875
f 1879/4619/1870 1894/4620/1885 1821/4621/1812
f 1871/4531/1862 1910/4622/1901 1809/4388/1800
f 1888/4572/1879 1873/4533/1864 1911/4623/1902
f 1817/4412/1808 1903/4603/1894 1845/4624/1836
f 1823/4625/1814 1888/4626/1879 1878/4562/1869
f 1778/4627/1769 1907/4628/1898 1912/4629/1903
f 1857/4612/1848 1913/4630/1904 1907/4613/1898
f 1864/4520/1855 1862/4514/1853 1914/4631/1905
f 1862/4632/1853 1915/4633/1906 1914/4634/1905
f 1787/4340/1778 1916/4635/1907 1755/4341/1746
f 1857/4612/1848 1899/4595/1890 1913/4630/1904
f 1864/4520/1855 1914/4631/1905 1883/4566/1874
f 1883/4566/1874 1914/4631/1905 1917/4636/1908
f 1917/4636/1908 1893/4579/1884 1883/4566/1874
f 1892/4594/1883 1909/4617/1900 1899/4595/1890
f 1885/4568/1876 1911/4623/1902 1881/4559/1872
f 1788/4370/1779 1918/4637/1909 1728/4211/1719
f 1728/4211/1719 1919/4638/1910 1900/4639/1891
f 1881/4559/1872 1911/4623/1902 1873/4533/1864
f 1872/4640/1863 1920/4641/1911 1903/4642/1894
f 1805/4643/1796 1921/4644/1912 1830/4645/1821
f 1917/4636/1908 1922/4646/1913 1893/4579/1884
f 1908/4616/1899 1923/4647/1914 1909/4617/1900
f 1837/4448/1828 1807/4384/1798 1924/4648/1915
f 1879/4569/1870 1876/4543/1867 1925/4649/1916
f 1865/4650/1856 1918/4651/1909 1788/4652/1779
f 1895/4653/1886 1901/4654/1892 1800/4655/1791
f 1903/4656/1894 1926/4657/1917 1845/4658/1836
f 1845/4658/1836 1926/4657/1917 1889/4659/1880
f 1874/4536/1865 1927/4660/1918 1814/4537/1805
f 1868/4606/1859 1921/4644/1912 1805/4643/1796
f 1882/4661/1873 1928/4662/1919 1829/4663/1820
f 1914/4634/1905 1915/4633/1906 1929/4664/1920
f 1727/4665/1718 1915/4633/1906 1862/4632/1853
f 1930/4666/1921 1915/4633/1906 1727/4665/1718
f 1907/4613/1898 1913/4630/1904 1931/4667/1922
f 1909/4617/1900 1923/4647/1914 1899/4595/1890
f 1908/4618/1899 1836/4446/1827 1923/4668/1914
f 1836/4582/1827 1932/4669/1923 1933/4670/1924
f 1856/4581/1847 1932/4669/1923 1836/4582/1827
f 1837/4448/1828 1934/4671/1925 1858/4503/1849
f 1801/4377/1792 1910/4672/1901 1935/4673/1926
f 1852/4587/1843 1936/4674/1927 1896/4588/1887
f 1708/4675/1699 1842/4676/1833 1861/4677/1852
f 1750/4436/1741 1905/4678/1896 1937/4679/1928
f 1760/4284/1751 1906/4611/1897 1832/4680/1823
f 1899/4595/1890 1923/4647/1914 1938/4681/1929
f 1837/4448/1828 1924/4648/1915 1934/4671/1925
f 1848/4682/1839 1858/4683/1849 1939/4684/1930
f 1885/4685/1876 1940/4686/1931 1911/4687/1902
f 1900/4596/1891 1880/4688/1871 1683/4291/1674
f 1887/4602/1878 1941/4689/1932 1850/4482/1841
f 1942/4690/1933 1886/4691/1877 1813/4692/1804
f 1846/4511/1837 1943/4693/1934 1852/4694/1843
f 1944/4695/1935 1912/4629/1903 1907/4628/1898
f 1929/4664/1920 1917/4696/1908 1914/4634/1905
f 1899/4595/1890 1938/4681/1929 1913/4630/1904
f 1913/4630/1904 1938/4681/1929 1945/4697/1936
f 1922/4698/1913 1917/4696/1908 1946/4699/1937
f 1947/4700/1938 1807/4615/1798 1893/4579/1884
f 1933/4670/1924 1923/4701/1914 1836/4582/1827
f 1894/4702/1885 1932/4703/1923 1856/4704/1847
f 1939/4684/1930 1858/4683/1849 1934/4705/1925
f 1948/4706/1939 1894/4702/1885 1879/4707/1870
f 1939/4684/1930 1885/4685/1876 1848/4682/1839
f 1949/4708/1940 1728/4211/1719 1918/4637/1909
f 1949/4708/1940 1919/4638/1910 1728/4211/1719
f 1900/4596/1891 1950/4709/1941 1880/4688/1871
f 1950/4710/1941 1951/4711/1942 1880/4712/1871
f 1951/4713/1942 1895/4585/1886 1880/4584/1871
f 1910/4672/1901 1801/4377/1792 1809/4557/1800
f 1935/4714/1926 1827/4715/1818 1801/4716/1792
f 1827/4486/1818 1902/4717/1893 1851/4484/1842
f 1926/4657/1917 1952/4718/1943 1889/4659/1880
f 1744/4417/1735 1953/4719/1944 1787/4418/1778
f 1819/4437/1810 1904/4607/1895 1954/4720/1945
f 1907/4613/1898 1931/4667/1922 1944/4721/1935
f 1931/4667/1922 1913/4630/1904 1945/4697/1936
f 1807/4384/1798 1947/4722/1938 1924/4648/1915
f 1893/4579/1884 1922/4646/1913 1947/4700/1938
f 1879/4569/1870 1925/4649/1916 1948/4723/1939
f 1795/4363/1786 1955/4724/1946 1757/4312/1748
f 1757/4278/1748 1955/4725/1946 1739/4236/1730
f 1739/4236/1730 1955/4725/1946 1956/4726/1947
f 1739/4236/1730 1956/4726/1947 1871/4727/1862
f 1900/4596/1891 1919/4728/1910 1950/4709/1941
f 1951/4729/1942 1957/4730/1948 1895/4653/1886
f 1895/4653/1886 1957/4730/1948 1901/4654/1892
f 1901/4598/1892 1957/4731/1948 1958/4732/1949
f 1838/4558/1829 1902/4601/1893 1959/4733/1950
f 1838/4558/1829 1959/4733/1950 1872/4734/1863
f 1876/4543/1867 1877/4546/1868 1925/4649/1916
f 1925/4649/1916 1877/4546/1868 1960/4735/1951
f 1960/4735/1951 1877/4546/1868 1886/4570/1877
f 1889/4575/1880 1952/4736/1943 1897/4590/1888
f 1890/4737/1881 1867/4738/1858 1961/4739/1952
f 1875/4605/1866 1962/4740/1953 1868/4606/1859
f 1891/4577/1882 1882/4563/1873 1831/4434/1822
f 1778/4627/1769 1912/4629/1903 1906/4741/1897
f 1755/4742/1746 1930/4743/1921 1727/4744/1718
f 1719/4194/1710 1963/4745/1954 1744/4273/1735
f 1819/4746/1810 1954/4747/1945 1898/4748/1889
f 1944/4695/1935 1964/4749/1955 1912/4629/1903
f 1944/4721/1935 1945/4697/1936 1965/4750/1956
f 1931/4667/1922 1945/4697/1936 1944/4721/1935
f 1945/4697/1936 1966/4751/1957 1965/4750/1956
f 1945/4697/1936 1967/4752/1958 1966/4751/1957
f 1945/4697/1936 1938/4681/1929 1967/4752/1958
f 1939/4684/1930 1940/4686/1931 1885/4685/1876
f 1871/4531/1862 1956/4753/1947 1968/4754/1959
f 1871/4531/1862 1968/4754/1959 1910/4622/1901
f 1910/4672/1901 1968/4755/1959 1969/4756/1960
f 1910/4672/1901 1969/4756/1960 1935/4673/1926
f 1950/4757/1941 1970/4758/1961 1951/4759/1942
f 1901/4598/1892 1958/4732/1949 1795/4600/1786
f 1850/4760/1841 1941/4761/1932 1865/4762/1856
f 1852/4694/1843 1943/4693/1934 1936/4763/1927
f 1814/4537/1805 1927/4660/1918 1971/4764/1962
f 1847/4765/1838 1890/4737/1881 1866/4766/1857
f 1814/4537/1805 1971/4764/1962 1875/4767/1866
f 1750/4436/1741 1937/4679/1928 1904/4607/1895
f 1863/4768/1854 1972/4769/1963 1905/4770/1896
f 1863/4768/1854 1973/4771/1964 1972/4769/1963
f 1843/4772/1834 1973/4773/1964 1863/4774/1854
f 1843/4772/1834 1974/4775/1965 1973/4773/1964
f 1832/4776/1823 1974/4777/1965 1843/4778/1834
f 1832/4776/1823 1975/4779/1966 1974/4777/1965
f 1906/4611/1897 1975/4780/1966 1832/4680/1823
f 1906/4781/1897 1976/4782/1967 1975/4783/1966
f 1906/4741/1897 1912/4629/1903 1976/4784/1967
f 1915/4633/1906 1977/4785/1968 1929/4664/1920
f 1915/4633/1906 1930/4666/1921 1977/4785/1968
f 1744/4417/1735 1963/4786/1954 1953/4719/1944
f 1719/4194/1710 1978/4787/1969 1963/4745/1954
f 1898/4592/1889 1978/4787/1969 1719/4194/1710
f 1944/4695/1935 1965/4788/1956 1964/4749/1955
f 1929/4664/1920 1946/4699/1937 1917/4696/1908
f 1946/4699/1937 1979/4789/1970 1922/4698/1913
f 1965/4750/1956 1967/4752/1958 1980/4790/1971
f 1966/4751/1957 1967/4752/1958 1965/4750/1956
f 1922/4646/1913 1981/4791/1972 1947/4700/1938
f 1950/4757/1941 1982/4792/1973 1970/4758/1961
f 1968/4755/1959 1983/4793/1974 1969/4756/1960
f 1969/4794/1960 1984/4795/1975 1935/4714/1926
f 1902/4717/1893 1827/4486/1818 1985/4796/1976
f 1940/4686/1931 1986/4797/1977 1911/4687/1902
f 1911/4623/1902 1986/4798/1977 1888/4572/1879
f 1822/4589/1813 1987/4799/1978 1887/4800/1878
f 1903/4656/1894 1988/4801/1979 1926/4657/1917
f 1896/4588/1887 1987/4799/1978 1822/4589/1813
f 1878/4562/1869 1874/4536/1865 1791/4535/1782
f 1813/4692/1804 1866/4766/1857 1942/4690/1933
f 1962/4740/1953 1921/4644/1912 1868/4606/1859
f 1818/4802/1809 1989/4803/1980 1804/4804/1795
f 1830/4645/1821 1990/4805/1981 1842/4806/1833
f 1972/4769/1963 1991/4807/1982 1905/4770/1896
f 1972/4769/1963 1992/4808/1983 1991/4807/1982
f 1973/4771/1964 1992/4808/1983 1972/4769/1963
f 1973/4773/1964 1993/4809/1984 1992/4810/1983
f 1930/4743/1921 1994/4811/1985 1995/4812/1986
f 1755/4742/1746 1994/4811/1985 1930/4743/1921
f 1916/4635/1907 1994/4813/1985 1755/4341/1746
f 1953/4814/1944 1916/4635/1907 1787/4340/1778
f 1898/4815/1889 1996/4816/1987 1978/4817/1969
f 1898/4815/1889 1997/4818/1988 1996/4816/1987
f 1898/4748/1889 1954/4747/1945 1997/4819/1988
f 1912/4629/1903 1998/4820/1989 1976/4784/1967
f 1912/4629/1903 1964/4749/1955 1998/4820/1989
f 1929/4664/1920 1999/4821/1990 1946/4699/1937
f 1929/4664/1920 1977/4785/1968 1999/4821/1990
f 1965/4788/1956 2000/4822/1991 1964/4749/1955
f 1999/4821/1990 1979/4789/1970 1946/4699/1937
f 1949/4708/1940 1982/4823/1973 1919/4638/1910
f 1919/4728/1910 1982/4824/1973 1950/4709/1941
f 1970/4825/1961 2001/4826/1992 1951/4827/1942
f 1951/4827/1942 2001/4826/1992 1957/4828/1948
f 1957/4829/1948 2002/4830/1993 1958/4831/1949
f 1795/4600/1786 1958/4732/1949 2003/4832/1994
f 1795/4600/1786 2003/4832/1994 1955/4833/1946
f 1956/4726/1947 1955/4725/1946 2004/4834/1995
f 1935/4714/1926 1984/4795/1975 1985/4835/1976
f 1935/4714/1926 1985/4835/1976 1827/4715/1818
f 1903/4642/1894 1920/4641/1911 1988/4836/1979
f 1930/4743/1921 2005/4837/1996 1977/4838/1968
f 1930/4743/1921 1995/4812/1986 2005/4837/1996
f 1994/4811/1985 2006/4839/1997 1995/4812/1986
f 1916/4635/1907 2007/4840/1998 1994/4813/1985
f 1994/4813/1985 2007/4840/1998 2006/4841/1997
f 1916/4635/1907 2008/4842/1999 2007/4840/1998
f 1953/4814/1944 2008/4842/1999 1916/4635/1907
f 1963/4786/1954 2009/4843/2000 1953/4719/1944
f 1963/4844/1954 2010/4845/2001 2009/4846/2000
f 1954/4720/1945 2011/4847/2002 1997/4848/1988
f 1904/4607/1895 2011/4847/2002 1954/4720/1945
f 1937/4679/1928 2011/4847/2002 1904/4607/1895
f 1973/4773/1964 2012/4849/2003 1993/4809/1984
f 1974/4775/1965 2012/4849/2003 1973/4773/1964
f 1974/4850/1965 2013/4851/2004 2012/4852/2003
f 1975/4783/1966 2013/4853/2004 1974/4854/1965
f 1976/4782/1967 2013/4853/2004 1975/4783/1966
f 1976/4855/1967 1998/4856/1989 2013/4857/2004
f 1999/4821/1990 1977/4785/1968 2014/4858/2005
f 1964/4749/1955 2000/4822/1991 1998/4820/1989
f 1998/4820/1989 2000/4822/1991 2015/4859/2006
f 1979/4789/1970 1999/4821/1990 2016/4860/2007
f 2000/4822/1991 2017/4861/2008 2015/4859/2006
f 2000/4822/1991 1965/4788/1956 2017/4861/2008
f 1965/4788/1956 1980/4862/1971 2017/4861/2008
f 1922/4698/1913 1979/4789/1970 1981/4863/1972
f 1980/4862/1971 2018/4864/2009 2017/4861/2008
f 1980/4862/1971 1967/4865/1958 2018/4864/2009
f 1923/4647/1914 1967/4752/1958 1938/4681/1929
f 1923/4647/1914 1933/4866/1924 1967/4752/1958
f 1948/4706/1939 2019/4867/2010 1894/4702/1885
f 1934/4705/1925 2020/4868/2011 1939/4684/1930
f 1925/4649/1916 2021/4869/2012 1948/4723/1939
f 1939/4684/1930 1986/4797/1977 1940/4686/1931
f 1865/4650/1856 2022/4870/2013 1918/4651/1909
f 1902/4871/1893 1985/4872/1976 1959/4873/1950
f 1866/4766/1857 1890/4737/1881 2023/4874/2014
f 1841/4875/1832 2024/4876/2015 1818/4802/1809
f 1921/4644/1912 1990/4805/1981 1830/4645/1821
f 1963/4877/1954 1978/4817/1969 2010/4878/2001
f 1992/4808/1983 2025/4879/2016 1991/4807/1982
f 2008/4842/1999 2026/4880/2017 2007/4840/1998
f 2008/4881/1999 2027/4882/2018 2026/4883/2017
f 1953/4719/1944 2027/4882/2018 2008/4881/1999
f 2009/4843/2000 2027/4882/2018 1953/4719/1944
f 2011/4884/2002 2028/4885/2019 1997/4886/1988
f 2011/4887/2002 2029/4888/2020 2028/4889/2019
f 2011/4887/2002 2030/4890/2021 2029/4888/2020
f 1937/4679/1928 2030/4891/2021 2011/4847/2002
f 1905/4678/1896 2030/4891/2021 1937/4679/1928
f 1905/4678/1896 2031/4892/2022 2030/4891/2021
f 1991/4893/1982 2031/4892/2022 1905/4678/1896
f 1991/4807/1982 2025/4879/2016 2031/4894/2022
f 1992/4810/1983 2032/4895/2023 2025/4896/2016
f 1993/4809/1984 2032/4895/2023 1992/4810/1983
f 2012/4849/2003 2032/4895/2023 1993/4809/1984
f 2012/4852/2003 2033/4897/2024 2032/4898/2023
f 2013/4851/2004 2033/4897/2024 2012/4852/2003
f 2013/4857/2004 2034/4899/2025 2033/4900/2024
f 1998/4856/1989 2034/4899/2025 2013/4857/2004
f 2005/4837/1996 2014/4901/2005 1977/4838/1968
f 2033/4897/2024 2035/4902/2026 2032/4898/2023
f 2036/4903/2027 2035/4902/2026 2033/4897/2024
f 1998/4856/1989 2037/4904/2028 2034/4899/2025
f 2032/4895/2023 2035/4905/2026 2038/4906/2029
f 1998/4820/1989 2015/4859/2006 2037/4907/2028
f 2014/4858/2005 2016/4860/2007 1999/4821/1990
f 2014/4901/2005 2039/4908/2030 2016/4909/2007
f 2015/4910/2006 2040/4911/2031 2037/4904/2028
f 2015/4859/2006 2017/4861/2008 2040/4912/2031
f 1933/4913/1924 1932/4914/1923 2041/4915/2032
f 1924/4916/1915 2042/4917/2033 1934/4705/1925
f 1934/4705/1925 2042/4917/2033 2020/4868/2011
f 2043/4918/2034 2019/4867/2010 1948/4706/1939
f 2044/4919/2035 2022/4920/2013 1865/4762/1856
f 1918/4651/1909 2045/4921/2036 1949/4922/1940
f 1955/4725/1946 2003/4923/1994 2004/4834/1995
f 1968/4754/1959 1956/4753/1947 2046/4924/2037
f 1968/4754/1959 2046/4924/2037 1983/4925/1974
f 1983/4793/1974 1984/4926/1975 1969/4756/1960
f 1925/4649/1916 1960/4735/1951 2021/4869/2012
f 1865/4762/1856 1941/4761/1932 2044/4919/2035
f 1959/4873/1950 1920/4641/1911 1872/4640/1863
f 1861/4513/1852 2047/4927/2038 1846/4511/1837
f 1867/4928/1858 1829/4663/1820 1961/4929/1952
f 1978/4817/1969 1996/4816/1987 2048/4930/2039
f 1996/4816/1987 2028/4931/2019 2048/4930/2039
f 1996/4816/1987 1997/4818/1988 2028/4931/2019
f 1978/4817/1969 2048/4930/2039 2010/4878/2001
f 2028/4931/2019 2049/4932/2040 2048/4930/2039
f 2028/4933/2019 2029/4934/2020 2049/4935/2040
f 2025/4879/2016 2050/4936/2041 2031/4894/2022
f 1995/4812/1986 2051/4937/2042 2005/4837/1996
f 2006/4839/1997 2051/4937/2042 1995/4812/1986
f 2006/4841/1997 2052/4938/2043 2051/4939/2042
f 2007/4840/1998 2052/4938/2043 2006/4841/1997
f 2007/4840/1998 2026/4880/2017 2052/4938/2043
f 2048/4930/2039 2053/4940/2044 2010/4878/2001
f 2049/4941/2040 2054/4942/2045 2055/4943/2046
f 2029/4888/2020 2030/4890/2021 2056/4944/2047
f 2034/4899/2025 2036/4945/2027 2033/4900/2024
f 2005/4837/1996 2051/4937/2042 2014/4901/2005
f 2027/4882/2018 2057/4946/2048 2026/4883/2017
f 2009/4843/2000 2057/4946/2048 2027/4882/2018
f 2009/4947/2000 2053/4948/2044 2057/4949/2048
f 2010/4845/2001 2053/4950/2044 2009/4846/2000
f 2048/4930/2039 2055/4951/2046 2053/4940/2044
f 2049/4932/2040 2055/4951/2046 2048/4930/2039
f 2029/4888/2020 2054/4952/2045 2049/4953/2040
f 2056/4944/2047 2054/4952/2045 2029/4888/2020
f 2032/4895/2023 2038/4906/2029 2025/4896/2016
f 2025/4896/2016 2038/4906/2029 2058/4954/2049
f 2026/4883/2017 2057/4946/2048 2052/4955/2043
f 2031/4956/2022 2056/4944/2047 2030/4890/2021
f 2031/4956/2022 2050/4957/2041 2056/4944/2047
f 2050/4936/2041 2025/4879/2016 2058/4958/2049
f 2034/4899/2025 2059/4959/2050 2036/4945/2027
f 2037/4904/2028 2059/4959/2050 2034/4899/2025
f 2051/4937/2042 2039/4908/2030 2014/4901/2005
f 2051/4937/2042 2060/4960/2051 2039/4908/2030
f 2052/4961/2043 2060/4960/2051 2051/4937/2042
f 2052/4962/2043 2061/4963/2052 2060/4964/2051
f 2052/4955/2043 2062/4965/2053 2061/4966/2052
f 2057/4946/2048 2062/4965/2053 2052/4955/2043
f 2057/4967/2048 2063/4968/2054 2062/4969/2053
f 2053/4970/2044 2063/4971/2054 2057/4972/2048
f 2055/4951/2046 2063/4973/2054 2053/4940/2044
f 2055/4951/2046 2064/4974/2055 2063/4973/2054
f 2054/4942/2045 2064/4975/2055 2055/4943/2046
f 2054/4952/2045 2065/4976/2056 2064/4977/2055
f 2056/4944/2047 2065/4976/2056 2054/4952/2045
f 2056/4944/2047 2066/4978/2057 2065/4976/2056
f 2050/4957/2041 2066/4978/2057 2056/4944/2047
f 2050/4979/2041 2067/4980/2058 2066/4981/2057
f 2050/4936/2041 2068/4982/2059 2067/4983/2058
f 2050/4936/2041 2058/4958/2049 2068/4982/2059
f 2058/4958/2049 2069/4984/2060 2068/4982/2059
f 2058/4954/2049 2038/4906/2029 2070/4985/2061
f 2058/4954/2049 2070/4985/2061 2069/4986/2060
f 2038/4906/2029 2035/4905/2026 2070/4985/2061
f 2035/4987/2026 2071/4988/2062 2070/4989/2061
f 2035/4902/2026 2036/4903/2027 2071/4990/2062
f 2036/4903/2027 2072/4991/2063 2071/4990/2062
f 2059/4959/2050 2072/4992/2063 2036/4945/2027
f 2059/4959/2050 2073/4993/2064 2072/4992/2063
f 2073/4993/2064 2059/4959/2050 2037/4904/2028
f 2037/4904/2028 2040/4911/2031 2073/4993/2064
f 2039/4908/2030 2074/4994/2065 2016/4909/2007
f 2074/4994/2065 2039/4908/2030 2060/4960/2051
f 2074/4994/2065 2060/4960/2051 2075/4995/2066
f 2075/4996/2066 2060/4964/2051 2061/4963/2052
f 2075/4996/2066 2061/4963/2052 2076/4997/2067
f 2076/4998/2067 2061/4966/2052 2062/4965/2053
f 2076/4999/2067 2062/4969/2053 2077/5000/2068
f 2063/4968/2054 2077/5000/2068 2062/4969/2053
f 2063/4973/2054 2078/5001/2069 2077/5002/2068
f 2064/4974/2055 2078/5001/2069 2063/4973/2054
f 2070/4985/2061 2079/5003/2070 2069/4986/2060
f 2071/4988/2062 2079/5004/2070 2070/4989/2061
f 2071/4988/2062 2080/5005/2071 2079/5004/2070
f 2080/5006/2071 2071/5007/2062 2072/4992/2063
f 2080/5006/2071 2072/4992/2063 2073/4993/2064
f 1933/4866/1924 2018/5008/2009 1967/4752/1958
f 1924/4916/1915 1947/5009/1938 2081/5010/2072
f 2021/5011/2012 2043/4918/2034 1948/4706/1939
f 1956/4726/1947 2004/4834/1995 2046/5012/2037
f 1887/5013/1878 2082/5014/2073 1941/5015/1932
f 1888/4626/1879 1986/5016/1977 2083/5017/2074
f 1878/4562/1869 1888/4626/1879 2084/5018/2075
f 1846/4511/1837 2047/4927/2038 1943/4693/1934
f 1921/4644/1912 2085/5019/2076 1990/4805/1981
f 1979/4789/1970 2086/5020/2077 1981/4863/1972
f 2075/4995/2066 2087/5021/2078 2074/4994/2065
f 2076/4997/2067 2088/5022/2079 2075/4996/2066
f 2077/5000/2068 2089/5023/2080 2076/4999/2067
f 2078/5001/2069 2090/5024/2081 2077/5002/2068
f 2064/5025/2055 2090/5026/2081 2078/5027/2069
f 2065/5028/2056 2091/5029/2082 2064/5030/2055
f 2064/5025/2055 2091/5031/2082 2090/5026/2081
f 2067/4980/2058 2092/5032/2083 2066/4981/2057
f 2068/4982/2059 2092/5033/2083 2067/4983/2058
f 2069/4984/2060 2092/5033/2083 2068/4982/2059
f 2069/4986/2060 2093/5034/2084 2092/5035/2083
f 2069/4986/2060 2079/5003/2070 2093/5034/2084
f 2079/5004/2070 2080/5005/2071 2094/5036/2085
f 2073/4993/2064 2095/5037/2086 2080/5006/2071
f 2040/4911/2031 2095/5037/2086 2073/4993/2064
f 1894/4702/1885 2019/4867/2010 1932/4703/1923
f 1939/4684/1930 2096/5038/2087 1986/4797/1977
f 2046/4924/2037 2097/5039/2088 1983/4925/1974
f 1970/4758/1961 2098/5040/2089 2001/5041/1992
f 1958/4732/1949 2002/5042/1993 2099/5043/2090
f 1958/4732/1949 2099/5043/2090 2003/4832/1994
f 2083/5017/2074 2084/5018/2075 1888/4626/1879
f 1866/4766/1857 2100/5044/2091 1942/4690/1933
f 1818/4802/1809 2024/4876/2015 1989/4803/1980
f 1842/5045/1833 2047/4927/2038 1861/4513/1852
f 1891/5046/1882 2101/5047/2092 1882/4661/1873
f 2016/4860/2007 2086/5020/2077 1979/4789/1970
f 2077/5000/2068 2102/5048/2093 2089/5023/2080
f 2065/5028/2056 2103/5049/2094 2091/5029/2082
f 2066/4981/2057 2092/5032/2083 2103/5050/2094
f 2040/4912/2031 2018/4864/2009 2095/5051/2086
f 2040/4912/2031 2017/4861/2008 2018/4864/2009
f 1924/4916/1915 2081/5010/2072 2042/4917/2033
f 2020/4868/2011 2096/5038/2087 1939/4684/1930
f 1949/4708/1940 2045/5052/2036 1982/4823/1973
f 1960/4735/1951 2104/5053/2095 2021/4869/2012
f 1886/4570/1877 1942/5054/1933 1960/4735/1951
f 1986/5055/1977 2105/5056/2096 2083/5057/2074
f 1987/4799/1978 2082/5058/2073 1887/4800/1878
f 2047/4927/2038 2106/5059/2097 1943/4693/1934
f 1961/4929/1952 1829/4663/1820 2107/5060/2098
f 1829/4663/1820 1928/4662/1919 2107/5060/2098
f 2085/5019/2076 1921/4644/1912 1962/4740/1953
f 1928/4662/1919 1882/4661/1873 2101/5047/2092
f 2108/5061/2099 2016/4909/2007 2074/4994/2065
f 2102/5048/2093 2077/5000/2068 2090/5062/2081
f 2103/5049/2094 2065/5028/2056 2066/5063/2057
f 2018/5064/2009 1933/4913/1924 2041/4915/2032
f 2104/5065/2095 2043/4918/2034 2021/5011/2012
f 2045/4921/2036 1918/4651/1909 2022/4870/2013
f 2109/5066/2100 1985/4872/1976 1984/5067/1975
f 2109/5066/2100 1959/4873/1950 1985/4872/1976
f 1988/4801/1979 1952/4718/1943 1926/4657/1917
f 1971/5068/1962 1962/4740/1953 1875/4605/1866
f 2074/4994/2065 2087/5021/2078 2108/5061/2099
f 2087/5069/2078 2075/4996/2066 2088/5022/2079
f 2088/5070/2079 2076/4999/2067 2089/5023/2080
f 2079/5003/2070 2094/5071/2085 2093/5034/2084
f 2080/5006/2071 2095/5037/2086 2094/5072/2085
f 2016/4909/2007 2108/5061/2099 2086/5073/2077
f 1982/4792/1973 2110/5074/2101 2098/5040/2089
f 1982/4792/1973 2098/5040/2089 1970/4758/1961
f 2100/5044/2091 1866/4766/1857 2111/5075/2102
f 1943/5076/1934 2106/5077/2097 1936/5078/1927
f 1890/4737/1881 1961/4739/1952 2023/4874/2014
f 1989/4803/1980 2112/5079/2103 1804/4804/1795
f 1804/4804/1795 2112/5079/2103 1891/5046/1882
f 2090/5080/2081 2113/5081/2104 2102/5082/2093
f 1983/4793/1974 2097/5083/2088 1984/4926/1975
f 2044/5084/2035 2114/5085/2105 2022/5086/2013
f 1920/4641/1911 2115/5087/2106 1988/4836/1979
f 1896/4588/1887 2116/5088/2107 1987/4799/1978
f 1866/4766/1857 2023/4874/2014 2111/5075/2102
f 2114/5085/2105 2044/5084/2035 1941/5015/1932
f 2117/5089/2108 1957/4829/1948 2001/5090/1992
f 2117/5089/2108 2002/4830/1993 1957/4829/1948
f 2118/5091/2109 1920/4641/1911 1959/4873/1950
f 2114/5085/2105 1941/5015/1932 2082/5014/2073
f 1960/4735/1951 1942/5054/1933 2119/5092/2110
f 2116/5093/2107 1896/5094/1887 1936/5095/1927
f 2120/5096/2111 1927/4660/1918 1874/4536/1865
f 2121/5097/2112 2087/5098/2078 2088/5099/2079
f 2122/5100/2113 2018/5064/2009 2041/4915/2032
f 2081/5101/2072 1947/4700/1938 1981/4791/1972
f 2123/5102/2114 2041/4915/2032 1932/4914/1923
f 2098/5103/2089 2117/5104/2108 2001/5105/1992
f 2098/5040/2089 2124/5106/2115 2117/5107/2108
f 2125/5108/2116 2004/5109/1995 2003/5110/1994
f 2104/5053/2095 1960/4735/1951 2119/5092/2110
f 1959/4873/1950 2109/5066/2100 2118/5091/2109
f 2112/5079/2103 2101/5047/2092 1891/5046/1882
f 2089/5023/2080 2126/5111/2117 2088/5070/2079
f 1981/5112/1972 2127/5113/2118 2081/5114/2072
f 2041/4915/2032 2123/5102/2114 2122/5100/2113
f 2020/4868/2011 2128/5115/2119 2096/5038/2087
f 2099/5116/2090 2125/5108/2116 2003/5110/1994
f 2097/5083/2088 2129/5117/2120 1984/4926/1975
f 2129/5118/2120 2109/5119/2100 1984/5120/1975
f 1982/4792/1973 2045/5121/2036 2110/5074/2101
f 1920/4641/1911 2118/5091/2109 2115/5087/2106
f 1878/4562/1869 2084/5018/2075 1874/4536/1865
f 2092/5122/2083 2093/5123/2084 2130/5124/2121
f 2019/4867/2010 2131/5125/2122 1932/4703/1923
f 2042/4917/2033 2128/5115/2119 2020/4868/2011
f 2043/4918/2034 2104/5065/2095 2132/5126/2123
f 2109/5119/2100 2129/5118/2120 2133/5127/2124
f 2116/5088/2107 2082/5058/2073 1987/4799/1978
f 1988/4801/1979 2134/5128/2125 1952/4718/1943
f 2108/5061/2099 2135/5129/2126 2086/5073/2077
f 2087/5021/2078 2121/5130/2112 2108/5061/2099
f 2126/5131/2117 2121/5132/2112 2088/5133/2079
f 2091/5029/2082 2103/5049/2094 2136/5134/2127
f 2086/5135/2077 2127/5113/2118 1981/5112/1972
f 2042/4917/2033 2081/5010/2072 2137/5136/2128
f 2046/4924/2037 2138/5137/2129 2097/5039/2088
f 1942/4690/1933 2100/5044/2091 2119/5138/2110
f 1897/4590/1888 1952/4736/1943 2139/5139/2130
f 1897/4590/1888 2139/5139/2130 1841/4500/1832
f 1841/4875/1832 2139/5140/2130 2024/4876/2015
f 2136/5141/2127 2090/5142/2081 2091/5143/2082
f 2093/5144/2084 2140/5145/2131 2130/5146/2121
f 2093/5147/2084 2094/5148/2085 2140/5149/2131
f 2043/4918/2034 2132/5126/2123 2019/4867/2010
f 1986/5150/1977 2096/5151/2087 2105/5152/2096
f 2114/5153/2105 2141/5154/2132 2022/5155/2013
f 2004/5156/1995 2125/5157/2116 2142/5158/2133
f 2004/5156/1995 2138/5159/2129 2046/5160/2037
f 1988/5161/1979 2143/5162/2134 2134/5163/2125
f 1874/4536/1865 2084/5018/2075 2120/5096/2111
f 1971/5068/1962 2144/5164/2135 1962/4740/1953
f 2144/5164/2135 2145/5165/2136 1962/4740/1953
f 2113/5166/2104 2146/5167/2137 2102/5048/2093
f 2018/5064/2009 2147/5168/2138 2095/5169/2086
f 1932/4914/1923 2131/5170/2122 2123/5102/2114
f 2042/4917/2033 2137/5136/2128 2128/5115/2119
f 2019/4867/2010 2132/5126/2123 2131/5125/2122
f 2117/5089/2108 2099/5171/2090 2002/4830/1993
f 2142/5158/2133 2138/5159/2129 2004/5156/1995
f 2138/5159/2129 2148/5172/2139 2097/5173/2088
f 2148/5174/2139 2129/5117/2120 2097/5083/2088
f 2098/5040/2089 2110/5074/2101 2124/5106/2115
f 1962/4740/1953 2145/5165/2136 2085/5019/2076
f 2092/5032/2083 2149/5175/2140 2103/5050/2094
f 2045/5176/2036 2022/5177/2013 2150/5178/2141
f 2148/5174/2139 2151/5179/2142 2129/5117/2120
f 2109/5066/2100 2133/5180/2124 2118/5091/2109
f 2152/5181/2143 2116/5093/2107 1936/5095/1927
f 1927/4660/1918 2120/5096/2111 1971/4764/1962
f 2120/5096/2111 2144/5182/2135 1971/4764/1962
f 1928/5183/1919 2153/5184/2144 2107/5185/2098
f 2101/5186/2092 2153/5184/2144 1928/5183/1919
f 2101/5186/2092 2154/5187/2145 2153/5184/2144
f 2121/5130/2112 2135/5129/2126 2108/5061/2099
f 2089/5023/2080 2102/5048/2093 2126/5111/2117
f 2136/5188/2127 2113/5189/2104 2090/5190/2081
f 2092/5191/2083 2130/5192/2121 2149/5193/2140
f 2095/5037/2086 2155/5194/2146 2094/5072/2085
f 2095/5037/2086 2147/5195/2138 2155/5194/2146
f 2122/5100/2113 2147/5168/2138 2018/5064/2009
f 2110/5074/2101 2045/5121/2036 2156/5196/2147
f 2115/5087/2106 2118/5091/2109 2157/5197/2148
f 1988/4836/1979 2115/5087/2106 2143/5198/2134
f 2152/5199/2143 1936/5078/1927 2106/5077/2097
f 1952/5200/1943 2134/5163/2125 2139/5201/2130
f 2023/5202/2014 2158/5203/2149 2111/5204/2102
f 1961/5205/1952 2158/5203/2149 2023/5202/2014
f 2107/5185/2098 2153/5184/2144 2159/5206/2150
f 2047/4927/2038 1842/5045/1833 2160/5207/2151
f 1842/5045/1833 1990/5208/1981 2160/5207/2151
f 2112/5209/2103 2154/5187/2145 2101/5186/2092
f 2022/5177/2013 2141/5210/2132 2150/5178/2141
f 2117/5089/2108 2161/5211/2152 2099/5171/2090
f 2129/5118/2120 2151/5212/2142 2133/5127/2124
f 2118/5091/2109 2133/5180/2124 2162/5213/2153
f 2082/5014/2073 2163/5214/2154 2114/5085/2105
f 2083/5057/2074 2164/5215/2155 2084/5216/2075
f 1989/5217/1980 2024/5218/2015 2112/5209/2103
f 2102/5048/2093 2165/5219/2156 2126/5111/2117
f 2102/5048/2093 2146/5167/2137 2165/5219/2156
f 2113/5189/2104 2136/5188/2127 2166/5220/2157
f 2103/5050/2094 2149/5175/2140 2136/5221/2127
f 2094/5148/2085 2167/5222/2158 2140/5149/2131
f 2155/5223/2146 2167/5222/2158 2094/5148/2085
f 2086/5135/2077 2168/5224/2159 2127/5113/2118
f 2123/5102/2114 2169/5225/2160 2122/5100/2113
f 2045/5176/2036 2150/5178/2141 2156/5226/2147
f 2156/5196/2147 2124/5106/2115 2110/5074/2101
f 2117/5227/2108 2124/5228/2115 2170/5229/2161
f 2117/5089/2108 2170/5230/2161 2161/5211/2152
f 2099/5116/2090 2171/5231/2162 2125/5108/2116
f 2125/5108/2116 2171/5231/2162 2142/5232/2133
f 2085/5019/2076 2172/5233/2163 1990/4805/1981
f 2113/5189/2104 2166/5220/2157 2146/5234/2137
f 2135/5129/2126 2168/5235/2159 2086/5073/2077
f 2081/5114/2072 2127/5113/2118 2137/5236/2128
f 2099/5116/2090 2161/5237/2152 2171/5231/2162
f 2082/5238/2073 2173/5239/2164 2163/5240/2154
f 2116/5093/2107 2173/5241/2164 2082/5242/2073
f 2139/5201/2130 2134/5163/2125 2174/5243/2165
f 2085/5244/2076 2145/5245/2136 2172/5246/2163
f 2130/5192/2121 2140/5247/2131 2175/5248/2166
f 2147/5195/2138 2176/5249/2167 2155/5194/2146
f 2137/5236/2128 2127/5113/2118 2177/5250/2168
f 2132/5251/2123 2178/5252/2169 2131/5253/2122
f 2171/5231/2162 2179/5254/2170 2142/5232/2133
f 2105/5056/2096 2164/5215/2155 2083/5057/2074
f 2118/5091/2109 2162/5213/2153 2157/5197/2148
f 2120/5255/2111 2084/5216/2075 2180/5256/2171
f 2152/5181/2143 2181/5257/2172 2116/5093/2107
f 1961/5205/1952 2107/5185/2098 2158/5203/2149
f 2107/5185/2098 2182/5258/2173 2158/5203/2149
f 2121/5259/2112 2126/5111/2117 2183/5260/2174
f 2126/5111/2117 2165/5219/2156 2183/5260/2174
f 2149/5175/2140 2184/5261/2175 2136/5221/2127
f 2130/5192/2121 2185/5262/2176 2149/5193/2140
f 2155/5194/2146 2176/5249/2167 2167/5263/2158
f 2169/5225/2160 2147/5168/2138 2122/5100/2113
f 2131/5170/2122 2186/5264/2177 2123/5102/2114
f 2096/5151/2087 2187/5265/2178 2105/5152/2096
f 2119/5266/2110 2188/5267/2179 2104/5268/2095
f 2115/5269/2106 2189/5270/2180 2143/5271/2134
f 2120/5255/2111 2190/5272/2181 2144/5273/2135
f 2139/5274/2130 2191/5275/2182 2024/5218/2015
f 2024/5218/2015 2192/5276/2183 2112/5209/2103
f 2112/5209/2103 2192/5276/2183 2154/5187/2145
f 2146/5234/2137 2166/5220/2157 2193/5277/2184
f 2136/5221/2127 2184/5261/2175 2166/5278/2157
f 2130/5192/2121 2175/5248/2166 2185/5262/2176
f 2140/5247/2131 2194/5279/2185 2175/5248/2166
f 2169/5225/2160 2195/5280/2186 2147/5168/2138
f 2141/5281/2132 2114/5085/2105 2163/5214/2154
f 2189/5282/2180 2115/5087/2106 2157/5197/2148
f 2181/5257/2172 2173/5241/2164 2116/5093/2107
f 2182/5258/2173 2107/5185/2098 2159/5206/2150
f 2196/5283/2187 2047/5284/2038 2160/5285/2151
f 2160/5285/2151 1990/5286/1981 2172/5246/2163
f 2197/5287/2188 2153/5184/2144 2154/5187/2145
f 2198/5288/2189 2168/5235/2159 2135/5129/2126
f 2135/5289/2126 2121/5290/2112 2199/5291/2190
f 2199/5291/2190 2121/5290/2112 2183/5292/2174
f 2165/5219/2156 2146/5167/2137 2200/5293/2191
f 2184/5261/2175 2149/5175/2140 2185/5294/2176
f 2194/5295/2185 2140/5296/2131 2167/5297/2158
f 2176/5298/2167 2147/5299/2138 2195/5300/2186
f 2169/5225/2160 2123/5102/2114 2186/5264/2177
f 2177/5301/2168 2128/5115/2119 2137/5136/2128
f 2201/5302/2192 2096/5151/2087 2128/5303/2119
f 2132/5251/2123 2104/5268/2095 2188/5267/2179
f 2187/5304/2178 2164/5215/2155 2105/5056/2096
f 2138/5159/2129 2142/5158/2133 2202/5305/2193
f 2148/5172/2139 2138/5159/2129 2202/5305/2193
f 2164/5215/2155 2180/5256/2171 2084/5216/2075
f 2119/5306/2110 2100/5307/2091 2203/5308/2194
f 2134/5163/2125 2143/5162/2134 2204/5309/2195
f 2193/5310/2184 2200/5311/2191 2146/5312/2137
f 2184/5261/2175 2205/5313/2196 2166/5278/2157
f 2175/5248/2166 2206/5314/2197 2185/5262/2176
f 2207/5315/2198 2206/5314/2197 2175/5248/2166
f 2167/5297/2158 2208/5316/2199 2194/5295/2185
f 2178/5317/2169 2186/5264/2177 2131/5170/2122
f 2141/5318/2132 2209/5319/2200 2150/5320/2141
f 2161/5237/2152 2210/5321/2201 2171/5231/2162
f 2202/5305/2193 2211/5322/2202 2148/5172/2139
f 2163/5214/2154 2212/5323/2203 2141/5281/2132
f 2133/5324/2124 2151/5325/2142 2213/5326/2204
f 2120/5255/2111 2180/5256/2171 2190/5272/2181
f 2106/5077/2097 2047/5327/2038 2196/5328/2187
f 2191/5275/2182 2192/5276/2183 2024/5218/2015
f 2167/5329/2158 2176/5330/2167 2208/5331/2199
f 2201/5302/2192 2128/5303/2119 2214/5332/2205
f 2141/5333/2132 2212/5334/2203 2209/5335/2200
f 2150/5336/2141 2215/5337/2206 2156/5338/2147
f 2124/5339/2115 2216/5340/2207 2170/5341/2161
f 2170/5342/2161 2217/5343/2208 2161/5344/2152
f 2171/5231/2162 2210/5321/2201 2179/5254/2170
f 2213/5345/2204 2162/5346/2153 2133/5347/2124
f 2199/5291/2190 2198/5348/2189 2135/5289/2126
f 2183/5292/2174 2218/5349/2209 2199/5291/2190
f 2185/5294/2176 2219/5350/2210 2184/5261/2175
f 2195/5351/2186 2220/5352/2211 2176/5353/2167
f 2127/5113/2118 2168/5224/2159 2221/5354/2212
f 2177/5250/2168 2127/5113/2118 2221/5354/2212
f 2169/5225/2160 2186/5264/2177 2222/5355/2213
f 2177/5356/2168 2214/5332/2205 2128/5303/2119
f 2096/5151/2087 2201/5302/2192 2187/5265/2178
f 2156/5196/2147 2216/5357/2207 2124/5106/2115
f 2211/5358/2202 2151/5325/2142 2148/5359/2139
f 2181/5257/2172 2223/5360/2214 2173/5241/2164
f 2100/5307/2091 2111/5204/2102 2203/5308/2194
f 2144/5273/2135 2224/5361/2215 2145/5362/2136
f 2153/5184/2144 2197/5287/2188 2159/5206/2150
f 2219/5350/2210 2185/5294/2176 2206/5363/2197
f 2175/5248/2166 2194/5279/2185 2207/5315/2198
f 2195/5280/2186 2169/5225/2160 2222/5355/2213
f 2178/5364/2169 2225/5365/2216 2186/5366/2177
f 2179/5367/2170 2202/5305/2193 2142/5158/2133
f 2199/5291/2190 2218/5349/2209 2198/5348/2189
f 2166/5278/2157 2205/5313/2196 2193/5368/2184
f 2208/5316/2199 2176/5369/2167 2220/5370/2211
f 2168/5371/2159 2198/5372/2189 2226/5373/2217
f 2221/5374/2212 2168/5371/2159 2226/5373/2217
f 2132/5251/2123 2188/5267/2179 2178/5252/2169
f 2150/5320/2141 2209/5319/2200 2215/5375/2206
f 2156/5376/2147 2215/5377/2206 2216/5378/2207
f 2217/5379/2208 2210/5380/2201 2161/5381/2152
f 2139/5382/2130 2174/5383/2165 2191/5384/2182
f 2159/5206/2150 2197/5287/2188 2182/5258/2173
f 2184/5261/2175 2219/5350/2210 2205/5313/2196
f 2217/5385/2208 2170/5386/2161 2227/5387/2218
f 2228/5388/2219 2189/5389/2180 2157/5390/2148
f 2224/5361/2215 2144/5273/2135 2190/5272/2181
f 2152/5199/2143 2106/5077/2097 2196/5328/2187
f 2196/5283/2187 2160/5285/2151 2229/5391/2220
f 2230/5392/2221 2183/5260/2174 2165/5219/2156
f 2230/5392/2221 2165/5219/2156 2200/5293/2191
f 2231/5393/2222 2220/5394/2211 2195/5395/2186
f 2188/5267/2179 2232/5396/2223 2178/5252/2169
f 2119/5397/2110 2203/5398/2194 2233/5399/2224
f 2216/5400/2207 2227/5387/2218 2170/5386/2161
f 2157/5197/2148 2162/5213/2153 2228/5401/2219
f 2111/5204/2102 2158/5203/2149 2203/5308/2194
f 2204/5309/2195 2174/5243/2165 2134/5163/2125
f 2158/5203/2149 2182/5258/2173 2203/5308/2194
f 2182/5402/2173 2234/5403/2225 2203/5398/2194
f 2205/5313/2196 2219/5350/2210 2235/5404/2226
f 2194/5295/2185 2208/5316/2199 2236/5405/2227
f 2208/5316/2199 2220/5370/2211 2236/5405/2227
f 2198/5372/2189 2237/5406/2228 2226/5373/2217
f 2195/5280/2186 2222/5355/2213 2231/5407/2222
f 2225/5365/2216 2238/5408/2229 2186/5366/2177
f 2119/5266/2110 2233/5409/2224 2188/5267/2179
f 2143/5162/2134 2189/5410/2180 2204/5309/2195
f 2196/5328/2187 2239/5411/2230 2152/5199/2143
f 2145/5245/2136 2224/5412/2215 2172/5246/2163
f 2172/5246/2163 2240/5413/2231 2160/5285/2151
f 2198/5414/2189 2218/5415/2209 2237/5416/2228
f 2183/5292/2174 2241/5417/2232 2218/5349/2209
f 2183/5260/2174 2230/5392/2221 2241/5418/2232
f 2200/5311/2191 2193/5310/2184 2242/5419/2233
f 2207/5315/2198 2243/5420/2234 2206/5314/2197
f 2207/5315/2198 2194/5279/2185 2243/5420/2234
f 2221/5421/2212 2226/5422/2217 2244/5423/2235
f 2221/5424/2212 2245/5425/2236 2177/5356/2168
f 2177/5356/2168 2245/5425/2236 2214/5332/2205
f 2222/5355/2213 2186/5264/2177 2238/5426/2229
f 2188/5267/2179 2246/5427/2237 2232/5396/2223
f 2188/5428/2179 2233/5429/2224 2246/5430/2237
f 2164/5215/2155 2247/5431/2238 2180/5256/2171
f 2248/5432/2239 2212/5433/2203 2163/5434/2154
f 2151/5325/2142 2211/5358/2202 2213/5326/2204
f 2190/5272/2181 2180/5256/2171 2249/5435/2240
f 2152/5436/2143 2239/5437/2230 2250/5438/2241
f 2182/5402/2173 2197/5439/2188 2251/5440/2242
f 2160/5285/2151 2240/5413/2231 2229/5391/2220
f 2154/5441/2145 2252/5442/2243 2197/5439/2188
f 2231/5443/2222 2222/5444/2213 2253/5445/2244
f 2212/5334/2203 2254/5446/2245 2209/5335/2200
f 2255/5447/2246 2215/5375/2206 2209/5319/2200
f 2173/5241/2164 2248/5432/2239 2163/5434/2154
f 2256/5448/2247 2249/5435/2240 2180/5256/2171
f 2189/5410/2180 2257/5449/2248 2204/5309/2195
f 2249/5435/2240 2224/5361/2215 2190/5272/2181
f 2182/5402/2173 2251/5440/2242 2234/5403/2225
f 2224/5412/2215 2240/5413/2231 2172/5246/2163
f 2191/5450/2182 2258/5451/2249 2192/5452/2183
f 2240/5453/2231 2259/5454/2250 2229/5455/2220
f 2200/5311/2191 2242/5419/2233 2230/5456/2221
f 2193/5368/2184 2205/5313/2196 2242/5457/2233
f 2222/5355/2213 2260/5458/2251 2253/5459/2244
f 2238/5426/2229 2260/5458/2251 2222/5355/2213
f 2178/5252/2169 2232/5396/2223 2225/5460/2216
f 2164/5215/2155 2187/5304/2178 2247/5431/2238
f 2213/5345/2204 2261/5461/2252 2162/5346/2153
f 2192/5452/2183 2258/5451/2249 2154/5441/2145
f 2154/5441/2145 2258/5451/2249 2252/5442/2243
f 2205/5313/2196 2235/5404/2226 2242/5457/2233
f 2206/5363/2197 2262/5462/2253 2219/5350/2210
f 2220/5370/2211 2263/5463/2254 2236/5405/2227
f 2220/5370/2211 2231/5464/2222 2263/5463/2254
f 2245/5425/2236 2221/5424/2212 2244/5465/2235
f 2203/5398/2194 2264/5466/2255 2233/5399/2224
f 2215/5377/2206 2265/5467/2256 2216/5378/2207
f 2223/5360/2214 2248/5432/2239 2173/5241/2164
f 2162/5468/2153 2266/5469/2257 2228/5470/2219
f 2152/5436/2143 2250/5438/2241 2181/5471/2172
f 2197/5439/2188 2252/5442/2243 2251/5440/2242
f 2218/5415/2209 2267/5472/2258 2237/5416/2228
f 2218/5415/2209 2241/5473/2232 2267/5472/2258
f 2262/5474/2253 2206/5314/2197 2243/5420/2234
f 2268/5475/2259 2244/5476/2235 2226/5373/2217
f 2248/5477/2239 2269/5478/2260 2212/5479/2203
f 2264/5466/2255 2203/5398/2194 2234/5403/2225
f 2270/5480/2261 2174/5481/2165 2204/5482/2195
f 2270/5480/2261 2191/5483/2182 2174/5481/2165
f 2270/5484/2261 2258/5451/2249 2191/5450/2182
f 2239/5485/2230 2196/5486/2187 2229/5455/2220
f 2226/5373/2217 2237/5406/2228 2268/5475/2259
f 2180/5487/2171 2247/5488/2238 2256/5489/2247
f 2216/5378/2207 2265/5467/2256 2227/5490/2218
f 2271/5491/2262 2264/5466/2255 2234/5403/2225
f 2179/5492/2170 2210/5493/2201 2272/5494/2263
f 2219/5350/2210 2262/5462/2253 2235/5404/2226
f 2212/5334/2203 2269/5495/2260 2254/5446/2245
f 2273/5496/2264 2179/5492/2170 2272/5494/2263
f 2202/5497/2193 2274/5498/2265 2211/5499/2202
f 2224/5500/2215 2275/5501/2266 2240/5453/2231
f 2194/5295/2185 2236/5405/2227 2276/5502/2267
f 2201/5503/2192 2277/5504/2268 2187/5505/2178
f 2215/5506/2206 2255/5507/2246 2278/5508/2269
f 2211/5358/2202 2279/5509/2270 2213/5326/2204
f 2249/5510/2240 2280/5511/2271 2224/5500/2215
f 2228/5388/2219 2281/5512/2272 2189/5389/2180
f 2189/5513/2180 2281/5514/2272 2257/5515/2248
f 2242/5516/2233 2282/5517/2273 2230/5518/2221
f 2194/5279/2185 2276/5519/2267 2243/5420/2234
f 2231/5464/2222 2283/5520/2274 2263/5463/2254
f 2179/5521/2170 2273/5522/2264 2202/5523/2193
f 2284/5524/2275 2248/5525/2239 2223/5526/2214
f 2266/5527/2257 2285/5528/2276 2228/5388/2219
f 2181/5529/2172 2250/5530/2241 2286/5531/2277
f 2181/5532/2172 2286/5533/2277 2223/5526/2214
f 2234/5403/2225 2251/5440/2242 2271/5491/2262
f 2204/5482/2195 2257/5534/2248 2270/5480/2261
f 2275/5501/2266 2259/5454/2250 2240/5453/2231
f 2252/5442/2243 2258/5451/2249 2287/5535/2278
f 2201/5302/2192 2214/5332/2205 2277/5536/2268
f 2232/5396/2223 2288/5537/2279 2225/5460/2216
f 2232/5538/2223 2246/5430/2237 2288/5539/2279
f 2264/5466/2255 2271/5491/2262 2289/5540/2280
f 2162/5346/2153 2261/5461/2252 2266/5541/2257
f 2224/5500/2215 2280/5511/2271 2275/5501/2266
f 2251/5440/2242 2287/5535/2278 2271/5491/2262
f 2258/5542/2249 2270/5543/2261 2290/5544/2281
f 2251/5440/2242 2252/5442/2243 2287/5535/2278
f 2229/5455/2220 2259/5454/2250 2291/5545/2282
f 2260/5546/2251 2292/5547/2283 2253/5548/2244
f 2233/5429/2224 2264/5549/2255 2293/5550/2284
f 2264/5549/2255 2289/5551/2280 2293/5550/2284
f 2256/5489/2247 2294/5552/2285 2249/5510/2240
f 2249/5510/2240 2294/5552/2285 2280/5511/2271
f 2273/5522/2264 2295/5553/2286 2202/5523/2193
f 2211/5554/2202 2274/5555/2265 2279/5556/2270
f 2229/5455/2220 2291/5545/2282 2239/5485/2230
f 2236/5557/2227 2296/5558/2287 2276/5559/2267
f 2245/5560/2236 2297/5561/2288 2214/5562/2205
f 2233/5429/2224 2293/5550/2284 2246/5430/2237
f 2202/5497/2193 2295/5563/2286 2274/5498/2265
f 2228/5388/2219 2285/5528/2276 2281/5512/2272
f 2223/5526/2214 2286/5533/2277 2284/5524/2275
f 2259/5454/2250 2275/5501/2266 2298/5564/2289
f 2258/5542/2249 2290/5544/2281 2299/5565/2290
f 2258/5451/2249 2299/5566/2290 2287/5535/2278
f 2300/5567/2291 2242/5568/2233 2301/5569/2292
f 2242/5568/2233 2235/5570/2226 2301/5569/2292
f 2235/5571/2226 2262/5572/2253 2302/5573/2293
f 2231/5443/2222 2303/5574/2294 2283/5575/2274
f 2231/5443/2222 2253/5445/2244 2303/5574/2294
f 2225/5365/2216 2304/5576/2295 2238/5408/2229
f 2256/5489/2247 2247/5488/2238 2294/5552/2285
f 2215/5506/2206 2278/5508/2269 2265/5577/2256
f 2217/5379/2208 2305/5578/2296 2210/5380/2201
f 2279/5509/2270 2261/5579/2252 2213/5326/2204
f 2259/5454/2250 2298/5564/2289 2291/5545/2282
f 2237/5406/2228 2306/5580/2297 2268/5475/2259
f 2243/5581/2234 2307/5582/2298 2262/5583/2253
f 2214/5562/2205 2297/5561/2288 2277/5584/2268
f 2209/5319/2200 2254/5585/2245 2255/5447/2246
f 2289/5586/2280 2271/5587/2262 2308/5588/2299
f 2271/5491/2262 2287/5535/2278 2308/5589/2299
f 2239/5485/2230 2309/5590/2300 2250/5591/2241
f 2237/5406/2228 2267/5592/2258 2306/5580/2297
f 2241/5593/2232 2310/5594/2301 2267/5595/2258
f 2282/5517/2273 2241/5596/2232 2230/5518/2221
f 2238/5408/2229 2292/5597/2283 2260/5598/2251
f 2225/5599/2216 2288/5600/2279 2304/5601/2295
f 2277/5602/2268 2311/5603/2302 2187/5604/2178
f 2246/5430/2237 2293/5550/2284 2288/5539/2279
f 2247/5488/2238 2187/5605/2178 2312/5606/2303
f 2250/5530/2241 2309/5607/2300 2286/5531/2277
f 2270/5543/2261 2313/5608/2304 2290/5544/2281
f 2291/5545/2282 2309/5590/2300 2239/5485/2230
f 2242/5609/2233 2300/5610/2291 2282/5611/2273
f 2236/5405/2227 2263/5463/2254 2296/5612/2287
f 2314/5613/2305 2269/5478/2260 2248/5477/2239
f 2254/5585/2245 2315/5614/2306 2255/5447/2246
f 2278/5508/2269 2316/5615/2307 2265/5577/2256
f 2248/5525/2239 2284/5524/2275 2314/5616/2305
f 2227/5617/2218 2317/5618/2308 2217/5619/2208
f 2299/5620/2290 2308/5588/2299 2287/5621/2278
f 2235/5571/2226 2302/5573/2293 2301/5622/2292
f 2262/5583/2253 2307/5582/2298 2302/5623/2293
f 2292/5597/2283 2238/5408/2229 2304/5576/2295
f 2187/5604/2178 2311/5603/2302 2312/5624/2303
f 2293/5625/2284 2318/5626/2309 2288/5627/2279
f 2247/5488/2238 2312/5606/2303 2294/5552/2285
f 2294/5552/2285 2319/5628/2310 2280/5511/2271
f 2315/5629/2306 2278/5630/2269 2255/5631/2246
f 2210/5493/2201 2320/5632/2311 2272/5494/2263
f 2321/5633/2312 2279/5556/2270 2274/5555/2265
f 2257/5634/2248 2313/5635/2304 2270/5636/2261
f 2291/5637/2282 2322/5638/2313 2309/5607/2300
f 2313/5608/2304 2299/5565/2290 2290/5544/2281
f 2244/5476/2235 2268/5475/2259 2306/5580/2297
f 2243/5639/2234 2276/5640/2267 2307/5641/2298
f 2283/5520/2274 2323/5642/2314 2263/5463/2254
f 2253/5445/2244 2324/5643/2315 2303/5574/2294
f 2253/5548/2244 2292/5547/2283 2324/5644/2315
f 2293/5550/2284 2289/5551/2280 2318/5645/2309
f 2280/5511/2271 2319/5628/2310 2325/5646/2316
f 2305/5578/2296 2320/5647/2311 2210/5380/2201
f 2295/5563/2286 2326/5648/2317 2274/5498/2265
f 2280/5511/2271 2325/5646/2316 2275/5501/2266
f 2275/5501/2266 2325/5646/2316 2298/5564/2289
f 2286/5531/2277 2327/5649/2318 2284/5650/2275
f 2257/5634/2248 2328/5651/2319 2313/5635/2304
f 2299/5620/2290 2329/5652/2320 2308/5588/2299
f 2241/5653/2232 2282/5654/2273 2330/5655/2321
f 2296/5612/2287 2263/5463/2254 2323/5642/2314
f 2244/5656/2235 2306/5657/2297 2245/5658/2236
f 2331/5659/2322 2311/5660/2302 2277/5584/2268
f 2332/5661/2323 2289/5586/2280 2308/5588/2299
f 2332/5661/2323 2308/5588/2299 2329/5652/2320
f 2327/5649/2318 2286/5531/2277 2309/5607/2300
f 2322/5638/2313 2291/5637/2282 2298/5662/2289
f 2267/5663/2258 2310/5664/2301 2333/5665/2324
f 2288/5600/2279 2334/5666/2325 2304/5601/2295
f 2254/5667/2245 2269/5478/2260 2335/5668/2326
f 2265/5669/2256 2336/5670/2327 2227/5671/2218
f 2336/5672/2327 2317/5618/2308 2227/5617/2218
f 2217/5673/2208 2317/5674/2308 2305/5675/2296
f 2257/5634/2248 2337/5676/2328 2328/5651/2319
f 2309/5607/2300 2322/5638/2313 2327/5649/2318
f 2299/5677/2290 2313/5635/2304 2338/5678/2329
f 2245/5658/2236 2306/5657/2297 2297/5679/2288
f 2267/5663/2258 2333/5665/2324 2306/5680/2297
f 2312/5624/2303 2319/5681/2310 2294/5682/2285
f 2284/5524/2275 2339/5683/2330 2314/5616/2305
f 2278/5508/2269 2340/5684/2331 2316/5615/2307
f 2279/5685/2270 2341/5686/2332 2261/5687/2252
f 2261/5688/2252 2341/5689/2332 2266/5690/2257
f 2325/5691/2316 2342/5692/2333 2298/5662/2289
f 2281/5514/2272 2337/5693/2328 2257/5515/2248
f 2299/5677/2290 2338/5678/2329 2329/5694/2320
f 2241/5593/2232 2330/5695/2321 2310/5594/2301
f 2282/5696/2273 2343/5697/2334 2330/5698/2321
f 2301/5569/2292 2344/5699/2335 2300/5567/2291
f 2301/5622/2292 2302/5573/2293 2344/5700/2335
f 2307/5582/2298 2345/5701/2336 2302/5623/2293
f 2296/5558/2287 2346/5702/2337 2276/5559/2267
f 2296/5558/2287 2323/5703/2314 2346/5702/2337
f 2283/5575/2274 2303/5574/2294 2347/5704/2338
f 2303/5705/2294 2324/5706/2315 2347/5707/2338
f 2289/5551/2280 2332/5708/2323 2318/5645/2309
f 2314/5613/2305 2348/5709/2339 2269/5478/2260
f 2315/5629/2306 2349/5710/2340 2278/5630/2269
f 2320/5632/2311 2350/5711/2341 2272/5494/2263
f 2350/5711/2341 2273/5496/2264 2272/5494/2263
f 2266/5690/2257 2351/5712/2342 2285/5713/2276
f 2298/5662/2289 2342/5692/2333 2322/5638/2313
f 2282/5611/2273 2300/5610/2291 2343/5714/2334
f 2276/5640/2267 2352/5715/2343 2307/5641/2298
f 2283/5520/2274 2347/5716/2338 2323/5642/2314
f 2318/5626/2309 2332/5717/2323 2353/5718/2344
f 2329/5694/2320 2354/5719/2345 2332/5717/2323
f 2274/5555/2265 2326/5720/2317 2321/5633/2312
f 2327/5721/2318 2339/5683/2330 2284/5524/2275
f 2328/5651/2319 2338/5678/2329 2313/5635/2304
f 2344/5700/2335 2302/5573/2293 2345/5722/2336
f 2345/5701/2336 2307/5582/2298 2352/5723/2343
f 2276/5640/2267 2346/5724/2337 2352/5715/2343
f 2312/5624/2303 2311/5603/2302 2319/5681/2310
f 2265/5725/2256 2316/5726/2307 2336/5727/2327
f 2305/5675/2296 2317/5674/2308 2355/5728/2346
f 2266/5690/2257 2341/5689/2332 2351/5712/2342
f 2285/5729/2276 2351/5730/2342 2356/5731/2347
f 2281/5514/2272 2356/5732/2347 2337/5693/2328
f 2337/5676/2328 2357/5733/2348 2328/5651/2319
f 2328/5651/2319 2358/5734/2349 2338/5678/2329
f 2306/5657/2297 2333/5735/2324 2359/5736/2350
f 2310/5594/2301 2330/5695/2321 2360/5737/2351
f 2324/5706/2315 2361/5738/2352 2347/5707/2338
f 2324/5739/2315 2292/5597/2283 2362/5740/2353
f 2304/5576/2295 2362/5740/2353 2292/5597/2283
f 2288/5627/2279 2353/5718/2344 2363/5741/2354
f 2288/5627/2279 2318/5626/2309 2353/5718/2344
f 2332/5717/2323 2354/5719/2345 2353/5718/2344
f 2354/5719/2345 2338/5678/2329 2358/5734/2349
f 2329/5694/2320 2338/5678/2329 2354/5719/2345
f 2314/5613/2305 2339/5742/2330 2348/5709/2339
f 2269/5478/2260 2348/5709/2339 2335/5668/2326
f 2254/5585/2245 2335/5743/2326 2315/5614/2306
f 2349/5744/2340 2340/5684/2331 2278/5508/2269
f 2305/5578/2296 2355/5745/2346 2320/5647/2311
f 2279/5746/2270 2321/5747/2312 2341/5748/2332
f 2285/5749/2276 2356/5732/2347 2281/5514/2272
f 2322/5638/2313 2364/5750/2355 2327/5649/2318
f 2337/5693/2328 2356/5732/2347 2357/5751/2348
f 2357/5733/2348 2358/5734/2349 2328/5651/2319
f 2333/5752/2324 2310/5594/2301 2360/5737/2351
f 2344/5699/2335 2365/5753/2356 2300/5567/2291
f 2344/5700/2335 2345/5722/2336 2366/5754/2357
f 2344/5700/2335 2366/5754/2357 2367/5755/2358
f 2346/5756/2337 2323/5757/2314 2368/5758/2359
f 2347/5759/2338 2369/5760/2360 2323/5757/2314
f 2277/5584/2268 2370/5761/2361 2331/5659/2322
f 2311/5603/2302 2371/5762/2362 2319/5681/2310
f 2319/5681/2310 2372/5763/2363 2325/5691/2316
f 2325/5691/2316 2372/5763/2363 2342/5692/2333
f 2342/5692/2333 2364/5750/2355 2322/5638/2313
f 2327/5764/2318 2364/5765/2355 2373/5766/2364
f 2315/5767/2306 2335/5768/2326 2349/5769/2340
f 2374/5770/2365 2320/5647/2311 2355/5745/2346
f 2375/5771/2366 2273/5522/2264 2350/5772/2341
f 2375/5771/2366 2295/5553/2286 2273/5522/2264
f 2376/5773/2367 2330/5698/2321 2343/5697/2334
f 2370/5761/2361 2277/5584/2268 2297/5561/2288
f 2363/5741/2354 2334/5774/2325 2288/5627/2279
f 2319/5681/2310 2371/5762/2362 2372/5763/2363
f 2377/5775/2368 2372/5763/2363 2371/5762/2362
f 2378/5776/2369 2354/5719/2345 2379/5777/2370
f 2354/5719/2345 2378/5776/2369 2353/5718/2344
f 2372/5763/2363 2364/5750/2355 2342/5692/2333
f 2358/5734/2349 2379/5777/2370 2354/5719/2345
f 2373/5778/2364 2339/5683/2330 2327/5721/2318
f 2380/5779/2371 2336/5727/2327 2316/5726/2307
f 2380/5780/2371 2381/5781/2372 2336/5672/2327
f 2381/5781/2372 2317/5618/2308 2336/5672/2327
f 2382/5782/2373 2355/5728/2346 2317/5674/2308
f 2382/5783/2373 2374/5770/2365 2355/5745/2346
f 2320/5632/2311 2374/5784/2365 2350/5711/2341
f 2350/5711/2341 2383/5785/2374 2375/5786/2366
f 2351/5730/2342 2384/5787/2375 2356/5731/2347
f 2333/5788/2324 2360/5789/2351 2385/5790/2376
f 2297/5561/2288 2386/5791/2377 2370/5761/2361
f 2306/5657/2297 2386/5792/2377 2297/5679/2288
f 2306/5657/2297 2387/5793/2378 2386/5792/2377
f 2306/5657/2297 2359/5736/2350 2387/5793/2378
f 2324/5706/2315 2388/5794/2379 2361/5738/2352
f 2324/5706/2315 2362/5795/2353 2388/5794/2379
f 2362/5796/2353 2304/5601/2295 2334/5666/2325
f 2371/5797/2362 2311/5660/2302 2331/5659/2322
f 2363/5741/2354 2353/5718/2344 2378/5776/2369
f 2377/5798/2368 2389/5799/2380 2372/5800/2363
f 2389/5801/2380 2364/5750/2355 2372/5763/2363
f 2373/5778/2364 2390/5802/2381 2339/5683/2330
f 2339/5742/2330 2390/5803/2381 2348/5709/2339
f 2348/5709/2339 2391/5804/2382 2335/5668/2326
f 2391/5805/2382 2392/5806/2383 2335/5807/2326
f 2335/5768/2326 2392/5808/2383 2349/5769/2340
f 2392/5809/2383 2340/5810/2331 2349/5811/2340
f 2340/5684/2331 2380/5812/2371 2316/5615/2307
f 2381/5813/2372 2382/5782/2373 2317/5674/2308
f 2295/5563/2286 2393/5814/2384 2326/5648/2317
f 2326/5720/2317 2394/5815/2385 2321/5633/2312
f 2321/5747/2312 2394/5816/2385 2341/5748/2332
f 2394/5816/2385 2395/5817/2386 2341/5748/2332
f 2395/5818/2386 2396/5819/2387 2341/5689/2332
f 2341/5689/2332 2396/5819/2387 2351/5712/2342
f 2351/5712/2342 2396/5819/2387 2384/5820/2375
f 2384/5821/2375 2397/5822/2388 2356/5732/2347
f 2356/5732/2347 2397/5822/2388 2357/5751/2348
f 2357/5751/2348 2398/5823/2389 2358/5824/2349
f 2350/5711/2341 2374/5784/2365 2383/5785/2374
f 2295/5563/2286 2375/5825/2366 2393/5814/2384
f 2333/5788/2324 2385/5790/2376 2359/5826/2350
f 2330/5827/2321 2376/5828/2367 2360/5829/2351
f 2399/5830/2390 2376/5831/2367 2343/5832/2334
f 2344/5833/2335 2367/5834/2358 2365/5835/2356
f 2352/5723/2343 2366/5836/2357 2345/5701/2336
f 2352/5715/2343 2400/5837/2391 2366/5838/2357
f 2346/5724/2337 2400/5837/2391 2352/5715/2343
f 2346/5839/2337 2368/5840/2359 2400/5841/2391
f 2323/5757/2314 2369/5760/2360 2368/5758/2359
f 2347/5842/2338 2361/5843/2352 2369/5844/2360
f 2334/5845/2325 2363/5846/2354 2401/5847/2392
f 2331/5659/2322 2377/5798/2368 2371/5797/2362
f 2370/5761/2361 2377/5798/2368 2331/5659/2322
f 2379/5848/2370 2358/5824/2349 2398/5823/2389
f 2364/5765/2355 2402/5849/2393 2373/5766/2364
f 2390/5803/2381 2403/5850/2394 2348/5709/2339
f 2403/5850/2394 2404/5851/2395 2348/5709/2339
f 2357/5751/2348 2397/5822/2388 2398/5823/2389
f 2348/5709/2339 2404/5851/2395 2391/5804/2382
f 2392/5809/2383 2405/5852/2396 2340/5810/2331
f 2340/5684/2331 2406/5853/2397 2380/5812/2371
f 2380/5780/2371 2407/5854/2398 2381/5781/2372
f 2381/5813/2372 2407/5855/2398 2382/5782/2373
f 2382/5783/2373 2408/5856/2399 2374/5770/2365
f 2383/5857/2374 2409/5858/2400 2375/5859/2366
f 2375/5859/2366 2409/5858/2400 2410/5860/2401
f 2375/5859/2366 2410/5860/2401 2411/5861/2402
f 2375/5825/2366 2411/5862/2402 2393/5814/2384
f 2393/5863/2384 2394/5815/2385 2326/5720/2317
f 2394/5864/2385 2412/5865/2403 2395/5866/2386
f 2395/5818/2386 2413/5867/2404 2396/5819/2387
f 2384/5821/2375 2414/5868/2405 2397/5822/2388
f 2343/5869/2334 2300/5870/2291 2399/5871/2390
f 2300/5872/2291 2365/5873/2356 2399/5874/2390
f 2368/5840/2359 2415/5875/2406 2400/5841/2391
f 2368/5840/2359 2416/5876/2407 2415/5875/2406
f 2368/5758/2359 2369/5760/2360 2416/5877/2407
f 2362/5795/2353 2417/5878/2408 2388/5794/2379
f 2362/5879/2353 2334/5845/2325 2418/5880/2409
f 2334/5845/2325 2401/5847/2392 2418/5880/2409
f 2370/5761/2361 2419/5881/2410 2377/5798/2368
f 2363/5846/2354 2378/5882/2369 2401/5847/2392
f 2378/5882/2369 2379/5848/2370 2401/5847/2392
f 2377/5798/2368 2420/5883/2411 2389/5799/2380
f 2420/5883/2411 2402/5849/2393 2389/5799/2380
f 2364/5765/2355 2389/5799/2380 2402/5849/2393
f 2373/5778/2364 2402/5884/2393 2390/5802/2381
f 2421/5885/2412 2397/5822/2388 2414/5868/2405
f 2421/5885/2412 2398/5823/2389 2397/5822/2388
f 2422/5886/2413 2391/5804/2382 2404/5851/2395
f 2422/5887/2413 2392/5806/2383 2391/5805/2382
f 2422/5888/2413 2405/5889/2396 2392/5890/2383
f 2405/5891/2396 2423/5892/2414 2340/5684/2331
f 2423/5892/2414 2406/5853/2397 2340/5684/2331
f 2424/5893/2415 2380/5812/2371 2406/5853/2397
f 2424/5894/2415 2407/5895/2398 2380/5896/2371
f 2425/5897/2416 2426/5898/2417 2407/5855/2398
f 2426/5898/2417 2382/5782/2373 2407/5855/2398
f 2426/5898/2417 2408/5899/2399 2382/5782/2373
f 2408/5900/2399 2427/5901/2418 2374/5784/2365
f 2427/5901/2418 2383/5785/2374 2374/5784/2365
f 2427/5901/2418 2409/5902/2400 2383/5785/2374
f 2428/5903/2419 2393/5814/2384 2411/5862/2402
f 2428/5903/2419 2429/5904/2420 2393/5814/2384
f 2429/5905/2420 2394/5815/2385 2393/5863/2384
f 2429/5906/2420 2412/5907/2403 2394/5908/2385
f 2412/5865/2403 2430/5909/2421 2395/5866/2386
f 2430/5910/2421 2413/5867/2404 2395/5818/2386
f 2413/5867/2404 2431/5911/2422 2396/5819/2387
f 2431/5911/2422 2384/5820/2375 2396/5819/2387
f 2385/5912/2376 2360/5913/2351 2432/5914/2423
f 2432/5914/2423 2360/5913/2351 2433/5915/2424
f 2433/5916/2424 2360/5829/2351 2376/5828/2367
f 2434/5917/2425 2376/5918/2367 2399/5919/2390
f 2434/5917/2425 2399/5919/2390 2435/5920/2426
f 2435/5921/2426 2399/5874/2390 2365/5873/2356
f 2435/5922/2426 2365/5835/2356 2436/5923/2427
f 2367/5834/2358 2436/5923/2427 2365/5835/2356
f 2367/5755/2358 2366/5754/2357 2437/5924/2428
f 2437/5925/2428 2366/5926/2357 2438/5927/2429
f 2438/5927/2429 2366/5926/2357 2400/5928/2391
f 2438/5929/2429 2400/5930/2391 2415/5931/2406
f 2386/5791/2377 2439/5932/2430 2370/5761/2361
f 2439/5933/2430 2386/5792/2377 2387/5793/2378
f 2418/5880/2409 2417/5934/2408 2362/5879/2353
f 2419/5881/2410 2370/5761/2361 2439/5932/2430
f 2377/5798/2368 2419/5881/2410 2420/5883/2411
f 2401/5847/2392 2440/5935/2431 2418/5880/2409
f 2401/5847/2392 2379/5848/2370 2440/5935/2431
f 2379/5848/2370 2398/5823/2389 2440/5935/2431
f 2421/5885/2412 2440/5935/2431 2398/5823/2389
f 2402/5884/2393 2441/5936/2432 2390/5802/2381
f 2441/5937/2432 2403/5850/2394 2390/5803/2381
f 2431/5911/2422 2442/5938/2433 2384/5820/2375
f 2384/5821/2375 2442/5939/2433 2414/5868/2405
f 2407/5940/2398 2424/5941/2415 2425/5942/2416
f 2408/5943/2399 2443/5944/2434 2444/5945/2435
f 2408/5946/2399 2444/5947/2435 2427/5948/2418
f 2427/5948/2418 2444/5947/2435 2445/5949/2436
f 2445/5949/2436 2446/5950/2437 2427/5948/2418
f 2427/5948/2418 2446/5950/2437 2409/5951/2400
f 2359/5736/2350 2385/5952/2376 2447/5953/2438
f 2433/5915/2424 2448/5954/2439 2432/5914/2423
f 2433/5955/2424 2449/5956/2440 2448/5957/2439
f 2376/5958/2367 2449/5956/2440 2433/5955/2424
f 2434/5959/2425 2449/5960/2440 2376/5961/2367
f 2434/5962/2425 2450/5963/2441 2449/5964/2440
f 2435/5965/2426 2450/5966/2441 2434/5967/2425
f 2436/5923/2427 2450/5968/2441 2435/5922/2426
f 2436/5923/2427 2451/5969/2442 2450/5968/2441
f 2436/5923/2427 2452/5970/2443 2451/5969/2442
f 2367/5755/2358 2452/5971/2443 2436/5972/2427
f 2367/5755/2358 2437/5924/2428 2452/5971/2443
f 2415/5931/2406 2453/5973/2444 2438/5929/2429
f 2415/5875/2406 2416/5876/2407 2453/5974/2444
f 2369/5760/2360 2454/5975/2445 2416/5877/2407
f 2361/5738/2352 2454/5976/2445 2369/5977/2360
f 2361/5738/2352 2388/5794/2379 2454/5976/2445
f 2388/5794/2379 2417/5878/2408 2454/5976/2445
f 2387/5793/2378 2455/5978/2446 2439/5933/2430
f 2359/5736/2350 2455/5978/2446 2387/5793/2378
f 2447/5953/2438 2455/5978/2446 2359/5736/2350
f 2418/5880/2409 2456/5979/2447 2417/5934/2408
f 2417/5980/2408 2456/5981/2447 2457/5982/2448
f 2418/5983/2409 2458/5984/2449 2456/5985/2447
f 2418/5983/2409 2440/5986/2431 2458/5984/2449
f 2458/5984/2449 2440/5986/2431 2459/5987/2450
f 2440/5986/2431 2421/5988/2412 2459/5987/2450
f 2420/5883/2411 2441/5989/2432 2402/5849/2393
f 2441/5937/2432 2460/5990/2451 2403/5850/2394
f 2442/5991/2433 2459/5987/2450 2414/5992/2405
f 2414/5992/2405 2459/5987/2450 2421/5988/2412
f 2460/5990/2451 2404/5851/2395 2403/5850/2394
f 2404/5851/2395 2460/5990/2451 2422/5886/2413
f 2422/5886/2413 2460/5990/2451 2461/5993/2452
f 2422/5994/2413 2461/5995/2452 2462/5996/2453
f 2422/5888/2413 2462/5997/2453 2405/5889/2396
f 2405/5998/2396 2462/5999/2453 2463/6000/2454
f 2405/5998/2396 2463/6000/2454 2423/6001/2414
f 2423/5892/2414 2463/6002/2454 2464/6003/2455
f 2423/5892/2414 2464/6003/2455 2406/5853/2397
f 2406/5853/2397 2464/6003/2455 2424/5893/2415
f 2424/6004/2415 2464/6005/2455 2465/6006/2456
f 2424/5941/2415 2465/6007/2456 2425/5942/2416
f 2425/6008/2416 2465/6009/2456 2426/6010/2417
f 2465/6009/2456 2466/6011/2457 2426/6010/2417
f 2426/6010/2417 2466/6011/2457 2443/6012/2434
f 2426/6013/2417 2443/5944/2434 2408/5943/2399
f 2446/5950/2437 2467/6014/2458 2409/5951/2400
f 2409/5858/2400 2468/6015/2459 2410/5860/2401
f 2409/5858/2400 2467/6016/2458 2468/6015/2459
f 2410/5860/2401 2468/6015/2459 2411/5861/2402
f 2468/6017/2459 2428/5903/2419 2411/5862/2402
f 2469/6018/2460 2428/5903/2419 2468/6017/2459
f 2428/6019/2419 2469/6020/2460 2429/5906/2420
f 2429/5906/2420 2469/6020/2460 2470/6021/2461
f 2429/5906/2420 2470/6021/2461 2471/6022/2462
f 2429/5906/2420 2471/6022/2462 2412/5907/2403
f 2412/5865/2403 2471/6023/2462 2430/5909/2421
f 2430/6024/2421 2471/6025/2462 2472/6026/2463
f 2472/6027/2463 2413/5867/2404 2430/5910/2421
f 2413/5867/2404 2472/6027/2463 2431/5911/2422
f 2431/5911/2422 2472/6027/2463 2473/6028/2464
f 2442/5938/2433 2431/5911/2422 2473/6028/2464
f 2385/6029/2376 2474/6030/2465 2447/6031/2438
f 2432/6032/2423 2474/6030/2465 2385/6029/2376
f 2432/5914/2423 2475/6033/2466 2474/6034/2465
f 2448/5954/2439 2475/6033/2466 2432/5914/2423
f 2448/5954/2439 2476/6035/2467 2475/6033/2466
f 2449/5956/2440 2476/6036/2467 2448/5957/2439
f 2449/6037/2440 2477/6038/2468 2476/6039/2467
f 2449/6040/2440 2478/6041/2469 2477/6042/2468
f 2450/5963/2441 2478/6043/2469 2449/5964/2440
f 2450/6044/2441 2451/6045/2442 2478/6046/2469
f 2437/5924/2428 2479/6047/2470 2452/5971/2443
f 2437/5925/2428 2480/6048/2471 2479/6049/2470
f 2438/5927/2429 2480/6048/2471 2437/5925/2428
f 2453/5973/2444 2480/6050/2471 2438/5929/2429
f 2416/5877/2407 2481/6051/2472 2453/6052/2444
f 2454/5975/2445 2481/6051/2472 2416/5877/2407
f 2454/6053/2445 2482/6054/2473 2481/6055/2472
f 2477/6042/2468 2478/6041/2469 2483/6056/2474
f 2453/6057/2444 2484/6058/2475 2480/6059/2471
f 2481/6060/2472 2484/6058/2475 2453/6057/2444
f 2417/6061/2408 2482/6054/2473 2454/6053/2445
f 2417/6061/2408 2457/6062/2448 2482/6054/2473
f 2439/5933/2430 2455/5978/2446 2485/6063/2476
f 2476/6035/2467 2486/6064/2477 2475/6033/2466
f 2476/6039/2467 2477/6038/2468 2486/6065/2477
f 2478/6041/2469 2487/6066/2478 2483/6056/2474
f 2451/6045/2442 2487/6067/2478 2478/6046/2469
f 2439/5933/2430 2485/6063/2476 2419/6068/2410
f 2482/6054/2473 2488/6069/2479 2481/6055/2472
f 2477/6038/2468 2489/6070/2480 2490/6071/2481
f 2477/6072/2468 2483/6073/2474 2489/6074/2480
f 2482/6054/2473 2457/6062/2448 2488/6069/2479
f 2447/5953/2438 2491/6075/2482 2455/5978/2446
f 2457/6062/2448 2473/6028/2464 2488/6069/2479
f 2456/5981/2447 2492/6076/2483 2457/5982/2448
f 2456/5985/2447 2458/5984/2449 2492/6077/2483
f 2457/6062/2448 2492/6078/2483 2473/6028/2464
f 2419/5881/2410 2485/6079/2476 2420/5883/2411
f 2455/5978/2446 2491/6075/2482 2485/6063/2476
f 2441/5937/2432 2420/6080/2411 2485/6063/2476
f 2485/6063/2476 2460/5990/2451 2441/5937/2432
f 2491/6075/2482 2460/5990/2451 2485/6063/2476
f 2491/6075/2482 2493/6081/2484 2461/5993/2452
f 2493/6082/2484 2494/6083/2485 2495/6084/2486
f 2486/6065/2477 2490/6071/2481 2496/6085/2487
f 2490/6071/2481 2497/6086/2488 2498/6087/2489
f 2499/6088/2490 2500/6089/2491 2501/6090/2492
f 2502/6091/2493 2471/6025/2462 2503/6092/2494
f 2458/5984/2449 2459/5987/2450 2492/6077/2483
f 2491/6075/2482 2461/5993/2452 2460/5990/2451
f 2493/6093/2484 2495/6094/2486 2461/6095/2452
f 2486/6064/2477 2496/6096/2487 2494/6083/2485
f 2494/6083/2485 2496/6096/2487 2495/6084/2486
f 2490/6071/2481 2498/6087/2489 2496/6085/2487
f 2487/6066/2478 2504/6097/2495 2489/6098/2480
f 2489/6098/2480 2504/6097/2495 2497/6099/2488
f 2505/6100/2496 2467/6014/2458 2506/6101/2497
f 2500/6102/2491 2467/6014/2458 2505/6100/2496
f 2500/6089/2491 2499/6088/2490 2467/6016/2458
f 2501/6103/2492 2469/6018/2460 2499/6104/2490
f 2503/6105/2494 2469/6020/2460 2501/6106/2492
f 2503/6105/2494 2470/6021/2461 2469/6020/2460
f 2503/6105/2494 2471/6022/2462 2470/6021/2461
f 2488/6107/2479 2471/6025/2462 2502/6091/2493
f 2488/6107/2479 2472/6026/2463 2471/6025/2462
f 2473/6028/2464 2472/6027/2463 2488/6069/2479
f 2492/6078/2483 2442/5938/2433 2473/6028/2464
f 2442/5991/2433 2492/6077/2483 2459/5987/2450
f 2462/5999/2453 2461/6108/2452 2495/6109/2486
f 2462/5999/2453 2495/6109/2486 2463/6000/2454
f 2463/6000/2454 2495/6109/2486 2496/6110/2487
f 2463/6002/2454 2496/6085/2487 2464/6003/2455
f 2464/6003/2455 2496/6085/2487 2498/6087/2489
f 2464/6003/2455 2498/6087/2489 2497/6086/2488
f 2464/6005/2455 2497/6111/2488 2465/6006/2456
f 2465/6112/2456 2497/6099/2488 2504/6097/2495
f 2465/6009/2456 2504/6113/2495 2507/6114/2498
f 2465/6009/2456 2507/6114/2498 2466/6011/2457
f 2443/5944/2434 2466/6115/2457 2508/6116/2499
f 2443/5944/2434 2508/6116/2499 2444/5945/2435
f 2444/5947/2435 2508/6117/2499 2506/6101/2497
f 2444/5947/2435 2506/6101/2497 2445/5949/2436
f 2445/5949/2436 2506/6101/2497 2446/5950/2437
f 2446/5950/2437 2506/6101/2497 2467/6014/2458
f 2467/6016/2458 2499/6088/2490 2468/6015/2459
f 2468/6017/2459 2499/6104/2490 2469/6018/2460
f 2451/6118/2442 2452/6119/2443 2505/6100/2496
f 2479/6049/2470 2480/6048/2471 2500/6120/2491
f 2480/6048/2471 2509/6121/2500 2500/6120/2491
f 2480/6122/2471 2484/6123/2475 2509/6124/2500
f 2451/6045/2442 2507/6114/2498 2487/6067/2478
f 2484/6125/2475 2481/6126/2472 2502/6127/2493
f 2474/6030/2465 2493/6128/2484 2447/6031/2438
f 2474/6034/2465 2494/6083/2485 2493/6082/2484
f 2475/6033/2466 2494/6083/2485 2474/6034/2465
f 2486/6064/2477 2494/6083/2485 2475/6033/2466
f 2479/6129/2470 2505/6100/2496 2452/6119/2443
f 2484/6130/2475 2503/6131/2494 2509/6132/2500
f 2505/6133/2496 2508/6134/2499 2451/6135/2442
f 2481/6126/2472 2488/6136/2479 2502/6127/2493
f 2447/5953/2438 2493/6081/2484 2491/6075/2482
f 2477/6038/2468 2490/6071/2481 2486/6065/2477
f 2487/6066/2478 2489/6098/2480 2483/6056/2474
f 2451/6045/2442 2508/6137/2499 2507/6114/2498
f 2479/6129/2470 2500/6102/2491 2505/6100/2496
f 2509/6138/2500 2501/6139/2492 2500/6140/2491
f 2509/6138/2500 2503/6141/2494 2501/6139/2492
f 2484/6130/2475 2502/6142/2493 2503/6131/2494
f 2490/6071/2481 2489/6070/2480 2497/6086/2488
f 2487/6067/2478 2507/6114/2498 2504/6113/2495
f 2508/6137/2499 2466/6011/2457 2507/6114/2498
f 2506/6101/2497 2508/6117/2499 2505/6100/2496
