# Blender 4.4.0
# www.blender.org
mtllib 一块豆腐块_0920092132_texture.mtl
o 一块豆腐块_0920092132_texture
v -0.407659 0.266464 -0.794272
v -0.354049 0.269738 -0.795170
v -0.388860 0.201483 -0.789800
v -0.316935 0.170674 -0.784157
v -0.306416 0.270579 -0.793282
v -0.333723 0.298153 -0.794445
v -0.468781 0.261447 -0.791042
v -0.474549 0.316556 -0.791642
v -0.410459 0.314299 -0.794759
v -0.369375 0.314425 -0.793924
v -0.261947 0.317281 -0.787182
v -0.312857 0.326244 -0.788821
v -0.403842 0.335982 -0.789907
v -0.477920 0.336273 -0.788522
v -0.735830 0.049789 -0.785755
v -0.629640 0.140093 -0.786609
v -0.629955 0.054232 -0.787923
v -0.578701 0.032759 -0.787032
v -0.555745 0.104156 -0.787800
v -0.489713 0.121499 -0.787414
v -0.530426 0.175827 -0.787904
v -0.455445 0.182220 -0.789082
v -0.413283 0.143761 -0.786080
v -0.642694 0.190209 -0.785624
v -0.581905 0.244212 -0.787398
v -0.260083 0.238370 -0.788441
v -0.576312 0.311763 -0.791268
v -0.505879 0.319587 -0.790826
v -0.681619 0.262090 -0.786470
v -0.237907 0.297602 -0.786248
v -0.652887 0.309234 -0.788698
v -0.365714 0.334399 -0.787575
v -0.266245 0.333731 -0.784947
v -0.601094 0.346563 -0.790328
v -0.545222 0.343324 -0.788439
v -0.630704 0.345935 -0.788706
v -0.483003 0.343565 -0.784078
v -0.413844 -0.070702 -0.782972
v -0.439927 -0.030375 -0.784054
v -0.369302 -0.050757 -0.783362
v -0.327388 0.011400 -0.781546
v -0.302416 -0.050931 -0.780785
v -0.502167 -0.048088 -0.781944
v -0.489255 -0.008297 -0.784381
v -0.408579 0.058787 -0.783997
v -0.606326 -0.008139 -0.783762
v -0.690032 0.004532 -0.782607
v -0.817074 -0.003555 -0.777633
v -0.824263 0.037994 -0.783590
v -0.788416 0.079660 -0.784779
v -0.865310 0.050931 -0.782523
v -0.865714 0.088578 -0.783371
v -0.720112 0.125166 -0.781379
v -0.758448 0.142579 -0.777840
v -0.314763 0.093404 -0.780343
v -0.711437 0.170056 -0.780953
v -0.215677 0.200035 -0.784450
v -0.248730 0.095449 -0.779165
v -0.188193 0.243447 -0.785417
v -0.151793 0.206846 -0.782994
v -0.074864 0.277117 -0.786038
v -0.075849 0.214430 -0.781481
v -0.156944 0.302517 -0.787611
v 0.023284 0.265587 -0.786085
v -0.763904 0.272956 -0.783426
v -0.727249 0.296729 -0.783929
v -0.017721 0.310060 -0.786959
v -0.199593 0.320295 -0.786364
v 0.053013 0.311058 -0.784763
v 0.107209 0.272444 -0.782234
v -0.686480 0.320536 -0.784252
v -0.076442 0.336181 -0.786594
v -0.048424 0.337466 -0.787101
v -0.012908 0.327230 -0.779513
v -0.029502 0.333221 -0.781298
v -0.216053 0.335953 -0.784065
v -0.122292 0.336447 -0.784862
v -0.102416 0.340480 -0.782711
v -0.673436 0.337243 -0.780988
v -0.339284 0.336225 -0.783694
v -0.635041 0.350938 -0.784814
v -0.408429 0.344827 -0.781891
v -0.048598 0.343667 -0.782469
v -0.519079 0.346890 -0.782538
v -0.624114 0.354195 -0.782773
v -0.570995 0.350116 -0.783315
v -0.581291 -0.302046 -0.773363
v -0.521221 -0.272992 -0.780685
v -0.512413 -0.304114 -0.780807
v -0.488915 -0.263911 -0.782034
v -0.451242 -0.310067 -0.779333
v -0.414741 -0.234945 -0.780176
v -0.442089 -0.191179 -0.781093
v -0.385138 -0.164529 -0.780526
v -0.409997 -0.123023 -0.781013
v -0.330603 -0.114509 -0.779169
v -0.446234 -0.098639 -0.779670
v -0.523878 -0.093996 -0.774098
v -0.601011 -0.057382 -0.776232
v -0.228662 -0.002140 -0.777912
v -0.709650 -0.044642 -0.772748
v -0.869083 0.020749 -0.777976
v -0.890081 0.031439 -0.770849
v -0.889298 0.083565 -0.778771
v -0.899259 0.122538 -0.775208
v -0.812134 0.152797 -0.775044
v -0.145455 0.115758 -0.776859
v -0.051074 0.145484 -0.774047
v -0.009051 0.169038 -0.776507
v -0.803622 0.190388 -0.775099
v 0.060104 0.149849 -0.775962
v 0.128055 0.189836 -0.776973
v 0.164211 0.297380 -0.781072
v 0.207316 0.212351 -0.776261
v 0.267969 0.316980 -0.781612
v 0.289891 0.279052 -0.779384
v -0.799736 0.307106 -0.775873
v 0.214783 0.310965 -0.781028
v 0.109545 0.310943 -0.779568
v 0.356018 0.312948 -0.777685
v -0.759203 0.321058 -0.771585
v 0.126738 0.316397 -0.776022
v 0.181887 0.313300 -0.779959
v -0.726678 0.325169 -0.773460
v 0.318616 0.327356 -0.779125
v 0.225718 0.332787 -0.779224
v 0.060708 0.322172 -0.776603
v 0.263230 0.332733 -0.779995
v -0.276272 0.341273 -0.775886
v -0.226385 0.341889 -0.780052
v -0.160034 0.341943 -0.779550
v -0.345816 0.344713 -0.764743
v -0.084831 0.344667 -0.777307
v -0.460215 0.347704 -0.777725
v -0.519901 -0.324859 -0.775133
v -0.442302 -0.328847 -0.774702
v -0.593113 -0.314434 -0.769874
v -0.563174 -0.246141 -0.772318
v -0.348692 -0.306511 -0.769627
v -0.517326 -0.186346 -0.773566
v -0.317358 -0.180669 -0.774418
v -0.479210 -0.138436 -0.775555
v -0.279003 -0.181418 -0.772262
v -0.207090 -0.083524 -0.775942
v -0.132977 0.005861 -0.775370
v -0.872588 -0.048319 -0.760712
v -0.875200 0.145504 -0.776041
v -0.910987 0.173120 -0.771817
v -0.032853 0.102685 -0.772551
v 0.229779 0.148997 -0.772287
v -0.861224 0.233638 -0.771411
v 0.352866 0.177153 -0.772094
v 0.414479 0.256583 -0.774361
v -0.860198 0.292910 -0.771033
v 0.466749 0.236811 -0.772660
v 0.524760 0.334714 -0.776592
v 0.576578 0.304937 -0.776602
v -0.847927 0.309549 -0.769180
v 0.431454 0.318952 -0.774675
v 0.409733 0.333039 -0.774201
v 0.626224 0.270447 -0.775370
v 0.614884 0.318783 -0.775933
v 0.681629 0.271929 -0.775149
v 0.696666 0.310340 -0.773463
v 0.168969 0.322114 -0.771708
v 0.368177 0.332379 -0.776025
v 0.184123 0.328295 -0.769764
v 0.202082 0.338913 -0.768867
v 0.565500 0.335024 -0.775722
v 0.661592 0.334812 -0.771621
v 0.323028 0.337566 -0.776163
v 0.269462 0.343090 -0.774373
v -0.026193 0.350486 -0.758861
v -0.664678 0.351637 -0.768942
v -0.415169 0.350966 -0.764083
v -0.206752 0.347588 -0.769646
v -0.569205 0.353854 -0.754253
v -0.483230 -0.339626 -0.768383
v -0.553574 -0.333410 -0.762989
v -0.629848 -0.274025 -0.760052
v -0.288965 -0.252689 -0.768374
v -0.577422 -0.198410 -0.766620
v -0.559311 -0.150850 -0.766769
v -0.209581 -0.192484 -0.769231
v -0.124473 -0.187387 -0.767965
v -0.535619 -0.125055 -0.769677
v -0.074993 -0.089773 -0.772137
v -0.592559 -0.114029 -0.764759
v -0.028475 -0.064718 -0.771817
v 0.058464 -0.038454 -0.769597
v 0.038901 -0.091545 -0.768744
v -0.795138 -0.103056 -0.753370
v 0.028950 0.023990 -0.770718
v -0.898946 -0.033157 -0.758840
v -0.899841 0.058832 -0.766170
v 0.090880 0.055687 -0.770675
v -0.912107 0.103183 -0.765312
v -0.862431 0.205370 -0.772024
v -0.912168 0.191394 -0.771328
v 0.712264 0.146963 -0.770366
v 0.769405 0.231544 -0.774771
v 0.829302 0.199784 -0.772774
v 0.673943 0.179122 -0.772282
v 0.507466 0.180444 -0.769877
v 0.585644 0.170935 -0.770819
v 0.875003 0.262057 -0.769972
v -0.894552 0.252214 -0.766201
v 0.797398 0.285128 -0.769516
v 0.483568 0.320498 -0.775212
v 0.739199 0.320679 -0.768916
v -0.899251 0.309696 -0.762037
v -0.810312 0.320134 -0.764639
v 0.113455 0.323038 -0.767667
v 0.685864 0.330589 -0.770999
v 0.702147 0.332896 -0.767700
v 0.460307 0.336122 -0.772240
v 0.028529 0.339754 -0.764228
v 0.679649 0.338528 -0.766747
v -0.715628 0.339252 -0.763961
v 0.356928 0.341724 -0.770245
v 0.548026 0.341456 -0.770859
v 0.636524 0.345457 -0.768134
v -0.118687 0.347573 -0.767639
v -0.501421 0.351517 -0.762311
v -0.063955 0.349246 -0.767272
v -0.435425 -0.346200 -0.765474
v -0.386634 -0.344493 -0.764330
v -0.333052 -0.333944 -0.763657
v -0.600525 -0.325030 -0.762543
v -0.292707 -0.315810 -0.764683
v -0.632816 -0.246666 -0.759829
v -0.234512 -0.272412 -0.765316
v -0.095687 -0.239633 -0.764051
v -0.036024 -0.150979 -0.767103
v -0.664169 -0.120181 -0.758944
v 0.074014 -0.146457 -0.764369
v 0.147726 -0.118297 -0.765545
v 0.180832 -0.097433 -0.765814
v 0.142226 -0.047047 -0.767653
v 0.215572 -0.016982 -0.765658
v -0.906906 -0.009517 -0.757830
v 0.284119 0.015003 -0.763708
v 0.283048 0.069561 -0.766418
v 0.419992 0.036118 -0.763783
v 0.397674 0.106963 -0.768002
v 0.507508 0.118632 -0.767011
v 0.640158 0.066349 -0.765305
v 0.619269 0.108051 -0.768465
v -0.916111 0.141976 -0.766124
v 0.689557 0.072783 -0.763289
v 0.746785 0.118702 -0.765958
v 0.855265 0.132354 -0.766482
v -0.925849 0.194856 -0.764677
v 0.866660 0.193233 -0.767859
v 0.869216 0.144358 -0.766085
v 0.850788 0.318269 -0.764783
v 0.879389 0.309462 -0.763641
v 0.777296 0.326605 -0.762378
v 0.801033 0.318737 -0.762624
v 0.011046 0.351034 -0.756262
v 0.504417 0.344017 -0.767187
v 0.201167 0.348138 -0.756742
v 0.260861 0.347849 -0.764770
v 0.387917 0.345373 -0.763122
v 0.329768 0.346142 -0.765894
v 0.623725 0.349110 -0.764322
v -0.387799 0.348812 -0.754653
v -0.484978 -0.348125 -0.755472
v -0.242919 -0.317012 -0.761823
v -0.158738 -0.271853 -0.763968
v -0.091398 -0.289660 -0.759689
v -0.019097 -0.229101 -0.761486
v -0.601797 -0.138727 -0.761598
v 0.196654 -0.181474 -0.762138
v 0.254825 -0.175521 -0.761307
v 0.229582 -0.218567 -0.760121
v 0.097972 -0.243540 -0.757639
v 0.292385 -0.112095 -0.761891
v 0.406318 -0.066684 -0.758961
v 0.349967 -0.017121 -0.761681
v 0.546948 0.042002 -0.761332
v 0.811805 0.074220 -0.755661
v 0.870484 0.119459 -0.763992
v -0.920892 0.117895 -0.756380
v 0.881066 0.137115 -0.762548
v -0.929484 0.176816 -0.759078
v 0.885907 0.165523 -0.757677
v 0.912651 0.216371 -0.753451
v 0.904354 0.242039 -0.761544
v -0.914715 0.260769 -0.758404
v 0.899571 0.270794 -0.763336
v -0.890803 0.320607 -0.757967
v -0.843421 0.319416 -0.761444
v 0.748886 0.329750 -0.760038
v 0.063030 0.350504 -0.740337
v 0.161907 0.338607 -0.754679
v 0.460209 0.344730 -0.761109
v 0.665603 0.346625 -0.757834
v -0.697221 0.349374 -0.751206
v -0.276227 0.347806 -0.744847
v 0.548695 0.349462 -0.757651
v 0.598759 0.351519 -0.758125
v -0.417978 -0.352654 -0.758217
v -0.317557 -0.349054 -0.756569
v -0.256373 -0.346797 -0.755412
v -0.218394 -0.348866 -0.752973
v -0.156097 -0.310898 -0.759480
v -0.635167 -0.313718 -0.752126
v -0.104678 -0.313284 -0.756433
v 0.146353 -0.260210 -0.757043
v -0.663735 -0.213108 -0.756639
v 0.051051 -0.259131 -0.756907
v 0.235926 -0.235720 -0.758010
v 0.260500 -0.224369 -0.757101
v 0.320775 -0.228151 -0.754647
v 0.367075 -0.183938 -0.756471
v -0.675158 -0.142893 -0.755439
v 0.394439 -0.111682 -0.756882
v -0.731968 -0.135164 -0.751625
v 0.479655 -0.088507 -0.755101
v 0.508690 -0.002686 -0.759439
v 0.530793 -0.064811 -0.755775
v 0.601473 -0.003784 -0.758634
v 0.680278 -0.001464 -0.757937
v 0.770901 0.043225 -0.751281
v 0.899218 0.106901 -0.755298
v 0.906280 0.267454 -0.760485
v 0.899291 0.284183 -0.759517
v 0.880555 0.315969 -0.758752
v 0.870226 0.322431 -0.758740
v 0.800415 0.328238 -0.758441
v 0.840101 0.329143 -0.758110
v -0.346065 -0.355826 -0.752330
v -0.084225 -0.328868 -0.750601
v 0.019175 -0.314377 -0.748308
v 0.110885 -0.305348 -0.750476
v 0.135936 -0.299021 -0.752962
v 0.195678 -0.272513 -0.753974
v 0.051997 -0.292897 -0.751655
v 0.228287 -0.266313 -0.751595
v 0.245957 -0.249554 -0.751534
v 0.391937 -0.240661 -0.754697
v 0.381918 -0.218950 -0.755553
v 0.418076 -0.228336 -0.753913
v 0.289472 -0.228277 -0.756768
v 0.426713 -0.155658 -0.751752
v 0.606007 -0.080452 -0.751963
v 0.693920 -0.056083 -0.752049
v -0.914102 0.040601 -0.746065
v 0.864901 0.045211 -0.747795
v 0.898847 0.088379 -0.752165
v -0.928549 0.137583 -0.746304
v 0.897007 0.150515 -0.747369
v -0.933073 0.205376 -0.756387
v 0.918651 0.219575 -0.746408
v -0.937950 0.244589 -0.746257
v -0.926068 0.317421 -0.747684
v -0.862270 0.325875 -0.753030
v -0.815513 0.332738 -0.742089
v 0.730413 0.341043 -0.740117
v 0.024118 0.350828 -0.751627
v -0.106054 0.350321 -0.748587
v 0.263965 0.349953 -0.750826
v 0.360463 0.350234 -0.748677
v 0.465598 0.350629 -0.743253
v 0.516393 0.350412 -0.753734
v -0.353789 -0.361532 -0.742449
v -0.432091 -0.361278 -0.739843
v -0.249311 -0.353031 -0.750344
v -0.586745 -0.343185 -0.741020
v -0.135890 -0.340409 -0.746412
v -0.029060 -0.322380 -0.748918
v 0.170629 -0.314650 -0.746736
v -0.684936 -0.285268 -0.746729
v 0.204733 -0.293992 -0.747337
v -0.736782 -0.267894 -0.743199
v 0.263260 -0.263295 -0.744049
v 0.400333 -0.260152 -0.746292
v 0.362970 -0.249981 -0.748182
v 0.308010 -0.247649 -0.748122
v -0.725868 -0.165374 -0.750478
v -0.781174 -0.161332 -0.744867
v 0.463009 -0.148645 -0.748608
v 0.515415 -0.139132 -0.746953
v -0.886482 -0.100552 -0.747792
v 0.745729 -0.019910 -0.746905
v -0.917253 -0.020170 -0.746151
v 0.912043 0.088245 -0.744518
v 0.907351 0.169723 -0.739816
v -0.925941 0.333511 -0.732261
v -0.908097 0.328316 -0.746490
v 0.805550 0.345463 -0.719010
v 0.855483 0.338762 -0.739468
v -0.743274 0.347290 -0.739387
v -0.667843 0.354113 -0.724306
v -0.270956 -0.359074 -0.743106
v -0.153373 -0.355956 -0.739285
v -0.075675 -0.337406 -0.744586
v -0.122940 -0.352204 -0.737700
v 0.047558 -0.332354 -0.741244
v 0.083958 -0.332996 -0.742280
v -0.670685 -0.317664 -0.740287
v 0.251116 -0.296349 -0.730981
v 0.429732 -0.261854 -0.746155
v 0.441473 -0.257099 -0.747903
v 0.455381 -0.263141 -0.746008
v 0.476878 -0.229877 -0.741978
v -0.770806 -0.217112 -0.743477
v 0.482465 -0.176469 -0.742843
v -0.866186 -0.139795 -0.743573
v -0.899298 -0.116109 -0.743387
v 0.605575 -0.137230 -0.744170
v 0.685175 -0.126242 -0.743174
v -0.913825 -0.080344 -0.741420
v 0.730142 -0.119737 -0.740381
v 0.825586 -0.022765 -0.741367
v 0.874233 0.028366 -0.744410
v -0.939645 0.204549 -0.740288
v 0.917086 0.245474 -0.730857
v 0.889969 0.313989 -0.736944
v -0.862264 0.338162 -0.731592
v 0.116625 0.350607 -0.732290
v 0.131869 0.350471 -0.733984
v 0.189794 0.349782 -0.743804
v -0.348765 0.349333 -0.709565
v -0.286107 0.350834 -0.687491
v 0.660299 0.353723 -0.730667
v -0.171234 0.352466 -0.726005
v 0.536538 0.353004 -0.739310
v -0.604567 0.355180 -0.717095
v -0.185404 -0.361179 -0.734983
v 0.014585 -0.332213 -0.738933
v 0.080811 -0.347549 -0.735639
v 0.119731 -0.334788 -0.741014
v 0.157256 -0.338703 -0.741553
v -0.645596 -0.338070 -0.735271
v 0.195575 -0.322007 -0.742784
v -0.742870 -0.313784 -0.734971
v 0.489018 -0.279440 -0.741262
v 0.361381 -0.272557 -0.733877
v -0.800720 -0.268385 -0.740252
v -0.870005 -0.177853 -0.740506
v 0.557117 -0.191757 -0.738038
v 0.711799 -0.173232 -0.733129
v 0.772169 -0.064484 -0.740080
v 0.881854 -0.044819 -0.741366
v 0.898810 -0.014508 -0.741372
v 0.899279 0.031515 -0.737851
v 0.914639 0.092303 -0.740582
v 0.865558 0.337623 -0.731229
v -0.900977 0.332007 -0.742913
v -0.790339 0.343738 -0.732550
v -0.048440 0.351014 -0.708572
v -0.009632 0.352398 -0.737845
v 0.113906 -0.359228 -0.736510
v -0.084207 -0.350203 -0.733977
v -0.858637 -0.361517 -0.735928
v -0.885742 -0.356269 -0.735911
v -0.853158 -0.340445 -0.738255
v -0.004605 -0.347209 -0.727090
v -0.906442 -0.344883 -0.734606
v -0.884492 -0.310222 -0.738915
v 0.162347 -0.341595 -0.737831
v -0.780262 -0.317440 -0.735454
v 0.211537 -0.318300 -0.737519
v 0.229378 -0.313207 -0.731165
v 0.509955 -0.299395 -0.733421
v 0.454506 -0.290465 -0.732107
v 0.314474 -0.268816 -0.734405
v 0.376922 -0.281847 -0.731147
v -0.908057 -0.306057 -0.736560
v -0.904437 -0.257144 -0.736301
v 0.514722 -0.248663 -0.737101
v 0.533486 -0.223679 -0.736046
v -0.897170 -0.166763 -0.738551
v 0.627845 -0.204993 -0.731191
v -0.910626 -0.169012 -0.734512
v -0.917011 -0.150943 -0.731894
v 0.835015 -0.067601 -0.733484
v 0.897445 -0.060750 -0.737742
v 0.911711 0.137888 -0.728896
v -0.945136 0.252994 -0.725063
v 0.907071 0.280312 -0.726267
v -0.941374 0.300991 -0.734980
v 0.885598 0.324164 -0.724679
v -0.498041 0.353828 -0.716629
v -0.417113 0.352533 -0.725174
v 0.572826 0.354955 -0.708823
v -0.250115 -0.364716 -0.729335
v -0.321496 -0.369152 -0.718888
v -0.821314 -0.360296 -0.733822
v 0.121318 -0.361652 -0.731907
v -0.921738 -0.340843 -0.729145
v -0.771125 -0.338825 -0.728243
v -0.706855 -0.328000 -0.729754
v 0.278534 -0.293513 -0.723621
v 0.287993 -0.280615 -0.729870
v 0.409665 -0.290486 -0.727584
v 0.341475 -0.278263 -0.727923
v 0.534373 -0.262650 -0.729584
v -0.921919 -0.092332 -0.729454
v 0.918526 -0.093337 -0.728076
v 0.912326 -0.038844 -0.730687
v 0.916351 -0.015929 -0.725970
v -0.923072 -0.034277 -0.733165
v -0.924033 0.021010 -0.727226
v 0.918916 0.040965 -0.724088
v -0.929389 0.065510 -0.718081
v 0.921870 0.080768 -0.728917
v 0.924137 0.162556 -0.714926
v -0.939544 0.325219 -0.726224
v -0.728616 0.352400 -0.723861
v 0.706848 0.352873 -0.706265
v 0.313552 0.352554 -0.697818
v -0.881639 -0.362839 -0.729882
v -0.836047 -0.368149 -0.725874
v -0.112761 -0.362724 -0.717624
v -0.548101 -0.360468 -0.708418
v -0.907036 -0.352358 -0.729507
v 0.047128 -0.358810 -0.716565
v 0.179813 -0.333537 -0.725515
v 0.147058 -0.352839 -0.724725
v -0.684497 -0.355858 -0.713559
v -0.746229 -0.352758 -0.716262
v -0.932999 -0.320505 -0.723172
v -0.917917 -0.262968 -0.729342
v 0.543830 -0.304495 -0.722231
v 0.315405 -0.277047 -0.726979
v 0.549241 -0.267550 -0.726235
v 0.778934 -0.161299 -0.727573
v -0.923509 -0.153716 -0.725480
v 0.904354 -0.103557 -0.727114
v 0.925376 -0.073545 -0.720762
v -0.935302 0.123900 -0.714849
v 0.926259 0.207391 -0.725698
v 0.041897 0.353368 -0.709321
v 0.484429 0.354110 -0.697239
v -0.420331 -0.368287 -0.715576
v -0.454977 -0.367472 -0.711736
v -0.261384 -0.369305 -0.714683
v 0.209800 -0.318000 -0.723069
v 0.486991 -0.316091 -0.716728
v 0.539061 -0.325660 -0.717612
v 0.284354 -0.291902 -0.722330
v 0.372520 -0.296885 -0.717411
v 0.351886 -0.287573 -0.723683
v 0.337625 -0.287334 -0.718813
v 0.629856 -0.258859 -0.723444
v -0.925517 -0.234579 -0.721641
v 0.859901 -0.136192 -0.722007
v 0.834873 -0.174445 -0.723242
v -0.926295 -0.038911 -0.719084
v 0.921563 0.001197 -0.716172
v -0.945993 0.296304 -0.722699
v -0.895875 0.345478 -0.710238
v -0.849116 0.345081 -0.719471
v -0.157758 0.353720 -0.679035
v 0.226019 0.352243 -0.691246
v -0.781623 -0.361656 -0.719734
v 0.115878 -0.370199 -0.712158
v -0.906436 -0.359538 -0.711327
v -0.596343 -0.354372 -0.716732
v -0.643382 -0.357399 -0.709810
v 0.160821 -0.341407 -0.718162
v 0.251913 -0.306731 -0.717478
v -0.954043 -0.297239 -0.704236
v -0.939293 -0.265380 -0.709520
v 0.320858 -0.283009 -0.716974
v 0.719625 -0.229650 -0.720735
v 0.807594 -0.210691 -0.715293
v 0.885665 -0.165041 -0.717441
v 0.923335 -0.150703 -0.717408
v 0.937366 -0.115271 -0.717077
v -0.927405 -0.096769 -0.714351
v 0.835244 0.344832 -0.693092
v -0.803852 0.348435 -0.715552
v -0.257107 0.352101 -0.684170
v -0.175510 -0.368379 -0.714377
v 0.069939 -0.367887 -0.707712
v 0.137484 -0.366571 -0.710456
v -0.045683 -0.358902 -0.716340
v -0.932974 -0.345837 -0.703875
v -0.738331 -0.362320 -0.706645
v 0.183448 -0.334507 -0.715341
v 0.496144 -0.333475 -0.710494
v 0.436182 -0.311483 -0.713344
v 0.601673 -0.319707 -0.716550
v 0.647722 -0.324681 -0.714208
v 0.394481 -0.308599 -0.709415
v 0.721909 -0.324887 -0.708551
v 0.304392 -0.294114 -0.708013
v 0.865319 -0.202108 -0.717062
v 0.892773 -0.192418 -0.714648
v 0.927403 -0.178639 -0.713021
v 0.948487 -0.170827 -0.705079
v 0.926255 -0.055111 -0.713430
v -0.932644 0.028753 -0.699645
v 0.931085 0.034160 -0.698150
v 0.899672 0.302604 -0.680409
v -0.938451 0.332174 -0.714703
v 0.752804 0.350057 -0.705644
v -0.893161 -0.369972 -0.677955
v -0.113824 -0.368880 -0.701548
v 0.158435 -0.354391 -0.707554
v 0.013503 -0.366113 -0.702450
v 0.574795 -0.339858 -0.711838
v 0.547564 -0.353400 -0.699235
v 0.463273 -0.325942 -0.710095
v 0.793670 -0.262395 -0.705088
v -0.936639 -0.219903 -0.704531
v 0.883386 -0.222685 -0.708440
v 0.946555 -0.212709 -0.710508
v -0.937242 -0.185428 -0.695293
v 0.929451 0.119150 -0.698636
v 0.931684 0.182664 -0.699406
v 0.140308 0.352897 -0.676456
v -0.303965 -0.371729 -0.688901
v -0.182849 -0.371212 -0.697159
v -0.055556 -0.367375 -0.699205
v 0.636430 -0.353035 -0.706983
v 0.612226 -0.361016 -0.700854
v -0.956614 -0.330452 -0.679905
v 0.246393 -0.318209 -0.700654
v 0.418269 -0.322043 -0.705419
v 0.279761 -0.300716 -0.704416
v 0.265038 -0.305800 -0.701540
v 0.341512 -0.318215 -0.693181
v 0.323172 -0.302896 -0.706251
v 0.840747 -0.243368 -0.705569
v 0.953987 -0.198166 -0.710182
v 0.966952 -0.208088 -0.704754
v 0.946602 -0.175682 -0.707442
v 0.951777 -0.132634 -0.700816
v -0.930776 -0.005957 -0.691825
v -0.941666 0.138213 -0.687728
v -0.948283 0.293027 -0.709689
v -0.947093 0.311105 -0.699389
v 0.052557 -0.371120 -0.687637
v 0.009460 -0.369163 -0.693321
v -0.694907 -0.364660 -0.698743
v 0.685233 -0.352102 -0.704085
v 0.734324 -0.346616 -0.702853
v 0.770620 -0.329852 -0.701430
v 0.404774 -0.327003 -0.697205
v 0.782280 -0.288309 -0.702291
v 0.961973 -0.250352 -0.699456
v 0.971921 -0.235520 -0.700325
v -0.936397 -0.137121 -0.676331
v 0.935184 -0.071431 -0.696468
v 0.925363 -0.022851 -0.704412
v -0.946358 0.203081 -0.676225
v 0.867037 0.337464 -0.669866
v -0.930707 0.342136 -0.696117
v -0.796674 0.351242 -0.694570
v -0.899478 0.347890 -0.697457
v -0.843920 -0.371833 -0.690938
v -0.450870 -0.370941 -0.682509
v -0.763019 -0.370061 -0.689317
v 0.163653 -0.363779 -0.687739
v 0.648714 -0.363103 -0.697635
v 0.711742 -0.357952 -0.697211
v 0.479698 -0.350624 -0.691938
v 0.747604 -0.350446 -0.698982
v 0.447060 -0.345542 -0.688882
v -0.995955 -0.294966 -0.646115
v 0.294078 -0.311674 -0.695129
v 0.884242 -0.288409 -0.693981
v 0.952814 -0.173606 -0.698632
v 0.917086 0.254435 -0.663043
v -0.943048 0.330141 -0.682322
v 0.879794 0.327729 -0.677663
v -0.608097 -0.366043 -0.682098
v 0.794554 -0.335033 -0.693803
v 0.259471 -0.327428 -0.682559
v 0.322752 -0.333488 -0.672758
v 0.821238 -0.310202 -0.692517
v 0.873097 -0.334256 -0.684064
v 0.931597 -0.006761 -0.662228
v 0.033675 0.354477 -0.638450
v 0.143041 -0.369197 -0.678278
v 0.117348 -0.371859 -0.665895
v -0.540491 -0.369401 -0.669984
v 0.584380 -0.366718 -0.688610
v 0.770840 -0.357997 -0.684409
v 0.357699 -0.335673 -0.681441
v -0.961942 -0.256063 -0.681602
v -0.959462 -0.240070 -0.675897
v -0.949782 -0.216517 -0.680877
v 0.988009 -0.245594 -0.686778
v 0.991193 -0.227282 -0.681727
v 0.964348 -0.156752 -0.669461
v -0.936382 -0.058604 -0.633167
v 0.379747 0.354050 -0.641120
v 0.632088 0.354609 -0.640028
v -0.066347 -0.372037 -0.674617
v 0.090145 -0.372584 -0.658394
v 0.646583 -0.370739 -0.681335
v 0.713170 -0.367040 -0.680570
v 0.532287 -0.363430 -0.679468
v 0.203113 -0.362075 -0.665239
v 0.345888 -0.335330 -0.678112
v 0.827015 -0.348261 -0.681584
v 0.943103 -0.321511 -0.682241
v 0.965351 -0.306567 -0.682606
v -0.975988 -0.281701 -0.676055
v 0.940582 -0.075398 -0.676046
v 0.933082 -0.026416 -0.654405
v -0.087852 -0.373553 -0.646953
v -0.176730 -0.373598 -0.642223
v 0.414650 -0.357843 -0.669493
v 0.987474 -0.286919 -0.678210
v 0.980669 -0.201949 -0.675922
v -0.942194 0.054652 -0.661730
v 0.937828 0.115811 -0.663564
v -0.716971 0.354458 -0.649931
v -0.535534 0.354178 -0.648905
v -0.690979 -0.370762 -0.675584
v 0.786702 -0.364005 -0.673521
v 0.466858 -0.361939 -0.670643
v 0.850689 -0.352712 -0.674385
v 0.913441 -0.342646 -0.677931
v 0.966114 -0.174290 -0.667895
v 0.961710 -0.138048 -0.648395
v -0.948621 0.230917 -0.643721
v -0.940361 0.335885 -0.645677
v -0.364327 0.352387 -0.636925
v 0.579526 -0.372582 -0.652147
v 0.984880 -0.298978 -0.671100
v 0.994334 -0.227436 -0.667099
v 0.493608 0.355134 -0.641777
v -0.407059 -0.372582 -0.653015
v -0.002805 -0.373253 -0.655949
v 0.525088 -0.371928 -0.654004
v 0.917652 -0.349778 -0.672414
v 0.243715 -0.352156 -0.652456
v 0.364309 -0.360530 -0.652569
v -0.949396 -0.348694 -0.668581
v 0.952211 -0.322808 -0.673156
v -0.992777 -0.310199 -0.640376
v 0.993977 -0.278200 -0.663275
v 0.939650 0.068039 -0.642679
v -0.929518 0.342986 -0.630466
v 0.787547 0.348314 -0.623058
v -0.728840 -0.373021 -0.635730
v -0.792275 -0.372805 -0.643001
v 0.030798 -0.373419 -0.626886
v 0.696063 -0.372244 -0.655026
v -0.578550 -0.370907 -0.650223
v 0.759583 -0.371836 -0.652896
v -0.944670 -0.361792 -0.636264
v 0.843840 -0.367166 -0.653816
v 0.293271 -0.358024 -0.648126
v 0.990172 -0.297665 -0.652202
v -0.993387 -0.285071 -0.648792
v -0.946256 0.145713 -0.651407
v -0.808105 0.352414 -0.633812
v 0.180272 0.353705 -0.603624
v 0.260965 -0.353398 -0.653976
v 0.325429 -0.353957 -0.656409
v 0.928073 -0.346968 -0.654979
v 0.957050 -0.321148 -0.659661
v 0.994426 -0.243294 -0.656088
v -0.970020 -0.232555 -0.641409
v -0.950897 -0.155227 -0.629556
v 0.940052 0.165749 -0.639647
v 0.898904 0.306950 -0.653875
v -0.588098 0.353989 -0.606593
v -0.610459 -0.371663 -0.638077
v 0.899508 -0.359084 -0.659550
v -0.948326 0.159975 -0.605006
v -0.066610 0.353638 -0.614616
v -0.311113 -0.373362 -0.609779
v 0.424361 -0.370652 -0.648172
v 0.819015 -0.372448 -0.629455
v -0.920861 -0.369777 -0.632937
v 0.897718 -0.364555 -0.640518
v 0.975827 -0.182771 -0.650599
v -0.937823 -0.012501 -0.628168
v -0.906074 0.346894 -0.639537
v -0.499914 -0.372817 -0.614331
v 0.212408 -0.370681 -0.635389
v 0.991176 -0.208561 -0.642958
v 0.983701 -0.193261 -0.628800
v 0.952537 -0.099478 -0.606157
v 0.943422 -0.057148 -0.599157
v -0.948501 0.289047 -0.612696
v -0.241707 0.353367 -0.586964
v 0.107841 0.354180 -0.605037
v 0.870839 -0.371368 -0.629263
v 0.282333 -0.369485 -0.629296
v 0.982883 -0.195288 -0.637068
v 0.958687 -0.119279 -0.600778
v 0.889033 0.331377 -0.617874
v -0.457784 0.354093 -0.587626
v 0.426991 -0.373497 -0.622582
v 0.606149 -0.373698 -0.617162
v 0.345162 -0.372293 -0.622245
v 0.238859 -0.369410 -0.628582
v -0.971704 -0.351137 -0.611810
v 0.932589 -0.344399 -0.610657
v 0.992589 -0.285324 -0.622699
v -0.946333 0.058155 -0.619902
v 0.943878 0.129568 -0.606831
v 0.723090 0.351256 -0.588577
v -0.864558 -0.372773 -0.596306
v 0.911044 -0.358637 -0.619716
v 0.869561 0.342001 -0.592629
v -0.288260 0.352938 -0.591569
v 0.175617 -0.373565 -0.598539
v 0.988226 -0.298733 -0.627860
v -0.995988 -0.298541 -0.630751
v 0.909244 0.300163 -0.615950
v 0.929229 0.239309 -0.592792
v -0.357042 0.353294 -0.584639
v 0.279915 0.354632 -0.569162
v -0.601457 -0.373441 -0.568949
v 0.496562 -0.373745 -0.601364
v 0.955853 -0.324328 -0.607480
v -0.984710 -0.326677 -0.599210
v -0.993495 -0.277867 -0.622374
v -0.658804 0.353812 -0.560688
v 0.244837 -0.372459 -0.610415
v 0.702464 -0.373678 -0.602387
v 0.989561 -0.243474 -0.596678
v 0.976322 -0.156650 -0.598627
v -0.947691 -0.098255 -0.587464
v 0.908711 0.313593 -0.593561
v -0.939767 0.338713 -0.598855
v 0.070244 -0.374027 -0.553040
v -0.966682 -0.176815 -0.596591
v -0.945081 0.325858 -0.600614
v 0.431847 0.355319 -0.564553
v 0.579585 0.355427 -0.560321
v -0.928168 -0.370473 -0.593813
v -0.417066 -0.373589 -0.559681
v -0.946832 0.045647 -0.579674
v 0.942275 0.176192 -0.585136
v -0.151026 0.354093 -0.573943
v -0.977462 -0.224624 -0.605650
v -0.948270 0.104309 -0.578260
v 0.834664 0.347223 -0.561752
v -0.040346 -0.374018 -0.567150
v 0.297946 -0.373825 -0.580821
v -0.949980 -0.366177 -0.587048
v 0.986002 -0.298782 -0.576405
v 0.987074 -0.279330 -0.559445
v 0.980541 -0.178634 -0.574234
v -0.944223 -0.003473 -0.563103
v -0.915281 0.347986 -0.579887
v -0.739697 0.353837 -0.559368
v 0.008203 0.355088 -0.564660
v -0.972749 -0.355874 -0.582212
v 0.979620 -0.305539 -0.588055
v -0.990180 -0.289513 -0.583846
v -0.988086 -0.259740 -0.592444
v 0.942717 0.025019 -0.565190
v 0.516049 0.355695 -0.563802
v -0.184443 -0.373872 -0.573345
v 0.700840 -0.374152 -0.537789
v 0.795281 -0.373605 -0.557934
v 0.897302 -0.364577 -0.587096
v 0.943196 -0.016484 -0.560126
v 0.073130 0.355395 -0.539526
v 0.243667 -0.373772 -0.573365
v 0.367363 -0.373934 -0.572360
v 0.933783 -0.343634 -0.566152
v 0.944401 0.101482 -0.577693
v -0.770638 -0.373608 -0.543601
v -0.983989 -0.327281 -0.573839
v 0.926913 0.291232 -0.546634
v 0.891490 0.326051 -0.584479
v -0.890242 0.348364 -0.563180
v -0.526584 0.354311 -0.483865
v 0.664739 0.353372 -0.529464
v -0.974451 -0.355845 -0.563404
v 0.869479 0.344359 -0.567283
v 0.431882 -0.374254 -0.525985
v 0.970066 -0.135207 -0.550364
v -0.948611 0.203257 -0.536573
v -0.947425 0.323990 -0.544677
v 0.969460 -0.313105 -0.555381
v -0.986835 -0.215477 -0.544689
v -0.961095 -0.110335 -0.526455
v -0.949834 -0.024576 -0.503786
v -0.938925 0.346059 -0.554302
v -0.816752 0.352165 -0.544321
v 0.352339 0.355384 -0.518323
v -0.970546 -0.359070 -0.562417
v 0.980112 -0.304954 -0.547778
v 0.938519 0.211068 -0.558552
v 0.915452 0.321477 -0.561784
v -0.945362 0.335284 -0.553667
v 0.750150 0.350978 -0.524111
v -0.417416 0.354626 -0.521677
v 0.590461 -0.374423 -0.509735
v -0.486096 -0.373720 -0.519051
v 0.872401 -0.371561 -0.569168
v 0.984810 -0.242352 -0.533403
v -0.876627 -0.372707 -0.520958
v 0.953524 -0.325171 -0.532933
v -0.107428 -0.374060 -0.506575
v -0.657325 -0.373714 -0.500545
v -0.204594 -0.373845 -0.525224
v 0.854399 -0.373112 -0.468309
v 0.929370 -0.347464 -0.536905
v -0.929259 0.352450 -0.529282
v 0.155398 -0.374314 -0.481559
v -0.933231 -0.370497 -0.542169
v 0.893277 -0.368033 -0.517555
v -0.981773 -0.185232 -0.529172
v 0.957338 -0.091905 -0.507612
v -0.024093 0.355824 -0.493857
v -0.295102 -0.373685 -0.537395
v -0.953891 -0.366481 -0.529202
v 0.146828 0.355654 -0.469820
v 0.249724 0.355469 -0.501484
v 0.945108 0.008518 -0.523326
v 0.914604 0.333526 -0.537880
v 0.796701 0.352580 -0.507558
v -0.949615 0.048195 -0.494975
v 0.936025 0.267035 -0.520991
v 0.565683 0.355834 -0.454388
v -0.793713 -0.373624 -0.481360
v -0.990408 -0.281114 -0.516239
v 0.941898 0.211090 -0.518087
v -0.949141 0.213697 -0.497060
v 0.903617 0.349460 -0.508717
v -0.933929 0.354010 -0.517129
v -0.278668 0.353624 -0.506048
v -0.552546 -0.373815 -0.477686
v -0.991068 -0.239682 -0.503525
v -0.954346 -0.073167 -0.510549
v 0.952233 -0.060709 -0.508851
v 0.944084 0.181111 -0.497208
v 0.920255 0.327807 -0.529950
v -0.889982 0.349553 -0.507903
v -0.021722 -0.374173 -0.476326
v 0.357699 -0.374571 -0.462545
v -0.970823 -0.359236 -0.509496
v -0.976358 -0.352696 -0.507432
v 0.963701 -0.116737 -0.496666
v -0.206965 0.354358 -0.491440
v -0.146785 0.354884 -0.493142
v 0.261455 -0.374556 -0.453190
v 0.983128 -0.285444 -0.519047
v -0.943520 0.344918 -0.523044
v 0.629665 0.354952 -0.474284
v 0.517113 -0.374536 -0.465996
v 0.976452 -0.306859 -0.512961
v -0.948110 0.293114 -0.497259
v -0.647481 0.353169 -0.464839
v -0.342856 0.353963 -0.480740
v -0.947796 0.336270 -0.464764
v 0.886818 0.357859 -0.491971
v -0.964212 -0.361824 -0.449839
v 0.970249 -0.314959 -0.509293
v 0.979128 -0.226821 -0.484869
v 0.885986 -0.370120 -0.467204
v 0.933754 -0.346071 -0.490052
v 0.971410 -0.177188 -0.488420
v 0.942418 0.082813 -0.488013
v 0.936660 0.277589 -0.495005
v -0.074626 0.356868 -0.428603
v 0.785845 -0.374678 -0.447819
v -0.378280 -0.373858 -0.454076
v -0.979143 -0.337658 -0.459487
v -0.986947 -0.202249 -0.492061
v -0.790032 0.351843 -0.466668
v -0.922225 -0.370929 -0.450104
v 0.961625 -0.327670 -0.480234
v 0.981259 -0.300908 -0.476764
v 0.945126 0.017797 -0.496539
v -0.941969 0.348187 -0.479954
v 0.857190 0.360445 -0.473834
v -0.949456 0.140908 -0.454563
v 0.929474 0.315831 -0.460219
v 0.910258 0.356939 -0.476296
v -0.972732 -0.138156 -0.478384
v -0.962749 -0.089775 -0.461325
v 0.668654 0.354382 -0.436857
v 0.454184 0.355850 -0.484590
v 0.914198 0.351022 -0.469401
v -0.208167 -0.374011 -0.415826
v -0.117034 -0.374116 -0.432818
v -0.974172 -0.350601 -0.447341
v 0.950152 -0.045696 -0.464367
v -0.951249 0.031710 -0.446922
v 0.943423 0.026205 -0.432896
v 0.940376 0.256031 -0.455153
v -0.945625 -0.368093 -0.437166
v -0.980888 -0.175003 -0.467985
v -0.231167 0.354345 -0.447520
v 0.251808 0.356068 -0.423455
v -0.296790 -0.373867 -0.438244
v -0.986003 -0.296842 -0.457865
v 0.942790 0.217621 -0.425838
v 0.974045 -0.319068 -0.458180
v 0.980605 -0.289727 -0.460903
v 0.958820 -0.104793 -0.437306
v -0.955733 -0.046554 -0.454709
v 0.417606 0.356014 -0.419641
v 0.065848 -0.374512 -0.399219
v 0.581195 -0.374670 -0.357173
v -0.989067 -0.242845 -0.467533
v 0.964606 -0.172005 -0.419973
v -0.931271 0.349956 -0.448794
v 0.892584 0.361378 -0.451287
v 0.901516 0.359247 -0.459784
v 0.447903 -0.374600 -0.405755
v -0.893180 0.349212 -0.455251
v -0.828554 0.350884 -0.430239
v 0.674952 -0.374766 -0.446692
v -0.478639 -0.373797 -0.404626
v 0.756174 0.353738 -0.429944
v -0.389187 0.355665 -0.415063
v 0.814552 0.359391 -0.439679
v -0.843676 -0.373365 -0.393836
v -0.970353 -0.355372 -0.410858
v 0.974789 -0.235213 -0.436353
v -0.983035 -0.204090 -0.437662
v 0.911552 -0.361365 -0.391255
v 0.953319 -0.332806 -0.432056
v -0.939453 0.345093 -0.437443
v -0.267759 0.353883 -0.404897
v 0.860726 0.362656 -0.438273
v 0.940104 0.104995 -0.402887
v 0.931308 0.324438 -0.362273
v -0.945781 0.335180 -0.422830
v -0.795392 -0.373612 -0.381839
v -0.949623 0.317471 -0.425620
v 0.915870 0.352894 -0.400364
v 0.931784 -0.349126 -0.413438
v -0.972752 -0.146226 -0.409068
v 0.946046 -0.048719 -0.383984
v 0.843311 -0.373681 -0.338242
v -0.673257 -0.373780 -0.417379
v 0.976746 -0.308335 -0.424511
v -0.964968 -0.096890 -0.390932
v 0.936173 0.297660 -0.374177
v -0.925979 0.349568 -0.407279
v 0.964168 -0.321595 -0.418253
v -0.979809 -0.315972 -0.374501
v 0.557907 0.356234 -0.364065
v 0.952268 -0.080223 -0.393093
v -0.951554 0.252669 -0.404764
v 0.054929 0.357365 -0.358964
v 0.642374 0.355228 -0.367297
v -0.982888 -0.266869 -0.395290
v -0.751872 0.352119 -0.378740
v -0.575995 0.356418 -0.365213
v -0.499335 0.356123 -0.387858
v 0.789266 0.355534 -0.397452
v 0.902969 0.360794 -0.398375
v -0.945623 -0.366944 -0.343908
v -0.955357 -0.021858 -0.397898
v -0.669950 0.354377 -0.375109
v -0.175849 0.356004 -0.367782
v 0.888940 -0.369570 -0.383768
v 0.950883 -0.335454 -0.398250
v 0.968161 -0.323904 -0.393356
v -0.837953 0.351573 -0.368432
v -0.602642 -0.373735 -0.372791
v -0.292959 0.355011 -0.352757
v 0.362400 0.356514 -0.324997
v 0.890617 0.363655 -0.390237
v 0.204124 -0.374579 -0.334765
v 0.401250 -0.374725 -0.329975
v -0.901037 -0.371915 -0.355070
v 0.969669 -0.280332 -0.365787
v 0.954457 -0.132682 -0.363003
v -0.950895 0.131522 -0.372148
v -0.930850 0.347914 -0.363289
v 0.190741 0.356841 -0.356325
v -0.974409 -0.347707 -0.378098
v 0.962603 -0.225824 -0.332307
v 0.939576 0.208254 -0.374123
v -0.949116 0.331428 -0.387225
v 0.731663 0.353332 -0.369147
v 0.737841 -0.375018 -0.323683
v 0.947697 -0.075571 -0.341215
v 0.945769 -0.013383 -0.359862
v 0.868102 0.362819 -0.364181
v -0.339268 -0.373787 -0.328947
v 0.967892 -0.318003 -0.355322
v -0.976938 -0.235236 -0.346133
v -0.970525 -0.158299 -0.351224
v 0.940385 0.079498 -0.340881
v -0.953277 0.044113 -0.346877
v -0.950835 0.313931 -0.381489
v -0.099304 -0.373976 -0.335065
v 0.528664 -0.374713 -0.271582
v -0.906429 0.349991 -0.353630
v -0.647859 -0.373707 -0.302679
v 0.000289 -0.374403 -0.301761
v 0.918874 -0.359648 -0.316471
v 0.925448 0.339547 -0.360675
v -0.756183 0.352924 -0.346243
v -0.927643 -0.370008 -0.307356
v 0.938375 0.145202 -0.344780
v -0.946471 0.321251 -0.325272
v -0.939150 0.341958 -0.358712
v 0.891875 0.360911 -0.357461
v -0.210738 -0.373939 -0.318147
v -0.950039 0.253221 -0.343367
v 0.910270 0.353383 -0.360947
v -0.404575 -0.373835 -0.300017
v -0.962454 -0.360501 -0.328767
v -0.958891 -0.055724 -0.306634
v 0.298413 -0.374741 -0.293540
v -0.976148 -0.335442 -0.295249
v 0.961098 -0.326156 -0.337904
v -0.950919 0.154794 -0.316924
v -0.379796 0.358349 -0.301703
v -0.246406 0.354840 -0.328650
v -0.074245 0.358547 -0.338964
v 0.458805 0.356062 -0.313992
v 0.936648 0.225858 -0.325658
v 0.796537 0.351917 -0.298315
v -0.971457 -0.351242 -0.312107
v -0.977209 -0.316488 -0.283937
v -0.944858 0.332432 -0.332820
v 0.890013 -0.369812 -0.323729
v 0.871080 0.359151 -0.320791
v -0.504308 -0.373726 -0.284793
v 0.961061 -0.291342 -0.314493
v 0.926726 0.328149 -0.300731
v 0.914912 0.343744 -0.325286
v -0.926363 0.351998 -0.293156
v 0.631584 0.354891 -0.292297
v 0.052281 0.359694 -0.272151
v -0.862090 0.354093 -0.300052
v 0.736673 0.351471 -0.248533
v -0.663815 0.358466 -0.240230
v -0.906132 0.354554 -0.285154
v -0.431408 0.359554 -0.269815
v 0.832566 0.354007 -0.303310
v 0.078004 -0.374537 -0.267341
v 0.956999 -0.211383 -0.290732
v 0.949071 -0.113026 -0.319184
v -0.935043 0.347885 -0.293812
v -0.158748 0.357631 -0.293899
v 0.259929 0.356863 -0.281917
v -0.887119 -0.372502 -0.287458
v 0.933092 -0.346637 -0.286261
v 0.959605 -0.324953 -0.311482
v 0.936943 0.168319 -0.289171
v 0.933968 0.309491 -0.294024
v 0.183486 0.358475 -0.245195
v -0.738894 -0.373688 -0.262782
v -0.768049 0.356532 -0.270722
v -0.498956 0.359319 -0.277483
v -0.954905 0.021109 -0.270422
v -0.952402 0.086264 -0.257113
v 0.935436 0.283244 -0.294896
v -0.945973 0.253297 -0.278325
v -0.582706 0.358910 -0.262985
v 0.955239 -0.274046 -0.279761
v -0.939002 0.343363 -0.297586
v 0.891905 0.349645 -0.252873
v 0.909778 0.342924 -0.259596
v -0.856557 -0.373363 -0.260388
v 0.919748 -0.359926 -0.274579
v -0.972817 -0.347256 -0.281847
v -0.974780 -0.297137 -0.230776
v -0.972669 -0.217099 -0.288432
v -0.966680 -0.150649 -0.262644
v -0.051608 0.360717 -0.270922
v 0.849439 -0.374749 -0.252015
v 0.950257 -0.108880 -0.244250
v -0.948276 0.161770 -0.231846
v -0.280268 0.357059 -0.260538
v 0.563995 0.355079 -0.251456
v 0.879318 -0.373280 -0.230559
v -0.947628 -0.366889 -0.247538
v 0.952514 -0.327630 -0.281910
v 0.947090 -0.030241 -0.231799
v -0.256359 -0.373888 -0.248071
v -0.957396 -0.362623 -0.229483
v 0.932339 0.315252 -0.253768
v -0.941745 0.336929 -0.292798
v 0.920755 0.335205 -0.259500
v -0.940864 0.321919 -0.260700
v -0.237381 0.357362 -0.245187
v 0.952321 -0.171689 -0.264244
v 0.938535 0.123401 -0.241948
v 0.875142 0.353129 -0.259797
v 0.414400 -0.374721 -0.232434
v -0.673330 -0.373767 -0.220474
v -0.966388 -0.356243 -0.265977
v -0.955288 -0.010984 -0.219126
v 0.682698 -0.374977 -0.208226
v -0.935915 0.346139 -0.252931
v -0.072739 -0.373940 -0.225409
v 0.898389 -0.369243 -0.237466
v -0.971387 -0.331422 -0.180852
v 0.944520 0.020096 -0.198666
v 0.935894 0.214424 -0.234516
v -0.792965 -0.373699 -0.174267
v 0.923967 -0.356280 -0.255319
v 0.950782 -0.216306 -0.231101
v -0.961892 -0.358917 -0.205153
v 0.948337 -0.327080 -0.264901
v 0.694340 0.351748 -0.202836
v -0.846916 0.358492 -0.228498
v 0.178080 -0.374604 -0.141800
v -0.578836 -0.373793 -0.192230
v 0.935661 0.285488 -0.219273
v -0.183076 0.359383 -0.234456
v 0.482407 0.355095 -0.227377
v -0.933977 0.352064 -0.239557
v 0.868797 0.351776 -0.210857
v 0.779171 -0.375319 -0.182579
v -0.932104 -0.370651 -0.197910
v -0.944125 0.224036 -0.196011
v -0.925107 0.359877 -0.229579
v 0.127005 0.361196 -0.179971
v -0.136586 -0.373870 -0.145010
v -0.970500 -0.235538 -0.195630
v 0.949593 -0.146132 -0.191997
v 0.917413 0.334873 -0.214244
v 0.801823 0.351332 -0.183437
v 0.399025 0.355992 -0.189538
v -0.058519 0.363520 -0.199720
v -0.454998 -0.373850 -0.172861
v -0.967321 -0.350745 -0.202009
v -0.940726 0.298863 -0.204646
v 0.927608 0.320909 -0.218934
v 0.923201 -0.352736 -0.210768
v 0.937120 -0.303754 -0.193356
v -0.967130 -0.198554 -0.157529
v -0.959457 -0.085236 -0.196395
v -0.938372 0.335332 -0.221578
v -0.744004 0.357912 -0.187551
v -0.306814 0.359949 -0.183552
v 0.287189 0.356656 -0.186680
v -0.932234 0.358437 -0.212384
v -0.806096 0.357528 -0.190667
v 0.613560 0.353395 -0.186793
v 0.900075 -0.368915 -0.155474
v 0.915339 -0.362073 -0.216321
v 0.909177 0.339765 -0.190923
v -0.907620 0.363094 -0.193270
v 0.937501 -0.327596 -0.220020
v -0.516063 0.362570 -0.117265
v -0.417721 0.362685 -0.154396
v 0.948726 -0.087120 -0.187927
v 0.049126 -0.374558 -0.176425
v 0.265396 -0.374707 -0.135484
v 0.605956 -0.374737 -0.140086
v 0.836739 -0.375356 -0.143615
v 0.933406 0.301897 -0.186746
v -0.922024 0.362295 -0.193436
v 0.496166 -0.374747 -0.131438
v -0.953606 -0.365844 -0.160564
v 0.939801 -0.241355 -0.165485
v 0.946487 -0.188331 -0.182891
v 0.937655 0.137057 -0.160763
v 0.528939 0.353870 -0.153487
v -0.624167 0.359763 -0.169308
v 0.878987 -0.373879 -0.131373
v 0.890136 0.345503 -0.146987
v -0.242910 0.361934 -0.150209
v -0.152905 0.363222 -0.178601
v -0.315656 -0.373749 -0.134258
v 0.386156 -0.374747 -0.145234
v -0.871951 -0.373098 -0.127503
v 0.947067 -0.046201 -0.163921
v 0.925475 0.324690 -0.167901
v 0.010663 0.363769 -0.150839
v 0.924231 -0.339743 -0.152895
v 0.936798 0.266072 -0.141736
v -0.939910 0.352268 -0.166351
v -0.619157 -0.373959 -0.087846
v -0.221536 -0.373813 -0.127523
v 0.917830 -0.358298 -0.163334
v -0.949008 0.061230 -0.123496
v -0.934356 0.358499 -0.171037
v 0.860108 0.351468 -0.174776
v 0.942667 0.054341 -0.139824
v 0.935804 0.195857 -0.138437
v 0.583719 0.353659 -0.092115
v -0.832833 0.357000 -0.147612
v -0.029724 -0.374024 -0.108851
v -0.942429 0.339486 -0.151326
v -0.960540 -0.142800 -0.083006
v 0.193921 0.358371 -0.105237
v -0.923615 -0.371368 -0.114362
v -0.945895 0.194331 -0.108252
v -0.944542 0.231344 -0.103920
v 0.917830 0.333198 -0.144293
v -0.906941 0.361948 -0.159488
v -0.660459 0.359483 -0.090350
v -0.110082 0.364475 -0.129574
v -0.523454 -0.373858 -0.092154
v 0.914403 -0.360697 -0.116291
v 0.936483 -0.235442 -0.130253
v 0.942392 -0.170074 -0.110371
v 0.946310 -0.125639 -0.146660
v -0.955306 -0.050699 -0.112431
v 0.440005 0.354702 -0.112399
v -0.931087 0.358507 -0.141054
v -0.320374 0.362759 -0.098186
v -0.968667 -0.293233 -0.109055
v -0.937664 0.354486 -0.139236
v 0.715836 0.351419 -0.115308
v 0.932668 -0.263804 -0.132966
v 0.925654 0.323374 -0.124175
v -0.873721 0.355958 -0.104877
v 0.919044 -0.354463 -0.132270
v 0.721158 -0.375129 -0.050175
v -0.957511 -0.362879 -0.127966
v -0.942649 0.282685 -0.117536
v 0.933511 0.296450 -0.122890
v -0.795102 0.355490 -0.085583
v -0.386283 -0.373868 -0.044460
v -0.718668 -0.373883 -0.096425
v 0.942430 -0.009554 -0.080646
v 0.938298 0.117103 -0.091723
v -0.947348 0.111719 -0.085158
v 0.869463 0.346334 -0.093757
v 0.339973 0.355352 -0.092522
v -0.922745 0.354838 -0.093960
v -0.203001 0.363996 -0.086207
v -0.966852 -0.333350 -0.095760
v -0.940759 0.345554 -0.103785
v 0.782997 0.349724 -0.092912
v 0.088572 0.362817 -0.094250
v -0.944849 -0.368403 -0.107724
v -0.963180 -0.348718 -0.086646
v 0.945081 -0.050877 -0.118620
v -0.425262 0.366658 -0.038818
v -0.942629 0.333976 -0.086025
v 0.917489 0.330452 -0.111958
v -0.953443 -0.364956 -0.099377
v 0.926410 0.319099 -0.093031
v 0.264779 0.355004 -0.016851
v 0.903068 -0.368751 -0.077569
v 0.850271 0.347975 -0.097304
v 0.331634 -0.374660 -0.030038
v 0.922572 -0.336912 -0.077252
v 0.941792 -0.130183 -0.091887
v 0.939393 0.277059 -0.038865
v -0.935902 0.351946 -0.088503
v 0.083766 -0.374631 -0.031854
v 0.607489 -0.374807 -0.034449
v -0.771637 -0.373946 -0.054433
v -0.958285 -0.358897 -0.082356
v -0.963114 -0.207257 -0.047474
v 0.888375 0.340489 -0.066162
v -0.032610 0.364935 -0.066594
v -0.852521 0.354206 -0.055066
v -0.955240 -0.056599 -0.050458
v -0.139022 -0.373698 -0.004406
v 0.460381 -0.374783 -0.021896
v 0.935714 0.180746 -0.056771
v 0.828141 -0.375642 -0.039056
v 0.877782 -0.374557 -0.023979
v 0.939447 0.039448 -0.040389
v -0.943814 0.205572 -0.035235
v 0.911627 -0.363212 -0.066922
v -0.964955 -0.335188 -0.028880
v 0.933080 -0.256203 -0.077065
v -0.942176 0.319820 -0.060055
v 0.933268 0.296592 -0.059535
v -0.899352 0.352528 -0.057363
v -0.938552 -0.369647 -0.020505
v 0.512459 0.354269 -0.045263
v 0.918035 -0.346214 -0.042019
v 0.941165 -0.173989 -0.071114
v -0.951672 0.016952 -0.050486
v -0.939954 0.291185 -0.039296
v -0.946987 -0.367437 -0.017138
v -0.959561 -0.140234 -0.033706
v 0.942944 -0.050609 -0.052020
v -0.945792 0.144501 -0.031166
v 0.909011 0.317245 -0.060610
v 0.692290 0.352332 -0.010329
v -0.198358 -0.373782 -0.033283
v 0.223731 -0.374652 0.002948
v -0.910595 -0.372367 -0.021880
v -0.953806 -0.363245 -0.006313
v 0.926047 -0.299805 -0.057170
v -0.966206 -0.294149 -0.032991
v -0.941234 0.349772 -0.050602
v -0.811532 -0.374257 0.013521
v -0.933764 0.354442 -0.038044
v 0.935453 0.110360 0.001522
v 0.429166 0.354359 -0.044896
v -0.586800 0.362740 -0.036564
v -0.266145 0.364135 -0.031294
v 0.082779 0.363472 -0.002950
v 0.908266 -0.364127 -0.006275
v -0.946944 0.125848 -0.042511
v 0.939520 0.289780 -0.027285
v 0.853888 0.347526 -0.044165
v 0.885354 0.342150 -0.045343
v -0.708002 0.360378 -0.017348
v 0.170605 0.359498 -0.024776
v 0.930402 -0.257831 -0.027848
v 0.941637 -0.116948 -0.026400
v -0.136809 0.365160 0.008256
v -0.942276 0.342480 -0.014379
v 0.778100 0.350192 -0.003356
v -0.755008 0.360684 0.016751
v -0.050007 -0.373623 0.022278
v -0.961899 -0.348005 0.005314
v -0.949392 0.097112 -0.039360
v 0.321403 0.354220 -0.007413
v -0.648525 0.363541 0.024481
v -0.658669 -0.374317 0.029401
v 0.941262 -0.174172 -0.024651
v -0.949172 0.108031 -0.042151
v 0.912248 0.315172 -0.026165
v 0.563583 0.355452 0.015435
v 0.936108 -0.221218 -0.021866
v -0.961908 0.120722 -0.036965
v -0.943668 0.226811 0.009624
v 0.898807 0.332944 -0.038395
v -0.493359 0.366413 0.014230
v -0.002046 0.365942 0.017732
v 0.047283 -0.374500 0.052854
v -0.957322 -0.043386 0.028382
v -0.953278 0.099335 -0.030744
v -0.965743 0.112124 -0.030407
v 0.867424 0.347716 -0.002690
v -0.938636 0.352529 -0.012568
v -0.868673 0.360347 0.017368
v -0.964180 0.107461 -0.022350
v -0.961638 0.133118 -0.023602
v -0.948940 0.138592 -0.026446
v 0.896686 0.341039 -0.019365
v -0.956723 -0.358825 0.013624
v 0.910691 -0.360007 -0.010241
v 0.915004 -0.327594 -0.004588
v -0.951156 0.093630 -0.012918
v -0.921648 0.360578 0.009074
v 0.471745 0.355222 0.004931
v -0.358651 0.366129 0.025449
v -0.288432 0.365674 0.039394
v -0.494087 -0.374057 0.030761
v -0.273523 -0.373700 0.049384
v 0.941497 -0.027207 0.026555
v 0.933838 0.179559 0.012904
v 0.904091 0.336818 -0.008146
v -0.965819 0.128180 -0.016398
v 0.939573 0.291466 -0.010613
v 0.926885 0.308192 -0.004654
v -0.934464 0.357060 -0.001538
v -0.826331 0.361386 0.038723
v -0.962192 -0.170134 0.047270
v 0.942150 -0.070834 0.017297
v -0.955757 0.047018 0.053198
v -0.944018 0.145738 0.001208
v -0.944722 0.152573 0.014483
v 0.129169 0.362579 0.029762
v -0.423368 -0.373955 0.040090
v -0.951667 0.103707 -0.010892
v -0.961206 0.134575 0.001058
v 0.934589 0.263232 0.007913
v 0.871326 -0.374288 0.008445
v 0.900498 -0.368080 0.033898
v -0.966062 -0.308947 0.025883
v -0.962306 0.118994 -0.005239
v -0.964070 0.127010 -0.004252
v 0.933160 0.215481 0.037880
v 0.381783 0.354339 0.052913
v -0.201091 0.365987 0.064827
v -0.043713 0.367096 0.061547
v 0.582674 -0.374759 0.077048
v -0.963400 -0.222308 0.030737
v 0.937298 0.046108 0.069652
v 0.930486 -0.265611 0.011989
v -0.952497 0.099633 0.008855
v -0.972200 0.119975 0.003681
v 0.824130 -0.375711 0.061943
v 0.911543 -0.363823 0.005436
v 0.940963 -0.217802 0.072801
v 0.941486 -0.182954 0.047422
v -0.961077 0.102611 0.011511
v -0.958875 0.142390 0.014229
v 0.930667 0.277280 0.020270
v -0.945516 0.336584 0.034985
v 0.925918 0.316833 0.016306
v -0.942381 0.353835 0.022381
v 0.889110 0.346133 0.036065
v 0.810893 0.351566 0.037759
v -0.417799 0.367852 0.047244
v 0.700785 -0.375057 0.040976
v -0.876601 -0.373604 0.090703
v 0.937265 -0.235827 0.028931
v -0.975626 0.123210 0.012895
v 0.860984 0.351509 0.060836
v 0.213990 0.358560 0.053089
v 0.927112 -0.331262 0.043134
v 0.912757 0.329410 0.034331
v -0.890313 0.363810 0.043616
v 0.345555 -0.374523 0.068603
v 0.465473 -0.374505 0.104833
v 0.931764 -0.289078 0.035273
v -0.937351 0.369072 0.041458
v -0.952395 0.103320 0.024171
v -0.961175 0.110405 0.028421
v 0.644414 0.355171 0.065619
v -0.532931 0.366297 0.064759
v 0.175884 -0.374524 0.073043
v -0.952666 0.100483 0.046542
v -0.965663 0.131489 0.027526
v -0.946410 0.148139 0.033803
v -0.948547 -0.365512 0.086967
v 0.917089 -0.360361 0.055418
v -0.970578 0.119348 0.031606
v -0.948653 0.292221 0.065242
v 0.697537 0.355331 0.086467
v -0.918935 -0.371803 0.085351
v -0.961767 0.137992 0.039989
v 0.929787 0.240165 0.065455
v 0.914273 0.297505 0.041215
v 0.302117 0.354361 0.069442
v -0.963491 -0.339466 0.069028
v -0.965901 -0.268381 0.077239
v -0.958355 0.105960 0.046175
v 0.936018 0.098416 0.111310
v -0.948966 0.224050 0.070948
v -0.945132 0.362087 0.061321
v 0.883077 0.348354 0.075200
v -0.935110 -0.369845 0.059205
v -0.958392 -0.351815 0.104826
v -0.963290 -0.126331 0.114189
v -0.971532 0.117247 0.047987
v -0.947482 0.145695 0.045042
v 0.925859 0.260148 0.066905
v 0.891498 -0.369959 0.090474
v 0.937429 -0.282367 0.068600
v -0.949529 0.202714 0.069347
v 0.540559 0.360460 0.108513
v -0.052272 -0.373516 0.144597
v -0.948273 0.139087 0.055336
v -0.949012 0.156257 0.061544
v 0.902039 0.332347 0.066591
v 0.075329 0.366341 0.102840
v -0.554741 -0.374022 0.125115
v 0.940427 -0.246680 0.093823
v 0.940118 -0.062868 0.097136
v -0.955274 0.122806 0.059158
v -0.939379 0.367769 0.073161
v -0.884507 0.363836 0.080369
v -0.844396 0.362567 0.094251
v -0.685071 0.364086 0.071953
v 0.858433 -0.374566 0.103540
v -0.952935 0.115075 0.058616
v -0.951812 0.313780 0.112852
v 0.907560 0.311494 0.076876
v 0.454646 0.358561 0.094956
v -0.385946 0.365872 0.098490
v 0.028083 0.367984 0.121779
v -0.424483 0.367894 0.102626
v -0.205041 -0.373442 0.124487
v -0.950197 0.129796 0.064854
v -0.764051 0.362661 0.100516
v -0.112705 0.367208 0.104727
v 0.835127 -0.375490 0.157913
v -0.954514 0.093815 0.079364
v 0.933425 0.175003 0.090576
v -0.950616 0.191679 0.077454
v -0.946886 0.345870 0.094076
v -0.575156 0.366192 0.097568
v -0.351185 -0.373711 0.114916
v -0.966970 -0.302826 0.140906
v -0.954744 0.204936 0.077301
v 0.343915 0.355985 0.125713
v 0.302913 0.357270 0.135021
v 0.153833 0.363932 0.102777
v -0.204954 0.367074 0.143458
v -0.735784 -0.374363 0.129552
v -0.815431 -0.374129 0.157083
v -0.637933 -0.374177 0.149416
v -0.951661 -0.362374 0.117537
v 0.930043 -0.326743 0.105300
v 0.909383 0.331857 0.099175
v -0.423004 -0.373794 0.150218
v -0.924149 -0.371420 0.142557
v 0.937083 -0.021578 0.155361
v 0.914730 0.282564 0.094207
v -0.311550 0.365706 0.104969
v 0.044225 -0.374409 0.173526
v -0.951330 0.209141 0.090462
v -0.949471 0.336890 0.115728
v 0.879667 0.356649 0.118982
v 0.830278 0.359428 0.135214
v 0.203519 0.362769 0.119086
v -0.511621 0.366945 0.136614
v 0.225055 -0.374482 0.135994
v 0.928064 0.236950 0.124182
v -0.929728 0.364900 0.102657
v 0.694671 -0.374982 0.117793
v -0.939775 -0.368411 0.128488
v 0.939685 -0.183139 0.172668
v -0.961511 0.005139 0.166804
v 0.920666 0.301970 0.117995
v -0.685898 0.365429 0.136678
v 0.750503 -0.375310 0.155865
v -0.963332 -0.336925 0.151713
v 0.921937 -0.342873 0.147794
v 0.936816 -0.280095 0.131313
v -0.964818 -0.069692 0.168235
v -0.956344 0.149201 0.148683
v -0.613870 0.366873 0.144812
v -0.143686 0.368194 0.161200
v -0.967766 -0.222015 0.159841
v -0.935756 0.357119 0.115530
v 0.143402 -0.374529 0.190241
v 0.908793 -0.363327 0.135187
v 0.895602 0.350822 0.131357
v -0.826654 0.359259 0.161755
v -0.044097 0.369839 0.162823
v 0.934827 0.054570 0.150111
v 0.931091 0.215898 0.156768
v -0.954634 0.252149 0.153247
v 0.913868 0.332678 0.140286
v -0.913927 0.357407 0.138911
v 0.466787 0.363189 0.155919
v -0.566471 0.366881 0.151713
v 0.909571 0.340677 0.147364
v -0.944917 0.349763 0.134687
v 0.232338 0.367188 0.199333
v 0.341314 -0.374433 0.152230
v 0.936567 0.136982 0.181580
v -0.770059 0.361797 0.162007
v 0.927770 -0.328616 0.146403
v 0.938533 -0.094773 0.172213
v 0.920729 0.271128 0.137175
v 0.882131 0.356886 0.165691
v 0.791939 0.361988 0.187186
v 0.536492 0.366334 0.207806
v -0.158074 -0.373386 0.214590
v -0.272158 0.365370 0.190845
v 0.885698 -0.370514 0.167156
v -0.937687 0.354694 0.146196
v 0.665230 0.362416 0.196085
v 0.101382 0.368892 0.187952
v 0.937221 -0.247998 0.211364
v -0.951872 -0.363522 0.195742
v 0.909247 -0.362628 0.178048
v -0.965396 -0.323059 0.180189
v 0.932829 0.114822 0.199884
v -0.956456 0.332061 0.167742
v 0.153992 0.369558 0.219156
v 0.563431 -0.374577 0.196380
v 0.921652 0.286916 0.172808
v 0.889295 0.353819 0.181877
v -0.891220 0.358633 0.166596
v 0.362844 0.362167 0.187762
v -0.431633 0.366225 0.193131
v -0.367681 0.364685 0.186031
v 0.930784 -0.311350 0.179758
v 0.925705 0.270529 0.208887
v 0.916995 0.308941 0.183613
v -0.949918 0.352742 0.178149
v -0.489347 0.366579 0.205527
v -0.574453 -0.373898 0.235403
v 0.229960 -0.374563 0.220947
v 0.933043 -0.293547 0.217167
v -0.938403 -0.369439 0.215668
v -0.961068 0.064086 0.202663
v 0.206751 0.369558 0.229624
v -0.690196 -0.374122 0.227059
v -0.507499 -0.373864 0.212205
v 0.906256 0.337097 0.204045
v 0.715105 -0.375081 0.245406
v -0.888973 -0.372998 0.215607
v -0.297743 -0.373350 0.262200
v -0.958429 -0.352199 0.217349
v 0.931694 0.065512 0.202500
v -0.670659 0.366021 0.218561
v -0.740580 0.365624 0.215304
v 0.013741 0.370340 0.217034
v 0.913369 -0.360283 0.207334
v 0.924123 -0.338444 0.198082
v -0.960533 0.257691 0.223633
v 0.899081 0.347613 0.192621
v -0.960195 0.336827 0.207405
v -0.936745 0.360088 0.218917
v -0.556559 0.367184 0.214838
v -0.422637 -0.373620 0.248380
v 0.370029 -0.374555 0.231407
v 0.827102 -0.375548 0.265049
v 0.935046 -0.034009 0.235669
v -0.828290 0.362752 0.222638
v 0.745648 0.363632 0.229591
v 0.868393 -0.373335 0.208402
v 0.932625 0.155998 0.217813
v 0.866167 0.362305 0.228416
v 0.403187 0.368103 0.241045
v 0.895100 -0.368067 0.232000
v -0.969938 -0.148545 0.249700
v -0.047724 0.370045 0.230427
v -0.966491 -0.278117 0.257905
v -0.964029 0.151540 0.252203
v 0.917803 0.303425 0.235043
v -0.782985 -0.373895 0.258683
v -0.053048 -0.373519 0.259689
v -0.968913 -0.218647 0.233655
v 0.929357 0.256344 0.263033
v 0.930895 0.188870 0.230104
v -0.948192 0.359010 0.233247
v -0.356336 0.364702 0.246516
v 0.317527 0.372034 0.287396
v 0.472412 0.370035 0.272844
v -0.956496 0.353812 0.252414
v -0.892095 0.364274 0.245556
v -0.626845 0.368343 0.262424
v -0.164929 0.367437 0.280451
v 0.769894 -0.375504 0.306862
v 0.895653 -0.369441 0.294274
v 0.914233 -0.360063 0.242978
v 0.927961 -0.320156 0.270453
v -0.964061 0.060155 0.243096
v 0.871593 -0.373503 0.275437
v 0.932132 0.008343 0.265233
v 0.926816 0.135468 0.253172
v 0.909029 0.333058 0.246403
v 0.511545 -0.374580 0.327359
v 0.922099 -0.343227 0.264424
v 0.937433 -0.193513 0.265874
v 0.888449 0.354199 0.257593
v 0.847753 0.363858 0.246445
v -0.963931 -0.319596 0.266598
v -0.970255 -0.042807 0.270782
v 0.926964 0.272468 0.264641
v 0.778728 0.365212 0.285220
v 0.926563 0.081024 0.280123
v 0.925161 0.171629 0.298216
v 0.904237 0.339868 0.264569
v -0.582870 0.368993 0.309429
v 0.624795 -0.374786 0.305440
v -0.873256 -0.373136 0.281335
v -0.962100 -0.337085 0.262293
v -0.705208 0.367142 0.284679
v -0.286457 0.364443 0.295138
v 0.615314 0.367755 0.281586
v -0.513168 0.366800 0.279243
v 0.127595 0.371933 0.303799
v 0.276152 0.374025 0.323364
v 0.121263 -0.374646 0.325089
v -0.953497 -0.361310 0.254567
v -0.929623 0.363507 0.290820
v 0.268168 -0.374556 0.320932
v -0.926151 -0.370987 0.284657
v -0.941767 -0.368159 0.268208
v -0.970661 0.007574 0.297678
v -0.969976 0.155128 0.307045
v 0.870250 0.360849 0.260146
v -0.480745 -0.373598 0.315762
v -0.967250 0.260856 0.290409
v -0.966075 0.324942 0.271902
v -0.964235 0.343537 0.278980
v 0.034443 -0.374439 0.328386
v -0.947959 0.362288 0.276310
v -0.828328 0.362564 0.277678
v -0.451119 0.364698 0.323877
v -0.654270 -0.373906 0.304021
v 0.910278 -0.363244 0.285369
v 0.929613 -0.304280 0.322178
v 0.189870 -0.374505 0.334608
v 0.933841 -0.264731 0.323864
v 0.935721 -0.123445 0.313108
v -0.956205 -0.358421 0.298524
v -0.969041 -0.199398 0.291360
v 0.871027 0.360068 0.287587
v -0.790206 0.363896 0.301418
v 0.683388 0.367861 0.314994
v -0.095326 0.368677 0.333442
v 0.386319 -0.374567 0.332926
v -0.185752 -0.373270 0.335848
v -0.971634 -0.117590 0.316985
v 0.929398 0.259580 0.278677
v -0.960493 0.355445 0.295772
v -0.899720 0.362564 0.312016
v 0.923281 0.130158 0.319671
v -0.972067 0.269043 0.334871
v 0.041086 0.371652 0.318181
v -0.377292 -0.373315 0.408182
v 0.934747 -0.234279 0.350008
v 0.919222 0.311542 0.310552
v 0.019554 0.371798 0.358847
v 0.869658 -0.374195 0.377027
v -0.580240 -0.373697 0.364491
v -0.952853 -0.363696 0.319186
v -0.960910 -0.339487 0.325243
v 0.907785 0.336936 0.296821
v 0.824550 0.364479 0.326404
v -0.672300 0.372483 0.342734
v -0.964765 -0.270517 0.325113
v -0.975006 0.031125 0.349422
v -0.876459 0.363150 0.330236
v -0.317442 0.362912 0.350250
v -0.956821 0.360855 0.334723
v -0.236239 0.364798 0.338945
v 0.450793 0.372602 0.340644
v -0.056414 -0.373515 0.399740
v 0.771687 0.366878 0.378610
v 0.506257 0.371921 0.346756
v 0.909094 -0.364748 0.355784
v 0.914047 0.334953 0.352619
v 0.899691 0.345957 0.335394
v 0.863881 0.361804 0.352430
v 0.586077 0.370538 0.360339
v -0.799891 -0.373622 0.376437
v 0.930135 0.005817 0.354014
v -0.972735 0.330395 0.354936
v -0.378242 0.362777 0.372281
v 0.932141 -0.047178 0.360965
v -0.975020 -0.032711 0.365141
v 0.921051 0.305574 0.368730
v -0.964816 0.353809 0.327866
v -0.736158 0.369626 0.340699
v 0.888254 -0.371357 0.366936
v 0.914741 -0.356552 0.346707
v -0.517780 0.366849 0.365407
v 0.330859 0.373956 0.350494
v -0.969065 -0.172969 0.386909
v 0.926399 0.254834 0.363512
v -0.921551 -0.371633 0.382192
v -0.946414 -0.367661 0.372387
v -0.932414 0.363338 0.356444
v -0.675358 -0.373673 0.413025
v 0.919487 -0.343599 0.365825
v 0.161589 0.375330 0.393622
v 0.721305 -0.375308 0.389765
v -0.955280 -0.362805 0.370756
v 0.923097 0.166789 0.390730
v -0.787524 0.372358 0.391627
v 0.451780 0.373524 0.387966
v 0.824995 -0.375669 0.394527
v -0.274471 -0.373189 0.418112
v 0.929468 -0.298624 0.391167
v 0.680471 0.370021 0.394290
v 0.932840 -0.098587 0.391955
v -0.983369 0.059696 0.419697
v -0.967676 0.350701 0.361848
v 0.892472 0.350411 0.371462
v -0.979852 0.172814 0.391983
v -0.957434 0.361291 0.358174
v -0.174509 0.363058 0.418731
v -0.590397 0.369515 0.384176
v -0.038619 0.369753 0.427974
v -0.508844 -0.373512 0.435210
v -0.162989 -0.373322 0.436840
v -0.960398 -0.336613 0.387019
v 0.926957 0.042489 0.419648
v -0.742360 0.375178 0.418864
v -0.958537 -0.339020 0.433657
v -0.973567 -0.102357 0.417104
v 0.907293 0.340031 0.394489
v 0.523603 -0.374707 0.469778
v -0.894167 0.371533 0.407735
v -0.125083 0.365460 0.430699
v 0.350400 -0.374552 0.426001
v -0.954694 -0.364560 0.415199
v -0.960300 -0.261008 0.430672
v -0.978465 0.241655 0.409475
v 0.921288 0.303994 0.419417
v -0.247155 0.361371 0.410169
v 0.824895 0.365028 0.422412
v 0.105138 -0.374576 0.443284
v -0.965566 0.359615 0.409239
v 0.872003 0.359913 0.415212
v -0.303966 0.361004 0.415865
v 0.409803 0.374581 0.440029
v 0.208355 -0.374470 0.438829
v -0.973192 0.338058 0.402913
v -0.425268 0.363401 0.420646
v 0.228298 0.375831 0.425029
v 0.923540 0.113075 0.440584
v 0.889639 0.352839 0.411909
v 0.629526 0.371765 0.443744
v -0.688935 0.373517 0.433535
v 0.645826 -0.374928 0.447550
v -0.978221 -0.049533 0.434381
v -0.954320 0.366250 0.395315
v 0.911373 -0.363413 0.386735
v 0.933066 -0.238253 0.409529
v -0.983956 0.003320 0.453371
v 0.913471 0.331720 0.441059
v -0.461054 0.363341 0.461662
v 0.722064 0.370298 0.469293
v -0.846634 -0.373163 0.472723
v 0.901654 -0.369201 0.426411
v 0.926531 0.263181 0.422681
v -0.977861 0.302191 0.435882
v -0.944730 0.373414 0.452121
v -0.930107 -0.370612 0.476719
v 0.929234 -0.066587 0.509631
v 0.553781 0.372759 0.438850
v -0.955776 -0.361874 0.444827
v 0.923814 -0.332031 0.451294
v 0.924148 0.298835 0.480100
v -0.239430 0.356126 0.507158
v -0.962525 0.368844 0.453274
v -0.598484 0.368002 0.454657
v -0.861480 0.375187 0.452118
v 0.066591 0.377263 0.475908
v 0.870857 -0.374557 0.464431
v -0.986341 0.138970 0.445228
v -0.000659 -0.374181 0.476528
v -0.948268 -0.367970 0.453743
v -0.956492 -0.250429 0.486060
v 0.931359 -0.130112 0.462430
v -0.528237 0.364001 0.463977
v -0.738340 -0.373491 0.503977
v 0.911242 -0.362464 0.462154
v 0.931472 -0.241517 0.465443
v -0.967266 -0.144349 0.466891
v 0.902640 0.342036 0.472677
v 0.124655 0.378914 0.487759
v -0.977728 0.328845 0.451121
v 0.879283 0.354779 0.478397
v 0.927823 0.014558 0.473035
v 0.923710 0.155648 0.475039
v 0.278497 0.375959 0.481813
v 0.483183 0.375176 0.499704
v 0.817465 -0.375904 0.498254
v 0.917017 -0.345270 0.500279
v -0.315966 0.359257 0.478321
v 0.930429 -0.273324 0.468392
v -0.968968 0.362516 0.457492
v 0.630812 0.373357 0.499800
v -0.976600 -0.067014 0.468580
v -0.988186 0.171614 0.483672
v -0.104263 0.364830 0.488402
v 0.774118 0.367737 0.520784
v 0.909076 -0.363495 0.470569
v 0.901091 -0.367340 0.487517
v -0.984917 0.255793 0.494703
v 0.848350 0.359722 0.490459
v -0.768430 0.373221 0.473419
v -0.562781 -0.373311 0.553036
v -0.485327 -0.373243 0.511349
v -0.951207 -0.351672 0.518667
v -0.996783 0.069767 0.516410
v -0.926473 0.373562 0.488845
v -0.825785 0.372940 0.494580
v 0.403817 0.376174 0.532137
v 0.434232 -0.374591 0.525749
v 0.927070 0.262244 0.505635
v -0.399896 0.360626 0.516522
v 0.313903 -0.374544 0.494473
v -0.988003 0.203101 0.508907
v -0.982554 0.331906 0.495769
v -0.956933 0.377870 0.488583
v -0.985273 -0.006231 0.512517
v 0.056514 -0.374482 0.536487
v -0.071357 -0.373357 0.553565
v -0.954590 -0.209377 0.549743
v 0.915971 0.328925 0.489656
v -0.155703 0.358888 0.512428
v -0.895021 0.371178 0.497332
v -0.398490 -0.373104 0.529873
v -0.950027 -0.361525 0.516588
v 0.854201 -0.375438 0.548040
v 0.911152 -0.355053 0.540570
v 0.886699 0.348871 0.513443
v -0.463637 0.360568 0.522806
v -0.968569 0.368179 0.509492
v -0.669338 0.369011 0.497369
v -0.022318 0.372315 0.512083
v -0.910466 -0.371763 0.567218
v -0.308081 -0.373022 0.565726
v 0.901477 -0.366776 0.547876
v 0.925532 -0.309439 0.505048
v -0.950692 -0.302590 0.540400
v -0.596531 0.363142 0.533782
v 0.256428 -0.374471 0.577906
v 0.637502 -0.374780 0.551812
v 0.880395 -0.372725 0.545151
v 0.922963 0.305020 0.531327
v 0.899637 0.339231 0.534442
v -0.977415 0.349434 0.513429
v -0.184859 -0.373077 0.595083
v -0.945207 -0.365047 0.523921
v -0.960157 -0.153810 0.550280
v 0.924415 0.118420 0.534989
v 0.164000 0.377038 0.542077
v 0.330845 0.376235 0.562492
v -0.664002 -0.373394 0.558155
v -0.266463 0.355512 0.559571
v -0.347417 0.358547 0.544968
v -0.957626 0.374272 0.504695
v 0.583564 0.375630 0.548001
v 0.764269 -0.375663 0.545681
v 0.926958 0.038208 0.563860
v 0.925300 0.186848 0.558727
v -0.551035 0.360233 0.538256
v 0.919405 -0.327074 0.571310
v 0.926187 -0.252221 0.564607
v -0.976686 -0.039776 0.562856
v 0.910832 0.329442 0.561658
v 0.874272 0.351408 0.548239
v 0.926179 -0.168150 0.584893
v -0.997864 0.098943 0.544505
v -0.803534 0.366544 0.558484
v -0.729568 0.362899 0.546489
v 0.924101 -0.287942 0.567871
v 0.645787 0.372822 0.539626
v 0.692259 0.370275 0.552230
v 0.160929 -0.374298 0.572708
v -0.949209 -0.358077 0.544675
v -0.985068 0.278919 0.543021
v 0.838438 0.359163 0.538730
v 0.057931 0.379222 0.557451
v 0.361133 -0.374416 0.581680
v -0.497763 0.358302 0.577828
v -0.922342 0.363503 0.569510
v -0.840126 0.366523 0.560648
v -0.830168 -0.373239 0.595624
v -0.935996 -0.368119 0.573318
v -0.994085 0.052291 0.570456
v -0.976306 0.328367 0.548601
v 0.888234 0.346413 0.553741
v 0.927563 -0.086064 0.578105
v -0.990436 0.186894 0.558078
v -0.970556 0.352227 0.542581
v -0.210018 0.355683 0.573343
v 0.823250 0.362098 0.573571
v -0.955492 0.361502 0.549919
v -0.643760 0.360995 0.570091
v 0.230305 0.376054 0.594676
v -0.948006 -0.272607 0.611288
v 0.928482 0.246861 0.634322
v 0.926724 0.288134 0.575148
v 0.921138 0.313076 0.576702
v -0.125436 0.360119 0.575775
v -0.761695 0.361080 0.580164
v 0.479093 0.375731 0.571208
v 0.774162 0.366788 0.601597
v -0.057315 0.368270 0.585434
v 0.574992 -0.374543 0.655114
v -0.946628 -0.362036 0.581356
v 0.926672 -0.043385 0.604708
v -0.991169 0.241137 0.588478
v -0.403782 0.359423 0.586869
v 0.642890 0.371386 0.581105
v -0.384745 -0.372865 0.635491
v -0.961223 0.350076 0.579914
v -0.560153 0.358112 0.603757
v -0.963662 -0.073013 0.641466
v -0.976354 0.317343 0.584973
v -0.725732 0.359248 0.594248
v -0.950432 0.358359 0.588051
v -0.824033 0.366202 0.595266
v 0.010907 0.379178 0.612822
v 0.025722 -0.373818 0.616501
v -0.996698 0.109471 0.589182
v 0.896509 0.346149 0.605376
v -0.667129 0.356637 0.606726
v -0.335777 0.357974 0.610206
v 0.871745 0.355757 0.594480
v -0.934328 0.361134 0.592665
v 0.552605 0.375883 0.595648
v -0.445542 -0.372765 0.669987
v 0.887790 -0.369764 0.608150
v 0.902730 -0.363377 0.590886
v 0.925207 0.138963 0.604620
v -0.988732 0.181131 0.603291
v 0.584980 0.374432 0.609952
v 0.059399 0.377871 0.610678
v 0.707299 -0.375210 0.658750
v 0.849523 -0.375356 0.628378
v -0.740020 -0.373154 0.619495
v -0.572825 -0.372691 0.688073
v -0.948150 -0.348630 0.649037
v 0.926838 0.034830 0.628938
v 0.672479 0.368349 0.602778
v 0.131412 0.374358 0.626246
v -0.954010 -0.154633 0.631423
v -0.251329 0.356841 0.618235
v -0.798908 0.364546 0.595422
v 0.800436 -0.375874 0.674250
v -0.987299 0.145911 0.606366
v -0.615250 0.353112 0.649892
v 0.445774 0.374428 0.617383
v 0.142591 -0.372854 0.669248
v 0.234909 -0.373807 0.645536
v 0.483432 -0.374182 0.644537
v -0.946550 -0.223364 0.662209
v -0.992447 0.202914 0.603049
v -0.963136 0.346116 0.635254
v 0.657293 0.366293 0.628900
v -0.933094 -0.367877 0.677588
v -0.989990 0.125259 0.612184
v 0.930944 0.304280 0.661615
v -0.163320 0.361371 0.624908
v -0.873586 0.362688 0.623362
v -0.112636 0.362972 0.606344
v 0.326682 0.374243 0.633134
v -0.274859 -0.372712 0.665392
v -0.918551 -0.370885 0.644240
v -0.975404 -0.006834 0.625609
v -0.995813 0.228536 0.624405
v -0.974580 0.330043 0.655551
v 0.911418 -0.347969 0.628185
v -0.986979 0.044227 0.614940
v 0.911587 0.335313 0.617680
v -0.454984 0.359071 0.627479
v 0.918912 -0.281801 0.646172
v -0.992842 0.102074 0.626565
v -0.992340 0.260826 0.636129
v -0.347615 0.360033 0.639707
v 0.767744 0.362857 0.655819
v -0.091154 -0.372604 0.672154
v 0.901935 -0.362879 0.637437
v 0.915696 -0.333925 0.634822
v 0.918319 -0.130031 0.667877
v -0.748192 0.354943 0.634754
v -0.862590 -0.372406 0.668217
v -0.506832 -0.372644 0.686591
v -0.995122 0.129340 0.631083
v -0.996147 0.163828 0.638151
v 0.888029 0.357882 0.658176
v -0.950644 0.352645 0.655054
v -0.410521 0.360901 0.642754
v 0.862596 0.361654 0.648497
v 0.551389 0.373623 0.637263
v -0.945255 -0.361145 0.654032
v 0.924353 -0.029964 0.667489
v -0.997391 0.212636 0.659865
v 0.926612 0.192154 0.649200
v -0.295243 0.359383 0.645702
v -0.796476 0.368874 0.666140
v 0.408029 -0.373769 0.672400
v -0.647393 -0.372500 0.697968
v -0.724971 0.348508 0.655206
v -0.911249 0.356605 0.657798
v -0.198136 0.366825 0.666206
v -0.826017 0.367917 0.657311
v -0.067626 0.374340 0.657025
v 0.227578 0.373361 0.666586
v 0.901365 0.348893 0.657109
v -0.008099 0.380816 0.667162
v -0.986648 0.082353 0.647135
v -0.610240 0.352766 0.671963
v -0.505873 0.358020 0.655497
v -0.262727 0.362108 0.663986
v -0.014114 -0.372675 0.680963
v 0.925986 0.133635 0.672885
v 0.562399 0.370531 0.661038
v 0.311642 -0.372842 0.686682
v -0.765539 -0.372578 0.702525
v 0.915665 -0.217743 0.684075
v -0.999761 0.239565 0.677679
v -0.128021 0.371689 0.671892
v 0.905275 -0.357980 0.682091
v -0.943357 -0.270242 0.679439
v -0.968254 -0.000739 0.665889
v -0.547774 0.356882 0.658431
v -0.454784 0.361721 0.652734
v 0.874685 0.359319 0.675439
v 0.450547 0.370464 0.660310
v 0.911645 -0.322262 0.699395
v -0.989743 0.132660 0.680017
v -0.984160 0.289719 0.675417
v -0.693642 0.342895 0.674894
v -0.767380 0.362872 0.679191
v 0.080544 0.375041 0.705959
v 0.884816 -0.369036 0.684682
v -0.994077 0.175737 0.673436
v 0.817691 0.360678 0.669560
v 0.661675 0.356016 0.700623
v 0.334124 0.371555 0.674944
v 0.928041 0.311119 0.672441
v -0.652626 0.346111 0.668853
v 0.709956 0.357734 0.685526
v 0.523458 0.366841 0.685401
v 0.539909 -0.373545 0.695784
v -0.944733 -0.357884 0.682895
v -0.965943 0.336079 0.679526
v 0.067126 -0.371239 0.696726
v -0.950280 -0.129036 0.675718
v 0.927767 0.065912 0.696623
v 0.923673 0.202213 0.692630
v 0.928867 0.286872 0.679068
v 0.896881 0.352888 0.685922
v -0.397007 0.367556 0.676863
v -0.900190 -0.370341 0.716561
v 0.853855 -0.372761 0.705970
v -0.999019 0.195261 0.695646
v -0.805451 0.366224 0.680447
v -0.358660 0.374427 0.708857
v 0.378395 -0.372407 0.707069
v -0.934006 -0.364784 0.703862
v -0.968175 0.066371 0.706657
v -0.979279 0.101178 0.692712
v 0.922682 0.162782 0.705611
v -0.971938 0.322927 0.688766
v -0.896116 0.353252 0.699099
v -0.721251 0.349497 0.694585
v -0.521746 0.360629 0.683452
v 0.404663 0.366149 0.689933
v 0.196687 0.372531 0.684835
v 0.283068 0.369421 0.697333
v -0.030129 0.379403 0.692757
v -0.861500 -0.371106 0.723304
v -0.071163 -0.371205 0.731466
v -0.953635 -0.062834 0.687996
v -0.581831 0.351509 0.694133
v -0.180248 0.374581 0.713067
v 0.457744 0.363463 0.693510
v 0.142188 0.374308 0.701684
v 0.018986 0.377848 0.710230
v -0.171165 -0.371133 0.737159
v 0.176207 -0.371327 0.705002
v -0.938633 0.346743 0.695942
v -0.625534 0.349238 0.693194
v -0.549479 0.354750 0.719591
v -0.865980 0.358112 0.690910
v -0.312390 0.373453 0.721454
v -0.471162 0.375603 0.707462
v -0.432498 0.371639 0.686048
v 0.898742 -0.360188 0.708519
v -0.982446 0.283869 0.696262
v 0.763792 0.350000 0.704105
v 0.850592 0.353389 0.701790
v -0.827923 0.356747 0.695990
v -0.410237 0.374467 0.701952
v 0.650479 -0.373213 0.708612
v 0.919604 -0.082752 0.728398
v -0.954047 -0.004397 0.710681
v -0.998188 0.219815 0.702222
v 0.924511 0.301971 0.690463
v -0.682496 0.345124 0.697691
v 0.895511 0.350600 0.699798
v -0.783085 0.358178 0.700068
v -0.114599 0.374719 0.703310
v 0.728801 -0.372539 0.706465
v -0.381217 -0.371187 0.731924
v 0.872646 -0.368572 0.712140
v 0.913249 -0.194534 0.711488
v -0.991200 0.154201 0.714221
v -0.648175 0.348231 0.707865
v 0.839878 0.348706 0.712075
v 0.327072 0.364885 0.703297
v -0.419997 0.380991 0.709074
v 0.264041 -0.369979 0.718748
v -0.935938 -0.224783 0.721010
v -0.936473 -0.193339 0.723625
v 0.917228 0.233998 0.723689
v 0.918474 0.277165 0.708133
v -0.943096 0.323070 0.725262
v -0.748206 0.352065 0.716896
v -0.707585 0.343943 0.714176
v -0.861315 0.346093 0.714542
v 0.699353 0.350033 0.717347
v 0.209148 0.368582 0.709506
v 0.804664 -0.372657 0.714036
v 0.016702 -0.371130 0.713798
v 0.490615 -0.371466 0.728072
v -0.939340 -0.106670 0.724217
v -0.996618 0.191045 0.716731
v -0.982721 0.258251 0.712105
v 0.903598 0.320277 0.709549
v -0.510984 0.363561 0.720515
v 0.500156 0.358443 0.709732
v 0.391682 0.354816 0.715376
v 0.584087 0.354139 0.733218
v 0.254773 0.366609 0.708244
v -0.264147 -0.371054 0.735998
v 0.905162 -0.321200 0.732614
v -0.932612 -0.320505 0.741961
v 0.913419 -0.141467 0.738168
v -0.943834 -0.049614 0.721023
v 0.926285 0.050211 0.726829
v 0.926961 0.088317 0.730234
v -0.597868 0.348696 0.722842
v 0.453033 0.355313 0.712377
v -0.266348 0.373553 0.726957
v -0.218659 0.373903 0.720729
v 0.181731 0.369089 0.717484
v -0.386087 0.377705 0.731262
v 0.101448 -0.368481 0.717753
v 0.680242 -0.371804 0.714988
v -0.935938 -0.355287 0.718955
v 0.909603 -0.239708 0.722863
v -0.956732 0.295212 0.730428
v -0.926737 0.334002 0.719414
v -0.657153 0.339956 0.726600
v 0.143146 0.370275 0.733254
v -0.450588 0.379117 0.722985
v -0.047394 0.379004 0.712695
v 0.048658 0.372636 0.730117
v 0.166192 -0.367871 0.729104
v 0.320037 -0.368041 0.743903
v 0.050973 -0.368409 0.715361
v 0.907014 -0.280620 0.741307
v 0.918909 0.146253 0.739875
v 0.883912 0.339250 0.715478
v -0.692580 0.335911 0.730624
v -0.573679 0.350576 0.739779
v -0.800073 0.349333 0.735505
v -0.777416 0.352321 0.734504
v -0.530782 0.355436 0.740202
v -0.112760 0.374777 0.722136
v -0.172881 0.374159 0.728442
v -0.002046 0.374384 0.733620
v -0.407074 0.380605 0.731645
v -0.537299 -0.371034 0.738043
v 0.431790 -0.369880 0.745289
v 0.757737 -0.368903 0.725778
v 0.922609 -0.015553 0.734199
v -0.962455 0.079051 0.730799
v -0.971147 0.114977 0.732282
v -0.983252 0.210259 0.728743
v 0.914556 0.197137 0.732695
v 0.893116 0.293859 0.729114
v -0.840187 0.341263 0.736964
v -0.605640 0.344884 0.734621
v 0.723070 0.341795 0.724234
v -0.723284 0.345229 0.734541
v 0.438793 0.340144 0.735795
v 0.489349 0.350662 0.722676
v 0.361773 0.344656 0.732318
v 0.207522 0.361278 0.723535
v 0.583810 -0.369714 0.741424
v 0.061189 -0.355951 0.727536
v 0.039556 -0.366525 0.724033
v 0.087455 -0.362918 0.724552
v 0.299989 0.332940 0.746386
v 0.655218 0.349278 0.735470
v 0.236533 0.346878 0.733869
v 0.149093 0.363618 0.746275
v -0.337132 0.374326 0.732670
v 0.089712 0.366689 0.731605
v -0.865412 -0.368504 0.743377
v -0.665444 -0.369796 0.747005
v -0.924374 -0.360101 0.745108
v 0.129680 -0.365984 0.729157
v 0.113544 -0.364872 0.727708
v 0.713607 -0.366601 0.726958
v 0.683122 -0.365221 0.731720
v 0.891678 -0.353930 0.731483
v 0.873941 0.315067 0.732491
v 0.822014 0.333484 0.731568
v -0.884566 0.334637 0.734863
v -0.013162 -0.368884 0.740368
v 0.617223 -0.364852 0.745612
v 0.225542 -0.364834 0.734337
v 0.253586 -0.364858 0.735496
v 0.776863 -0.364470 0.735612
v 0.811962 -0.367836 0.733696
v 0.846037 -0.365494 0.733308
v 0.907570 -0.217709 0.740849
v -0.978889 0.153536 0.734092
v -0.959925 0.267321 0.737650
v 0.850788 0.327485 0.732781
v 0.699725 0.336195 0.741388
v 0.558734 0.346807 0.740961
v -0.505113 0.355205 0.737104
v 0.166439 0.352716 0.753260
v -0.484432 0.363094 0.731668
v -0.443647 0.369870 0.742024
v -0.270386 0.370550 0.742897
v -0.220892 0.369732 0.739712
v -0.080145 0.372921 0.743846
v -0.809986 -0.369803 0.744838
v 0.379198 -0.366686 0.760703
v 0.735248 -0.360562 0.733294
v 0.882721 -0.350261 0.737318
v 0.027298 -0.354887 0.739390
v 0.101504 -0.342286 0.741987
v 0.897355 -0.329895 0.739507
v 0.902030 -0.242679 0.748481
v 0.909319 -0.171999 0.742263
v -0.949257 0.035804 0.746883
v 0.923298 0.110318 0.744413
v -0.969022 0.129005 0.739089
v 0.897547 0.242203 0.737712
v -0.930557 0.310585 0.743998
v -0.911838 0.324002 0.740015
v 0.767691 0.327729 0.738579
v -0.712762 0.339883 0.738428
v -0.574983 0.349388 0.744013
v 0.504445 0.333408 0.746251
v -0.560061 0.349347 0.745139
v -0.301151 0.370328 0.737324
v -0.113915 0.368651 0.747695
v -0.375543 0.372490 0.738990
v -0.329548 -0.369436 0.746944
v 0.172505 -0.349023 0.752876
v 0.816716 -0.363447 0.737860
v 0.736021 -0.346952 0.742001
v 0.125146 -0.348199 0.744361
v 0.079357 -0.331733 0.741162
v -0.929500 -0.151198 0.747738
v 0.915003 -0.098456 0.742802
v -0.930318 -0.065876 0.749297
v 0.917223 -0.056432 0.744466
v -0.939874 0.000651 0.747571
v 0.922867 0.085388 0.743785
v 0.878968 0.278257 0.740724
v 0.720376 0.326485 0.743518
v -0.654058 0.328390 0.741461
v -0.622056 0.331893 0.744708
v -0.734521 0.339752 0.743806
v 0.479686 0.333911 0.744526
v -0.780097 0.348842 0.740085
v 0.677877 0.347166 0.742627
v -0.479649 0.354010 0.736492
v -0.547538 0.353644 0.752546
v -0.340032 0.369928 0.741713
v -0.175999 0.369215 0.741968
v -0.402522 0.372904 0.742859
v -0.437850 -0.368948 0.749868
v 0.005665 -0.359119 0.750633
v 0.338866 -0.352350 0.778985
v 0.837443 -0.347199 0.745323
v 0.691946 -0.348555 0.746571
v 0.039526 -0.326780 0.741138
v -0.922501 -0.224597 0.756411
v 0.917356 0.020832 0.747332
v -0.954600 0.091714 0.749006
v 0.909614 0.161773 0.744503
v -0.947967 0.233446 0.743704
v -0.932664 0.189205 0.747979
v 0.890662 0.203544 0.744813
v 0.850103 0.274073 0.748815
v 0.839557 0.302657 0.743710
v -0.883157 0.329312 0.740750
v -0.522770 0.318718 0.737705
v -0.523706 0.331830 0.735535
v -0.531174 0.322517 0.743712
v -0.488317 0.335487 0.735598
v 0.806965 0.320692 0.741077
v -0.529360 0.342027 0.741631
v -0.695865 0.325781 0.740136
v -0.590180 0.337420 0.748303
v 0.538433 0.332489 0.751037
v 0.193827 0.337936 0.752491
v 0.121146 0.353104 0.749844
v 0.046421 0.358738 0.749578
v -0.018708 0.369894 0.746967
v -0.000452 0.365646 0.748621
v -0.547977 -0.368031 0.754842
v -0.267536 -0.368912 0.750403
v -0.086770 -0.368113 0.748912
v -0.016292 -0.363045 0.752194
v 0.506058 -0.366540 0.756764
v 0.647039 -0.354420 0.755364
v 0.809943 -0.339878 0.749359
v 0.007853 -0.329952 0.751145
v 0.067717 -0.295907 0.753005
v 0.899309 -0.285005 0.748276
v 0.903486 -0.209227 0.746167
v -0.923686 -0.180984 0.756440
v 0.906224 -0.131541 0.746601
v -0.442406 0.114589 0.746257
v -0.421556 0.118178 0.742834
v -0.433029 0.124501 0.742435
v -0.404321 0.125067 0.744218
v -0.934318 0.147888 0.748985
v 0.885191 0.179859 0.750686
v 0.868972 0.238994 0.749345
v -0.942206 0.285303 0.745831
v -0.518666 0.312815 0.761818
v -0.514427 0.306227 0.754556
v -0.489332 0.306724 0.749852
v -0.899833 0.303969 0.749422
v -0.455037 0.302064 0.756120
v -0.441702 0.339844 0.743316
v -0.531117 0.337581 0.750435
v -0.821938 0.330798 0.749107
v -0.533084 0.347465 0.750429
v 0.259099 0.326757 0.756090
v 0.320782 0.324394 0.755216
v 0.385830 0.328086 0.753724
v -0.441468 0.360100 0.747456
v 0.627737 0.337906 0.753419
v -0.380009 0.355522 0.745433
v -0.402964 0.344828 0.746261
v 0.066229 0.350456 0.752867
v -0.306110 0.354900 0.751905
v -0.078753 0.366657 0.752036
v -0.765445 -0.364975 0.757858
v -0.168313 -0.365235 0.760384
v -0.103297 -0.364420 0.759396
v -0.067242 -0.362731 0.758176
v 0.753379 -0.326681 0.752044
v -0.918718 -0.354574 0.759386
v 0.868874 -0.304287 0.755733
v 0.019656 -0.301267 0.752151
v 0.097697 -0.284838 0.758113
v 0.898200 -0.088623 0.752470
v -0.928082 -0.038691 0.758659
v 0.915085 0.071096 0.750820
v -0.945585 0.092251 0.754135
v -0.457355 0.123721 0.750921
v -0.405427 0.117930 0.749332
v -0.397821 0.139781 0.754758
v -0.437585 0.138546 0.754409
v 0.915887 0.127611 0.751799
v -0.909561 0.239012 0.750835
v 0.789130 0.283843 0.754376
v 0.738075 0.308075 0.751429
v -0.832406 0.315135 0.755839
v -0.710445 0.317070 0.754361
v -0.671842 0.320099 0.756082
v 0.700102 0.313716 0.755934
v -0.615905 0.325892 0.764655
v -0.607846 0.332062 0.760082
v 0.423674 0.323082 0.759324
v 0.453776 0.323775 0.756948
v -0.780979 0.332828 0.750392
v 0.212170 0.329277 0.753945
v 0.673665 0.338681 0.752220
v -0.565465 0.333911 0.748395
v -0.558973 0.338998 0.750770
v -0.536681 0.347243 0.757743
v -0.336376 0.346663 0.755133
v -0.228867 0.352192 0.756105
v -0.166842 0.358902 0.753874
v -0.845362 -0.362917 0.757443
v -0.356598 -0.363681 0.760587
v -0.251677 -0.365865 0.759298
v 0.362429 -0.361280 0.769541
v -0.900625 -0.354555 0.765736
v 0.559123 -0.360203 0.763402
v 0.696236 -0.314774 0.759860
v 0.128479 -0.316219 0.757755
v 0.892115 -0.268103 0.753609
v -0.923081 -0.297477 0.763519
v -0.920925 -0.263033 0.761223
v 0.877657 -0.189441 0.756603
v 0.876401 -0.134123 0.758084
v -0.924001 -0.106897 0.755755
v 0.884469 -0.043376 0.758121
v -0.935608 0.007830 0.755528
v -0.943178 0.042596 0.755713
v -0.452880 0.107204 0.754694
v -0.425272 0.105465 0.760061
v -0.463848 0.114896 0.752157
v -0.564020 0.104283 0.758969
v -0.507846 0.109954 0.756419
v -0.547650 0.119940 0.751608
v -0.519028 0.124789 0.750093
v -0.480612 0.129666 0.750705
v -0.378873 0.129742 0.749204
v -0.351259 0.132633 0.754611
v 0.817589 0.185888 0.757520
v -0.882255 0.297347 0.753194
v -0.496535 0.298485 0.761808
v 0.662377 0.331490 0.760066
v -0.016518 0.357625 0.755341
v -0.624817 -0.362578 0.763029
v -0.466135 -0.363251 0.763496
v 0.432896 -0.362949 0.768850
v 0.288330 -0.343355 0.778382
v 0.602700 -0.353784 0.762200
v 0.238949 -0.338449 0.772098
v 0.156328 -0.338321 0.760821
v -0.037692 -0.340717 0.767244
v 0.648200 -0.325215 0.763073
v 0.813069 -0.310482 0.757777
v -0.012682 -0.296216 0.757679
v 0.863599 -0.265216 0.761002
v 0.891877 0.041081 0.758416
v -0.490856 0.091674 0.763222
v -0.459369 0.082529 0.767527
v -0.605026 0.071356 0.765188
v -0.582212 0.119286 0.753608
v -0.630914 0.115638 0.755111
v -0.593486 0.152758 0.760069
v -0.908699 0.073962 0.760369
v -0.377400 0.111448 0.760448
v -0.878454 0.175197 0.754953
v -0.528538 0.168649 0.761972
v -0.848837 0.267447 0.758643
v 0.803074 0.238330 0.761245
v -0.809673 0.299633 0.762879
v 0.738822 0.283478 0.760625
v -0.478540 0.298094 0.757363
v -0.741671 0.303367 0.763970
v 0.280168 0.315993 0.763130
v 0.486481 0.318251 0.759346
v 0.535274 0.321835 0.757876
v -0.581327 0.330761 0.766098
v -0.554919 0.335914 0.763169
v 0.157503 0.335512 0.759985
v 0.110936 0.318395 0.765161
v -0.289332 0.323982 0.767328
v -0.200233 0.337918 0.762754
v -0.002348 0.343813 0.761076
v -0.088686 0.352462 0.760449
v -0.044582 0.341056 0.762811
v -0.550802 -0.362466 0.767487
v -0.849337 -0.356103 0.764520
v -0.034857 -0.349644 0.763883
v 0.189647 -0.334286 0.772136
v 0.599719 -0.334997 0.768014
v -0.045013 -0.312079 0.765005
v 0.839503 -0.280967 0.762248
v 0.747685 -0.288175 0.763962
v 0.026221 -0.238885 0.767354
v 0.119478 -0.266413 0.764465
v 0.076581 -0.259794 0.762962
v -0.917068 -0.210900 0.760697
v 0.845637 -0.189042 0.763511
v -0.919056 -0.108900 0.760794
v 0.849971 -0.114424 0.763723
v -0.920833 -0.073615 0.761643
v -0.925161 -0.030007 0.762284
v -0.928060 0.023737 0.761765
v 0.870627 -0.016925 0.761728
v 0.871325 0.108891 0.762928
v -0.681458 0.048075 0.767719
v -0.674486 0.115475 0.757643
v -0.706925 0.133308 0.759444
v -0.745543 0.116683 0.759970
v -0.850169 0.136799 0.759378
v -0.685769 0.149571 0.761175
v -0.330613 0.094019 0.771255
v -0.293601 0.129983 0.760467
v -0.338939 0.153812 0.762646
v -0.487619 0.187991 0.765841
v -0.805136 0.182773 0.763554
v 0.778548 0.180599 0.761160
v 0.733044 0.251064 0.769016
v -0.462716 0.282556 0.764090
v -0.440699 0.271509 0.767754
v -0.394280 0.296401 0.767416
v 0.680203 0.298218 0.764715
v -0.693061 0.299296 0.769460
v 0.523690 0.305824 0.764426
v 0.595107 0.314537 0.764111
v 0.195812 0.309336 0.766891
v 0.384072 0.315782 0.763210
v 0.452462 0.316701 0.762882
v 0.627928 0.323737 0.762848
v 0.040955 0.306554 0.768168
v -0.315496 -0.359108 0.768143
v -0.223691 -0.360300 0.768213
v -0.686171 -0.353753 0.769335
v -0.779948 -0.354415 0.765673
v -0.106150 -0.356561 0.767388
v 0.570421 -0.353901 0.767807
v 0.179890 -0.324778 0.773539
v -0.906389 -0.342540 0.771319
v -0.054726 -0.275400 0.765086
v 0.150459 -0.274846 0.769481
v -0.913640 -0.294346 0.768303
v -0.053567 -0.231946 0.768991
v -0.904862 -0.273404 0.768710
v -0.905080 -0.225432 0.764933
v -0.897549 -0.157800 0.765410
v -0.912316 -0.048284 0.765420
v -0.896649 -0.067014 0.767441
v 0.799835 -0.123832 0.768774
v -0.907431 -0.011027 0.766231
v 0.859970 0.074538 0.764587
v -0.529691 0.070289 0.767754
v -0.772018 0.080941 0.763244
v -0.404558 0.073439 0.771364
v -0.816348 0.113503 0.760825
v -0.279574 0.111341 0.768880
v 0.784871 0.094925 0.764846
v -0.748362 0.161896 0.763101
v -0.274716 0.163497 0.769209
v -0.382351 0.204687 0.771748
v 0.745970 0.227239 0.768437
v -0.767719 0.254451 0.771048
v 0.667739 0.272968 0.770677
v -0.504459 0.286288 0.777035
v -0.513794 0.299793 0.772402
v 0.443024 0.303720 0.768584
v 0.565410 0.287142 0.768626
v -0.640202 0.304651 0.776487
v 0.315476 0.299837 0.769687
v -0.362623 0.291724 0.770755
v 0.640049 0.300219 0.769218
v -0.531831 0.328457 0.768459
v -0.209393 0.311343 0.771435
v -0.151548 0.307409 0.772015
v -0.568643 -0.357503 0.771986
v -0.626590 -0.354423 0.770894
v -0.438413 -0.357906 0.769730
v -0.258431 -0.353718 0.775018
v 0.522633 -0.353817 0.773252
v -0.774521 -0.342519 0.771109
v -0.843834 -0.342528 0.771361
v 0.635741 -0.273845 0.773719
v 0.739702 -0.251592 0.770120
v 0.785189 -0.238228 0.768003
v 0.112172 -0.209105 0.772223
v -0.861648 -0.234747 0.771830
v -0.859031 -0.190082 0.770303
v -0.856225 -0.119867 0.770574
v 0.806735 -0.020106 0.767467
v -0.868741 -0.039713 0.769723
v -0.846069 -0.001806 0.769580
v 0.782695 0.047164 0.766857
v -0.736787 -0.008344 0.773114
v 0.515481 0.030739 0.770658
v 0.575196 0.085719 0.767722
v 0.494071 0.098300 0.766051
v 0.721067 0.081757 0.771766
v 0.544014 0.122181 0.765835
v 0.421906 0.118656 0.768618
v 0.419705 0.082742 0.769748
v 0.707093 0.148283 0.771739
v 0.602491 0.135208 0.768111
v 0.482712 0.149343 0.767642
v -0.242383 0.135426 0.766772
v 0.569660 0.166819 0.767755
v -0.620595 0.230973 0.777431
v -0.331943 0.198384 0.771281
v -0.695858 0.232921 0.777499
v -0.526697 0.216552 0.775312
v -0.561234 0.229117 0.778309
v -0.730500 0.239579 0.775525
v -0.443685 0.220414 0.771145
v -0.445740 0.250963 0.773228
v -0.748649 0.284715 0.770427
v -0.410039 0.256432 0.773174
v 0.193188 0.292192 0.772291
v 0.396519 0.286627 0.773391
v -0.015251 0.292481 0.770613
v -0.096574 0.294052 0.771687
v -0.592419 0.315652 0.774570
v -0.553699 0.313803 0.778569
v 0.375999 -0.352376 0.780880
v -0.518534 -0.354205 0.774158
v -0.435057 -0.351664 0.775054
v -0.348642 -0.349159 0.776244
v -0.176007 -0.350533 0.774004
v 0.461427 -0.348352 0.779728
v 0.530112 -0.348722 0.775464
v -0.090206 -0.342083 0.773146
v -0.653871 -0.335271 0.775933
v -0.767051 -0.325228 0.775582
v -0.088793 -0.327063 0.774198
v -0.894913 -0.329656 0.773887
v -0.098098 -0.265795 0.770673
v -0.856342 -0.280751 0.775016
v 0.632356 -0.225691 0.779864
v 0.157720 -0.208962 0.774875
v 0.717825 -0.190274 0.775459
v 0.039345 -0.186459 0.774531
v -0.020719 -0.180061 0.774887
v -0.808817 -0.188298 0.774768
v 0.715062 -0.105528 0.776094
v -0.774215 -0.136446 0.775155
v -0.766560 -0.053077 0.773891
v 0.711604 -0.011124 0.774400
v -0.641906 0.002680 0.774021
v -0.552599 0.009277 0.775413
v 0.549684 -0.038754 0.775081
v 0.599432 0.008367 0.772768
v -0.453709 0.046870 0.775092
v 0.400137 0.003053 0.776779
v 0.644865 0.059631 0.772983
v 0.332241 0.075898 0.773488
v 0.682724 0.107005 0.773350
v 0.350171 0.116955 0.771453
v -0.278176 0.081641 0.774931
v -0.204777 0.117982 0.773959
v 0.356852 0.150672 0.772366
v 0.250571 0.103313 0.774676
v 0.666813 0.183711 0.773512
v -0.174141 0.154586 0.774488
v 0.425446 0.202347 0.773782
v -0.261492 0.214315 0.774965
v 0.315601 0.159657 0.773976
v 0.545693 0.242276 0.772889
v 0.490468 0.257113 0.774977
v 0.697059 0.229784 0.773977
v 0.583810 0.238864 0.771649
v 0.641659 0.232989 0.773317
v -0.474013 0.262105 0.776816
v 0.018168 0.250339 0.773729
v -0.041112 0.246513 0.773577
v 0.076988 0.237240 0.774386
v 0.119164 0.283426 0.772543
v 0.480438 0.281865 0.772454
v -0.672300 0.281851 0.779978
v -0.315724 0.259781 0.774540
v -0.139473 0.232097 0.775543
v 0.325162 0.277602 0.775429
v -0.525532 0.293683 0.780753
v -0.597591 -0.339050 0.776299
v -0.464131 -0.339169 0.779050
v -0.182427 -0.339973 0.777685
v -0.254498 -0.339084 0.781640
v 0.493444 -0.343371 0.779910
v -0.549435 -0.334253 0.777541
v 0.536972 -0.327991 0.779522
v 0.216478 -0.328521 0.782080
v -0.840504 -0.322329 0.775713
v -0.697926 -0.314915 0.778172
v -0.146992 -0.321974 0.777299
v -0.627600 -0.300249 0.778540
v -0.771055 -0.301980 0.778652
v -0.146439 -0.278924 0.775928
v 0.586705 -0.269016 0.780190
v -0.158373 -0.230714 0.776780
v 0.200494 -0.229362 0.780316
v -0.103238 -0.175384 0.775574
v -0.203883 -0.200710 0.779680
v -0.146062 -0.159300 0.777669
v -0.781263 -0.255724 0.779039
v 0.145985 -0.155141 0.776303
v 0.104550 -0.100573 0.778133
v -0.042770 -0.090451 0.776700
v -0.116971 -0.065524 0.777185
v -0.697390 -0.103706 0.776283
v 0.623930 -0.111368 0.778470
v 0.642209 -0.046985 0.775889
v -0.621717 -0.125402 0.777163
v -0.502595 -0.047057 0.777049
v -0.637416 -0.049134 0.776365
v 0.695939 -0.065283 0.776110
v -0.460738 0.008845 0.777412
v 0.482698 -0.053086 0.777523
v 0.326172 -0.014292 0.778682
v 0.212190 0.036381 0.778820
v -0.366578 0.051055 0.776913
v -0.282368 0.031910 0.778443
v -0.233357 0.060706 0.777530
v -0.321758 0.055379 0.777554
v 0.105461 0.134944 0.774248
v 0.011478 0.153897 0.775235
v 0.046121 0.015240 0.779525
v 0.126495 0.050310 0.778583
v 0.224283 0.135660 0.774117
v -0.136263 0.096888 0.777598
v -0.139181 0.170799 0.775782
v -0.054769 0.092746 0.777698
v 0.184496 0.252823 0.776141
v 0.315137 0.228356 0.777032
v -0.211827 0.231688 0.776190
v 0.227877 0.246049 0.777204
v -0.637020 0.258336 0.780796
v 0.368065 0.254059 0.776828
v -0.503132 0.245293 0.778625
v -0.682394 0.268499 0.781279
v -0.599327 0.282010 0.782410
v -0.396630 -0.335757 0.779443
v -0.286415 -0.335056 0.781717
v 0.272992 -0.326025 0.788344
v -0.352874 -0.315543 0.781262
v -0.507381 -0.275265 0.779865
v -0.415301 -0.279253 0.780656
v -0.208168 -0.294992 0.779892
v 0.216836 -0.308574 0.785432
v 0.516647 -0.312740 0.784437
v -0.734237 -0.258396 0.780383
v -0.629305 -0.241780 0.779215
v 0.576486 -0.240866 0.783785
v -0.513974 -0.144754 0.778036
v -0.332423 -0.172057 0.781557
v -0.416855 -0.161790 0.779919
v 0.230127 -0.148416 0.781601
v 0.601261 -0.166748 0.781563
v 0.207094 -0.097827 0.778786
v -0.225157 -0.116160 0.778575
v -0.294891 -0.211830 0.782221
v 0.054467 -0.073480 0.779026
v -0.307694 -0.053449 0.778617
v 0.273984 -0.069253 0.780318
v -0.377737 -0.052503 0.778497
v 0.453742 -0.163057 0.785260
v -0.214793 -0.054568 0.777653
v 0.171341 -0.017479 0.779686
v 0.254189 -0.016081 0.779364
v 0.384444 -0.079361 0.781640
v -0.016006 0.031202 0.778427
v -0.222615 0.012955 0.777899
v -0.120114 0.030713 0.778280
v -0.354319 0.014804 0.778689
v -0.571388 0.288775 0.785163
v 0.341308 -0.337869 0.787658
v 0.307913 -0.331717 0.789319
v 0.391009 -0.323989 0.787154
v 0.495346 -0.301928 0.786656
v -0.272468 -0.303901 0.782338
v 0.255904 -0.190418 0.785672
v 0.509810 -0.254966 0.787826
v 0.517213 -0.206143 0.786190
v 0.315137 -0.134957 0.785851
v 0.372510 -0.168448 0.787411
v 0.325953 -0.277044 0.789021
v 0.256367 -0.287498 0.788331
v 0.409963 -0.232193 0.788124
v 0.297717 -0.221523 0.788883
vn -0.0261 -0.0355 -0.9990
vn 0.0164 -0.0378 -0.9992
vn 0.0213 -0.0786 -0.9967
vn 0.0294 -0.0702 -0.9971
vn 0.0646 -0.0239 -0.9976
vn 0.0456 0.0735 -0.9963
vn -0.0341 -0.0228 -0.9992
vn -0.0337 0.0672 -0.9972
vn -0.0154 0.1040 -0.9945
vn 0.0312 0.1611 -0.9864
vn 0.0485 0.0920 -0.9946
vn 0.0338 0.3091 -0.9504
vn 0.0316 0.4705 -0.8819
vn -0.0055 0.3399 -0.9404
vn -0.0212 -0.0310 -0.9993
vn -0.0321 0.0171 -0.9993
vn -0.0133 -0.0291 -0.9995
vn 0.0022 -0.0439 -0.9990
vn 0.0007 -0.0034 -1.0000
vn 0.0127 -0.0208 -0.9997
vn -0.0152 -0.0100 -0.9998
vn -0.0018 -0.0418 -0.9991
vn 0.0298 -0.0467 -0.9985
vn -0.0379 -0.0110 -0.9992
vn -0.0216 -0.0322 -0.9992
vn 0.0488 -0.0450 -0.9978
vn -0.0070 0.0014 -1.0000
vn -0.0001 0.0647 -0.9979
vn -0.0445 -0.0282 -0.9986
vn 0.0355 0.0012 -0.9994
vn -0.0643 0.0210 -0.9977
vn 0.0571 0.4977 -0.8654
vn -0.0021 0.4678 -0.8838
vn 0.0128 0.4314 -0.9021
vn 0.0352 0.4393 -0.8976
vn -0.0990 0.3345 -0.9372
vn 0.0366 0.6643 -0.7465
vn -0.0204 -0.0406 -0.9990
vn -0.0065 -0.0283 -0.9996
vn 0.0245 -0.0205 -0.9995
vn 0.0365 0.0064 -0.9993
vn 0.0389 -0.0193 -0.9991
vn -0.0322 -0.0971 -0.9948
vn 0.0040 -0.0372 -0.9993
vn 0.0283 -0.0110 -0.9995
vn -0.0266 -0.1115 -0.9934
vn -0.0308 -0.1293 -0.9911
vn -0.0575 -0.1968 -0.9787
vn -0.0331 -0.0890 -0.9955
vn -0.0142 0.0550 -0.9984
vn -0.1748 -0.0876 -0.9807
vn -0.0920 0.0456 -0.9947
vn -0.0544 0.0590 -0.9968
vn -0.0503 0.0614 -0.9968
vn 0.0306 -0.0217 -0.9993
vn -0.0668 -0.0082 -0.9977
vn 0.0295 -0.0584 -0.9979
vn 0.0216 -0.0307 -0.9993
vn 0.0211 -0.0327 -0.9992
vn 0.0234 -0.0578 -0.9981
vn 0.0030 -0.0405 -0.9992
vn 0.0192 -0.0820 -0.9964
vn -0.0007 0.0143 -0.9999
vn 0.0196 -0.0429 -0.9989
vn -0.0777 0.0194 -0.9968
vn -0.0872 0.1727 -0.9811
vn 0.0566 0.1404 -0.9885
vn -0.0075 0.0809 -0.9967
vn 0.0620 0.2901 -0.9550
vn 0.0440 -0.0063 -0.9990
vn -0.1552 0.2368 -0.9591
vn -0.0300 0.3727 -0.9275
vn 0.1171 0.3555 -0.9273
vn 0.1365 0.5363 -0.8329
vn 0.3502 0.5572 -0.7529
vn 0.0023 0.3691 -0.9294
vn -0.0290 0.3620 -0.9317
vn -0.0311 0.7435 -0.6680
vn -0.2522 0.5381 -0.8042
vn 0.0493 0.7736 -0.6318
vn -0.1942 0.7101 -0.6768
vn 0.0603 0.8511 -0.5216
vn 0.1379 0.7781 -0.6128
vn 0.0472 0.8791 -0.4743
vn -0.0384 0.8982 -0.4379
vn 0.0603 0.9049 -0.4214
vn -0.1735 -0.0396 -0.9840
vn -0.0953 0.0347 -0.9948
vn -0.0461 -0.1332 -0.9900
vn -0.0206 0.0158 -0.9997
vn 0.0442 -0.1372 -0.9896
vn 0.0574 -0.0339 -0.9978
vn -0.0350 0.0209 -0.9992
vn 0.0437 -0.0214 -0.9988
vn -0.0200 -0.0170 -0.9997
vn 0.0431 -0.0474 -0.9979
vn -0.0631 -0.0594 -0.9962
vn -0.0727 -0.1345 -0.9882
vn -0.0519 -0.1805 -0.9822
vn 0.0324 -0.0080 -0.9994
vn -0.0499 -0.2034 -0.9778
vn -0.2180 -0.1539 -0.9637
vn -0.5285 -0.0833 -0.8448
vn -0.3975 -0.0651 -0.9153
vn -0.3445 0.0022 -0.9388
vn -0.0241 0.0710 -0.9972
vn 0.0340 -0.0385 -0.9987
vn 0.0154 -0.0631 -0.9979
vn -0.0085 -0.0824 -0.9966
vn -0.0648 -0.0177 -0.9977
vn 0.0056 -0.0656 -0.9978
vn 0.0286 -0.0561 -0.9980
vn -0.0080 0.0489 -0.9988
vn 0.0154 -0.0529 -0.9985
vn 0.0113 0.0292 -0.9995
vn 0.0240 -0.0470 -0.9986
vn -0.1029 0.3608 -0.9269
vn -0.0116 0.0266 -0.9996
vn 0.0330 0.4117 -0.9107
vn 0.0445 0.0132 -0.9989
vn -0.1152 0.6180 -0.7777
vn -0.0108 0.5752 -0.8179
vn -0.0884 0.3244 -0.9418
vn -0.1613 0.4948 -0.8539
vn 0.0422 0.1405 -0.9892
vn -0.0768 0.4728 -0.8778
vn 0.1127 0.6687 -0.7349
vn -0.0026 0.2948 -0.9556
vn -0.0190 0.8984 -0.4388
vn -0.0250 0.7597 -0.6498
vn -0.0005 0.7882 -0.6154
vn 0.0428 0.9715 -0.2332
vn -0.0233 0.8544 -0.5191
vn 0.0052 0.9167 -0.3995
vn -0.0874 -0.4369 -0.8953
vn 0.0369 -0.3347 -0.9416
vn -0.2293 -0.2778 -0.9329
vn -0.1617 0.0716 -0.9842
vn 0.0836 -0.1141 -0.9899
vn -0.1114 0.0610 -0.9919
vn 0.0690 -0.0549 -0.9961
vn -0.0986 0.0112 -0.9951
vn 0.0437 -0.0627 -0.9971
vn 0.0327 -0.0388 -0.9987
vn 0.0288 -0.0117 -0.9995
vn -0.1321 -0.2235 -0.9657
vn -0.0460 0.0824 -0.9955
vn -0.3189 -0.0190 -0.9476
vn 0.0131 -0.0265 -0.9996
vn 0.0202 -0.0580 -0.9981
vn -0.0937 0.0226 -0.9953
vn 0.0165 -0.0537 -0.9984
vn 0.0233 -0.0325 -0.9992
vn -0.1452 0.1035 -0.9840
vn 0.0072 -0.0398 -0.9992
vn -0.0201 0.3558 -0.9343
vn 0.0015 -0.0098 -1.0000
vn -0.0995 0.4222 -0.9011
vn 0.0180 0.0460 -0.9988
vn 0.0204 0.3888 -0.9211
vn -0.0006 -0.0281 -0.9996
vn 0.0284 0.0690 -0.9972
vn 0.0122 0.0016 -0.9999
vn 0.0597 0.1161 -0.9914
vn -0.0774 0.6650 -0.7429
vn 0.0435 0.3143 -0.9483
vn -0.2344 0.6581 -0.7155
vn -0.2442 0.6971 -0.6741
vn 0.0108 0.3341 -0.9425
vn 0.0779 0.3482 -0.9342
vn 0.0423 0.4851 -0.8734
vn -0.0146 0.7235 -0.6902
vn 0.0724 0.9397 -0.3344
vn -0.1989 0.9122 -0.3582
vn 0.0682 0.9818 -0.1771
vn -0.0158 0.9562 -0.2923
vn 0.0267 0.9973 -0.0688
vn -0.0634 -0.6642 -0.7449
vn -0.1304 -0.7179 -0.6839
vn -0.2386 -0.0463 -0.9700
vn 0.0569 -0.0600 -0.9966
vn -0.1317 0.0486 -0.9901
vn -0.1117 0.0101 -0.9937
vn 0.0254 -0.0591 -0.9979
vn 0.0254 -0.0577 -0.9980
vn -0.0997 -0.0548 -0.9935
vn 0.0288 -0.0421 -0.9987
vn -0.0863 -0.1388 -0.9866
vn 0.0279 -0.0298 -0.9992
vn 0.0231 -0.0186 -0.9996
vn 0.0255 -0.0454 -0.9986
vn -0.0636 -0.1990 -0.9779
vn 0.0177 -0.0101 -0.9998
vn -0.4124 -0.1657 -0.8958
vn -0.6842 -0.1455 -0.7146
vn 0.0155 -0.0339 -0.9993
vn -0.7182 -0.1301 -0.6836
vn -0.0284 0.0373 -0.9989
vn -0.2580 0.0673 -0.9638
vn 0.0193 -0.0807 -0.9966
vn 0.0194 0.0083 -0.9998
vn 0.0566 -0.0427 -0.9975
vn -0.0036 -0.0450 -0.9990
vn -0.0015 -0.0456 -0.9990
vn -0.0155 -0.0428 -0.9990
vn 0.1477 0.0372 -0.9883
vn -0.2189 0.0843 -0.9721
vn 0.0298 0.1268 -0.9915
vn -0.0320 0.0368 -0.9988
vn 0.1035 0.3542 -0.9294
vn -0.2921 0.2678 -0.9181
vn -0.0764 0.7482 -0.6591
vn -0.0262 0.7413 -0.6707
vn 0.0986 0.3362 -0.9366
vn 0.1525 0.6135 -0.7748
vn -0.0218 0.5017 -0.8647
vn 0.1341 0.7171 -0.6840
vn 0.1568 0.7248 -0.6708
vn -0.2156 0.7821 -0.5847
vn 0.0512 0.7079 -0.7044
vn -0.0049 0.7463 -0.6656
vn 0.0819 0.6840 -0.7248
vn -0.0094 0.9574 -0.2885
vn 0.0178 0.9899 -0.1407
vn -0.0081 0.9778 -0.2094
vn -0.0230 -0.6652 -0.7463
vn 0.0556 -0.5163 -0.8546
vn 0.0706 -0.2691 -0.9605
vn -0.2356 -0.5840 -0.7768
vn 0.0618 -0.1422 -0.9879
vn -0.1618 -0.0193 -0.9866
vn 0.0290 -0.0683 -0.9972
vn 0.0377 -0.0701 -0.9968
vn 0.0327 -0.0608 -0.9976
vn -0.0675 -0.1645 -0.9841
vn 0.0174 -0.0680 -0.9975
vn 0.0112 -0.0454 -0.9989
vn 0.0231 -0.0257 -0.9994
vn 0.0252 -0.0194 -0.9995
vn 0.0321 -0.0192 -0.9993
vn -0.6212 -0.0584 -0.7815
vn 0.0289 -0.0359 -0.9989
vn 0.0185 -0.0514 -0.9985
vn 0.0149 -0.0540 -0.9984
vn 0.0103 -0.0535 -0.9985
vn 0.0018 -0.0567 -0.9984
vn 0.0124 -0.0867 -0.9962
vn -0.0095 -0.0658 -0.9978
vn -0.6286 -0.0976 -0.7716
vn 0.0723 -0.1102 -0.9913
vn 0.0398 -0.1369 -0.9898
vn 0.0435 -0.1144 -0.9925
vn -0.5996 0.0412 -0.7993
vn 0.2310 -0.0649 -0.9708
vn 0.2077 -0.0125 -0.9781
vn 0.0654 0.3658 -0.9284
vn 0.3526 0.3221 -0.8786
vn 0.0829 0.6268 -0.7747
vn 0.0196 0.2947 -0.9554
vn 0.0721 0.8983 -0.4335
vn -0.0348 0.8120 -0.5826
vn -0.2342 0.8734 -0.4269
vn -0.0482 0.9339 -0.3542
vn 0.0344 0.8656 -0.4996
vn 0.0302 0.9035 -0.4275
vn 0.0294 0.8829 -0.4686
vn 0.0771 0.9899 -0.1191
vn -0.1029 -0.8709 -0.4806
vn 0.0448 -0.1641 -0.9854
vn 0.0281 -0.0823 -0.9962
vn 0.0521 -0.1318 -0.9899
vn 0.0360 -0.0695 -0.9969
vn -0.1042 -0.0381 -0.9938
vn 0.0051 -0.0500 -0.9987
vn 0.0345 -0.0470 -0.9983
vn 0.0353 -0.0790 -0.9963
vn -0.0019 -0.0886 -0.9961
vn 0.0383 -0.0236 -0.9990
vn 0.0202 -0.0520 -0.9984
vn 0.0176 -0.0368 -0.9992
vn -0.0001 -0.0686 -0.9976
vn 0.0295 -0.1952 -0.9803
vn 0.1349 -0.1436 -0.9804
vn -0.8630 -0.1428 -0.4846
vn 0.4216 0.0350 -0.9061
vn -0.8505 -0.1033 -0.5158
vn 0.5329 -0.0643 -0.8437
vn 0.6354 -0.1455 -0.7583
vn 0.4873 -0.0525 -0.8716
vn -0.4375 0.1060 -0.8930
vn 0.3658 0.1216 -0.9227
vn -0.1280 0.6274 -0.7681
vn -0.0727 0.6682 -0.7404
vn 0.0762 0.8063 -0.5865
vn 0.0788 0.9305 -0.3577
vn -0.0821 0.7659 -0.6377
vn -0.0177 0.8852 -0.4648
vn 0.1425 0.9158 -0.3755
vn -0.1414 0.9580 -0.2493
vn -0.0291 0.9923 -0.1204
vn -0.0242 0.9297 -0.3676
vn -0.0174 0.9544 -0.2979
vn -0.0064 -0.8114 -0.5845
vn 0.0397 -0.5197 -0.8534
vn 0.0434 -0.4271 -0.9031
vn 0.0570 -0.5347 -0.8431
vn 0.0531 -0.2235 -0.9733
vn -0.3171 -0.3029 -0.8987
vn 0.0533 -0.2319 -0.9713
vn -0.0020 -0.0950 -0.9955
vn -0.1192 -0.0201 -0.9927
vn 0.0304 -0.1180 -0.9926
vn 0.1058 -0.1851 -0.9770
vn 0.0377 -0.1457 -0.9886
vn 0.0257 -0.1938 -0.9807
vn 0.0482 -0.0284 -0.9984
vn -0.0842 -0.0573 -0.9948
vn 0.0539 -0.0491 -0.9973
vn -0.0759 -0.1350 -0.9879
vn 0.0400 -0.0932 -0.9948
vn 0.0184 -0.0562 -0.9982
vn 0.0225 -0.0871 -0.9959
vn 0.0068 -0.0803 -0.9967
vn 0.0764 -0.0883 -0.9932
vn 0.0656 -0.1398 -0.9880
vn 0.5171 -0.0029 -0.8559
vn 0.7706 0.2050 -0.6034
vn 0.7636 0.3657 -0.5321
vn 0.5928 0.6019 -0.5351
vn 0.3160 0.6937 -0.6472
vn 0.0167 0.7233 -0.6904
vn 0.0355 0.7377 -0.6742
vn 0.0283 -0.7750 -0.6313
vn 0.0583 -0.4150 -0.9080
vn 0.0398 -0.3111 -0.9495
vn -0.0195 -0.2151 -0.9764
vn -0.0071 -0.1988 -0.9800
vn 0.0752 -0.1879 -0.9793
vn 0.0061 -0.1861 -0.9825
vn 0.1954 -0.3003 -0.9336
vn 0.1738 -0.2827 -0.9433
vn -0.0410 -0.2145 -0.9759
vn 0.0005 -0.0576 -0.9983
vn 0.1168 -0.0398 -0.9924
vn 0.0469 -0.2053 -0.9776
vn 0.1094 -0.0355 -0.9934
vn 0.0298 -0.1143 -0.9930
vn 0.0918 -0.1012 -0.9906
vn -0.8282 -0.0435 -0.5588
vn 0.0680 -0.1685 -0.9833
vn 0.3380 -0.1956 -0.9206
vn -0.9322 -0.1602 -0.3246
vn 0.7188 0.0253 -0.6948
vn -0.8074 0.0345 -0.5890
vn 0.8886 -0.0115 -0.4585
vn -0.7917 0.0618 -0.6078
vn -0.5359 0.3623 -0.7626
vn -0.0204 0.8166 -0.5768
vn -0.0746 0.8362 -0.5434
vn 0.1032 0.9323 -0.3467
vn 0.1187 0.9306 -0.3463
vn -0.0006 0.9968 -0.0797
vn -0.0059 0.9952 -0.0977
vn 0.0079 0.9862 -0.1653
vn -0.0183 0.9829 -0.1831
vn -0.0245 0.9596 -0.2803
vn -0.0002 -0.9173 -0.3982
vn -0.0569 -0.9290 -0.3656
vn 0.0303 -0.7255 -0.6875
vn -0.1105 -0.8576 -0.5024
vn 0.0474 -0.4203 -0.9061
vn 0.0701 -0.3697 -0.9265
vn 0.0657 -0.2367 -0.9694
vn -0.1545 -0.2064 -0.9662
vn 0.2122 -0.2762 -0.9374
vn -0.0864 -0.1111 -0.9900
vn 0.1560 -0.4195 -0.8942
vn -0.0490 -0.4710 -0.8808
vn -0.0523 -0.3927 -0.9182
vn 0.0380 -0.4335 -0.9004
vn -0.1012 -0.0375 -0.9942
vn -0.0648 -0.0881 -0.9940
vn 0.0774 -0.1227 -0.9894
vn 0.0408 -0.1350 -0.9900
vn -0.1029 -0.1820 -0.9779
vn 0.1161 -0.0935 -0.9888
vn -0.8084 -0.0409 -0.5872
vn 0.6894 -0.0716 -0.7209
vn 0.7449 -0.2018 -0.6359
vn -0.3835 0.7976 -0.4657
vn -0.2156 0.7092 -0.6712
vn 0.0447 0.9740 -0.2220
vn 0.1814 0.9263 -0.3303
vn -0.1467 0.9119 -0.3833
vn -0.0346 0.9988 -0.0355
vn 0.0289 -0.8683 -0.4953
vn 0.1006 -0.7384 -0.6668
vn 0.0822 -0.5934 -0.8007
vn 0.1155 -0.7467 -0.6551
vn -0.0520 -0.4778 -0.8769
vn -0.0408 -0.3096 -0.9500
vn -0.2160 -0.3984 -0.8914
vn 0.3209 -0.5513 -0.7701
vn -0.0285 -0.4294 -0.9026
vn 0.0818 -0.1828 -0.9798
vn 0.0713 -0.1383 -0.9878
vn 0.1472 -0.0099 -0.9891
vn -0.0750 -0.0440 -0.9962
vn 0.0916 -0.0914 -0.9916
vn -0.0681 -0.1127 -0.9913
vn -0.2621 -0.1309 -0.9561
vn 0.0393 -0.1502 -0.9879
vn 0.0550 -0.1526 -0.9868
vn -0.6500 -0.1144 -0.7513
vn 0.1102 -0.1344 -0.9848
vn 0.0271 -0.1186 -0.9926
vn 0.1343 -0.1025 -0.9856
vn -0.9599 -0.0726 -0.2707
vn 0.9644 0.2360 -0.1197
vn 0.8371 0.5137 -0.1880
vn 0.0020 0.8668 -0.4986
vn 0.0129 0.9448 -0.3273
vn -0.0393 0.9422 -0.3327
vn -0.0990 0.9530 -0.2864
vn 0.0289 0.9979 -0.0585
vn -0.0222 0.9988 -0.0443
vn 0.0643 0.9901 -0.1244
vn -0.0058 0.9980 -0.0623
vn -0.0128 0.9935 -0.1131
vn -0.0018 1.0000 -0.0031
vn 0.0432 -0.8750 -0.4822
vn 0.0194 -0.5701 -0.8213
vn -0.1660 -0.5198 -0.8380
vn -0.0010 -0.2374 -0.9714
vn 0.1016 -0.4188 -0.9024
vn -0.1645 -0.6591 -0.7338
vn 0.2726 -0.4865 -0.8301
vn 0.0074 -0.2998 -0.9540
vn 0.0763 -0.2284 -0.9706
vn -0.0953 -0.5197 -0.8490
vn -0.0170 -0.0509 -0.9986
vn -0.0621 -0.0420 -0.9972
vn 0.0538 -0.1292 -0.9902
vn 0.0824 -0.1872 -0.9789
vn 0.0970 -0.0914 -0.9911
vn 0.0255 -0.1376 -0.9902
vn 0.3848 -0.0016 -0.9230
vn 0.4719 -0.1038 -0.8755
vn 0.8404 0.1104 -0.5306
vn 0.4076 0.8985 -0.1630
vn -0.0774 0.8511 -0.5192
vn -0.1081 0.8826 -0.4576
vn -0.0128 0.9996 -0.0250
vn -0.0231 0.9988 -0.0443
vn -0.0226 -0.6293 -0.7768
vn 0.0846 -0.7636 -0.6401
vn -0.0245 -0.5647 -0.8249
vn -0.1829 -0.4488 -0.8747
vn 0.0166 -0.0797 -0.9967
vn 0.0468 -0.7265 -0.6856
vn -0.2858 -0.2691 -0.9197
vn -0.0619 -0.0285 -0.9977
vn 0.3664 -0.7862 -0.4977
vn 0.0631 -0.1735 -0.9828
vn 0.4436 -0.7116 -0.5449
vn 0.3404 -0.7313 -0.5910
vn 0.0901 -0.3459 -0.9339
vn -0.0902 -0.5489 -0.8310
vn 0.0364 -0.5907 -0.8061
vn -0.0989 -0.5640 -0.8198
vn -0.2945 -0.0012 -0.9557
vn -0.2899 0.0037 -0.9571
vn 0.1987 -0.0700 -0.9776
vn 0.1044 -0.1118 -0.9882
vn -0.1793 -0.0582 -0.9821
vn 0.0600 -0.1631 -0.9848
vn -0.3663 -0.0314 -0.9300
vn -0.5944 -0.0370 -0.8033
vn 0.0354 -0.1655 -0.9856
vn 0.1969 -0.1377 -0.9707
vn 0.8352 0.0576 -0.5470
vn -0.9790 -0.0268 -0.2022
vn 0.9292 0.3581 -0.0911
vn -0.8521 0.1296 -0.5071
vn 0.7353 0.6701 -0.1016
vn 0.0140 0.9996 -0.0245
vn 0.0342 0.9989 -0.0328
vn 0.0003 0.9994 -0.0336
vn 0.0152 -0.9383 -0.3455
vn 0.0009 -0.9792 -0.2027
vn 0.1385 -0.5195 -0.8432
vn 0.1743 -0.8321 -0.5266
vn -0.5880 -0.3819 -0.7131
vn 0.1774 -0.3618 -0.9152
vn -0.0533 -0.4537 -0.8895
vn 0.2959 -0.7220 -0.6255
vn 0.1439 -0.5523 -0.8211
vn -0.0790 -0.5948 -0.8000
vn -0.0988 -0.6332 -0.7677
vn 0.2319 -0.1298 -0.9640
vn -0.8782 -0.0390 -0.4768
vn 0.3607 -0.0713 -0.9300
vn 0.6534 -0.0049 -0.7570
vn 0.7983 0.0436 -0.6007
vn -0.9404 -0.0139 -0.3398
vn -0.9305 0.0033 -0.3662
vn 0.7786 -0.1334 -0.6132
vn -0.9296 -0.0789 -0.3601
vn 0.9000 -0.0085 -0.4359
vn 0.8669 -0.0989 -0.4885
vn -0.8153 0.4415 -0.3747
vn -0.0593 0.9902 -0.1263
vn 0.0706 0.9916 -0.1080
vn -0.0058 0.9994 -0.0329
vn -0.1966 -0.8813 -0.4298
vn 0.0282 -0.9245 -0.3802
vn 0.0774 -0.9017 -0.4254
vn -0.0667 -0.9498 -0.3058
vn -0.4282 -0.7070 -0.5628
vn -0.1022 -0.7523 -0.6508
vn 0.4234 -0.9014 -0.0909
vn 0.4817 -0.8105 -0.3333
vn -0.0343 -0.7345 -0.6778
vn 0.1573 -0.5407 -0.8264
vn -0.6737 -0.1226 -0.7287
vn -0.5681 0.0404 -0.8220
vn 0.1564 -0.1797 -0.9712
vn 0.0680 -0.7336 -0.6762
vn 0.1086 -0.1424 -0.9838
vn 0.0999 -0.1600 -0.9820
vn -0.8225 0.0001 -0.5688
vn 0.0358 -0.1966 -0.9798
vn 0.7933 0.1271 -0.5954
vn -0.9655 -0.0988 -0.2407
vn 0.9639 0.0176 -0.2658
vn 0.0090 0.9991 -0.0411
vn -0.0135 0.9992 -0.0383
vn -0.0241 -0.9829 -0.1825
vn -0.0570 -0.9787 -0.1975
vn 0.0076 -0.9812 -0.1927
vn 0.3410 -0.9129 -0.2242
vn -0.1609 -0.4941 -0.8544
vn 0.0252 -0.4309 -0.9020
vn 0.2794 -0.7654 -0.5797
vn -0.1028 -0.6719 -0.7335
vn -0.1697 -0.6764 -0.7167
vn -0.1563 -0.6637 -0.7315
vn 0.0593 -0.1321 -0.9895
vn -0.7581 0.0273 -0.6516
vn 0.0691 -0.1135 -0.9911
vn 0.0617 -0.1164 -0.9913
vn -0.9837 -0.0073 -0.1796
vn 0.8937 -0.0092 -0.4486
vn -0.9667 0.0823 -0.2423
vn -0.0973 0.9570 -0.2733
vn -0.0409 0.9224 -0.3842
vn 0.0016 0.9998 -0.0191
vn -0.0029 0.9995 -0.0307
vn 0.2044 -0.7395 -0.6413
vn 0.0457 -0.9699 -0.2391
vn -0.3860 -0.8861 -0.2566
vn -0.0548 -0.9104 -0.4102
vn 0.0188 -0.8776 -0.4789
vn 0.5220 -0.8236 -0.2219
vn 0.4225 -0.7910 -0.4426
vn -0.7460 -0.0187 -0.6657
vn -0.7221 0.1639 -0.6721
vn -0.1021 -0.7488 -0.6548
vn 0.0980 -0.1685 -0.9808
vn 0.0576 -0.2216 -0.9734
vn 0.0842 -0.0926 -0.9921
vn 0.2003 -0.1364 -0.9702
vn 0.6391 0.0283 -0.7686
vn -0.9690 0.0198 -0.2462
vn 0.1376 0.9899 -0.0334
vn -0.0529 0.9762 -0.2104
vn -0.0285 0.9990 -0.0343
vn 0.0355 -0.9653 -0.2586
vn -0.0979 -0.9279 -0.3596
vn 0.3145 -0.8975 -0.3093
vn 0.0502 -0.8585 -0.5103
vn -0.6427 -0.6707 -0.3702
vn 0.0754 -0.8131 -0.5772
vn 0.3742 -0.8232 -0.4269
vn -0.1210 -0.5751 -0.8091
vn -0.1101 -0.5378 -0.8359
vn 0.0382 -0.1990 -0.9793
vn 0.0529 -0.1957 -0.9792
vn -0.1227 -0.6300 -0.7669
vn 0.1000 -0.1640 -0.9814
vn 0.0489 -0.6880 -0.7240
vn 0.0928 -0.2054 -0.9743
vn 0.0815 -0.1284 -0.9884
vn 0.1480 -0.0493 -0.9878
vn 0.7508 0.0452 -0.6589
vn 0.8904 0.1238 -0.4379
vn -0.9721 -0.0625 -0.2261
vn 0.9631 -0.0704 -0.2598
vn 0.8827 0.4691 -0.0279
vn -0.7521 0.6270 -0.2030
vn 0.0499 0.9899 -0.1325
vn -0.1604 -0.9805 -0.1134
vn 0.0388 -0.9725 -0.2298
vn 0.4938 -0.7088 -0.5037
vn -0.0280 -0.8958 -0.4435
vn -0.0284 -0.4368 -0.8991
vn -0.1028 -0.7181 -0.6883
vn -0.1281 -0.5272 -0.8400
vn 0.1084 -0.1959 -0.9746
vn -0.8451 0.0888 -0.5272
vn 0.0610 -0.2448 -0.9677
vn 0.1259 -0.1532 -0.9802
vn -0.9363 0.1193 -0.3304
vn 0.9444 0.0174 -0.3283
vn 0.9819 0.0593 -0.1802
vn 0.0079 0.9996 -0.0277
vn -0.0023 -0.9984 -0.0562
vn 0.0097 -0.9948 -0.1019
vn 0.0192 -0.9502 -0.3112
vn 0.0304 -0.4692 -0.8826
vn -0.0332 -0.7402 -0.6716
vn -0.7648 -0.4577 -0.4534
vn 0.3725 -0.7774 -0.5068
vn -0.1545 -0.5870 -0.7947
vn 0.1762 -0.7914 -0.5854
vn 0.2709 -0.8150 -0.5123
vn -0.1359 -0.6755 -0.7247
vn -0.0906 -0.6136 -0.7844
vn 0.0522 -0.2359 -0.9704
vn 0.3414 0.0949 -0.9351
vn 0.6004 0.1552 -0.7845
vn 0.5264 0.1743 -0.8322
vn 0.8970 0.1259 -0.4237
vn -0.9912 -0.0692 -0.1124
vn -0.9873 -0.0622 -0.1462
vn -0.9948 0.0430 -0.0925
vn -0.9807 0.1816 -0.0723
vn -0.0233 -0.9923 -0.1219
vn -0.0155 -0.9725 -0.2323
vn 0.0365 -0.9256 -0.3768
vn 0.0650 -0.4593 -0.8859
vn 0.0991 -0.3779 -0.9205
vn 0.2026 -0.1937 -0.9599
vn -0.1608 -0.6567 -0.7368
vn 0.1645 -0.1349 -0.9771
vn 0.1963 -0.2525 -0.9475
vn 0.4442 -0.1316 -0.8862
vn -0.9769 0.1059 -0.1854
vn 0.9365 0.2164 -0.2760
vn 0.9628 0.0914 -0.2542
vn -0.9970 -0.0425 -0.0651
vn 0.4095 0.9102 -0.0624
vn -0.4513 0.8854 -0.1112
vn -0.0391 0.9971 -0.0649
vn -0.1145 0.9870 -0.1130
vn -0.0235 -0.9972 -0.0714
vn -0.0216 -0.9970 -0.0747
vn 0.0426 -0.9823 -0.1823
vn 0.2959 -0.8903 -0.3462
vn 0.0374 -0.7987 -0.6006
vn 0.0887 -0.7441 -0.6622
vn -0.1335 -0.7641 -0.6311
vn 0.1726 -0.5685 -0.8044
vn -0.1384 -0.7259 -0.6737
vn -0.9508 -0.0735 -0.3011
vn 0.0043 -0.6652 -0.7467
vn 0.0364 -0.2181 -0.9753
vn 0.7958 0.4164 -0.4397
vn 0.9591 0.2730 -0.0752
vn -0.8838 0.4653 -0.0490
vn 0.6931 0.7197 -0.0409
vn 0.0045 -0.9743 -0.2252
vn 0.2114 -0.3166 -0.9247
vn 0.1751 -0.7355 -0.6545
vn -0.1157 -0.6844 -0.7199
vn 0.1200 -0.2047 -0.9714
vn 0.0507 -0.3573 -0.9326
vn 0.9907 -0.0303 -0.1323
vn -0.0037 0.9999 -0.0151
vn 0.1178 -0.9858 -0.1193
vn 0.0337 -0.9983 -0.0481
vn -0.0254 -0.9910 -0.1317
vn -0.0735 -0.9118 -0.4041
vn 0.1625 -0.7192 -0.6755
vn -0.1681 -0.7045 -0.6895
vn -0.7415 0.2997 -0.6003
vn -0.8336 0.2914 -0.4693
vn -0.8821 0.2322 -0.4099
vn 0.7862 -0.0848 -0.6121
vn 0.8884 0.1826 -0.4212
vn 0.9417 0.1783 -0.2854
vn -0.9909 0.0390 -0.1289
vn -0.0076 0.9999 -0.0145
vn 0.0205 0.9998 0.0002
vn 0.0008 -0.9938 -0.1113
vn 0.0032 -0.9995 -0.0320
vn 0.0102 -0.9681 -0.2502
vn 0.0628 -0.9355 -0.3476
vn -0.1025 -0.8977 -0.4285
vn 0.2770 -0.8607 -0.4272
vn -0.1863 -0.6994 -0.6901
vn 0.1232 -0.4962 -0.8594
vn 0.2892 -0.4804 -0.8280
vn 0.4129 -0.4983 -0.7624
vn -0.8026 0.1438 -0.5790
vn 0.9578 0.2435 -0.1531
vn 0.9865 0.1089 -0.1227
vn -0.0014 -0.9993 -0.0373
vn -0.0015 -0.9997 -0.0228
vn -0.1194 -0.7953 -0.5943
vn 0.7407 -0.2905 -0.6058
vn 0.8394 0.4542 -0.2985
vn -0.9875 -0.0734 -0.1398
vn 0.9872 -0.0030 -0.1597
vn -0.0131 0.9999 -0.0074
vn 0.0043 1.0000 0.0027
vn 0.0242 -0.9879 -0.1529
vn 0.1102 -0.8784 -0.4650
vn -0.0824 -0.8698 -0.4865
vn 0.1019 -0.7117 -0.6951
vn 0.1123 -0.4628 -0.8794
vn 0.8824 0.2640 -0.3893
vn 0.9417 0.3123 -0.1248
vn -0.9997 -0.0142 -0.0193
vn -0.7555 0.6551 -0.0095
vn 0.0131 0.9997 -0.0203
vn -0.0088 -0.9960 -0.0893
vn 0.7265 -0.5903 -0.3517
vn 0.9782 0.1730 -0.1149
vn -0.0058 0.9999 -0.0103
vn -0.0054 -0.9996 -0.0281
vn 0.0044 -0.9986 -0.0529
vn -0.0375 -0.9819 -0.1857
vn 0.3285 -0.7783 -0.5351
vn 0.1159 -0.8235 -0.5553
vn -0.1245 -0.8429 -0.5235
vn -0.6190 -0.7128 -0.3298
vn 0.5626 -0.7439 -0.3607
vn -0.8830 -0.4053 -0.2367
vn 0.9784 -0.1337 -0.1574
vn 0.9943 -0.0431 -0.0980
vn -0.3487 0.9365 -0.0371
vn 0.0595 0.9982 -0.0078
vn 0.0024 -0.9995 -0.0307
vn 0.0024 -0.9997 -0.0254
vn 0.0057 -0.9998 -0.0173
vn 0.0191 -0.9954 -0.0935
vn -0.0118 -0.9965 -0.0824
vn 0.0381 -0.9868 -0.1573
vn -0.4191 -0.8876 -0.1912
vn 0.0698 -0.9291 -0.3632
vn -0.0038 -0.8005 -0.5993
vn 0.8378 -0.5425 -0.0610
vn -0.9125 0.2565 -0.3186
vn -0.9968 -0.0286 -0.0750
vn -0.0354 0.9993 -0.0093
vn 0.0021 0.9999 -0.0152
vn -0.0440 -0.7837 -0.6196
vn -0.0896 -0.7740 -0.6268
vn 0.5711 -0.8135 -0.1097
vn 0.6204 -0.7804 -0.0780
vn 0.9992 0.0188 0.0366
vn -0.8946 0.3357 -0.2951
vn -0.9374 0.2288 -0.2627
vn 0.9895 0.1078 -0.0962
vn 0.8695 0.4779 -0.1246
vn -0.0012 1.0000 0.0042
vn 0.0117 -0.9978 -0.0656
vn 0.1648 -0.9116 -0.3767
vn -0.9997 -0.0120 -0.0205
vn -0.0021 0.9998 -0.0178
vn -0.0022 -0.9999 -0.0116
vn -0.0568 -0.9500 -0.3071
vn 0.0218 -0.9948 -0.1000
vn -0.1781 -0.9799 -0.0903
vn 0.3009 -0.9447 -0.1306
vn 0.9193 0.3326 -0.2103
vn -0.9933 -0.0610 -0.0978
vn -0.1101 0.9939 -0.0084
vn -0.0069 -0.9996 -0.0269
vn 0.1285 -0.9634 -0.2351
vn 0.9428 0.3334 -0.0033
vn 0.9558 0.2911 -0.0405
vn 0.9655 0.2510 -0.0696
vn 0.9815 0.1703 -0.0871
vn -0.9991 0.0419 -0.0010
vn -0.0091 0.9999 -0.0081
vn 0.0084 0.9999 -0.0141
vn 0.1238 -0.9857 -0.1142
vn -0.0026 -0.9437 -0.3308
vn 0.8640 0.4713 -0.1774
vn 0.9355 0.3456 -0.0735
vn 0.6401 0.7639 -0.0813
vn 0.0046 1.0000 -0.0065
vn -0.0088 -0.9983 -0.0577
vn 0.0014 -0.9997 -0.0228
vn -0.0401 -0.9735 -0.2251
vn 0.0680 -0.9283 -0.3656
vn -0.7038 -0.6919 -0.1608
vn 0.6070 -0.7946 -0.0107
vn 0.9871 -0.1498 0.0572
vn -0.9963 -0.0622 -0.0593
vn 0.9987 0.0122 -0.0497
vn 0.0375 0.9993 -0.0019
vn -0.0232 -0.9997 -0.0103
vn 0.4801 -0.8772 -0.0054
vn 0.3379 0.9406 -0.0326
vn -0.0037 0.9999 -0.0132
vn 0.0084 -0.9996 -0.0284
vn 0.8075 -0.5894 0.0233
vn -0.9932 -0.1041 0.0528
vn 0.9037 0.3856 -0.1862
vn 0.9685 0.2084 -0.1365
vn 0.0071 0.9999 -0.0142
vn -0.0035 0.9999 -0.0147
vn 0.0012 -0.9999 -0.0141
vn 0.0002 -0.9998 -0.0179
vn 0.6363 -0.7714 -0.0114
vn -0.9437 -0.3299 0.0242
vn -0.9733 0.2292 -0.0138
vn 0.0011 1.0000 0.0066
vn 0.0145 -0.9954 -0.0950
vn 0.0042 -0.9998 -0.0175
vn 0.9943 0.0707 0.0801
vn 0.9492 0.3092 -0.0584
vn -0.9702 0.1756 -0.1670
vn 0.7973 0.5699 -0.1986
vn -0.8019 0.5922 -0.0789
vn 0.0008 -1.0000 -0.0070
vn -0.9401 0.2592 -0.2212
vn -0.9699 0.2415 -0.0316
vn -0.0055 1.0000 -0.0082
vn 0.0118 0.9999 -0.0029
vn -0.1241 -0.9918 -0.0288
vn -0.0014 -1.0000 -0.0068
vn -0.9975 -0.0582 -0.0411
vn 0.9928 0.1070 -0.0533
vn -0.0048 1.0000 -0.0079
vn -0.9417 0.2701 -0.2007
vn -0.9997 -0.0104 -0.0228
vn 0.0392 0.9948 -0.0937
vn 0.0003 -1.0000 -0.0045
vn -0.0039 -0.9993 -0.0372
vn -0.3241 -0.9429 -0.0772
vn 0.8991 -0.4325 0.0678
vn 0.9916 -0.0864 0.0962
vn 0.9846 0.1666 0.0524
vn -0.9961 -0.0354 -0.0811
vn -0.0733 0.9957 -0.0560
vn -0.0115 0.9999 0.0075
vn -0.0055 0.9999 -0.0116
vn -0.7201 -0.6868 -0.0995
vn 0.6585 -0.7524 0.0133
vn -0.9974 -0.0452 0.0561
vn -0.9863 0.1638 -0.0197
vn 0.9967 -0.0265 -0.0772
vn 0.0007 1.0000 -0.0054
vn -0.0016 -1.0000 -0.0026
vn 0.0021 -1.0000 -0.0073
vn 0.0137 -0.9999 -0.0097
vn 0.3710 -0.9286 -0.0006
vn 0.9933 0.0617 -0.0981
vn 0.0040 0.9999 -0.0099
vn -0.0000 -0.9998 -0.0186
vn -0.0028 -0.9999 -0.0151
vn 0.5993 -0.8005 -0.0019
vn 0.9997 -0.0078 -0.0215
vn -0.0028 -1.0000 -0.0040
vn -0.9685 -0.2490 0.0058
vn 0.9570 0.2315 -0.1745
vn 0.5361 0.8348 -0.1256
vn -0.0079 0.9996 -0.0276
vn -0.0055 0.9999 -0.0098
vn 0.0287 0.9996 -0.0066
vn -0.8197 -0.5714 -0.0387
vn 0.2628 0.9456 -0.1920
vn 0.0001 -1.0000 -0.0056
vn 0.9469 0.3215 0.0076
vn -1.0000 0.0027 -0.0068
vn -0.9961 0.0870 -0.0180
vn 0.6111 -0.7915 0.0017
vn -0.9787 0.1749 -0.1072
vn -0.9600 0.2457 -0.1346
vn -0.9944 0.0575 -0.0881
vn -0.5928 0.7968 -0.1167
vn -0.0322 0.9995 0.0029
vn -0.0022 1.0000 -0.0086
vn -0.5061 -0.8617 -0.0357
vn 0.8283 -0.5576 0.0550
vn 0.9820 0.1570 -0.1047
vn 0.7707 0.5585 -0.3067
vn -0.9422 0.3295 -0.0602
vn 0.0155 0.9995 -0.0270
vn 0.0043 0.9999 -0.0094
vn -0.0005 -1.0000 -0.0049
vn -0.0004 -1.0000 -0.0045
vn 0.1373 -0.9904 -0.0149
vn 0.9952 0.0587 0.0782
vn -0.0254 -0.9997 -0.0012
vn 0.6282 -0.7772 -0.0357
vn -0.0013 -1.0000 -0.0015
vn -0.0004 -1.0000 -0.0027
vn -0.0021 -1.0000 -0.0014
vn 0.0571 -0.9984 -0.0022
vn 0.5822 -0.8128 -0.0195
vn -0.0396 0.9922 -0.1183
vn -0.0003 -1.0000 -0.0040
vn -0.1220 -0.9925 -0.0049
vn 0.3450 -0.9385 -0.0165
vn -0.9657 0.2369 -0.1063
vn 0.9802 0.1957 -0.0303
vn -0.0021 0.9999 -0.0138
vn -0.0007 -1.0000 -0.0031
vn -0.2900 -0.9570 -0.0018
vn 0.0023 0.9999 -0.0115
vn -0.0015 0.9999 -0.0110
vn 0.9980 0.0472 -0.0429
vn 0.6500 0.7156 -0.2559
vn -0.0417 0.9955 -0.0850
vn -0.9994 -0.0011 -0.0338
vn 0.9804 0.1630 -0.1106
vn 0.0067 1.0000 -0.0031
vn -0.0052 -1.0000 -0.0013
vn -0.9967 -0.0794 0.0181
vn 0.9956 0.0826 -0.0444
vn -0.9998 0.0023 -0.0187
vn 0.4264 0.8644 -0.2666
vn -0.2959 0.9543 -0.0415
vn -0.0026 1.0000 -0.0086
vn -0.0001 -1.0000 -0.0015
vn -0.9990 0.0424 0.0120
vn -0.9799 0.1653 -0.1117
vn 0.9904 0.1360 -0.0257
vn 0.9998 0.0220 0.0014
vn 0.8864 0.4414 -0.1398
vn 0.0212 0.9998 0.0023
vn -0.0012 -1.0000 -0.0014
vn -0.0000 -1.0000 -0.0035
vn -0.5950 -0.8036 0.0145
vn -0.8854 -0.4642 0.0259
vn 0.9789 0.2020 0.0297
vn -0.0087 0.9999 -0.0063
vn -0.0101 0.9999 -0.0121
vn -0.0010 -1.0000 -0.0033
vn 0.9888 -0.1432 0.0421
vn -0.8438 0.5345 -0.0474
vn 0.0199 0.9998 -0.0071
vn -0.0004 -1.0000 -0.0030
vn 0.8707 -0.4916 -0.0133
vn -0.9998 0.0154 -0.0159
vn -0.0113 0.9999 -0.0050
vn 0.0096 0.9999 -0.0100
vn -0.9620 0.2725 0.0138
vn 0.1091 0.9793 -0.1707
vn -0.4771 -0.8785 0.0222
vn 0.7156 -0.6950 -0.0704
vn 0.9885 0.1126 0.1012
vn 0.2028 -0.9792 0.0026
vn 0.5513 -0.8332 -0.0437
vn 0.9843 0.1496 0.0933
vn 0.9997 0.0124 0.0218
vn 0.9821 0.1765 -0.0662
vn -0.0062 0.9998 -0.0171
vn 0.0112 -0.9999 -0.0043
vn -0.0002 -1.0000 -0.0009
vn -0.9696 -0.2424 0.0331
vn -0.9879 0.1544 0.0133
vn -0.0179 0.9998 0.0076
vn -0.0802 -0.9968 0.0025
vn 0.6081 -0.7901 -0.0771
vn 0.9688 -0.2469 0.0199
vn 0.9979 0.0644 -0.0017
vn -0.6754 0.7363 0.0404
vn -0.0273 0.9950 -0.0958
vn -0.9999 0.0022 -0.0156
vn 0.9510 0.3054 -0.0489
vn 0.5532 0.8303 -0.0677
vn -0.9725 0.2276 -0.0492
vn -0.9806 0.1902 -0.0475
vn 0.0188 0.9998 -0.0084
vn -0.0014 1.0000 -0.0036
vn 0.8210 0.5709 0.0114
vn -0.0013 -1.0000 -0.0002
vn -0.0009 -1.0000 0.0003
vn -0.9022 -0.4308 0.0230
vn 0.9929 0.1162 0.0263
vn -0.9990 0.0314 -0.0323
vn 0.9985 0.0525 0.0169
vn 0.9950 0.0987 -0.0131
vn -0.2197 -0.9755 0.0085
vn -0.9822 0.1844 0.0362
vn -0.0112 0.9999 -0.0056
vn 0.0011 1.0000 -0.0075
vn -0.0007 -1.0000 -0.0007
vn -0.9932 -0.1062 0.0469
vn 0.9992 0.0278 0.0297
vn 0.8127 -0.5824 0.0187
vn 0.9945 -0.0455 0.0948
vn 0.9891 0.1349 0.0591
vn -0.9919 0.1129 -0.0587
vn 0.0001 1.0000 -0.0037
vn -0.0012 -1.0000 -0.0015
vn -0.0012 -1.0000 -0.0011
vn -0.9971 0.0252 0.0716
vn 0.9881 0.1234 0.0916
vn -0.2020 0.9780 0.0521
vn 0.1092 0.9924 -0.0559
vn 0.3237 0.9453 -0.0401
vn 0.0003 -1.0000 -0.0017
vn -0.0049 1.0000 -0.0012
vn -0.0184 0.9998 -0.0048
vn -0.0006 -1.0000 -0.0036
vn -0.0003 -1.0000 0.0001
vn -0.0362 0.9992 -0.0144
vn 0.0084 0.9998 -0.0177
vn -0.0910 0.9955 -0.0260
vn -0.0157 -0.9999 0.0005
vn -0.7652 -0.6435 0.0192
vn 0.9901 0.0937 0.1042
vn -0.9901 0.1089 0.0885
vn 0.4187 -0.9079 -0.0175
vn 0.6202 -0.7842 0.0199
vn -0.6212 0.7806 0.0694
vn -0.0021 1.0000 -0.0070
vn -0.0290 0.9991 -0.0323
vn 0.9996 0.0142 0.0225
vn 0.9568 0.2905 -0.0155
vn -0.9243 0.3815 -0.0079
vn -0.0040 -1.0000 0.0007
vn -0.9949 0.0990 -0.0181
vn 0.7367 0.6761 -0.0134
vn 0.5477 -0.8365 -0.0192
vn -0.9879 0.1464 0.0515
vn 0.9953 0.0939 0.0252
vn 0.0490 -0.9988 -0.0070
vn -0.0007 -1.0000 0.0001
vn 0.9498 -0.3038 0.0751
vn -0.9912 0.1324 0.0058
vn 0.9920 0.1258 -0.0061
vn -0.1665 0.9860 0.0027
vn 0.6873 -0.7257 -0.0315
vn -0.9936 -0.1088 0.0311
vn 0.0057 1.0000 0.0022
vn 0.9877 0.1383 0.0724
vn -1.0000 0.0068 -0.0072
vn 0.0057 0.9998 -0.0185
vn 0.0169 0.9999 0.0014
vn -0.9970 0.0142 0.0763
vn -0.0166 0.9997 -0.0160
vn -0.0119 0.9996 -0.0238
vn -0.0015 0.9997 -0.0231
vn -0.0725 0.9969 0.0302
vn 0.3803 0.9247 0.0137
vn -0.2688 -0.9632 0.0094
vn -0.9965 0.0803 -0.0217
vn -0.0228 0.9995 -0.0237
vn -0.0198 0.9997 -0.0130
vn 0.2170 -0.9762 -0.0039
vn 0.6005 -0.7992 -0.0266
vn 0.7596 -0.6503 -0.0107
vn -0.0150 0.9996 -0.0250
vn -0.0000 -1.0000 0.0006
vn 0.0177 0.9996 -0.0202
vn 0.0032 1.0000 -0.0017
vn 0.1210 0.9923 0.0257
vn -0.0010 -1.0000 -0.0007
vn 0.0002 -1.0000 -0.0007
vn -0.0527 -0.9986 -0.0019
vn 0.9908 0.0236 0.1333
vn 0.9908 0.1027 0.0881
vn -0.9999 0.0089 -0.0120
vn -0.3471 0.9378 0.0069
vn 0.0054 0.9999 -0.0110
vn -0.9373 -0.3481 0.0171
vn 0.9904 0.0687 0.1200
vn 0.9983 0.0145 0.0556
vn -0.9251 0.3793 0.0170
vn 0.0017 0.9999 0.0123
vn 0.0030 -1.0000 -0.0022
vn 0.9979 0.0607 0.0228
vn 0.9991 0.0403 -0.0109
vn -0.0348 0.9977 0.0587
vn -0.0003 -1.0000 -0.0003
vn 0.9557 -0.2670 0.1235
vn -0.9950 0.0731 0.0677
vn -0.9944 0.0954 0.0446
vn 0.9990 0.0453 0.0028
vn -0.9992 0.0366 -0.0147
vn -0.9978 0.0607 0.0251
vn -0.0019 -1.0000 0.0006
vn -0.0005 -1.0000 -0.0005
vn -0.0478 0.9984 -0.0294
vn -0.0003 -1.0000 -0.0002
vn -0.0033 -1.0000 0.0010
vn 0.4923 -0.8704 0.0004
vn 0.8337 0.5513 0.0307
vn -0.0147 0.9993 -0.0352
vn -0.1137 -0.9935 -0.0019
vn 0.9996 0.0169 0.0231
vn -0.9918 0.1072 0.0695
vn -0.6981 0.7157 0.0223
vn 0.2422 0.9645 0.1050
vn -0.0007 -1.0000 0.0004
vn -0.9987 0.0220 0.0467
vn 0.5327 0.8374 0.1227
vn -0.0002 -1.0000 -0.0003
vn -0.5418 -0.8404 0.0123
vn -0.9968 0.0788 0.0107
vn -0.0006 -1.0000 -0.0004
vn -0.9841 -0.1759 0.0226
vn 0.7388 -0.6719 0.0524
vn -0.9996 0.0233 0.0159
vn 0.0133 0.9996 -0.0254
vn -0.0055 0.9998 -0.0196
vn -0.0087 0.9997 -0.0225
vn 0.0039 1.0000 0.0039
vn 0.9994 0.0185 0.0278
vn -0.0207 0.9994 0.0267
vn -0.8297 -0.5566 0.0421
vn -0.9987 -0.0287 0.0413
vn -0.9367 0.3483 0.0362
vn 0.2138 -0.9768 -0.0141
vn 0.0056 0.9952 0.0981
vn -0.0006 -1.0000 -0.0002
vn 0.9837 -0.0104 0.1796
vn 0.8646 0.5015 0.0299
vn 0.6231 0.7769 0.0897
vn -0.2614 0.9616 -0.0835
vn 0.0177 0.9998 0.0124
vn 0.0123 0.9995 -0.0289
vn -0.0132 0.9984 -0.0552
vn 0.0108 0.9999 0.0089
vn -0.0135 0.9997 -0.0208
vn -0.0394 0.9957 -0.0834
vn 0.0051 0.9996 -0.0274
vn -0.0719 0.9948 0.0719
vn -0.0015 -1.0000 -0.0000
vn 0.9941 0.0466 0.0983
vn 0.9974 0.0640 0.0316
vn -0.6106 0.7911 -0.0368
vn -0.0225 0.9994 -0.0276
vn 0.0092 0.9999 -0.0050
vn -0.0382 -0.9993 -0.0024
vn 0.6971 -0.7159 0.0395
vn 0.8998 -0.4078 0.1549
vn 0.9997 0.0250 0.0069
vn 0.9793 0.2015 0.0175
vn 0.0182 0.9998 -0.0124
vn -0.0013 -1.0000 -0.0006
vn -0.0050 0.9994 -0.0356
vn -0.0049 0.9997 -0.0256
vn -0.9991 0.0425 0.0057
vn -0.9991 0.0379 0.0175
vn 0.9992 0.0368 0.0123
vn -0.9978 0.0434 0.0509
vn -0.0122 0.9997 -0.0224
vn 0.9862 -0.0386 0.1608
vn -0.8394 0.5434 0.0103
vn 0.2742 0.9594 0.0660
vn 0.4848 0.8723 0.0634
vn -0.0179 -0.9998 -0.0010
vn 0.5390 -0.8421 -0.0183
vn -0.9098 -0.4146 0.0205
vn -0.9988 0.0147 0.0463
vn -0.9965 0.0709 0.0433
vn -0.9961 0.0824 0.0313
vn -0.0043 0.9994 -0.0356
vn 0.0379 -0.9992 -0.0135
vn 0.9995 0.0304 0.0051
vn -0.9988 0.0425 0.0249
vn 0.0142 0.9994 -0.0300
vn 0.0080 0.9999 0.0131
vn 0.1305 -0.9914 -0.0097
vn -0.2980 -0.9545 -0.0072
vn 0.8825 -0.4272 0.1966
vn 0.9990 0.0455 0.0018
vn -0.0006 -1.0000 0.0004
vn -0.5196 -0.8544 -0.0029
vn 0.9492 0.3141 0.0199
vn -0.9602 0.2725 0.0610
vn 0.7338 0.6779 0.0445
vn -0.9919 0.1127 0.0580
vn -0.0125 0.9992 -0.0388
vn 0.9982 0.0441 0.0415
vn 0.9991 0.0435 -0.0007
vn 0.0726 0.9955 0.0613
vn -0.0000 -1.0000 -0.0001
vn -0.0005 -1.0000 -0.0010
vn -0.7399 -0.6724 0.0202
vn -0.9985 0.0511 0.0208
vn -0.0027 -1.0000 -0.0003
vn -0.9616 0.2738 0.0162
vn -0.0026 -1.0000 0.0007
vn 0.2990 -0.9542 -0.0086
vn -0.9896 -0.1360 0.0474
vn 0.9987 0.0503 0.0011
vn 0.9999 0.0135 0.0002
vn -0.0040 -1.0000 -0.0007
vn 0.7004 -0.7131 0.0306
vn 0.9935 -0.0263 0.1111
vn -0.7386 -0.6740 0.0145
vn 0.9109 -0.3761 0.1698
vn 0.0164 0.9998 0.0070
vn 0.0223 0.9992 -0.0344
vn -0.0007 -1.0000 -0.0002
vn 0.0001 -1.0000 -0.0010
vn 0.9979 0.0648 -0.0005
vn -0.0256 0.9986 -0.0466
vn 0.0093 0.9999 0.0097
vn -0.8372 0.5460 -0.0304
vn 0.0812 0.9963 0.0278
vn -0.0003 -1.0000 -0.0023
vn -0.1319 -0.9913 -0.0038
vn -0.9986 0.0509 0.0136
vn -0.2753 0.9552 -0.1084
vn 0.0288 0.9995 -0.0136
vn -0.0008 -1.0000 0.0006
vn -0.9979 0.0524 0.0390
vn 0.9982 -0.0110 0.0590
vn 0.7034 0.7101 0.0315
vn 0.0001 1.0000 0.0092
vn 0.0093 0.9999 0.0073
vn -0.0015 0.9996 -0.0296
vn -0.0000 -1.0000 -0.0004
vn -0.9090 -0.4149 0.0393
vn -0.9991 0.0434 -0.0023
vn 0.8775 0.4777 0.0418
vn 0.8222 -0.5646 0.0720
vn 0.9754 -0.1409 0.1698
vn -0.9976 0.0595 0.0358
vn -0.9972 0.0717 0.0228
vn -0.9860 0.1656 -0.0209
vn -0.0142 0.9999 -0.0016
vn 0.0064 0.9994 -0.0341
vn 0.0126 0.9999 0.0044
vn -0.6926 0.7177 -0.0713
vn 0.0055 1.0000 0.0083
vn 0.0156 0.9998 0.0093
vn 0.3685 -0.9296 -0.0001
vn 0.5799 -0.8144 0.0209
vn 0.4630 0.8857 0.0337
vn 0.0038 0.9998 -0.0192
vn 0.9260 -0.3259 0.1904
vn -0.0180 0.9996 -0.0230
vn 0.0046 0.9996 -0.0293
vn 0.9992 0.0194 0.0355
vn -0.0032 -1.0000 -0.0001
vn -0.0006 -1.0000 0.0002
vn -0.0016 -1.0000 -0.0001
vn 0.0177 -0.9998 -0.0032
vn 0.9767 0.2139 0.0158
vn -0.1771 0.9841 -0.0124
vn -0.0000 -1.0000 -0.0003
vn -0.4408 -0.8976 -0.0054
vn 0.9863 -0.0979 0.1326
vn 0.9920 -0.0714 0.1037
vn 0.9990 0.0434 0.0037
vn 0.0085 1.0000 0.0052
vn -0.0166 0.9998 -0.0102
vn 0.1304 -0.9915 -0.0051
vn 0.2833 0.9575 0.0548
vn -0.0150 0.9993 -0.0354
vn -0.0177 0.9991 -0.0375
vn 0.0001 -1.0000 0.0003
vn -0.0003 -1.0000 -0.0001
vn -0.0216 -0.9998 -0.0026
vn 0.9992 0.0252 0.0299
vn 0.8676 0.4971 0.0093
vn 0.0131 0.9998 -0.0160
vn 0.9648 -0.2536 0.0689
vn 0.9991 0.0422 -0.0083
vn -0.9096 0.4141 -0.0331
vn 0.0004 -1.0000 -0.0020
vn -0.0006 -1.0000 0.0006
vn 0.7692 -0.6382 0.0325
vn -0.9991 0.0421 0.0112
vn -0.5320 0.8467 -0.0010
vn 0.0728 0.9968 0.0318
vn 0.9987 0.0470 0.0187
vn 1.0000 0.0088 0.0017
vn 0.0110 0.9999 -0.0054
vn 0.0267 0.9992 0.0286
vn -0.0042 -1.0000 0.0010
vn -0.9952 0.0967 -0.0160
vn -0.9978 0.0613 0.0245
vn 0.0367 0.9993 0.0028
vn -0.0851 -0.9964 -0.0018
vn -0.9994 0.0331 0.0113
vn -0.9992 0.0391 0.0100
vn 0.5956 0.8020 0.0464
vn -0.0154 0.9980 0.0608
vn -0.0244 0.9996 -0.0164
vn -0.0046 0.9999 -0.0120
vn 0.0005 -1.0000 -0.0011
vn 0.6931 -0.7208 0.0015
vn 0.9911 -0.1172 0.0638
vn 0.9969 -0.0569 0.0544
vn 0.9973 -0.0096 0.0735
vn -0.9982 0.0586 0.0138
vn 0.0087 0.9999 0.0063
vn -0.2980 0.9520 0.0703
vn 0.0067 0.9996 -0.0264
vn -0.9991 0.0052 0.0424
vn -0.7279 0.6840 0.0482
vn 0.0171 0.9999 0.0025
vn 0.9887 -0.1297 0.0750
vn 0.8598 0.5090 0.0411
vn 0.0075 0.9979 0.0640
vn 0.9074 -0.4192 0.0297
vn -0.0039 -1.0000 -0.0004
vn -0.7306 -0.6823 0.0264
vn -0.9999 0.0155 0.0014
vn 0.9781 0.2080 -0.0026
vn -0.0216 0.9998 -0.0036
vn 0.0011 -1.0000 -0.0005
vn -0.0007 -1.0000 -0.0021
vn 0.9990 0.0331 0.0306
vn 0.9990 0.0392 0.0212
vn -0.9994 0.0345 -0.0023
vn 0.1506 0.9878 0.0392
vn 0.0066 0.9999 0.0114
vn -0.0835 0.9944 0.0654
vn -0.0100 0.9999 -0.0139
vn -0.9919 -0.1209 0.0393
vn -0.9357 0.3522 0.0213
vn 0.0217 0.9997 0.0103
vn 0.0287 0.9996 -0.0051
vn -0.2518 -0.9678 0.0045
vn -0.9451 -0.3259 0.0256
vn 0.9990 0.0046 0.0448
vn 0.0016 0.9997 -0.0236
vn -0.9982 0.0603 0.0016
vn 0.5758 0.8118 0.0975
vn -0.5513 -0.8340 0.0242
vn 0.8046 0.5732 0.1551
vn 0.0308 0.9995 0.0006
vn 0.3918 -0.9201 -0.0014
vn 0.0534 0.9982 0.0285
vn -0.0004 -1.0000 0.0009
vn 0.9759 -0.2131 0.0472
vn 0.9991 -0.0153 0.0401
vn 0.9990 0.0386 -0.0231
vn -0.5041 0.8635 -0.0134
vn -0.0023 -1.0000 0.0002
vn -0.0015 -1.0000 -0.0002
vn -0.0022 -1.0000 -0.0039
vn -0.8429 -0.5378 0.0161
vn -0.9987 0.0463 0.0212
vn 0.4912 0.8692 0.0559
vn 0.0066 0.9999 -0.0111
vn -0.0214 0.9995 -0.0244
vn -0.9988 0.0488 -0.0099
vn 0.0001 -1.0000 0.0017
vn -0.0006 -1.0000 0.0008
vn 0.9999 -0.0021 0.0138
vn 0.0096 -1.0000 0.0003
vn 0.1576 -0.9874 0.0138
vn 0.9988 0.0416 0.0258
vn -0.9994 0.0323 0.0114
vn 0.7508 -0.6599 0.0287
vn -0.9931 -0.1168 0.0136
vn 0.9920 -0.1236 0.0273
vn -0.9996 -0.0172 0.0223
vn 0.8541 0.5168 0.0595
vn 0.0018 0.9999 -0.0147
vn -0.1760 -0.9844 0.0030
vn 0.0018 0.9999 -0.0109
vn 0.9601 -0.2651 0.0896
vn 0.9983 -0.0568 0.0111
vn -0.9988 0.0425 -0.0255
vn -1.0000 -0.0034 -0.0091
vn -0.3823 -0.9240 0.0098
vn -0.9988 0.0490 0.0016
vn 0.9998 0.0025 0.0173
vn -0.9877 0.1517 -0.0371
vn 0.6855 0.7073 0.1727
vn 0.0214 0.9996 -0.0172
vn 0.0001 -1.0000 0.0010
vn -0.0002 -1.0000 0.0010
vn -0.0576 -0.9983 -0.0011
vn -0.6731 -0.7395 0.0124
vn 0.9860 -0.1429 0.0862
vn -0.9999 0.0054 0.0162
vn -0.8553 0.5179 -0.0150
vn -0.0076 -1.0000 -0.0029
vn -0.2653 0.9628 -0.0519
vn 0.9994 0.0304 0.0164
vn -0.0002 1.0000 0.0006
vn -0.0224 0.9994 -0.0268
vn -0.0027 0.9999 -0.0168
vn 0.0304 0.9994 -0.0173
vn 0.5671 -0.8206 -0.0706
vn -0.8953 0.2466 -0.3710
vn 0.9291 0.3639 -0.0660
vn 0.0926 0.9956 -0.0112
vn 0.3657 0.9298 -0.0405
vn -0.0270 0.9990 -0.0351
vn 0.0461 0.9989 -0.0095
vn 0.9854 -0.1690 0.0213
vn 0.9999 -0.0110 0.0017
vn -0.0063 0.9999 -0.0143
vn -0.9879 0.1514 -0.0337
vn 0.0211 0.9995 -0.0252
vn -0.0185 0.9991 -0.0387
vn -0.0044 -1.0000 0.0015
vn -0.9465 -0.3226 0.0112
vn -0.9880 -0.0574 -0.1431
vn 0.0064 1.0000 0.0063
vn -0.0211 0.9994 -0.0287
vn 0.0008 -1.0000 -0.0013
vn 0.9986 -0.0529 -0.0098
vn -0.9095 -0.0952 -0.4046
vn 0.7533 0.6348 -0.1717
vn 0.0132 0.9994 -0.0315
vn 0.9919 -0.1261 -0.0181
vn -0.7052 0.2136 -0.6761
vn -0.9983 0.0121 -0.0569
vn 0.7581 0.6261 -0.1824
vn -0.0203 0.9997 -0.0163
vn 0.0165 0.9997 -0.0205
vn -0.0049 -1.0000 0.0006
vn -0.9986 0.0336 -0.0400
vn -0.7587 -0.6105 -0.2271
vn -0.9008 -0.2558 -0.3510
vn 0.1207 0.9916 -0.0460
vn -0.8043 0.5911 -0.0603
vn 0.0202 0.9964 -0.0829
vn -0.8106 -0.5689 0.1387
vn -0.6908 0.6569 -0.3022
vn -0.7284 0.6316 -0.2655
vn 0.4787 0.8687 -0.1270
vn -0.8459 -0.5329 0.0212
vn 0.9280 -0.3715 -0.0264
vn 0.9850 -0.1632 -0.0561
vn -0.9991 -0.0360 -0.0243
vn 0.0005 0.9837 -0.1796
vn -0.0088 0.9996 -0.0268
vn 0.0177 0.9998 -0.0079
vn 0.0019 0.9999 -0.0127
vn 0.0013 -1.0000 -0.0002
vn 0.0011 -1.0000 0.0013
vn 0.9994 0.0284 0.0215
vn 0.9998 0.0057 0.0199
vn 0.6735 0.7297 -0.1178
vn -0.9323 0.3583 0.0487
vn 0.9644 0.2549 0.0707
vn 0.7379 0.6365 -0.2246
vn -0.4236 0.8973 -0.1240
vn -0.0037 0.9991 -0.0432
vn -0.9991 0.0318 -0.0294
vn 0.9999 0.0017 0.0133
vn -0.9985 0.0370 -0.0395
vn -0.8559 0.4932 -0.1553
vn -0.9262 0.3637 -0.0997
vn 0.0423 0.9988 -0.0265
vn 0.0015 -1.0000 0.0006
vn -0.9007 -0.4213 0.1062
vn -0.7039 0.6759 -0.2184
vn 0.9901 0.0194 0.1388
vn 0.1005 -0.9948 0.0173
vn 0.3081 -0.9513 0.0099
vn -0.9997 -0.0227 0.0014
vn -0.8849 -0.4277 -0.1846
vn -0.9463 0.2402 -0.2164
vn 0.9986 0.0277 0.0454
vn -0.0160 0.9996 -0.0214
vn -0.0028 0.9998 -0.0173
vn -0.0022 0.9998 -0.0213
vn -0.0018 -1.0000 0.0009
vn -0.9994 0.0339 -0.0116
vn 0.9993 0.0322 0.0189
vn 0.9778 -0.1718 -0.1196
vn -0.9095 -0.3961 -0.1265
vn -0.8603 -0.1648 -0.4825
vn 0.0125 -0.9999 0.0010
vn 0.7220 -0.6827 -0.1121
vn 0.9993 -0.0352 -0.0161
vn 0.9999 -0.0096 0.0036
vn -0.5747 -0.8046 -0.1492
vn -0.6536 0.7522 -0.0833
vn 0.9421 0.1797 0.2832
vn -0.9956 0.0623 -0.0704
vn 0.8734 0.4535 0.1774
vn -0.9291 0.3470 -0.1281
vn 0.3772 0.9261 -0.0065
vn 0.0196 0.9981 -0.0590
vn 0.0106 0.9999 -0.0021
vn -0.0037 -1.0000 0.0003
vn -0.0259 -0.9997 0.0005
vn 0.9912 -0.1068 -0.0775
vn -0.9969 0.0689 -0.0388
vn 0.0973 0.9924 -0.0747
vn 0.0530 0.9981 -0.0322
vn 0.9637 -0.2353 -0.1260
vn 0.8089 0.5507 0.2059
vn 0.0794 0.9942 -0.0724
vn -0.0002 -1.0000 0.0014
vn -0.0009 -1.0000 0.0010
vn 0.9723 -0.1429 -0.1851
vn -0.4188 0.8969 -0.1421
vn -0.8621 -0.4961 0.1031
vn -0.6840 -0.7262 0.0692
vn 0.0206 0.9989 -0.0426
vn -0.0155 0.9998 -0.0134
vn -0.0001 -1.0000 0.0008
vn -0.9680 -0.2408 0.0703
vn -0.8049 0.5787 0.1311
vn -0.8912 0.4536 0.0015
vn -0.5020 -0.8648 0.0069
vn 0.7318 -0.6815 -0.0057
vn -0.9755 -0.2115 0.0603
vn -0.9970 0.0088 -0.0771
vn 0.0106 0.9986 -0.0518
vn -0.0783 -0.9969 -0.0002
vn -0.7208 0.6733 0.1648
vn 0.9867 0.1328 0.0939
vn 0.9190 0.2654 0.2915
vn 0.0261 0.9994 -0.0240
vn -0.9774 -0.2109 0.0101
vn -0.9996 0.0193 -0.0209
vn -0.6606 -0.6827 0.3124
vn 0.9999 0.0099 0.0111
vn -0.9926 0.0418 -0.1141
vn -0.9087 0.4173 -0.0088
vn 0.4287 0.9003 -0.0755
vn -0.2037 -0.9790 0.0067
vn -0.9006 -0.4345 0.0139
vn -0.9987 0.0257 -0.0445
vn -0.8907 -0.2028 0.4069
vn -0.9034 0.4183 0.0942
vn 0.9526 0.2377 0.1899
vn 0.2510 -0.9679 0.0096
vn 0.9911 -0.1198 -0.0578
vn -0.9617 -0.0302 -0.2725
vn 0.0100 0.9984 -0.0554
vn -0.0050 -1.0000 0.0006
vn -0.9388 0.2996 0.1698
vn -0.9953 0.0085 -0.0961
vn 0.8454 0.5326 0.0410
vn 0.0264 0.9992 -0.0314
vn 0.0017 -1.0000 0.0012
vn 0.9987 -0.0502 -0.0045
vn 0.9994 0.0191 0.0288
vn -0.6833 0.0098 0.7301
vn -0.4724 0.8695 0.1440
vn 0.0452 0.9976 0.0520
vn -0.0013 0.9997 0.0256
vn -0.0216 0.9994 -0.0260
vn 0.0864 -0.9962 0.0063
vn -0.9404 -0.1013 0.3246
vn -0.9957 0.0485 -0.0787
vn 0.9698 0.2292 -0.0833
vn -0.0254 0.9981 -0.0556
vn 0.0296 0.9995 0.0074
vn 0.0149 0.9995 -0.0268
vn 0.0178 0.9998 0.0055
vn 0.0005 -1.0000 0.0016
vn -0.9854 0.1534 0.0744
vn -0.0212 0.9998 -0.0031
vn -0.0104 0.9997 -0.0226
vn 0.0409 -0.9992 0.0021
vn -0.9974 0.0550 -0.0456
vn 0.9984 0.0549 0.0132
vn -0.9938 -0.0572 -0.0958
vn -0.9341 0.3498 0.0711
vn -0.0101 0.9998 -0.0163
vn 0.0018 -1.0000 0.0017
vn -0.9986 -0.0521 -0.0050
vn -0.9932 -0.0434 -0.1077
vn -0.0109 0.9978 -0.0654
vn 0.0362 0.9966 -0.0735
vn 0.0381 0.9984 -0.0424
vn -0.0151 0.9999 -0.0031
vn -0.0006 -1.0000 0.0013
vn -0.0071 -1.0000 0.0030
vn 0.0019 -1.0000 0.0014
vn -0.6812 -0.7320 0.0112
vn 0.9623 -0.2717 0.0152
vn 0.8596 0.4792 -0.1771
vn 0.0018 -1.0000 0.0015
vn -0.1131 -0.9936 -0.0005
vn 0.9991 0.0301 0.0307
vn 0.9823 0.1817 -0.0462
vn -0.0054 1.0000 0.0039
vn -0.0054 -1.0000 -0.0000
vn -0.9995 0.0326 0.0011
vn -0.9484 0.3101 -0.0660
vn 0.2552 0.9615 -0.1023
vn 0.0241 0.9979 -0.0599
vn 0.0477 0.9971 -0.0585
vn -0.0044 1.0000 0.0009
vn 0.0003 -1.0000 -0.0000
vn 0.9858 0.1670 -0.0158
vn -0.3336 0.9237 0.1886
vn -0.0043 -1.0000 0.0005
vn -0.3200 -0.9474 0.0008
vn 0.9997 -0.0041 0.0230
vn -0.9978 0.0401 -0.0529
vn 0.9865 0.1015 -0.1286
vn -0.0246 0.9996 -0.0142
vn -0.0040 -1.0000 -0.0005
vn -0.9768 -0.2142 -0.0017
vn 0.8892 -0.4570 0.0215
vn 0.9923 -0.1217 0.0229
vn -0.9983 0.0285 -0.0518
vn -0.9974 0.0222 -0.0691
vn -0.0099 0.9998 -0.0143
vn -0.0157 0.9998 -0.0087
vn -0.9996 0.0082 -0.0278
vn -0.6050 0.7872 0.1195
vn 0.5976 -0.8013 0.0287
vn 0.5276 0.8451 -0.0864
vn -0.0278 0.9996 -0.0106
vn -0.0044 0.9998 -0.0172
vn 0.9991 0.0181 0.0374
vn 0.9963 0.0857 -0.0064
vn -0.9972 0.0067 -0.0745
vn 0.9267 0.3757 -0.0131
vn -0.0640 0.9946 0.0820
vn -0.0144 0.9977 -0.0670
vn 0.0006 1.0000 -0.0069
vn 0.7831 0.6216 0.0196
vn -0.7664 0.6379 -0.0757
vn 0.0340 0.9967 -0.0742
vn -0.0001 -1.0000 -0.0003
vn 0.9984 -0.0124 0.0554
vn -0.0446 0.9988 -0.0223
vn 0.9592 -0.2817 0.0250
vn 0.9994 0.0198 0.0274
vn 0.9906 0.1189 -0.0678
vn 0.2508 0.9678 -0.0221
vn 0.0004 0.9990 -0.0453
vn 0.0134 0.9986 -0.0519
vn -0.0007 -1.0000 0.0007
vn -0.0147 0.9999 0.0069
vn 0.2120 -0.9773 0.0018
vn -0.2814 0.9590 -0.0344
vn 0.0167 0.9982 -0.0573
vn 0.0134 0.9993 -0.0343
vn 0.9981 -0.0557 0.0250
vn -0.6656 -0.7463 -0.0034
vn 0.5835 -0.8118 -0.0242
vn -0.9940 -0.1092 0.0088
vn 0.9943 -0.0433 0.0975
vn -0.9781 0.1782 -0.1076
vn 0.0104 0.9992 -0.0391
vn -0.0018 -1.0000 0.0001
vn 0.9899 0.1402 -0.0209
vn 0.4552 0.8904 0.0050
vn -0.0302 0.9983 -0.0489
vn -0.0172 0.9956 -0.0917
vn 0.0124 0.9998 0.0122
vn 0.0114 0.9999 0.0056
vn 0.9813 -0.1916 0.0169
vn 0.9836 0.1783 -0.0258
vn 0.9651 0.2597 0.0340
vn -0.6886 0.7171 -0.1074
vn 0.0094 0.9999 0.0043
vn 0.0016 -1.0000 0.0017
vn -0.0001 -1.0000 -0.0004
vn 0.9921 -0.1239 0.0210
vn -0.2419 -0.9703 -0.0008
vn -0.9976 0.0288 -0.0631
vn 0.0092 0.9986 -0.0517
vn 0.0001 -1.0000 0.0026
vn 0.0015 -1.0000 0.0016
vn 0.8887 0.4579 0.0238
vn -0.0053 -1.0000 -0.0005
vn -0.0384 -0.9993 0.0030
vn -0.9242 -0.3820 0.0019
vn 0.9979 0.0227 0.0615
vn -0.0193 0.9997 -0.0157
vn -0.0295 0.9993 -0.0210
vn 0.0014 0.9999 -0.0165
vn 0.6921 -0.7218 -0.0072
vn 0.9392 -0.3433 -0.0020
vn -0.9957 -0.0022 -0.0928
vn 0.6637 0.7474 0.0296
vn -0.9727 0.2112 -0.0957
vn -0.1359 0.9880 -0.0733
vn 0.0099 0.9999 -0.0083
vn 0.0019 -1.0000 0.0017
vn -0.0002 -1.0000 -0.0006
vn 0.0225 -0.9997 -0.0020
vn 0.9989 0.0366 0.0302
vn -0.0154 0.9994 -0.0314
vn 0.0062 0.9990 -0.0446
vn 0.1207 -0.9927 -0.0027
vn 0.9961 0.0007 0.0884
vn 0.1860 0.9824 -0.0177
vn -0.0067 0.9975 -0.0706
vn 0.3010 -0.9535 -0.0130
vn -0.9997 -0.0026 -0.0261
vn -0.0152 0.9999 -0.0025
vn -0.9987 -0.0471 0.0211
vn -0.9955 0.0094 -0.0940
vn 0.9611 0.2750 -0.0242
vn -0.0046 -1.0000 0.0025
vn -0.0057 -1.0000 -0.0001
vn -0.9998 -0.0222 -0.0009
vn 0.9959 0.0885 -0.0180
vn 0.9988 0.0159 0.0457
vn -0.4001 0.9144 -0.0619
vn 0.0042 0.9999 0.0094
vn 0.0112 0.9981 -0.0611
vn 0.0046 0.9990 -0.0437
vn -0.7764 0.6253 -0.0792
vn -0.0175 0.9995 -0.0266
vn -0.0064 0.9995 -0.0293
vn -0.0232 0.9997 0.0074
vn -0.0038 -1.0000 -0.0008
vn 0.2802 -0.9598 -0.0127
vn 0.7020 -0.7122 -0.0070
vn 0.9784 -0.2061 0.0175
vn -0.9963 0.0261 -0.0820
vn 0.1115 -0.9937 -0.0077
vn 0.9980 0.0550 0.0327
vn 0.9955 -0.0313 0.0893
vn 0.8968 0.4419 -0.0213
vn -0.0009 -1.0000 -0.0006
vn 0.9328 -0.3599 0.0187
vn 0.9996 -0.0093 0.0250
vn 0.5078 0.8609 0.0333
vn 0.0577 0.9983 -0.0097
vn -0.9966 -0.0793 0.0229
vn -0.9984 0.0150 -0.0551
vn 0.9799 0.1979 -0.0258
vn 0.0165 0.9996 -0.0221
vn 0.9980 0.0483 0.0398
vn 0.9982 -0.0315 0.0505
vn 0.7314 0.6819 -0.0080
vn 0.0270 0.9996 -0.0124
vn -0.0031 -1.0000 -0.0007
vn -0.0222 -0.9997 0.0023
vn -0.9829 -0.1835 0.0128
vn -0.0335 0.9985 -0.0435
vn -0.0159 0.9998 0.0142
vn 0.0180 0.9991 -0.0386
vn 0.0268 0.9996 -0.0003
vn -0.0045 0.9995 -0.0304
vn 0.0043 0.9994 -0.0338
vn -0.0002 -1.0000 -0.0001
vn -0.7038 -0.7104 -0.0051
vn -0.0334 0.9994 0.0099
vn -0.0003 -1.0000 0.0002
vn -0.1093 -0.9940 -0.0009
vn -0.3382 -0.9411 -0.0043
vn -0.9970 0.0215 -0.0746
vn -0.9938 0.0060 -0.1106
vn 0.2356 0.9717 0.0173
vn 0.0016 -1.0000 0.0016
vn -0.9946 -0.0005 -0.1042
vn -0.9948 0.0566 -0.0845
vn -0.9554 0.2819 -0.0886
vn -0.0063 -1.0000 -0.0002
vn -0.3009 0.9515 -0.0640
vn -0.0107 0.9999 -0.0038
vn 0.0235 0.9997 0.0087
vn 0.0004 -1.0000 0.0022
vn 0.6494 -0.7604 -0.0082
vn 0.9868 -0.1606 0.0217
vn 0.0007 -1.0000 0.0001
vn 0.9972 -0.0730 0.0188
vn 0.9995 0.0155 0.0288
vn -0.9080 -0.4189 -0.0042
vn -0.9993 -0.0357 0.0088
vn 0.3023 0.9529 0.0265
vn -0.0368 0.9983 -0.0459
vn 0.0188 0.9994 -0.0296
vn -0.0305 0.9995 0.0118
vn -0.0002 -1.0000 -0.0002
vn -0.0009 -1.0000 0.0004
vn -0.9996 -0.0242 -0.0177
vn 0.9966 0.0810 0.0142
vn -0.7538 0.6516 -0.0850
vn -0.0052 1.0000 0.0037
vn 0.9996 0.0106 0.0254
vn -0.9956 0.0137 -0.0922
vn -0.0109 0.9998 -0.0141
vn 0.0014 -1.0000 0.0015
vn 0.9992 -0.0288 0.0270
vn 0.9594 0.2800 -0.0350
vn -0.0275 0.9995 -0.0133
vn 0.0930 -0.9957 -0.0022
vn 0.0012 -1.0000 0.0017
vn -0.6295 -0.7767 -0.0210
vn -0.9885 -0.1511 0.0115
vn 0.7708 0.6365 -0.0262
vn 0.0539 0.9985 -0.0070
vn -0.0000 0.9992 -0.0389
vn -0.9982 -0.0514 0.0305
vn -0.9949 -0.0075 -0.1007
vn -0.0234 0.9977 -0.0638
vn -0.0065 0.9997 0.0234
vn -0.3756 0.9264 -0.0273
vn -0.0217 0.9994 0.0283
vn 0.0107 0.9995 -0.0300
vn -0.0064 -1.0000 -0.0001
vn 0.0347 0.9993 -0.0135
vn 0.0177 0.9995 -0.0255
vn 0.5846 -0.8112 -0.0160
vn 0.8393 0.5436 0.0125
vn 0.5362 0.8438 -0.0233
vn 0.2299 0.9732 -0.0082
vn 0.0177 0.9995 -0.0246
vn -0.0072 -1.0000 0.0019
vn 0.9985 0.0506 0.0201
vn -0.9885 0.1376 -0.0628
vn 0.0148 0.9998 0.0134
vn 0.9990 0.0358 0.0253
vn -0.9977 -0.0311 -0.0605
vn 0.9779 0.2073 0.0260
vn -0.8418 0.5371 -0.0535
vn -0.0411 0.9962 -0.0766
vn 0.2160 -0.9763 -0.0090
vn 0.8819 -0.4714 0.0073
vn 0.0330 0.9994 0.0119
vn 0.0097 0.9997 -0.0217
vn -0.9974 -0.0661 0.0304
vn 0.9994 0.0309 0.0174
vn -0.0874 -0.9962 0.0005
vn -0.3197 -0.9475 -0.0100
vn -0.0607 0.9947 -0.0835
vn -0.0000 -1.0000 0.0019
vn 0.9541 -0.2994 0.0120
vn -0.0056 0.9995 -0.0325
vn -0.0047 -1.0000 -0.0008
vn -0.8050 -0.5933 -0.0037
vn 0.9998 -0.0173 0.0024
vn -0.0253 0.9963 -0.0820
vn 0.0115 0.9998 -0.0177
vn 0.0140 -0.9999 -0.0018
vn -0.0000 -1.0000 0.0009
vn 0.9908 -0.1348 0.0109
vn 0.0221 0.9995 -0.0220
vn 0.9995 0.0175 0.0267
vn -0.9929 -0.0201 -0.1172
vn -0.8803 0.4716 -0.0524
vn 0.4823 0.8759 -0.0147
vn -0.9945 0.0209 -0.1030
vn -0.4349 0.8984 -0.0606
vn -0.0410 0.9983 0.0425
vn 0.0434 0.9990 0.0121
vn -0.0557 0.9984 -0.0021
vn 0.0015 -1.0000 0.0020
vn -0.0016 -1.0000 0.0006
vn -0.9936 -0.1109 0.0209
vn 0.9985 0.0535 0.0108
vn 0.0022 0.9999 -0.0126
vn -0.9967 -0.0583 0.0558
vn -0.9970 -0.0770 0.0023
vn 0.7818 0.6235 0.0084
vn -0.0012 -1.0000 0.0003
vn -0.0369 0.9948 -0.0952
vn -0.0523 0.9983 0.0243
vn -0.0006 -1.0000 0.0001
vn -0.7745 -0.6325 -0.0111
vn -0.9969 -0.0436 0.0651
vn -0.9964 0.0386 -0.0761
vn 0.9740 0.2250 -0.0269
vn -0.0114 0.9988 0.0471
vn 0.0797 0.9967 0.0121
vn -0.0011 -1.0000 0.0006
vn -0.8081 0.5840 -0.0769
vn 0.2505 0.9680 0.0166
vn 0.0033 0.9996 0.0297
vn 0.0060 0.9999 -0.0153
vn 0.0003 -1.0000 0.0001
vn -0.9736 0.2258 -0.0324
vn 0.0244 0.9996 0.0166
vn 0.0086 0.9999 -0.0142
vn 0.9997 0.0242 -0.0024
vn 0.4808 0.8768 0.0044
vn 0.0172 0.9996 -0.0240
vn 0.0356 0.9989 0.0295
vn -0.0039 -1.0000 -0.0000
vn -0.9952 -0.0892 -0.0393
vn -0.3237 0.9410 -0.0985
vn 0.7581 -0.6522 0.0022
vn 0.9992 -0.0316 0.0259
vn -0.9939 -0.0835 -0.0725
vn 0.8673 0.4977 -0.0105
vn 0.0159 0.9993 0.0325
vn 0.0382 0.9993 -0.0056
vn -0.0156 -0.9999 0.0005
vn 0.3618 -0.9322 0.0062
vn 0.9989 0.0457 -0.0141
vn -0.9963 0.0501 -0.0704
vn -0.1077 0.9899 -0.0925
vn -0.1216 -0.9924 0.0177
vn 0.9996 0.0113 0.0248
vn 0.0155 0.9996 -0.0225
vn -0.8931 -0.4468 0.0527
vn 0.9670 -0.2540 0.0195
vn 0.9844 0.1753 -0.0131
vn -0.0050 0.9994 0.0355
vn -0.5301 0.8404 -0.1127
vn 0.0514 0.9977 0.0438
vn -0.0105 0.9999 0.0004
vn -0.0384 0.9988 -0.0313
vn 0.1170 -0.9931 0.0054
vn -0.9937 0.0291 -0.1081
vn -0.0081 -1.0000 0.0005
vn -0.4207 -0.9068 0.0290
vn -0.9958 -0.0562 0.0717
vn 0.9995 0.0058 0.0324
vn 0.0285 0.9986 0.0435
vn -0.0013 -1.0000 0.0019
vn 0.7599 -0.6491 0.0351
vn 0.9993 -0.0195 0.0328
vn -0.9929 -0.1025 0.0595
vn 0.6028 0.7971 0.0359
vn 0.0054 0.9999 -0.0144
vn -0.9837 0.1547 -0.0920
vn 0.3307 0.9422 0.0545
vn 0.9994 0.0341 0.0082
vn 0.9999 -0.0126 -0.0099
vn 0.0053 1.0000 -0.0073
vn 0.0084 0.9998 -0.0161
vn 0.0075 -1.0000 -0.0003
vn 0.9385 -0.3428 0.0415
vn 0.0230 0.9992 0.0314
vn 0.9974 -0.0661 0.0278
vn -0.8617 0.5004 -0.0838
vn 0.0287 0.9995 -0.0160
vn -0.9916 -0.1280 0.0203
vn -0.9951 0.0546 -0.0828
vn -0.0844 0.9961 0.0254
vn 0.0742 0.9972 0.0105
vn 0.6635 -0.7448 0.0705
vn 0.3433 -0.9392 0.0082
vn -0.9968 0.0476 -0.0644
vn 0.1511 0.9874 0.0469
vn 0.0236 0.9971 0.0722
vn 0.0012 -1.0000 0.0032
vn 0.0019 -1.0000 0.0026
vn -0.9949 -0.0729 0.0692
vn -0.9970 -0.0526 -0.0573
vn 0.0593 0.9960 0.0671
vn 0.0032 0.9972 0.0742
vn 0.0047 1.0000 -0.0011
vn -0.0009 -1.0000 0.0017
vn 0.9996 0.0280 -0.0080
vn 0.0180 0.9996 0.0237
vn -0.0005 -1.0000 0.0005
vn -0.9974 0.0503 -0.0514
vn -0.9840 0.1760 -0.0266
vn -0.2817 0.9594 0.0162
vn -0.9875 -0.1575 0.0061
vn -0.0029 -1.0000 0.0045
vn -0.0051 -1.0000 0.0033
vn -0.9949 -0.0732 0.0697
vn 0.8473 0.5307 0.0201
vn -0.0658 0.9972 0.0353
vn 0.0124 0.9944 0.1054
vn 0.0006 -1.0000 0.0022
vn -0.8723 -0.4835 0.0727
vn 0.0535 -0.9986 0.0046
vn 0.8746 -0.4827 0.0443
vn 0.4596 0.8860 0.0615
vn 0.0007 0.9992 0.0393
vn -0.7010 0.7008 0.1324
vn 0.0261 0.9960 0.0855
vn -0.0851 0.9962 -0.0164
vn -0.0758 -0.9971 0.0043
vn -0.0001 -1.0000 0.0021
vn 0.5485 -0.8358 0.0253
vn 0.9878 -0.1490 0.0452
vn -0.9976 -0.0322 0.0621
vn 0.0395 0.9970 0.0668
vn -0.0005 -1.0000 0.0061
vn -0.0043 -1.0000 0.0007
vn 0.1893 -0.9819 0.0099
vn 0.9675 0.2527 0.0041
vn 0.5873 0.8090 0.0237
vn -0.9417 0.3261 0.0823
vn -0.0006 -1.0000 0.0059
vn -0.5251 -0.8495 0.0499
vn -0.9904 -0.1183 0.0719
vn 0.9999 0.0101 -0.0110
vn 0.0169 0.9997 0.0169
vn 0.0022 0.9999 0.0118
vn 0.0004 -1.0000 0.0036
vn 0.0173 0.9998 -0.0011
vn 0.0292 0.9994 0.0158
vn -0.1837 0.9620 0.2019
vn 0.0245 0.9997 -0.0058
vn -0.0031 -1.0000 0.0007
vn 0.9997 0.0221 0.0043
vn 0.9996 -0.0227 -0.0145
vn 0.0340 0.9982 0.0496
vn 0.9765 -0.2120 0.0395
vn 0.9975 -0.0337 0.0623
vn -0.9829 -0.1678 0.0754
vn 0.7931 0.6083 -0.0314
vn 0.2800 0.9600 -0.0091
vn 0.9974 -0.0090 0.0710
vn -0.9998 0.0155 -0.0160
vn 0.0454 0.9964 0.0720
vn 0.0239 0.9942 0.1045
vn 0.9954 -0.0773 0.0568
vn 0.0520 0.9986 0.0109
vn 0.0367 0.9990 0.0267
vn -0.0027 -1.0000 0.0083
vn -0.9595 -0.2797 0.0332
vn -0.9924 0.1231 0.0093
vn 0.1618 0.9868 0.0038
vn -0.0157 0.9998 -0.0079
vn -0.0002 -1.0000 0.0044
vn -0.0041 0.9998 0.0216
vn -0.0600 0.9925 0.1066
vn -0.0201 0.9978 0.0628
vn -0.0092 -1.0000 0.0037
vn -0.3156 -0.9488 0.0165
vn -0.9888 -0.1329 0.0685
vn -0.9596 0.2429 0.1423
vn 0.4121 0.9105 -0.0356
vn 0.9987 -0.0115 0.0499
vn -0.9991 0.0406 -0.0139
vn -0.8187 0.5195 0.2448
vn -0.0312 0.9993 -0.0222
vn 0.1183 0.9927 -0.0245
vn -0.4061 0.8837 0.2326
vn 0.0042 0.9951 0.0985
vn 0.0014 0.9997 0.0228
vn -0.9984 -0.0182 0.0538
vn 0.9995 -0.0296 0.0053
vn 0.9930 0.1139 -0.0317
vn 0.9266 0.3721 -0.0536
vn -0.0844 0.9962 -0.0190
vn 0.0688 0.9936 0.0895
vn -0.0026 1.0000 0.0084
vn 0.0440 0.9985 0.0341
vn -0.1235 0.9916 -0.0385
vn -0.0030 -0.9999 0.0133
vn -0.7791 -0.6262 0.0297
vn 0.9991 -0.0175 0.0397
vn -0.9937 0.0910 -0.0657
vn 0.0048 1.0000 -0.0025
vn 0.0653 0.9962 0.0577
vn 0.0007 -1.0000 0.0080
vn -0.7903 0.6026 0.1109
vn -0.0056 0.9990 0.0439
vn -0.9783 -0.1319 0.1596
vn -0.9516 0.3068 0.0172
vn 0.0187 0.9930 0.1166
vn -0.4022 0.9125 0.0745
vn -0.0058 1.0000 -0.0009
vn -0.0518 0.9981 -0.0330
vn -0.0011 -0.9999 0.0140
vn -0.9953 0.0394 0.0885
vn 0.5284 0.8436 -0.0956
vn -0.0100 0.9892 0.1465
vn 0.0241 0.9992 -0.0332
vn 0.2719 0.9593 -0.0765
vn -0.1256 0.9902 0.0613
vn 0.0107 0.9996 0.0262
vn 0.0031 -0.9999 0.0123
vn 0.2863 -0.9578 0.0240
vn 0.6561 -0.7534 0.0445
vn 0.9999 -0.0047 -0.0124
vn -0.9927 -0.0780 -0.0918
vn 0.0578 0.9962 0.0650
vn 0.0363 0.9991 0.0215
vn -0.0048 -0.9997 0.0244
vn 0.0784 -0.9968 0.0129
vn 0.0003 -1.0000 0.0054
vn 0.0008 -0.9998 0.0182
vn -0.9951 -0.0864 0.0483
vn 1.0000 -0.0028 0.0017
vn 0.0301 0.9961 0.0827
vn 0.0220 0.9994 0.0264
vn -0.9908 -0.0963 0.0952
vn -0.0126 0.9969 -0.0773
vn 0.1092 0.9940 0.0063
vn 0.0061 -0.9992 0.0398
vn -0.9951 0.0231 0.0960
vn -0.0742 0.9937 0.0842
vn -0.0008 0.9985 0.0556
vn -0.0036 -0.9995 0.0314
vn -0.0016 -0.9998 0.0212
vn -0.0026 -1.0000 0.0094
vn -0.9918 -0.0447 0.1200
vn -0.9944 -0.0578 -0.0888
vn -0.7211 0.6920 0.0319
vn 0.0605 0.9920 0.1110
vn -0.3649 -0.9292 0.0588
vn -0.9932 0.1102 -0.0380
vn 0.9793 0.2014 0.0219
vn -0.0561 0.9910 -0.1213
vn -0.0833 0.9959 0.0342
vn -0.0944 0.9911 -0.0934
vn 0.0089 0.9989 0.0467
vn 0.0006 -0.9999 0.0135
vn -0.1083 -0.9940 0.0115
vn -0.9743 -0.1651 0.1534
vn -0.9954 0.0294 -0.0916
vn -0.8866 0.4589 0.0575
vn 0.9098 -0.4142 0.0257
vn -0.9738 -0.1641 0.1574
vn 0.7715 0.6329 -0.0649
vn -0.0265 0.9987 -0.0442
vn 0.9949 -0.0426 0.0914
vn -0.9937 -0.0685 0.0889
vn -0.9767 0.2066 -0.0583
vn 0.0221 0.9924 -0.1209
vn 0.0081 0.9880 0.1544
vn -0.0035 -0.9999 0.0154
vn 0.6466 -0.7626 0.0178
vn 0.9784 -0.1979 0.0591
vn 0.9966 -0.0389 0.0720
vn 0.1789 0.9829 0.0426
vn -0.0191 -0.9997 0.0141
vn 0.0007 -0.9998 0.0184
vn -0.9956 -0.0394 -0.0845
vn -0.9965 -0.0359 -0.0750
vn 0.3563 0.9340 -0.0267
vn -0.3771 0.9145 0.1463
vn -0.0098 0.9939 -0.1100
vn 0.0971 0.9953 0.0012
vn 0.0172 0.9954 0.0940
vn -0.8132 -0.5809 0.0353
vn 0.9985 -0.0442 0.0337
vn -0.9971 -0.0499 -0.0576
vn 0.9993 -0.0155 0.0352
vn 0.0184 0.9929 -0.1179
vn 0.0867 0.9942 0.0635
vn -0.0022 -0.9997 0.0243
vn -0.0009 -0.9996 0.0295
vn 0.1693 0.9833 0.0673
vn -0.1066 0.9888 0.1047
vn -0.0540 0.9867 -0.1535
vn -0.0873 0.9937 0.0699
vn -0.0869 0.9918 -0.0939
vn 0.0072 0.9974 0.0715
vn 0.6915 0.7220 -0.0246
vn -0.0253 0.9996 -0.0109
vn -0.9666 -0.1626 0.1983
vn -0.0926 0.9930 0.0728
vn -0.0446 0.9967 -0.0673
vn -0.0251 0.9880 -0.1525
vn 0.0043 -0.9996 0.0270
vn 0.9995 0.0245 0.0179
vn 0.0431 0.9874 0.1526
vn -0.0065 -0.9987 0.0500
vn -0.0016 -0.9994 0.0352
vn 0.9933 -0.0198 0.1139
vn -0.9865 0.1512 0.0627
vn -0.0571 0.9906 -0.1239
vn 0.7990 -0.5926 0.1016
vn -0.9914 0.0030 0.1311
vn -0.9588 -0.1495 0.2416
vn -0.0673 0.9975 0.0196
vn -0.0515 0.9824 -0.1795
vn 0.1068 0.9831 0.1487
vn 0.0062 0.9898 0.1423
vn 0.9779 -0.1475 0.1479
vn -0.9786 -0.1649 0.1233
vn -0.9558 0.2794 0.0914
vn 0.0508 0.9984 0.0233
vn 0.1864 0.9778 0.0953
vn 0.0412 0.9906 0.1307
vn 0.3089 -0.9491 0.0620
vn -0.9939 -0.1089 0.0166
vn -0.0038 0.9842 0.1769
vn 0.0542 0.9816 0.1829
vn 0.0255 0.9893 0.1439
vn 0.9145 0.3688 0.1665
vn -0.0914 0.9927 0.0790
vn 0.0254 0.9800 0.1974
vn -0.0045 0.9755 0.2198
vn -0.0039 -0.9992 0.0388
vn -0.9123 -0.3840 0.1424
vn -0.6747 0.6817 0.2829
vn 0.0029 -0.9961 0.0884
vn -0.9767 -0.0827 0.1981
vn 0.9999 -0.0073 0.0079
vn 0.9909 -0.0008 0.1343
vn 0.9816 0.0071 0.1906
vn 0.5554 0.8211 0.1318
vn 0.0164 0.9770 -0.2126
vn -0.1136 -0.9863 0.1194
vn 0.0961 -0.9842 0.1485
vn -0.9958 -0.0911 0.0119
vn -0.0306 0.9570 0.2883
vn 0.0283 0.9900 -0.1380
vn -0.0099 -0.9976 0.0680
vn -0.5443 -0.8188 0.1824
vn -0.9422 -0.1727 0.2871
vn -0.9400 -0.2347 0.2477
vn 0.9949 0.0376 0.0935
vn -0.8179 0.4512 0.3570
vn -0.1149 0.9191 0.3768
vn 0.2013 0.9781 0.0534
vn -0.1546 0.9854 -0.0711
vn 0.0316 0.9527 0.3023
vn 0.0353 0.9960 0.0822
vn 0.0311 0.9706 0.2388
vn -0.0267 0.9995 0.0195
vn -0.0234 -0.9970 0.0734
vn 0.0064 -0.9945 0.1049
vn -0.9565 -0.1063 0.2718
vn -0.0819 0.9941 0.0705
vn -0.0277 0.9981 -0.0545
vn -0.0042 0.9534 0.3016
vn 0.0380 0.9970 0.0676
vn 0.0351 0.9935 0.1085
vn 0.0053 -0.9912 0.1324
vn -0.0057 -0.9958 0.0915
vn -0.3376 0.8575 0.3882
vn -0.0744 0.9964 0.0403
vn -0.1616 0.9849 0.0619
vn -0.0734 0.9551 0.2870
vn 0.0464 0.9987 -0.0202
vn -0.1811 0.9790 -0.0935
vn 0.0022 0.9520 -0.3061
vn 0.6887 -0.6816 0.2470
vn -0.8912 0.3011 0.3393
vn 0.0263 0.9309 0.3644
vn 0.0304 0.9235 0.3825
vn -0.0711 0.9151 0.3968
vn 0.1783 0.9441 -0.2774
vn 0.0065 -0.9962 0.0865
vn 0.9889 -0.0654 0.1331
vn -0.9333 -0.1534 0.3248
vn -0.9432 0.1342 0.3038
vn 0.8827 0.2191 0.4158
vn -0.0098 0.9966 0.0817
vn 0.4926 0.7409 0.4566
vn 0.0183 0.9669 0.2546
vn -0.0388 0.9984 -0.0404
vn 0.0004 -0.9933 0.1158
vn 0.0003 -0.9975 0.0703
vn 0.2341 -0.9363 0.2619
vn 0.9915 -0.0386 0.1241
vn -0.9389 -0.1980 0.2815
vn -0.1090 0.9823 0.1525
vn 0.0257 0.8580 0.5129
vn 0.0358 0.9047 0.4246
vn 0.1343 0.9656 -0.2227
vn -0.0218 -0.9859 0.1662
vn -0.9651 -0.0115 0.2617
vn -0.9582 -0.0447 0.2827
vn 0.8424 0.0886 0.5315
vn 0.8290 0.1665 0.5339
vn -0.5153 0.6097 0.6022
vn 0.1519 0.9736 0.1706
vn 0.1892 0.9595 0.2088
vn -0.0985 0.9090 0.4050
vn 0.1254 0.9318 0.3407
vn 0.0663 0.9535 0.2939
vn 0.0026 -0.9865 0.1640
vn 0.0481 -0.9914 0.1216
vn 0.0018 -0.9945 0.1043
vn -0.9391 -0.0456 0.3407
vn -0.9040 -0.0093 0.4275
vn -0.8262 0.2500 0.5049
vn 0.6897 0.3304 0.6443
vn -0.1958 0.9564 0.2168
vn -0.0397 0.9187 0.3929
vn 0.0335 0.8631 0.5039
vn 0.0062 0.8982 0.4396
vn 0.0645 0.8605 0.5053
vn -0.0011 -0.9964 0.0851
vn 0.8895 -0.2028 0.4094
vn -0.9376 -0.0501 0.3442
vn 0.9216 -0.0590 0.3836
vn -0.9265 -0.0978 0.3635
vn 0.9839 -0.0441 0.1732
vn 0.9893 0.0083 0.1459
vn -0.1072 0.9863 0.1253
vn -0.0124 0.8844 0.4665
vn -0.0021 0.9998 0.0216
vn -0.0299 0.9993 0.0206
vn 0.1280 0.9459 0.2980
vn 0.0920 0.9855 0.1429
vn -0.0534 -0.9483 0.3127
vn 0.0258 -0.9675 0.2514
vn -0.9077 -0.3156 0.2767
vn 0.9821 -0.0271 0.1863
vn -0.6957 0.3384 0.6337
vn -0.2366 0.7987 0.5533
vn -0.1142 0.8787 0.4635
vn 0.0057 0.9336 0.3582
vn -0.1666 0.9595 0.2271
vn -0.0114 0.9966 0.0818
vn 0.0846 0.9184 0.3864
vn -0.0208 -0.9171 0.3981
vn -0.0607 -0.9602 0.2727
vn 0.0908 -0.9186 0.3846
vn 0.8884 -0.0572 0.4555
vn 0.8922 0.1824 0.4132
vn 0.3415 0.5812 0.7387
vn 0.1234 0.8531 0.5069
vn -0.1034 0.9796 0.1723
vn -0.1293 0.8673 0.4807
vn 0.0190 0.9337 0.3576
vn 0.1764 0.8381 0.5162
vn -0.0341 0.9934 0.1096
vn -0.0120 0.9826 0.1852
vn 0.0521 0.9497 0.3089
vn 0.0556 0.9711 0.2322
vn 0.0005 -0.9946 0.1041
vn 0.0002 -0.9847 0.1744
vn -0.0270 -0.9382 0.3449
vn 0.9728 -0.0349 0.2291
vn -0.9086 -0.1729 0.3801
vn -0.8654 -0.2192 0.4506
vn -0.6471 0.1198 0.7529
vn 0.7848 0.1148 0.6090
vn 0.5727 0.2487 0.7811
vn -0.1384 0.8219 0.5526
vn -0.1806 0.8719 0.4552
vn 0.1196 0.8113 0.5722
vn 0.2095 0.9034 0.3742
vn 0.0018 0.8156 0.5786
vn -0.0489 0.8374 0.5444
vn 0.0086 0.8059 0.5920
vn 0.1506 0.8118 0.5641
vn 0.0371 -0.9556 0.2923
vn 0.0328 -0.5669 0.8231
vn 0.1899 -0.8492 0.4928
vn -0.0825 -0.7185 0.6906
vn 0.0226 0.7480 0.6633
vn 0.0144 0.9427 0.3333
vn 0.0852 0.7436 0.6632
vn 0.0202 0.7432 0.6687
vn 0.0447 0.9739 0.2226
vn 0.0132 0.8753 0.4834
vn -0.0624 -0.9557 0.2877
vn -0.0012 -0.9714 0.2374
vn -0.6156 -0.6849 0.3897
vn -0.0864 -0.8346 0.5440
vn -0.1199 -0.7838 0.6094
vn 0.0072 -0.7937 0.6082
vn 0.0969 -0.8442 0.5272
vn 0.5394 -0.6165 0.5736
vn 0.3441 0.3468 0.8725
vn 0.0413 0.6885 0.7240
vn -0.1552 0.8335 0.5303
vn 0.0883 -0.9459 0.3121
vn 0.0904 -0.8642 0.4950
vn -0.0089 -0.8817 0.4718
vn -0.0644 -0.9093 0.4111
vn -0.0548 -0.6807 0.7305
vn 0.0091 -0.8638 0.5037
vn 0.1213 -0.7890 0.6022
vn 0.9199 -0.0412 0.3899
vn -0.6306 -0.0819 0.7718
vn -0.6119 0.1462 0.7773
vn 0.1567 0.5231 0.8378
vn 0.3064 0.6862 0.6597
vn -0.0771 0.7569 0.6490
vn 0.0104 0.4582 0.8888
vn 0.1595 0.5768 0.8012
vn -0.1775 0.6684 0.7223
vn -0.1901 0.6658 0.7215
vn -0.0226 0.8356 0.5488
vn 0.0012 0.8707 0.4918
vn -0.0281 0.9185 0.3943
vn -0.0147 -0.9687 0.2478
vn -0.0189 -0.9374 0.3477
vn -0.0971 -0.5331 0.8405
vn 0.2398 -0.4750 0.8467
vn 0.3999 -0.3402 0.8511
vn -0.2067 -0.4432 0.8723
vn 0.5850 -0.2983 0.7542
vn 0.7129 0.0122 0.7012
vn 0.8657 -0.0574 0.4972
vn -0.8570 -0.1642 0.4884
vn 0.8914 0.0469 0.4507
vn -0.6120 -0.0331 0.7902
vn 0.5004 0.1387 0.8546
vn -0.3366 0.4027 0.8512
vn -0.1879 0.6206 0.7613
vn 0.0318 0.6262 0.7791
vn 0.3053 0.7646 0.5676
vn -0.1137 0.7433 0.6592
vn -0.0651 0.7150 0.6961
vn -0.3140 0.7632 0.5647
vn -0.0178 0.8863 0.4628
vn -0.0380 0.8272 0.5606
vn 0.0507 0.6572 0.7520
vn -0.0071 -0.9691 0.2467
vn -0.0771 -0.7536 0.6528
vn 0.0235 -0.5831 0.8121
vn -0.0073 -0.4977 0.8673
vn -0.1895 -0.6199 0.7615
vn -0.1369 -0.3517 0.9260
vn -0.8938 -0.0161 0.4482
vn 0.7933 -0.0587 0.6060
vn -0.9067 -0.0643 0.4168
vn 0.7563 -0.0461 0.6526
vn -0.8687 -0.1603 0.4687
vn 0.8586 -0.0341 0.5115
vn 0.3583 0.1945 0.9131
vn 0.1573 0.6273 0.7628
vn -0.1127 0.8551 0.5061
vn -0.1896 0.8552 0.4823
vn 0.1051 0.6439 0.7579
vn -0.0022 0.7554 0.6552
vn -0.0175 0.7257 0.6878
vn 0.1770 0.8578 0.4826
vn -0.1443 0.1765 0.9737
vn -0.2206 0.8397 0.4962
vn -0.0071 0.7196 0.6944
vn -0.0332 0.8526 0.5214
vn 0.0400 0.5523 0.8327
vn 0.0056 -0.9628 0.2702
vn 0.3329 -0.4966 0.8016
vn -0.0925 -0.7154 0.6925
vn 0.0861 -0.4006 0.9122
vn 0.1607 -0.5458 0.8224
vn 0.1502 -0.2909 0.9449
vn -0.8362 0.0162 0.5482
vn 0.7005 -0.0314 0.7129
vn -0.6856 -0.0675 0.7249
vn 0.5312 0.2250 0.8168
vn -0.3009 0.0140 0.9536
vn -0.2068 0.0140 0.9783
vn 0.4333 0.1088 0.8946
vn 0.1870 0.1832 0.9651
vn 0.1501 0.2831 0.9473
vn -0.1406 0.5777 0.8041
vn 0.3524 0.5760 0.7376
vn 0.3734 -0.0096 0.9276
vn 0.8939 0.4068 0.1884
vn -0.0938 0.1822 0.9788
vn 0.0742 0.4344 0.8977
vn 0.7426 -0.0165 0.6695
vn 0.1242 0.7452 0.6551
vn -0.0848 0.7570 0.6479
vn -0.0714 0.5945 0.8009
vn 0.2155 0.5453 0.8101
vn -0.0473 0.5882 0.8073
vn 0.0904 0.6087 0.7883
vn 0.0565 0.7878 0.6133
vn 0.0946 0.6982 0.7096
vn -0.0010 -0.9548 0.2972
vn -0.0046 -0.9692 0.2462
vn 0.0261 -0.9537 0.2996
vn 0.1257 -0.7400 0.6608
vn 0.0252 -0.9233 0.3833
vn 0.1476 -0.5830 0.7989
vn 0.0028 -0.3572 0.9340
vn 0.3078 -0.0795 0.9481
vn -0.0214 -0.3034 0.9526
vn 0.5436 -0.1414 0.8273
vn 0.5924 -0.0074 0.8056
vn -0.7786 -0.0289 0.6269
vn 0.5426 -0.0564 0.8381
vn 0.1434 0.4723 0.8697
vn -0.1026 0.4565 0.8838
vn 0.1374 -0.2327 0.9628
vn -0.1682 -0.0063 0.9857
vn -0.2263 0.0792 0.9708
vn 0.2670 0.1475 0.9523
vn 0.2547 0.0892 0.9629
vn -0.3839 0.1552 0.9103
vn 0.8422 0.5229 0.1311
vn 0.5160 0.7854 0.3418
vn -0.0066 0.6309 0.7758
vn -0.1307 0.2633 0.9558
vn -0.0969 0.3838 0.9183
vn -0.1491 0.1064 0.9831
vn 0.9690 0.2308 0.0883
vn -0.0847 0.5368 0.8395
vn 0.8944 0.2211 0.3887
vn 0.0216 0.6575 0.7531
vn 0.0022 0.6401 0.7683
vn -0.0036 0.7246 0.6891
vn -0.1468 0.1448 0.9785
vn -0.0208 0.6966 0.7171
vn -0.0423 0.3248 0.9448
vn -0.0682 0.2367 0.9692
vn 0.0480 0.5213 0.8520
vn -0.0223 0.5445 0.8384
vn 0.0020 0.6461 0.7633
vn -0.0141 -0.8034 0.5952
vn 0.0205 -0.8825 0.4698
vn 0.0236 -0.8469 0.5312
vn 0.0711 -0.7666 0.6382
vn -0.0022 -0.3596 0.9331
vn -0.5697 -0.5475 0.6130
vn 0.1971 -0.2127 0.9570
vn 0.1199 -0.2255 0.9668
vn -0.1183 -0.2375 0.9642
vn 0.3873 -0.0346 0.9213
vn -0.7986 -0.0933 0.5946
vn 0.5232 -0.0246 0.8519
vn -0.3143 0.0724 0.9465
vn 0.1294 -0.1442 0.9811
vn -0.1850 0.6764 0.7129
vn -0.0386 -0.4197 0.9069
vn 0.0554 -0.3917 0.9184
vn 0.5749 0.1330 0.8073
vn -0.1471 0.0078 0.9891
vn 0.1125 0.2478 0.9623
vn 0.1180 0.4074 0.9056
vn -0.1029 0.3591 0.9276
vn 0.0548 0.6284 0.7760
vn -0.1230 0.7922 0.5977
vn 0.2108 0.4082 0.8882
vn -0.1666 0.6909 0.7035
vn -0.1793 0.8548 0.4870
vn 0.0084 0.6443 0.7648
vn 0.0326 0.7143 0.6991
vn -0.0165 0.4665 0.8843
vn 0.0974 0.5747 0.8125
vn 0.1861 0.6316 0.7527
vn -0.2516 0.7438 0.6192
vn -0.6515 0.5055 0.5657
vn 0.4317 0.6016 0.6721
vn -0.0839 0.4078 0.9092
vn -0.0030 0.5175 0.8557
vn -0.0444 0.5978 0.8004
vn -0.0296 -0.8322 0.5536
vn 0.0008 -0.8862 0.4633
vn -0.0048 -0.8977 0.4406
vn -0.0531 -0.8506 0.5231
vn -0.1168 -0.7018 0.7027
vn 0.0731 -0.7943 0.6031
vn 0.0952 -0.2995 0.9493
vn -0.2616 -0.2142 0.9411
vn 0.3809 -0.0510 0.9232
vn -0.7366 0.0181 0.6761
vn -0.7001 0.0705 0.7105
vn 0.2914 -0.0019 0.9566
vn 0.2753 -0.0246 0.9610
vn -0.8152 -0.0262 0.5786
vn 0.2888 -0.0234 0.9571
vn -0.6999 -0.1057 0.7064
vn -0.5926 -0.0663 0.8028
vn 0.0253 0.5504 0.8345
vn -0.0776 0.5787 0.8118
vn 0.0903 0.2591 0.9616
vn -0.0124 0.3047 0.9524
vn 0.0214 0.3875 0.9216
vn 0.0322 0.1178 0.9925
vn 0.0271 0.0546 0.9981
vn -0.0254 -0.1101 0.9936
vn -0.1889 -0.0745 0.9792
vn -0.0978 0.0060 0.9952
vn 0.0994 0.0349 0.9944
vn -0.1333 0.1206 0.9837
vn 0.2411 0.7420 0.6255
vn 0.0996 0.4898 0.8661
vn 0.0496 0.4839 0.8737
vn -0.0268 -0.8105 0.5851
vn 0.0151 -0.8639 0.5035
vn 0.0231 -0.8364 0.5476
vn -0.1417 -0.7098 0.6901
vn 0.1417 -0.5455 0.8261
vn -0.0749 -0.7772 0.6247
vn -0.2312 -0.5076 0.8300
vn 0.2038 -0.0926 0.9746
vn 0.1258 -0.2164 0.9682
vn 0.0311 -0.2400 0.9703
vn 0.1498 -0.1027 0.9834
vn 0.1723 -0.0458 0.9840
vn 0.2746 -0.0231 0.9613
vn -0.0028 0.3401 0.9404
vn -0.0335 0.3212 0.9464
vn -0.0228 0.1844 0.9826
vn 0.0219 0.0528 0.9984
vn 0.0205 0.0302 0.9993
vn 0.0288 -0.1936 0.9807
vn -0.0904 0.0808 0.9926
vn -0.1310 0.4291 0.8937
vn -0.1168 0.0312 0.9927
vn 0.0252 -0.2459 0.9690
vn -0.1362 0.0159 0.9906
vn 0.1422 0.0644 0.9877
vn -0.0894 0.2212 0.9711
vn 0.1221 0.2816 0.9517
vn 0.0777 0.5905 0.8033
vn -0.0245 0.4272 0.9038
vn 0.0328 0.5274 0.8490
vn 0.0317 0.6020 0.7979
vn -0.0436 0.4942 0.8683
vn -0.0724 0.8150 0.5750
vn -0.2330 0.6973 0.6778
vn 0.0221 0.3519 0.9358
vn -0.0041 0.3000 0.9539
vn -0.0331 0.2834 0.9584
vn -0.0214 0.3507 0.9363
vn 0.0544 0.3345 0.9408
vn -0.0024 0.4035 0.9150
vn 0.0212 0.2836 0.9587
vn -0.0018 -0.8068 0.5908
vn -0.0040 -0.5953 0.8035
vn 0.1465 -0.4224 0.8945
vn -0.1670 -0.5940 0.7869
vn 0.1521 -0.2248 0.9625
vn 0.2100 0.0712 0.9751
vn 0.0728 -0.1206 0.9900
vn 0.0408 -0.2172 0.9753
vn 0.0099 -0.1767 0.9842
vn -0.1245 -0.1481 0.9811
vn -0.0275 -0.2121 0.9769
vn -0.4550 0.0136 0.8904
vn 0.1442 -0.0089 0.9895
vn -0.5155 -0.0287 0.8564
vn 0.1472 -0.0103 0.9890
vn -0.4903 -0.0556 0.8698
vn -0.4856 -0.0384 0.8734
vn -0.3023 -0.0032 0.9532
vn 0.1556 -0.0155 0.9877
vn 0.1295 0.0617 0.9897
vn -0.0060 0.1353 0.9908
vn 0.0380 0.0275 0.9989
vn 0.0202 -0.0797 0.9966
vn 0.0271 0.0025 0.9996
vn -0.0628 0.0286 0.9976
vn 0.0093 -0.1514 0.9884
vn -0.0569 0.2585 0.9643
vn -0.0965 0.0770 0.9924
vn -0.0709 -0.2439 0.9672
vn 0.0316 -0.2375 0.9709
vn -0.0833 -0.0384 0.9958
vn 0.1192 -0.0050 0.9929
vn 0.1095 0.1371 0.9845
vn 0.1314 0.4101 0.9025
vn -0.0625 0.2691 0.9611
vn -0.0940 0.2840 0.9542
vn 0.1441 0.2194 0.9649
vn -0.0899 0.5280 0.8445
vn 0.0079 0.3251 0.9456
vn -0.0543 0.3119 0.9486
vn 0.0408 0.3754 0.9260
vn -0.0134 0.4790 0.8777
vn 0.0324 0.5118 0.8585
vn -0.0357 0.4019 0.9150
vn 0.0155 0.1992 0.9798
vn -0.0152 -0.7593 0.6506
vn 0.0148 -0.7476 0.6640
vn -0.0202 -0.4904 0.8713
vn -0.0081 -0.5099 0.8602
vn 0.0513 -0.5734 0.8177
vn 0.1376 -0.4944 0.8582
vn -0.2746 -0.2382 0.9316
vn -0.3136 -0.2429 0.9180
vn 0.1450 -0.0213 0.9892
vn -0.2201 -0.0784 0.9723
vn -0.3414 0.0555 0.9383
vn 0.0469 -0.1035 0.9935
vn -0.2336 0.0806 0.9690
vn -0.2036 0.0560 0.9774
vn -0.1739 -0.0047 0.9848
vn -0.2149 -0.0213 0.9764
vn -0.1157 -0.0103 0.9932
vn 0.0928 -0.0047 0.9957
vn -0.1279 0.0286 0.9914
vn 0.0942 0.0104 0.9955
vn -0.0329 0.1910 0.9810
vn -0.0001 0.0933 0.9956
vn -0.0400 0.2457 0.9685
vn -0.0188 0.0252 0.9995
vn -0.0830 0.2608 0.9618
vn 0.0591 0.0496 0.9970
vn -0.0094 -0.1121 0.9937
vn -0.0653 -0.1537 0.9860
vn -0.0291 -0.1326 0.9907
vn 0.1273 -0.0021 0.9919
vn -0.1313 0.0232 0.9911
vn 0.0561 0.1221 0.9909
vn 0.2713 0.3414 0.8999
vn 0.4820 0.5869 0.6505
vn 0.0124 0.3168 0.9484
vn 0.0023 0.1344 0.9909
vn -0.0739 0.4016 0.9128
vn 0.0090 0.3677 0.9299
vn -0.0507 0.2078 0.9769
vn 0.0247 0.1666 0.9857
vn 0.4240 0.5114 0.7474
vn -0.0074 0.1976 0.9803
vn 0.0039 0.1576 0.9875
vn -0.0253 -0.5119 0.8587
vn -0.0333 -0.5044 0.8628
vn 0.0118 -0.7236 0.6901
vn 0.0028 -0.5857 0.8105
vn 0.0461 -0.6408 0.7663
vn -0.0097 -0.3262 0.9453
vn -0.0020 -0.3313 0.9435
vn 0.1013 -0.1492 0.9836
vn 0.0609 -0.1048 0.9926
vn 0.0762 -0.0378 0.9964
vn -0.0273 -0.1107 0.9935
vn -0.1204 0.0540 0.9913
vn -0.1093 0.0177 0.9938
vn -0.0820 -0.0018 0.9966
vn 0.0759 0.0110 0.9971
vn -0.0621 0.0172 0.9979
vn -0.0406 0.0591 0.9974
vn 0.0582 0.0294 0.9979
vn -0.0206 0.0671 0.9975
vn 0.0118 0.0686 0.9976
vn -0.0359 0.0411 0.9985
vn 0.0175 0.0282 0.9994
vn 0.0811 0.0265 0.9964
vn -0.0114 -0.0055 0.9999
vn 0.0384 -0.0070 0.9992
vn 0.0381 0.0550 0.9978
vn 0.0892 0.0033 0.9960
vn -0.0529 -0.0075 0.9986
vn 0.0256 -0.0518 0.9983
vn -0.0938 0.0242 0.9953
vn -0.0172 -0.0445 0.9989
vn 0.0025 -0.1613 0.9869
vn -0.0275 -0.1146 0.9930
vn -0.0384 -0.1351 0.9901
vn 0.0260 -0.2128 0.9767
vn -0.0073 -0.1841 0.9829
vn -0.0988 -0.0664 0.9929
vn 0.0177 -0.1333 0.9909
vn 0.0595 0.0939 0.9938
vn -0.0955 0.2194 0.9710
vn -0.0382 0.0715 0.9967
vn -0.0028 0.1991 0.9800
vn 0.0047 0.2072 0.9783
vn 0.0106 0.1196 0.9928
vn 0.0237 0.0976 0.9949
vn -0.1590 0.4054 0.9002
vn 0.0328 0.3949 0.9181
vn 0.0216 -0.5646 0.8251
vn -0.0083 -0.4471 0.8944
vn 0.0078 -0.4790 0.8778
vn -0.0081 -0.4659 0.8848
vn 0.0308 -0.4568 0.8890
vn 0.0336 -0.4172 0.9082
vn 0.0997 -0.3655 0.9254
vn 0.0884 -0.2717 0.9583
vn -0.0133 -0.1893 0.9818
vn -0.0044 -0.1942 0.9810
vn 0.1020 0.0032 0.9948
vn -0.1051 -0.0571 0.9928
vn 0.0966 -0.0001 0.9953
vn -0.0812 0.0328 0.9962
vn 0.0722 -0.0538 0.9959
vn -0.0968 -0.0499 0.9941
vn 0.0737 -0.0270 0.9969
vn -0.0015 -0.0857 0.9963
vn -0.0025 -0.0686 0.9976
vn -0.0714 0.0302 0.9970
vn 0.0598 0.0087 0.9982
vn -0.0386 0.0245 0.9990
vn -0.0274 0.0258 0.9993
vn 0.0480 0.0213 0.9986
vn -0.0174 0.0877 0.9960
vn -0.0234 0.0790 0.9966
vn 0.0087 0.0600 0.9982
vn -0.0235 0.0476 0.9986
vn -0.0305 0.1339 0.9905
vn 0.0259 0.0650 0.9975
vn -0.0503 0.0330 0.9982
vn 0.0287 0.0491 0.9984
vn 0.0013 0.0134 0.9999
vn 0.0367 -0.0014 0.9993
vn -0.0286 0.1321 0.9908
vn -0.0730 0.0934 0.9929
vn 0.0331 -0.0483 0.9983
vn 0.0173 0.0289 0.9994
vn -0.0185 -0.0173 0.9997
vn -0.0491 -0.0098 0.9987
vn 0.0264 -0.0585 0.9979
vn -0.0322 -0.0523 0.9981
vn 0.0214 -0.0351 0.9992
vn 0.0359 0.0013 0.9994
vn 0.0284 0.0346 0.9990
vn 0.0520 0.0390 0.9979
vn -0.0020 0.0062 1.0000
vn -0.0237 0.0199 0.9995
vn 0.1777 0.1646 0.9702
vn 0.0021 0.0540 0.9985
vn 0.0062 0.0396 0.9992
vn -0.0114 0.0357 0.9993
vn -0.0189 0.1295 0.9914
vn 0.0311 0.1760 0.9839
vn -0.0572 0.2185 0.9742
vn -0.0163 0.0377 0.9992
vn 0.0132 0.0260 0.9996
vn -0.0008 0.1440 0.9896
vn 0.2087 0.2177 0.9534
vn -0.0211 -0.1757 0.9842
vn -0.0067 -0.1640 0.9864
vn 0.0418 -0.2025 0.9784
vn 0.0236 -0.2191 0.9754
vn 0.0482 -0.2867 0.9568
vn -0.0159 -0.1234 0.9922
vn 0.1261 -0.1891 0.9738
vn -0.1320 -0.4837 0.8652
vn -0.0227 -0.1076 0.9939
vn -0.0075 -0.1004 0.9949
vn 0.0562 -0.0146 0.9983
vn -0.0054 -0.0385 0.9992
vn -0.0183 -0.0697 0.9974
vn 0.0834 0.0171 0.9964
vn 0.1140 -0.1024 0.9882
vn 0.0661 -0.0155 0.9977
vn -0.1436 0.0117 0.9896
vn 0.0346 -0.0362 0.9987
vn 0.0369 0.0050 0.9993
vn 0.0336 -0.0056 0.9994
vn -0.0431 0.0140 0.9990
vn -0.0293 -0.0363 0.9989
vn -0.0021 -0.0307 0.9995
vn -0.0071 -0.0166 0.9998
vn 0.0065 -0.0084 0.9999
vn -0.0161 0.0228 0.9996
vn 0.0116 0.0438 0.9990
vn -0.0024 0.0348 0.9994
vn -0.0043 0.0155 0.9999
vn -0.0115 0.0111 0.9999
vn -0.0130 0.0250 0.9996
vn 0.0246 0.0228 0.9994
vn -0.0179 0.0328 0.9993
vn 0.0264 0.0648 0.9975
vn 0.0096 0.0501 0.9987
vn 0.0100 0.0365 0.9993
vn -0.0276 0.1067 0.9939
vn 0.0035 0.0285 0.9996
vn -0.0119 0.0433 0.9990
vn -0.0135 0.0919 0.9957
vn 0.0027 0.0206 0.9998
vn 0.0087 0.0212 0.9997
vn -0.0070 0.0128 0.9999
vn -0.0000 0.0366 0.9993
vn 0.0033 0.0044 1.0000
vn -0.0133 0.0233 0.9996
vn -0.0077 0.0084 0.9999
vn 0.0061 0.0195 0.9998
vn -0.0132 0.0431 0.9990
vn 0.0075 -0.0103 0.9999
vn -0.0055 0.0162 0.9999
vn -0.0129 0.0304 0.9995
vn -0.0046 -0.0377 0.9993
vn 0.0130 0.0274 0.9995
vn 0.0658 -0.0756 0.9950
vn -0.0583 0.0422 0.9974
vn -0.0732 0.0844 0.9937
vn -0.0114 -0.1442 0.9895
vn -0.0176 -0.1315 0.9912
vn -0.0848 -0.3136 0.9458
vn -0.0175 -0.0244 0.9995
vn -0.0086 -0.0067 0.9999
vn -0.0131 -0.0071 0.9999
vn 0.0460 0.0021 0.9989
vn -0.1633 -0.0679 0.9842
vn 0.0793 -0.1322 0.9881
vn -0.0085 -0.0021 1.0000
vn 0.0011 0.0024 1.0000
vn 0.0791 -0.0366 0.9962
vn -0.0088 0.0130 0.9999
vn -0.0045 0.0161 0.9999
vn -0.0175 0.0124 0.9998
vn -0.0697 0.0309 0.9971
vn 0.0381 0.0299 0.9988
vn -0.0263 0.0069 0.9996
vn 0.0149 0.0157 0.9998
vn 0.0067 0.0108 0.9999
vn -0.0084 -0.0206 0.9998
vn 0.0059 0.0102 0.9999
vn -0.0291 0.0361 0.9989
vn -0.0088 0.0100 0.9999
vn 0.0210 0.0498 0.9985
vn 0.0064 0.0039 1.0000
vn 0.0007 0.0008 1.0000
vn 0.0025 0.0119 0.9999
vn 0.0187 0.0592 0.9981
vn -0.0060 0.0070 1.0000
vn 0.0031 0.0019 1.0000
vn -0.0015 0.0003 1.0000
vn -0.0083 0.0193 0.9998
vn -0.0384 0.0931 0.9949
vn -0.0007 -0.2772 0.9608
vn -0.0497 -0.2902 0.9557
vn 0.0272 -0.1198 0.9924
vn 0.0348 -0.0892 0.9954
vn 0.0113 -0.0046 0.9999
vn -0.0778 0.0389 0.9962
vn 0.0364 -0.0083 0.9993
vn 0.0258 0.0400 0.9989
vn -0.0217 0.0522 0.9984
vn 0.0119 0.0402 0.9991
vn 0.0062 -0.0037 1.0000
vn -0.0511 0.0041 0.9987
vn 0.0111 0.0096 0.9999
vn -0.0229 0.0218 0.9995
vt 0.081487 0.868499
vt 0.081487 0.878631
vt 0.069004 0.871276
vt 0.716790 0.101785
vt 0.734929 0.102282
vt 0.731985 0.109864
vt 0.738104 0.107328
vt 0.081230 0.856918
vt 0.091683 0.856468
vt 0.090525 0.868523
vt 0.742978 0.102750
vt 0.090080 0.876261
vt 0.736485 0.119958
vt 0.741218 0.112511
vt 0.094627 0.870040
vt 0.496529 0.895762
vt 0.489595 0.891580
vt 0.506663 0.871729
vt 0.780247 0.233909
vt 0.799755 0.261791
vt 0.778893 0.259747
vt 0.039428 0.833591
vt 0.052612 0.838722
vt 0.055127 0.851343
vt 0.044075 0.824171
vt 0.065810 0.844323
vt 0.060238 0.825227
vt 0.066155 0.858515
vt 0.058404 0.865995
vt 0.069799 0.823345
vt 0.079273 0.835411
vt 0.062291 0.884463
vt 0.723876 0.115119
vt 0.451131 0.472345
vt 0.427819 0.476967
vt 0.444039 0.442318
vt 0.424397 0.455710
vt 0.508100 0.916678
vt 0.485816 0.901965
vt 0.452447 0.505704
vt 0.731771 0.122484
vt 0.434016 0.501787
vt 0.840592 0.893284
vt 0.841586 0.897033
vt 0.832212 0.899721
vt 0.739380 0.120380
vt 0.418136 0.487771
vt 0.415576 0.467578
vt 0.502185 0.865006
vt 0.093976 0.877222
vt 0.465703 0.905862
vt 0.420073 0.498645
vt 0.485976 0.890840
vt 0.277304 0.111075
vt 0.279537 0.119838
vt 0.266487 0.111757
vt 0.652511 0.573305
vt 0.663995 0.577487
vt 0.655843 0.586540
vt 0.293116 0.122625
vt 0.286265 0.128859
vt 0.264548 0.128938
vt 0.310489 0.139079
vt 0.300744 0.144321
vt 0.306966 0.151006
vt 0.836874 0.784847
vt 0.843148 0.803012
vt 0.833201 0.802642
vt 0.021242 0.871883
vt 0.042347 0.865846
vt 0.032423 0.880548
vt 0.856907 0.785706
vt 0.861778 0.761081
vt 0.030682 0.849864
vt 0.870952 0.767552
vt 0.871994 0.782395
vt 0.732341 0.826666
vt 0.722611 0.823876
vt 0.738823 0.817080
vt 0.730840 0.804645
vt 0.788688 0.221794
vt 0.798249 0.239421
vt 0.803409 0.230489
vt 0.047702 0.883945
vt 0.000654 0.749778
vt 0.015291 0.752571
vt 0.005561 0.779306
vt 0.021889 0.775019
vt 0.714940 0.119677
vt 0.700500 0.107740
vt 0.719992 0.126796
vt 0.711869 0.130202
vt 0.413211 0.878774
vt 0.415533 0.868130
vt 0.426754 0.874486
vt 0.473850 0.487223
vt 0.727277 0.135575
vt 0.717990 0.146899
vt 0.426932 0.850455
vt 0.048868 0.735508
vt 0.056619 0.747454
vt 0.045323 0.762343
vt 0.219246 0.740779
vt 0.194709 0.739834
vt 0.207717 0.729577
vt 0.060685 0.771740
vt 0.732847 0.130005
vt 0.226280 0.728855
vt 0.239790 0.742264
vt 0.064423 0.760715
vt 0.072642 0.778977
vt 0.177338 0.742382
vt 0.191282 0.725618
vt 0.198408 0.724363
vt 0.208352 0.724515
vt 0.203718 0.723821
vt 0.736423 0.128427
vt 0.730394 0.143255
vt 0.727342 0.150462
vt 0.181972 0.727446
vt 0.185775 0.724610
vt 0.070066 0.764838
vt 0.837444 0.899616
vt 0.825088 0.904600
vt 0.423637 0.508609
vt 0.418767 0.500199
vt 0.497589 0.863741
vt 0.506404 0.850577
vt 0.198204 0.722404
vt 0.409726 0.461544
vt 0.408918 0.453840
vt 0.416698 0.496411
vt 0.413725 0.477415
vt 0.976109 0.857700
vt 0.964738 0.864335
vt 0.962706 0.858687
vt 0.874817 0.949493
vt 0.862478 0.951341
vt 0.865799 0.935716
vt 0.869805 0.956559
vt 0.843990 0.940697
vt 0.839434 0.953749
vt 0.824320 0.946321
vt 0.819818 0.958473
vt 0.669374 0.602493
vt 0.660727 0.600829
vt 0.669209 0.589024
vt 0.279602 0.101518
vt 0.286262 0.108123
vt 0.300924 0.114934
vt 0.313988 0.129071
vt 0.318137 0.149272
vt 0.680816 0.089840
vt 0.692273 0.089897
vt 0.683786 0.104637
vt 0.830947 0.770859
vt 0.739891 0.830032
vt 0.750176 0.818529
vt 0.704419 0.097170
vt 0.735458 0.835145
vt 0.722085 0.830452
vt 0.711234 0.830198
vt 0.807151 0.217666
vt 0.792598 0.203202
vt 0.697064 0.125370
vt 0.808949 0.242596
vt 0.438872 0.894676
vt 0.441436 0.874774
vt 0.708223 0.142706
vt 0.440706 0.865403
vt 0.021872 0.722457
vt 0.450262 0.853441
vt 0.448531 0.838303
vt 0.282334 0.562887
vt 0.262881 0.568099
vt 0.280472 0.543087
vt 0.288394 0.576260
vt 0.268453 0.586725
vt 0.163944 0.506543
vt 0.194601 0.536544
vt 0.181234 0.536272
vt 0.060136 0.723703
vt 0.291770 0.588144
vt 0.193875 0.518154
vt 0.291220 0.549929
vt 0.291446 0.563322
vt 0.175743 0.560201
vt 0.065214 0.736793
vt 0.292967 0.567383
vt 0.292167 0.580423
vt 0.066497 0.747418
vt 0.191130 0.554721
vt 0.196118 0.507451
vt 0.200869 0.523578
vt 0.228007 0.724900
vt 0.200370 0.537263
vt 0.827632 0.905821
vt 0.819103 0.909070
vt 0.738234 0.127277
vt 0.733891 0.137732
vt 0.768162 0.001482
vt 0.759926 0.000030
vt 0.773071 0.000294
vt 0.849394 0.895300
vt 0.840072 0.902589
vt 0.189840 0.722214
vt 0.204167 0.141773
vt 0.206590 0.127508
vt 0.209390 0.148426
vt 0.210497 0.167276
vt 0.880558 0.947434
vt 0.868324 0.930598
vt 0.977335 0.854291
vt 0.963458 0.853902
vt 0.885975 0.964419
vt 0.871259 0.970008
vt 0.681098 0.629120
vt 0.675335 0.615053
vt 0.693160 0.614753
vt 0.851079 0.970438
vt 0.679835 0.595240
vt 0.834641 0.970411
vt 0.684598 0.590143
vt 0.294304 0.101376
vt 0.680006 0.568508
vt 0.666345 0.561556
vt 0.678893 0.120277
vt 0.669534 0.102817
vt 0.757864 0.836667
vt 0.801780 0.195756
vt 0.806762 0.202171
vt 0.814377 0.194118
vt 0.451115 0.874691
vt 0.816087 0.220613
vt 0.604650 0.821227
vt 0.621929 0.823044
vt 0.599912 0.831174
vt 0.332061 0.179889
vt 0.362597 0.148771
vt 0.360788 0.189264
vt 0.617412 0.842152
vt 0.633733 0.840084
vt 0.132954 0.587829
vt 0.108543 0.595294
vt 0.097643 0.573486
vt 0.322460 0.153354
vt 0.011407 0.323978
vt 0.050416 0.309246
vt 0.053590 0.331001
vt 0.900716 0.995633
vt 0.886234 0.997411
vt 0.878629 0.988483
vt 0.740388 0.995296
vt 0.718983 0.995296
vt 0.745243 0.987575
vt 0.084059 0.588307
vt 0.088243 0.596582
vt 0.432355 0.243864
vt 0.451292 0.247031
vt 0.429092 0.261823
vt 0.067605 0.336677
vt 0.061088 0.351767
vt 0.439159 0.274678
vt 0.294929 0.577297
vt 0.103523 0.601151
vt 0.294409 0.551855
vt 0.296454 0.580873
vt 0.298701 0.585258
vt 0.204360 0.514696
vt 0.118085 0.596769
vt 0.061822 0.319340
vt 0.087214 0.335005
vt 0.196424 0.557345
vt 0.180263 0.567759
vt 0.204465 0.540411
vt 0.729900 0.146699
vt 0.204476 0.715878
vt 0.076525 0.766803
vt 0.074224 0.777518
vt 0.217053 0.163377
vt 0.738791 0.131151
vt 0.403015 0.480956
vt 0.877794 0.937054
vt 0.969834 0.850220
vt 0.985714 0.860626
vt 0.979343 0.868310
vt 0.693093 0.600135
vt 0.863696 0.981105
vt 0.850718 0.985271
vt 0.694536 0.582066
vt 0.704164 0.569895
vt 0.304732 0.109216
vt 0.311204 0.106252
vt 0.696887 0.551338
vt 0.315879 0.116085
vt 0.821422 0.788958
vt 0.821894 0.021119
vt 0.823158 0.041721
vt 0.812435 0.034628
vt 0.660044 0.123297
vt 0.821691 0.622224
vt 0.805487 0.599082
vt 0.832997 0.615140
vt 0.840681 0.744549
vt 0.484599 0.886840
vt 0.471094 0.867895
vt 0.483784 0.868715
vt 0.460924 0.900730
vt 0.751467 0.842972
vt 0.727613 0.836208
vt 0.471111 0.849717
vt 0.715038 0.835819
vt 0.460314 0.823703
vt 0.253557 0.592247
vt 0.821107 0.206655
vt 0.558328 0.258692
vt 0.566775 0.254201
vt 0.552871 0.281766
vt 0.584152 0.274845
vt 0.637490 0.848424
vt 0.939873 0.889528
vt 0.927663 0.874964
vt 0.936428 0.865888
vt 0.399994 0.244031
vt 0.403989 0.279187
vt 0.381486 0.248302
vt 0.597858 0.269315
vt 0.006068 0.352815
vt 0.031100 0.378164
vt 0.051957 0.386709
vt 0.589704 0.306091
vt 0.602982 0.603029
vt 0.618248 0.628576
vt 0.595615 0.623295
vt 0.315608 0.178018
vt 0.623473 0.605128
vt 0.649121 0.840682
vt 0.035391 0.303403
vt 0.434228 0.293563
vt 0.940600 0.592653
vt 0.958141 0.592653
vt 0.948415 0.600798
vt 0.763133 0.994243
vt 0.068969 0.577646
vt 0.496034 0.789711
vt 0.497258 0.785143
vt 0.504925 0.794481
vt 0.295454 0.564224
vt 0.448551 0.273045
vt 0.446688 0.278935
vt 0.071775 0.586331
vt 0.454381 0.264835
vt 0.218892 0.719479
vt 0.033354 0.293533
vt 0.452938 0.271793
vt 0.072217 0.750721
vt 0.110309 0.607969
vt 0.101329 0.608097
vt 0.060109 0.312972
vt 0.086341 0.325114
vt 0.200432 0.568016
vt 0.816762 0.912535
vt 0.733206 0.145103
vt 0.182472 0.720349
vt 0.398099 0.459759
vt 0.218453 0.132403
vt 0.194704 0.718442
vt 0.688377 0.631511
vt 0.681811 0.637368
vt 0.684827 0.630187
vt 0.693921 0.624564
vt 0.956128 0.849671
vt 0.698885 0.615953
vt 0.978822 0.851458
vt 0.701248 0.608266
vt 0.988729 0.865953
vt 0.702390 0.595137
vt 0.883108 0.984797
vt 0.819012 0.660382
vt 0.832553 0.637031
vt 0.810871 0.647671
vt 0.803176 0.014967
vt 0.330309 0.117097
vt 0.798428 0.039537
vt 0.800834 0.057306
vt 0.803724 0.065714
vt 0.816885 0.059800
vt 0.333058 0.128223
vt 0.819702 0.077595
vt 0.493219 0.856977
vt 0.496109 0.849430
vt 0.744768 0.843344
vt 0.590683 0.853002
vt 0.579054 0.848755
vt 0.596873 0.846554
vt 0.573045 0.825905
vt 0.608851 0.866269
vt 0.614472 0.855472
vt 0.628529 0.866828
vt 0.742659 0.220023
vt 0.745329 0.233993
vt 0.714882 0.237732
vt 0.806970 0.191581
vt 0.797449 0.191369
vt 0.950607 0.906570
vt 0.952035 0.897407
vt 0.946751 0.884813
vt 0.777206 0.246264
vt 0.749988 0.255195
vt 0.635675 0.859664
vt 0.723447 0.250327
vt 0.949868 0.864714
vt 0.772112 0.264397
vt 0.565194 0.246208
vt 0.541885 0.261886
vt 0.578442 0.637931
vt 0.597579 0.635569
vt 0.583457 0.641377
vt 0.599311 0.247709
vt 0.424052 0.414247
vt 0.400191 0.406419
vt 0.411304 0.384609
vt 0.395522 0.395435
vt 0.440336 0.304377
vt 0.430509 0.312391
vt 0.416315 0.431146
vt 0.412623 0.421888
vt 0.489299 0.780501
vt 0.214199 0.716154
vt 0.047478 0.300588
vt 0.208999 0.514938
vt 0.208830 0.537457
vt 0.090219 0.605919
vt 0.464153 0.260140
vt 0.206500 0.560444
vt 0.083914 0.320710
vt 0.221494 0.173170
vt 0.897987 0.001526
vt 0.910301 0.005527
vt 0.896752 0.005505
vt 0.896586 0.302541
vt 0.898172 0.295934
vt 0.909884 0.301910
vt 0.927869 0.298576
vt 0.921989 0.309838
vt 0.921956 0.286809
vt 0.502538 0.206473
vt 0.517079 0.208709
vt 0.514100 0.228891
vt 0.820953 0.672958
vt 0.803665 0.669553
vt 0.540014 0.231480
vt 0.541921 0.210970
vt 0.838149 0.656475
vt 0.319826 0.111477
vt 0.316978 0.100883
vt 0.784972 0.014652
vt 0.784296 0.064837
vt 0.782577 0.078013
vt 0.774367 0.070189
vt 0.775658 0.039786
vt 0.794652 0.089630
vt 0.865245 0.741379
vt 0.010237 0.827514
vt 0.011390 0.811023
vt 0.036558 0.822899
vt 0.039952 0.796306
vt 0.024507 0.801838
vt 0.021717 0.782818
vt 0.594585 0.864341
vt 0.624216 0.880285
vt 0.771990 0.220509
vt 0.958230 0.875504
vt 0.576628 0.644574
vt 0.556371 0.636774
vt 0.801259 0.188587
vt 0.582597 0.646375
vt 0.528104 0.262515
vt 0.555196 0.247182
vt 0.591527 0.645475
vt 0.609681 0.646994
vt 0.616733 0.640839
vt 0.598612 0.235588
vt 0.401988 0.379301
vt 0.409247 0.370204
vt 0.304405 0.153706
vt 0.004319 0.944512
vt 0.009825 0.948388
vt 0.003194 0.966349
vt 0.008581 0.967236
vt 0.003073 0.980239
vt 0.442635 0.294985
vt 0.304534 0.552280
vt 0.300288 0.575634
vt 0.228397 0.713690
vt 0.068641 0.589022
vt 0.460196 0.269796
vt 0.078598 0.754880
vt 0.829980 0.911105
vt 0.103806 0.616624
vt 0.061310 0.575871
vt 0.061984 0.307820
vt 0.077793 0.315027
vt 0.212664 0.186850
vt 0.415394 0.510023
vt 0.691749 0.630156
vt 0.879637 0.303270
vt 0.897710 0.311600
vt 0.913908 0.316398
vt 0.489017 0.212339
vt 0.502099 0.228971
vt 0.986301 0.853338
vt 0.966628 0.773683
vt 0.948093 0.781044
vt 0.952888 0.772301
vt 0.515093 0.242590
vt 0.951223 0.794837
vt 0.932876 0.799812
vt 0.769457 0.049622
vt 0.981223 0.593004
vt 0.980351 0.601301
vt 0.967896 0.591142
vt 0.774642 0.028596
vt 0.770217 0.070711
vt 0.771435 0.076743
vt 0.969232 0.230102
vt 0.945630 0.230102
vt 0.965351 0.213223
vt 0.343494 0.947293
vt 0.312957 0.955071
vt 0.338430 0.925403
vt 0.301988 0.933114
vt 0.334109 0.113068
vt 0.058222 0.816216
vt 0.047311 0.803336
vt 0.821714 0.747810
vt 0.812641 0.758786
vt 0.051911 0.784595
vt 0.038543 0.769967
vt 0.052779 0.772312
vt 0.785534 0.190515
vt 0.786881 0.210562
vt 0.759800 0.202584
vt 0.736536 0.196738
vt 0.614616 0.881039
vt 0.964862 0.902899
vt 0.961734 0.884365
vt 0.574921 0.654501
vt 0.400958 0.376276
vt 0.397582 0.382675
vt 0.305645 0.178849
vt 0.392598 0.396913
vt 0.393386 0.401704
vt 0.409627 0.424751
vt 0.399083 0.412957
vt 0.469362 0.257790
vt 0.683968 0.639594
vt 0.869668 0.302655
vt 0.888667 0.312943
vt 0.923313 0.318450
vt 0.948639 0.766151
vt 0.910058 0.785565
vt 0.918731 0.768552
vt 0.332221 0.242591
vt 0.317062 0.226844
vt 0.330888 0.229933
vt 0.130755 0.414448
vt 0.121016 0.432027
vt 0.097200 0.416781
vt 0.767031 0.027046
vt 0.764116 0.059887
vt 0.069991 0.431799
vt 0.078465 0.415938
vt 0.066553 0.423644
vt 0.057154 0.436692
vt 0.359935 0.928402
vt 0.351699 0.928250
vt 0.360492 0.917316
vt 0.105492 0.552039
vt 0.091434 0.570661
vt 0.100213 0.541291
vt 0.091335 0.533640
vt 0.344982 0.901353
vt 0.337159 0.101547
vt 0.059181 0.801791
vt 0.343008 0.112513
vt 0.159285 0.071068
vt 0.134177 0.061338
vt 0.143944 0.054757
vt 0.163847 0.088068
vt 0.150292 0.084524
vt 0.972934 0.998265
vt 0.972934 0.983599
vt 0.987267 0.997831
vt 0.731077 0.843685
vt 0.966267 0.867460
vt 0.552849 0.650806
vt 0.569362 0.655939
vt 0.534208 0.250064
vt 0.588623 0.651900
vt 0.568297 0.238890
vt 0.611944 0.649393
vt 0.623360 0.642361
vt 0.293228 0.183301
vt 0.011146 0.932764
vt 0.015259 0.960453
vt 0.500621 0.779968
vt 0.451711 0.292052
vt 0.217665 0.715427
vt 0.802459 0.919831
vt 0.801908 0.923992
vt 0.185141 0.714905
vt 0.214592 0.537969
vt 0.091686 0.617902
vt 0.894415 0.004176
vt 0.893007 0.007220
vt 0.884651 0.004179
vt 0.044472 0.286338
vt 0.053839 0.298496
vt 0.884751 0.316449
vt 0.929194 0.000744
vt 0.939320 0.000744
vt 0.937175 0.003790
vt 0.915694 0.320354
vt 0.957053 0.846337
vt 0.976429 0.844603
vt 0.490940 0.232906
vt 0.962867 0.764339
vt 0.932900 0.767922
vt 0.763910 0.018663
vt 0.114464 0.398829
vt 0.993463 0.861516
vt 0.323648 0.266608
vt 0.308535 0.250923
vt 0.094263 0.402936
vt 0.761225 0.039396
vt 0.242671 0.379724
vt 0.256259 0.383357
vt 0.235834 0.396318
vt 0.121355 0.534112
vt 0.121753 0.546124
vt 0.367200 0.931576
vt 0.359977 0.942795
vt 0.245346 0.404848
vt 0.105382 0.524993
vt 0.347166 0.952137
vt 0.259850 0.416262
vt 0.247506 0.424043
vt 0.829214 0.734593
vt 0.817091 0.741868
vt 0.260451 0.424598
vt 0.061745 0.794142
vt 0.065488 0.783118
vt 0.179827 0.079906
vt 0.858690 0.728258
vt 0.770008 0.845071
vt 0.975383 0.903323
vt 0.971734 0.892144
vt 0.746728 0.848028
vt 0.570747 0.661170
vt 0.595892 0.653682
vt 0.585478 0.226293
vt 0.290897 0.151621
vt 0.018393 0.931951
vt 0.015545 0.941192
vt 0.449586 0.319353
vt 0.388750 0.413776
vt 0.514465 0.790294
vt 0.515115 0.799136
vt 0.217032 0.565976
vt 0.063570 0.593291
vt 0.401255 0.515364
vt 0.863567 0.306070
vt 0.907367 0.323646
vt 0.482874 0.227695
vt 0.945763 0.762678
vt 0.958338 0.755694
vt 0.340143 0.269987
vt 0.343971 0.255041
vt 0.231727 0.374483
vt 0.237501 0.370486
vt 0.068257 0.394123
vt 0.578676 0.808967
vt 0.576255 0.805065
vt 0.577768 0.799789
vt 0.058598 0.413317
vt 0.572559 0.823602
vt 0.579655 0.819498
vt 0.566971 0.814851
vt 0.564918 0.793522
vt 0.265436 0.398517
vt 0.540687 0.814975
vt 0.069241 0.793329
vt 0.078798 0.800135
vt 0.435001 0.135300
vt 0.426079 0.119519
vt 0.443277 0.114911
vt 0.846078 0.724595
vt 0.858343 0.722933
vt 0.170417 0.062283
vt 0.158835 0.046648
vt 0.773142 0.849646
vt 0.762565 0.851667
vt 0.307635 0.248134
vt 0.289302 0.248134
vt 0.309305 0.226752
vt 0.976462 0.877989
vt 0.067286 0.462175
vt 0.080033 0.471101
vt 0.062589 0.465082
vt 0.564744 0.230522
vt 0.403460 0.355941
vt 0.393583 0.362850
vt 0.384844 0.391251
vt 0.490683 0.774463
vt 0.494734 0.770330
vt 0.306035 0.564978
vt 0.305761 0.568427
vt 0.520763 0.799491
vt 0.304025 0.582180
vt 0.847853 0.901186
vt 0.844681 0.911584
vt 0.835899 0.919926
vt 0.302287 0.584923
vt 0.470242 0.272563
vt 0.814406 0.922557
vt 0.061851 0.300378
vt 0.102244 0.312762
vt 0.393463 0.496060
vt 0.926156 0.333866
vt 0.480870 0.216541
vt 0.491281 0.206952
vt 0.967079 0.757303
vt 0.920918 0.762856
vt 0.351140 0.259567
vt 0.347227 0.239262
vt 0.343214 0.215183
vt 0.354819 0.223218
vt 0.988489 0.847215
vt 0.911376 0.762596
vt 0.347664 0.206698
vt 0.991909 0.851322
vt 0.909363 0.768473
vt 0.101339 0.387449
vt 0.257047 0.370499
vt 0.582014 0.786942
vt 0.367700 0.942396
vt 0.272596 0.383785
vt 0.400944 0.133773
vt 0.398159 0.121836
vt 0.080070 0.780641
vt 0.187851 0.065767
vt 0.164394 0.034857
vt 0.151121 0.038786
vt 0.290241 0.233046
vt 0.981153 0.889727
vt 0.260597 0.220097
vt 0.250782 0.238999
vt 0.251673 0.224708
vt 0.270681 0.234373
vt 0.063519 0.472390
vt 0.050483 0.472086
vt 0.047449 0.452083
vt 0.079776 0.475402
vt 0.572666 0.661952
vt 0.382603 0.408339
vt 0.018683 0.943592
vt 0.027101 0.958682
vt 0.507172 0.781834
vt 0.202667 0.699949
vt 0.213480 0.510702
vt 0.090026 0.761230
vt 0.209776 0.710934
vt 0.358521 0.245150
vt 0.947658 0.756880
vt 0.352269 0.680430
vt 0.364738 0.679036
vt 0.353635 0.693431
vt 0.925856 0.756735
vt 0.375557 0.681485
vt 0.371690 0.702089
vt 0.357648 0.220997
vt 0.287344 0.366364
vt 0.267198 0.369713
vt 0.094653 0.387144
vt 0.082965 0.387601
vt 0.588525 0.778372
vt 0.588755 0.798546
vt 0.336624 0.727770
vt 0.372818 0.950572
vt 0.373064 0.940583
vt 0.382748 0.695151
vt 0.396848 0.708663
vt 0.088800 0.518765
vt 0.101469 0.512818
vt 0.569859 0.779075
vt 0.410319 0.175265
vt 0.431278 0.153921
vt 0.398720 0.161329
vt 0.086488 0.794920
vt 0.083766 0.788656
vt 0.200351 0.072791
vt 0.197471 0.064598
vt 0.391563 0.133292
vt 0.181598 0.049239
vt 0.385697 0.118118
vt 0.387558 0.135441
vt 0.383441 0.130932
vt 0.780989 0.856949
vt 0.275723 0.221909
vt 0.259495 0.213660
vt 0.587367 0.660296
vt 0.585534 0.213808
vt 0.386408 0.375520
vt 0.283003 0.160541
vt 0.378673 0.399179
vt 0.394529 0.433133
vt 0.381666 0.464934
vt 0.234968 0.132167
vt 0.233853 0.163810
vt 0.078599 0.295496
vt 0.909363 0.333719
vt 0.888149 0.328713
vt 0.341251 0.678275
vt 0.362006 0.241883
vt 0.279409 0.359214
vt 0.383116 0.679510
vt 0.112968 0.372059
vt 0.264779 0.363555
vt 0.246904 0.366169
vt 0.127965 0.515387
vt 0.139009 0.524887
vt 0.119728 0.516118
vt 0.591839 0.814341
vt 0.379601 0.934922
vt 0.093082 0.491051
vt 0.099650 0.497982
vt 0.204799 0.063970
vt 0.205653 0.058587
vt 0.764968 0.856104
vt 0.259860 0.202136
vt 0.251920 0.215991
vt 0.246522 0.220233
vt 0.749569 0.852643
vt 0.734771 0.850530
vt 0.065640 0.479355
vt 0.722757 0.850842
vt 0.710457 0.838267
vt 0.570632 0.667461
vt 0.596782 0.663551
vt 0.280727 0.151967
vt 0.016300 0.924547
vt 0.519582 0.789786
vt 0.468136 0.292761
vt 0.239002 0.548188
vt 0.880865 0.006157
vt 0.680242 0.901021
vt 0.676437 0.912648
vt 0.672263 0.912349
vt 0.692241 0.899934
vt 0.288572 0.356045
vt 0.283166 0.355607
vt 0.479150 0.237696
vt 0.473717 0.239596
vt 0.955867 0.749973
vt 0.968235 0.833133
vt 0.948194 0.844352
vt 0.664748 0.919170
vt 0.667283 0.921975
vt 0.658331 0.924700
vt 0.902442 0.757060
vt 0.911567 0.753319
vt 0.365046 0.213219
vt 0.365457 0.229192
vt 0.231982 0.365846
vt 0.239899 0.357062
vt 0.104220 0.369053
vt 0.257249 0.358863
vt 0.392367 0.687476
vt 0.401723 0.706005
vt 0.212453 0.050392
vt 0.216087 0.056815
vt 0.106393 0.507890
vt 0.574415 0.771033
vt 0.204399 0.055053
vt 0.394771 0.164714
vt 0.154631 0.022764
vt 0.304368 0.208505
vt 0.781160 0.859472
vt 0.264919 0.201987
vt 0.254133 0.205027
vt 0.050311 0.478690
vt 0.076960 0.480266
vt 0.521092 0.237609
vt 0.609772 0.657560
vt 0.283353 0.183352
vt 0.223184 0.705165
vt 0.046391 0.605315
vt 0.781355 0.704732
vt 0.777158 0.704822
vt 0.778782 0.699825
vt 0.904377 0.338068
vt 0.361965 0.275418
vt 0.090672 0.378820
vt 0.597893 0.785593
vt 0.217964 0.048858
vt 0.125221 0.512793
vt 0.380128 0.944899
vt 0.097972 0.489980
vt 0.374894 0.947217
vt 0.103800 0.494594
vt 0.191879 0.041108
vt 0.388499 0.157508
vt 0.380997 0.132753
vt 0.280915 0.201189
vt 0.293154 0.196178
vt 0.749815 0.856713
vt 0.054207 0.480375
vt 0.335417 0.650311
vt 0.349873 0.650619
vt 0.350639 0.655123
vt 0.359286 0.654458
vt 0.034864 0.939530
vt 0.499281 0.770141
vt 0.815898 0.931341
vt 0.312034 0.547524
vt 0.232862 0.521115
vt 0.267635 0.357045
vt 0.371396 0.245545
vt 0.673156 0.927731
vt 0.979427 0.839802
vt 0.989435 0.840428
vt 0.368930 0.221666
vt 0.067120 0.384999
vt 0.143946 0.518454
vt 0.410528 0.687796
vt 0.414532 0.699136
vt 0.109099 0.501738
vt 0.386397 0.168766
vt 0.175407 0.026381
vt 0.305685 0.191665
vt 0.374812 0.863252
vt 0.375112 0.846064
vt 0.394418 0.858459
vt 0.358592 0.839462
vt 0.350490 0.860813
vt 0.342817 0.859929
vt 0.047148 0.957571
vt 0.040241 0.953528
vt 0.055080 0.951010
vt 0.765280 0.860530
vt 0.928841 0.005509
vt 0.918010 0.005509
vt 0.925281 0.001040
vt 0.035718 0.959887
vt 0.379473 0.431841
vt 0.507728 0.776660
vt 0.831322 0.922650
vt 0.530157 0.799322
vt 0.888668 0.014582
vt 0.771570 0.718635
vt 0.470231 0.205710
vt 0.473359 0.220250
vt 0.465467 0.207199
vt 0.370735 0.265358
vt 0.373213 0.235930
vt 0.936750 0.750773
vt 0.658414 0.937493
vt 0.995268 0.843358
vt 0.254689 0.354926
vt 0.370773 0.211724
vt 0.100805 0.364547
vt 0.603833 0.781175
vt 0.599610 0.803696
vt 0.207820 0.037493
vt 0.201951 0.028883
vt 0.601646 0.818635
vt 0.597617 0.827115
vt 0.996776 0.325067
vt 0.975316 0.341516
vt 0.980105 0.320118
vt 0.120824 0.501733
vt 0.329729 0.201746
vt 0.414329 0.854362
vt 0.392820 0.840168
vt 0.381010 0.834993
vt 0.365676 0.829030
vt 0.067462 0.956513
vt 0.073301 0.946223
vt 0.249591 0.208386
vt 0.731456 0.857716
vt 0.062482 0.487051
vt 0.707001 0.849680
vt 0.619074 0.655424
vt 0.366227 0.379300
vt 0.363230 0.651757
vt 0.363670 0.658284
vt 0.460784 0.305073
vt 0.854943 0.903946
vt 0.795604 0.935118
vt 0.692571 0.930514
vt 0.784264 0.686857
vt 0.468772 0.239163
vt 0.375854 0.225174
vt 0.920512 0.747597
vt 0.410843 0.983124
vt 0.415540 0.972912
vt 0.428737 0.974578
vt 0.423208 0.964844
vt 0.442244 0.971508
vt 0.393805 0.982293
vt 0.597917 0.766445
vt 0.603308 0.793241
vt 0.095037 0.478262
vt 0.954357 0.342350
vt 0.959868 0.330721
vt 0.380773 0.155321
vt 0.393135 0.827501
vt 0.369689 0.812214
vt 0.374420 0.145852
vt 0.371350 0.116877
vt 0.586748 0.672871
vt 0.604553 0.667800
vt 0.319035 0.570981
vt 0.087379 0.646038
vt 0.890155 0.338522
vt 0.467941 0.219424
vt 0.955576 0.744765
vt 0.938674 0.745313
vt 0.393929 0.971296
vt 0.401207 0.964954
vt 0.641010 0.940249
vt 0.069397 0.374064
vt 0.605222 0.809385
vt 0.133702 0.507193
vt 0.142549 0.508472
vt 0.114255 0.478724
vt 0.115557 0.492735
vt 0.413533 0.833388
vt 0.083350 0.949005
vt 0.087906 0.946252
vt 0.086988 0.953675
vt 0.075553 0.954025
vt 0.074984 0.947438
vt 0.060506 0.944134
vt 0.740092 0.861854
vt 0.292435 0.646181
vt 0.304270 0.638826
vt 0.320079 0.659202
vt 0.349520 0.646188
vt 0.357387 0.644829
vt 0.492788 0.761060
vt 0.316505 0.590630
vt 0.065049 0.007519
vt 0.053934 0.002645
vt 0.071925 0.003410
vt 0.921423 0.744400
vt 0.068832 0.014987
vt 0.079190 0.012475
vt 0.242340 0.351837
vt 0.380421 0.978302
vt 0.415781 0.663305
vt 0.415972 0.675003
vt 0.403706 0.675055
vt 0.422674 0.665260
vt 0.423842 0.653846
vt 0.609036 0.813948
vt 0.059749 0.377251
vt 0.416377 0.644426
vt 0.092602 0.465107
vt 0.964171 0.325451
vt 0.434513 0.841270
vt 0.101089 0.951370
vt 0.097074 0.947228
vt 0.376080 0.794683
vt 0.363776 0.133141
vt 0.039046 0.944192
vt 0.247895 0.201306
vt 0.242206 0.214661
vt 0.241029 0.222391
vt 0.322928 0.627938
vt 0.358316 0.411243
vt 0.370401 0.649568
vt 0.377497 0.657718
vt 0.512347 0.774197
vt 0.494264 0.758264
vt 0.703495 0.916615
vt 0.774481 0.698577
vt 0.261247 0.349390
vt 0.233558 0.354136
vt 0.385447 0.225301
vt 0.387317 0.968559
vt 0.423729 0.672710
vt 0.609605 0.761802
vt 0.613497 0.786024
vt 0.425797 0.663162
vt 0.614305 0.797944
vt 0.047047 0.010726
vt 0.047895 0.002650
vt 0.065296 0.014982
vt 0.549808 0.927366
vt 0.555293 0.917955
vt 0.571170 0.944525
vt 0.132491 0.496412
vt 0.156697 0.523651
vt 0.158253 0.545084
vt 0.149613 0.527978
vt 0.075716 0.943880
vt 0.171847 0.882141
vt 0.177863 0.903720
vt 0.171847 0.901687
vt 0.367262 0.355760
vt 0.366935 0.641973
vt 0.360497 0.404476
vt 0.379334 0.653903
vt 0.284618 0.345964
vt 0.985273 0.834149
vt 0.411815 0.680165
vt 0.428737 0.649296
vt 0.646669 0.923296
vt 0.596084 0.304175
vt 0.595557 0.298232
vt 0.603540 0.302584
vt 0.595697 0.293141
vt 0.601418 0.289883
vt 0.600210 0.279988
vt 0.613638 0.283422
vt 0.135743 0.533797
vt 0.139239 0.528383
vt 0.143702 0.545912
vt 0.155756 0.558297
vt 0.333973 0.696857
vt 0.334452 0.725503
vt 0.295466 0.709291
vt 0.229465 0.211284
vt 0.049659 0.495362
vt 0.086210 0.490742
vt 0.220736 0.687003
vt 0.873953 0.010443
vt 0.906791 0.361050
vt 0.388709 0.234677
vt 0.391729 0.242856
vt 0.962086 0.821842
vt 0.974821 0.828267
vt 0.409072 0.956003
vt 0.433518 0.659192
vt 0.571683 0.922318
vt 0.607857 0.276060
vt 0.606969 0.262448
vt 0.615237 0.272660
vt 0.423798 0.640339
vt 0.430127 0.696769
vt 0.371931 0.165327
vt 0.833693 0.435728
vt 0.834966 0.430431
vt 0.840692 0.430431
vt 0.102169 0.938011
vt 0.096344 0.934754
vt 0.372293 0.157313
vt 0.070269 0.932623
vt 0.841624 0.404702
vt 0.824192 0.397327
vt 0.842189 0.392525
vt 0.397630 0.347635
vt 0.405910 0.452083
vt 0.052084 0.649184
vt 0.003649 0.488356
vt 0.037157 0.488356
vt 0.006988 0.506606
vt 0.940344 0.737817
vt 0.081445 0.010810
vt 0.761982 0.682673
vt 0.766649 0.673258
vt 0.772726 0.680172
vt 0.386612 0.962739
vt 0.996894 0.837709
vt 0.428518 0.676325
vt 0.426278 0.960717
vt 0.618003 0.766593
vt 0.398327 0.209696
vt 0.084356 0.337615
vt 0.615018 0.276267
vt 0.138707 0.549824
vt 0.143094 0.558638
vt 0.296764 0.671585
vt 0.332617 0.672259
vt 0.288072 0.681592
vt 0.961168 0.000592
vt 0.954552 0.005399
vt 0.951174 0.000143
vt 0.040234 0.936379
vt 0.230611 0.205674
vt 0.391794 0.334313
vt 0.766355 0.719190
vt 0.454645 0.248802
vt 0.453561 0.226865
vt 0.368840 0.971445
vt 0.435325 0.644392
vt 0.917450 0.875520
vt 0.911387 0.856462
vt 0.925786 0.860779
vt 0.013788 0.166188
vt 0.000696 0.153197
vt 0.007397 0.151792
vt 0.278367 0.693085
vt 0.288747 0.717143
vt 0.276257 0.713015
vt 0.834961 0.439100
vt 0.842750 0.439468
vt 0.087964 0.933130
vt 0.243537 0.196874
vt 0.836143 0.385820
vt 0.829117 0.373241
vt 0.837468 0.378458
vt 0.083613 0.500637
vt 0.533171 0.778703
vt 0.362854 0.482522
vt 0.862205 0.020658
vt 0.859647 0.004584
vt 0.439943 0.203591
vt 0.947840 0.731170
vt 0.219129 0.041217
vt 0.205263 0.026536
vt 0.211967 0.016213
vt 0.240947 0.345202
vt 0.228222 0.340962
vt 0.439651 0.656055
vt 0.900711 0.847576
vt 0.886208 0.829311
vt 0.908536 0.845495
vt 0.150263 0.565840
vt 0.167466 0.565846
vt 0.924882 0.890644
vt 0.177170 0.563675
vt 0.075950 0.933421
vt 0.062212 0.924923
vt 0.180463 0.886166
vt 0.334483 0.619596
vt 0.372372 0.631656
vt 0.852679 0.922526
vt 0.404985 0.942945
vt 0.135118 0.562868
vt 0.277936 0.685752
vt 0.096483 0.928872
vt 0.833783 0.413510
vt 0.590156 0.684370
vt 0.328811 0.546123
vt 0.905050 0.026680
vt 0.885745 0.023768
vt 0.767731 0.702799
vt 0.088636 0.003159
vt 0.778317 0.685491
vt 0.905494 0.000203
vt 0.918183 0.000203
vt 0.914563 0.003827
vt 0.169140 0.569154
vt 0.018876 0.161311
vt 0.627476 0.274261
vt 0.622026 0.262050
vt 0.572812 0.913990
vt 0.580874 0.920332
vt 0.289584 0.670828
vt 0.296956 0.653463
vt 0.576650 0.941924
vt 0.269284 0.694947
vt 0.268172 0.719786
vt 0.069833 0.504031
vt 0.378900 0.630240
vt 0.272709 0.169646
vt 0.485013 0.323391
vt 0.251702 0.333719
vt 0.269997 0.337701
vt 0.922375 0.731909
vt 0.779065 0.669826
vt 0.784700 0.675900
vt 0.434534 0.683920
vt 0.425177 0.687945
vt 0.979524 0.825588
vt 0.441936 0.666250
vt 0.670939 0.960520
vt 0.144635 0.573098
vt 0.620492 0.294885
vt 0.269207 0.683739
vt 0.161730 0.992124
vt 0.175014 0.990886
vt 0.153349 0.998750
vt 0.260346 0.716597
vt 0.304165 0.631317
vt 0.520102 0.761965
vt 0.372589 0.464927
vt 0.336699 0.578960
vt 0.893732 0.825728
vt 0.592106 0.917962
vt 0.615205 0.304495
vt 0.621527 0.284752
vt 0.288125 0.652448
vt 0.282226 0.668836
vt 0.557501 0.944962
vt 0.826703 0.446842
vt 0.257638 0.708438
vt 0.826028 0.434693
vt 0.823755 0.417938
vt 0.838185 0.423478
vt 0.372507 0.318449
vt 0.311491 0.434931
vt 0.301560 0.438546
vt 0.301053 0.416420
vt 0.357138 0.505905
vt 0.228527 0.331852
vt 0.984409 0.825527
vt 0.993313 0.824630
vt 0.413127 0.932241
vt 0.162383 0.573682
vt 0.610998 0.307359
vt 0.607819 0.687651
vt 0.314179 0.603022
vt 0.312990 0.447476
vt 0.189180 0.683913
vt 0.204735 0.674098
vt 0.049871 0.512232
vt 0.007560 0.512232
vt 0.043453 0.488272
vt 0.927161 0.852002
vt 0.455528 0.653917
vt 0.602668 0.901868
vt 0.599877 0.915121
vt 0.951575 0.854580
vt 0.162374 0.579872
vt 0.078891 0.926419
vt 0.822869 0.387676
vt 0.185432 0.904092
vt 0.384841 0.639322
vt 0.413862 0.650155
vt 0.562452 0.791198
vt 0.768146 0.687619
vt 0.023192 0.172566
vt 0.000159 0.168002
vt 0.452696 0.646392
vt 0.174446 0.985359
vt 0.088929 0.920841
vt 0.081950 0.918082
vt 0.023775 0.930756
vt 0.044733 0.910549
vt 0.947657 0.072802
vt 0.938293 0.087204
vt 0.926787 0.084759
vt 0.182263 0.916364
vt 0.195185 0.905493
vt 0.356203 0.614222
vt 0.836023 0.939965
vt 0.336126 0.563867
vt 0.152980 0.582263
vt 0.625715 0.300482
vt 0.172706 0.575054
vt 0.083035 0.920701
vt 0.053748 0.909405
vt 0.289476 0.451244
vt 0.283994 0.131110
vt 0.755899 0.713357
vt 0.420936 0.231985
vt 0.874465 0.773355
vt 0.892720 0.813851
vt 0.884971 0.815172
vt 0.391566 0.937207
vt 0.630323 0.263012
vt 0.635169 0.283103
vt 0.026470 0.164033
vt 0.017735 0.157906
vt 0.594654 0.934802
vt 0.269388 0.641377
vt 0.254451 0.682299
vt 0.188995 0.885562
vt 0.085213 0.517050
vt 0.096631 0.509229
vt 0.311570 0.454341
vt 0.851147 0.007579
vt 0.845488 0.027148
vt 0.729267 0.945407
vt 0.137618 0.581367
vt 0.167298 0.586685
vt 0.247554 0.723071
vt 0.323891 0.464135
vt 0.302775 0.489913
vt 0.282204 0.462265
vt 0.843420 0.935721
vt 0.708939 0.950641
vt 0.970154 0.817332
vt 0.019098 0.204379
vt 0.034778 0.183214
vt 0.372550 0.958126
vt 0.621018 0.313468
vt 0.176598 0.588309
vt 0.260323 0.677043
vt 0.576066 0.947194
vt 0.820602 0.372805
vt 0.285918 0.437532
vt 0.272489 0.414383
vt 0.871902 0.923782
vt 0.855357 0.931770
vt 0.195887 0.993714
vt 0.181067 0.972924
vt 0.205331 0.960561
vt 0.948483 0.603045
vt 0.967237 0.611463
vt 0.963525 0.623775
vt 0.890189 0.784078
vt 0.261456 0.653748
vt 0.592011 0.945748
vt 0.182594 0.984546
vt 0.285828 0.382531
vt 0.557239 0.772154
vt 0.281900 0.530426
vt 0.289158 0.321804
vt 0.032252 0.162638
vt 0.985654 0.650955
vt 0.993342 0.658322
vt 0.975370 0.655688
vt 0.450876 0.685230
vt 0.442203 0.707002
vt 0.573232 0.954535
vt 0.234818 0.699145
vt 0.196777 0.999837
vt 0.068822 0.906689
vt 0.814734 0.406095
vt 0.277832 0.443847
vt 0.375589 0.616335
vt 0.835387 0.019711
vt 0.773424 0.655517
vt 0.816478 0.423083
vt 0.370528 0.615523
vt 0.267178 0.556114
vt 0.894325 0.038391
vt 0.869153 0.035475
vt 0.973747 0.774375
vt 0.961766 0.793383
vt 0.951837 0.783455
vt 0.755520 0.695633
vt 0.871546 0.843269
vt 0.812244 0.375701
vt 0.710918 0.490344
vt 0.685231 0.496037
vt 0.697296 0.480806
vt 0.020765 0.375022
vt 0.051818 0.396766
vt 0.000071 0.396248
vt 0.822136 0.123606
vt 0.815367 0.111805
vt 0.830240 0.106972
vt 0.166765 0.021400
vt 0.626786 0.313511
vt 0.821437 0.445167
vt 0.818289 0.433389
vt 0.198793 0.893501
vt 0.274838 0.479134
vt 0.794813 0.661228
vt 0.799333 0.677839
vt 0.641336 0.302539
vt 0.606233 0.933467
vt 0.242190 0.663919
vt 0.747840 0.556449
vt 0.730696 0.563376
vt 0.738016 0.541796
vt 0.769046 0.553554
vt 0.765749 0.573500
vt 0.809098 0.386135
vt 0.392846 0.629251
vt 0.543403 0.759375
vt 0.220472 0.665926
vt 0.972666 0.611637
vt 0.984200 0.623460
vt 0.603209 0.941892
vt 0.249022 0.661137
vt 0.587586 0.958998
vt 0.711788 0.423459
vt 0.715177 0.405172
vt 0.735647 0.404457
vt 0.238060 0.728331
vt 0.054636 0.523946
vt 0.711830 0.475704
vt 0.880019 0.036447
vt 0.809901 0.686123
vt 0.751955 0.733820
vt 0.742990 0.728464
vt 0.466447 0.695848
vt 0.131090 0.605054
vt 0.161334 0.595578
vt 0.698923 0.406591
vt 0.075168 0.897340
vt 0.953069 0.071055
vt 0.948498 0.098355
vt 0.351840 0.556179
vt 0.991802 0.667020
vt 0.044207 0.162674
vt 0.650849 0.284649
vt 0.647718 0.273312
vt 0.474814 0.667567
vt 0.609109 0.925830
vt 0.254545 0.629855
vt 0.959697 0.097791
vt 0.076525 0.523608
vt 0.816353 0.097925
vt 0.346406 0.540677
vt 0.267791 0.316710
vt 0.752315 0.659455
vt 0.599176 0.952348
vt 0.211101 0.481784
vt 0.232065 0.486241
vt 0.204171 0.489217
vt 0.276517 0.452833
vt 0.450950 0.525985
vt 0.443935 0.534508
vt 0.440340 0.514902
vt 0.411779 0.521065
vt 0.339108 0.862834
vt 0.367376 0.888949
vt 0.329633 0.904198
vt 0.330180 0.483214
vt 0.853941 0.038614
vt 0.636692 0.318383
vt 0.608436 0.946384
vt 0.272731 0.465398
vt 0.927447 0.800390
vt 0.910073 0.086118
vt 0.921168 0.085954
vt 0.915504 0.099306
vt 0.335935 0.583115
vt 0.478747 0.510328
vt 0.471435 0.532748
vt 0.468412 0.517116
vt 0.240991 0.646635
vt 0.726682 0.372955
vt 0.805286 0.431874
vt 0.903804 0.092406
vt 0.801721 0.409109
vt 0.796896 0.390931
vt 0.220020 0.510461
vt 0.462249 0.518693
vt 0.460463 0.533013
vt 0.457168 0.510597
vt 0.420413 0.541623
vt 0.550185 0.099246
vt 0.574603 0.120849
vt 0.550459 0.113409
vt 0.926818 0.821898
vt 0.609757 0.945209
vt 0.177430 0.599796
vt 0.716782 0.559357
vt 0.725078 0.549977
vt 0.720334 0.563567
vt 0.726746 0.555034
vt 0.684229 0.482499
vt 0.222726 0.475947
vt 0.465712 0.532146
vt 0.210137 0.472842
vt 0.839311 0.037421
vt 0.834072 0.153390
vt 0.822757 0.151435
vt 0.828138 0.139650
vt 0.975043 0.678716
vt 0.977776 0.640881
vt 0.153146 0.601870
vt 0.738934 0.577303
vt 0.993251 0.792924
vt 0.754197 0.683636
vt 0.565687 0.617080
vt 0.578184 0.612305
vt 0.585923 0.627124
vt 0.569368 0.626527
vt 0.270064 0.515202
vt 0.994962 0.538476
vt 0.953149 0.541478
vt 0.959440 0.517967
vt 0.948564 0.629731
vt 0.737647 0.722699
vt 0.139954 0.631513
vt 0.179237 0.605480
vt 0.196661 0.881791
vt 0.458313 0.541804
vt 0.394037 0.541869
vt 0.758344 0.640430
vt 0.992329 0.689272
vt 0.621448 0.935410
vt 0.572130 0.604962
vt 0.568238 0.587051
vt 0.586209 0.598772
vt 0.802054 0.425423
vt 0.927189 0.111292
vt 0.210684 0.459856
vt 0.797354 0.098679
vt 0.579277 0.993989
vt 0.561331 0.982502
vt 0.575375 0.985083
vt 0.744956 0.711040
vt 0.161417 0.613895
vt 0.621149 0.945349
vt 0.368609 0.572572
vt 0.359998 0.596468
vt 0.195200 0.944321
vt 0.986620 0.521781
vt 0.954479 0.108691
vt 0.210254 0.912013
vt 0.505745 0.519917
vt 0.230275 0.468761
vt 0.205811 0.447003
vt 0.199109 0.411599
vt 0.214768 0.422772
vt 0.584681 0.101091
vt 0.073530 0.182536
vt 0.213719 0.879645
vt 0.244511 0.493017
vt 0.868905 0.053791
vt 0.551248 0.995223
vt 0.528975 0.986640
vt 0.540293 0.977178
vt 0.690260 0.371869
vt 0.048314 0.534994
vt 0.711759 0.463587
vt 0.675798 0.473741
vt 0.506323 0.537463
vt 0.238140 0.457642
vt 0.461176 0.546374
vt 0.825324 0.129778
vt 0.812995 0.133142
vt 0.963201 0.642722
vt 0.706360 0.358082
vt 0.798420 0.401162
vt 0.935672 0.111426
vt 0.677863 0.462980
vt 0.236040 0.517860
vt 0.234293 0.470541
vt 0.444784 0.550327
vt 0.791800 0.643587
vt 0.806282 0.650088
vt 0.678498 0.303842
vt 0.273695 0.947976
vt 0.279524 0.946867
vt 0.283398 0.950060
vt 0.622484 0.955550
vt 0.617533 0.959592
vt 0.678271 0.408900
vt 0.920183 0.113897
vt 0.155992 0.019778
vt 0.143381 0.007315
vt 0.160701 0.010123
vt 0.807048 0.124048
vt 0.803983 0.115649
vt 0.213895 0.648047
vt 0.081956 0.152047
vt 0.670256 0.283444
vt 0.250195 0.297629
vt 0.722771 0.575718
vt 0.664367 0.486139
vt 0.465563 0.543120
vt 0.858538 0.048841
vt 0.669385 0.330394
vt 0.955850 0.655107
vt 0.958454 0.675210
vt 0.791021 0.994687
vt 0.804789 0.992044
vt 0.802244 0.996831
vt 0.714571 0.574399
vt 0.143193 0.022484
vt 0.484116 0.545017
vt 0.305034 0.895597
vt 0.301407 0.865984
vt 0.374664 0.866185
vt 0.813021 0.143388
vt 0.474947 0.558626
vt 0.239949 0.448018
vt 0.291856 0.937694
vt 0.557469 0.623725
vt 0.789875 0.990152
vt 0.736908 0.595512
vt 0.574177 0.757184
vt 0.580989 0.585896
vt 0.551270 0.574683
vt 0.560722 0.565739
vt 0.283896 0.952080
vt 0.275183 0.948478
vt 0.553946 0.606406
vt 0.776575 0.588004
vt 0.753728 0.601901
vt 0.067641 0.547917
vt 0.253185 0.486387
vt 0.791117 0.109230
vt 0.501584 0.682421
vt 0.738610 0.694444
vt 0.297215 0.947716
vt 0.284240 0.963707
vt 0.299448 0.964945
vt 0.722211 0.344802
vt 0.738353 0.359181
vt 0.413107 0.560500
vt 0.571771 0.964070
vt 0.580443 0.980232
vt 0.550020 0.617672
vt 0.711554 0.587269
vt 0.049804 0.542862
vt 0.467137 0.556978
vt 0.239233 0.434481
vt 0.232269 0.648235
vt 0.601092 0.108870
vt 0.729028 0.734863
vt 0.995819 0.466409
vt 0.988304 0.489538
vt 0.959344 0.465626
vt 0.224726 0.896947
vt 0.218498 0.912864
vt 0.261954 0.468067
vt 0.250341 0.452595
vt 0.791507 0.415243
vt 0.134461 0.045474
vt 0.132503 0.034837
vt 0.143179 0.032680
vt 0.251472 0.513802
vt 0.851001 0.054233
vt 0.906679 0.048191
vt 0.888568 0.051410
vt 0.778962 0.994995
vt 0.794218 0.429059
vt 0.903779 0.115595
vt 0.253779 0.454335
vt 0.722861 0.715392
vt 0.719514 0.728954
vt 0.295796 0.940903
vt 0.939074 0.123560
vt 0.956571 0.116008
vt 0.133066 0.009380
vt 0.712742 0.428680
vt 0.697014 0.440457
vt 0.697619 0.416809
vt 0.270413 0.490409
vt 0.393863 0.327877
vt 0.372994 0.314781
vt 0.404990 0.307777
vt 0.577031 0.960471
vt 0.313374 0.974641
vt 0.321435 0.974383
vt 0.323625 0.984665
vt 0.802314 0.129795
vt 0.628656 0.099245
vt 0.616993 0.125748
vt 0.731414 0.704676
vt 0.582360 0.961937
vt 0.304901 0.953259
vt 0.306941 0.970231
vt 0.655107 0.455342
vt 0.545547 0.625364
vt 0.773487 0.987452
vt 0.712891 0.594086
vt 0.922853 0.129968
vt 0.132462 0.025672
vt 0.893176 0.063330
vt 0.777879 0.628340
vt 0.957901 0.697826
vt 0.314487 0.961227
vt 0.774742 0.608324
vt 0.745427 0.625109
vt 0.462623 0.566506
vt 0.254926 0.441445
vt 0.253933 0.446211
vt 0.943182 0.669944
vt 0.352268 0.326730
vt 0.345154 0.317449
vt 0.360671 0.307200
vt 0.361364 0.532499
vt 0.487622 0.711802
vt 0.276185 0.297316
vt 0.738008 0.677597
vt 0.752613 0.671949
vt 0.957896 0.133153
vt 0.653001 0.469672
vt 0.230351 0.392468
vt 0.806496 0.153385
vt 0.240506 0.413256
vt 0.549665 0.951881
vt 0.299583 0.932211
vt 0.968262 0.801385
vt 0.977821 0.796557
vt 0.967962 0.812923
vt 0.727110 0.610206
vt 0.324290 0.965714
vt 0.131162 0.052873
vt 0.582502 0.155163
vt 0.809507 0.636099
vt 0.980168 0.699171
vt 0.529157 0.576153
vt 0.987554 0.805389
vt 0.772787 0.996931
vt 0.332031 0.314585
vt 0.335030 0.317004
vt 0.332429 0.321135
vt 0.310483 0.738370
vt 0.311163 0.730598
vt 0.325307 0.738464
vt 0.845030 0.163676
vt 0.834351 0.171333
vt 0.829582 0.162363
vt 0.222831 0.874828
vt 0.674405 0.426840
vt 0.320508 0.088727
vt 0.321028 0.098645
vt 0.297010 0.079404
vt 0.309797 0.096670
vt 0.480581 0.568262
vt 0.328997 0.313344
vt 0.451430 0.566270
vt 0.823525 0.168574
vt 0.952765 0.544619
vt 0.960263 0.563190
vt 0.950376 0.564756
vt 0.485425 0.566885
vt 0.816186 0.172709
vt 0.826701 0.189252
vt 0.808274 0.180626
vt 0.294084 0.716886
vt 0.307502 0.717787
vt 0.635403 0.865828
vt 0.654783 0.841850
vt 0.660078 0.868422
vt 0.992743 0.813518
vt 0.120196 0.045082
vt 0.937055 0.145066
vt 0.323447 0.311609
vt 0.322398 0.317369
vt 0.805213 0.961523
vt 0.802557 0.980454
vt 0.774026 0.965699
vt 0.940233 0.643752
vt 0.761961 0.989249
vt 0.769927 0.629489
vt 0.117917 0.034323
vt 0.303434 0.078479
vt 0.334443 0.307179
vt 0.824771 0.173258
vt 0.001163 0.301406
vt 0.032087 0.301406
vt 0.006817 0.319753
vt 0.922279 0.471060
vt 0.926516 0.468228
vt 0.927505 0.478645
vt 0.374333 0.789012
vt 0.382903 0.769489
vt 0.385100 0.798102
vt 0.701510 0.603343
vt 0.398777 0.808054
vt 0.396973 0.797775
vt 0.413318 0.801213
vt 0.162703 0.897932
vt 0.148079 0.915911
vt 0.149807 0.892982
vt 0.821269 0.172681
vt 0.945096 0.480959
vt 0.938065 0.465017
vt 0.943219 0.457235
vt 0.931727 0.471101
vt 0.929044 0.142164
vt 0.238218 0.917773
vt 0.835981 0.053260
vt 0.297176 0.861758
vt 0.276036 0.853209
vt 0.290090 0.837601
vt 0.795412 0.561670
vt 0.770082 0.550606
vt 0.789116 0.549315
vt 0.391474 0.780347
vt 0.509238 0.564144
vt 0.375506 0.290880
vt 0.323283 0.749445
vt 0.315578 0.830814
vt 0.340259 0.832000
vt 0.860385 0.156690
vt 0.857729 0.169588
vt 0.830614 0.187400
vt 0.475334 0.965106
vt 0.476833 0.981122
vt 0.469391 0.960168
vt 0.121504 0.019017
vt 0.962292 0.134115
vt 0.977644 0.118763
vt 0.979272 0.146898
vt 0.297871 0.732844
vt 0.947928 0.452776
vt 0.956502 0.464786
vt 0.930140 0.462114
vt 0.924452 0.461304
vt 0.354735 0.292232
vt 0.331281 0.763023
vt 0.343460 0.756401
vt 0.948103 0.657408
vt 0.459402 0.959993
vt 0.457782 0.973506
vt 0.449890 0.959935
vt 0.324293 0.078858
vt 0.307752 0.745937
vt 0.281177 0.823432
vt 0.264628 0.809556
vt 0.277119 0.799587
vt 0.155877 0.881622
vt 0.169692 0.890489
vt 0.834912 0.187379
vt 0.768379 0.183686
vt 0.754425 0.178842
vt 0.763276 0.163511
vt 0.676921 0.837206
vt 0.499732 0.972509
vt 0.487983 0.977271
vt 0.484418 0.959804
vt 0.551450 0.547183
vt 0.648190 0.339387
vt 0.644366 0.362102
vt 0.630940 0.350166
vt 0.681472 0.325476
vt 0.682345 0.347278
vt 0.666164 0.336933
vt 0.692486 0.334120
vt 0.240944 0.892477
vt 0.330659 0.296700
vt 0.948184 0.146612
vt 0.272781 0.833666
vt 0.741288 0.658588
vt 0.464598 0.961574
vt 0.465986 0.972924
vt 0.661819 0.364840
vt 0.342509 0.061562
vt 0.320041 0.068169
vt 0.325513 0.303173
vt 0.777169 0.528812
vt 0.793920 0.527309
vt 0.288828 0.870432
vt 0.678633 0.884542
vt 0.782188 0.938681
vt 0.817595 0.937781
vt 0.536852 0.933326
vt 0.547606 0.930676
vt 0.546630 0.937679
vt 0.559137 0.951931
vt 0.542630 0.945813
vt 0.788402 0.516758
vt 0.844342 0.189948
vt 0.560133 0.739024
vt 0.574191 0.733056
vt 0.566060 0.748066
vt 0.980103 0.547021
vt 0.467333 0.966807
vt 0.920224 0.452101
vt 0.407797 0.774514
vt 0.425460 0.805989
vt 0.421212 0.787523
vt 0.360600 0.058019
vt 0.340073 0.047118
vt 0.243267 0.874166
vt 0.306108 0.312595
vt 0.319408 0.303840
vt 0.825929 0.203415
vt 0.544306 0.721758
vt 0.551816 0.711221
vt 0.554172 0.728717
vt 0.898513 0.529775
vt 0.892587 0.518252
vt 0.899042 0.505659
vt 0.336417 0.292738
vt 0.809758 0.617860
vt 0.979210 0.049385
vt 0.994404 0.067492
vt 0.960719 0.067079
vt 0.793111 0.611106
vt 0.074245 0.984488
vt 0.110138 0.984488
vt 0.084571 0.997879
vt 0.935020 0.438309
vt 0.112890 0.004054
vt 0.829948 0.201273
vt 0.372773 0.280198
vt 0.388423 0.276396
vt 0.579793 0.752937
vt 0.485007 0.986499
vt 0.328335 0.055435
vt 0.319144 0.291413
vt 0.327616 0.295913
vt 0.839815 0.195327
vt 0.563520 0.720082
vt 0.781201 0.173512
vt 0.879820 0.530788
vt 0.866977 0.516881
vt 0.303427 0.296962
vt 0.834549 0.197696
vt 0.582824 0.736522
vt 0.471449 0.984725
vt 0.635987 0.368827
vt 0.101824 0.023389
vt 0.701625 0.849808
vt 0.464751 0.988333
vt 0.922622 0.447201
vt 0.751027 0.157058
vt 0.995956 0.050777
vt 0.275614 0.315003
vt 0.278548 0.300020
vt 0.311114 0.759526
vt 0.300836 0.743652
vt 0.285140 0.725549
vt 0.136345 0.903228
vt 0.539672 0.920608
vt 0.311140 0.061185
vt 0.764597 0.507615
vt 0.779121 0.981111
vt 0.468225 0.985436
vt 0.395000 0.753391
vt 0.322461 0.290766
vt 0.942895 0.436817
vt 0.477201 0.644261
vt 0.498035 0.653302
vt 0.485057 0.656101
vt 0.850628 0.200618
vt 0.593307 0.744444
vt 0.594030 0.761616
vt 0.647207 0.376417
vt 0.838337 0.216422
vt 0.838446 0.207515
vt 0.328865 0.279278
vt 0.750863 0.547682
vt 0.275882 0.872275
vt 0.263560 0.855431
vt 0.131432 0.917173
vt 0.359520 0.039894
vt 0.345357 0.277174
vt 0.747923 0.518612
vt 0.996838 0.179933
vt 0.976965 0.186390
vt 0.979545 0.154164
vt 0.333773 0.275649
vt 0.312959 0.767749
vt 0.862548 0.198596
vt 0.780859 0.155697
vt 0.225640 0.748197
vt 0.243082 0.755601
vt 0.222743 0.759821
vt 0.669977 0.373883
vt 0.692040 0.356334
vt 0.531070 0.926158
vt 0.326445 0.279832
vt 0.288869 0.738317
vt 0.260580 0.825255
vt 0.493587 0.988642
vt 0.927458 0.431730
vt 0.921094 0.440402
vt 0.461367 0.991649
vt 0.447890 0.796413
vt 0.317592 0.047771
vt 0.289007 0.068523
vt 0.291966 0.064986
vt 0.256896 0.837066
vt 0.144880 0.878104
vt 0.950673 0.587874
vt 0.058565 0.583371
vt 0.043478 0.571110
vt 0.058802 0.554949
vt 0.955422 0.439342
vt 0.835028 0.724298
vt 0.829832 0.719297
vt 0.835662 0.709401
vt 0.959813 0.232440
vt 0.986253 0.237015
vt 0.964566 0.250179
vt 0.790951 0.161076
vt 0.918285 0.505520
vt 0.915708 0.512886
vt 0.913126 0.442552
vt 0.096563 0.006618
vt 0.926297 0.400483
vt 0.934674 0.385974
vt 0.944554 0.408903
vt 0.501829 0.639828
vt 0.296943 0.062113
vt 0.504576 0.682532
vt 0.518056 0.675669
vt 0.516546 0.695683
vt 0.828958 0.730915
vt 0.871827 0.194039
vt 0.841820 0.701924
vt 0.845846 0.713692
vt 0.655375 0.383437
vt 0.325065 0.281073
vt 0.856594 0.220012
vt 0.851104 0.221700
vt 0.850985 0.701912
vt 0.848345 0.693498
vt 0.035034 0.545464
vt 0.032082 0.551926
vt 0.932438 0.427604
vt 0.465078 0.991052
vt 0.407743 0.745094
vt 0.421424 0.765313
vt 0.438807 0.771581
vt 0.995855 0.249334
vt 0.265578 0.870450
vt 0.756209 0.956089
vt 0.955466 0.419746
vt 0.515514 0.929241
vt 0.516963 0.651907
vt 0.961673 0.101464
vt 0.297356 0.753631
vt 0.134780 0.884647
vt 0.945381 0.415997
vt 0.481672 0.994046
vt 0.919703 0.432466
vt 0.541448 0.965892
vt 0.515269 0.946118
vt 0.574204 0.717972
vt 0.022440 0.520737
vt 0.022631 0.533395
vt 0.019387 0.532379
vt 0.286252 0.058173
vt 0.316451 0.285792
vt 0.522500 0.705509
vt 0.523804 0.696710
vt 0.524983 0.699262
vt 0.847932 0.223857
vt 0.529644 0.688766
vt 0.291663 0.750857
vt 0.682891 0.376430
vt 0.517796 0.915474
vt 0.810711 0.527859
vt 0.792622 0.510019
vt 0.806282 0.501483
vt 0.859490 0.215598
vt 0.692618 0.817725
vt 0.042094 0.584338
vt 0.019650 0.527399
vt 0.641654 0.388823
vt 0.085143 0.011755
vt 0.914158 0.495385
vt 0.874680 0.499838
vt 0.465318 0.994352
vt 0.533489 0.693798
vt 0.526017 0.700062
vt 0.559635 0.698779
vt 0.939816 0.418769
vt 0.276179 0.729906
vt 0.020513 0.523964
vt 0.011207 0.526678
vt 0.020445 0.519849
vt 0.833705 0.497490
vt 0.764768 0.504320
vt 0.784949 0.494104
vt 0.024285 0.569830
vt 0.928725 0.423820
vt 0.675223 0.389536
vt 0.509837 0.957683
vt 0.014186 0.533923
vt 0.920494 0.426089
vt 0.733556 0.525613
vt 0.823706 0.725851
vt 0.768658 0.137873
vt 0.237242 0.771634
vt 0.908991 0.429675
vt 0.075892 0.105628
vt 0.076928 0.089390
vt 0.090836 0.090554
vt 0.843824 0.229204
vt 0.285319 0.746505
vt 0.126046 0.894224
vt 0.536520 0.693932
vt 0.868778 0.226084
vt 0.191372 0.784827
vt 0.160082 0.777527
vt 0.171264 0.757438
vt 0.016176 0.540603
vt 0.034043 0.536240
vt 0.015044 0.517277
vt 0.534303 0.659306
vt 0.538687 0.696634
vt 0.526874 0.702190
vt 0.248673 0.846600
vt 0.572938 0.697431
vt 0.803989 0.166519
vt 0.801497 0.151545
vt 0.433646 0.752800
vt 0.503422 0.923039
vt 0.768882 0.486086
vt 0.070886 0.084219
vt 0.068032 0.080644
vt 0.081637 0.075566
vt 0.736782 0.497775
vt 0.530042 0.706141
vt 0.545701 0.713996
vt 0.531421 0.717351
vt 0.115308 0.903131
vt 0.255442 0.872957
vt 0.599271 0.729673
vt 0.012600 0.532549
vt 0.964450 0.958790
vt 0.980811 0.958011
vt 0.976409 0.970644
vt 0.539675 0.677942
vt 0.083493 0.081388
vt 0.860392 0.499192
vt 0.923979 0.415766
vt 0.907982 0.415982
vt 0.231172 0.964708
vt 0.251405 0.952231
vt 0.253266 0.970628
vt 0.277662 0.953269
vt 0.279191 0.967813
vt 0.267913 0.957441
vt 0.462210 0.774259
vt 0.541215 0.686419
vt 0.032904 0.042414
vt 0.064720 0.042656
vt 0.069435 0.057181
vt 0.824503 0.713326
vt 0.292287 0.763750
vt 0.246260 0.823334
vt 0.107468 0.918267
vt 0.046595 0.600754
vt 0.543193 0.692745
vt 0.822737 0.719679
vt 0.129221 0.873544
vt 0.254970 0.768529
vt 0.150461 0.776563
vt 0.145570 0.779623
vt 0.138494 0.761682
vt 0.139064 0.776713
vt 0.144488 0.785445
vt 0.928149 0.416922
vt 0.084021 0.068971
vt 0.546708 0.699645
vt 0.126767 0.787292
vt 0.128326 0.778691
vt 0.135793 0.776361
vt 0.121608 0.775277
vt 0.232326 0.975180
vt 0.062127 0.071812
vt 0.065845 0.073768
vt 0.830448 0.686753
vt 0.839695 0.678581
vt 0.851820 0.686347
vt 0.137310 0.782423
vt 0.504359 0.935506
vt 0.471510 0.795128
vt 0.911274 0.397965
vt 0.785623 0.143780
vt 0.757003 0.136171
vt 0.884045 0.487862
vt 0.009592 0.520538
vt 0.136798 0.863539
vt 0.269767 0.737506
vt 0.154560 0.752818
vt 0.094689 0.080414
vt 0.545835 0.696900
vt 0.847697 0.668100
vt 0.736061 0.147724
vt 0.899283 0.484099
vt 0.008544 0.539042
vt 0.105296 0.787870
vt 0.107182 0.771962
vt 0.270937 0.967664
vt 0.808003 0.481216
vt 0.119018 0.882926
vt 0.829952 0.700858
vt 0.676049 0.409032
vt 0.260262 0.968633
vt 0.142934 0.754645
vt 0.089275 0.055116
vt 0.282745 0.760628
vt 0.276826 0.748931
vt 0.590212 0.713163
vt 0.740704 0.136299
vt 0.009952 0.560319
vt 0.500556 0.944815
vt 0.093600 0.070775
vt 0.246926 0.864010
vt 0.128116 0.763938
vt 0.778298 0.468725
vt 0.549999 0.694863
vt 0.394637 0.100509
vt 0.369623 0.077049
vt 0.399436 0.080012
vt 0.026514 0.608564
vt 0.582289 0.703769
vt 0.133741 0.764826
vt 0.905327 0.368347
vt 0.942530 0.367503
vt 0.463753 0.392231
vt 0.464272 0.390309
vt 0.474412 0.392231
vt 0.078287 0.049816
vt 0.829117 0.481301
vt 0.795300 0.472255
vt 0.114258 0.871329
vt 0.473428 0.349224
vt 0.442408 0.355239
vt 0.448837 0.338084
vt 0.796865 0.135484
vt 0.549866 0.698100
vt 0.467029 0.376055
vt 0.110098 0.078750
vt 0.549919 0.684215
vt 0.226827 0.946751
vt 0.236477 0.838508
vt 0.566602 0.684174
vt 0.003879 0.552551
vt 0.540958 0.642907
vt 0.550506 0.656904
vt 0.096003 0.063344
vt 0.468695 0.381494
vt 0.454597 0.379970
vt 0.819533 0.699311
vt 0.267797 0.749437
vt 0.249406 0.782669
vt 0.131201 0.753603
vt 0.259767 0.975433
vt 0.271108 0.981947
vt 0.289953 0.971198
vt 0.280973 0.977154
vt 0.242936 0.936352
vt 0.107466 0.892376
vt 0.451956 0.390622
vt 0.843535 0.664301
vt 0.995248 0.972652
vt 0.474293 0.399833
vt 0.461041 0.402422
vt 0.452745 0.394173
vt 0.366740 0.112921
vt 0.111651 0.763490
vt 0.296473 0.977479
vt 0.924689 0.340719
vt 0.102762 0.062321
vt 0.404974 0.117964
vt 0.430991 0.375544
vt 0.915253 0.481705
vt 0.129479 0.757440
vt 0.211832 0.973055
vt 0.865622 0.477532
vt 0.004887 0.538467
vt 0.991943 0.957826
vt 0.498528 0.966642
vt 0.965738 0.796036
vt 0.965738 0.809506
vt 0.933003 0.803026
vt 0.464800 0.444673
vt 0.453884 0.427664
vt 0.474551 0.417192
vt 0.108774 0.067919
vt 0.416928 0.343941
vt 0.443133 0.314997
vt 0.258197 0.735372
vt 0.275697 0.767319
vt 0.270259 0.782796
vt 0.018398 0.589824
vt 0.484188 0.955036
vt 0.817027 0.465923
vt 0.534495 0.875909
vt 0.539619 0.892648
vt 0.521482 0.910334
vt 0.100495 0.042818
vt 0.098080 0.904761
vt 0.433502 0.395300
vt 0.272509 0.762876
vt 0.155755 0.507099
vt 0.164276 0.485691
vt 0.169450 0.498562
vt 0.254558 0.973742
vt 0.264240 0.943724
vt 0.441772 0.402984
vt 0.126236 0.854765
vt 0.347254 0.099573
vt 0.357640 0.064029
vt 0.237114 0.853961
vt 0.001147 0.548969
vt 0.128651 0.492716
vt 0.149396 0.477567
vt 0.160589 0.478787
vt 0.293594 0.985678
vt 0.299570 0.994571
vt 0.884538 0.387637
vt 0.829100 0.673017
vt 0.438676 0.412030
vt 0.103168 0.057844
vt 0.850546 0.662601
vt 0.137958 0.478855
vt 0.151567 0.469844
vt 0.156248 0.471468
vt 0.001979 0.516620
vt 0.110597 0.057666
vt 0.222219 0.830143
vt 0.082701 0.910025
vt 0.133600 0.744135
vt 0.336775 0.081376
vt 0.749146 0.121374
vt 0.121182 0.746503
vt 0.277688 0.987145
vt 0.130824 0.057150
vt 0.433879 0.401236
vt 0.810663 0.710590
vt 0.236598 0.787689
vt 0.782389 0.124042
vt 0.881316 0.471699
vt 0.005611 0.583566
vt 0.162911 0.470740
vt 0.213274 0.952132
vt 0.111763 0.044383
vt 0.097258 0.038175
vt 0.846584 0.652460
vt 0.254021 0.747854
vt 0.412099 0.370024
vt 0.232721 0.929452
vt 0.586279 0.684883
vt 0.901199 0.467378
vt 0.918865 0.463143
vt 0.803939 0.453643
vt 0.150892 0.727442
vt 0.136671 0.729773
vt 0.838758 0.458394
vt 0.460966 0.464852
vt 0.130547 0.742126
vt 0.182131 0.475669
vt 0.103842 0.751774
vt 0.253581 0.984418
vt 0.435446 0.420073
vt 0.122428 0.055650
vt 0.417681 0.387204
vt 0.850404 0.478574
vt 0.144627 0.460685
vt 0.173802 0.447816
vt 0.103089 0.877977
vt 0.124847 0.736733
vt 0.268676 0.989071
vt 0.884162 0.364529
vt 0.962140 0.592147
vt 0.975577 0.601910
vt 0.956413 0.602815
vt 0.473752 0.258053
vt 0.482101 0.238795
vt 0.495572 0.259755
vt 0.492866 0.267337
vt 0.176391 0.452174
vt 0.219622 0.940142
vt 0.290697 0.998051
vt 0.545053 0.907258
vt 0.118266 0.049464
vt 0.110281 0.851002
vt 0.235683 0.872036
vt 0.588976 0.693043
vt 0.763948 0.118003
vt 0.134574 0.444385
vt 0.169769 0.438054
vt 0.181911 0.454299
vt 0.238465 0.980891
vt 0.244523 0.986229
vt 0.190156 0.484097
vt 0.207872 0.504128
vt 0.241994 0.918200
vt 0.781980 0.443425
vt 0.425860 0.410834
vt 0.135729 0.398190
vt 0.163431 0.399260
vt 0.559927 0.871156
vt 0.488971 0.283787
vt 0.501533 0.280369
vt 0.489081 0.288655
vt 0.660802 0.436867
vt 0.646678 0.447346
vt 0.640953 0.425978
vt 0.497505 0.294514
vt 0.097493 0.889365
vt 0.817390 0.688819
vt 0.841933 0.655364
vt 0.224060 0.856727
vt 0.127988 0.726991
vt 0.549546 0.903670
vt 0.633040 0.466764
vt 0.635727 0.473273
vt 0.629218 0.468417
vt 0.636321 0.494537
vt 0.623736 0.494439
vt 0.626399 0.487110
vt 0.115477 0.040560
vt 0.105673 0.033415
vt 0.809226 0.699752
vt 0.225357 0.843573
vt 0.116751 0.738200
vt 0.251103 0.993491
vt 0.277256 0.999880
vt 0.496094 0.278273
vt 0.488133 0.271516
vt 0.256700 0.765471
vt 0.027533 0.888783
vt 0.065965 0.888475
vt 0.062060 0.897960
vt 0.507304 0.272589
vt 0.323489 0.095973
vt 0.502171 0.309513
vt 0.530617 0.334614
vt 0.499659 0.330208
vt 0.580681 0.674152
vt 0.189142 0.461288
vt 0.555521 0.896006
vt 0.657353 0.414598
vt 0.348041 0.133955
vt 0.085179 0.901636
vt 0.808130 0.692082
vt 0.002267 0.610332
vt 0.266603 0.997686
vt 0.552696 0.898492
vt 0.023443 0.917812
vt 0.633226 0.480572
vt 0.631677 0.488019
vt 0.625634 0.476698
vt 0.098176 0.866926
vt 0.257736 0.996183
vt 0.428038 0.058895
vt 0.419150 0.054054
vt 0.423514 0.044694
vt 0.554167 0.903753
vt 0.009111 0.882985
vt 0.005067 0.851041
vt 0.625970 0.482842
vt 0.020721 0.135437
vt 0.016326 0.147933
vt 0.008164 0.148647
vt 0.819024 0.676561
vt 0.222866 0.869410
vt 0.788113 0.113032
vt 0.800869 0.118086
vt 0.565910 0.850417
vt 0.589104 0.857659
vt 0.558155 0.897953
vt 0.557139 0.902960
vt 0.615045 0.488440
vt 0.508616 0.275861
vt 0.522294 0.296892
vt 0.017617 0.122559
vt 0.007228 0.138315
vt 0.528632 0.352137
vt 0.559771 0.902633
vt 0.556660 0.908870
vt 0.553227 0.909221
vt 0.129149 0.090532
vt 0.137991 0.097992
vt 0.135311 0.099038
vt 0.620945 0.482586
vt 0.187985 0.453809
vt 0.435684 0.015125
vt 0.440666 0.022579
vt 0.435991 0.016443
vt 0.438564 0.033294
vt 0.428516 0.038226
vt 0.431546 0.022143
vt 0.564193 0.897906
vt 0.516646 0.280324
vt 0.006066 0.083408
vt 0.014660 0.088680
vt 0.008011 0.096072
vt 0.828752 0.663773
vt 0.840639 0.550506
vt 0.853568 0.563905
vt 0.845455 0.570244
vt 0.838012 0.562610
vt 0.259092 0.798014
vt 0.289932 0.790326
vt 0.121204 0.728734
vt 0.559274 0.817326
vt 0.566243 0.820001
vt 0.551530 0.826792
vt 0.565374 0.829431
vt 0.631461 0.440056
vt 0.619186 0.479664
vt 0.817860 0.329860
vt 0.806329 0.325201
vt 0.822587 0.313381
vt 0.559818 0.908517
vt 0.625372 0.467129
vt 0.622061 0.471244
vt 0.512447 0.276757
vt 0.531021 0.309123
vt 0.296318 0.775608
vt 0.203471 0.934524
vt 0.413590 0.065217
vt 0.411671 0.080591
vt 0.400452 0.069565
vt 0.586852 0.889889
vt 0.142548 0.092532
vt 0.151063 0.110817
vt 0.005443 0.919818
vt 0.738118 0.389053
vt 0.746892 0.390771
vt 0.745203 0.401436
vt 0.269136 0.796005
vt 0.564238 0.900856
vt 0.155261 0.100517
vt 0.624100 0.458965
vt 0.671565 0.065017
vt 0.670335 0.059689
vt 0.680077 0.063919
vt 0.665507 0.064502
vt 0.664118 0.057846
vt 0.391924 0.718195
vt 0.390050 0.731740
vt 0.381009 0.723664
vt 0.549023 0.820630
vt 0.564495 0.906575
vt 0.563609 0.908696
vt 0.146770 0.090656
vt 0.153468 0.094949
vt 0.010498 0.921755
vt 0.622338 0.445439
vt 0.763604 0.416724
vt 0.777043 0.417029
vt 0.771068 0.433069
vt 0.810816 0.308543
vt 0.833088 0.301382
vt 0.840853 0.318853
vt 0.713039 0.048238
vt 0.709209 0.029739
vt 0.734371 0.036354
vt 0.366844 0.739552
vt 0.359417 0.725766
vt 0.566134 0.841707
vt 0.552345 0.839465
vt 0.841065 0.305524
vt 0.421688 0.032609
vt 0.199427 0.944582
vt 0.570482 0.901860
vt 0.567487 0.909700
vt 0.018462 0.102381
vt 0.673822 0.048415
vt 0.696965 0.058329
vt 0.433347 0.014119
vt 0.404942 0.035639
vt 0.406222 0.044943
vt 0.571212 0.904789
vt 0.160256 0.090470
vt 0.161240 0.108155
vt 0.619809 0.460696
vt 0.521435 0.264749
vt 0.616176 0.469680
vt 0.519280 0.271652
vt 0.022951 0.149002
vt 0.029347 0.151411
vt 0.021086 0.153944
vt 0.027757 0.139433
vt 0.862578 0.562868
vt 0.857953 0.551336
vt 0.236661 0.805455
vt 0.865232 0.465785
vt 0.436080 0.697921
vt 0.437261 0.717841
vt 0.413197 0.706140
vt 0.415254 0.036670
vt 0.165606 0.093711
vt 0.032463 0.146491
vt 0.002599 0.108010
vt 0.758789 0.397899
vt 0.756365 0.411306
vt 0.664235 0.062943
vt 0.665135 0.065459
vt 0.422446 0.016795
vt 0.570315 0.911800
vt 0.610014 0.470374
vt 0.529203 0.287430
vt 0.996769 0.041305
vt 0.977977 0.009591
vt 0.996769 0.007561
vt 0.748243 0.108002
vt 0.826588 0.797053
vt 0.812936 0.800977
vt 0.811632 0.786076
vt 0.419529 0.025733
vt 0.222317 0.917516
vt 0.022972 0.155011
vt 0.526746 0.273445
vt 0.575452 0.904024
vt 0.576640 0.907647
vt 0.157191 0.118426
vt 0.028018 0.113465
vt 0.878848 0.541145
vt 0.878495 0.557653
vt 0.870140 0.553731
vt 0.771054 0.109065
vt 0.305720 0.776783
vt 0.582509 0.905348
vt 0.170764 0.103149
vt 0.169089 0.119734
vt 0.147004 0.153082
vt 0.781375 0.432492
vt 0.890728 0.544986
vt 0.915535 0.451580
vt 0.417859 0.735807
vt 0.405078 0.718501
vt 0.407547 0.714569
vt 0.422041 0.904669
vt 0.429931 0.913020
vt 0.412124 0.905992
vt 0.414861 0.918353
vt 0.175872 0.095977
vt 0.179228 0.088732
vt 0.527918 0.248855
vt 0.029757 0.155855
vt 0.032457 0.121038
vt 0.428490 0.725369
vt 0.407824 0.712995
vt 0.175829 0.109307
vt 0.613735 0.448064
vt 0.611977 0.462712
vt 0.770252 0.406163
vt 0.799775 0.316345
vt 0.693847 0.043200
vt 0.400213 0.723521
vt 0.403444 0.738741
vt 0.378804 0.745862
vt 0.582565 0.907428
vt 0.190279 0.091213
vt 0.618007 0.412264
vt 0.343882 0.035241
vt 0.305448 0.005605
vt 0.337875 0.008985
vt 0.531285 0.267630
vt 0.035159 0.149557
vt 0.798607 0.797375
vt 0.421275 0.727075
vt 0.405117 0.723909
vt 0.413674 0.744695
vt 0.198733 0.919414
vt 0.184189 0.099067
vt 0.177121 0.117357
vt 0.611262 0.452342
vt 0.432688 0.895930
vt 0.403260 0.891687
vt 0.412404 0.023657
vt 0.367096 0.013062
vt 0.351721 0.032800
vt 0.317992 0.045276
vt 0.032071 0.096644
vt 0.879069 0.390082
vt 0.890660 0.393764
vt 0.890102 0.409766
vt 0.185416 0.114061
vt 0.187033 0.121007
vt 0.193447 0.134483
vt 0.034083 0.153451
vt 0.032628 0.159980
vt 0.749339 0.376674
vt 0.609170 0.330000
vt 0.603819 0.345742
vt 0.586993 0.334864
vt 0.403873 0.027931
vt 0.394175 0.076982
vt 0.384303 0.062863
vt 0.192138 0.105921
vt 0.869447 0.069552
vt 0.867523 0.073677
vt 0.865152 0.063866
vt 0.850732 0.078994
vt 0.850481 0.067184
vt 0.842185 0.060183
vt 0.838972 0.085585
vt 0.895666 0.535757
vt 0.898494 0.548722
vt 0.404004 0.876389
vt 0.195267 0.102089
vt 0.194403 0.089319
vt 0.473944 0.800678
vt 0.474712 0.782390
vt 0.481976 0.792065
vt 0.036841 0.155732
vt 0.789781 0.420732
vt 0.861804 0.571516
vt 0.746346 0.369233
vt 0.731230 0.377146
vt 0.867026 0.569545
vt 0.870153 0.406807
vt 0.551575 0.849411
vt 0.192543 0.112674
vt 0.602679 0.462650
vt 0.853379 0.676957
vt 0.863586 0.657832
vt 0.871818 0.676957
vt 0.821304 0.298656
vt 0.665646 0.034689
vt 0.665821 0.044473
vt 0.211406 0.097714
vt 0.614829 0.431215
vt 0.511211 0.801078
vt 0.502512 0.801934
vt 0.500837 0.798999
vt 0.886428 0.084366
vt 0.875606 0.079401
vt 0.876686 0.060438
vt 0.884315 0.658816
vt 0.885397 0.681587
vt 0.840263 0.289444
vt 0.861353 0.396832
vt 0.027936 0.083917
vt 0.886045 0.559142
vt 0.636249 0.321539
vt 0.629869 0.335125
vt 0.621051 0.329230
vt 0.389384 0.753968
vt 0.592876 0.905810
vt 0.499889 0.800981
vt 0.496091 0.798189
vt 0.781207 0.404773
vt 0.777795 0.399095
vt 0.757883 0.385618
vt 0.830174 0.069264
vt 0.806467 0.297680
vt 0.192695 0.403176
vt 0.192112 0.381650
vt 0.222001 0.393390
vt 0.592758 0.351880
vt 0.783891 0.790317
vt 0.778643 0.798840
vt 0.419498 0.743005
vt 0.391748 0.914668
vt 0.401105 0.934992
vt 0.663343 0.245724
vt 0.680453 0.248990
vt 0.665509 0.257767
vt 0.211117 0.370042
vt 0.623312 0.344752
vt 0.440157 0.727316
vt 0.368859 0.064784
vt 0.536099 0.838285
vt 0.651449 0.275373
vt 0.670351 0.275061
vt 0.852670 0.577167
vt 0.763381 0.797176
vt 0.763691 0.811409
vt 0.751749 0.794114
vt 0.497853 0.803451
vt 0.879175 0.085982
vt 0.041781 0.147925
vt 0.043077 0.140030
vt 0.814279 0.092276
vt 0.765152 0.389491
vt 0.880418 0.568273
vt 0.784786 0.805983
vt 0.356820 0.745219
vt 0.601132 0.441466
vt 0.602815 0.454962
vt 0.868100 0.083554
vt 0.689552 0.031201
vt 0.408386 0.858459
vt 0.386762 0.864525
vt 0.425683 0.741587
vt 0.219655 0.347989
vt 0.204872 0.352498
vt 0.207992 0.347014
vt 0.382203 0.031997
vt 0.883452 0.343115
vt 0.857450 0.332285
vt 0.879710 0.325511
vt 0.686363 0.267390
vt 0.879407 0.643592
vt 0.793351 0.308250
vt 0.678547 0.029251
vt 0.220201 0.334310
vt 0.213207 0.338141
vt 0.199703 0.328968
vt 0.377291 0.904267
vt 0.400140 0.017618
vt 0.856323 0.346621
vt 0.506417 0.820219
vt 0.894079 0.562705
vt 0.814216 0.292219
vt 0.856230 0.375910
vt 0.878401 0.367208
vt 0.871551 0.385710
vt 0.516608 0.803709
vt 0.871908 0.087013
vt 0.902797 0.556986
vt 0.775467 0.812827
vt 0.385662 0.895544
vt 0.199469 0.314998
vt 0.202407 0.296648
vt 0.217719 0.309649
vt 0.523231 0.809460
vt 0.695428 0.227504
vt 0.698401 0.237220
vt 0.837426 0.107713
vt 0.578619 0.352517
vt 0.866061 0.358071
vt 0.828131 0.287164
vt 0.215817 0.342845
vt 0.210679 0.342687
vt 0.543120 0.847252
vt 0.596125 0.433488
vt 0.484158 0.813747
vt 0.702265 0.252030
vt 0.863494 0.095544
vt 0.037520 0.084296
vt 0.888440 0.566662
vt 0.966455 0.040767
vt 0.902668 0.413759
vt 0.377740 0.927510
vt 0.706732 0.247259
vt 0.876351 0.092596
vt 0.777418 0.383982
vt 0.798572 0.807250
vt 0.560582 0.857095
vt 0.546169 0.860070
vt 0.844321 0.647949
vt 0.857675 0.643758
vt 0.376117 0.909883
vt 0.373179 0.049002
vt 0.535793 0.834545
vt 0.535096 0.807291
vt 0.692658 0.285119
vt 0.682026 0.302775
vt 0.710292 0.223265
vt 0.050060 0.132955
vt 0.047089 0.093640
vt 0.213505 0.362291
vt 0.876106 0.418699
vt 0.794726 0.294276
vt 0.378358 0.882424
vt 0.555888 0.867713
vt 0.871010 0.098092
vt 0.048370 0.113492
vt 0.761858 0.370354
vt 0.139686 0.997281
vt 0.125533 0.985405
vt 0.168673 0.984583
vt 0.190163 0.340649
vt 0.371716 0.891487
vt 0.193467 0.323377
vt 0.542018 0.858860
vt 0.466079 0.811097
vt 0.468800 0.799560
vt 0.885107 0.101452
vt 0.991299 0.757247
vt 0.991299 0.784818
vt 0.967391 0.763728
vt 0.771141 0.372931
vt 0.410823 0.086526
vt 0.424973 0.070544
vt 0.427441 0.093823
vt 0.713334 0.280634
vt 0.714963 0.228091
vt 0.856015 0.104114
vt 0.721054 0.900409
vt 0.729837 0.903682
vt 0.709935 0.910862
vt 0.873803 0.580709
vt 0.824984 0.811218
vt 0.851049 0.405241
vt 0.717577 0.915754
vt 0.865129 0.583941
vt 0.366324 0.917163
vt 0.728104 0.294898
vt 0.722731 0.269637
vt 0.879151 0.106232
vt 0.882017 0.578565
vt 0.604208 0.361848
vt 0.785835 0.815964
vt 0.581327 0.569566
vt 0.579769 0.554389
vt 0.596087 0.566053
vt 0.184673 0.345290
vt 0.520642 0.837908
vt 0.781538 0.299579
vt 0.778086 0.377778
vt 0.167865 0.408059
vt 0.613477 0.356550
vt 0.693873 0.321320
vt 0.733941 0.258921
vt 0.587155 0.364867
vt 0.136872 0.999276
vt 0.100912 0.999276
vt 0.113828 0.985611
vt 0.182366 0.359138
vt 0.857727 0.424629
vt 0.185008 0.335176
vt 0.590223 0.550619
vt 0.537566 0.853005
vt 0.877051 0.623150
vt 0.860779 0.629004
vt 0.833631 0.276745
vt 0.358748 0.909584
vt 0.587355 0.540679
vt 0.595849 0.550379
vt 0.381446 0.015556
vt 0.477887 0.828396
vt 0.961857 0.967576
vt 0.978143 0.977101
vt 0.964979 0.974614
vt 0.603584 0.532301
vt 0.589901 0.534094
vt 0.596482 0.528364
vt 0.960182 0.960006
vt 0.886980 0.114051
vt 0.869889 0.121216
vt 0.790350 0.400112
vt 0.906150 0.568497
vt 0.891253 0.575411
vt 0.627265 0.358973
vt 0.802394 0.816418
vt 0.603169 0.508554
vt 0.573003 0.500893
vt 0.609959 0.484419
vt 0.525144 0.843479
vt 0.839525 0.633661
vt 0.055394 0.124901
vt 0.598407 0.519957
vt 0.586026 0.516233
vt 0.543226 0.865449
vt 0.181544 0.961658
vt 0.171730 0.920299
vt 0.195362 0.936773
vt 0.734571 0.913298
vt 0.580167 0.525554
vt 0.839822 0.360845
vt 0.969333 0.979963
vt 0.941514 0.983231
vt 0.843006 0.126259
vt 0.154420 0.949423
vt 0.824346 0.277842
vt 0.755615 0.357217
vt 0.445427 0.074640
vt 0.177805 0.310320
vt 0.498432 0.842175
vt 0.968665 0.944988
vt 0.950806 0.943577
vt 0.163950 0.385384
vt 0.889753 0.424826
vt 0.183034 0.293662
vt 0.939742 0.952029
vt 0.912212 0.947904
vt 0.905157 0.928520
vt 0.841576 0.409706
vt 0.544479 0.870537
vt 0.872453 0.126454
vt 0.867591 0.592442
vt 0.796730 0.383994
vt 0.733067 0.925779
vt 0.718940 0.928642
vt 0.842127 0.374457
vt 0.959370 0.927600
vt 0.884817 0.129214
vt 0.855403 0.129238
vt 0.903361 0.576972
vt 0.805452 0.276494
vt 0.442656 0.064636
vt 0.459241 0.072188
vt 0.562097 0.521733
vt 0.576489 0.531145
vt 0.566410 0.543013
vt 0.843425 0.320903
vt 0.851238 0.320587
vt 0.780202 0.290531
vt 0.748526 0.903574
vt 0.726946 0.896252
vt 0.572016 0.483835
vt 0.566288 0.511899
vt 0.525038 0.851194
vt 0.537126 0.865901
vt 0.462192 0.819241
vt 0.941963 0.954594
vt 0.819599 0.826936
vt 0.568869 0.535809
vt 0.003659 0.718853
vt 0.010157 0.698856
vt 0.025056 0.720288
vt 0.932294 0.968919
vt 0.161220 0.916141
vt 0.174134 0.321444
vt 0.836936 0.340351
vt 0.899909 0.931479
vt 0.127071 0.953182
vt 0.127056 0.923457
vt 0.812471 0.770809
vt 0.811725 0.783838
vt 0.798927 0.777870
vt 0.529279 0.861448
vt 0.944962 0.921047
vt 0.932438 0.924229
vt 0.923252 0.899987
vt 0.933683 0.958319
vt 0.900761 0.585840
vt 0.447660 0.093080
vt 0.163893 0.360852
vt 0.175677 0.326298
vt 0.864087 0.610048
vt 0.787661 0.280319
vt 0.060183 0.103846
vt 0.889851 0.586484
vt 0.777887 0.360699
vt 0.754111 0.885928
vt 0.759404 0.902022
vt 0.773608 0.828836
vt 0.175028 0.336618
vt 0.896500 0.947221
vt 0.532131 0.621039
vt 0.521767 0.599791
vt 0.539237 0.621917
vt 0.790892 0.827531
vt 0.165424 0.346897
vt 0.170472 0.342398
vt 0.832333 0.330401
vt 0.943659 0.905916
vt 0.550607 0.189427
vt 0.554750 0.229675
vt 0.541926 0.203990
vt 0.928730 0.976632
vt 0.167885 0.907976
vt 0.620048 0.370348
vt 0.533048 0.635171
vt 0.489185 0.637754
vt 0.510517 0.622888
vt 0.513022 0.615515
vt 0.524093 0.618636
vt 0.544547 0.602294
vt 0.901056 0.434003
vt 0.841413 0.422553
vt 0.472373 0.842466
vt 0.520541 0.608833
vt 0.252314 0.065971
vt 0.236888 0.061838
vt 0.251232 0.053054
vt 0.884209 0.609597
vt 0.884772 0.596237
vt 0.594858 0.374319
vt 0.563725 0.527302
vt 0.558609 0.553606
vt 0.365379 0.020399
vt 0.518557 0.846829
vt 0.781743 0.829577
vt 0.441553 0.111058
vt 0.801636 0.749795
vt 0.795406 0.735094
vt 0.813369 0.743345
vt 0.790354 0.759192
vt 0.835510 0.620669
vt 0.577344 0.370726
vt 0.163932 0.332072
vt 0.831287 0.370141
vt 0.920094 0.976502
vt 0.273057 0.065976
vt 0.259720 0.046737
vt 0.685055 0.990127
vt 0.698101 0.979913
vt 0.715277 0.995378
vt 0.812664 0.265676
vt 0.763398 0.829707
vt 0.804877 0.828288
vt 0.872224 0.434507
vt 0.797601 0.728536
vt 0.827261 0.354178
vt 0.719835 0.981986
vt 0.900889 0.924482
vt 0.567319 0.211840
vt 0.511220 0.607562
vt 0.233810 0.046382
vt 0.759466 0.885276
vt 0.171617 0.288163
vt 0.528492 0.870835
vt 0.477248 0.623063
vt 0.167954 0.897284
vt 0.280010 0.049003
vt 0.832573 0.261208
vt 0.770091 0.349298
vt 0.847004 0.443562
vt 0.789571 0.738913
vt 0.931192 0.884747
vt 0.878212 0.926106
vt 0.827580 0.256538
vt 0.548227 0.494171
vt 0.607773 0.380640
vt 0.525773 0.392664
vt 0.515369 0.388703
vt 0.531340 0.389015
vt 0.520467 0.386391
vt 0.513302 0.382365
vt 0.524569 0.373285
vt 0.526298 0.377037
vt 0.884813 0.950388
vt 0.920461 0.956082
vt 0.080057 0.727799
vt 0.079145 0.722342
vt 0.089297 0.721886
vt 0.524391 0.585744
vt 0.069603 0.727607
vt 0.070104 0.709991
vt 0.286625 0.034663
vt 0.298840 0.052680
vt 0.509479 0.365913
vt 0.525912 0.362835
vt 0.822638 0.325322
vt 0.084941 0.728255
vt 0.095493 0.721074
vt 0.238916 0.041653
vt 0.727779 0.971118
vt 0.736341 0.987169
vt 0.935955 0.999927
vt 0.913415 0.999927
vt 0.917462 0.994028
vt 0.055444 0.082337
vt 0.780635 0.274075
vt 0.518259 0.348740
vt 0.514948 0.195415
vt 0.502223 0.594871
vt 0.792593 0.271731
vt 0.745063 0.927592
vt 0.889012 0.443145
vt 0.714116 0.962334
vt 0.067488 0.085709
vt 0.806722 0.719870
vt 0.795058 0.716170
vt 0.806009 0.716788
vt 0.093275 0.708381
vt 0.088530 0.711803
vt 0.080490 0.706378
vt 0.675246 0.974602
vt 0.741655 0.935323
vt 0.522910 0.413794
vt 0.530791 0.435790
vt 0.501026 0.431008
vt 0.513861 0.858311
vt 0.517125 0.164869
vt 0.486850 0.599808
vt 0.878549 0.607176
vt 0.525798 0.457921
vt 0.637265 0.379997
vt 0.778659 0.769596
vt 0.818939 0.337387
vt 0.791928 0.783508
vt 0.100929 0.705753
vt 0.109827 0.727656
vt 0.501136 0.599689
vt 0.271666 0.036407
vt 0.308268 0.040809
vt 0.794262 0.711981
vt 0.810337 0.713636
vt 0.551573 0.531350
vt 0.896027 0.597248
vt 0.772485 0.882247
vt 0.756688 0.912199
vt 0.813260 0.364046
vt 0.777237 0.778778
vt 0.131997 0.723385
vt 0.113472 0.706790
vt 0.771025 0.273928
vt 0.522456 0.399892
vt 0.500211 0.399829
vt 0.503724 0.392745
vt 0.503197 0.582132
vt 0.596867 0.390900
vt 0.585252 0.391632
vt 0.796096 0.718267
vt 0.809145 0.724673
vt 0.792248 0.719671
vt 0.807003 0.728362
vt 0.496732 0.343087
vt 0.791811 0.354768
vt 0.466746 0.086578
vt 0.793495 0.708353
vt 0.503522 0.389139
vt 0.135496 0.701918
vt 0.258634 0.025418
vt 0.751307 0.932903
vt 0.464394 0.063098
vt 0.478882 0.073821
vt 0.477132 0.065571
vt 0.860438 0.445082
vt 0.071456 0.097516
vt 0.785813 0.726155
vt 0.693896 0.963086
vt 0.775988 0.759516
vt 0.536848 0.149699
vt 0.490667 0.591412
vt 0.088512 0.702477
vt 0.571837 0.175756
vt 0.495762 0.588401
vt 0.651851 0.042647
vt 0.636170 0.043040
vt 0.638691 0.025102
vt 0.906573 0.594949
vt 0.621724 0.027523
vt 0.624362 0.013723
vt 0.620177 0.388851
vt 0.874986 0.447772
vt 0.498991 0.382747
vt 0.155592 0.726032
vt 0.143288 0.720443
vt 0.166166 0.709333
vt 0.525982 0.574337
vt 0.268715 0.018132
vt 0.305071 0.023370
vt 0.488895 0.382123
vt 0.808235 0.350183
vt 0.435805 0.636976
vt 0.093613 0.697895
vt 0.821810 0.843647
vt 0.051457 0.286571
vt 0.069914 0.265711
vt 0.087412 0.288933
vt 0.629877 0.038239
vt 0.508819 0.868339
vt 0.363953 0.181502
vt 0.371959 0.172782
vt 0.390778 0.194361
vt 0.801163 0.839452
vt 0.492010 0.389676
vt 0.483126 0.363215
vt 0.583885 0.161291
vt 0.601425 0.161685
vt 0.103238 0.693152
vt 0.644329 0.050966
vt 0.072829 0.691067
vt 0.772365 0.842850
vt 0.076805 0.248908
vt 0.097025 0.256941
vt 0.073781 0.255048
vt 0.083499 0.693288
vt 0.779341 0.264201
vt 0.723530 0.950574
vt 0.776640 0.893115
vt 0.762436 0.932263
vt 0.784500 0.841752
vt 0.070468 0.210673
vt 0.105703 0.203594
vt 0.075477 0.239063
vt 0.096155 0.246282
vt 0.649221 0.058373
vt 0.987866 0.417426
vt 0.980492 0.427576
vt 0.969313 0.415749
vt 0.233293 0.023687
vt 0.774960 0.904822
vt 0.150360 0.700251
vt 0.088279 0.692338
vt 0.887720 0.610339
vt 0.787839 0.563831
vt 0.793938 0.576008
vt 0.783191 0.578516
vt 0.280980 0.013667
vt 0.469971 0.102535
vt 0.903163 0.691263
vt 0.902605 0.705544
vt 0.895314 0.699979
vt 0.089564 0.261226
vt 0.789786 0.715092
vt 0.779831 0.735364
vt 0.887772 0.694566
vt 0.887119 0.683787
vt 0.899386 0.681133
vt 0.096967 0.688599
vt 0.880619 0.628634
vt 0.894031 0.643075
vt 0.883985 0.647362
vt 0.699409 0.945176
vt 0.479096 0.418166
vt 0.978165 0.314728
vt 0.967427 0.317641
vt 0.975269 0.312210
vt 0.973839 0.316937
vt 0.113346 0.691813
vt 0.113061 0.232443
vt 0.113066 0.272734
vt 0.972710 0.310067
vt 0.477963 0.396717
vt 0.754797 0.759146
vt 0.897242 0.985624
vt 0.919887 0.985624
vt 0.907875 0.999767
vt 0.483872 0.387899
vt 0.777387 0.717626
vt 0.190662 0.266263
vt 0.184411 0.264188
vt 0.189955 0.252298
vt 0.631867 0.059577
vt 0.115723 0.264873
vt 0.904310 0.602136
vt 0.902677 0.619491
vt 0.889016 0.616659
vt 0.240121 0.012613
vt 0.399955 0.171887
vt 0.485431 0.063864
vt 0.561646 0.154250
vt 0.605599 0.019498
vt 0.798791 0.564382
vt 0.990809 0.207793
vt 0.971977 0.221475
vt 0.964858 0.203713
vt 0.482258 0.391195
vt 0.476577 0.352282
vt 0.765758 0.750839
vt 0.464511 0.121788
vt 0.981483 0.108252
vt 0.987433 0.104893
vt 0.984179 0.117307
vt 0.899523 0.632484
vt 0.745861 0.946972
vt 0.488211 0.455203
vt 0.468660 0.443183
vt 0.976275 0.112258
vt 0.980731 0.102098
vt 0.974948 0.100349
vt 0.770656 0.732108
vt 0.899824 0.715939
vt 0.913310 0.712285
vt 0.091871 0.681820
vt 0.745173 0.044161
vt 0.760404 0.029073
vt 0.757433 0.048292
vt 0.410237 0.179772
vt 0.896144 0.453313
vt 0.118088 0.245337
vt 0.076741 0.684011
vt 0.764500 0.781718
vt 0.756957 0.774460
vt 0.136514 0.684094
vt 0.779295 0.917904
vt 0.761519 0.944608
vt 0.487414 0.081467
vt 0.091393 0.974099
vt 0.099997 0.961257
vt 0.113317 0.963191
vt 0.980807 0.094484
vt 0.042870 0.014585
vt 0.024714 0.008686
vt 0.045311 0.000529
vt 0.642869 0.065955
vt 0.102492 0.308749
vt 0.803862 0.552480
vt 0.813921 0.562077
vt 0.771704 0.726653
vt 0.118418 0.261278
vt 0.800760 0.581136
vt 0.907193 0.732158
vt 0.892325 0.705550
vt 0.572029 0.148663
vt 0.105207 0.682677
vt 0.620875 0.041389
vt 0.775923 0.598425
vt 0.790050 0.601132
vt 0.776944 0.606982
vt 0.402252 0.206054
vt 0.981592 0.100721
vt 0.984068 0.099440
vt 0.142498 0.215590
vt 0.752235 0.020723
vt 0.794997 0.535927
vt 0.826861 0.525803
vt 0.814055 0.546491
vt 0.731020 0.536249
vt 0.715110 0.505558
vt 0.731890 0.491478
vt 0.721891 0.474078
vt 0.787984 0.589501
vt 0.618034 0.405917
vt 0.626221 0.397075
vt 0.471365 0.378097
vt 0.872912 0.691328
vt 0.676085 0.657858
vt 0.681472 0.679826
vt 0.663012 0.675852
vt 0.480130 0.954022
vt 0.460753 0.957338
vt 0.461806 0.946596
vt 0.712884 0.527580
vt 0.775806 0.938840
vt 0.893466 0.922197
vt 0.857475 0.907487
vt 0.878439 0.898148
vt 0.226894 0.238639
vt 0.205382 0.257178
vt 0.195279 0.240700
vt 0.007274 0.283886
vt 0.000244 0.262252
vt 0.023433 0.261706
vt 0.731786 0.026312
vt 0.903417 0.908553
vt 0.692256 0.676021
vt 0.701304 0.674701
vt 0.709978 0.683542
vt 0.415182 0.948955
vt 0.435680 0.949121
vt 0.427351 0.958084
vt 0.452867 0.949687
vt 0.871908 0.788611
vt 0.871847 0.802000
vt 0.851259 0.802000
vt 0.880641 0.701348
vt 0.149348 0.275271
vt 0.150942 0.260611
vt 0.162956 0.262054
vt 0.897398 0.655337
vt 0.756435 0.001668
vt 0.769669 0.011189
vt 0.139636 0.275554
vt 0.130512 0.272457
vt 0.973473 0.979503
vt 0.987232 0.979503
vt 0.983736 0.989767
vt 0.886727 0.463243
vt 0.894758 0.732632
vt 0.653674 0.686329
vt 0.664185 0.698420
vt 0.642317 0.692854
vt 0.178388 0.253830
vt 0.173611 0.259912
vt 0.137982 0.249326
vt 0.623020 0.049984
vt 0.470482 0.943030
vt 0.962676 0.208898
vt 0.938610 0.203549
vt 0.944059 0.185560
vt 0.473065 0.386397
vt 0.544760 0.467011
vt 0.534831 0.482382
vt 0.534113 0.480144
vt 0.111549 0.948818
vt 0.985480 0.089403
vt 0.165609 0.274871
vt 0.165710 0.253253
vt 0.905569 0.648184
vt 0.445968 0.958439
vt 0.447718 0.944566
vt 0.915356 0.609493
vt 0.609957 0.033774
vt 0.544358 0.488802
vt 0.546017 0.515654
vt 0.522455 0.498739
vt 0.855723 0.464326
vt 0.988320 0.089854
vt 0.966872 0.093540
vt 0.974872 0.091240
vt 0.904787 0.744334
vt 0.915664 0.728317
vt 0.917061 0.625306
vt 0.869788 0.819360
vt 0.478581 0.116894
vt 0.107222 0.944892
vt 0.181229 0.240874
vt 0.168004 0.245747
vt 0.441514 0.943888
vt 0.916365 0.590156
vt 0.684246 0.813088
vt 0.707597 0.788079
vt 0.709678 0.818631
vt 0.991271 0.091926
vt 0.718147 0.552119
vt 0.644988 0.520767
vt 0.650764 0.535912
vt 0.635591 0.545393
vt 0.550550 0.487104
vt 0.533578 0.484236
vt 0.912352 0.748883
vt 0.889462 0.725129
vt 0.667962 0.709710
vt 0.654133 0.716349
vt 0.424377 0.186462
vt 0.786790 0.930775
vt 0.549085 0.572215
vt 0.522624 0.561543
vt 0.539187 0.546844
vt 0.743918 0.000071
vt 0.735257 0.014701
vt 0.451428 0.945301
vt 0.811422 0.580302
vt 0.415937 0.217024
vt 0.835863 0.810986
vt 0.143600 0.982218
vt 0.127524 0.964475
vt 0.151428 0.972068
vt 0.636049 0.712268
vt 0.214320 0.223821
vt 0.234253 0.220379
vt 0.914685 0.633989
vt 0.826634 0.557472
vt 0.819888 0.551708
vt 0.982298 0.082791
vt 0.961226 0.091589
vt 0.970216 0.078791
vt 0.877040 0.710728
vt 0.623164 0.690086
vt 0.169590 0.236933
vt 0.158680 0.245583
vt 0.610897 0.518455
vt 0.615113 0.547764
vt 0.747154 0.738553
vt 0.685007 0.655689
vt 0.688357 0.525564
vt 0.685743 0.498528
vt 0.928694 0.601609
vt 0.976005 0.080241
vt 0.804453 0.587068
vt 0.801404 0.593758
vt 0.661227 0.543373
vt 0.684416 0.533934
vt 0.681932 0.559000
vt 0.854793 0.826251
vt 0.527027 0.483621
vt 0.423235 0.934998
vt 0.828926 0.546024
vt 0.596590 0.028522
vt 0.895895 0.888321
vt 0.732001 0.798751
vt 0.751831 0.804208
vt 0.760086 0.819584
vt 0.958893 0.069595
vt 0.148837 0.248655
vt 0.918537 0.646754
vt 0.457218 0.925332
vt 0.690917 0.538628
vt 0.835941 0.829125
vt 0.514365 0.521524
vt 0.520391 0.491163
vt 0.867272 0.698746
vt 0.437048 0.933438
vt 0.162253 0.242151
vt 0.598482 0.013642
vt 0.401792 0.527534
vt 0.374136 0.534936
vt 0.365899 0.510682
vt 0.611599 0.700373
vt 0.703786 0.663222
vt 0.443774 0.935243
vt 0.018533 0.082981
vt 0.010035 0.064176
vt 0.030717 0.058872
vt 0.840080 0.543186
vt 0.448627 0.932412
vt 0.918344 0.892324
vt 0.926941 0.618760
vt 0.437449 0.201353
vt 0.892404 0.746991
vt 0.744314 0.752579
vt 0.189513 0.210463
vt 0.181026 0.228293
vt 0.173338 0.230838
vt 0.612406 0.052531
vt 0.480491 0.924207
vt 0.097009 0.171165
vt 0.111899 0.169566
vt 0.117407 0.183198
vt 0.419774 0.172315
vt 0.432192 0.228617
vt 0.823661 0.570136
vt 0.850911 0.529922
vt 0.604541 0.045171
vt 0.957583 0.215153
vt 0.939665 0.230187
vt 0.925541 0.215857
vt 0.518446 0.487287
vt 0.529753 0.469503
vt 0.616320 0.710229
vt 0.717874 0.663508
vt 0.005565 0.080462
vt 0.719432 0.018620
vt 0.809474 0.591507
vt 0.745281 0.784601
vt 0.866379 0.690015
vt 0.444601 0.923781
vt 0.019717 0.041285
vt 0.927058 0.636596
vt 0.869585 0.722810
vt 0.433834 0.922876
vt 0.936784 0.605073
vt 0.910152 0.659045
vt 0.718492 0.028766
vt 0.448390 0.921131
vt 0.086495 0.166333
vt 0.095198 0.157996
vt 0.594464 0.039524
vt 0.655411 0.519978
vt 0.692225 0.648197
vt 0.720056 0.676778
vt 0.159287 0.226741
vt 0.935225 0.616409
vt 0.725359 0.003751
vt 0.142041 0.239662
vt 0.153285 0.232128
vt 0.453393 0.919115
vt 0.820592 0.581900
vt 0.660927 0.567589
vt 0.911513 0.192511
vt 0.996774 0.083444
vt 0.992760 0.084056
vt 0.678910 0.645206
vt 0.663901 0.728697
vt 0.649762 0.731512
vt 0.707919 0.653750
vt 0.936388 0.597665
vt 0.819308 0.587418
vt 0.589987 0.033520
vt 0.588133 0.014161
vt 0.933977 0.028746
vt 0.970457 0.053022
vt 0.952216 0.068879
vt 0.151325 0.957323
vt 0.116553 0.932388
vt 0.509960 0.544153
vt 0.635330 0.572935
vt 0.502052 0.481765
vt 0.627830 0.723805
vt 0.851460 0.489781
vt 0.856433 0.499718
vt 0.840371 0.503022
vt 0.443139 0.183886
vt 0.448148 0.175018
vt 0.510431 0.460027
vt 0.878591 0.732934
vt 0.414723 0.925312
vt 0.983744 0.920004
vt 0.971952 0.914195
vt 0.983627 0.908414
vt 0.102627 0.160824
vt 0.920532 0.484466
vt 0.946855 0.484093
vt 0.946335 0.498976
vt 0.701576 0.648845
vt 0.939287 0.629400
vt 0.837225 0.552556
vt 0.832989 0.570523
vt 0.859763 0.842465
vt 0.837679 0.843816
vt 0.871946 0.831415
vt 0.871455 0.871051
vt 0.880899 0.745163
vt 0.712082 0.656266
vt 0.440024 0.909236
vt 0.650382 0.870067
vt 0.646686 0.882051
vt 0.642940 0.875473
vt 0.494286 0.487411
vt 0.698113 0.645439
vt 0.217580 0.207142
vt 0.170736 0.206562
vt 0.335130 0.952208
vt 0.353019 0.956197
vt 0.337028 0.973224
vt 0.467171 0.911072
vt 0.015026 0.033066
vt 0.029158 0.024937
vt 0.776232 0.293287
vt 0.786252 0.324342
vt 0.759226 0.307058
vt 0.726921 0.776060
vt 0.502939 0.494378
vt 0.865487 0.712275
vt 0.719570 0.654984
vt 0.434218 0.904221
vt 0.083828 0.144021
vt 0.929296 0.511126
vt 0.917016 0.207751
vt 0.991805 0.077425
vt 0.862067 0.704181
vt 0.162780 0.221466
vt 0.031917 0.483963
vt 0.001623 0.485622
vt 0.014553 0.464869
vt 0.955086 0.027879
vt 0.889901 0.245208
vt 0.891599 0.254840
vt 0.868742 0.248578
vt 0.695094 0.640006
vt 0.727241 0.656521
vt 0.732453 0.673382
vt 0.021750 0.836050
vt 0.019237 0.844362
vt 0.004750 0.836037
vt 0.002029 0.044266
vt 0.867415 0.530796
vt 0.682919 0.497659
vt 0.949680 0.469621
vt 0.958258 0.472890
vt 0.956821 0.477071
vt 0.888031 0.234603
vt 0.870619 0.234153
vt 0.887927 0.278093
vt 0.891561 0.300220
vt 0.866127 0.290229
vt 0.122277 0.155034
vt 0.996280 0.955463
vt 0.966944 0.955463
vt 0.980164 0.932194
vt 0.497545 0.510536
vt 0.648705 0.571766
vt 0.949787 0.474875
vt 0.855003 0.697460
vt 0.701056 0.641992
vt 0.709087 0.644849
vt 0.148084 0.219134
vt 0.443718 0.904048
vt 0.036131 0.463648
vt 0.008649 0.830025
vt 0.128467 0.237780
vt 0.141245 0.226626
vt 0.825923 0.586586
vt 0.346768 0.522497
vt 0.499178 0.483153
vt 0.872043 0.230004
vt 0.592995 0.711776
vt 0.611440 0.723312
vt 0.720505 0.646221
vt 0.326798 0.270938
vt 0.291072 0.280061
vt 0.305578 0.265816
vt 0.941691 0.598683
vt 0.966148 0.924799
vt 0.973256 0.934407
vt 0.111344 0.140213
vt 0.664867 0.877292
vt 0.888553 0.867343
vt 0.620324 0.575926
vt 0.943842 0.605656
vt 0.062354 0.146021
vt 0.076464 0.129324
vt 0.352230 0.977194
vt 0.236888 0.290678
vt 0.245485 0.288401
vt 0.233383 0.302659
vt 0.101634 0.139479
vt 0.158976 0.296219
vt 0.138990 0.301574
vt 0.148363 0.281834
vt 0.452671 0.200509
vt 0.600490 0.561216
vt 0.578217 0.315941
vt 0.577805 0.344005
vt 0.555832 0.328865
vt 0.154533 0.215406
vt 0.122215 0.294303
vt 0.741739 0.274301
vt 0.589710 0.047111
vt 0.854109 0.702177
vt 0.223045 0.129753
vt 0.224655 0.116370
vt 0.235572 0.108983
vt 0.942393 0.632403
vt 0.932657 0.649803
vt 0.364742 0.963793
vt 0.661329 0.497063
vt 0.640809 0.743403
vt 0.654302 0.745902
vt 0.251263 0.288261
vt 0.245165 0.299293
vt 0.926177 0.656856
vt 0.028587 0.846331
vt 0.002031 0.017271
vt 0.670406 0.890143
vt 0.768663 0.337983
vt 0.909760 0.867198
vt 0.307743 0.611994
vt 0.286504 0.634770
vt 0.282414 0.590171
vt 0.859797 0.266778
vt 0.727828 0.645789
vt 0.168664 0.309199
vt 0.151765 0.315287
vt 0.827436 0.589658
vt 0.108062 0.931636
vt 0.964576 0.483360
vt 0.882986 0.753124
vt 0.859463 0.715434
vt 0.935864 0.643066
vt 0.017160 0.454633
vt 0.962245 0.915181
vt 0.240570 0.281889
vt 0.730046 0.280860
vt 0.857060 0.228440
vt 0.853317 0.238721
vt 0.706824 0.632415
vt 0.560008 0.344892
vt 0.248229 0.097728
vt 0.260487 0.122802
vt 0.450875 0.901321
vt 0.121409 0.139575
vt 0.576361 0.040209
vt 0.581088 0.026289
vt 0.961283 0.487367
vt 0.231374 0.587483
vt 0.201204 0.588631
vt 0.210046 0.565777
vt 0.715527 0.639377
vt 0.931283 0.658046
vt 0.868982 0.546371
vt 0.221256 0.278580
vt 0.206704 0.295578
vt 0.645424 0.900148
vt 0.747359 0.312729
vt 0.838183 0.575778
vt 0.259238 0.294849
vt 0.266470 0.278957
vt 0.270334 0.282320
vt 0.944569 0.624616
vt 0.633392 0.896241
vt 0.834210 0.588142
vt 0.673218 0.884177
vt 0.680063 0.896404
vt 0.940473 0.018285
vt 0.335446 0.429193
vt 0.328326 0.452260
vt 0.305565 0.417447
vt 0.235083 0.590748
vt 0.230489 0.600096
vt 0.062026 0.115357
vt 0.064513 0.125563
vt 0.057673 0.129039
vt 0.265670 0.101635
vt 0.637650 0.502166
vt 0.617347 0.511624
vt 0.870240 0.733811
vt 0.625616 0.739843
vt 0.693245 0.633662
vt 0.294976 0.255930
vt 0.571610 0.359867
vt 0.271990 0.273185
vt 0.434208 0.898992
vt 0.248314 0.279282
vt 0.041832 0.449343
vt 0.051896 0.467284
vt 0.336306 0.989769
vt 0.260584 0.608501
vt 0.240874 0.618205
vt 0.246279 0.592006
vt 0.596403 0.578403
vt 0.959699 0.495585
vt 0.721190 0.637227
vt 0.216044 0.098077
vt 0.923149 0.988606
vt 0.945365 0.988606
vt 0.942019 0.999807
vt 0.619013 0.888587
vt 0.110293 0.134920
vt 0.037063 0.829739
vt 0.971166 0.018884
vt 0.236303 0.600478
vt 0.895996 0.860770
vt 0.231748 0.608804
vt 0.776456 0.879146
vt 0.799046 0.886302
vt 0.786026 0.892357
vt 0.701720 0.626191
vt 0.306167 0.250697
vt 0.548048 0.338360
vt 0.085581 0.118798
vt 0.235569 0.090712
vt 0.938015 0.649900
vt 0.012211 0.619831
vt 0.024921 0.623005
vt 0.023526 0.639620
vt 0.730744 0.297780
vt 0.708893 0.746024
vt 0.689568 0.763507
vt 0.702084 0.741491
vt 0.750890 0.329609
vt 0.123577 0.304387
vt 0.252299 0.626439
vt 0.341965 0.535225
vt 0.333645 0.528904
vt 0.862338 0.726158
vt 0.802416 0.858947
vt 0.547028 0.332263
vt 0.951591 0.709937
vt 0.953500 0.729134
vt 0.927665 0.726325
vt 0.356382 0.991452
vt 0.174224 0.681019
vt 0.180134 0.666801
vt 0.188222 0.673129
vt 0.675750 0.750656
vt 0.689035 0.740619
vt 0.581835 0.048099
vt 0.711515 0.758649
vt 0.867773 0.845223
vt 0.072610 0.114660
vt 0.276481 0.088678
vt 0.284396 0.094679
vt 0.600834 0.417247
vt 0.583279 0.434533
vt 0.594187 0.394701
vt 0.093578 0.124763
vt 0.949864 0.925205
vt 0.941062 0.659718
vt 0.028418 0.442640
vt 0.190752 0.655908
vt 0.850457 0.852737
vt 0.967547 0.488799
vt 0.555410 0.351225
vt 0.574863 0.408611
vt 0.619869 0.901085
vt 0.606489 0.891915
vt 0.234436 0.270415
vt 0.105887 0.126921
vt 0.038254 0.437911
vt 0.039669 0.960506
vt 0.058867 0.981086
vt 0.029744 0.972733
vt 0.078230 0.958709
vt 0.335975 0.509809
vt 0.347260 0.401203
vt 0.165975 0.827720
vt 0.144646 0.813995
vt 0.164281 0.808361
vt 0.817589 0.868059
vt 0.642313 0.752837
vt 0.568895 0.370915
vt 0.265932 0.271759
vt 0.252230 0.087128
vt 0.247688 0.274093
vt 0.119367 0.131449
vt 0.143153 0.320986
vt 0.084110 0.976306
vt 0.940148 0.515265
vt 0.743648 0.759350
vt 0.963701 0.493570
vt 0.852829 0.273668
vt 0.824304 0.846091
vt 0.715890 0.628912
vt 0.576166 0.376493
vt 0.267195 0.081322
vt 0.209213 0.257998
vt 0.231924 0.265081
vt 0.000132 0.639149
vt 0.018335 0.656587
vt 0.741274 0.319714
vt 0.014360 0.430907
vt 0.034747 0.433494
vt 0.316533 0.398325
vt 0.873003 0.751016
vt 0.869778 0.747184
vt 0.280210 0.250205
vt 0.269764 0.261901
vt 0.532424 0.344433
vt 0.223059 0.080665
vt 0.240462 0.080903
vt 0.097724 0.117345
vt 0.635946 0.904454
vt 0.705993 0.732910
vt 0.761122 0.350384
vt 0.158032 0.334323
vt 0.953259 0.504562
vt 0.898281 0.205059
vt 0.648752 0.490822
vt 0.872455 0.852818
vt 0.950484 0.009206
vt 0.973397 0.481819
vt 0.973741 0.352227
vt 0.961832 0.385582
vt 0.947060 0.373390
vt 0.938040 0.386137
vt 0.571015 0.382344
vt 0.556300 0.362042
vt 0.255700 0.267023
vt 0.966813 0.708733
vt 0.560513 0.431109
vt 0.942906 0.655200
vt 0.180919 0.654442
vt 0.725978 0.305996
vt 0.664720 0.908532
vt 0.753106 0.338758
vt 0.726030 0.758488
vt 0.844151 0.239693
vt 0.849404 0.228243
vt 0.213689 0.624847
vt 0.181426 0.638797
vt 0.846760 0.288654
vt 0.831877 0.857275
vt 0.619211 0.743557
vt 0.625801 0.748624
vt 0.579735 0.392584
vt 0.980143 0.701418
vt 0.970614 0.729113
vt 0.207795 0.088346
vt 0.164639 0.679222
vt 0.173870 0.664869
vt 0.948771 0.915686
vt 0.946734 0.910033
vt 0.367915 0.984527
vt 0.697593 0.732499
vt 0.036944 0.637581
vt 0.857402 0.853218
vt 0.068385 0.982349
vt 0.227189 0.613338
vt 0.848675 0.261624
vt 0.540029 0.355414
vt 0.079175 0.107376
vt 0.262242 0.073872
vt 0.049646 0.428325
vt 0.684062 0.731899
vt 0.023768 0.425149
vt 0.124639 0.312257
vt 0.108299 0.300765
vt 0.619002 0.128593
vt 0.619098 0.136020
vt 0.611301 0.138705
vt 0.662334 0.475761
vt 0.868200 0.849746
vt 0.584761 0.174037
vt 0.598406 0.192057
vt 0.578427 0.182384
vt 0.639341 0.494857
vt 0.842756 0.250915
vt 0.635335 0.757298
vt 0.651111 0.754933
vt 0.658908 0.683987
vt 0.648644 0.669749
vt 0.660850 0.672977
vt 0.246184 0.265897
vt 0.246525 0.072687
vt 0.973080 0.744163
vt 0.118980 0.118739
vt 0.210647 0.073013
vt 0.569770 0.448756
vt 0.139589 0.325427
vt 0.153653 0.336979
vt 0.109738 0.310183
vt 0.041554 0.426015
vt 0.643199 0.582616
vt 0.940984 0.249020
vt 0.932178 0.260774
vt 0.910345 0.255032
vt 0.609474 0.173934
vt 0.885658 0.850887
vt 0.914980 0.019314
vt 0.947874 0.513871
vt 0.121145 0.166104
vt 0.127185 0.151155
vt 0.129658 0.171197
vt 0.833902 0.835877
vt 0.606272 0.737223
vt 0.802805 0.895456
vt 0.710006 0.619870
vt 0.561385 0.379626
vt 0.283249 0.817605
vt 0.296492 0.806047
vt 0.299157 0.820697
vt 0.258598 0.255044
vt 0.654243 0.665838
vt 0.107573 0.112662
vt 0.280781 0.065973
vt 0.629891 0.906801
vt 0.232626 0.071412
vt 0.960707 0.750168
vt 0.164606 0.663751
vt 0.174758 0.654181
vt 0.726193 0.317074
vt 0.704608 0.727759
vt 0.717149 0.729440
vt 0.002169 0.417641
vt 0.934226 0.670726
vt 0.942793 0.677797
vt 0.912229 0.684505
vt 0.638652 0.942731
vt 0.646831 0.948042
vt 0.625163 0.945386
vt 0.135933 0.166122
vt 0.133480 0.175531
vt 0.131538 0.156120
vt 0.348925 0.391474
vt 0.178166 0.814396
vt 0.703125 0.615083
vt 0.977924 0.728879
vt 0.125399 0.122046
vt 0.732244 0.335945
vt 0.646958 0.909033
vt 0.747973 0.349016
vt 0.685147 0.727340
vt 0.027212 0.651533
vt 0.625453 0.127706
vt 0.614805 0.143405
vt 0.247846 0.632337
vt 0.617306 0.586132
vt 0.228204 0.623940
vt 0.129631 0.184950
vt 0.862653 0.852750
vt 0.860094 0.853891
vt 0.953033 0.680920
vt 0.943254 0.683218
vt 0.634532 0.948850
vt 0.855896 0.855639
vt 0.970534 0.493420
vt 0.977705 0.490227
vt 0.150809 0.797859
vt 0.248575 0.254797
vt 0.605075 0.908637
vt 0.230429 0.254514
vt 0.093343 0.107916
vt 0.712750 0.720414
vt 0.855002 0.988019
vt 0.880514 0.998029
vt 0.855952 0.998882
vt 0.358339 0.995533
vt 0.140875 0.196331
vt 0.887270 0.670815
vt 0.922728 0.687379
vt 0.327490 0.390459
vt 0.315969 0.390903
vt 0.652220 0.950950
vt 0.957585 0.506571
vt 0.963123 0.501115
vt 0.844226 0.267975
vt 0.569854 0.398394
vt 0.543911 0.365111
vt 0.240189 0.253104
vt 0.635179 0.911346
vt 0.184665 0.642055
vt 0.553142 0.442097
vt 0.691080 0.723348
vt 0.012132 0.413767
vt 0.028119 0.416857
vt 0.608627 0.152537
vt 0.010125 0.672455
vt 0.015888 0.674910
vt 0.005239 0.690969
vt 0.377716 0.991131
vt 0.368676 0.990452
vt 0.127709 0.325659
vt 0.485437 0.595745
vt 0.463067 0.590010
vt 0.468609 0.573952
vt 0.587939 0.587595
vt 0.933804 0.236195
vt 0.648201 0.478692
vt 0.897475 0.849123
vt 0.952566 0.512577
vt 0.640553 0.951322
vt 0.970412 0.496097
vt 0.141833 0.179207
vt 0.141415 0.149014
vt 0.976263 0.492865
vt 0.841362 0.261421
vt 0.194626 0.824603
vt 0.185506 0.827509
vt 0.185248 0.817811
vt 0.818753 0.888299
vt 0.628195 0.753846
vt 0.675526 0.762778
vt 0.668840 0.752866
vt 0.679703 0.761093
vt 0.571258 0.407989
vt 0.645519 0.761984
vt 0.306013 0.803023
vt 0.273100 0.243941
vt 0.638807 0.673310
vt 0.643175 0.663146
vt 0.649224 0.658260
vt 0.655927 0.650990
vt 0.618559 0.911402
vt 0.237260 0.069746
vt 0.975542 0.744429
vt 0.170006 0.645795
vt 0.599437 0.453649
vt 0.590859 0.458197
vt 0.876003 0.990663
vt 0.543416 0.434352
vt 0.021062 0.664002
vt 0.135593 0.332309
vt 0.053904 0.424046
vt 0.739064 0.754761
vt 0.620781 0.188485
vt 0.304881 0.402108
vt 0.345928 0.379957
vt 0.361273 0.387482
vt 0.959284 0.506718
vt 0.640692 0.955830
vt 0.863610 0.856750
vt 0.859998 0.858941
vt 0.146119 0.157621
vt 0.975395 0.370170
vt 0.169717 0.807428
vt 0.976472 0.402439
vt 0.967161 0.406343
vt 0.161010 0.801253
vt 0.828235 0.877793
vt 0.623597 0.750862
vt 0.259109 0.246965
vt 0.629925 0.912991
vt 0.836372 0.996488
vt 0.823378 0.996488
vt 0.837698 0.988940
vt 0.228943 0.065264
vt 0.025936 0.274865
vt 0.031096 0.284611
vt 0.012634 0.292648
vt 0.166078 0.652049
vt 0.125363 0.119805
vt 0.209368 0.069740
vt 0.641277 0.910844
vt 0.511293 0.703064
vt 0.512667 0.697828
vt 0.518574 0.699848
vt 0.581016 0.458123
vt 0.014266 0.409240
vt 0.038394 0.642814
vt 0.031375 0.652994
vt 0.361520 0.998422
vt 0.044031 0.420681
vt 0.455754 0.576544
vt 0.914051 0.243953
vt 0.145165 0.188518
vt 0.610996 0.202001
vt 0.578970 0.207618
vt 0.965304 0.505960
vt 0.946582 0.688800
vt 0.628333 0.956148
vt 0.149697 0.173257
vt 0.673155 0.207957
vt 0.677037 0.221116
vt 0.668537 0.217135
vt 0.249590 0.926912
vt 0.245896 0.919347
vt 0.247372 0.911754
vt 0.241977 0.906814
vt 0.611206 0.744125
vt 0.707883 0.612680
vt 0.686025 0.768144
vt 0.637550 0.760699
vt 0.545085 0.378185
vt 0.547729 0.394917
vt 0.309650 0.818214
vt 0.313108 0.788772
vt 0.313874 0.773897
vt 0.324875 0.790156
vt 0.239736 0.245569
vt 0.653628 0.649609
vt 0.548548 0.466131
vt 0.554140 0.459096
vt 0.555876 0.466854
vt 0.535080 0.448170
vt 0.226767 0.248741
vt 0.563383 0.456386
vt 0.340485 0.770547
vt 0.334031 0.764893
vt 0.355543 0.766291
vt 0.244474 0.067271
vt 0.851902 0.991368
vt 0.095725 0.104963
vt 0.042699 0.274625
vt 0.957297 0.819772
vt 0.953431 0.810901
vt 0.966042 0.815352
vt 0.049055 0.283556
vt 0.698862 0.717633
vt 0.515572 0.711942
vt 0.615207 0.151378
vt 0.623321 0.138589
vt 0.152154 0.341144
vt 0.111598 0.316482
vt 0.106399 0.314232
vt 0.628193 0.130021
vt 0.641256 0.586220
vt 0.932582 0.231399
vt 0.725631 0.754435
vt 0.904244 0.260446
vt 0.329175 0.525172
vt 0.329232 0.536951
vt 0.146254 0.196973
vt 0.938271 0.066493
vt 0.929966 0.064722
vt 0.941477 0.053185
vt 0.928655 0.079737
vt 0.931923 0.691738
vt 0.661252 0.959024
vt 0.962594 0.511726
vt 0.154046 0.184916
vt 0.161612 0.160622
vt 0.841326 0.237315
vt 0.839833 0.249977
vt 0.842566 0.270477
vt 0.193860 0.822019
vt 0.980528 0.359750
vt 0.177813 0.810648
vt 0.805511 0.902637
vt 0.575696 0.089420
vt 0.582547 0.090445
vt 0.578935 0.092658
vt 0.588231 0.092418
vt 0.669538 0.772780
vt 0.668674 0.759261
vt 0.657704 0.772479
vt 0.639580 0.767128
vt 0.312591 0.827550
vt 0.318097 0.804199
vt 0.534850 0.362057
vt 0.528073 0.354632
vt 0.328114 0.778506
vt 0.542348 0.029851
vt 0.527056 0.033296
vt 0.526631 0.029361
vt 0.541282 0.032937
vt 0.517968 0.728135
vt 0.526563 0.714794
vt 0.322980 0.768214
vt 0.643108 0.652536
vt 0.503070 0.733202
vt 0.494838 0.714385
vt 0.853196 0.996955
vt 0.565989 0.463732
vt 0.114649 0.109708
vt 0.570655 0.458670
vt 0.736392 0.348403
vt 0.725518 0.332866
vt 0.715088 0.315663
vt 0.495026 0.704791
vt 0.929963 0.816948
vt 0.944263 0.808132
vt 0.653630 0.914587
vt 0.977788 0.750471
vt 0.029292 0.412107
vt 0.054497 0.416017
vt 0.046522 0.409323
vt 0.622112 0.142892
vt 0.675797 0.724838
vt 0.045475 0.646683
vt 0.028683 0.667783
vt 0.125639 0.328010
vt 0.597158 0.589823
vt 0.708093 0.751230
vt 0.326784 0.521166
vt 0.327365 0.507865
vt 0.326012 0.529529
vt 0.150758 0.216973
vt 0.645366 0.962262
vt 0.227440 0.629741
vt 0.977312 0.505635
vt 0.161596 0.179950
vt 0.165136 0.148178
vt 0.685353 0.212228
vt 0.170671 0.802012
vt 0.843107 0.871054
vt 0.619751 0.751103
vt 0.685766 0.771105
vt 0.570610 0.092329
vt 0.587726 0.088258
vt 0.590780 0.098088
vt 0.576189 0.098156
vt 0.630489 0.757593
vt 0.531382 0.382252
vt 0.634099 0.665088
vt 0.348649 0.785286
vt 0.537894 0.018155
vt 0.624315 0.916620
vt 0.367930 0.774380
vt 0.652463 0.631410
vt 0.658905 0.629734
vt 0.547014 0.105532
vt 0.540489 0.111663
vt 0.541772 0.095637
vt 0.548607 0.088948
vt 0.633252 0.917754
vt 0.027793 0.983652
vt 0.028733 0.995949
vt 0.021800 0.991818
vt 0.014665 0.280937
vt 0.027959 0.261650
vt 0.036867 0.984407
vt 0.033829 0.265717
vt 0.150864 0.675380
vt 0.154021 0.664285
vt 0.158353 0.656662
vt 0.126928 0.113993
vt 0.209001 0.060675
vt 0.704112 0.714032
vt 0.641663 0.914191
vt 0.056941 0.273648
vt 0.592263 0.464683
vt 0.598630 0.465517
vt 0.601188 0.457861
vt 0.031410 0.404817
vt 0.574507 0.463264
vt 0.038671 0.661468
vt 0.374632 0.994283
vt 0.147288 0.343675
vt 0.162099 0.355244
vt 0.461951 0.611449
vt 0.449333 0.581259
vt 0.903265 0.251575
vt 0.724132 0.751428
vt 0.742280 0.748543
vt 0.617059 0.194274
vt 0.232249 0.634653
vt 0.908169 0.695855
vt 0.629740 0.966243
vt 0.695023 0.065166
vt 0.696104 0.068842
vt 0.690964 0.072576
vt 0.831045 0.245173
vt 0.837783 0.254763
vt 0.211011 0.642142
vt 0.406494 0.558868
vt 0.395907 0.562181
vt 0.383561 0.543633
vt 0.665116 0.204120
vt 0.194128 0.813378
vt 0.207784 0.828330
vt 0.183287 0.804661
vt 0.975945 0.387255
vt 0.843132 0.859842
vt 0.163816 0.792103
vt 0.256127 0.923253
vt 0.829316 0.882230
vt 0.820961 0.892993
vt 0.572016 0.086095
vt 0.580788 0.083645
vt 0.568507 0.089452
vt 0.124073 0.807229
vt 0.138506 0.803826
vt 0.129641 0.810066
vt 0.137162 0.808797
vt 0.563093 0.094254
vt 0.550669 0.092710
vt 0.596612 0.093935
vt 0.605692 0.095009
vt 0.339097 0.824333
vt 0.621266 0.651186
vt 0.642131 0.646236
vt 0.522992 0.734113
vt 0.528224 0.730447
vt 0.477031 0.717997
vt 0.555465 0.479723
vt 0.537206 0.075228
vt 0.718375 0.711076
vt 0.645045 0.916773
vt 0.014210 0.693805
vt 0.108543 0.319814
vt 0.625779 0.589180
vt 0.916126 0.237464
vt 0.886174 0.845561
vt 0.935189 0.049985
vt 0.251643 0.640504
vt 0.922842 0.073437
vt 0.598966 0.216487
vt 0.919772 0.696093
vt 0.322013 0.372085
vt 0.869899 0.857363
vt 0.351475 0.374767
vt 0.158002 0.203800
vt 0.949268 0.699261
vt 0.934558 0.700965
vt 0.661851 0.967574
vt 0.677388 0.969572
vt 0.169023 0.190536
vt 0.686938 0.067019
vt 0.829811 0.255930
vt 0.211684 0.821937
vt 0.982363 0.412509
vt 0.252176 0.906926
vt 0.246474 0.901802
vt 0.611413 0.752205
vt 0.559114 0.081970
vt 0.568797 0.077443
vt 0.110976 0.802590
vt 0.120965 0.812760
vt 0.108517 0.815825
vt 0.120870 0.822181
vt 0.554455 0.088988
vt 0.690113 0.782202
vt 0.596380 0.083311
vt 0.660425 0.788163
vt 0.138496 0.820904
vt 0.218593 0.856138
vt 0.219559 0.872386
vt 0.206112 0.874276
vt 0.642966 0.777995
vt 0.633390 0.794427
vt 0.344303 0.803603
vt 0.634689 0.633179
vt 0.649304 0.622504
vt 0.368482 0.784611
vt 0.514354 0.733923
vt 0.622689 0.922982
vt 0.141824 0.107915
vt 0.043222 0.999425
vt 0.055278 0.982943
vt 0.729502 0.345124
vt 0.160351 0.647117
vt 0.166442 0.635117
vt 0.170017 0.635418
vt 0.050804 0.261986
vt 0.587920 0.471309
vt 0.687473 0.717508
vt 0.672707 0.712334
vt 0.036443 0.681561
vt 0.152403 0.354729
vt 0.632483 0.132950
vt 0.125764 0.333807
vt 0.112427 0.329101
vt 0.631931 0.128746
vt 0.640861 0.589061
vt 0.444879 0.582017
vt 0.435682 0.563419
vt 0.154854 0.202591
vt 0.340171 0.370551
vt 0.920087 0.704685
vt 0.866179 0.862270
vt 0.169578 0.201286
vt 0.218654 0.829195
vt 0.218577 0.819565
vt 0.228654 0.819093
vt 0.643424 0.973445
vt 0.186821 0.174572
vt 0.683439 0.069948
vt 0.176132 0.155540
vt 0.675802 0.206001
vt 0.199110 0.806934
vt 0.714215 0.218096
vt 0.978192 0.386469
vt 0.183538 0.796204
vt 0.981744 0.399088
vt 0.841545 0.874530
vt 0.829792 0.889543
vt 0.258129 0.917641
vt 0.819750 0.904173
vt 0.031538 0.000231
vt 0.023351 0.005963
vt 0.018336 0.000082
vt 0.950466 0.005498
vt 0.941234 0.005498
vt 0.941222 0.003570
vt 0.623681 0.765953
vt 0.090019 0.803404
vt 0.097626 0.819362
vt 0.140992 0.797511
vt 0.090971 0.826452
vt 0.079986 0.825436
vt 0.670683 0.797257
vt 0.097572 0.828831
vt 0.610552 0.074836
vt 0.483987 0.144975
vt 0.489005 0.127254
vt 0.498909 0.138000
vt 0.480778 0.129208
vt 0.202931 0.853246
vt 0.610103 0.102081
vt 0.636741 0.781681
vt 0.198747 0.878351
vt 0.190659 0.875012
vt 0.656467 0.809031
vt 0.354499 0.825960
vt 0.371663 0.797525
vt 0.508998 0.742380
vt 0.499777 0.749049
vt 0.473064 0.743546
vt 0.636784 0.923418
vt 0.535409 0.125390
vt 0.531428 0.105666
vt 0.060845 0.392967
vt 0.656920 0.601151
vt 0.958483 0.824083
vt 0.962222 0.829674
vt 0.940871 0.828367
vt 0.698168 0.707644
vt 0.724574 0.706703
vt 0.711444 0.318837
vt 0.146518 0.674068
vt 0.155665 0.655632
vt 0.929953 0.824396
vt 0.653658 0.918816
vt 0.603459 0.480866
vt 0.621628 0.154482
vt 0.632787 0.145039
vt 0.931702 0.228829
vt 0.735138 0.746338
vt 0.718276 0.748277
vt 0.701711 0.055780
vt 0.717287 0.051606
vt 0.700280 0.059410
vt 0.613450 0.592114
vt 0.323779 0.520160
vt 0.453618 0.609045
vt 0.320689 0.535874
vt 0.911854 0.700290
vt 0.344065 0.367197
vt 0.362122 0.369635
vt 0.227765 0.637248
vt 0.184290 0.197617
vt 0.683827 0.075007
vt 0.668969 0.976114
vt 0.408341 0.562731
vt 0.197144 0.203036
vt 0.401096 0.568821
vt 0.376237 0.568380
vt 0.381812 0.573588
vt 0.670384 0.200575
vt 0.699271 0.206498
vt 0.726033 0.213787
vt 0.722008 0.217016
vt 0.725430 0.203449
vt 0.160865 0.785161
vt 0.193261 0.787621
vt 0.854151 0.870163
vt 0.851137 0.875566
vt 0.845333 0.889119
vt 0.257536 0.899397
vt 0.803029 0.987600
vt 0.833243 0.987600
vt 0.815544 0.994768
vt 0.254259 0.893013
vt 0.129468 0.795530
vt 0.070567 0.819588
vt 0.585908 0.071850
vt 0.676455 0.807505
vt 0.684761 0.820868
vt 0.673916 0.827602
vt 0.488540 0.151383
vt 0.271614 0.893110
vt 0.262404 0.876254
vt 0.661055 0.825726
vt 0.270242 0.876128
vt 0.082937 0.836969
vt 0.471799 0.147541
vt 0.177092 0.878256
vt 0.155690 0.878462
vt 0.165654 0.856996
vt 0.366960 0.807286
vt 0.635087 0.818147
vt 0.639184 0.930513
vt 0.529849 0.742040
vt 0.532145 0.737841
vt 0.516879 0.032299
vt 0.521925 0.021087
vt 0.150446 0.656358
vt 0.160009 0.635261
vt 0.948838 0.839727
vt 0.528430 0.085474
vt 0.719070 0.339091
vt 0.063794 0.667760
vt 0.924759 0.830051
vt 0.919530 0.825222
vt 0.525948 0.052022
vt 0.535954 0.054160
vt 0.958430 0.350071
vt 0.964366 0.344135
vt 0.972048 0.349421
vt 0.133152 0.355892
vt 0.638474 0.126618
vt 0.637307 0.590609
vt 0.625558 0.591502
vt 0.910150 0.238025
vt 0.894182 0.256322
vt 0.723477 0.746456
vt 0.323531 0.497276
vt 0.922360 0.064132
vt 0.919827 0.074931
vt 0.702394 0.061282
vt 0.429046 0.563676
vt 0.439092 0.586407
vt 0.305696 0.372209
vt 0.690575 0.081069
vt 0.934751 0.717183
vt 0.612788 0.978171
vt 0.640890 0.983718
vt 0.228104 0.795479
vt 0.218350 0.802481
vt 0.171954 0.138695
vt 0.195238 0.139378
vt 0.392053 0.591974
vt 0.375520 0.598680
vt 0.689981 0.183773
vt 0.713453 0.185634
vt 0.859909 0.877117
vt 0.275245 0.936466
vt 0.270789 0.916355
vt 0.861700 0.891046
vt 0.865358 0.900537
vt 0.943434 0.157307
vt 0.925111 0.156933
vt 0.937667 0.147317
vt 0.929995 0.174929
vt 0.273494 0.902462
vt 0.939849 0.177638
vt 0.955086 0.187034
vt 0.956993 0.172456
vt 0.718220 0.869097
vt 0.729308 0.872068
vt 0.719985 0.878978
vt 0.545739 0.076619
vt 0.284587 0.893862
vt 0.727803 0.878685
vt 0.712262 0.886243
vt 0.709635 0.881886
vt 0.747327 0.861960
vt 0.761110 0.870528
vt 0.749947 0.871203
vt 0.735979 0.876461
vt 0.721916 0.886115
vt 0.477841 0.160069
vt 0.733956 0.882576
vt 0.120571 0.844370
vt 0.149134 0.863657
vt 0.466103 0.128152
vt 0.101870 0.850855
vt 0.142895 0.833262
vt 0.135284 0.839235
vt 0.150314 0.822660
vt 0.638198 0.828998
vt 0.471040 0.125104
vt 0.499954 0.108280
vt 0.501018 0.121312
vt 0.185041 0.846178
vt 0.623237 0.804863
vt 0.506431 0.756943
vt 0.621989 0.931444
vt 0.527938 0.129572
vt 0.544595 0.148450
vt 0.487362 0.758092
vt 0.466702 0.755663
vt 0.918501 0.838623
vt 0.914058 0.832338
vt 0.696231 0.702103
vt 0.732428 0.697347
vt 0.701406 0.321109
vt 0.141767 0.668739
vt 0.448376 0.752982
vt 0.642446 0.138029
vt 0.117240 0.349818
vt 0.652989 0.125028
vt 0.043575 0.252102
vt 0.148857 0.363511
vt 0.510260 0.063325
vt 0.525805 0.067750
vt 0.022107 0.710164
vt 0.578347 0.475719
vt 0.624699 0.196209
vt 0.636190 0.177791
vt 0.647528 0.590877
vt 0.923801 0.228049
vt 0.907790 0.236634
vt 0.895584 0.246816
vt 0.740534 0.742129
vt 0.715510 0.742809
vt 0.318189 0.506709
vt 0.926158 0.050102
vt 0.920359 0.065171
vt 0.319516 0.522757
vt 0.911395 0.078542
vt 0.449168 0.613651
vt 0.724788 0.052329
vt 0.318371 0.534157
vt 0.441397 0.619870
vt 0.315224 0.523499
vt 0.212496 0.645810
vt 0.425313 0.569055
vt 0.311448 0.534735
vt 0.304398 0.534462
vt 0.301757 0.524204
vt 0.410589 0.588308
vt 0.559322 0.004582
vt 0.563000 0.040901
vt 0.547341 0.037499
vt 0.673466 0.074339
vt 0.674725 0.067327
vt 0.219293 0.781497
vt 0.295161 0.535765
vt 0.207318 0.167186
vt 0.757727 0.433424
vt 0.763615 0.452010
vt 0.754918 0.444689
vt 0.693862 0.165837
vt 0.202797 0.767782
vt 0.711615 0.155710
vt 0.737724 0.190718
vt 0.291368 0.930349
vt 0.742945 0.156529
vt 0.960075 0.162969
vt 0.946336 0.149639
vt 0.289213 0.911785
vt 0.095851 0.788631
vt 0.975644 0.201297
vt 0.960449 0.200870
vt 0.966311 0.187540
vt 0.717930 0.858137
vt 0.727253 0.860775
vt 0.118339 0.782394
vt 0.535593 0.057988
vt 0.568951 0.065519
vt 0.701933 0.873160
vt 0.736311 0.864191
vt 0.698215 0.886742
vt 0.744166 0.867630
vt 0.703152 0.890716
vt 0.497306 0.155046
vt 0.479679 0.173711
vt 0.706195 0.894518
vt 0.689772 0.895515
vt 0.747242 0.878290
vt 0.464379 0.175162
vt 0.089480 0.655979
vt 0.102279 0.629560
vt 0.114776 0.650755
vt 0.454134 0.144449
vt 0.088845 0.671913
vt 0.133240 0.624026
vt 0.735916 0.893618
vt 0.760039 0.878489
vt 0.138718 0.637295
vt 0.754058 0.882061
vt 0.170401 0.836968
vt 0.966704 0.312259
vt 0.945224 0.320822
vt 0.942846 0.309142
vt 0.951300 0.338232
vt 0.747340 0.886109
vt 0.182992 0.835615
vt 0.760002 0.882320
vt 0.929293 0.341805
vt 0.947825 0.368535
vt 0.940876 0.349488
vt 0.952209 0.355564
vt 0.179407 0.828843
vt 0.928510 0.316734
vt 0.625950 0.822769
vt 0.517725 0.752118
vt 0.644718 0.148880
vt 0.653133 0.140014
vt 0.639050 0.159899
vt 0.626188 0.160496
vt 0.146218 0.643419
vt 0.157061 0.622858
vt 0.522138 0.100504
vt 0.062456 0.690310
vt 0.117296 0.372535
vt 0.733783 0.688440
vt 0.711675 0.340837
vt 0.672547 0.700192
vt 0.507350 0.038121
vt 0.521778 0.080337
vt 0.648229 0.178836
vt 0.631557 0.594632
vt 0.911815 0.231472
vt 0.981499 0.434209
vt 0.995334 0.432593
vt 0.980492 0.436880
vt 0.996976 0.430631
vt 0.921589 0.056893
vt 0.620204 0.595785
vt 0.641440 0.595281
vt 0.313820 0.503931
vt 0.914322 0.063478
vt 0.330209 0.366913
vt 0.430570 0.590419
vt 0.718620 0.059797
vt 0.705277 0.063848
vt 0.309494 0.509543
vt 0.625793 0.602738
vt 0.431756 0.621649
vt 0.706575 0.068410
vt 0.300881 0.514659
vt 0.894930 0.085454
vt 0.898100 0.072055
vt 0.290767 0.517297
vt 0.382123 0.621134
vt 0.675364 0.081540
vt 0.284427 0.534150
vt 0.960931 0.569633
vt 0.984237 0.549330
vt 0.986658 0.567382
vt 0.733829 0.417130
vt 0.743843 0.419404
vt 0.735750 0.430381
vt 0.743523 0.434102
vt 0.708710 0.077610
vt 0.720197 0.098495
vt 0.709518 0.092135
vt 0.665500 0.071091
vt 0.776195 0.458934
vt 0.773252 0.470577
vt 0.760439 0.472065
vt 0.739873 0.453371
vt 0.726817 0.446556
vt 0.971328 0.152249
vt 0.975419 0.167202
vt 0.309398 0.928764
vt 0.303875 0.916685
vt 0.321751 0.912295
vt 0.748634 0.087336
vt 0.776798 0.091188
vt 0.752376 0.102404
vt 0.293908 0.921894
vt 0.974389 0.182217
vt 0.772656 0.105621
vt 0.310606 0.904553
vt 0.863320 0.156287
vt 0.854563 0.138684
vt 0.870104 0.142973
vt 0.708595 0.860724
vt 0.300172 0.895873
vt 0.291360 0.887785
vt 0.564922 0.053664
vt 0.691530 0.875831
vt 0.638697 0.094551
vt 0.624677 0.092989
vt 0.634203 0.075689
vt 0.597016 0.062745
vt 0.511833 0.158447
vt 0.499561 0.170792
vt 0.611510 0.061897
vt 0.509311 0.144003
vt 0.047880 0.998755
vt 0.066697 0.985579
vt 0.081591 0.999811
vt 0.651476 0.177873
vt 0.660856 0.160515
vt 0.678241 0.184253
vt 0.948759 0.986463
vt 0.965162 0.998381
vt 0.946677 0.999935
vt 0.952981 0.520036
vt 0.948580 0.555754
vt 0.938347 0.551418
vt 0.694941 0.130999
vt 0.689345 0.144668
vt 0.685119 0.131093
vt 0.678055 0.134615
vt 0.938967 0.576584
vt 0.944331 0.586490
vt 0.679256 0.158092
vt 0.905388 0.549898
vt 0.929737 0.520930
vt 0.901427 0.521203
vt 0.921319 0.581556
vt 0.454224 0.179877
vt 0.442018 0.152530
vt 0.910327 0.560515
vt 0.668446 0.126443
vt 0.512510 0.087282
vt 0.503483 0.080608
vt 0.138124 0.844270
vt 0.109941 0.681424
vt 0.106762 0.387687
vt 0.135170 0.384986
vt 0.213445 0.839516
vt 0.446543 0.125009
vt 0.128220 0.668748
vt 0.202780 0.831938
vt 0.191318 0.829109
vt 0.691505 0.690228
vt 0.658156 0.686318
vt 0.930971 0.294941
vt 0.515241 0.104624
vt 0.513644 0.136529
vt 0.086518 0.669219
vt 0.047591 0.731302
vt 0.125427 0.677486
vt 0.700920 0.685359
vt 0.034837 0.234111
vt 0.015531 0.246437
vt 0.066459 0.260317
vt 0.969324 0.420728
vt 0.926432 0.221634
vt 0.898722 0.236436
vt 0.974515 0.432096
vt 0.957618 0.416658
vt 0.311061 0.364368
vt 0.962219 0.426005
vt 0.308131 0.492772
vt 0.912965 0.217014
vt 0.896938 0.225093
vt 0.985825 0.455265
vt 0.978636 0.449974
vt 0.890121 0.232152
vt 0.296919 0.503261
vt 0.330093 0.359467
vt 0.912125 0.057425
vt 0.732532 0.056390
vt 0.411522 0.623117
vt 0.355948 0.354553
vt 0.716948 0.073094
vt 0.737252 0.067055
vt 0.650406 0.606986
vt 0.687021 0.086457
vt 0.279820 0.513095
vt 0.932169 0.271472
vt 0.937818 0.258980
vt 0.938738 0.271586
vt 0.546823 0.053856
vt 0.756308 0.050551
vt 0.922940 0.137824
vt 0.887794 0.131568
vt 0.913482 0.120517
vt 0.766340 0.074598
vt 0.910180 0.163859
vt 0.900235 0.148612
vt 0.662090 0.083762
vt 0.996871 0.588705
vt 0.960812 0.588220
vt 0.736892 0.097753
vt 0.654959 0.078845
vt 0.719582 0.425271
vt 0.921361 0.167312
vt 0.909557 0.189739
vt 0.750232 0.468796
vt 0.952179 0.261129
vt 0.956523 0.233293
vt 0.961923 0.252444
vt 0.889729 0.179799
vt 0.658294 0.063181
vt 0.648664 0.088169
vt 0.882936 0.166437
vt 0.982245 0.262411
vt 0.984146 0.277220
vt 0.963614 0.291181
vt 0.898713 0.197534
vt 0.712584 0.434699
vt 0.643639 0.071075
vt 0.641036 0.083651
vt 0.985852 0.299327
vt 0.646969 0.105418
vt 0.639991 0.119699
vt 0.633842 0.105376
vt 0.726833 0.472853
vt 0.885008 0.202405
vt 0.757858 0.491963
vt 0.737098 0.479224
vt 0.713337 0.458667
vt 0.702395 0.442433
vt 0.875727 0.192719
vt 0.872221 0.177287
vt 0.742808 0.494708
vt 0.634602 0.062164
vt 0.524732 0.139884
vt 0.599238 0.050563
vt 0.683886 0.172325
vt 0.697670 0.155925
vt 0.513438 0.177632
vt 0.506084 0.203958
vt 0.485598 0.193645
vt 0.662114 0.192353
vt 0.622788 0.079614
vt 0.151096 0.838610
vt 0.475072 0.020908
vt 0.491684 0.062715
vt 0.452111 0.048961
vt 0.909442 0.587773
vt 0.970581 0.997945
vt 0.955867 0.987255
vt 0.970203 0.982408
vt 0.025016 0.202360
vt 0.016371 0.217784
vt 0.533351 0.757773
vt 0.539534 0.746106
vt 0.513651 0.025966
vt 0.499234 0.081593
vt 0.615969 0.206982
vt 0.607857 0.216177
vt 0.635365 0.202076
vt 0.600172 0.226202
vt 0.911387 0.050955
vt 0.925343 0.032162
vt 0.972759 0.439063
vt 0.893283 0.067835
vt 0.957180 0.446925
vt 0.872618 0.215800
vt 0.667792 0.088967
vt 0.964858 0.463443
vt 0.940659 0.286333
vt 0.927804 0.185850
vt 0.950157 0.281272
vt 0.657553 0.096428
vt 0.968383 0.308269
vt 0.661008 0.106210
vt 0.044151 0.198032
vt 0.048005 0.233167
vt 0.623784 0.228934
vt 0.318749 0.348027
vt 0.603759 0.243504
vt 0.906820 0.041575
vt 0.315475 0.316505
vt 0.656728 0.229273
vt 0.932032 0.292675
vt 0.627798 0.252888
vt 0.909136 0.018828
vt 0.305377 0.324325
vt 0.660868 0.257804
vt 0.952574 0.305192
vt 0.671347 0.096302
s 1
usemtl Material
f 1/1/1 2/2/2 3/3/3
f 4/4/4 2/5/2 5/6/5
f 6/7/6 5/6/5 2/5/2
f 7/8/7 8/9/8 1/1/1
f 9/10/9 2/2/2 1/1/1
f 2/5/2 10/11/10 6/7/6
f 2/2/2 9/10/9 10/12/10
f 5/6/5 6/7/6 11/13/11
f 1/1/1 8/9/8 9/10/9
f 6/7/6 10/11/10 12/14/12
f 6/7/6 12/14/12 11/13/11
f 9/10/9 13/15/13 10/12/10
f 8/16/8 14/17/14 9/18/9
f 15/19/15 16/20/16 17/21/17
f 18/22/18 19/23/19 20/24/20
f 17/25/17 19/23/19 18/22/18
f 19/23/19 21/26/21 20/24/20
f 17/25/17 16/27/16 19/23/19
f 19/23/19 16/27/16 21/26/21
f 21/26/21 22/28/22 20/24/20
f 23/29/23 22/28/22 3/3/3
f 24/30/24 21/26/21 16/27/16
f 24/30/24 25/31/25 21/26/21
f 3/3/3 22/28/22 1/1/1
f 22/28/22 21/26/21 7/8/7
f 3/3/3 2/2/2 4/32/4
f 21/26/21 25/31/25 7/8/7
f 22/28/22 7/8/7 1/1/1
f 4/4/4 5/6/5 26/33/26
f 25/34/25 27/35/27 7/36/7
f 7/36/7 27/35/27 28/37/28
f 7/38/7 28/39/28 8/16/8
f 29/40/29 27/35/27 25/34/25
f 5/6/5 11/13/11 30/41/30
f 29/40/29 31/42/31 27/35/27
f 10/43/10 32/44/32 12/45/12
f 12/14/12 33/46/33 11/13/11
f 28/39/28 14/17/14 8/16/8
f 31/42/31 34/47/34 27/35/27
f 27/35/27 35/48/35 28/37/28
f 14/17/14 13/49/13 9/18/9
f 13/15/13 32/50/32 10/12/10
f 27/35/27 34/47/34 35/48/35
f 28/39/28 35/51/35 14/17/14
f 31/42/31 36/52/36 34/47/34
f 14/17/14 37/53/37 13/49/13
f 38/54/38 39/55/39 40/56/40
f 41/57/41 42/58/42 40/59/40
f 43/60/43 44/61/44 39/55/39
f 44/61/44 45/62/45 39/55/39
f 46/63/46 18/64/18 43/60/43
f 46/63/46 17/65/17 18/64/18
f 47/66/47 17/67/17 46/68/46
f 43/60/43 18/64/18 44/61/44
f 40/69/40 45/70/45 41/71/41
f 15/72/15 47/66/47 48/73/48
f 39/55/39 45/62/45 40/56/40
f 47/66/47 15/72/15 17/67/17
f 18/22/18 20/24/20 44/74/44
f 20/24/20 45/70/45 44/74/44
f 15/72/15 49/75/49 50/76/50
f 51/77/51 52/78/52 49/79/49
f 49/79/49 52/78/52 50/80/50
f 45/70/45 20/24/20 23/29/23
f 50/81/50 53/82/53 15/19/15
f 50/81/50 54/83/54 53/82/53
f 15/19/15 53/82/53 16/20/16
f 23/29/23 55/84/55 45/70/45
f 20/24/20 22/28/22 23/29/23
f 55/84/55 23/29/23 4/32/4
f 53/85/53 56/86/56 16/87/16
f 16/87/16 56/86/56 24/88/24
f 4/4/4 57/89/57 58/90/58
f 23/29/23 3/3/3 4/32/4
f 4/4/4 26/33/26 57/89/57
f 57/89/57 59/91/59 60/92/60
f 60/93/60 61/94/61 62/95/62
f 29/40/29 25/34/25 24/96/24
f 57/89/57 26/33/26 59/91/59
f 59/91/59 26/33/26 30/41/30
f 59/91/59 63/97/63 60/92/60
f 26/33/26 5/6/5 30/41/30
f 60/92/60 63/97/63 61/98/61
f 61/94/61 64/99/64 62/95/62
f 65/100/65 66/101/66 29/102/29
f 59/91/59 30/41/30 63/97/63
f 64/103/64 61/104/61 67/105/67
f 29/102/29 66/101/66 31/106/31
f 30/41/30 68/107/68 63/97/63
f 64/103/64 69/108/69 70/109/70
f 67/105/67 69/108/69 64/103/64
f 31/106/31 66/101/66 71/110/71
f 31/106/31 71/110/71 36/111/36
f 61/104/61 63/112/63 72/113/72
f 61/104/61 73/114/73 67/105/67
f 67/105/67 74/115/74 69/108/69
f 11/13/11 68/107/68 30/41/30
f 67/105/67 73/114/73 75/116/75
f 67/105/67 75/116/75 74/115/74
f 11/13/11 76/117/76 68/107/68
f 73/114/73 61/104/61 72/113/72
f 33/46/33 76/117/76 11/13/11
f 63/97/63 68/107/68 77/118/77
f 63/97/63 77/118/77 72/119/72
f 68/107/68 76/117/76 77/118/77
f 77/120/77 78/121/78 72/113/72
f 71/110/71 79/122/79 36/111/36
f 32/44/32 80/123/80 12/45/12
f 12/45/12 80/123/80 33/124/33
f 36/52/36 79/125/79 81/126/81
f 13/49/13 82/127/82 32/128/32
f 72/113/72 83/129/83 73/114/73
f 35/51/35 37/53/37 14/17/14
f 13/49/13 37/53/37 82/127/82
f 35/48/35 84/130/84 37/131/37
f 36/52/36 81/126/81 85/132/85
f 36/52/36 85/132/85 34/47/34
f 34/47/34 85/132/85 86/133/86
f 34/47/34 86/133/86 35/48/35
f 87/134/87 88/135/88 89/136/89
f 89/137/89 90/138/90 91/139/91
f 88/140/88 90/138/90 89/137/89
f 90/138/90 92/141/92 91/139/91
f 90/138/90 93/142/93 92/141/92
f 93/142/93 94/143/94 92/141/92
f 93/142/93 95/144/95 94/143/94
f 94/145/94 95/146/95 96/147/96
f 38/54/38 40/56/40 95/148/95
f 95/146/95 40/59/40 96/147/96
f 97/149/97 38/54/38 95/148/95
f 98/150/98 43/60/43 97/149/97
f 96/147/96 40/59/40 42/58/42
f 43/60/43 39/55/39 97/149/97
f 97/149/97 39/55/39 38/54/38
f 46/63/46 43/60/43 99/151/99
f 99/151/99 47/152/47 46/63/46
f 42/153/42 41/154/41 100/155/100
f 101/156/101 48/73/48 47/66/47
f 102/157/102 49/79/49 48/158/48
f 48/73/48 49/75/49 15/72/15
f 41/154/41 55/159/55 100/155/100
f 102/157/102 51/77/51 49/79/49
f 102/157/102 103/160/103 51/77/51
f 51/77/51 104/161/104 52/78/52
f 45/70/45 55/84/55 41/71/41
f 104/161/104 105/162/105 52/78/52
f 50/81/50 106/163/106 54/83/54
f 52/164/52 106/163/106 50/81/50
f 58/90/58 57/89/57 107/165/107
f 55/159/55 4/4/4 58/90/58
f 54/83/54 56/166/56 53/82/53
f 107/167/107 62/95/62 108/168/108
f 56/86/56 29/102/29 24/88/24
f 57/89/57 60/92/60 107/165/107
f 107/165/107 60/92/60 62/169/62
f 108/168/108 62/95/62 109/170/109
f 56/86/56 110/171/110 29/102/29
f 111/172/111 64/99/64 112/173/112
f 64/99/64 111/172/111 109/170/109
f 62/95/62 64/99/64 109/170/109
f 110/171/110 65/100/65 29/102/29
f 70/174/70 112/175/112 64/176/64
f 70/174/70 113/177/113 112/175/112
f 112/175/112 113/177/113 114/178/114
f 114/179/114 115/180/115 116/181/116
f 65/100/65 117/182/117 66/101/66
f 114/178/114 113/177/113 118/183/118
f 114/179/114 118/184/118 115/180/115
f 70/174/70 69/185/69 119/186/119
f 119/186/119 113/177/113 70/174/70
f 115/180/115 120/187/120 116/181/116
f 117/182/117 121/188/121 66/101/66
f 113/177/113 119/186/119 122/189/122
f 113/177/113 122/189/122 123/190/123
f 121/188/121 124/191/124 66/101/66
f 123/190/123 118/183/118 113/177/113
f 115/180/115 125/192/125 120/187/120
f 124/191/124 71/110/71 66/101/66
f 118/184/118 123/193/123 126/194/126
f 69/108/69 74/115/74 127/195/127
f 118/184/118 126/194/126 115/180/115
f 126/194/126 128/196/128 115/180/115
f 115/180/115 128/196/128 125/192/125
f 124/191/124 79/122/79 71/110/71
f 33/124/33 80/123/80 129/197/129
f 129/197/129 130/198/130 33/124/33
f 33/46/33 130/199/130 76/117/76
f 130/199/130 131/200/131 76/117/76
f 32/201/32 82/202/82 80/203/80
f 80/123/80 82/204/82 132/205/132
f 131/200/131 77/118/77 76/117/76
f 72/113/72 78/121/78 133/206/133
f 72/113/72 133/206/133 83/129/83
f 73/114/73 83/129/83 75/116/75
f 37/207/37 84/208/84 134/209/134
f 37/207/37 134/209/134 82/210/82
f 35/48/35 86/133/86 84/130/84
f 135/211/135 89/137/89 136/212/136
f 91/139/91 136/212/136 89/137/89
f 87/134/87 89/136/89 137/213/137
f 137/213/137 89/136/89 135/214/135
f 87/215/87 138/216/138 88/140/88
f 91/217/91 92/218/92 139/219/139
f 138/216/138 140/220/140 88/140/88
f 88/140/88 140/220/140 90/138/90
f 92/218/92 94/145/94 141/221/141
f 90/138/90 140/220/140 93/142/93
f 140/220/140 142/222/142 93/142/93
f 94/145/94 96/147/96 141/221/141
f 93/142/93 142/222/142 95/144/95
f 96/147/96 143/223/143 141/221/141
f 142/224/142 97/149/97 95/148/95
f 143/223/143 96/147/96 144/225/144
f 96/147/96 42/58/42 144/225/144
f 99/151/99 43/60/43 98/150/98
f 144/225/144 42/58/42 100/226/100
f 100/155/100 145/227/145 144/228/144
f 146/229/146 102/157/102 48/158/48
f 103/160/103 104/161/104 51/77/51
f 100/155/100 55/159/55 58/90/58
f 58/90/58 107/165/107 100/155/100
f 100/155/100 107/165/107 145/227/145
f 105/230/105 147/231/147 52/164/52
f 52/164/52 147/231/147 106/163/106
f 105/230/105 148/232/148 147/231/147
f 149/233/149 108/168/108 109/170/109
f 106/163/106 110/234/110 54/83/54
f 110/234/110 56/166/56 54/83/54
f 114/235/114 116/236/116 150/237/150
f 151/238/151 65/239/65 110/240/110
f 152/241/152 116/236/116 153/242/153
f 116/243/116 120/244/120 153/245/153
f 151/238/151 154/246/154 65/239/65
f 155/247/155 156/248/156 157/249/157
f 154/250/154 117/251/117 65/252/65
f 158/253/158 117/254/117 154/255/154
f 120/244/120 159/256/159 153/245/153
f 120/244/120 160/257/160 159/256/159
f 161/258/161 162/259/162 163/260/163
f 157/249/157 162/261/162 161/262/161
f 164/263/164 163/260/163 162/259/162
f 122/189/122 165/264/165 123/190/123
f 120/244/120 166/265/166 160/257/160
f 119/186/119 69/185/69 127/266/127
f 165/264/165 167/267/167 123/190/123
f 168/268/168 123/190/123 167/267/167
f 168/269/168 126/194/126 123/193/123
f 120/244/120 125/270/125 166/265/166
f 157/249/157 156/248/156 169/271/169
f 157/249/157 169/271/169 162/261/162
f 170/272/170 162/261/162 169/271/169
f 125/192/125 171/273/171 166/274/166
f 128/196/128 171/273/171 125/192/125
f 172/275/172 128/196/128 126/194/126
f 172/275/172 171/273/171 128/196/128
f 131/200/131 78/276/78 77/118/77
f 173/277/173 75/116/75 83/129/83
f 174/278/174 81/279/81 79/122/79
f 175/280/175 82/210/82 134/209/134
f 176/281/176 131/200/131 130/199/130
f 86/133/86 85/132/85 177/282/177
f 178/283/178 135/211/135 136/212/136
f 179/284/179 137/213/137 135/214/135
f 180/285/180 138/286/138 87/134/87
f 92/218/92 181/287/181 139/219/139
f 92/218/92 141/221/141 181/287/181
f 138/216/138 182/288/182 140/220/140
f 143/223/143 181/287/181 141/221/141
f 182/288/182 183/289/183 140/220/140
f 184/290/184 144/225/144 185/291/185
f 140/220/140 183/289/183 142/222/142
f 186/292/186 142/224/142 183/293/183
f 143/223/143 144/225/144 184/290/184
f 142/224/142 186/292/186 97/149/97
f 97/149/97 186/292/186 98/150/98
f 144/225/144 187/294/187 185/291/185
f 98/150/98 188/295/188 99/151/99
f 101/156/101 47/66/47 99/296/99
f 189/297/189 190/298/190 191/299/191
f 144/228/144 145/227/145 187/300/187
f 187/301/187 145/302/145 189/303/189
f 48/73/48 101/156/101 192/304/192
f 189/305/189 193/306/193 190/307/190
f 145/308/145 193/306/193 189/305/189
f 103/160/103 102/157/102 194/309/194
f 145/308/145 149/233/149 193/306/193
f 103/160/103 195/310/195 104/161/104
f 145/308/145 107/167/107 149/233/149
f 149/233/149 196/311/196 193/306/193
f 195/310/195 197/312/197 104/161/104
f 196/311/196 112/173/112 150/313/150
f 197/312/197 105/162/105 104/161/104
f 107/167/107 108/168/108 149/233/149
f 149/233/149 111/172/111 196/311/196
f 196/311/196 111/172/111 112/173/112
f 149/233/149 109/170/109 111/172/111
f 150/314/150 112/175/112 114/178/114
f 147/231/147 198/315/198 106/163/106
f 148/316/148 199/317/199 147/318/147
f 147/318/147 199/317/199 198/319/198
f 106/163/106 198/315/198 110/234/110
f 152/241/152 153/242/153 155/320/155
f 200/321/200 201/322/201 202/323/202
f 150/237/150 116/236/116 152/241/152
f 203/324/203 201/325/201 200/326/200
f 151/327/151 198/319/198 199/317/199
f 203/324/203 161/258/161 163/260/163
f 204/328/204 161/262/161 205/329/205
f 205/329/205 161/262/161 203/330/203
f 198/319/198 151/327/151 110/331/110
f 204/328/204 157/249/157 161/262/161
f 163/260/163 201/325/201 203/324/203
f 204/328/204 155/247/155 157/249/157
f 201/332/201 206/333/206 202/334/202
f 151/238/151 207/335/207 154/246/154
f 208/336/208 206/333/206 201/332/201
f 153/242/153 209/337/209 155/320/155
f 163/260/163 164/263/164 201/325/201
f 209/338/209 156/248/156 155/247/155
f 164/263/164 210/339/210 201/325/201
f 201/340/201 210/341/210 208/342/208
f 211/343/211 158/253/158 154/255/154
f 153/245/153 159/256/159 209/344/209
f 117/345/117 212/346/212 121/347/121
f 119/186/119 213/348/213 122/189/122
f 214/349/214 215/350/215 164/263/164
f 159/256/159 216/351/216 209/344/209
f 162/259/162 170/352/170 164/263/164
f 164/263/164 170/352/170 214/349/214
f 74/115/74 217/353/217 127/195/127
f 159/256/159 160/257/160 216/351/216
f 209/338/209 216/354/216 156/248/156
f 170/352/170 218/355/218 214/349/214
f 79/122/79 124/191/124 219/356/219
f 171/357/171 220/358/220 166/265/166
f 166/265/166 220/358/220 160/257/160
f 156/248/156 221/359/221 169/271/169
f 169/271/169 222/360/222 170/272/170
f 79/122/79 219/356/219 174/278/174
f 80/123/80 132/205/132 129/197/129
f 75/116/75 173/277/173 74/115/74
f 171/273/171 172/275/172 220/361/220
f 169/271/169 221/359/221 222/360/222
f 129/197/129 176/362/176 130/198/130
f 176/281/176 223/363/223 131/200/131
f 131/200/131 223/363/223 78/276/78
f 78/121/78 223/364/223 133/206/133
f 84/130/84 86/133/86 224/365/224
f 84/208/84 224/366/224 134/209/134
f 83/129/83 133/206/133 225/367/225
f 226/368/226 178/369/178 136/370/136
f 226/368/226 136/370/136 227/371/227
f 178/372/178 179/284/179 135/214/135
f 136/370/136 228/373/228 227/371/227
f 179/284/179 229/374/229 137/213/137
f 228/373/228 136/370/136 139/219/139
f 91/217/91 139/219/139 136/370/136
f 137/213/137 180/285/180 87/134/87
f 139/219/139 181/287/181 230/375/230
f 231/376/231 138/286/138 180/285/180
f 232/377/232 181/287/181 184/290/184
f 231/378/231 182/288/182 138/216/138
f 181/287/181 143/223/143 184/290/184
f 233/379/233 187/301/187 234/380/234
f 233/379/233 185/381/185 187/301/187
f 187/301/187 189/303/189 234/380/234
f 186/292/186 188/295/188 98/150/98
f 234/382/234 189/297/189 191/299/191
f 235/383/235 99/151/99 188/295/188
f 236/384/236 191/299/191 237/385/237
f 191/299/191 190/298/190 237/385/237
f 238/386/238 237/385/237 239/387/239
f 101/388/101 99/151/99 235/383/235
f 190/298/190 239/387/239 237/385/237
f 238/386/238 239/387/239 240/389/240
f 239/390/239 190/307/190 196/311/196
f 239/390/239 196/311/196 240/391/240
f 241/392/241 103/160/103 194/309/194
f 193/306/193 196/311/196 190/307/190
f 242/393/242 240/394/240 243/395/243
f 196/396/196 243/395/243 240/394/240
f 196/396/196 150/237/150 243/395/243
f 244/397/244 245/398/245 246/399/246
f 247/400/247 248/401/248 200/402/200
f 249/403/249 105/230/105 197/404/197
f 247/405/247 200/321/200 250/406/250
f 243/395/243 150/237/150 152/241/152
f 245/398/245 243/395/243 152/241/152
f 250/406/250 200/321/200 251/407/251
f 246/408/246 205/409/205 248/401/248
f 246/399/246 245/398/245 204/410/204
f 248/401/248 203/411/203 200/402/200
f 105/230/105 249/403/249 148/232/148
f 245/398/245 152/241/152 204/410/204
f 203/411/203 248/401/248 205/409/205
f 200/321/200 202/323/202 251/407/251
f 202/323/202 252/412/252 251/407/251
f 246/408/246 204/413/204 205/409/205
f 204/410/204 152/241/152 155/320/155
f 253/414/253 148/316/148 249/415/249
f 252/416/252 254/417/254 255/418/255
f 252/416/252 202/334/202 254/417/254
f 253/414/253 199/317/199 148/316/148
f 254/417/254 202/334/202 206/333/206
f 199/317/199 207/419/207 151/327/151
f 208/420/208 256/421/256 206/422/206
f 206/422/206 256/421/256 257/423/257
f 210/339/210 258/424/258 208/425/208
f 258/426/258 259/427/259 208/420/208
f 117/345/117 158/428/158 212/346/212
f 164/263/164 215/350/215 210/339/210
f 218/355/218 215/350/215 214/349/214
f 74/115/74 173/277/173 260/429/260
f 216/354/216 261/430/261 156/248/156
f 168/269/168 262/431/262 126/194/126
f 126/194/126 262/431/262 263/432/263
f 126/194/126 263/432/263 172/275/172
f 160/257/160 220/358/220 264/433/264
f 160/257/160 264/433/264 216/351/216
f 261/430/261 221/359/221 156/248/156
f 218/355/218 170/352/170 222/434/222
f 172/275/172 263/432/263 265/435/265
f 172/275/172 265/435/265 220/361/220
f 222/360/222 221/359/221 266/436/266
f 134/209/134 224/366/224 175/280/175
f 82/210/82 175/280/175 267/437/267
f 133/206/133 223/364/223 225/367/225
f 178/438/178 226/439/226 268/440/268
f 228/441/228 139/442/139 230/443/230
f 230/443/230 232/444/232 269/445/269
f 230/443/230 181/446/181 232/444/232
f 269/447/269 232/448/232 270/449/270
f 271/450/271 270/451/270 233/379/233
f 232/448/232 185/452/185 270/449/270
f 232/448/232 184/453/184 185/452/185
f 270/451/270 185/381/185 233/379/233
f 233/379/233 234/380/234 272/454/272
f 273/455/273 183/293/183 182/456/182
f 272/457/272 234/382/234 236/384/236
f 274/458/274 275/459/275 276/460/276
f 277/461/277 237/385/237 274/458/274
f 277/461/277 236/384/236 237/385/237
f 236/384/236 234/382/234 191/299/191
f 275/459/275 238/386/238 278/462/278
f 274/458/274 238/386/238 275/459/275
f 183/293/183 273/455/273 188/295/188
f 183/293/183 188/295/188 186/292/186
f 237/385/237 238/386/238 274/458/274
f 238/386/238 240/389/240 278/462/278
f 146/463/146 48/73/48 192/304/192
f 194/309/194 102/157/102 146/229/146
f 240/464/240 242/465/242 278/466/278
f 279/467/279 280/468/280 244/469/244
f 242/393/242 243/395/243 280/470/280
f 280/470/280 243/395/243 244/397/244
f 243/395/243 245/398/245 244/397/244
f 244/397/244 246/399/246 281/471/281
f 281/472/281 248/401/248 247/400/247
f 281/472/281 246/408/246 248/401/248
f 251/407/251 252/412/252 282/473/282
f 252/416/252 283/474/283 282/475/282
f 197/404/197 284/476/284 249/403/249
f 252/416/252 255/418/255 283/474/283
f 283/474/283 255/418/255 285/477/285
f 284/478/284 286/479/286 249/415/249
f 286/479/286 253/414/253 249/415/249
f 255/418/255 254/417/254 287/480/287
f 287/480/287 254/417/254 288/481/288
f 206/333/206 289/482/289 254/417/254
f 288/481/288 254/417/254 289/482/289
f 199/317/199 290/483/290 207/419/207
f 206/422/206 291/484/291 289/485/289
f 206/422/206 257/423/257 291/484/291
f 207/335/207 211/486/211 154/246/154
f 208/420/208 259/427/259 256/421/256
f 211/487/211 292/488/292 158/489/158
f 293/490/293 212/491/212 158/489/158
f 210/339/210 294/492/294 258/424/258
f 124/191/124 121/188/121 219/356/219
f 127/266/127 295/493/295 119/186/119
f 165/264/165 296/494/296 167/267/167
f 210/339/210 215/350/215 294/492/294
f 127/195/127 217/353/217 295/495/295
f 217/353/217 74/115/74 260/429/260
f 264/433/264 297/496/297 216/351/216
f 222/434/222 298/497/298 218/355/218
f 299/498/299 174/278/174 219/356/219
f 132/205/132 300/499/300 129/197/129
f 220/358/220 265/500/265 264/433/264
f 216/351/216 297/496/297 261/501/261
f 221/359/221 261/430/261 301/502/301
f 221/359/221 302/503/302 266/436/266
f 82/210/82 267/437/267 132/504/132
f 225/367/225 173/277/173 83/129/83
f 81/126/81 174/505/174 85/132/85
f 303/506/303 226/368/226 227/371/227
f 227/507/227 228/441/228 304/508/304
f 228/441/228 305/509/305 304/508/304
f 228/441/228 230/443/230 305/509/305
f 305/509/305 230/443/230 269/445/269
f 306/510/306 269/447/269 307/511/307
f 229/374/229 308/512/308 137/213/137
f 307/513/307 271/514/271 309/515/309
f 269/447/269 270/449/270 307/511/307
f 137/213/137 308/512/308 180/285/180
f 270/449/270 271/516/271 307/511/307
f 233/517/233 272/518/272 271/514/271
f 310/519/310 274/458/274 276/460/276
f 231/520/231 311/521/311 182/522/182
f 272/457/272 236/384/236 312/523/312
f 313/524/313 276/460/276 314/525/314
f 312/523/312 236/384/236 277/461/277
f 276/460/276 275/459/275 314/525/314
f 182/526/182 311/527/311 273/528/273
f 310/519/310 277/461/277 274/458/274
f 315/529/315 275/530/275 316/531/316
f 316/531/316 275/530/275 278/532/278
f 317/533/317 235/383/235 273/455/273
f 273/455/273 235/383/235 188/295/188
f 316/534/316 278/466/278 318/535/318
f 192/304/192 101/156/101 319/536/319
f 235/537/235 319/536/319 101/156/101
f 278/466/278 280/468/280 318/535/318
f 280/468/280 279/467/279 318/535/318
f 242/465/242 280/468/280 278/466/278
f 320/538/320 321/539/321 322/540/322
f 322/541/322 321/542/321 323/543/323
f 244/469/244 321/539/321 279/467/279
f 323/543/323 247/400/247 324/544/324
f 244/397/244 281/471/281 321/545/321
f 321/542/321 281/472/281 323/543/323
f 247/400/247 323/543/323 281/472/281
f 247/405/247 250/406/250 324/546/324
f 325/547/325 251/407/251 282/473/282
f 251/407/251 325/547/325 250/406/250
f 283/474/283 285/477/285 326/548/326
f 285/477/285 255/418/255 287/480/287
f 253/414/253 290/483/290 199/317/199
f 291/484/291 327/549/327 289/485/289
f 327/549/327 291/484/291 328/550/328
f 290/551/290 211/486/211 207/335/207
f 328/550/328 291/484/291 257/423/257
f 328/550/328 257/423/257 329/552/329
f 292/488/292 293/490/293 158/489/158
f 256/421/256 330/553/330 257/423/257
f 329/552/329 257/423/257 330/553/330
f 259/427/259 331/554/331 256/421/256
f 330/553/330 256/421/256 332/555/332
f 331/554/331 259/427/259 258/426/258
f 332/555/332 256/421/256 331/554/331
f 213/348/213 119/186/119 295/493/295
f 296/494/296 122/189/122 213/348/213
f 296/494/296 165/264/165 122/189/122
f 129/197/129 300/499/300 176/362/176
f 301/502/301 302/503/302 221/359/221
f 298/497/298 222/434/222 266/556/266
f 177/282/177 224/365/224 86/133/86
f 303/506/303 268/557/268 226/368/226
f 303/558/303 227/507/227 333/559/333
f 227/507/227 304/508/304 333/559/333
f 269/445/269 306/560/306 305/509/305
f 307/513/307 309/515/309 334/561/334
f 271/514/271 312/562/312 335/563/335
f 336/564/336 310/565/310 337/566/337
f 271/514/271 272/518/272 312/562/312
f 337/567/337 310/568/310 338/569/338
f 339/570/339 312/523/312 277/461/277
f 338/571/338 310/519/310 276/460/276
f 338/569/338 313/572/313 340/573/340
f 340/573/340 313/572/313 341/574/341
f 338/571/338 276/460/276 313/524/313
f 341/574/341 313/572/313 314/575/314
f 342/576/342 343/577/343 344/578/344
f 314/579/314 275/580/275 345/581/345
f 345/581/345 275/580/275 315/582/315
f 316/531/316 346/583/346 343/577/343
f 343/577/343 346/583/346 344/578/344
f 315/529/315 316/531/316 343/577/343
f 317/533/317 273/455/273 311/584/311
f 316/534/316 318/535/318 346/585/346
f 317/533/317 319/586/319 235/383/235
f 279/467/279 320/538/320 318/535/318
f 279/467/279 321/539/321 320/538/320
f 347/587/347 324/588/324 348/589/348
f 347/587/347 322/590/322 323/591/323
f 323/592/323 324/593/324 347/594/347
f 241/392/241 349/595/349 103/160/103
f 103/160/103 349/595/349 195/310/195
f 325/547/325 282/473/282 350/596/350
f 282/475/282 283/474/283 350/597/350
f 350/597/350 283/474/283 351/598/351
f 283/474/283 326/548/326 351/598/351
f 352/599/352 286/479/286 284/478/284
f 285/477/285 353/600/353 326/548/326
f 285/477/285 287/480/287 353/600/353
f 286/479/286 354/601/354 253/414/253
f 289/482/289 355/602/355 288/481/288
f 355/602/355 289/482/289 327/603/327
f 356/604/356 211/486/211 290/551/290
f 357/605/357 292/488/292 211/487/211
f 293/490/293 358/606/358 212/491/212
f 212/346/212 359/607/359 121/347/121
f 215/350/215 360/608/360 294/492/294
f 217/353/217 260/429/260 361/609/361
f 223/610/223 176/362/176 362/611/362
f 223/364/223 362/612/362 225/367/225
f 263/432/263 262/431/262 363/613/363
f 265/500/265 364/614/364 264/433/264
f 297/615/297 365/616/365 366/617/366
f 297/618/297 366/619/366 261/430/261
f 261/430/261 366/619/366 301/502/301
f 303/558/303 333/559/333 367/620/367
f 268/621/268 303/622/303 368/623/368
f 333/559/333 304/508/304 369/624/369
f 304/508/304 305/509/305 369/624/369
f 305/509/305 306/560/306 369/624/369
f 268/625/268 179/284/179 178/372/178
f 229/374/229 179/284/179 370/626/370
f 306/510/306 307/511/307 371/627/371
f 371/628/371 307/513/307 334/561/334
f 309/515/309 372/629/372 334/561/334
f 372/629/372 309/515/309 271/514/271
f 372/629/372 271/514/271 335/563/335
f 339/570/339 335/630/335 312/523/312
f 373/631/373 337/567/337 338/569/338
f 308/512/308 374/632/374 180/285/180
f 336/564/336 339/633/339 277/634/277
f 375/635/375 338/569/338 340/573/340
f 277/461/277 310/519/310 336/636/336
f 374/632/374 231/376/231 180/285/180
f 374/637/374 376/638/376 231/639/231
f 377/640/377 341/641/341 345/581/345
f 342/576/342 378/642/378 379/643/379
f 376/638/376 311/644/311 231/639/231
f 341/641/341 314/579/314 345/581/345
f 380/645/380 345/581/345 315/582/315
f 380/646/380 315/529/315 379/643/379
f 379/643/379 343/577/343 342/576/342
f 379/643/379 315/529/315 343/577/343
f 381/647/381 317/648/317 311/644/311
f 382/649/382 319/536/319 381/650/381
f 381/647/381 319/651/319 317/648/317
f 383/652/383 346/585/346 318/535/318
f 318/535/318 320/538/320 383/652/383
f 383/652/383 320/538/320 384/653/384
f 320/538/320 322/540/322 384/653/384
f 384/654/384 322/590/322 347/587/347
f 385/655/385 146/463/146 192/304/192
f 385/656/385 194/309/194 146/229/146
f 348/657/348 324/546/324 386/658/386
f 386/658/386 324/546/324 250/406/250
f 241/392/241 387/659/387 349/595/349
f 386/658/386 250/406/250 325/547/325
f 349/595/349 197/312/197 195/310/195
f 351/598/351 326/548/326 388/660/388
f 288/481/288 389/661/389 287/480/287
f 253/414/253 354/601/354 290/483/290
f 354/601/354 356/662/356 290/483/290
f 211/486/211 356/604/356 357/663/357
f 390/664/390 391/665/391 357/605/357
f 357/605/357 391/665/391 292/488/292
f 292/488/292 358/606/358 293/490/293
f 258/424/258 294/492/294 392/666/392
f 332/555/332 393/667/393 330/553/330
f 121/347/121 394/668/394 219/669/219
f 265/435/265 263/432/263 364/670/364
f 364/614/364 365/671/365 264/433/264
f 264/433/264 365/671/365 297/496/297
f 174/505/174 395/672/395 85/132/85
f 303/558/303 367/620/367 368/673/368
f 369/624/369 396/674/396 333/559/333
f 306/510/306 371/627/371 397/675/397
f 334/561/334 398/676/398 399/677/399
f 334/561/334 372/629/372 398/676/398
f 400/678/400 339/633/339 401/679/401
f 401/679/401 339/633/339 336/564/336
f 308/680/308 402/681/402 374/637/374
f 373/631/373 338/569/338 375/635/375
f 375/635/375 340/573/340 403/682/403
f 404/683/404 405/684/405 406/685/406
f 341/574/341 377/686/377 340/573/340
f 377/640/377 345/581/345 380/645/380
f 342/687/342 404/683/404 378/688/378
f 404/683/404 342/687/342 405/684/405
f 405/684/405 342/687/342 344/689/344
f 406/685/406 405/684/405 407/690/407
f 344/689/344 407/690/407 405/684/405
f 376/638/376 408/691/408 311/644/311
f 311/644/311 408/691/408 381/647/381
f 344/689/344 346/692/346 407/690/407
f 346/585/346 409/693/409 407/694/407
f 408/695/408 382/696/382 381/697/381
f 409/693/409 346/585/346 383/652/383
f 383/652/383 384/653/384 409/693/409
f 410/698/410 192/304/192 382/649/382
f 382/649/382 192/304/192 319/536/319
f 411/699/411 385/655/385 410/698/410
f 385/655/385 192/304/192 410/698/410
f 384/654/384 347/587/347 412/700/412
f 412/700/412 347/587/347 348/589/348
f 412/700/412 348/589/348 413/701/413
f 385/656/385 411/702/411 194/309/194
f 414/703/414 387/659/387 194/309/194
f 348/704/348 386/705/386 415/706/415
f 387/659/387 241/392/241 194/309/194
f 416/707/416 325/547/325 350/596/350
f 350/708/350 351/709/351 417/710/417
f 286/479/286 352/599/352 354/601/354
f 352/599/352 418/711/418 354/601/354
f 355/712/355 327/549/327 419/713/419
f 328/550/328 420/714/420 327/549/327
f 328/550/328 329/552/329 420/714/420
f 292/488/292 391/665/391 358/606/358
f 358/715/358 421/716/421 359/607/359
f 358/715/358 359/607/359 212/346/212
f 213/348/213 422/717/422 423/718/423
f 296/494/296 213/348/213 423/718/423
f 298/497/298 360/608/360 218/355/218
f 215/350/215 218/355/218 360/608/360
f 394/668/394 299/719/299 219/669/219
f 167/267/167 296/494/296 424/720/424
f 424/720/424 168/268/168 167/267/167
f 132/205/132 267/721/267 425/722/425
f 300/499/300 132/205/132 426/723/426
f 217/353/217 361/609/361 295/495/295
f 168/268/168 424/720/424 262/724/262
f 266/556/266 427/725/427 298/497/298
f 176/362/176 428/726/428 362/611/362
f 301/502/301 366/619/366 429/727/429
f 301/502/301 429/727/429 302/503/302
f 302/503/302 427/728/427 266/436/266
f 85/132/85 395/672/395 430/729/430
f 333/559/333 396/674/396 367/620/367
f 369/624/369 431/730/431 396/674/396
f 306/510/306 431/731/431 369/732/369
f 179/284/179 268/625/268 370/626/370
f 371/628/371 334/561/334 397/733/397
f 397/733/397 334/561/334 399/677/399
f 398/676/398 372/629/372 432/734/432
f 400/678/400 401/679/401 433/735/433
f 434/736/434 373/737/373 435/738/435
f 229/374/229 436/739/436 308/512/308
f 335/563/335 400/740/400 432/734/432
f 372/629/372 335/563/335 432/734/432
f 401/679/401 336/564/336 434/736/434
f 434/736/434 336/564/336 337/566/337
f 435/738/435 373/737/373 437/741/437
f 308/512/308 436/739/436 402/742/402
f 335/563/335 339/743/339 400/740/400
f 373/737/373 434/736/434 337/566/337
f 375/635/375 437/744/437 373/631/373
f 376/638/376 374/637/374 438/745/438
f 404/683/404 406/685/406 439/746/439
f 377/686/377 403/682/403 340/573/340
f 439/746/439 406/685/406 407/690/407
f 379/643/379 378/642/378 440/747/440
f 376/638/376 441/748/441 408/691/408
f 408/695/408 442/749/442 382/696/382
f 442/749/442 410/750/410 382/696/382
f 443/751/443 409/693/409 384/653/384
f 443/752/443 384/654/384 412/700/412
f 444/753/444 413/701/413 415/754/415
f 413/701/413 348/589/348 415/754/415
f 194/309/194 411/702/411 414/703/414
f 415/706/415 386/705/386 445/755/445
f 445/756/445 325/547/325 416/707/416
f 386/658/386 325/547/325 445/756/445
f 446/757/446 417/758/417 447/759/447
f 416/760/416 417/758/417 446/757/446
f 417/710/417 448/761/448 447/762/447
f 350/708/350 417/710/417 416/763/416
f 417/710/417 351/709/351 448/761/448
f 351/709/351 388/764/388 448/761/448
f 388/660/388 326/548/326 449/765/449
f 326/548/326 353/600/353 449/765/449
f 288/481/288 355/602/355 389/661/389
f 418/711/418 356/662/356 354/601/354
f 330/553/330 450/766/450 329/552/329
f 391/665/391 451/767/451 358/606/358
f 358/606/358 451/767/451 421/768/421
f 330/553/330 393/667/393 450/766/450
f 359/607/359 452/769/452 121/347/121
f 294/492/294 360/608/360 392/666/392
f 332/555/332 331/554/331 393/667/393
f 121/347/121 452/769/452 394/668/394
f 295/493/295 422/717/422 213/348/213
f 423/718/423 424/720/424 296/494/296
f 225/367/225 453/770/453 173/277/173
f 262/431/262 424/771/424 363/613/363
f 363/613/363 364/670/364 263/432/263
f 299/498/299 395/772/395 174/278/174
f 300/499/300 428/726/428 176/362/176
f 173/277/173 454/773/454 260/429/260
f 361/609/361 260/429/260 454/773/454
f 85/132/85 430/729/430 177/282/177
f 306/510/306 397/675/397 431/731/431
f 455/774/455 434/736/434 435/738/435
f 398/676/398 456/775/456 399/677/399
f 457/776/457 458/777/458 459/778/459
f 370/626/370 436/739/436 229/374/229
f 433/735/433 401/679/401 455/774/455
f 455/774/455 401/679/401 434/736/434
f 398/676/398 432/734/432 460/779/460
f 461/780/461 462/781/462 458/777/458
f 458/777/458 462/781/462 459/778/459
f 437/741/437 463/782/463 435/738/435
f 459/783/459 441/748/441 464/784/464
f 375/635/375 465/785/465 437/744/437
f 465/785/465 375/635/375 466/786/466
f 464/784/464 376/638/376 438/745/438
f 466/786/466 375/635/375 403/682/403
f 464/784/464 441/748/441 376/638/376
f 439/746/439 467/787/467 468/788/468
f 468/788/468 404/683/404 439/746/439
f 462/781/462 441/789/441 459/778/459
f 379/643/379 440/747/440 469/790/469
f 378/642/378 470/791/470 440/747/440
f 471/792/471 472/793/472 462/781/462
f 379/794/379 469/795/469 380/645/380
f 439/746/439 407/690/407 473/796/473
f 462/797/462 442/749/442 441/798/441
f 472/799/472 442/749/442 462/797/462
f 473/800/473 407/694/407 474/801/474
f 407/694/407 409/693/409 474/801/474
f 442/749/442 408/695/408 441/798/441
f 409/802/409 443/752/443 474/803/474
f 472/799/472 475/804/475 442/749/442
f 443/752/443 412/700/412 476/805/476
f 442/749/442 475/804/475 410/750/410
f 413/701/413 476/805/476 412/700/412
f 410/750/410 475/804/475 411/806/411
f 411/806/411 475/804/475 477/807/477
f 477/807/477 478/808/478 411/806/411
f 478/809/478 414/703/414 411/702/411
f 479/810/479 416/760/416 446/757/446
f 446/757/446 447/759/447 480/811/480
f 353/600/353 481/812/481 449/765/449
f 287/480/287 389/661/389 353/600/353
f 418/711/418 482/813/482 356/662/356
f 327/549/327 420/714/420 483/814/483
f 356/604/356 484/815/484 357/663/357
f 329/552/329 485/816/485 420/714/420
f 258/426/258 392/817/392 331/554/331
f 331/554/331 392/817/392 393/667/393
f 177/282/177 486/818/486 224/365/224
f 224/366/224 486/819/486 487/820/487
f 224/366/224 487/820/487 175/280/175
f 429/727/429 488/821/488 302/503/302
f 367/620/367 489/822/489 490/823/490
f 367/620/367 396/674/396 489/822/489
f 491/824/491 457/776/457 459/778/459
f 455/774/455 435/738/435 492/825/492
f 435/738/435 463/782/463 492/825/492
f 459/783/459 464/784/464 491/826/491
f 398/676/398 460/779/460 456/775/456
f 493/827/493 471/792/471 461/780/461
f 461/780/461 471/792/471 462/781/462
f 463/828/463 437/744/437 465/785/465
f 494/829/494 464/784/464 438/745/438
f 495/830/495 438/745/438 374/637/374
f 374/637/374 402/681/402 495/830/495
f 377/640/377 496/831/496 403/832/403
f 496/831/496 377/640/377 497/833/497
f 377/640/377 380/645/380 497/833/497
f 404/683/404 498/834/498 378/688/378
f 378/642/378 498/835/498 470/791/470
f 439/746/439 473/796/473 467/787/467
f 469/795/469 497/833/497 380/645/380
f 440/836/440 499/837/499 469/795/469
f 473/838/473 474/803/474 500/839/500
f 474/803/474 443/752/443 476/805/476
f 477/807/477 475/804/475 472/799/472
f 476/805/476 413/701/413 444/753/444
f 479/810/479 446/757/446 480/811/480
f 501/840/501 387/659/387 414/703/414
f 416/760/416 479/810/479 445/755/445
f 502/841/502 480/811/480 503/842/503
f 480/811/480 447/759/447 503/842/503
f 447/759/447 504/843/504 503/842/503
f 505/844/505 506/845/506 387/659/387
f 387/659/387 506/845/506 349/595/349
f 388/764/388 507/846/507 448/761/448
f 197/312/197 508/847/508 284/848/284
f 449/765/449 509/849/509 388/660/388
f 353/600/353 389/661/389 510/850/510
f 484/815/484 511/851/511 357/663/357
f 357/605/357 511/852/511 390/664/390
f 329/552/329 450/766/450 485/816/485
f 390/664/390 451/767/451 391/665/391
f 394/668/394 512/853/512 299/719/299
f 132/205/132 425/722/425 426/723/426
f 427/725/427 513/854/513 298/497/298
f 175/280/175 487/820/487 267/437/267
f 364/670/364 363/613/363 514/855/514
f 365/616/365 429/856/429 366/617/366
f 457/857/457 515/858/515 458/859/458
f 457/857/457 516/860/516 515/858/515
f 457/861/457 491/826/491 516/862/516
f 431/730/431 489/822/489 396/674/396
f 397/675/397 399/863/399 517/864/517
f 399/677/399 456/775/456 517/865/517
f 268/625/268 518/866/518 370/626/370
f 268/625/268 368/867/368 518/866/518
f 461/868/461 458/859/458 519/869/519
f 519/869/519 493/870/493 461/868/461
f 400/740/400 433/871/433 520/872/520
f 400/740/400 520/872/520 432/734/432
f 463/782/463 521/873/521 522/874/522
f 491/826/491 464/784/464 494/829/494
f 436/875/436 523/876/523 402/681/402
f 465/785/465 521/877/521 463/828/463
f 402/681/402 523/876/523 495/830/495
f 524/878/524 438/745/438 495/830/495
f 525/879/525 471/792/471 493/827/493
f 525/879/525 526/880/526 471/792/471
f 471/792/471 526/880/526 472/793/472
f 498/834/498 404/683/404 468/788/468
f 527/881/527 467/882/467 500/839/500
f 469/795/469 499/837/499 528/883/528
f 473/796/473 500/884/500 467/787/467
f 500/839/500 474/803/474 529/885/529
f 529/885/529 474/803/474 476/805/476
f 472/799/472 526/886/526 477/807/477
f 526/886/526 478/808/478 477/807/477
f 444/753/444 415/754/415 530/887/530
f 415/706/415 479/810/479 530/888/530
f 531/889/531 501/840/501 478/809/478
f 478/809/478 501/840/501 414/703/414
f 445/755/445 479/810/479 415/706/415
f 532/890/532 479/810/479 480/811/480
f 502/841/502 532/890/532 480/811/480
f 387/659/387 501/840/501 505/844/505
f 502/841/502 503/842/503 533/891/533
f 448/761/448 504/892/504 447/762/447
f 349/595/349 506/845/506 508/847/508
f 349/595/349 508/847/508 197/312/197
f 388/764/388 509/893/509 507/846/507
f 449/765/449 481/812/481 509/849/509
f 353/600/353 510/850/510 481/812/481
f 534/894/534 418/711/418 352/599/352
f 389/661/389 355/602/355 535/895/535
f 356/604/356 482/896/482 484/815/484
f 327/549/327 483/814/483 419/713/419
f 452/769/452 512/853/512 394/668/394
f 453/770/453 454/773/454 173/277/173
f 361/609/361 454/773/454 536/897/536
f 361/609/361 536/897/536 295/495/295
f 365/671/365 364/614/364 537/898/537
f 367/620/367 490/823/490 368/673/368
f 368/899/368 538/900/538 539/901/539
f 489/822/489 540/902/540 490/823/490
f 397/675/397 517/864/517 431/731/431
f 458/859/458 515/858/515 519/869/519
f 433/735/433 455/774/455 520/903/520
f 465/785/465 466/786/466 541/904/541
f 467/787/467 542/905/542 468/788/468
f 527/881/527 543/906/543 467/882/467
f 496/831/496 497/833/497 544/907/544
f 545/908/545 470/791/470 498/835/498
f 497/833/497 469/795/469 528/883/528
f 499/837/499 440/836/440 546/909/546
f 440/747/440 470/791/470 546/910/546
f 547/911/547 528/883/528 499/837/499
f 548/912/548 529/885/529 476/805/476
f 549/913/549 478/808/478 526/886/526
f 531/914/531 478/808/478 549/913/549
f 530/888/530 550/915/550 551/916/551
f 530/888/530 479/810/479 550/915/550
f 550/915/550 479/810/479 532/890/532
f 506/845/506 505/844/505 552/917/552
f 553/918/553 504/892/504 448/761/448
f 448/761/448 507/846/507 553/918/553
f 510/850/510 389/661/389 535/895/535
f 482/919/482 554/920/554 484/921/484
f 511/922/511 484/921/484 554/920/554
f 390/664/390 555/923/555 451/767/451
f 556/924/556 452/769/452 359/607/359
f 513/854/513 360/608/360 298/497/298
f 557/925/557 362/611/362 428/726/428
f 453/770/453 225/367/225 362/612/362
f 536/926/536 422/717/422 295/493/295
f 558/927/558 363/613/363 424/771/424
f 488/821/488 427/728/427 302/503/302
f 559/928/559 516/862/516 491/826/491
f 455/774/455 492/825/492 560/929/560
f 561/930/561 519/869/519 515/858/515
f 518/866/518 562/931/562 370/626/370
f 492/825/492 463/782/463 522/874/522
f 491/826/491 494/829/494 559/928/559
f 559/928/559 494/829/494 524/878/524
f 562/931/562 436/739/436 370/626/370
f 563/932/563 436/739/436 562/931/562
f 494/829/494 438/745/438 524/878/524
f 564/933/564 522/874/522 521/873/521
f 521/877/521 465/785/465 541/904/541
f 466/786/466 403/682/403 565/934/565
f 565/935/565 403/832/403 496/831/496
f 525/879/525 566/936/566 526/880/526
f 567/937/567 526/880/526 566/936/566
f 546/910/546 470/791/470 545/908/545
f 497/833/497 528/883/528 544/907/544
f 547/911/547 499/837/499 546/909/546
f 528/883/528 547/911/547 568/938/568
f 527/881/527 500/839/500 529/885/529
f 526/886/526 567/939/567 549/913/549
f 548/912/548 476/805/476 569/940/569
f 476/805/476 444/753/444 569/940/569
f 569/940/569 444/753/444 530/887/530
f 530/888/530 551/916/551 570/941/570
f 550/942/550 571/943/571 551/944/551
f 550/942/550 572/945/572 571/943/571
f 550/942/550 532/946/532 572/945/572
f 572/945/572 532/946/532 502/947/502
f 502/948/502 533/949/533 573/950/573
f 501/840/501 574/951/574 505/844/505
f 284/952/284 534/953/534 352/954/352
f 420/714/420 485/816/485 483/814/483
f 451/767/451 555/923/555 556/955/556
f 451/767/451 556/955/556 421/768/421
f 556/924/556 359/607/359 421/716/421
f 393/667/393 575/956/575 450/766/450
f 576/957/576 512/853/512 452/769/452
f 300/499/300 426/723/426 577/958/577
f 299/719/299 512/853/512 395/959/395
f 365/616/365 537/960/537 429/856/429
f 177/282/177 430/729/430 486/818/486
f 368/899/368 490/961/490 538/900/538
f 489/962/489 578/963/578 540/964/540
f 431/731/431 578/963/578 489/962/489
f 431/731/431 517/864/517 578/963/578
f 455/774/455 579/965/579 520/903/520
f 492/825/492 522/874/522 580/966/580
f 456/775/456 581/967/581 517/865/517
f 456/775/456 460/779/460 581/967/581
f 582/968/582 519/869/519 561/930/561
f 436/739/436 563/932/563 523/969/523
f 460/779/460 432/734/432 520/872/520
f 519/869/519 582/968/582 493/870/493
f 524/878/524 495/830/495 583/970/583
f 521/873/521 584/971/584 564/933/564
f 541/904/541 584/972/584 521/877/521
f 585/973/585 542/905/542 467/787/467
f 468/788/468 542/905/542 586/974/586
f 543/906/543 527/881/527 587/975/587
f 586/974/586 498/834/498 468/788/468
f 527/881/527 529/885/529 548/912/548
f 548/912/548 587/975/587 527/881/527
f 587/975/587 548/912/548 588/976/588
f 589/977/589 545/978/545 498/834/498
f 588/979/588 569/980/569 590/981/590
f 528/883/528 568/938/568 591/982/591
f 548/912/548 569/940/569 588/976/588
f 569/983/569 530/888/530 570/941/570
f 570/984/570 551/944/551 592/985/592
f 592/985/592 571/943/571 593/986/593
f 551/944/551 571/943/571 592/985/592
f 594/987/594 571/943/571 572/945/572
f 572/988/572 573/950/573 595/989/595
f 531/889/531 574/951/574 501/840/501
f 572/988/572 502/948/502 573/950/573
f 533/891/533 503/842/503 596/990/596
f 552/917/552 597/991/597 506/845/506
f 506/845/506 597/991/597 508/847/508
f 509/893/509 598/992/598 507/846/507
f 508/847/508 534/993/534 284/848/284
f 419/994/419 535/895/535 355/602/355
f 483/814/483 485/816/485 599/995/599
f 511/922/511 600/996/600 390/997/390
f 556/924/556 576/957/576 452/769/452
f 601/998/601 392/666/392 360/608/360
f 267/721/267 487/999/487 425/722/425
f 362/611/362 557/925/557 453/1000/453
f 515/858/515 516/860/516 602/1001/602
f 455/774/455 560/929/560 579/965/579
f 492/825/492 580/966/580 560/929/560
f 368/899/368 539/901/539 518/1002/518
f 578/963/578 517/864/517 603/1003/603
f 522/874/522 604/1004/604 580/966/580
f 460/779/460 605/1005/605 581/967/581
f 583/970/583 495/830/495 523/876/523
f 522/874/522 564/933/564 604/1004/604
f 587/1006/587 606/1007/606 543/1008/543
f 607/1009/607 585/1010/585 543/1008/543
f 606/1007/606 587/1006/587 588/1011/588
f 543/1012/543 585/973/585 467/787/467
f 586/974/586 542/905/542 608/1013/608
f 586/974/586 589/977/589 498/834/498
f 546/909/546 545/1014/545 547/911/547
f 544/907/544 528/883/528 591/982/591
f 569/980/569 570/1015/570 609/1016/609
f 549/913/549 610/1017/610 531/914/531
f 611/1018/611 592/985/592 593/986/593
f 593/986/593 594/987/594 612/1019/612
f 593/986/593 571/943/571 594/987/594
f 531/914/531 613/1020/613 574/1021/574
f 503/842/503 504/843/504 596/990/596
f 509/849/509 481/812/481 614/1022/614
f 510/850/510 614/1022/614 481/812/481
f 535/895/535 615/1023/615 510/850/510
f 360/608/360 513/854/513 601/998/601
f 300/499/300 577/958/577 428/726/428
f 423/718/423 616/1024/616 424/720/424
f 364/614/364 514/1025/514 537/898/537
f 490/823/490 540/902/540 617/1026/617
f 578/963/578 618/1027/618 540/964/540
f 602/1001/602 561/930/561 515/858/515
f 581/967/581 603/1028/603 517/865/517
f 581/967/581 619/1029/619 603/1028/603
f 524/878/524 583/970/583 559/928/559
f 520/872/520 605/1005/605 460/779/460
f 606/1007/606 620/1030/620 621/1031/621
f 620/1030/620 606/1007/606 588/1011/588
f 493/870/493 582/968/582 622/1032/622
f 541/904/541 623/1033/623 584/972/584
f 542/905/542 585/973/585 608/1013/608
f 466/786/466 623/1033/623 541/904/541
f 466/786/466 565/934/565 623/1033/623
f 624/1034/624 586/974/586 608/1013/608
f 624/1034/624 589/977/589 586/974/586
f 565/935/565 625/1035/625 626/1036/626
f 496/831/496 625/1035/625 565/935/565
f 496/831/496 544/907/544 625/1035/625
f 545/1014/545 627/1037/627 547/911/547
f 568/938/568 628/1038/628 591/982/591
f 547/911/547 628/1038/628 568/938/568
f 570/984/570 592/985/592 629/1039/629
f 629/1039/629 592/985/592 611/1018/611
f 611/1018/611 593/986/593 612/1019/612
f 630/1040/630 631/1041/631 612/1042/612
f 612/1042/612 594/1043/594 630/1040/630
f 594/1043/594 632/1044/632 630/1040/630
f 594/1043/594 572/988/572 632/1044/632
f 572/988/572 595/989/595 632/1044/632
f 573/950/573 533/949/533 633/1045/633
f 574/951/574 552/917/552 505/844/505
f 552/917/552 634/1046/634 597/991/597
f 507/846/507 598/992/598 553/918/553
f 534/1047/534 635/1048/635 418/1049/418
f 482/919/482 636/1050/636 554/920/554
f 554/920/554 637/1051/637 511/922/511
f 511/922/511 637/1051/637 600/996/600
f 556/924/556 555/1052/555 576/957/576
f 424/720/424 616/1024/616 558/1053/558
f 363/613/363 558/927/558 514/855/514
f 579/1054/579 560/1055/560 638/1056/638
f 605/1005/605 639/1057/639 581/967/581
f 520/1058/520 579/1054/579 605/1059/605
f 523/876/523 640/1060/640 583/970/583
f 564/933/564 584/971/584 604/1004/604
f 607/1009/607 543/1008/543 606/1007/606
f 588/1011/588 641/1061/641 620/1030/620
f 590/1062/590 641/1063/641 588/1064/588
f 641/1063/641 590/1062/590 642/1065/642
f 590/1062/590 643/1066/643 642/1065/642
f 589/977/589 624/1034/624 644/1067/644
f 565/934/565 626/1068/626 623/1033/623
f 590/1062/590 645/1069/645 643/1066/643
f 589/1070/589 627/1037/627 545/1014/545
f 547/911/547 627/1037/627 628/1038/628
f 544/907/544 591/982/591 625/1035/625
f 590/981/590 569/980/569 645/1071/645
f 569/980/569 609/1016/609 645/1071/645
f 609/1072/609 570/984/570 629/1039/629
f 567/939/567 610/1017/610 549/913/549
f 646/1073/646 612/1042/612 647/1074/647
f 612/1019/612 646/1075/646 611/1018/611
f 612/1042/612 631/1041/631 647/1074/647
f 610/1017/610 613/1020/613 531/914/531
f 630/1040/630 632/1044/632 631/1041/631
f 573/950/573 633/1045/633 595/989/595
f 613/1020/613 648/1076/648 574/1021/574
f 633/1045/633 533/949/533 649/1077/649
f 596/990/596 649/1078/649 533/891/533
f 596/990/596 504/843/504 650/1079/650
f 504/843/504 553/1080/553 650/1079/650
f 508/847/508 597/991/597 534/993/534
f 651/1081/651 636/1050/636 482/919/482
f 450/766/450 652/1082/652 485/816/485
f 600/996/600 653/1083/653 390/997/390
f 390/997/390 653/1083/653 555/1084/555
f 393/667/393 392/817/392 575/956/575
f 555/1052/555 654/1085/654 576/957/576
f 555/1052/555 655/1086/655 654/1085/654
f 516/860/516 656/1087/656 602/1001/602
f 538/900/538 490/961/490 657/1088/657
f 559/928/559 658/1089/658 516/862/516
f 559/928/559 583/970/583 658/1089/658
f 579/1054/579 638/1056/638 605/1059/605
f 581/967/581 639/1057/639 619/1029/619
f 523/876/523 563/1090/563 640/1060/640
f 580/966/580 604/1004/604 659/1091/659
f 620/1030/620 660/1092/660 621/1031/621
f 620/1030/620 641/1061/641 660/1092/660
f 606/1007/606 621/1031/621 607/1009/607
f 641/1063/641 642/1065/642 661/1093/661
f 585/973/585 607/1094/607 662/1095/662
f 585/973/585 662/1095/662 608/1013/608
f 663/1096/663 642/1065/642 643/1066/643
f 624/1034/624 608/1013/608 664/1097/664
f 589/1098/589 644/1099/644 627/1100/627
f 566/1101/566 525/1102/525 665/1103/665
f 591/982/591 666/1104/666 625/1035/625
f 591/982/591 628/1038/628 666/1104/666
f 611/1105/611 667/1106/667 629/1107/629
f 631/1041/631 632/1044/632 668/1108/668
f 632/1044/632 595/989/595 668/1108/668
f 596/990/596 650/1079/650 649/1078/649
f 597/1109/597 635/1110/635 534/1111/534
f 483/814/483 669/1112/669 419/713/419
f 554/920/554 636/1050/636 637/1051/637
f 637/1051/637 670/1113/670 600/996/600
f 485/816/485 671/1114/671 599/995/599
f 485/816/485 652/1082/652 671/1114/671
f 653/1083/653 655/1115/655 555/1084/555
f 576/957/576 654/1085/654 512/853/512
f 422/717/422 616/1024/616 423/718/423
f 656/1116/656 516/862/516 658/1089/658
f 640/1060/640 658/1089/658 583/970/583
f 562/931/562 672/1117/672 563/932/563
f 562/931/562 518/866/518 672/1117/672
f 641/1063/641 661/1093/661 660/1118/660
f 604/1004/604 584/971/584 659/1091/659
f 661/1093/661 642/1065/642 663/1096/663
f 608/1013/608 662/1095/662 664/1097/664
f 663/1096/663 643/1066/643 673/1119/673
f 493/870/493 622/1032/622 525/1120/525
f 623/1121/623 626/1122/626 674/1123/674
f 625/1124/625 666/1125/666 626/1122/626
f 628/1126/628 675/1127/675 666/1125/666
f 645/1128/645 609/1129/609 676/1130/676
f 677/1131/677 629/1107/629 667/1106/667
f 609/1129/609 629/1107/629 676/1130/676
f 667/1132/667 611/1133/611 646/1134/646
f 650/1079/650 553/1080/553 678/1135/678
f 553/918/553 598/992/598 678/1136/678
f 509/893/509 614/1137/614 598/992/598
f 510/850/510 615/1023/615 614/1022/614
f 670/1113/670 653/1083/653 600/996/600
f 575/956/575 652/1082/652 450/766/450
f 454/773/454 679/1138/679 536/897/536
f 537/960/537 488/1139/488 429/856/429
f 540/902/540 618/1140/618 617/1026/617
f 578/963/578 603/1003/603 618/1027/618
f 560/929/560 680/1141/680 681/1142/681
f 538/900/538 657/1088/657 539/901/539
f 539/1143/539 682/1144/682 518/866/518
f 621/1031/621 683/1145/683 607/1009/607
f 663/1096/663 673/1119/673 684/1146/684
f 624/1034/624 664/1097/664 644/1067/644
f 525/1102/525 622/1147/622 665/1103/665
f 627/1148/627 644/1149/644 685/1150/685
f 626/1122/626 666/1125/666 674/1123/674
f 628/1126/628 627/1148/627 675/1127/675
f 643/1066/643 645/1069/645 673/1119/673
f 645/1069/645 676/1151/676 673/1119/673
f 676/1130/676 629/1107/629 677/1131/677
f 566/936/566 686/1152/686 567/937/567
f 567/939/567 687/1153/687 610/1017/610
f 687/1154/687 688/1155/688 610/1156/610
f 631/1041/631 689/1157/689 647/1074/647
f 631/1041/631 690/1158/690 689/1157/689
f 610/1017/610 688/1159/688 613/1020/613
f 633/1045/633 691/1160/691 595/989/595
f 574/1161/574 692/1162/692 552/1163/552
f 419/713/419 669/1112/669 535/1164/535
f 392/817/392 601/1165/601 575/956/575
f 422/717/422 536/926/536 616/1024/616
f 514/1025/514 693/1166/693 537/898/537
f 427/1167/427 694/1168/694 513/1169/513
f 619/1029/619 695/1170/695 603/1028/603
f 605/1059/605 638/1056/638 639/1171/639
f 560/1172/560 696/1173/696 638/1174/638
f 660/1092/660 697/1175/697 621/1031/621
f 563/932/563 672/1117/672 640/1176/640
f 660/1118/660 661/1093/661 698/1177/698
f 683/1145/683 699/1178/699 607/1009/607
f 607/1094/607 699/1179/699 662/1095/662
f 584/971/584 700/1180/700 659/1091/659
f 584/972/584 623/1033/623 700/1181/700
f 685/1150/685 701/1182/701 627/1148/627
f 673/1183/673 676/1130/676 702/1184/702
f 676/1130/676 677/1131/677 702/1184/702
f 703/1185/703 677/1186/677 646/1134/646
f 646/1134/646 677/1186/677 667/1132/667
f 646/1134/646 704/1187/704 703/1185/703
f 566/1188/566 705/1189/705 686/1190/686
f 631/1041/631 668/1108/668 690/1158/690
f 649/1077/649 706/1191/706 633/1045/633
f 650/1079/650 678/1135/678 707/1192/707
f 535/1164/535 669/1112/669 615/1193/615
f 490/961/490 617/1194/617 657/1088/657
f 708/1195/708 709/1196/709 618/1027/618
f 619/1029/619 639/1057/639 695/1170/695
f 580/966/580 680/1141/680 560/929/560
f 659/1091/659 680/1141/680 580/966/580
f 621/1031/621 697/1175/697 683/1145/683
f 518/866/518 682/1144/682 672/1117/672
f 698/1197/698 697/1175/697 660/1092/660
f 663/1096/663 684/1146/684 661/1093/661
f 684/1146/684 673/1119/673 702/1198/702
f 644/1199/644 664/1200/664 710/1201/710
f 700/1202/700 623/1203/623 674/1204/674
f 646/1134/646 711/1205/711 704/1187/704
f 646/1134/646 647/1206/647 711/1205/711
f 711/1205/711 647/1206/647 689/1207/689
f 686/1208/686 687/1154/687 567/1209/567
f 690/1158/690 668/1108/668 712/1210/712
f 649/1078/649 707/1192/707 706/1211/706
f 649/1078/649 650/1079/650 707/1192/707
f 634/1212/634 713/1213/713 597/1214/597
f 598/992/598 614/1137/614 714/1215/714
f 418/1049/418 635/1048/635 482/919/482
f 483/814/483 599/995/599 669/1112/669
f 512/853/512 715/1216/715 395/959/395
f 454/773/454 453/770/453 679/1138/679
f 430/729/430 716/1217/716 486/818/486
f 488/1139/488 694/1218/694 427/1219/427
f 618/1027/618 709/1196/709 617/1220/617
f 603/1003/603 708/1195/708 618/1027/618
f 695/1170/695 708/1221/708 603/1028/603
f 560/1222/560 681/1223/681 696/1224/696
f 640/1060/640 717/1225/717 658/1089/658
f 640/1060/640 672/1226/672 717/1225/717
f 684/1146/684 698/1177/698 661/1093/661
f 684/1146/684 718/1227/718 698/1177/698
f 662/1228/662 699/1229/699 719/1230/719
f 662/1228/662 719/1230/719 664/1200/664
f 720/1231/720 702/1184/702 677/1131/677
f 720/1231/720 677/1131/677 721/1232/721
f 710/1201/710 685/1233/685 644/1199/644
f 721/1232/721 677/1131/677 703/1234/703
f 712/1210/712 668/1108/668 722/1235/722
f 722/1235/722 668/1108/668 595/989/595
f 633/1045/633 706/1191/706 723/1236/723
f 713/1237/713 635/1110/635 597/1109/597
f 724/1238/724 636/1050/636 651/1081/651
f 725/1239/725 653/1083/653 670/1113/670
f 487/999/487 726/1240/726 425/722/425
f 727/1241/727 683/1145/683 697/1175/697
f 710/1201/710 664/1200/664 719/1230/719
f 684/1146/684 702/1198/702 718/1227/718
f 718/1242/718 702/1184/702 720/1231/720
f 675/1127/675 627/1148/627 701/1182/701
f 711/1205/711 728/1243/728 704/1187/704
f 690/1158/690 712/1210/712 729/1244/729
f 633/1045/633 723/1236/723 691/1160/691
f 648/1245/648 692/1162/692 574/1161/574
f 692/1162/692 634/1212/634 552/1163/552
f 714/1246/714 614/1022/614 615/1023/615
f 651/1081/651 482/919/482 635/1048/635
f 536/926/536 679/1247/679 616/1024/616
f 537/960/537 693/1248/693 730/1249/730
f 617/1194/617 731/1250/731 657/1088/657
f 638/1056/638 732/1251/732 639/1171/639
f 539/901/539 657/1088/657 682/1252/682
f 683/1253/683 733/1254/733 699/1255/699
f 734/1256/734 720/1231/720 721/1232/721
f 700/1202/700 674/1204/674 735/1257/735
f 685/1150/685 736/1258/736 701/1182/701
f 685/1150/685 710/1259/710 736/1258/736
f 721/1232/721 703/1234/703 734/1256/734
f 582/1260/582 737/1261/737 622/1147/622
f 703/1185/703 738/1262/738 734/1263/734
f 703/1185/703 704/1187/704 738/1262/738
f 665/1103/665 622/1147/622 739/1264/739
f 704/1187/704 728/1243/728 738/1262/738
f 689/1207/689 740/1265/740 711/1205/711
f 689/1207/689 690/1266/690 740/1265/740
f 595/989/595 691/1160/691 722/1235/722
f 714/1215/714 741/1267/741 598/992/598
f 653/1083/653 742/1268/742 655/1115/655
f 654/1085/654 715/1216/715 512/853/512
f 486/819/486 726/1269/726 487/820/487
f 601/998/601 513/854/513 743/1270/743
f 658/1089/658 744/1271/744 745/1272/745
f 658/1089/658 717/1225/717 744/1271/744
f 639/1057/639 732/1273/732 695/1170/695
f 638/1174/638 746/1274/746 732/1275/732
f 696/1173/696 746/1274/746 638/1174/638
f 698/1177/698 747/1276/747 697/1277/697
f 682/1144/682 748/1278/748 672/1117/672
f 698/1177/698 749/1279/749 747/1276/747
f 718/1227/718 749/1279/749 698/1177/698
f 561/930/561 602/1001/602 750/1280/750
f 720/1231/720 751/1281/751 718/1242/718
f 561/930/561 750/1280/750 582/968/582
f 666/1125/666 752/1282/752 674/1123/674
f 666/1125/666 675/1127/675 752/1282/752
f 711/1205/711 753/1283/753 728/1243/728
f 705/1284/705 754/1285/754 686/1286/686
f 690/1266/690 729/1287/729 740/1265/740
f 635/1048/635 755/1288/755 651/1081/651
f 653/1083/653 725/1239/725 742/1268/742
f 655/1086/655 756/1289/756 654/1085/654
f 601/1165/601 743/1290/743 575/956/575
f 654/1085/654 756/1289/756 715/1216/715
f 616/1024/616 757/1291/757 558/1053/558
f 658/1089/658 745/1272/745 656/1116/656
f 699/1229/699 733/1292/733 719/1230/719
f 750/1293/750 737/1261/737 582/1260/582
f 674/1123/674 752/1282/752 758/1294/758
f 675/1127/675 701/1182/701 759/1295/759
f 734/1263/734 738/1262/738 760/1296/760
f 738/1262/738 728/1243/728 761/1297/761
f 665/1103/665 705/1298/705 566/1101/566
f 686/1208/686 754/1299/754 687/1154/687
f 740/1265/740 729/1287/729 762/1300/762
f 687/1154/687 763/1301/763 688/1155/688
f 688/1155/688 764/1302/764 613/1303/613
f 613/1303/613 764/1302/764 648/1245/648
f 669/1112/669 765/1304/765 615/1193/615
f 599/1305/599 766/1306/766 669/1307/669
f 577/958/577 557/925/557 428/726/428
f 395/672/395 767/1308/767 430/729/430
f 430/729/430 767/1308/767 716/1217/716
f 768/1309/768 744/1271/744 717/1225/717
f 672/1117/672 768/1310/768 717/1311/717
f 672/1117/672 748/1278/748 768/1310/768
f 683/1145/683 727/1241/727 733/1312/733
f 720/1231/720 769/1313/769 751/1281/751
f 734/1256/734 769/1313/769 720/1231/720
f 758/1294/758 735/1314/735 674/1123/674
f 711/1205/711 740/1265/740 753/1283/753
f 615/1023/615 765/1315/765 714/1246/714
f 770/1316/770 724/1238/724 651/1081/651
f 599/1305/599 671/1317/671 766/1306/766
f 453/770/453 557/1318/557 771/1319/771
f 617/1320/617 709/1321/709 772/1322/772
f 659/1091/659 700/1180/700 680/1141/680
f 719/1230/719 773/1323/773 710/1201/710
f 719/1230/719 733/1292/733 773/1323/773
f 718/1227/718 774/1324/774 749/1279/749
f 602/1325/602 775/1326/775 750/1293/750
f 736/1327/736 710/1201/710 773/1323/773
f 769/1313/769 734/1256/734 776/1328/776
f 675/1127/675 759/1295/759 752/1282/752
f 736/1258/736 759/1295/759 701/1182/701
f 622/1147/622 737/1261/737 739/1264/739
f 722/1235/722 691/1160/691 777/1329/777
f 634/1212/634 778/1330/778 713/1213/713
f 713/1237/713 755/1331/755 635/1110/635
f 779/1332/779 756/1333/756 655/1115/655
f 395/959/395 715/1216/715 767/1334/767
f 657/1088/657 780/1335/780 682/1252/682
f 695/1170/695 732/1273/732 708/1221/708
f 700/1202/700 781/1336/781 680/1337/680
f 718/1227/718 751/1338/751 774/1324/774
f 738/1262/738 761/1297/761 760/1296/760
f 705/1284/705 665/1339/665 754/1285/754
f 687/1154/687 754/1299/754 763/1301/763
f 729/1244/729 712/1210/712 782/1340/782
f 722/1235/722 777/1329/777 712/1210/712
f 777/1329/777 691/1160/691 783/1341/783
f 706/1191/706 707/1342/707 784/1343/784
f 707/1344/707 785/1345/785 784/1346/784
f 634/1212/634 692/1162/692 778/1330/778
f 651/1347/651 755/1331/755 770/1348/770
f 724/1238/724 786/1349/786 636/1050/636
f 726/1240/726 426/723/426 425/722/425
f 577/958/577 787/1350/787 557/925/557
f 771/1319/771 679/1138/679 453/770/453
f 679/1247/679 788/1351/788 616/1024/616
f 769/1313/769 789/1352/789 751/1281/751
f 752/1282/752 790/1353/790 758/1294/758
f 734/1256/734 760/1354/760 776/1328/776
f 728/1243/728 753/1283/753 761/1297/761
f 712/1210/712 791/1355/791 782/1340/782
f 723/1236/723 706/1191/706 792/1356/792
f 598/992/598 741/1267/741 678/1136/678
f 636/1050/636 786/1349/786 637/1051/637
f 671/1317/671 793/1357/793 766/1306/766
f 742/1268/742 779/1332/779 655/1115/655
f 486/819/486 794/1358/794 726/1269/726
f 537/960/537 730/1249/730 488/1139/488
f 657/1088/657 731/1250/731 780/1335/780
f 731/1250/731 617/1194/617 772/1359/772
f 680/1141/680 781/1360/781 681/1142/681
f 733/1361/733 795/1362/795 773/1363/773
f 697/1175/697 796/1364/796 727/1241/727
f 736/1258/736 773/1365/773 797/1366/797
f 769/1313/769 776/1328/776 789/1352/789
f 700/1202/700 735/1257/735 781/1336/781
f 735/1257/735 798/1367/798 781/1336/781
f 735/1257/735 758/1368/758 798/1367/798
f 737/1261/737 799/1369/799 739/1264/739
f 760/1296/760 761/1297/761 800/1370/800
f 740/1265/740 801/1371/801 753/1283/753
f 740/1265/740 762/1300/762 801/1371/801
f 713/1237/713 802/1372/802 755/1331/755
f 714/1215/714 803/1373/803 741/1267/741
f 714/1215/714 765/1374/765 803/1373/803
f 671/1317/671 652/1375/652 793/1357/793
f 616/1024/616 788/1351/788 757/1291/757
f 513/1376/513 694/1218/694 804/1377/804
f 656/1087/656 805/1378/805 602/1001/602
f 751/1281/751 789/1352/789 774/1379/774
f 752/1282/752 797/1366/797 790/1353/790
f 759/1295/759 797/1366/797 752/1282/752
f 759/1295/759 736/1258/736 797/1366/797
f 760/1354/760 806/1380/806 776/1328/776
f 729/1287/729 782/1381/782 762/1300/762
f 763/1301/763 764/1302/764 688/1155/688
f 712/1210/712 777/1329/777 791/1355/791
f 777/1329/777 783/1341/783 791/1355/791
f 691/1160/691 723/1236/723 783/1341/783
f 575/1382/575 743/1383/743 807/1384/807
f 426/723/426 808/1385/808 577/958/577
f 602/1001/602 805/1378/805 775/1386/775
f 780/1387/780 748/1278/748 682/1144/682
f 681/1388/681 781/1336/781 809/1389/809
f 697/1175/697 747/1390/747 796/1364/796
f 758/1294/758 790/1353/790 798/1391/798
f 750/1293/750 799/1369/799 737/1261/737
f 760/1354/760 800/1392/800 806/1380/806
f 753/1283/753 810/1393/810 761/1297/761
f 739/1264/739 811/1394/811 665/1103/665
f 706/1191/706 784/1343/784 792/1356/792
f 713/1213/713 778/1330/778 802/1395/802
f 669/1307/669 812/1396/812 813/1397/813
f 766/1306/766 793/1357/793 812/1396/812
f 794/1398/794 814/1399/814 726/1240/726
f 558/1400/558 757/1401/757 815/1402/815
f 744/1403/744 768/1404/768 816/1405/816
f 733/1361/733 817/1406/817 795/1362/795
f 761/1297/761 810/1393/810 818/1407/818
f 819/1408/819 811/1394/811 739/1264/739
f 753/1283/753 801/1371/801 810/1393/810
f 665/1339/665 820/1409/820 754/1285/754
f 765/1410/765 669/1307/669 813/1397/813
f 669/1307/669 766/1306/766 812/1396/812
f 715/1216/715 821/1411/821 767/1334/767
f 726/1240/726 814/1399/814 426/723/426
f 514/855/514 558/927/558 815/1412/815
f 656/1116/656 745/1272/745 805/1413/805
f 781/1336/781 798/1367/798 822/1414/822
f 733/1415/733 727/1416/727 817/1417/817
f 747/1276/747 823/1418/823 796/1419/796
f 747/1276/747 749/1279/749 823/1418/823
f 811/1394/811 820/1420/820 665/1103/665
f 824/1421/824 801/1371/801 762/1300/762
f 820/1409/820 763/1422/763 754/1285/754
f 782/1340/782 791/1355/791 783/1341/783
f 783/1341/783 723/1236/723 825/1423/825
f 764/1302/764 826/1424/826 648/1245/648
f 826/1424/826 692/1162/692 648/1245/648
f 827/1425/827 812/1396/812 793/1357/793
f 807/1384/807 793/1357/793 652/1375/652
f 828/1426/828 742/1268/742 725/1239/725
f 807/1384/807 652/1375/652 575/1382/575
f 808/1385/808 787/1350/787 577/958/577
f 804/1377/804 743/1427/743 513/1376/513
f 746/1274/746 696/1173/696 829/1428/829
f 809/1389/809 781/1336/781 822/1414/822
f 800/1370/800 761/1297/761 818/1407/818
f 799/1369/799 819/1408/819 739/1264/739
f 764/1302/764 763/1301/763 830/1429/830
f 637/1051/637 831/1430/831 670/1113/670
f 426/723/426 814/1399/814 808/1385/808
f 815/1412/815 693/1431/693 514/855/514
f 693/1248/693 832/1432/832 730/1249/730
f 488/1139/488 730/1249/730 833/1433/833
f 488/1139/488 833/1433/833 694/1218/694
f 805/1434/805 834/1435/834 775/1436/775
f 731/1250/731 835/1437/835 780/1335/780
f 773/1363/773 795/1362/795 797/1438/797
f 778/1330/778 836/1439/836 802/1395/802
f 765/1440/765 813/1441/813 837/1442/837
f 716/1443/716 794/1444/794 486/1445/486
f 787/1446/787 838/1447/838 557/1448/557
f 681/1223/681 809/1449/809 696/1224/696
f 790/1353/790 822/1450/822 798/1391/798
f 820/1451/820 839/1452/839 763/1301/763
f 763/1301/763 839/1452/839 830/1429/830
f 723/1236/723 792/1356/792 825/1423/825
f 840/1453/840 770/1348/770 755/1331/755
f 743/1383/743 841/1454/841 807/1384/807
f 732/1275/732 842/1455/842 708/1456/708
f 790/1353/790 843/1457/843 822/1450/822
f 797/1366/797 843/1457/843 790/1353/790
f 775/1326/775 844/1458/844 750/1293/750
f 810/1393/810 801/1371/801 845/1459/845
f 824/1460/824 846/1461/846 801/1462/801
f 783/1463/783 847/1464/847 824/1460/824
f 692/1162/692 848/1465/848 778/1330/778
f 755/1331/755 802/1372/802 840/1453/840
f 742/1268/742 849/1466/849 779/1332/779
f 756/1289/756 850/1467/850 715/1216/715
f 679/1138/679 771/1319/771 851/1468/851
f 748/1469/748 816/1405/816 768/1404/768
f 780/1470/780 816/1405/816 748/1469/748
f 749/1279/749 774/1324/774 823/1418/823
f 799/1369/799 852/1471/852 819/1408/819
f 810/1393/810 845/1459/845 853/1472/853
f 811/1394/811 854/1473/854 820/1420/820
f 820/1474/820 855/1475/855 839/1476/839
f 762/1300/762 782/1381/782 824/1421/824
f 782/1381/782 783/1477/783 824/1421/824
f 741/1267/741 856/1478/856 678/1136/678
f 765/1440/765 837/1442/837 803/1479/803
f 850/1467/850 821/1411/821 715/1216/715
f 730/1249/730 857/1480/857 833/1433/833
f 708/1456/708 842/1455/842 709/1481/709
f 731/1250/731 772/1359/772 835/1437/835
f 709/1482/709 858/1483/858 772/1359/772
f 796/1419/796 823/1418/823 859/1484/859
f 789/1352/789 860/1485/860 774/1379/774
f 806/1380/806 861/1486/861 776/1328/776
f 810/1393/810 853/1472/853 818/1407/818
f 811/1394/811 819/1408/819 854/1473/854
f 854/1487/854 855/1475/855 820/1474/820
f 783/1341/783 825/1423/825 847/1488/847
f 830/1429/830 826/1424/826 764/1302/764
f 707/1344/707 678/1489/678 862/1490/862
f 670/1113/670 831/1430/831 725/1239/725
f 725/1239/725 831/1430/831 828/1426/828
f 863/1491/863 788/1351/788 679/1247/679
f 817/1417/817 727/1416/727 796/1492/796
f 822/1414/822 864/1493/864 809/1389/809
f 865/1494/865 843/1457/843 797/1366/797
f 797/1366/797 795/1495/795 865/1494/865
f 774/1324/774 860/1496/860 823/1418/823
f 775/1326/775 834/1497/834 844/1458/844
f 750/1293/750 844/1458/844 799/1369/799
f 799/1369/799 844/1458/844 852/1471/852
f 800/1370/800 818/1407/818 866/1498/866
f 678/1489/678 856/1499/856 862/1490/862
f 741/1267/741 803/1373/803 867/1500/867
f 637/1051/637 786/1349/786 831/1430/831
f 557/1448/557 838/1447/838 771/1501/771
f 679/1247/679 851/1502/851 863/1491/863
f 732/1275/732 746/1274/746 842/1455/842
f 745/1272/745 868/1503/868 805/1413/805
f 744/1271/744 868/1503/868 745/1272/745
f 696/1173/696 809/1504/809 829/1428/829
f 789/1352/789 776/1328/776 861/1486/861
f 869/1505/869 819/1408/819 852/1471/852
f 707/1344/707 862/1490/862 785/1345/785
f 848/1465/848 836/1439/836 778/1330/778
f 827/1506/827 870/1507/870 812/1508/812
f 793/1357/793 871/1509/871 827/1425/827
f 849/1510/849 872/1511/872 779/1512/779
f 779/1512/779 872/1511/872 756/1513/756
f 873/1514/873 794/1515/794 767/1516/767
f 767/1308/767 794/1517/794 716/1217/716
f 804/1377/804 694/1218/694 874/1518/874
f 822/1450/822 843/1457/843 864/1519/864
f 852/1471/852 875/1520/875 869/1505/869
f 793/1357/793 807/1384/807 871/1509/871
f 841/1454/841 876/1521/876 807/1384/807
f 817/1406/817 877/1522/877 795/1362/795
f 825/1523/825 792/1524/792 878/1525/878
f 879/1526/879 724/1238/724 770/1316/770
f 879/1526/879 786/1349/786 724/1238/724
f 786/1527/786 880/1528/880 831/1529/831
f 833/1433/833 874/1518/874 694/1218/694
f 881/1530/881 818/1407/818 853/1472/853
f 855/1475/855 882/1531/882 839/1476/839
f 882/1532/882 830/1429/830 839/1452/839
f 847/1533/847 825/1523/825 878/1525/878
f 830/1429/830 883/1534/883 826/1424/826
f 826/1424/826 884/1535/884 692/1162/692
f 856/1478/856 741/1267/741 867/1500/867
f 812/1508/812 870/1507/870 813/1536/813
f 828/1537/828 885/1538/885 742/1539/742
f 872/1511/872 886/1540/886 756/1513/756
f 693/1541/693 887/1542/887 832/1543/832
f 832/1432/832 857/1480/857 730/1249/730
f 795/1362/795 877/1522/877 865/1544/865
f 844/1458/844 888/1545/888 852/1471/852
f 800/1392/800 866/1546/866 806/1380/806
f 881/1547/881 853/1548/853 889/1549/889
f 845/1550/845 801/1462/801 846/1461/846
f 837/1442/837 813/1441/813 890/1551/890
f 870/1507/870 827/1506/827 891/1552/891
f 880/1528/880 892/1553/892 831/1529/831
f 891/1552/891 827/1506/827 871/1554/871
f 831/1529/831 892/1553/892 828/1537/828
f 807/1384/807 876/1521/876 871/1509/871
f 804/1377/804 893/1555/893 743/1427/743
f 794/1556/794 894/1557/894 814/1558/814
f 817/1417/817 796/1492/796 895/1559/895
f 780/1470/780 896/1560/896 816/1405/816
f 789/1352/789 897/1561/897 860/1485/860
f 852/1471/852 888/1545/888 875/1520/875
f 806/1380/806 866/1546/866 861/1486/861
f 824/1460/824 847/1464/847 898/1562/898
f 899/1563/899 834/1435/834 805/1434/805
f 896/1564/896 780/1335/780 835/1437/835
f 859/1484/859 823/1418/823 860/1496/860
f 900/1565/900 866/1566/866 818/1567/818
f 900/1565/900 818/1567/818 881/1568/881
f 846/1461/846 824/1460/824 898/1562/898
f 884/1535/884 848/1465/848 692/1162/692
f 893/1569/893 841/1454/841 743/1383/743
f 709/1570/709 842/1571/842 901/1572/901
f 816/1405/816 902/1573/902 744/1403/744
f 858/1483/858 903/1574/903 772/1359/772
f 860/1485/860 897/1561/897 904/1575/904
f 789/1352/789 861/1486/861 897/1561/897
f 866/1546/866 905/1576/905 861/1486/861
f 869/1505/869 854/1473/854 819/1408/819
f 889/1549/889 853/1548/853 845/1550/845
f 802/1372/802 836/1577/836 840/1453/840
f 906/1578/906 849/1510/849 885/1538/885
f 885/1538/885 849/1510/849 742/1539/742
f 886/1540/886 850/1579/850 756/1513/756
f 746/1274/746 829/1428/829 842/1455/842
f 809/1504/809 907/1580/907 829/1428/829
f 796/1492/796 859/1581/859 895/1559/895
f 844/1458/844 834/1497/834 908/1582/908
f 905/1583/905 909/1584/909 861/1585/861
f 882/1532/882 910/1586/910 830/1429/830
f 785/1345/785 911/1587/911 784/1346/784
f 871/1554/871 876/1588/876 891/1552/891
f 828/1537/828 892/1553/892 885/1538/885
f 838/1447/838 912/1589/912 771/1501/771
f 834/1590/834 899/1591/899 908/1592/908
f 772/1359/772 913/1593/913 835/1437/835
f 897/1561/897 861/1486/861 909/1594/909
f 844/1458/844 914/1595/914 888/1545/888
f 785/1345/785 862/1490/862 911/1587/911
f 849/1510/849 906/1578/906 872/1511/872
f 757/1291/757 915/1596/915 916/1597/916
f 757/1401/757 916/1598/916 815/1402/815
f 709/1570/709 901/1572/901 858/1599/858
f 772/1359/772 903/1574/903 913/1593/913
f 900/1565/900 905/1583/905 866/1566/866
f 845/1550/845 846/1461/846 889/1549/889
f 856/1499/856 917/1600/917 862/1490/862
f 770/1348/770 840/1453/840 879/1601/879
f 879/1602/879 880/1528/880 786/1527/786
f 876/1588/876 918/1603/918 891/1552/891
f 841/1604/841 893/1605/893 919/1606/919
f 874/1518/874 893/1555/893 804/1377/804
f 788/1351/788 863/1491/863 757/1291/757
f 757/1291/757 863/1491/863 915/1596/915
f 693/1541/693 815/1607/815 887/1542/887
f 809/1389/809 864/1493/864 907/1608/907
f 844/1458/844 908/1582/908 914/1595/914
f 910/1586/910 883/1534/883 830/1429/830
f 784/1346/784 911/1587/911 792/1524/792
f 920/1609/920 840/1453/840 836/1577/836
f 813/1536/813 870/1507/870 921/1610/921
f 857/1480/857 922/1611/922 833/1433/833
f 805/1612/805 868/1613/868 923/1614/923
f 854/1487/854 924/1615/924 855/1475/855
f 856/1478/856 867/1500/867 917/1616/917
f 803/1479/803 837/1442/837 867/1617/867
f 890/1551/890 925/1618/925 837/1442/837
f 879/1602/879 926/1619/926 880/1528/880
f 918/1603/918 876/1588/876 927/1620/927
f 885/1538/885 928/1621/928 906/1578/906
f 808/1622/808 929/1623/929 787/1446/787
f 805/1612/805 923/1614/923 899/1591/899
f 816/1405/816 896/1560/896 930/1624/930
f 855/1475/855 924/1615/924 931/1625/931
f 932/1626/932 826/1424/826 883/1534/883
f 911/1587/911 862/1490/862 933/1627/933
f 826/1424/826 932/1626/932 884/1535/884
f 837/1442/837 925/1618/925 934/1628/934
f 813/1536/813 921/1610/921 890/1629/890
f 870/1507/870 891/1552/891 935/1630/935
f 906/1578/906 936/1631/936 872/1511/872
f 814/1558/814 929/1623/929 808/1622/808
f 842/1455/842 937/1632/937 901/1633/901
f 865/1494/865 938/1634/938 843/1457/843
f 888/1635/888 914/1636/914 939/1637/939
f 888/1545/888 939/1638/939 875/1520/875
f 875/1520/875 940/1639/940 869/1505/869
f 869/1640/869 924/1615/924 854/1487/854
f 792/1524/792 911/1587/911 941/1641/941
f 848/1642/848 920/1643/920 836/1644/836
f 891/1552/891 918/1603/918 935/1630/935
f 787/1446/787 942/1645/942 838/1447/838
f 943/1646/943 912/1589/912 838/1447/838
f 771/1319/771 912/1647/912 851/1468/851
f 907/1608/907 864/1493/864 944/1648/944
f 865/1494/865 877/1649/877 938/1634/938
f 744/1271/744 902/1650/902 868/1503/868
f 846/1461/846 945/1651/945 889/1549/889
f 792/1524/792 941/1641/941 878/1525/878
f 840/1453/840 920/1609/920 879/1601/879
f 925/1618/925 890/1551/890 921/1652/921
f 892/1553/892 946/1653/946 885/1538/885
f 885/1538/885 946/1653/946 928/1621/928
f 947/1654/947 874/1518/874 833/1433/833
f 944/1655/944 864/1519/864 843/1457/843
f 877/1656/877 817/1417/817 948/1657/948
f 948/1657/948 817/1417/817 895/1559/895
f 949/1658/949 881/1659/881 889/1660/889
f 949/1661/949 889/1549/889 945/1651/945
f 931/1625/931 882/1531/882 855/1475/855
f 920/1643/920 848/1642/848 884/1662/884
f 867/1617/867 837/1442/837 934/1628/934
f 926/1619/926 950/1663/950 880/1528/880
f 821/1664/821 951/1665/951 767/1516/767
f 873/1514/873 894/1666/894 794/1515/794
f 894/1557/894 952/1667/952 814/1558/814
f 921/1610/921 870/1507/870 935/1630/935
f 880/1528/880 953/1668/953 892/1553/892
f 936/1631/936 886/1540/886 872/1511/872
f 767/1516/767 951/1665/951 873/1514/873
f 838/1447/838 942/1645/942 943/1646/943
f 876/1588/876 954/1669/954 927/1620/927
f 914/1636/914 955/1670/955 939/1637/939
f 881/1568/881 956/1671/956 900/1565/900
f 881/1659/881 949/1658/949 956/1672/956
f 846/1461/846 898/1562/898 945/1651/945
f 898/1562/898 847/1464/847 957/1673/957
f 862/1490/862 917/1600/917 933/1627/933
f 892/1553/892 953/1668/953 946/1653/946
f 850/1467/850 951/1674/951 821/1411/821
f 814/1558/814 952/1667/952 929/1623/929
f 897/1675/897 958/1676/958 904/1677/904
f 909/1584/909 958/1676/958 897/1675/897
f 940/1678/940 875/1679/875 939/1637/939
f 959/1680/959 900/1565/900 956/1671/956
f 847/1464/847 878/1681/878 960/1682/960
f 917/1616/917 867/1500/867 961/1683/961
f 921/1610/921 935/1630/935 962/1684/962
f 935/1630/935 918/1603/918 927/1620/927
f 954/1669/954 876/1588/876 841/1604/841
f 963/1685/963 912/1589/912 943/1646/943
f 829/1428/829 937/1632/937 842/1455/842
f 964/1686/964 859/1484/859 860/1496/860
f 930/1624/930 902/1573/902 816/1405/816
f 965/1687/965 835/1437/835 913/1593/913
f 940/1678/940 966/1688/966 869/1689/869
f 869/1689/869 966/1688/966 924/1690/924
f 882/1531/882 967/1691/967 910/1692/910
f 886/1540/886 968/1693/968 850/1579/850
f 929/1623/929 942/1645/942 787/1446/787
f 908/1592/908 969/1694/969 914/1695/914
f 900/1565/900 959/1680/959 905/1583/905
f 956/1671/956 970/1696/970 959/1680/959
f 945/1651/945 971/1697/971 949/1661/949
f 917/1616/917 961/1683/961 972/1698/972
f 880/1528/880 950/1663/950 953/1668/953
f 946/1653/946 973/1699/973 928/1621/928
f 928/1621/928 936/1631/936 906/1578/906
f 919/1606/919 974/1700/974 841/1604/841
f 912/1647/912 863/1701/863 851/1468/851
f 815/1607/815 916/1702/916 887/1542/887
f 858/1483/858 901/1703/901 903/1574/903
f 904/1704/904 964/1705/964 860/1706/860
f 905/1583/905 959/1680/959 909/1584/909
f 882/1531/882 931/1625/931 967/1691/967
f 975/1707/975 926/1708/926 879/1601/879
f 935/1630/935 976/1709/976 962/1684/962
f 935/1630/935 927/1620/927 977/1710/977
f 835/1437/835 965/1687/965 896/1564/896
f 945/1651/945 898/1562/898 971/1697/971
f 957/1673/957 847/1464/847 960/1682/960
f 910/1586/910 978/1711/978 883/1534/883
f 978/1712/978 979/1713/979 932/1714/932
f 920/1609/920 975/1707/975 879/1601/879
f 925/1715/925 921/1610/921 962/1684/962
f 886/1540/886 936/1631/936 968/1693/968
f 947/1654/947 980/1716/980 874/1518/874
f 954/1669/954 977/1710/977 927/1620/927
f 887/1717/887 981/1718/981 832/1432/832
f 832/1432/832 981/1718/981 857/1480/857
f 949/1658/949 971/1719/971 956/1672/956
f 910/1586/910 967/1720/967 978/1711/978
f 878/1525/878 941/1641/941 960/1721/960
f 883/1534/883 978/1711/978 932/1626/932
f 935/1630/935 977/1710/977 982/1722/982
f 841/1604/841 974/1700/974 954/1669/954
f 903/1574/903 983/1723/983 913/1593/913
f 903/1574/903 984/1724/984 983/1723/983
f 940/1678/940 985/1725/985 966/1688/966
f 933/1627/933 986/1726/986 911/1587/911
f 917/1600/917 972/1727/972 933/1627/933
f 920/1643/920 884/1662/884 987/1728/987
f 972/1729/972 961/1730/961 988/1731/988
f 867/1617/867 934/1628/934 961/1730/961
f 925/1715/925 962/1684/962 989/1732/989
f 850/1733/850 968/1734/968 951/1735/951
f 938/1634/938 944/1655/944 843/1457/843
f 969/1694/969 990/1736/990 914/1695/914
f 967/1737/967 991/1738/991 978/1739/978
f 929/1623/929 992/1740/992 942/1645/942
f 915/1741/915 993/1742/993 916/1702/916
f 857/1480/857 981/1718/981 922/1611/922
f 833/1433/833 922/1611/922 947/1654/947
f 913/1593/913 983/1723/983 994/1743/994
f 908/1592/908 899/1591/899 969/1694/969
f 913/1593/913 994/1743/994 965/1687/965
f 914/1695/914 990/1736/990 955/1744/955
f 924/1690/924 995/1745/995 931/1746/931
f 925/1618/925 996/1747/996 934/1628/934
f 935/1630/935 982/1722/982 976/1709/976
f 903/1574/903 901/1703/901 984/1724/984
f 956/1671/956 997/1748/997 970/1696/970
f 956/1672/956 971/1719/971 997/1749/997
f 971/1697/971 898/1562/898 998/1750/998
f 941/1641/941 911/1587/911 999/1751/999
f 911/1587/911 986/1726/986 999/1751/999
f 932/1714/932 1000/1752/1000 884/1662/884
f 946/1653/946 953/1668/953 973/1699/973
f 874/1518/874 980/1716/980 893/1555/893
f 887/1717/887 1001/1753/1001 981/1718/981
f 829/1428/829 1002/1754/1002 937/1632/937
f 948/1657/948 895/1559/895 1003/1755/1003
f 966/1688/966 995/1745/995 924/1690/924
f 898/1562/898 957/1673/957 998/1750/998
f 931/1746/931 1004/1756/1004 967/1737/967
f 960/1682/960 941/1757/941 1005/1758/1005
f 933/1627/933 972/1727/972 986/1726/986
f 1006/1759/1006 928/1621/928 973/1699/973
f 1007/1760/1007 954/1669/954 974/1700/974
f 1008/1761/1008 977/1710/977 954/1669/954
f 1008/1761/1008 954/1669/954 1007/1760/1007
f 948/1657/948 1009/1762/1009 877/1656/877
f 979/1713/979 1000/1752/1000 932/1714/932
f 936/1763/936 1010/1764/1010 1011/1765/1011
f 936/1763/936 1011/1765/1011 968/1734/968
f 863/1491/863 912/1766/912 915/1596/915
f 964/1686/964 1012/1767/1012 859/1484/859
f 868/1503/868 902/1650/902 923/1768/923
f 896/1564/896 1013/1769/1013 930/1770/930
f 986/1726/986 972/1727/972 988/1771/988
f 925/1618/925 989/1772/989 996/1747/996
f 893/1605/893 1014/1773/1014 919/1606/919
f 894/1557/894 1015/1774/1015 952/1667/952
f 919/1606/919 1016/1775/1016 974/1700/974
f 965/1687/965 1013/1769/1013 896/1564/896
f 829/1428/829 907/1580/907 1002/1754/1002
f 899/1591/899 1017/1776/1017 969/1694/969
f 899/1591/899 923/1614/923 1017/1776/1017
f 939/1637/939 955/1670/955 1018/1777/1018
f 939/1637/939 1018/1777/1018 985/1725/985
f 939/1637/939 985/1725/985 940/1678/940
f 970/1778/970 997/1779/997 959/1780/959
f 995/1745/995 1004/1756/1004 931/1746/931
f 998/1750/998 957/1673/957 1019/1781/1019
f 1004/1756/1004 1020/1782/1020 967/1737/967
f 991/1783/991 979/1713/979 978/1712/978
f 952/1667/952 992/1740/992 929/1623/929
f 916/1702/916 1001/1784/1001 887/1542/887
f 984/1785/984 901/1633/901 937/1632/937
f 1003/1755/1003 895/1559/895 1012/1786/1012
f 1012/1786/1012 895/1559/895 859/1581/859
f 909/1584/909 959/1680/959 1021/1787/1021
f 1022/1788/1022 959/1780/959 997/1779/997
f 971/1719/971 998/1789/998 997/1749/997
f 967/1737/967 1020/1782/1020 991/1738/991
f 1023/1790/1023 1006/1791/1006 973/1792/973
f 1024/1793/1024 992/1794/992 952/1795/952
f 992/1740/992 943/1646/943 942/1645/942
f 1014/1773/1014 1016/1775/1016 919/1606/919
f 977/1710/977 1008/1761/1008 982/1722/982
f 1016/1796/1016 1025/1797/1025 974/1798/974
f 884/1662/884 1000/1752/1000 987/1728/987
f 920/1609/920 987/1799/987 975/1707/975
f 1026/1800/1026 961/1730/961 934/1628/934
f 989/1801/989 962/1802/962 1027/1803/1027
f 962/1802/962 976/1804/976 1027/1803/1027
f 953/1668/953 1028/1805/1028 973/1699/973
f 1028/1806/1028 1023/1790/1023 973/1792/973
f 1006/1759/1006 936/1631/936 928/1621/928
f 1006/1759/1006 1010/1807/1010 936/1631/936
f 1015/1774/1015 894/1557/894 873/1808/873
f 981/1718/981 1001/1753/1001 922/1611/922
f 923/1809/923 1029/1810/1029 1017/1811/1017
f 1030/1812/1030 953/1668/953 950/1663/950
f 982/1813/982 1031/1814/1031 976/1815/976
f 992/1794/992 963/1816/963 943/1817/943
f 877/1818/877 1009/1819/1009 938/1820/938
f 959/1780/959 1022/1788/1022 1032/1821/1032
f 991/1783/991 1033/1822/1033 979/1713/979
f 986/1726/986 988/1771/988 1034/1823/1034
f 1030/1824/1030 1028/1806/1028 953/1825/953
f 964/1826/964 904/1827/904 1035/1828/1035
f 902/1573/902 930/1624/930 1036/1829/1036
f 909/1584/909 1021/1787/1021 958/1676/958
f 998/1789/998 1037/1830/1037 997/1749/997
f 941/1757/941 999/1831/999 1005/1758/1005
f 979/1713/979 1038/1832/1038 1000/1752/1000
f 989/1801/989 1027/1803/1027 1039/1833/1039
f 1006/1791/1006 1040/1834/1040 1010/1764/1010
f 1010/1764/1010 1040/1834/1040 1011/1765/1011
f 974/1798/974 1025/1797/1025 1007/1835/1007
f 1036/1836/1036 923/1837/923 902/1838/902
f 1037/1839/1037 1041/1840/1041 997/1841/997
f 995/1842/995 1042/1843/1042 1004/1844/1004
f 998/1750/998 1019/1781/1019 1037/1845/1037
f 991/1846/991 1020/1847/1020 1033/1848/1033
f 979/1713/979 1033/1822/1033 1038/1832/1038
f 961/1730/961 1026/1800/1026 988/1731/988
f 916/1702/916 993/1742/993 1001/1784/1001
f 922/1849/922 1001/1850/1001 1043/1851/1043
f 1008/1852/1008 1031/1814/1031 982/1813/982
f 959/1853/959 1032/1854/1032 1021/1855/1021
f 997/1841/997 1041/1840/1041 1022/1856/1022
f 960/1682/960 1019/1781/1019 957/1673/957
f 986/1726/986 1044/1857/1044 999/1751/999
f 1045/1858/1045 926/1708/926 975/1707/975
f 893/1555/893 980/1716/980 1014/1859/1014
f 912/1860/912 1046/1861/1046 915/1862/915
f 947/1863/947 1047/1864/1047 980/1865/980
f 1042/1843/1042 1048/1866/1048 1004/1844/1004
f 1048/1866/1048 1020/1847/1020 1004/1844/1004
f 1045/1867/1045 1030/1812/1030 950/1663/950
f 968/1734/968 1049/1868/1049 951/1735/951
f 1015/1869/1015 1024/1793/1024 952/1795/952
f 873/1514/873 951/1665/951 1050/1870/1050
f 1050/1870/1050 1051/1871/1051 873/1514/873
f 1014/1872/1014 1052/1873/1052 1016/1796/1016
f 1008/1852/1008 1053/1874/1053 1031/1814/1031
f 1007/1835/1007 1053/1874/1053 1008/1852/1008
f 990/1875/990 1054/1876/1054 955/1877/955
f 986/1726/986 1034/1823/1034 1044/1857/1044
f 1000/1752/1000 1055/1878/1055 987/1728/987
f 934/1628/934 996/1747/996 1026/1800/1026
f 926/1619/926 1045/1867/1045 950/1663/950
f 1006/1791/1006 1023/1790/1023 1040/1834/1040
f 1011/1765/1011 1049/1868/1049 968/1734/968
f 1056/1879/1056 1050/1880/1050 951/1881/951
f 1038/1832/1038 1055/1878/1055 1000/1752/1000
f 992/1794/992 1057/1882/1057 963/1816/963
f 1058/1883/1058 958/1884/958 1021/1855/1021
f 1059/1885/1059 1032/1854/1032 1022/1856/1022
f 1059/1885/1059 1022/1856/1022 1041/1840/1041
f 1060/1886/1060 1041/1840/1041 1037/1839/1037
f 1019/1781/1019 960/1682/960 1005/1758/1005
f 1061/1887/1061 1011/1765/1011 1040/1834/1040
f 1051/1888/1051 1015/1869/1015 873/1889/873
f 1062/1890/1062 1036/1829/1036 930/1624/930
f 966/1891/966 1042/1892/1042 995/1893/995
f 996/1894/996 989/1801/989 1039/1833/1039
f 1024/1793/1024 1015/1869/1015 1063/1895/1063
f 993/1896/993 1064/1897/1064 1001/1898/1001
f 922/1849/922 1047/1899/1047 947/1900/947
f 1007/1835/1007 1025/1797/1025 1065/1901/1065
f 907/1902/907 944/1903/944 1066/1904/1066
f 938/1820/938 1009/1819/1009 1067/1905/1067
f 1017/1906/1017 1068/1907/1068 969/1908/969
f 958/1676/958 1058/1909/1058 904/1677/904
f 1041/1840/1041 1060/1886/1060 1059/1885/1059
f 1019/1910/1019 1069/1911/1069 1037/1912/1037
f 999/1913/999 1070/1914/1070 1005/1915/1005
f 999/1913/999 1044/1916/1044 1070/1914/1070
f 975/1707/975 1071/1917/1071 1045/1858/1045
f 1023/1790/1023 1072/1918/1072 1040/1834/1040
f 951/1881/951 1049/1919/1049 1056/1879/1056
f 915/1862/915 1046/1861/1046 1073/1920/1073
f 1007/1835/1007 1065/1901/1065 1053/1874/1053
f 930/1770/930 1013/1769/1013 1062/1921/1062
f 985/1922/985 1074/1923/1074 966/1891/966
f 1019/1910/1019 1005/1915/1005 1075/1924/1075
f 1026/1925/1026 996/1894/996 1076/1926/1076
f 1077/1927/1077 1028/1806/1028 1030/1824/1030
f 980/1865/980 1078/1928/1078 1014/1929/1014
f 1024/1793/1024 1057/1882/1057 992/1794/992
f 963/1930/963 1046/1861/1046 912/1860/912
f 915/1862/915 1073/1920/1073 993/1896/993
f 1067/1905/1067 944/1931/944 938/1820/938
f 1079/1932/1079 1012/1933/1012 964/1826/964
f 1069/1911/1069 1019/1910/1019 1075/1924/1075
f 1080/1934/1080 1044/1935/1044 1034/1936/1034
f 1034/1936/1034 988/1937/988 1081/1938/1081
f 987/1799/987 1071/1917/1071 975/1707/975
f 1052/1939/1052 1014/1929/1014 1078/1928/1078
f 1025/1797/1025 1016/1796/1016 1082/1940/1082
f 994/1941/994 1083/1942/1083 965/1943/965
f 923/1809/923 1036/1944/1036 1029/1810/1029
f 1018/1945/1018 1074/1923/1074 985/1922/985
f 966/1891/966 1074/1923/1074 1042/1892/1042
f 1060/1886/1060 1037/1839/1037 1084/1946/1084
f 1085/1947/1085 1033/1848/1033 1020/1847/1020
f 1038/1948/1038 1033/1848/1033 1086/1949/1086
f 988/1950/988 1026/1925/1026 1087/1951/1087
f 1088/1952/1088 1071/1917/1071 987/1799/987
f 1030/1824/1030 1045/1953/1045 1089/1954/1089
f 976/1815/976 1031/1814/1031 1027/1955/1027
f 1028/1806/1028 1077/1927/1077 1023/1790/1023
f 984/1956/984 1090/1957/1090 983/1958/983
f 948/1959/948 1003/1960/1003 1091/1961/1091
f 969/1908/969 1068/1907/1068 990/1875/990
f 1089/1954/1089 1077/1927/1077 1030/1824/1030
f 1040/1834/1040 1092/1962/1092 1061/1887/1061
f 1047/1864/1047 1078/1928/1078 980/1865/980
f 937/1632/937 1090/1963/1090 984/1785/984
f 1036/1964/1036 1093/1965/1093 1029/1966/1029
f 1048/1866/1048 1085/1947/1085 1020/1847/1020
f 1016/1796/1016 1052/1873/1052 1082/1940/1082
f 937/1632/937 1002/1754/1002 1094/1967/1094
f 948/1968/948 1091/1969/1091 1009/1970/1009
f 1032/1854/1032 1095/1971/1095 1021/1855/1021
f 1055/1878/1055 1088/1972/1088 987/1728/987
f 1027/1955/1027 1031/1814/1031 1096/1973/1096
f 1049/1868/1049 1097/1974/1097 1056/1975/1056
f 1082/1940/1082 1065/1901/1065 1025/1797/1025
f 1013/1976/1013 965/1943/965 1083/1942/1083
f 990/1875/990 1068/1907/1068 1098/1977/1098
f 1059/1885/1059 1095/1971/1095 1032/1854/1032
f 1026/1925/1026 1076/1926/1076 1099/1978/1099
f 1089/1954/1089 1100/1979/1100 1077/1927/1077
f 1023/1790/1023 1077/1927/1077 1101/1980/1101
f 1065/1901/1065 1102/1981/1102 1053/1874/1053
f 983/1958/983 1103/1982/1103 994/1941/994
f 937/1632/937 1094/1967/1094 1090/1963/1090
f 907/1902/907 1066/1904/1066 1002/1983/1002
f 1012/1984/1012 1079/1985/1079 1003/1960/1003
f 996/1894/996 1039/1833/1039 1076/1926/1076
f 1045/1953/1045 1104/1986/1104 1089/1954/1089
f 922/1849/922 1043/1851/1043 1047/1899/1047
f 1031/1814/1031 1053/1874/1053 1105/1987/1105
f 1053/1874/1053 1102/1981/1102 1105/1987/1105
f 964/1826/964 1035/1828/1035 1079/1932/1079
f 1083/1942/1083 1106/1988/1106 1013/1976/1013
f 1054/1876/1054 1107/1989/1107 955/1877/955
f 1021/1855/1021 1095/1971/1095 1058/1883/1058
f 1037/1912/1037 1069/1911/1069 1084/1990/1084
f 1085/1947/1085 1086/1949/1086 1033/1848/1033
f 1005/1915/1005 1070/1914/1070 1075/1924/1075
f 1108/1991/1108 1088/1972/1088 1055/1878/1055
f 1011/1765/1011 1061/1887/1061 1049/1868/1049
f 1067/1905/1067 1109/1992/1109 944/1931/944
f 994/1941/994 1103/1982/1103 1083/1942/1083
f 990/1875/990 1098/1977/1098 1054/1876/1054
f 1074/1923/1074 1110/1993/1110 1042/1892/1042
f 1060/1886/1060 1111/1994/1111 1059/1885/1059
f 1060/1886/1060 1084/1946/1084 1111/1994/1111
f 1031/1814/1031 1105/1987/1105 1096/1973/1096
f 944/1903/944 1109/1995/1109 1066/1904/1066
f 1036/1964/1036 1062/1996/1062 1093/1965/1093
f 1107/1989/1107 1018/1945/1018 955/1877/955
f 1071/1997/1071 1112/1998/1112 1045/1953/1045
f 1023/1790/1023 1101/1980/1101 1072/1918/1072
f 1015/1869/1015 1113/1999/1113 1063/1895/1063
f 1024/1793/1024 1063/1895/1063 1114/2000/1114
f 1024/1793/1024 1114/2000/1114 1057/1882/1057
f 963/1816/963 1057/1882/1057 1115/2001/1115
f 1001/1850/1001 1116/2002/1116 1043/1851/1043
f 1065/1901/1065 1082/1940/1082 1102/1981/1102
f 1111/1994/1111 1095/1971/1095 1059/1885/1059
f 1070/2003/1070 1044/1935/1044 1080/1934/1080
f 1026/1925/1026 1099/1978/1099 1087/1951/1087
f 1117/2004/1117 1076/1926/1076 1039/1833/1039
f 1118/2005/1118 1052/1939/1052 1078/1928/1078
f 1113/1999/1113 1015/1869/1015 1051/1888/1051
f 1058/2006/1058 1035/1828/1035 904/1827/904
f 1018/1945/1018 1119/2007/1119 1074/1923/1074
f 1042/1843/1042 1120/2008/1120 1048/1866/1048
f 1076/1926/1076 1117/2004/1117 1099/1978/1099
f 1045/1953/1045 1112/1998/1112 1104/1986/1104
f 1100/1979/1100 1121/2009/1121 1077/1927/1077
f 1077/1927/1077 1121/2009/1121 1101/1980/1101
f 1040/1834/1040 1072/1918/1072 1092/1962/1092
f 1058/1883/1058 1095/1971/1095 1122/2010/1122
f 1088/2011/1088 1112/2012/1112 1071/2013/1071
f 1061/1887/1061 1097/1974/1097 1049/1868/1049
f 1082/1940/1082 1123/2014/1123 1102/1981/1102
f 1013/1976/1013 1124/2015/1124 1062/2016/1062
f 1013/1976/1013 1106/1988/1106 1124/2015/1124
f 1069/1911/1069 1125/2017/1125 1084/1990/1084
f 1038/1832/1038 1108/1991/1108 1055/1878/1055
f 1126/2018/1126 1096/1973/1096 1127/2019/1127
f 1127/2019/1127 1096/1973/1096 1105/1987/1105
f 1101/1980/1101 1128/2020/1128 1072/1918/1072
f 1129/2021/1129 1078/1928/1078 1047/1864/1047
f 1046/1861/1046 963/1930/963 1115/2022/1115
f 1130/2023/1130 1046/1861/1046 1115/2022/1115
f 1116/2002/1116 1001/1850/1001 1064/2024/1064
f 1120/2008/1120 1085/1947/1085 1048/1866/1048
f 988/1950/988 1087/1951/1087 1081/2025/1081
f 1027/1955/1027 1096/1973/1096 1126/2018/1126
f 1072/1918/1072 1128/2020/1128 1092/1962/1092
f 1061/1887/1061 1092/1962/1092 1131/2026/1131
f 1078/1928/1078 1132/2027/1132 1118/2005/1118
f 1056/2028/1056 1097/2029/1097 1133/2030/1133
f 983/1958/983 1090/1957/1090 1103/1982/1103
f 1119/2007/1119 1110/1993/1110 1074/1923/1074
f 1081/1938/1081 1080/1934/1080 1034/1936/1034
f 1128/2020/1128 1134/2031/1134 1092/1962/1092
f 1105/1987/1105 1102/1981/1102 1127/2019/1127
f 1051/1888/1051 1135/2032/1135 1113/1999/1113
f 1136/2033/1136 1123/2014/1123 1082/1940/1082
f 1002/1983/1002 1066/1904/1066 1137/2034/1137
f 1062/2035/1062 1124/2036/1124 1093/2037/1093
f 1070/1914/1070 1138/2038/1138 1075/1924/1075
f 1070/1914/1070 1139/2039/1139 1138/2038/1138
f 1070/2003/1070 1080/1934/1080 1139/2040/1139
f 1104/1986/1104 1100/1979/1100 1089/1954/1089
f 1101/1980/1101 1140/2041/1140 1128/2020/1128
f 1061/1887/1061 1131/2026/1131 1097/1974/1097
f 1141/2042/1141 1115/2001/1115 1057/1882/1057
f 993/1896/993 1073/1920/1073 1142/2043/1142
f 1068/1907/1068 1143/2044/1143 1098/1977/1098
f 1107/1989/1107 1119/2007/1119 1018/1945/1018
f 1111/1994/1111 1144/2045/1144 1095/1971/1095
f 1084/1946/1084 1145/2046/1145 1111/1994/1111
f 1110/1993/1110 1120/2047/1120 1042/1892/1042
f 1038/1948/1038 1086/1949/1086 1108/2048/1108
f 1099/1978/1099 1117/2004/1117 1146/2049/1146
f 1027/1803/1027 1126/2050/1126 1147/2051/1147
f 1073/1920/1073 1046/1861/1046 1148/2052/1148
f 1043/1851/1043 1129/2053/1129 1047/1899/1047
f 1082/1940/1082 1052/1873/1052 1136/2033/1136
f 1017/1811/1017 1029/1810/1029 1143/2054/1143
f 1093/2055/1093 1149/2056/1149 1029/2057/1029
f 1058/1883/1058 1122/2010/1122 1035/2058/1035
f 1069/1911/1069 1075/1924/1075 1125/2017/1125
f 1039/1833/1039 1027/1803/1027 1147/2051/1147
f 1129/2021/1129 1132/2027/1132 1078/1928/1078
f 1097/2059/1097 1150/2060/1150 1133/2061/1133
f 1050/2062/1050 1151/2063/1151 1051/2064/1051
f 993/1896/993 1142/2043/1142 1064/1897/1064
f 1002/1983/1002 1137/2034/1137 1094/2065/1094
f 1091/1961/1091 1067/2066/1067 1009/2067/1009
f 1084/1946/1084 1125/2068/1125 1145/2046/1145
f 1108/1991/1108 1152/2069/1152 1088/1972/1088
f 1152/2070/1152 1153/2071/1153 1088/2072/1088
f 1153/2073/1153 1112/2012/1112 1088/2011/1088
f 1117/2004/1117 1039/1833/1039 1154/2074/1154
f 1104/2075/1104 1155/2076/1155 1100/2077/1100
f 1039/1833/1039 1147/2051/1147 1154/2074/1154
f 1097/2059/1097 1131/2078/1131 1150/2060/1150
f 1118/2079/1118 1136/2033/1136 1052/1873/1052
f 1133/2061/1133 1156/2080/1156 1056/2081/1056
f 1114/2000/1114 1141/2042/1141 1057/1882/1057
f 1017/1906/1017 1143/2044/1143 1068/1907/1068
f 1075/1924/1075 1157/2082/1157 1125/2017/1125
f 1087/1951/1087 1099/1978/1099 1146/2049/1146
f 1121/2009/1121 1158/2083/1158 1101/1980/1101
f 1101/1980/1101 1158/2083/1158 1140/2041/1140
f 1092/1962/1092 1134/2031/1134 1131/2026/1131
f 1159/2084/1159 1160/2085/1160 1102/1981/1102
f 1127/2019/1127 1102/1981/1102 1160/2085/1160
f 1050/2086/1050 1156/2080/1156 1151/2087/1151
f 1073/1920/1073 1148/2052/1148 1142/2043/1142
f 1123/2014/1123 1159/2084/1159 1102/1981/1102
f 1143/2088/1143 1029/2057/1029 1161/2089/1161
f 1095/1971/1095 1162/2090/1162 1122/2010/1122
f 1095/1971/1095 1144/2045/1144 1162/2090/1162
f 1119/2007/1119 1163/2091/1163 1110/1993/1110
f 1111/1994/1111 1145/2046/1145 1144/2045/1144
f 1120/2008/1120 1164/2092/1164 1085/1947/1085
f 1085/1947/1085 1165/2093/1165 1086/1949/1086
f 1086/1949/1086 1166/2094/1166 1108/2048/1108
f 1051/2064/1051 1151/2063/1151 1135/2095/1135
f 1115/2022/1115 1167/2096/1167 1130/2023/1130
f 1035/1828/1035 1168/2097/1168 1079/1932/1079
f 1035/2058/1035 1122/2010/1122 1168/2098/1168
f 1139/2040/1139 1080/1934/1080 1169/2099/1169
f 1170/2100/1170 1155/2076/1155 1112/2012/1112
f 1112/2012/1112 1155/2076/1155 1104/2075/1104
f 1056/1879/1056 1156/2101/1156 1050/1880/1050
f 1114/2000/1114 1063/1895/1063 1171/2102/1171
f 1116/2002/1116 1172/2103/1172 1043/1851/1043
f 1122/2010/1122 1173/2104/1173 1168/2098/1168
f 1107/1989/1107 1054/1876/1054 1174/2105/1174
f 1144/2045/1144 1145/2046/1145 1175/2106/1175
f 1081/1938/1081 1087/2107/1087 1176/2108/1176
f 1043/1851/1043 1172/2103/1172 1129/2053/1129
f 1103/1982/1103 1177/2109/1177 1083/1942/1083
f 1107/2110/1107 1174/2111/1174 1178/2112/1178
f 1126/2050/1126 1179/2113/1179 1147/2051/1147
f 1100/1979/1100 1180/2114/1180 1121/2009/1121
f 1121/2115/1121 1180/2116/1180 1158/2117/1158
f 1126/2018/1126 1127/2019/1127 1181/2118/1181
f 1127/2019/1127 1160/2085/1160 1181/2118/1181
f 1046/1861/1046 1130/2023/1130 1148/2052/1148
f 1119/2007/1119 1107/1989/1107 1163/2091/1163
f 1145/2046/1145 1125/2068/1125 1175/2106/1175
f 1086/1949/1086 1165/2093/1165 1166/2094/1166
f 1100/2077/1100 1182/2119/1182 1180/2116/1180
f 1171/2102/1171 1183/2120/1183 1114/2000/1114
f 1075/1924/1075 1138/2038/1138 1157/2082/1157
f 1138/2038/1138 1139/2039/1139 1184/2121/1184
f 1139/2040/1139 1169/2099/1169 1184/2122/1184
f 1087/2123/1087 1146/2124/1146 1185/2125/1185
f 1117/2004/1117 1154/2074/1154 1146/2049/1146
f 1114/2000/1114 1183/2120/1183 1141/2042/1141
f 1123/2014/1123 1186/2126/1186 1159/2084/1159
f 1067/1905/1067 1187/2127/1187 1109/1992/1109
f 1029/2057/1029 1149/2056/1149 1161/2089/1161
f 1093/2055/1093 1188/2128/1188 1149/2056/1149
f 1054/1876/1054 1098/1977/1098 1174/2105/1174
f 1107/2110/1107 1178/2112/1178 1189/2129/1189
f 1125/2017/1125 1157/2082/1157 1175/2130/1175
f 1085/1947/1085 1164/2092/1164 1165/2093/1165
f 1081/1938/1081 1169/2099/1169 1080/1934/1080
f 1108/1991/1108 1190/2131/1190 1152/2069/1152
f 1091/1961/1091 1187/2132/1187 1067/2066/1067
f 1003/1960/1003 1191/2133/1191 1091/1961/1091
f 1107/1989/1107 1189/2134/1189 1163/2091/1163
f 1100/2077/1100 1155/2076/1155 1182/2119/1182
f 1180/2116/1180 1192/2135/1192 1158/2117/1158
f 1158/2117/1158 1192/2135/1192 1140/2136/1140
f 1090/1957/1090 1193/2137/1193 1103/1982/1103
f 1122/2010/1122 1194/2138/1194 1173/2104/1173
f 1081/1938/1081 1176/2108/1176 1169/2099/1169
f 1153/2073/1153 1170/2100/1170 1112/2012/1112
f 1147/2051/1147 1179/2113/1179 1154/2074/1154
f 1141/2042/1141 1167/2139/1167 1115/2001/1115
f 1122/2010/1122 1162/2090/1162 1194/2138/1194
f 1163/2140/1163 1195/2141/1195 1110/2142/1110
f 1087/2123/1087 1185/2125/1185 1196/2143/1196
f 1154/2144/1154 1197/2145/1197 1146/2124/1146
f 1113/1999/1113 1171/2102/1171 1063/1895/1063
f 1079/1985/1079 1191/2133/1191 1003/1960/1003
f 1149/2056/1149 1198/2146/1198 1161/2089/1161
f 1144/2045/1144 1199/2147/1199 1162/2090/1162
f 1138/2038/1138 1200/2148/1200 1157/2082/1157
f 1176/2108/1176 1087/2107/1087 1196/2149/1196
f 1189/2129/1189 1178/2112/1178 1201/2150/1201
f 1144/2045/1144 1202/2151/1202 1199/2147/1199
f 1129/2021/1129 1203/2152/1203 1132/2027/1132
f 1136/2033/1136 1186/2126/1186 1123/2014/1123
f 1136/2033/1136 1118/2079/1118 1186/2126/1186
f 1131/2078/1131 1204/2153/1204 1150/2060/1150
f 1066/1904/1066 1205/2154/1205 1137/2034/1137
f 1206/2155/1206 1093/2037/1093 1124/2036/1124
f 1157/2156/1157 1202/2151/1202 1175/2106/1175
f 1138/2038/1138 1184/2121/1184 1200/2148/1200
f 1154/2157/1154 1179/2158/1179 1207/2159/1207
f 1126/2018/1126 1181/2118/1181 1179/2160/1179
f 1183/2120/1183 1208/2161/1208 1141/2042/1141
f 1116/2002/1116 1209/2162/1209 1172/2103/1172
f 1141/2042/1141 1208/2161/1208 1167/2139/1167
f 1202/2151/1202 1144/2045/1144 1175/2106/1175
f 1182/2119/1182 1192/2135/1192 1180/2116/1180
f 1210/2163/1210 1140/2136/1140 1192/2135/1192
f 1211/2164/1211 1186/2126/1186 1118/2079/1118
f 1079/2165/1079 1168/2166/1168 1212/2167/1212
f 1143/2088/1143 1213/2168/1213 1098/2169/1098
f 1174/2111/1174 1098/2169/1098 1213/2168/1213
f 1195/2141/1195 1120/2170/1120 1110/2142/1110
f 1214/2171/1214 1155/2076/1155 1170/2100/1170
f 1140/2136/1140 1215/2172/1215 1128/2173/1128
f 1148/2052/1148 1130/2023/1130 1216/2174/1216
f 1177/2109/1177 1103/1982/1103 1217/2175/1217
f 1090/2176/1090 1094/2065/1094 1193/2177/1193
f 1165/2093/1165 1218/2178/1218 1166/2094/1166
f 1184/2122/1184 1169/2099/1169 1219/2179/1219
f 1154/2144/1154 1207/2180/1207 1197/2145/1197
f 1181/2181/1181 1160/2182/1160 1220/2183/1220
f 1210/2163/1210 1215/2172/1215 1140/2136/1140
f 1132/2027/1132 1221/2184/1221 1118/2005/1118
f 1128/2173/1128 1215/2172/1215 1134/2185/1134
f 1134/2185/1134 1204/2186/1204 1131/2187/1131
f 1064/2024/1064 1222/2188/1222 1116/2002/1116
f 1167/2096/1167 1223/2189/1223 1130/2023/1130
f 1106/1988/1106 1224/2190/1224 1124/2015/1124
f 1083/1942/1083 1177/2109/1177 1106/1988/1106
f 1189/2129/1189 1225/2191/1225 1163/2140/1163
f 1165/2192/1165 1164/2193/1164 1218/2194/1218
f 1155/2076/1155 1226/2195/1226 1182/2119/1182
f 1222/2188/1222 1209/2162/1209 1116/2002/1116
f 1066/1904/1066 1109/1995/1109 1205/2154/1205
f 1179/2158/1179 1181/2181/1181 1227/2196/1227
f 1212/2197/1212 1191/2133/1191 1079/1985/1079
f 1143/2088/1143 1161/2089/1161 1213/2168/1213
f 1199/2147/1199 1202/2151/1202 1228/2198/1228
f 1202/2151/1202 1157/2156/1157 1229/2199/1229
f 1230/2200/1230 1231/2201/1231 1166/2202/1166
f 1184/2203/1184 1219/2204/1219 1200/2205/1200
f 1231/2206/1231 1108/2048/1108 1166/2094/1166
f 1226/2195/1226 1232/2207/1232 1182/2119/1182
f 1118/2208/1118 1221/2209/1221 1211/2210/1211
f 1150/2060/1150 1233/2211/1233 1133/2061/1133
f 1113/1999/1113 1234/2212/1234 1171/2102/1171
f 1064/1897/1064 1142/2043/1142 1235/2213/1235
f 1064/2024/1064 1235/2214/1235 1222/2188/1222
f 1215/2172/1215 1204/2186/1204 1134/2185/1134
f 1093/2055/1093 1206/2215/1206 1188/2128/1188
f 1146/2124/1146 1197/2145/1197 1185/2125/1185
f 1232/2207/1232 1192/2135/1192 1182/2119/1182
f 1181/2181/1181 1220/2183/1220 1227/2196/1227
f 1210/2163/1210 1236/2216/1236 1215/2172/1215
f 1204/2153/1204 1237/2217/1237 1150/2060/1150
f 1172/2103/1172 1238/2218/1238 1129/2053/1129
f 1113/1999/1113 1135/2032/1135 1234/2212/1234
f 1224/2219/1224 1206/2155/1206 1124/2036/1124
f 1173/2220/1173 1194/2221/1194 1239/2222/1239
f 1240/2223/1240 1194/2221/1194 1162/2224/1162
f 1240/2225/1240 1162/2090/1162 1199/2147/1199
f 1241/2226/1241 1220/2183/1220 1160/2182/1160
f 1242/2227/1242 1204/2186/1204 1215/2172/1215
f 1094/2065/1094 1137/2034/1137 1193/2177/1193
f 1201/2150/1201 1225/2191/1225 1189/2129/1189
f 1202/2228/1202 1243/2229/1243 1228/2230/1228
f 1243/2229/1243 1202/2228/1202 1229/2231/1229
f 1218/2232/1218 1230/2200/1230 1166/2202/1166
f 1232/2207/1232 1210/2163/1210 1192/2135/1192
f 1186/2233/1186 1211/2210/1211 1159/2234/1159
f 1148/2052/1148 1235/2213/1235 1142/2043/1142
f 1156/2080/1156 1244/2235/1244 1151/2087/1151
f 1151/2087/1151 1245/2236/1245 1135/2237/1135
f 1199/2238/1199 1228/2230/1228 1240/2223/1240
f 1176/2108/1176 1246/2239/1246 1169/2099/1169
f 1108/2048/1108 1231/2206/1231 1190/2240/1190
f 1190/2241/1190 1153/2071/1153 1152/2070/1152
f 1214/2171/1214 1226/2195/1226 1155/2076/1155
f 1171/2102/1171 1234/2212/1234 1183/2120/1183
f 1193/2137/1193 1217/2175/1217 1103/1982/1103
f 1137/2034/1137 1205/2154/1205 1247/2242/1247
f 1109/1995/1109 1248/2243/1248 1205/2154/1205
f 1191/2133/1191 1249/2244/1249 1091/1961/1091
f 1195/2141/1195 1164/2245/1164 1120/2170/1120
f 1159/2234/1159 1241/2226/1241 1160/2182/1160
f 1129/2053/1129 1238/2218/1238 1203/2246/1203
f 1237/2217/1237 1233/2211/1233 1150/2060/1150
f 1244/2235/1244 1245/2236/1245 1151/2087/1151
f 1208/2161/1208 1223/2247/1223 1167/2139/1167
f 1168/2166/1168 1250/2248/1250 1212/2167/1212
f 1169/2099/1169 1246/2239/1246 1219/2179/1219
f 1207/2159/1207 1179/2158/1179 1251/2249/1251
f 1210/2163/1210 1232/2207/1232 1236/2216/1236
f 1215/2172/1215 1252/2250/1252 1242/2227/1242
f 1135/2237/1135 1245/2236/1245 1234/2251/1234
f 1109/1995/1109 1187/2252/1187 1248/2243/1248
f 1091/1961/1091 1253/2253/1253 1187/2132/1187
f 1240/2223/1240 1239/2222/1239 1194/2221/1194
f 1254/2254/1254 1178/2112/1178 1174/2111/1174
f 1229/2231/1229 1157/2255/1157 1255/2256/1255
f 1200/2205/1200 1219/2204/1219 1256/2257/1256
f 1185/2125/1185 1197/2145/1197 1257/2258/1257
f 1209/2162/1209 1258/2259/1258 1172/2103/1172
f 1236/2216/1236 1252/2250/1252 1215/2172/1215
f 1259/2260/1259 1244/2235/1244 1156/2080/1156
f 1193/2177/1193 1137/2034/1137 1247/2242/1247
f 1200/2148/1200 1255/2261/1255 1157/2082/1157
f 1200/2205/1200 1256/2257/1256 1255/2262/1255
f 1133/2061/1133 1259/2260/1259 1156/2080/1156
f 1173/2220/1173 1260/2263/1260 1168/2166/1168
f 1149/2056/1149 1188/2128/1188 1198/2146/1198
f 1173/2220/1173 1239/2222/1239 1260/2263/1260
f 1179/2158/1179 1227/2196/1227 1251/2249/1251
f 1211/2210/1211 1261/2264/1261 1159/2234/1159
f 1234/2212/1234 1262/2265/1262 1183/2120/1183
f 1208/2161/1208 1263/2266/1263 1223/2247/1223
f 1177/2109/1177 1264/2267/1264 1106/1988/1106
f 1187/2252/1187 1265/2268/1265 1248/2243/1248
f 1168/2166/1168 1260/2263/1260 1250/2248/1250
f 1161/2089/1161 1198/2146/1198 1266/2269/1266
f 1246/2239/1246 1176/2108/1176 1267/2270/1267
f 1227/2196/1227 1268/2271/1268 1251/2249/1251
f 1227/2196/1227 1220/2183/1220 1268/2271/1268
f 1159/2234/1159 1261/2264/1261 1241/2226/1241
f 1223/2189/1223 1269/2272/1269 1130/2023/1130
f 1161/2089/1161 1266/2269/1266 1213/2168/1213
f 1228/2230/1228 1243/2229/1243 1270/2273/1270
f 1197/2145/1197 1207/2180/1207 1271/2274/1271
f 1232/2207/1232 1272/2275/1272 1236/2216/1236
f 1203/2276/1203 1221/2277/1221 1132/2278/1132
f 1183/2120/1183 1262/2265/1262 1208/2161/1208
f 1269/2272/1269 1216/2174/1216 1130/2023/1130
f 1188/2128/1188 1206/2215/1206 1273/2279/1273
f 1177/2109/1177 1274/2280/1274 1264/2267/1264
f 1240/2223/1240 1228/2230/1228 1275/2281/1275
f 1225/2191/1225 1195/2141/1195 1163/2140/1163
f 1228/2230/1228 1270/2273/1270 1275/2281/1275
f 1153/2071/1153 1276/2282/1276 1170/2283/1170
f 1272/2284/1272 1277/2285/1277 1236/2286/1236
f 1172/2103/1172 1258/2259/1258 1238/2218/1238
f 1221/2209/1221 1278/2287/1278 1211/2210/1211
f 1233/2211/1233 1259/2260/1259 1133/2061/1133
f 1208/2161/1208 1262/2265/1262 1263/2266/1263
f 1177/2109/1177 1217/2175/1217 1274/2280/1274
f 1106/1988/1106 1264/2267/1264 1224/2190/1224
f 1270/2273/1270 1243/2229/1243 1229/2231/1229
f 1196/2149/1196 1267/2270/1267 1176/2108/1176
f 1196/2143/1196 1185/2125/1185 1279/2288/1279
f 1185/2125/1185 1257/2258/1257 1279/2288/1279
f 1197/2145/1197 1280/2289/1280 1257/2258/1257
f 1197/2145/1197 1271/2274/1271 1280/2289/1280
f 1258/2259/1258 1281/2290/1281 1238/2218/1238
f 1204/2291/1204 1282/2292/1282 1237/2293/1237
f 1193/2177/1193 1247/2242/1247 1283/2294/1283
f 1091/1961/1091 1249/2244/1249 1253/2253/1253
f 1236/2216/1236 1277/2295/1277 1252/2250/1252
f 1204/2291/1204 1242/2296/1242 1282/2292/1282
f 1174/2111/1174 1213/2168/1213 1254/2254/1254
f 1178/2112/1178 1254/2254/1254 1201/2150/1201
f 1240/2223/1240 1275/2281/1275 1239/2222/1239
f 1207/2159/1207 1251/2249/1251 1271/2297/1271
f 1226/2195/1226 1284/2298/1284 1232/2207/1232
f 1230/2200/1230 1285/2299/1285 1231/2201/1231
f 1148/2052/1148 1216/2174/1216 1286/2300/1286
f 1193/2137/1193 1283/2301/1283 1217/2175/1217
f 1266/2269/1266 1287/2302/1287 1213/2168/1213
f 1170/2100/1170 1288/2303/1288 1214/2171/1214
f 1214/2171/1214 1289/2304/1289 1226/2195/1226
f 1220/2183/1220 1290/2305/1290 1268/2271/1268
f 1252/2306/1252 1291/2307/1291 1242/2296/1242
f 1242/2296/1242 1291/2307/1291 1282/2292/1282
f 1233/2211/1233 1292/2308/1292 1259/2260/1259
f 1223/2247/1223 1263/2266/1263 1293/2309/1293
f 1224/2219/1224 1294/2310/1294 1206/2155/1206
f 1275/2281/1275 1295/2311/1295 1239/2222/1239
f 1256/2257/1256 1296/2312/1296 1255/2262/1255
f 1219/2204/1219 1297/2313/1297 1256/2257/1256
f 1219/2204/1219 1246/2314/1246 1298/2315/1298
f 1231/2201/1231 1285/2299/1285 1299/2316/1299
f 1211/2210/1211 1278/2287/1278 1261/2264/1261
f 1222/2188/1222 1300/2317/1300 1209/2162/1209
f 1209/2162/1209 1300/2317/1300 1258/2259/1258
f 1277/2285/1277 1301/2318/1301 1252/2306/1252
f 1234/2251/1234 1245/2236/1245 1302/2319/1302
f 1164/2193/1164 1303/2320/1303 1218/2194/1218
f 1219/2204/1219 1298/2315/1298 1297/2313/1297
f 1232/2321/1232 1284/2322/1284 1272/2284/1272
f 1220/2183/1220 1241/2226/1241 1290/2305/1290
f 1277/2285/1277 1272/2284/1272 1304/2323/1304
f 1203/2276/1203 1305/2324/1305 1221/2277/1221
f 1229/2231/1229 1255/2256/1255 1306/2325/1306
f 1246/2314/1246 1267/2326/1267 1298/2315/1298
f 1190/2241/1190 1276/2282/1276 1153/2071/1153
f 1170/2283/1170 1276/2282/1276 1288/2327/1288
f 1251/2249/1251 1268/2271/1268 1307/2328/1307
f 1268/2271/1268 1290/2305/1290 1307/2328/1307
f 1261/2264/1261 1290/2305/1290 1241/2226/1241
f 1238/2329/1238 1305/2324/1305 1203/2276/1203
f 1277/2285/1277 1304/2323/1304 1301/2318/1301
f 1148/2052/1148 1286/2300/1286 1235/2213/1235
f 1252/2306/1252 1301/2318/1301 1291/2307/1291
f 1291/2307/1291 1308/2330/1308 1282/2292/1282
f 1187/2132/1187 1253/2253/1253 1265/2331/1265
f 1295/2311/1295 1275/2281/1275 1309/2332/1309
f 1275/2281/1275 1270/2273/1270 1309/2332/1309
f 1229/2231/1229 1306/2325/1306 1270/2273/1270
f 1303/2333/1303 1230/2200/1230 1218/2232/1218
f 1249/2244/1249 1191/2133/1191 1310/2334/1310
f 1201/2150/1201 1311/2335/1311 1225/2191/1225
f 1195/2336/1195 1303/2320/1303 1164/2193/1164
f 1196/2149/1196 1279/2337/1279 1267/2270/1267
f 1288/2338/1288 1289/2339/1289 1214/2340/1214
f 1289/2341/1289 1312/2342/1312 1226/2343/1226
f 1251/2249/1251 1307/2328/1307 1313/2344/1313
f 1237/2293/1237 1314/2345/1314 1233/2346/1233
f 1293/2309/1293 1269/2347/1269 1223/2247/1223
f 1224/2219/1224 1264/2348/1264 1315/2349/1315
f 1191/2133/1191 1212/2197/1212 1310/2334/1310
f 1188/2128/1188 1316/2350/1316 1198/2146/1198
f 1254/2254/1254 1311/2335/1311 1201/2150/1201
f 1267/2270/1267 1279/2337/1279 1317/2351/1317
f 1279/2288/1279 1257/2258/1257 1318/2352/1318
f 1276/2353/1276 1319/2354/1319 1288/2355/1288
f 1278/2287/1278 1320/2356/1320 1261/2264/1261
f 1222/2188/1222 1235/2214/1235 1321/2357/1321
f 1301/2318/1301 1322/2358/1322 1291/2307/1291
f 1263/2266/1263 1262/2265/1262 1323/2359/1323
f 1323/2359/1323 1293/2309/1293 1263/2266/1263
f 1195/2360/1195 1324/2361/1324 1303/2362/1303
f 1306/2363/1306 1255/2262/1255 1296/2312/1296
f 1299/2316/1299 1190/2364/1190 1231/2201/1231
f 1312/2342/1312 1284/2322/1284 1226/2343/1226
f 1284/2322/1284 1325/2365/1325 1272/2284/1272
f 1238/2218/1238 1281/2290/1281 1305/2366/1305
f 1221/2277/1221 1326/2367/1326 1278/2368/1278
f 1237/2293/1237 1282/2292/1282 1314/2345/1314
f 1269/2272/1269 1327/2369/1327 1216/2174/1216
f 1188/2128/1188 1273/2279/1273 1316/2350/1316
f 1213/2168/1213 1328/2370/1328 1254/2254/1254
f 1225/2371/1225 1311/2372/1311 1329/2373/1329
f 1298/2315/1298 1267/2326/1267 1330/2374/1330
f 1267/2326/1267 1317/2375/1317 1330/2374/1330
f 1190/2241/1190 1299/2376/1299 1276/2282/1276
f 1271/2297/1271 1251/2249/1251 1313/2344/1313
f 1272/2284/1272 1325/2365/1325 1304/2323/1304
f 1245/2236/1245 1244/2235/1244 1331/2377/1331
f 1213/2168/1213 1287/2302/1287 1328/2370/1328
f 1256/2257/1256 1297/2313/1297 1296/2312/1296
f 1312/2342/1312 1332/2378/1332 1284/2322/1284
f 1290/2305/1290 1333/2379/1333 1307/2328/1307
f 1291/2307/1291 1322/2358/1322 1308/2330/1308
f 1234/2251/1234 1302/2319/1302 1262/2380/1262
f 1254/2381/1254 1328/2382/1328 1334/2383/1334
f 1254/2381/1254 1334/2383/1334 1311/2372/1311
f 1225/2191/1225 1329/2384/1329 1195/2141/1195
f 1195/2360/1195 1329/2373/1329 1324/2361/1324
f 1307/2328/1307 1335/2385/1335 1313/2344/1313
f 1221/2277/1221 1305/2324/1305 1326/2367/1326
f 1235/2213/1235 1286/2300/1286 1336/2386/1336
f 1235/2214/1235 1336/2387/1336 1321/2357/1321
f 1239/2222/1239 1295/2311/1295 1337/2388/1337
f 1278/2368/1278 1326/2367/1326 1338/2389/1338
f 1259/2260/1259 1292/2308/1292 1244/2235/1244
f 1265/2268/1265 1339/2390/1339 1248/2243/1248
f 1270/2273/1270 1306/2325/1306 1340/2391/1340
f 1298/2315/1298 1330/2374/1330 1341/2392/1341
f 1257/2258/1257 1280/2289/1280 1318/2352/1318
f 1271/2297/1271 1313/2344/1313 1342/2393/1342
f 1290/2305/1290 1261/2264/1261 1333/2379/1333
f 1325/2365/1325 1343/2394/1343 1304/2323/1304
f 1304/2323/1304 1343/2394/1343 1301/2318/1301
f 1314/2395/1314 1292/2308/1292 1233/2211/1233
f 1273/2396/1273 1206/2155/1206 1294/2310/1294
f 1344/2397/1344 1247/2242/1247 1205/2154/1205
f 1345/2398/1345 1253/2253/1253 1249/2244/1249
f 1346/2399/1346 1266/2269/1266 1198/2146/1198
f 1347/2400/1347 1329/2373/1329 1311/2372/1311
f 1303/2333/1303 1348/2401/1348 1230/2200/1230
f 1297/2313/1297 1298/2315/1298 1341/2392/1341
f 1335/2385/1335 1307/2328/1307 1333/2379/1333
f 1333/2379/1333 1261/2264/1261 1349/2402/1349
f 1338/2403/1338 1320/2356/1320 1278/2287/1278
f 1302/2319/1302 1323/2404/1323 1262/2380/1262
f 1293/2309/1293 1350/2405/1350 1269/2347/1269
f 1270/2273/1270 1340/2391/1340 1309/2332/1309
f 1301/2318/1301 1343/2394/1343 1322/2358/1322
f 1282/2292/1282 1351/2406/1351 1314/2345/1314
f 1222/2188/1222 1321/2357/1321 1300/2317/1300
f 1216/2174/1216 1327/2369/1327 1286/2300/1286
f 1316/2350/1316 1346/2399/1346 1198/2146/1198
f 1285/2299/1285 1352/2407/1352 1299/2316/1299
f 1261/2264/1261 1320/2356/1320 1349/2402/1349
f 1283/2301/1283 1353/2408/1353 1217/2175/1217
f 1247/2242/1247 1344/2397/1344 1283/2294/1283
f 1265/2331/1265 1354/2409/1354 1339/2410/1339
f 1311/2372/1311 1334/2383/1334 1347/2400/1347
f 1318/2352/1318 1280/2289/1280 1355/2411/1355
f 1284/2322/1284 1332/2378/1332 1325/2365/1325
f 1265/2331/1265 1253/2253/1253 1354/2409/1354
f 1250/2248/1250 1356/2412/1356 1212/2167/1212
f 1260/2263/1260 1357/2413/1357 1250/2248/1250
f 1230/2200/1230 1348/2401/1348 1285/2299/1285
f 1279/2288/1279 1318/2352/1318 1358/2414/1358
f 1289/2341/1289 1359/2415/1359 1312/2342/1312
f 1224/2219/1224 1315/2349/1315 1294/2310/1294
f 1295/2311/1295 1309/2332/1309 1360/2416/1360
f 1324/2361/1324 1329/2373/1329 1361/2417/1361
f 1306/2325/1306 1362/2418/1362 1340/2391/1340
f 1306/2363/1306 1296/2312/1296 1362/2419/1362
f 1271/2274/1271 1355/2411/1355 1280/2289/1280
f 1312/2342/1312 1363/2420/1363 1332/2378/1332
f 1313/2344/1313 1335/2385/1335 1364/2421/1364
f 1308/2330/1308 1365/2422/1365 1351/2406/1351
f 1308/2330/1308 1351/2406/1351 1282/2292/1282
f 1212/2197/1212 1356/2423/1356 1310/2334/1310
f 1328/2382/1328 1287/2424/1287 1366/2425/1366
f 1313/2344/1313 1364/2421/1364 1342/2393/1342
f 1333/2379/1333 1349/2402/1349 1335/2385/1335
f 1300/2317/1300 1367/2426/1367 1258/2259/1258
f 1308/2330/1308 1322/2358/1322 1365/2422/1365
f 1310/2334/1310 1345/2398/1345 1249/2244/1249
f 1239/2222/1239 1337/2388/1337 1260/2263/1260
f 1295/2311/1295 1360/2416/1360 1337/2388/1337
f 1360/2416/1360 1309/2332/1309 1368/2427/1368
f 1296/2312/1296 1297/2313/1297 1369/2428/1369
f 1297/2313/1297 1341/2392/1341 1369/2428/1369
f 1370/2429/1370 1276/2282/1276 1299/2376/1299
f 1317/2430/1317 1279/2431/1279 1358/2432/1358
f 1312/2433/1312 1359/2434/1359 1371/2435/1371
f 1371/2435/1371 1363/2436/1363 1312/2433/1312
f 1258/2259/1258 1367/2426/1367 1281/2290/1281
f 1250/2248/1250 1357/2413/1357 1356/2412/1356
f 1328/2382/1328 1372/2437/1372 1334/2383/1334
f 1296/2312/1296 1369/2428/1369 1362/2419/1362
f 1285/2299/1285 1373/2438/1373 1352/2407/1352
f 1341/2392/1341 1330/2374/1330 1374/2439/1374
f 1330/2374/1330 1317/2375/1317 1374/2439/1374
f 1319/2354/1319 1375/2440/1375 1288/2355/1288
f 1349/2402/1349 1376/2441/1376 1335/2385/1335
f 1281/2290/1281 1377/2442/1377 1305/2366/1305
f 1269/2272/1269 1350/2443/1350 1327/2369/1327
f 1217/2175/1217 1378/2444/1378 1274/2280/1274
f 1205/2154/1205 1379/2445/1379 1344/2397/1344
f 1205/2154/1205 1248/2243/1248 1379/2445/1379
f 1287/2424/1287 1266/2446/1266 1380/2447/1380
f 1334/2383/1334 1381/2448/1381 1347/2400/1347
f 1340/2449/1340 1362/2419/1362 1382/2450/1382
f 1303/2362/1303 1383/2451/1383 1348/2452/1348
f 1352/2407/1352 1370/2453/1370 1299/2316/1299
f 1355/2411/1355 1271/2274/1271 1342/2454/1342
f 1325/2365/1325 1332/2378/1332 1384/2455/1384
f 1325/2365/1325 1384/2455/1384 1343/2394/1343
f 1346/2456/1346 1385/2457/1385 1266/2446/1266
f 1334/2383/1334 1372/2437/1372 1381/2448/1381
f 1309/2332/1309 1340/2391/1340 1368/2427/1368
f 1370/2458/1370 1319/2354/1319 1276/2353/1276
f 1343/2459/1343 1386/2460/1386 1322/2461/1322
f 1328/2382/1328 1366/2425/1366 1372/2437/1372
f 1303/2362/1303 1324/2361/1324 1383/2451/1383
f 1318/2462/1318 1355/2463/1355 1387/2464/1387
f 1322/2461/1322 1386/2460/1386 1365/2465/1365
f 1300/2317/1300 1388/2466/1388 1367/2426/1367
f 1389/2467/1389 1244/2235/1244 1292/2308/1292
f 1245/2236/1245 1331/2377/1331 1302/2319/1302
f 1302/2319/1302 1390/2468/1390 1323/2404/1323
f 1350/2443/1350 1391/2469/1391 1327/2369/1327
f 1253/2253/1253 1345/2398/1345 1354/2409/1354
f 1360/2416/1360 1368/2427/1368 1392/2470/1392
f 1319/2354/1319 1393/2471/1393 1375/2440/1375
f 1342/2472/1342 1364/2473/1364 1394/2474/1394
f 1320/2475/1320 1395/2476/1395 1396/2477/1396
f 1320/2356/1320 1396/2478/1396 1349/2402/1349
f 1338/2403/1338 1395/2479/1395 1320/2356/1320
f 1314/2395/1314 1397/2480/1397 1292/2308/1292
f 1321/2357/1321 1388/2466/1388 1300/2317/1300
f 1327/2369/1327 1398/2481/1398 1286/2300/1286
f 1217/2175/1217 1353/2408/1353 1378/2444/1378
f 1266/2446/1266 1385/2457/1385 1380/2447/1380
f 1260/2263/1260 1337/2388/1337 1357/2413/1357
f 1340/2391/1340 1382/2482/1382 1368/2427/1368
f 1362/2419/1362 1399/2483/1399 1382/2450/1382
f 1341/2392/1341 1374/2439/1374 1400/2484/1400
f 1335/2385/1335 1376/2441/1376 1364/2421/1364
f 1363/2436/1363 1384/2485/1384 1332/2486/1332
f 1401/2487/1401 1293/2309/1293 1323/2359/1323
f 1378/2444/1378 1264/2267/1264 1274/2280/1274
f 1359/2488/1359 1289/2489/1289 1288/2490/1288
f 1402/2491/1402 1384/2485/1384 1363/2436/1363
f 1403/2492/1403 1338/2389/1338 1326/2367/1326
f 1384/2485/1384 1386/2460/1386 1343/2459/1343
f 1351/2493/1351 1404/2494/1404 1314/2495/1314
f 1293/2309/1293 1401/2487/1401 1350/2405/1350
f 1283/2301/1283 1405/2496/1405 1353/2408/1353
f 1337/2388/1337 1360/2416/1360 1392/2470/1392
f 1329/2373/1329 1406/2497/1406 1361/2417/1361
f 1370/2458/1370 1407/2498/1407 1319/2354/1319
f 1358/2499/1358 1318/2462/1318 1387/2464/1387
f 1305/2324/1305 1377/2500/1377 1326/2367/1326
f 1286/2300/1286 1398/2481/1398 1336/2386/1336
f 1336/2387/1336 1408/2501/1408 1321/2357/1321
f 1292/2308/1292 1397/2480/1397 1409/2502/1409
f 1316/2350/1316 1273/2279/1273 1410/2503/1410
f 1361/2417/1361 1383/2451/1383 1324/2361/1324
f 1348/2401/1348 1373/2438/1373 1285/2299/1285
f 1369/2428/1369 1341/2392/1341 1411/2504/1411
f 1341/2392/1341 1400/2484/1400 1411/2504/1411
f 1407/2498/1407 1412/2505/1412 1319/2354/1319
f 1319/2354/1319 1412/2505/1412 1393/2471/1393
f 1288/2490/1288 1375/2506/1375 1359/2488/1359
f 1364/2473/1364 1376/2507/1376 1394/2474/1394
f 1376/2507/1376 1349/2508/1349 1413/2509/1413
f 1281/2290/1281 1367/2426/1367 1414/2510/1414
f 1316/2350/1316 1410/2503/1410 1346/2399/1346
f 1347/2400/1347 1406/2497/1406 1329/2373/1329
f 1362/2419/1362 1369/2428/1369 1415/2511/1415
f 1369/2512/1369 1411/2513/1411 1415/2514/1415
f 1412/2505/1412 1416/2515/1416 1393/2471/1393
f 1359/2488/1359 1417/2516/1417 1371/2517/1371
f 1396/2477/1396 1418/2518/1418 1349/2508/1349
f 1403/2519/1403 1395/2520/1395 1338/2521/1338
f 1321/2357/1321 1408/2501/1408 1388/2466/1388
f 1244/2235/1244 1389/2467/1389 1419/2522/1419
f 1350/2443/1350 1420/2523/1420 1391/2469/1391
f 1283/2294/1283 1421/2524/1421 1405/2525/1405
f 1362/2419/1362 1415/2511/1415 1399/2483/1399
f 1352/2526/1352 1422/2527/1422 1370/2458/1370
f 1407/2498/1407 1423/2528/1423 1412/2505/1412
f 1424/2529/1424 1412/2505/1412 1423/2528/1423
f 1376/2507/1376 1413/2509/1413 1394/2474/1394
f 1349/2508/1349 1418/2518/1418 1413/2509/1413
f 1395/2476/1395 1425/2530/1425 1396/2477/1396
f 1384/2485/1384 1426/2531/1426 1386/2460/1386
f 1365/2465/1365 1386/2460/1386 1427/2532/1427
f 1377/2533/1377 1403/2519/1403 1326/2534/1326
f 1314/2495/1314 1404/2494/1404 1397/2535/1397
f 1327/2369/1327 1391/2469/1391 1398/2481/1398
f 1337/2388/1337 1392/2470/1392 1357/2413/1357
f 1423/2528/1423 1428/2536/1428 1424/2529/1424
f 1412/2505/1412 1424/2529/1424 1416/2515/1416
f 1393/2471/1393 1416/2515/1416 1429/2537/1429
f 1393/2471/1393 1429/2537/1429 1430/2538/1430
f 1393/2539/1393 1430/2540/1430 1375/2541/1375
f 1396/2477/1396 1431/2542/1431 1418/2518/1418
f 1344/2397/1344 1421/2524/1421 1283/2294/1283
f 1347/2400/1347 1381/2448/1381 1432/2543/1432
f 1392/2544/1392 1368/2545/1368 1433/2546/1433
f 1347/2400/1347 1432/2543/1432 1406/2497/1406
f 1382/2547/1382 1399/2548/1399 1434/2549/1434
f 1370/2458/1370 1435/2550/1435 1407/2498/1407
f 1427/2532/1427 1386/2460/1386 1436/2551/1436
f 1388/2552/1388 1437/2553/1437 1367/2554/1367
f 1331/2377/1331 1438/2555/1438 1302/2319/1302
f 1302/2556/1302 1438/2557/1438 1439/2558/1439
f 1302/2556/1302 1439/2558/1439 1390/2559/1390
f 1315/2349/1315 1440/2560/1440 1294/2310/1294
f 1248/2243/1248 1339/2390/1339 1379/2445/1379
f 1264/2348/1264 1441/2561/1441 1315/2349/1315
f 1382/2482/1382 1434/2562/1434 1368/2427/1368
f 1374/2563/1374 1317/2564/1317 1442/2565/1442
f 1317/2564/1317 1358/2566/1358 1442/2565/1442
f 1407/2498/1407 1435/2550/1435 1423/2528/1423
f 1416/2515/1416 1424/2529/1424 1429/2537/1429
f 1342/2472/1342 1443/2567/1443 1355/2463/1355
f 1363/2436/1363 1371/2435/1371 1402/2491/1402
f 1418/2518/1418 1431/2542/1431 1444/2568/1444
f 1396/2477/1396 1425/2530/1425 1431/2542/1431
f 1351/2493/1351 1365/2465/1365 1427/2532/1427
f 1323/2569/1323 1390/2570/1390 1401/2571/1401
f 1287/2424/1287 1380/2447/1380 1366/2425/1366
f 1424/2529/1424 1445/2572/1445 1429/2537/1429
f 1342/2472/1342 1394/2474/1394 1446/2573/1446
f 1413/2509/1413 1447/2574/1447 1394/2474/1394
f 1418/2518/1418 1444/2568/1444 1413/2509/1413
f 1386/2460/1386 1426/2531/1426 1448/2575/1448
f 1427/2532/1427 1449/2576/1449 1351/2493/1351
f 1264/2348/1264 1378/2577/1378 1441/2561/1441
f 1433/2546/1433 1368/2545/1368 1434/2549/1434
f 1373/2438/1373 1450/2578/1450 1352/2407/1352
f 1400/2579/1400 1374/2580/1374 1451/2581/1451
f 1370/2458/1370 1452/2582/1452 1435/2550/1435
f 1430/2540/1430 1429/2583/1429 1453/2584/1453
f 1453/2584/1453 1375/2541/1375 1430/2540/1430
f 1454/2585/1454 1417/2516/1417 1359/2488/1359
f 1384/2485/1384 1402/2491/1402 1426/2531/1426
f 1292/2308/1292 1409/2502/1409 1389/2467/1389
f 1391/2586/1391 1455/2587/1455 1398/2588/1398
f 1244/2235/1244 1419/2522/1419 1331/2377/1331
f 1456/2589/1456 1440/2560/1440 1315/2349/1315
f 1457/2590/1457 1428/2536/1428 1423/2528/1423
f 1435/2550/1435 1457/2590/1457 1423/2528/1423
f 1428/2536/1428 1445/2572/1445 1424/2529/1424
f 1458/2591/1458 1453/2584/1453 1429/2583/1429
f 1443/2567/1443 1342/2472/1342 1459/2592/1459
f 1447/2574/1447 1413/2509/1413 1444/2568/1444
f 1448/2575/1448 1436/2551/1436 1386/2460/1386
f 1357/2593/1357 1460/2594/1460 1356/2595/1356
f 1357/2593/1357 1392/2596/1392 1461/2597/1461
f 1361/2598/1361 1462/2599/1462 1383/2600/1383
f 1374/2563/1374 1442/2565/1442 1451/2601/1451
f 1422/2527/1422 1452/2582/1452 1370/2458/1370
f 1428/2536/1428 1463/2602/1463 1445/2572/1445
f 1463/2602/1463 1464/2603/1464 1445/2572/1445
f 1445/2604/1445 1464/2605/1464 1429/2583/1429
f 1387/2464/1387 1355/2463/1355 1443/2567/1443
f 1453/2606/1453 1359/2488/1359 1375/2506/1375
f 1453/2606/1453 1454/2585/1454 1359/2488/1359
f 1443/2567/1443 1459/2592/1459 1465/2607/1465
f 1446/2573/1446 1394/2474/1394 1447/2574/1447
f 1408/2608/1408 1466/2609/1466 1388/2610/1388
f 1351/2493/1351 1449/2576/1449 1404/2494/1404
f 1467/2611/1467 1401/2571/1401 1390/2570/1390
f 1401/2571/1401 1468/2612/1468 1350/2613/1350
f 1345/2614/1345 1469/2615/1469 1354/2616/1354
f 1383/2600/1383 1470/2617/1470 1348/2618/1348
f 1358/2566/1358 1387/2619/1387 1471/2620/1471
f 1457/2590/1457 1463/2602/1463 1428/2536/1428
f 1464/2605/1464 1458/2591/1458 1429/2583/1429
f 1342/2472/1342 1446/2573/1446 1459/2592/1459
f 1350/2613/1350 1468/2612/1468 1420/2621/1420
f 1294/2310/1294 1440/2560/1440 1273/2396/1273
f 1399/2548/1399 1472/2622/1472 1434/2549/1434
f 1399/2548/1399 1415/2514/1415 1472/2622/1472
f 1470/2623/1470 1373/2438/1373 1348/2401/1348
f 1435/2550/1435 1473/2624/1473 1457/2590/1457
f 1474/2625/1474 1463/2602/1463 1473/2624/1473
f 1473/2624/1473 1463/2602/1463 1457/2590/1457
f 1437/2553/1437 1414/2626/1414 1367/2554/1367
f 1475/2627/1475 1310/2628/1310 1356/2595/1356
f 1433/2546/1433 1434/2549/1434 1476/2629/1476
f 1415/2514/1415 1411/2513/1411 1477/2630/1477
f 1411/2513/1411 1400/2579/1400 1478/2631/1478
f 1479/2632/1479 1474/2625/1474 1473/2624/1473
f 1463/2602/1463 1474/2625/1474 1464/2603/1464
f 1464/2605/1464 1474/2633/1474 1458/2591/1458
f 1458/2591/1458 1480/2634/1480 1453/2584/1453
f 1459/2592/1459 1446/2573/1446 1481/2635/1481
f 1371/2435/1371 1482/2636/1482 1402/2491/1402
f 1447/2574/1447 1444/2568/1444 1483/2637/1483
f 1402/2491/1402 1484/2638/1484 1426/2531/1426
f 1425/2639/1425 1485/2640/1485 1431/2641/1431
f 1403/2519/1403 1486/2642/1486 1395/2520/1395
f 1425/2639/1425 1395/2520/1395 1486/2642/1486
f 1487/2643/1487 1438/2557/1438 1331/2644/1331
f 1273/2396/1273 1440/2560/1440 1410/2645/1410
f 1310/2334/1310 1488/2646/1488 1345/2398/1345
f 1385/2647/1385 1489/2648/1489 1380/2649/1380
f 1472/2622/1472 1415/2514/1415 1490/2650/1490
f 1415/2514/1415 1477/2630/1477 1490/2650/1490
f 1452/2582/1452 1473/2624/1473 1435/2550/1435
f 1474/2633/1474 1491/2651/1491 1458/2591/1458
f 1446/2573/1446 1483/2637/1483 1481/2635/1481
f 1446/2573/1446 1447/2574/1447 1483/2637/1483
f 1425/2639/1425 1486/2642/1486 1492/2652/1492
f 1484/2638/1484 1448/2575/1448 1426/2531/1426
f 1414/2626/1414 1377/2533/1377 1281/2653/1281
f 1398/2588/1398 1493/2654/1493 1336/2655/1336
f 1357/2593/1357 1461/2597/1461 1460/2594/1460
f 1392/2596/1392 1476/2656/1476 1461/2597/1461
f 1433/2657/1433 1476/2656/1476 1392/2596/1392
f 1434/2549/1434 1494/2658/1494 1476/2629/1476
f 1462/2599/1462 1470/2617/1470 1383/2600/1383
f 1411/2513/1411 1478/2631/1478 1477/2630/1477
f 1479/2632/1479 1491/2659/1491 1474/2625/1474
f 1444/2568/1444 1495/2660/1495 1483/2637/1483
f 1436/2551/1436 1496/2661/1496 1427/2532/1427
f 1410/2662/1410 1385/2663/1385 1346/2664/1346
f 1379/2445/1379 1339/2390/1339 1497/2665/1497
f 1469/2666/1469 1498/2667/1498 1354/2668/1354
f 1434/2549/1434 1472/2622/1472 1499/2669/1499
f 1400/2579/1400 1451/2581/1451 1478/2631/1478
f 1422/2670/1422 1352/2407/1352 1450/2578/1450
f 1442/2565/1442 1358/2566/1358 1471/2620/1471
f 1480/2634/1480 1458/2591/1458 1491/2651/1491
f 1482/2636/1482 1484/2638/1484 1402/2491/1402
f 1444/2671/1444 1431/2641/1431 1485/2640/1485
f 1500/2672/1500 1436/2551/1436 1448/2575/1448
f 1452/2582/1452 1501/2673/1501 1473/2624/1473
f 1473/2624/1473 1501/2673/1501 1479/2632/1479
f 1479/2632/1479 1502/2674/1502 1491/2659/1491
f 1480/2634/1480 1454/2675/1454 1453/2584/1453
f 1484/2638/1484 1500/2672/1500 1448/2575/1448
f 1414/2626/1414 1503/2676/1503 1377/2533/1377
f 1389/2677/1389 1504/2678/1504 1419/2679/1419
f 1344/2397/1344 1379/2445/1379 1505/2680/1505
f 1353/2681/1353 1441/2561/1441 1378/2577/1378
f 1434/2549/1434 1499/2669/1499 1494/2658/1494
f 1452/2582/1452 1506/2682/1506 1501/2673/1501
f 1501/2673/1501 1502/2674/1502 1479/2632/1479
f 1491/2651/1491 1507/2683/1507 1480/2634/1480
f 1480/2634/1480 1507/2683/1507 1508/2684/1508
f 1480/2634/1480 1508/2684/1508 1454/2675/1454
f 1508/2684/1508 1417/2685/1417 1454/2675/1454
f 1388/2610/1388 1466/2609/1466 1437/2686/1437
f 1398/2588/1398 1455/2587/1455 1493/2654/1493
f 1409/2687/1409 1504/2678/1504 1389/2677/1389
f 1354/2409/1354 1497/2688/1497 1339/2410/1339
f 1509/2689/1509 1381/2690/1381 1372/2691/1372
f 1461/2692/1461 1476/2693/1476 1510/2694/1510
f 1510/2694/1510 1476/2693/1476 1494/2695/1494
f 1472/2622/1472 1490/2650/1490 1499/2669/1499
f 1450/2578/1450 1373/2438/1373 1470/2623/1470
f 1511/2696/1511 1491/2651/1491 1502/2697/1502
f 1511/2696/1511 1507/2683/1507 1491/2651/1491
f 1512/2698/1512 1482/2636/1482 1371/2435/1371
f 1495/2699/1495 1444/2671/1444 1485/2640/1485
f 1513/2700/1513 1377/2533/1377 1503/2676/1503
f 1496/2661/1496 1436/2551/1436 1500/2672/1500
f 1514/2701/1514 1366/2702/1366 1380/2649/1380
f 1501/2673/1501 1506/2682/1506 1502/2674/1502
f 1507/2683/1507 1515/2703/1515 1508/2684/1508
f 1459/2592/1459 1481/2635/1481 1516/2704/1516
f 1481/2635/1481 1483/2637/1483 1517/2705/1517
f 1517/2705/1517 1483/2637/1483 1495/2660/1495
f 1425/2639/1425 1492/2652/1492 1485/2640/1485
f 1336/2655/1336 1518/2706/1518 1408/2608/1408
f 1493/2654/1493 1518/2706/1518 1336/2655/1336
f 1439/2707/1439 1467/2611/1467 1390/2570/1390
f 1344/2397/1344 1505/2680/1505 1421/2524/1421
f 1345/2614/1345 1488/2708/1488 1469/2615/1469
f 1406/2709/1406 1519/2710/1519 1361/2598/1361
f 1462/2599/1462 1520/2711/1520 1470/2617/1470
f 1506/2682/1506 1521/2712/1521 1502/2674/1502
f 1521/2713/1521 1511/2696/1511 1502/2697/1502
f 1511/2696/1511 1515/2703/1515 1507/2683/1507
f 1443/2567/1443 1522/2714/1522 1387/2464/1387
f 1523/2715/1523 1371/2716/1371 1417/2717/1417
f 1482/2636/1482 1524/2718/1524 1484/2638/1484
f 1492/2652/1492 1525/2719/1525 1485/2640/1485
f 1408/2608/1408 1518/2706/1518 1466/2609/1466
f 1377/2533/1377 1513/2700/1513 1403/2519/1403
f 1484/2638/1484 1524/2718/1524 1500/2672/1500
f 1354/2668/1354 1498/2667/1498 1497/2720/1497
f 1366/2702/1366 1514/2701/1514 1526/2721/1526
f 1406/2709/1406 1432/2722/1432 1527/2723/1527
f 1450/2578/1450 1528/2724/1528 1422/2670/1422
f 1521/2713/1521 1529/2725/1529 1511/2696/1511
f 1515/2703/1515 1530/2726/1530 1508/2684/1508
f 1465/2607/1465 1459/2592/1459 1516/2704/1516
f 1517/2705/1517 1531/2727/1531 1481/2635/1481
f 1380/2649/1380 1489/2648/1489 1514/2701/1514
f 1460/2728/1460 1461/2692/1461 1532/2729/1532
f 1366/2702/1366 1526/2721/1526 1372/2691/1372
f 1499/2669/1499 1533/2730/1533 1494/2658/1494
f 1490/2650/1490 1533/2730/1533 1499/2669/1499
f 1465/2607/1465 1522/2714/1522 1443/2567/1443
f 1508/2731/1508 1534/2732/1534 1417/2717/1417
f 1516/2704/1516 1481/2635/1481 1531/2727/1531
f 1371/2716/1371 1523/2715/1523 1512/2733/1512
f 1437/2553/1437 1535/2734/1535 1414/2626/1414
f 1310/2628/1310 1475/2627/1475 1488/2708/1488
f 1356/2595/1356 1460/2594/1460 1475/2627/1475
f 1353/2735/1353 1405/2736/1405 1536/2737/1536
f 1511/2696/1511 1529/2725/1529 1515/2703/1515
f 1529/2725/1529 1537/2738/1537 1515/2703/1515
f 1515/2703/1515 1537/2738/1537 1530/2726/1530
f 1508/2684/1508 1538/2739/1538 1534/2740/1534
f 1495/2699/1495 1539/2741/1539 1517/2742/1517
f 1485/2640/1485 1525/2719/1525 1495/2699/1495
f 1540/2743/1540 1455/2587/1455 1391/2586/1391
f 1331/2644/1331 1419/2679/1419 1487/2643/1487
f 1440/2744/1440 1541/2745/1541 1410/2746/1410
f 1519/2710/1519 1462/2599/1462 1361/2598/1361
f 1490/2650/1490 1477/2630/1477 1542/2747/1542
f 1442/2748/1442 1543/2749/1543 1451/2581/1451
f 1521/2713/1521 1544/2750/1544 1529/2725/1529
f 1530/2726/1530 1538/2739/1538 1508/2684/1508
f 1524/2751/1524 1545/2752/1545 1500/2753/1500
f 1500/2753/1500 1546/2754/1546 1496/2755/1496
f 1427/2756/1427 1496/2755/1496 1547/2757/1547
f 1397/2758/1397 1548/2759/1548 1409/2687/1409
f 1549/2760/1549 1460/2728/1460 1532/2729/1532
f 1509/2689/1509 1372/2691/1372 1526/2721/1526
f 1490/2650/1490 1542/2747/1542 1533/2730/1533
f 1550/2761/1550 1521/2713/1521 1506/2762/1506
f 1544/2750/1544 1537/2738/1537 1529/2725/1529
f 1537/2738/1537 1538/2739/1538 1530/2726/1530
f 1551/2763/1551 1482/2764/1482 1512/2765/1512
f 1517/2742/1517 1539/2741/1539 1552/2766/1552
f 1466/2609/1466 1553/2767/1553 1437/2686/1437
f 1487/2643/1487 1554/2768/1554 1438/2557/1438
f 1555/2769/1555 1540/2743/1540 1420/2770/1420
f 1556/2771/1556 1487/2643/1487 1419/2679/1419
f 1441/2561/1441 1456/2589/1456 1315/2349/1315
f 1353/2735/1353 1536/2737/1536 1557/2772/1557
f 1406/2709/1406 1527/2723/1527 1519/2710/1519
f 1387/2619/1387 1522/2773/1522 1471/2620/1471
f 1521/2713/1521 1550/2761/1550 1544/2750/1544
f 1544/2750/1544 1558/2774/1558 1537/2738/1537
f 1531/2727/1531 1517/2705/1517 1552/2775/1552
f 1495/2699/1495 1525/2719/1525 1539/2741/1539
f 1513/2700/1513 1486/2642/1486 1403/2519/1403
f 1449/2776/1449 1559/2777/1559 1404/2778/1404
f 1438/2557/1438 1554/2768/1554 1439/2558/1439
f 1401/2571/1401 1560/2779/1560 1468/2612/1468
f 1420/2770/1420 1540/2743/1540 1391/2586/1391
f 1475/2627/1475 1561/2780/1561 1488/2708/1488
f 1460/2594/1460 1549/2781/1549 1475/2627/1475
f 1381/2690/1381 1509/2689/1509 1432/2722/1432
f 1506/2762/1506 1562/2782/1562 1550/2761/1550
f 1550/2761/1550 1558/2774/1558 1544/2750/1544
f 1522/2714/1522 1465/2607/1465 1563/2783/1563
f 1538/2784/1538 1564/2785/1564 1534/2786/1534
f 1465/2607/1465 1516/2704/1516 1563/2783/1563
f 1417/2717/1417 1534/2732/1534 1523/2715/1523
f 1551/2787/1551 1565/2788/1565 1482/2789/1482
f 1404/2778/1404 1548/2790/1548 1397/2791/1397
f 1467/2611/1467 1560/2779/1560 1401/2571/1401
f 1419/2679/1419 1504/2678/1504 1556/2771/1556
f 1468/2612/1468 1555/2792/1555 1420/2621/1420
f 1441/2793/1441 1353/2735/1353 1557/2772/1557
f 1461/2692/1461 1510/2694/1510 1532/2729/1532
f 1562/2782/1562 1558/2774/1558 1550/2761/1550
f 1565/2788/1565 1524/2751/1524 1482/2789/1482
f 1437/2553/1437 1553/2794/1553 1535/2734/1535
f 1409/2687/1409 1566/2795/1566 1504/2678/1504
f 1500/2753/1500 1545/2752/1545 1546/2754/1546
f 1441/2796/1441 1567/2797/1567 1456/2798/1456
f 1462/2599/1462 1568/2799/1568 1520/2711/1520
f 1452/2582/1452 1562/2800/1562 1506/2682/1506
f 1564/2785/1564 1569/2801/1569 1534/2786/1534
f 1534/2786/1534 1569/2801/1569 1523/2802/1523
f 1518/2706/1518 1570/2803/1570 1466/2609/1466
f 1493/2654/1493 1571/2804/1571 1518/2706/1518
f 1455/2587/1455 1572/2805/1572 1493/2654/1493
f 1427/2756/1427 1547/2757/1547 1449/2806/1449
f 1409/2687/1409 1548/2759/1548 1566/2795/1566
f 1439/2707/1439 1573/2807/1573 1467/2611/1467
f 1574/2808/1574 1575/2809/1575 1385/2810/1385
f 1410/2746/1410 1541/2745/1541 1576/2811/1576
f 1379/2812/1379 1497/2720/1497 1505/2813/1505
f 1509/2689/1509 1577/2814/1577 1432/2722/1432
f 1432/2722/1432 1577/2814/1577 1527/2723/1527
f 1494/2695/1494 1578/2815/1578 1510/2694/1510
f 1494/2695/1494 1533/2816/1533 1578/2815/1578
f 1539/2817/1539 1579/2818/1579 1552/2819/1552
f 1404/2778/1404 1559/2777/1559 1548/2790/1548
f 1385/2810/1385 1575/2809/1575 1489/2820/1489
f 1440/2744/1440 1580/2821/1580 1541/2745/1541
f 1514/2701/1514 1581/2822/1581 1526/2721/1526
f 1543/2749/1543 1442/2748/1442 1582/2823/1582
f 1442/2565/1442 1471/2620/1471 1582/2824/1582
f 1531/2825/1531 1552/2819/1552 1583/2826/1583
f 1496/2755/1496 1546/2754/1546 1547/2757/1547
f 1554/2768/1554 1584/2827/1584 1439/2558/1439
f 1456/2798/1456 1580/2821/1580 1440/2744/1440
f 1421/2828/1421 1585/2829/1585 1405/2830/1405
f 1568/2799/1568 1462/2599/1462 1519/2710/1519
f 1558/2774/1558 1538/2739/1538 1537/2738/1537
f 1586/2831/1586 1569/2801/1569 1564/2785/1564
f 1586/2831/1586 1523/2802/1523 1569/2801/1569
f 1587/2832/1587 1565/2788/1565 1551/2787/1551
f 1588/2833/1588 1525/2719/1525 1492/2652/1492
f 1535/2734/1535 1503/2676/1503 1414/2626/1414
f 1589/2834/1589 1486/2642/1486 1513/2700/1513
f 1545/2752/1545 1524/2751/1524 1565/2788/1565
f 1559/2835/1559 1449/2806/1449 1547/2757/1547
f 1590/2836/1590 1493/2654/1493 1572/2805/1572
f 1566/2795/1566 1591/2837/1591 1504/2678/1504
f 1540/2743/1540 1572/2805/1572 1455/2587/1455
f 1556/2771/1556 1554/2768/1554 1487/2643/1487
f 1592/2838/1592 1505/2813/1505 1497/2720/1497
f 1470/2617/1470 1520/2711/1520 1450/2839/1450
f 1516/2704/1516 1593/2840/1593 1563/2783/1563
f 1523/2802/1523 1586/2831/1586 1512/2765/1512
f 1531/2727/1531 1583/2841/1583 1516/2704/1516
f 1539/2741/1539 1525/2719/1525 1588/2833/1588
f 1492/2652/1492 1486/2642/1486 1589/2834/1589
f 1493/2654/1493 1590/2836/1590 1571/2804/1571
f 1545/2752/1545 1594/2842/1594 1546/2754/1546
f 1567/2797/1567 1580/2821/1580 1456/2798/1456
f 1488/2708/1488 1595/2843/1595 1469/2615/1469
f 1475/2844/1475 1549/2760/1549 1561/2845/1561
f 1526/2721/1526 1596/2846/1596 1509/2689/1509
f 1526/2847/1526 1581/2848/1581 1596/2849/1596
f 1478/2631/1478 1451/2581/1451 1597/2850/1597
f 1422/2851/1422 1598/2852/1598 1452/2853/1452
f 1583/2841/1583 1593/2840/1593 1516/2704/1516
f 1552/2819/1552 1579/2818/1579 1599/2854/1599
f 1565/2788/1565 1594/2842/1594 1545/2752/1545
f 1559/2777/1559 1600/2855/1600 1548/2790/1548
f 1584/2856/1584 1573/2807/1573 1439/2707/1439
f 1488/2708/1488 1601/2857/1601 1595/2843/1595
f 1519/2858/1519 1527/2859/1527 1602/2860/1602
f 1510/2694/1510 1578/2815/1578 1603/2861/1603
f 1542/2747/1542 1604/2862/1604 1533/2730/1533
f 1605/2863/1605 1598/2852/1598 1422/2851/1422
f 1538/2784/1538 1606/2864/1606 1564/2785/1564
f 1466/2609/1466 1570/2803/1570 1553/2767/1553
f 1548/2759/1548 1607/2865/1607 1566/2795/1566
f 1467/2611/1467 1608/2866/1608 1560/2779/1560
f 1488/2708/1488 1561/2780/1561 1601/2857/1601
f 1609/2867/1609 1450/2868/1450 1520/2869/1520
f 1477/2630/1477 1478/2631/1478 1597/2850/1597
f 1538/2784/1538 1558/2870/1558 1606/2864/1606
f 1552/2819/1552 1599/2854/1599 1583/2826/1583
f 1565/2788/1565 1610/2871/1610 1594/2842/1594
f 1548/2759/1548 1600/2872/1600 1607/2865/1607
f 1505/2813/1505 1611/2873/1083 1421/2828/1421
f 1532/2729/1532 1510/2694/1510 1612/2874/1611
f 1568/2875/1568 1609/2876/1609 1520/2877/1520
f 1606/2864/1606 1558/2870/1558 1562/2878/1562
f 1606/2864/1606 1586/2831/1586 1564/2785/1564
f 1565/2788/1565 1587/2832/1587 1610/2871/1610
f 1588/2879/1588 1613/2880/1612 1539/2817/1539
f 1492/2652/1492 1589/2834/1589 1588/2833/1588
f 1547/2757/1547 1614/2881/1613 1559/2835/1559
f 1573/2807/1573 1608/2866/1608 1467/2611/1467
f 1504/2678/1504 1591/2837/1591 1556/2771/1556
f 1410/2746/1410 1576/2811/1576 1574/2882/1574
f 1450/2868/1450 1609/2867/1609 1528/2883/1528
f 1451/2581/1451 1543/2749/1543 1597/2850/1597
f 1539/2817/1539 1613/2880/1612 1579/2818/1579
f 1518/2706/1518 1571/2804/1571 1570/2803/1570
f 1555/2792/1555 1468/2612/1468 1615/2884/1614
f 1421/2828/1421 1611/2873/1083 1585/2829/1585
f 1509/2885/1509 1596/2849/1596 1577/2886/1577
f 1612/2874/1611 1510/2694/1510 1603/2861/1603
f 1602/2860/1602 1568/2875/1568 1519/2858/1519
f 1528/2883/1528 1605/2863/1605 1422/2851/1422
f 1582/2824/1582 1471/2620/1471 1616/2887/1615
f 1563/2783/1563 1593/2840/1593 1617/2888/1616
f 1618/2889/1617 1512/2765/1512 1586/2831/1586
f 1619/2890/1618 1599/2854/1599 1579/2818/1579
f 1620/2891/1619 1546/2754/1546 1594/2842/1594
f 1621/2892/1620 1535/2734/1535 1553/2794/1553
f 1607/2865/1607 1622/2893/1621 1566/2795/1566
f 1622/2893/1621 1591/2837/1591 1566/2795/1566
f 1615/2884/1614 1468/2612/1468 1560/2779/1560
f 1574/2894/1574 1385/2663/1385 1410/2662/1410
f 1536/2737/1536 1405/2736/1405 1585/2895/1585
f 1592/2838/1592 1611/2873/1083 1505/2813/1505
f 1578/2815/1578 1533/2816/1533 1604/2896/1604
f 1618/2889/1617 1551/2763/1551 1512/2765/1512
f 1619/2890/1618 1579/2818/1579 1623/2897/1622
f 1587/2832/1587 1624/2898/1623 1610/2871/1610
f 1571/2804/1571 1590/2836/1590 1625/2899/1624
f 1626/2900/1625 1592/2838/1592 1497/2720/1497
f 1497/2720/1497 1498/2667/1498 1626/2900/1625
f 1522/2773/1522 1563/2901/1563 1627/2902/1626
f 1579/2818/1579 1613/2880/1612 1623/2897/1622
f 1620/2891/1619 1547/2757/1547 1546/2754/1546
f 1614/2903/1613 1628/2904/1627 1559/2777/1559
f 1629/2905/1628 1578/2815/1578 1604/2896/1604
f 1543/2749/1543 1630/2906/1629 1597/2850/1597
f 1543/2749/1543 1582/2823/1582 1630/2906/1629
f 1598/2907/1598 1562/2878/1562 1452/2908/1452
f 1606/2864/1606 1618/2889/1617 1586/2831/1586
f 1583/2826/1583 1631/2909/1630 1593/2910/1593
f 1631/2909/1630 1583/2826/1583 1599/2854/1599
f 1588/2879/1588 1632/2911/1631 1613/2880/1612
f 1594/2842/1594 1610/2871/1610 1620/2891/1619
f 1513/2700/1513 1633/2912/1632 1589/2834/1589
f 1559/2777/1559 1628/2904/1627 1600/2855/1600
f 1621/2892/1620 1634/2913/1633 1535/2734/1535
f 1514/2914/1514 1489/2820/1489 1581/2848/1581
f 1635/2915/1634 1557/2772/1557 1536/2737/1536
f 1477/2630/1477 1597/2850/1597 1542/2747/1542
f 1471/2620/1471 1522/2773/1522 1616/2887/1615
f 1547/2757/1547 1620/2891/1619 1614/2881/1613
f 1573/2807/1573 1584/2856/1584 1636/2916/1635
f 1532/2729/1532 1637/2917/1636 1549/2760/1549
f 1627/2902/1626 1563/2901/1563 1617/2918/1616
f 1610/2871/1610 1624/2898/1623 1638/2919/1637
f 1610/2871/1610 1638/2919/1637 1620/2891/1619
f 1503/2676/1503 1535/2734/1535 1639/2920/1638
f 1503/2676/1503 1639/2920/1638 1513/2700/1513
f 1540/2743/1540 1640/2921/1639 1572/2805/1572
f 1532/2729/1532 1612/2874/1611 1637/2917/1636
f 1604/2922/1604 1542/2923/1542 1641/2924/1640
f 1596/2849/1596 1642/2925/1641 1577/2886/1577
f 1603/2861/1603 1643/2926/1642 1612/2874/1611
f 1602/2860/1602 1644/2927/1643 1568/2875/1568
f 1522/2773/1522 1627/2902/1626 1645/2928/1644
f 1551/2763/1551 1646/2929/1645 1587/2930/1587
f 1587/2832/1587 1646/2931/1645 1624/2898/1623
f 1588/2932/1588 1589/2933/1589 1632/2934/1631
f 1572/2805/1572 1640/2921/1639 1647/2935/1646
f 1560/2779/1560 1608/2866/1608 1615/2884/1614
f 1469/2936/1469 1595/2937/1595 1648/2938/1647
f 1599/2854/1599 1619/2890/1618 1649/2939/1648
f 1632/2911/1631 1650/2940/1649 1613/2880/1612
f 1620/2891/1619 1638/2919/1637 1651/2941/1650
f 1570/2942/1570 1652/2943/1651 1553/2944/1553
f 1556/2771/1556 1591/2837/1591 1653/2945/1652
f 1469/2666/1469 1648/2946/1647 1498/2667/1498
f 1441/2793/1441 1557/2772/1557 1567/2947/1567
f 1577/2886/1577 1642/2925/1641 1527/2859/1527
f 1522/2773/1522 1645/2928/1644 1616/2887/1615
f 1551/2763/1551 1618/2889/1617 1646/2929/1645
f 1553/2944/1553 1652/2943/1651 1621/2948/1620
f 1556/2771/1556 1654/2949/1653 1554/2768/1554
f 1554/2768/1554 1654/2949/1653 1584/2827/1584
f 1604/2896/1604 1655/2950/1654 1629/2905/1628
f 1593/2910/1593 1631/2909/1630 1656/2951/1655
f 1631/2909/1630 1599/2854/1599 1649/2939/1648
f 1623/2897/1622 1657/2952/1656 1619/2890/1618
f 1646/2931/1645 1658/2953/1657 1624/2898/1623
f 1613/2880/1612 1650/2940/1649 1623/2897/1622
f 1591/2837/1591 1622/2893/1621 1659/2954/1658
f 1572/2805/1572 1647/2935/1646 1590/2836/1590
f 1540/2743/1540 1555/2769/1555 1640/2921/1639
f 1541/2745/1541 1660/2955/1659 1576/2811/1576
f 1592/2838/1592 1661/2956/1660 1611/2873/1083
f 1578/2815/1578 1629/2905/1628 1603/2861/1603
f 1641/2957/1640 1662/2958/1661 1604/2959/1604
f 1624/2898/1623 1658/2953/1657 1638/2919/1637
f 1620/2891/1619 1651/2941/1650 1614/2881/1613
f 1596/2849/1596 1663/2960/1662 1642/2925/1641
f 1612/2874/1611 1643/2926/1642 1637/2917/1636
f 1598/2907/1598 1664/2961/1663 1562/2878/1562
f 1562/2878/1562 1664/2961/1663 1606/2864/1606
f 1631/2909/1630 1649/2939/1648 1656/2951/1655
f 1619/2890/1618 1657/2952/1656 1649/2939/1648
f 1654/2962/1653 1636/2916/1635 1584/2856/1584
f 1647/2935/1646 1665/2963/1664 1590/2836/1590
f 1574/2808/1574 1666/2964/1665 1575/2809/1575
f 1580/2821/1580 1667/2965/1666 1541/2745/1541
f 1581/2848/1581 1663/2960/1662 1596/2849/1596
f 1593/2910/1593 1656/2951/1655 1617/2966/1616
f 1623/2897/1622 1668/2967/1667 1657/2952/1656
f 1666/2968/1665 1574/2882/1574 1576/2811/1576
f 1669/2969/1668 1595/2970/1595 1601/2971/1601
f 1581/2848/1581 1489/2820/1489 1670/2972/1669
f 1671/2973/1441 1567/2947/1567 1557/2772/1557
f 1637/2917/1636 1561/2845/1561 1549/2760/1549
f 1672/2974/1670 1602/2860/1602 1527/2859/1527
f 1655/2975/1654 1604/2959/1604 1662/2958/1661
f 1616/2887/1615 1645/2928/1644 1673/2976/1671
f 1674/2977/1672 1600/2855/1600 1675/2978/1673
f 1659/2954/1658 1653/2945/1652 1591/2837/1591
f 1665/2963/1664 1625/2899/1624 1590/2836/1590
f 1676/2979/1674 1555/2792/1555 1615/2884/1614
f 1603/2861/1603 1629/2905/1628 1677/2980/1675
f 1678/2981/1676 1629/2982/1628 1655/2975/1654
f 1542/2747/1542 1597/2850/1597 1641/2983/1640
f 1679/2984/1677 1646/2929/1645 1618/2889/1617
f 1680/2985/1678 1623/2986/1622 1650/2987/1649
f 1556/2771/1556 1653/2945/1652 1654/2949/1653
f 1489/2820/1489 1575/2809/1575 1670/2972/1669
f 1642/2925/1641 1672/2974/1670 1527/2859/1527
f 1603/2988/1603 1677/2989/1675 1643/2990/1642
f 1623/2986/1622 1680/2985/1678 1668/2991/1667
f 1646/2931/1645 1681/2992/1679 1658/2953/1657
f 1658/2953/1657 1682/2993/1680 1638/2919/1637
f 1570/2803/1570 1571/2804/1571 1652/2994/1651
f 1607/2865/1607 1600/2872/1600 1674/2995/1672
f 1535/2734/1535 1634/2913/1633 1639/2920/1638
f 1607/2865/1607 1683/2996/1681 1622/2893/1621
f 1580/2821/1580 1684/2997/1682 1667/2965/1666
f 1498/2667/1498 1685/2998/1683 1626/2900/1625
f 1498/2667/1498 1648/2946/1647 1685/2998/1683
f 1561/2999/1561 1686/3000/1684 1601/3001/1601
f 1528/2883/1528 1609/2867/1609 1605/2863/1605
f 1616/2887/1615 1687/3002/1685 1582/2824/1582
f 1649/2939/1648 1657/2952/1656 1656/2951/1655
f 1638/2919/1637 1682/2993/1680 1651/2941/1650
f 1628/2904/1627 1688/3003/1686 1675/2978/1673
f 1513/2700/1513 1689/3004/1687 1633/2912/1632
f 1600/2855/1600 1628/2904/1627 1675/2978/1673
f 1637/3005/1636 1690/3006/1688 1561/2999/1561
f 1629/2982/1628 1678/2981/1676 1677/2989/1675
f 1627/2902/1626 1617/2918/1616 1691/3007/1689
f 1614/2903/1613 1688/3003/1686 1628/2904/1627
f 1639/2920/1638 1689/3004/1687 1513/2700/1513
f 1589/3008/1589 1692/3009/1690 1632/3010/1631
f 1622/2893/1621 1683/2996/1681 1659/2954/1658
f 1652/2943/1651 1693/3011/1691 1621/2948/1620
f 1541/2745/1541 1667/2965/1666 1660/2955/1659
f 1637/3005/1636 1694/3012/1692 1690/3006/1688
f 1609/2867/1609 1695/3013/1693 1605/2863/1605
f 1632/3014/1631 1692/3015/1690 1650/2987/1649
f 1651/2941/1650 1688/3016/1686 1614/2881/1613
f 1589/3008/1589 1633/3017/1632 1692/3009/1690
f 1615/2884/1614 1608/2866/1608 1696/3018/1694
f 1555/2769/1555 1676/3019/1674 1640/2921/1639
f 1595/2937/1595 1669/3020/1668 1648/2938/1647
f 1557/2772/1557 1635/2915/1634 1671/2973/1441
f 1644/2927/1643 1697/3021/1695 1568/2875/1568
f 1698/3022/1696 1618/2889/1617 1606/2864/1606
f 1657/3023/1656 1668/2991/1667 1699/3024/1697
f 1666/2964/1665 1700/3025/1698 1575/2809/1575
f 1592/2838/1592 1626/2900/1625 1661/2956/1660
f 1536/2737/1536 1701/3026/1699 1635/2915/1634
f 1643/2990/1642 1694/3012/1692 1637/3005/1636
f 1643/2990/1642 1677/2989/1675 1694/3012/1692
f 1568/2875/1568 1702/3027/1700 1609/2876/1609
f 1616/2887/1615 1673/2976/1671 1687/3002/1685
f 1664/2961/1663 1698/3022/1696 1606/2864/1606
f 1617/3028/1616 1656/3029/1655 1703/3030/1701
f 1696/3018/1694 1676/2979/1674 1615/2884/1614
f 1561/2999/1561 1690/3006/1688 1686/3000/1684
f 1567/2947/1567 1671/2973/1441 1580/3031/1580
f 1697/3021/1695 1702/3027/1700 1568/2875/1568
f 1617/2918/1616 1704/3032/1702 1691/3007/1689
f 1658/2953/1657 1705/3033/1703 1682/2993/1680
f 1653/2945/1652 1706/3034/1704 1654/2949/1653
f 1625/2899/1624 1707/3035/1705 1571/2804/1571
f 1621/2948/1620 1708/3036/1706 1634/3037/1633
f 1702/3038/1700 1695/3013/1693 1609/2867/1609
f 1627/2902/1626 1691/3007/1689 1645/2928/1644
f 1657/3023/1656 1699/3024/1697 1656/3039/1655
f 1681/2992/1679 1709/3040/1707 1658/2953/1657
f 1658/2953/1657 1709/3040/1707 1705/3033/1703
f 1651/2941/1650 1710/3041/1708 1688/3016/1686
f 1621/2948/1620 1693/3011/1691 1708/3036/1706
f 1607/2865/1607 1711/3042/1709 1683/2996/1681
f 1607/2865/1607 1674/2995/1672 1711/3042/1709
f 1573/2807/1573 1712/3043/1710 1608/2866/1608
f 1575/2809/1575 1700/3025/1698 1670/2972/1669
f 1669/3020/1668 1601/3044/1601 1713/3045/1711
f 1694/3012/1692 1714/3046/1712 1690/3006/1688
f 1678/2981/1676 1715/3047/1713 1677/2989/1675
f 1655/2975/1654 1662/2958/1661 1716/3048/1714
f 1598/2852/1598 1717/3049/1715 1664/3050/1663
f 1706/3051/1704 1636/2916/1635 1654/2962/1653
f 1707/3052/1705 1652/2943/1651 1571/3053/1571
f 1713/3054/1711 1601/3001/1601 1686/3000/1684
f 1701/3026/1699 1536/2737/1536 1585/2895/1585
f 1718/3055/1716 1690/3006/1688 1714/3046/1712
f 1687/3002/1685 1673/2976/1671 1719/3056/1717
f 1673/2976/1671 1645/2928/1644 1720/3057/1718
f 1679/2984/1677 1681/3058/1679 1646/2929/1645
f 1699/3024/1697 1668/2991/1667 1721/3059/1719
f 1668/2991/1667 1680/2985/1678 1721/3059/1719
f 1682/2993/1680 1710/3041/1708 1651/2941/1650
f 1660/2955/1659 1666/2968/1665 1576/2811/1576
f 1626/2900/1625 1685/2998/1683 1661/2956/1660
f 1685/2998/1683 1648/2946/1647 1722/3060/1720
f 1690/3006/1688 1718/3055/1716 1686/3000/1684
f 1581/2848/1581 1670/2972/1669 1663/2960/1662
f 1678/2981/1676 1655/2975/1654 1723/3061/1721
f 1723/3061/1721 1655/2975/1654 1716/3048/1714
f 1641/3062/1640 1597/3063/1597 1724/3064/1722
f 1698/3022/1696 1679/2984/1677 1618/2889/1617
f 1692/3015/1690 1725/3065/1723 1650/2987/1649
f 1692/3009/1690 1633/3017/1632 1726/3066/1724
f 1636/2916/1635 1712/3043/1710 1573/2807/1573
f 1727/3067/1725 1697/3021/1695 1644/2927/1643
f 1605/2863/1605 1728/3068/1726 1598/2852/1598
f 1656/3029/1655 1729/3069/1727 1703/3030/1701
f 1633/3017/1632 1689/3070/1687 1730/3071/1728
f 1608/2866/1608 1712/3043/1710 1696/3018/1694
f 1715/3047/1713 1694/3012/1692 1677/2989/1675
f 1630/3072/1629 1582/3073/1582 1687/3074/1685
f 1731/3075/1729 1673/2976/1671 1720/3057/1718
f 1691/3076/1689 1704/3077/1702 1732/3078/1730
f 1733/3079/1731 1721/3059/1719 1680/2985/1678
f 1734/3080/1732 1683/2996/1681 1711/3042/1709
f 1669/3020/1668 1735/3081/1733 1648/2938/1647
f 1670/2972/1669 1700/3025/1698 1736/3082/1734
f 1678/2981/1676 1723/3061/1721 1715/3047/1713
f 1672/2974/1670 1737/3083/1735 1602/2860/1602
f 1602/2860/1602 1737/3083/1735 1644/2927/1643
f 1737/3083/1735 1727/3067/1725 1644/2927/1643
f 1695/3013/1693 1728/3068/1726 1605/2863/1605
f 1645/2928/1644 1691/3007/1689 1720/3057/1718
f 1704/3077/1702 1617/3028/1616 1703/3030/1701
f 1674/2977/1672 1675/2978/1673 1738/3084/1736
f 1706/3051/1704 1739/3085/1737 1636/2916/1635
f 1639/2920/1638 1634/2913/1633 1740/3086/1738
f 1683/2996/1681 1734/3080/1732 1741/3087/1739
f 1640/2921/1639 1676/3019/1674 1742/3088/1740
f 1640/2921/1639 1742/3088/1740 1647/2935/1646
f 1625/3089/1624 1743/3090/1741 1707/3052/1705
f 1611/2873/1083 1744/3091/1742 1585/2829/1585
f 1642/2925/1641 1745/3092/1743 1672/2974/1670
f 1656/3029/1655 1699/3093/1697 1729/3069/1727
f 1705/3094/1703 1746/3095/1744 1682/3096/1680
f 1683/2996/1681 1741/3087/1739 1659/2954/1658
f 1636/2916/1635 1739/3085/1737 1712/3043/1710
f 1661/2956/1660 1685/2998/1683 1747/3097/1745
f 1663/2960/1662 1748/3098/1746 1749/3099/1747
f 1663/2960/1662 1670/2972/1669 1748/3098/1746
f 1598/2852/1598 1728/3068/1726 1750/3100/1748
f 1673/2976/1671 1731/3075/1729 1719/3056/1717
f 1691/3076/1689 1732/3078/1730 1720/3101/1718
f 1751/3102/1749 1679/3103/1677 1698/3104/1696
f 1680/2985/1678 1725/3065/1723 1733/3079/1731
f 1692/3015/1690 1752/3105/1750 1725/3065/1723
f 1692/3009/1690 1726/3066/1724 1752/3106/1750
f 1652/2943/1651 1707/3052/1705 1693/3011/1691
f 1660/2955/1659 1667/2965/1666 1753/3107/1751
f 1642/2925/1641 1663/2960/1662 1749/3099/1747
f 1642/2925/1641 1749/3099/1747 1745/3092/1743
f 1598/2852/1598 1750/3100/1748 1717/3049/1715
f 1681/3108/1679 1754/3109/1752 1755/3110/1753
f 1681/3108/1679 1756/3111/1754 1709/3112/1707
f 1682/3096/1680 1746/3095/1744 1710/3113/1708
f 1585/2895/1585 1757/3114/1755 1701/3026/1699
f 1580/3031/1580 1671/2973/1441 1684/3115/1682
f 1679/2984/1677 1754/3116/1752 1681/3058/1679
f 1650/2987/1649 1725/3065/1723 1680/2985/1678
f 1705/3094/1703 1709/3112/1707 1758/3117/1756
f 1688/3118/1686 1710/3119/1708 1759/3120/1757
f 1674/2977/1672 1738/3084/1736 1711/3121/1709
f 1659/2954/1658 1760/3122/1758 1653/2945/1652
f 1740/3086/1738 1689/3004/1687 1639/2920/1638
f 1633/3017/1632 1730/3071/1728 1726/3066/1724
f 1666/2968/1665 1660/2955/1659 1761/3123/1759
f 1694/3012/1692 1715/3047/1713 1762/3124/1760
f 1716/3048/1714 1662/2958/1661 1763/3125/1761
f 1597/2850/1597 1630/2906/1629 1724/3126/1722
f 1664/2961/1663 1717/3127/1715 1698/3022/1696
f 1705/3094/1703 1758/3117/1756 1746/3095/1744
f 1611/2873/1083 1661/2956/1660 1764/3128/1762
f 1648/2938/1647 1735/3081/1733 1722/3129/1720
f 1684/2997/1682 1753/3107/1751 1667/2965/1666
f 1724/3130/1722 1765/3131/1763 1641/3132/1640
f 1630/3072/1629 1687/3074/1685 1766/3133/1764
f 1688/3003/1686 1759/3134/1757 1675/2978/1673
f 1741/3087/1739 1760/3122/1758 1659/2954/1658
f 1700/3135/1698 1666/2968/1665 1761/3123/1759
f 1745/3092/1743 1767/3136/1765 1672/2974/1670
f 1672/2974/1670 1767/3136/1765 1737/3083/1735
f 1702/3038/1700 1768/3137/1766 1695/3013/1693
f 1752/3105/1750 1769/3138/1767 1725/3065/1723
f 1675/3139/1673 1759/3120/1757 1770/3140/1768
f 1740/3141/1738 1771/3142/1769 1689/3143/1687
f 1712/3043/1710 1772/3144/1770 1696/3018/1694
f 1585/2829/1585 1744/3091/1742 1757/3145/1755
f 1611/2873/1083 1764/3128/1762 1744/3091/1742
f 1661/2956/1660 1747/3097/1745 1764/3128/1762
f 1685/2998/1683 1722/3060/1720 1773/3146/1771
f 1701/3026/1699 1774/3147/1772 1635/2915/1634
f 1694/3012/1692 1762/3124/1760 1714/3046/1712
f 1662/2958/1661 1641/2957/1640 1763/3125/1761
f 1641/3132/1640 1765/3131/1763 1763/3148/1761
f 1695/3013/1693 1775/3149/1773 1728/3068/1726
f 1653/2945/1652 1760/3122/1758 1706/3034/1704
f 1689/3143/1687 1771/3142/1769 1730/3150/1728
f 1748/3098/1746 1670/2972/1669 1736/3082/1734
f 1635/2915/1634 1774/3147/1772 1671/2973/1441
f 1704/3077/1702 1776/3151/1774 1732/3078/1730
f 1751/3102/1749 1754/3152/1752 1679/3103/1677
f 1756/3111/1754 1777/3153/1775 1709/3112/1707
f 1710/3119/1708 1778/3154/1776 1759/3120/1757
f 1665/3155/1664 1743/3090/1741 1625/3089/1624
f 1697/3021/1695 1768/3156/1766 1702/3027/1700
f 1720/3057/1718 1779/3157/1777 1731/3075/1729
f 1704/3077/1702 1703/3030/1701 1776/3151/1774
f 1780/3158/1778 1755/3110/1753 1754/3109/1752
f 1755/3110/1753 1756/3111/1754 1681/3108/1679
f 1709/3112/1707 1777/3153/1775 1758/3117/1756
f 1752/3106/1750 1726/3066/1724 1769/3159/1767
f 1770/3140/1768 1738/3160/1736 1675/3139/1673
f 1696/3018/1694 1781/3161/1779 1676/2979/1674
f 1676/3019/1674 1781/3162/1779 1742/3088/1740
f 1684/3115/1682 1671/2973/1441 1782/3163/1780
f 1765/3131/1763 1724/3130/1722 1783/3164/1781
f 1630/3072/1629 1766/3133/1764 1724/3130/1722
f 1720/3101/1718 1732/3078/1730 1779/3165/1777
f 1699/3093/1697 1784/3166/1782 1729/3069/1727
f 1772/3144/1770 1785/3167/1783 1696/3018/1694
f 1685/2998/1683 1773/3146/1771 1747/3097/1745
f 1718/3055/1716 1786/3168/1784 1686/3000/1684
f 1753/3107/1751 1787/3169/1785 1660/2955/1659
f 1749/3170/1747 1788/3171/1786 1745/3172/1743
f 1745/3172/1743 1788/3171/1786 1767/3173/1765
f 1715/3047/1713 1723/3061/1721 1762/3124/1760
f 1789/3174/1787 1727/3175/1725 1737/3176/1735
f 1721/3177/1719 1784/3166/1782 1699/3093/1697
f 1725/3065/1723 1790/3178/1788 1733/3079/1731
f 1725/3179/1723 1769/3180/1767 1790/3181/1788
f 1746/3095/1744 1778/3182/1776 1710/3113/1708
f 1726/3183/1724 1791/3184/1789 1769/3180/1767
f 1738/3160/1736 1792/3185/1790 1711/3186/1709
f 1727/3175/1725 1793/3187/1791 1697/3188/1695
f 1750/3100/1748 1794/3189/1792 1717/3049/1715
f 1703/3030/1701 1729/3069/1727 1776/3151/1774
f 1721/3190/1719 1790/3181/1788 1784/3191/1782
f 1721/3059/1719 1733/3079/1731 1790/3178/1788
f 1759/3120/1757 1778/3154/1776 1795/3192/1793
f 1730/3150/1728 1791/3193/1789 1726/3194/1724
f 1696/3195/1694 1785/3196/1783 1781/3197/1779
f 1708/3198/1706 1740/3086/1738 1634/2913/1633
f 1647/2935/1646 1742/3088/1740 1665/2963/1664
f 1767/3173/1765 1789/3174/1787 1737/3176/1735
f 1768/3137/1766 1775/3149/1773 1695/3013/1693
f 1706/3051/1704 1796/3199/1794 1739/3085/1737
f 1697/3188/1695 1793/3187/1791 1768/3200/1766
f 1717/3201/1715 1751/3102/1749 1698/3104/1696
f 1758/3117/1756 1797/3202/1795 1746/3095/1744
f 1739/3085/1737 1798/3203/1796 1712/3043/1710
f 1707/3052/1705 1799/3204/1797 1693/3011/1691
f 1693/3011/1691 1799/3204/1797 1708/3036/1706
f 1701/3026/1699 1800/3205/1798 1774/3147/1772
f 1777/3153/1775 1797/3202/1795 1758/3117/1756
f 1730/3150/1728 1801/3206/1799 1791/3193/1789
f 1708/3198/1706 1802/3207/1800 1740/3086/1738
f 1660/2955/1659 1787/3169/1785 1761/3123/1759
f 1762/3208/1760 1803/3209/1801 1714/3210/1712
f 1729/3069/1727 1784/3166/1782 1776/3151/1774
f 1784/3191/1782 1790/3181/1788 1804/3211/1802
f 1790/3181/1788 1769/3180/1767 1805/3212/1803
f 1791/3184/1789 1806/3213/1804 1769/3180/1767
f 1740/3141/1738 1807/3214/1805 1771/3142/1769
f 1708/3036/1706 1799/3204/1797 1802/3215/1800
f 1736/3216/1734 1700/3217/1698 1808/3218/1806
f 1724/3130/1722 1766/3133/1764 1783/3164/1781
f 1731/3075/1729 1809/3219/1807 1719/3056/1717
f 1794/3220/1792 1751/3102/1749 1717/3201/1715
f 1755/3110/1753 1810/3221/1808 1756/3111/1754
f 1760/3122/1758 1811/3222/1809 1706/3034/1704
f 1730/3150/1728 1771/3142/1769 1801/3206/1799
f 1700/3217/1698 1761/3223/1759 1808/3218/1806
f 1684/2997/1682 1782/3224/1780 1753/3107/1751
f 1687/3074/1685 1812/3225/1810 1766/3133/1764
f 1775/3149/1773 1813/3226/1811 1728/3068/1726
f 1687/3074/1685 1719/3227/1717 1812/3225/1810
f 1784/3191/1782 1814/3228/1812 1776/3229/1774
f 1777/3153/1775 1815/3230/1813 1797/3202/1795
f 1759/3120/1757 1795/3192/1793 1770/3140/1768
f 1770/3140/1768 1816/3231/1814 1738/3160/1736
f 1738/3160/1736 1816/3231/1814 1792/3185/1790
f 1711/3186/1709 1792/3185/1790 1734/3232/1732
f 1714/3210/1712 1817/3233/1815 1718/3234/1716
f 1762/3124/1760 1723/3061/1721 1818/3235/1816
f 1756/3111/1754 1815/3230/1813 1777/3153/1775
f 1769/3180/1767 1806/3213/1804 1805/3212/1803
f 1797/3202/1795 1778/3182/1776 1746/3095/1744
f 1734/3080/1732 1819/3236/1817 1741/3087/1739
f 1665/3155/1664 1742/3237/1740 1743/3090/1741
f 1707/3052/1705 1820/3238/1818 1799/3204/1797
f 1768/3137/1766 1821/3239/1819 1775/3149/1773
f 1812/3225/1810 1719/3227/1717 1809/3240/1807
f 1732/3241/1730 1776/3229/1774 1822/3242/1820
f 1822/3242/1820 1776/3229/1774 1814/3228/1812
f 1706/3051/1704 1811/3243/1809 1796/3199/1794
f 1748/3244/1746 1823/3245/1821 1824/3246/1822
f 1748/3244/1746 1824/3246/1822 1749/3170/1747
f 1789/3174/1787 1793/3187/1791 1727/3175/1725
f 1728/3068/1726 1813/3226/1811 1750/3100/1748
f 1778/3182/1776 1797/3202/1795 1825/3247/1823
f 1739/3085/1737 1796/3199/1794 1798/3203/1796
f 1761/3123/1759 1826/3248/1824 1808/3249/1806
f 1803/3209/1801 1762/3208/1760 1818/3250/1816
f 1818/3250/1816 1723/3251/1721 1827/3252/1825
f 1723/3251/1721 1716/3253/1714 1827/3252/1825
f 1793/3187/1791 1821/3254/1819 1768/3200/1766
f 1780/3158/1778 1810/3221/1808 1755/3110/1753
f 1814/3228/1812 1784/3191/1782 1804/3211/1802
f 1810/3221/1808 1815/3230/1813 1756/3111/1754
f 1781/3162/1779 1828/3255/1826 1742/3088/1740
f 1829/3256/1827 1735/3081/1733 1669/3020/1668
f 1823/3245/1821 1748/3244/1746 1736/3216/1734
f 1718/3234/1716 1817/3233/1815 1786/3257/1784
f 1714/3210/1712 1803/3209/1801 1817/3233/1815
f 1830/3258/1828 1767/3173/1765 1788/3171/1786
f 1732/3241/1730 1822/3242/1820 1831/3259/1829
f 1790/3181/1788 1805/3212/1803 1804/3211/1802
f 1770/3140/1768 1832/3260/1830 1816/3231/1814
f 1820/3238/1818 1833/3261/1831 1799/3204/1797
f 1761/3123/1759 1787/3169/1785 1826/3248/1824
f 1686/3262/1684 1834/3263/1832 1713/3045/1711
f 1786/3264/1784 1834/3263/1832 1686/3262/1684
f 1671/2973/1441 1835/3265/1833 1782/3163/1780
f 1671/2973/1441 1774/3147/1772 1835/3265/1833
f 1701/3026/1699 1757/3114/1755 1800/3205/1798
f 1749/3170/1747 1824/3246/1822 1788/3171/1786
f 1827/3252/1825 1716/3253/1714 1763/3148/1761
f 1770/3140/1768 1795/3192/1793 1832/3260/1830
f 1819/3236/1817 1760/3122/1758 1741/3087/1739
f 1802/3207/1800 1807/3266/1805 1740/3086/1738
f 1788/3171/1786 1824/3246/1822 1830/3258/1828
f 1767/3173/1765 1830/3258/1828 1789/3174/1787
f 1763/3148/1761 1765/3131/1763 1836/3267/1834
f 1750/3100/1748 1813/3226/1811 1794/3189/1792
f 1807/3214/1805 1837/3268/1835 1771/3142/1769
f 1802/3215/1800 1799/3204/1797 1833/3261/1831
f 1829/3256/1827 1669/3020/1668 1713/3045/1711
f 1766/3133/1764 1812/3225/1810 1838/3269/1836
f 1794/3220/1792 1839/3270/1837 1751/3102/1749
f 1840/3271/1838 1815/3230/1813 1810/3221/1808
f 1841/3272/1839 1805/3212/1803 1806/3213/1804
f 1743/3090/1741 1820/3238/1818 1707/3052/1705
f 1736/3216/1734 1808/3218/1806 1823/3245/1821
f 1751/3102/1749 1842/3273/1840 1754/3152/1752
f 1840/3271/1838 1843/3274/1841 1815/3230/1813
f 1843/3274/1841 1797/3202/1795 1815/3230/1813
f 1798/3275/1796 1844/3276/1842 1772/3277/1770
f 1798/3203/1796 1772/3144/1770 1712/3043/1710
f 1734/3080/1732 1845/3278/1843 1819/3236/1817
f 1772/3277/1770 1846/3279/1844 1785/3280/1783
f 1753/3107/1751 1847/3281/1845 1787/3169/1785
f 1774/3147/1772 1800/3205/1798 1848/3282/1846
f 1789/3174/1787 1849/3283/1847 1793/3187/1791
f 1731/3284/1729 1779/3285/1777 1850/3286/1848
f 1778/3182/1776 1825/3247/1823 1795/3287/1793
f 1771/3142/1769 1837/3268/1835 1801/3206/1799
f 1816/3231/1814 1851/3288/1849 1792/3185/1790
f 1792/3185/1790 1845/3289/1843 1734/3232/1732
f 1849/3283/1847 1852/3290/1850 1793/3187/1791
f 1775/3149/1773 1853/3291/1851 1813/3226/1811
f 1732/3241/1730 1831/3259/1829 1779/3285/1777
f 1842/3292/1840 1780/3158/1778 1754/3109/1752
f 1804/3211/1802 1854/3293/1852 1814/3228/1812
f 1797/3202/1795 1843/3274/1841 1825/3247/1823
f 1722/3060/1720 1855/3294/1853 1773/3146/1771
f 1765/3131/1763 1783/3164/1781 1836/3267/1834
f 1839/3270/1837 1842/3273/1840 1751/3102/1749
f 1805/3212/1803 1841/3272/1839 1804/3211/1802
f 1795/3295/1793 1825/3296/1823 1856/3297/1854
f 1844/3276/1842 1857/3298/1855 1772/3277/1770
f 1830/3258/1828 1849/3283/1847 1789/3174/1787
f 1766/3133/1764 1838/3269/1836 1783/3164/1781
f 1731/3075/1729 1850/3299/1848 1809/3219/1807
f 1781/3300/1779 1785/3301/1783 1828/3302/1826
f 1747/3097/1745 1773/3146/1771 1858/3303/1856
f 1753/3107/1751 1782/3224/1780 1847/3281/1845
f 1859/3304/1857 1849/3283/1847 1830/3258/1828
f 1827/3252/1825 1763/3148/1761 1836/3267/1834
f 1852/3290/1850 1860/3305/1858 1793/3187/1791
f 1860/3305/1858 1821/3254/1819 1793/3187/1791
f 1842/3273/1840 1861/3306/1859 1780/3307/1778
f 1814/3228/1812 1862/3308/1860 1822/3242/1820
f 1841/3272/1839 1854/3293/1852 1804/3211/1802
f 1798/3275/1796 1863/3309/1861 1844/3276/1842
f 1791/3184/1789 1864/3310/1862 1806/3213/1804
f 1744/3091/1742 1865/3311/1863 1757/3145/1755
f 1854/3293/1852 1862/3308/1860 1814/3228/1812
f 1840/3312/1838 1866/3313/1864 1843/3314/1841
f 1806/3213/1804 1867/3315/1865 1841/3272/1839
f 1796/3199/1794 1868/3316/1866 1798/3203/1796
f 1791/3193/1789 1801/3206/1799 1864/3317/1862
f 1742/3237/1740 1828/3318/1826 1743/3090/1741
f 1820/3238/1818 1869/3319/1867 1833/3261/1831
f 1744/3091/1742 1764/3128/1762 1870/3320/1868
f 1780/3321/1778 1861/3322/1859 1810/3323/1808
f 1871/3324/1869 1840/3312/1838 1810/3323/1808
f 1798/3275/1796 1868/3325/1866 1863/3309/1861
f 1872/3326/1870 1811/3327/1809 1760/3328/1758
f 1795/3192/1793 1856/3329/1854 1832/3260/1830
f 1828/3318/1826 1873/3330/1871 1743/3090/1741
f 1713/3045/1711 1834/3263/1832 1829/3256/1827
f 1775/3149/1773 1821/3239/1819 1853/3291/1851
f 1850/3286/1848 1779/3285/1777 1874/3331/1872
f 1871/3324/1869 1866/3313/1864 1840/3312/1838
f 1841/3272/1839 1867/3315/1865 1875/3332/1873
f 1819/3236/1817 1872/3333/1870 1760/3122/1758
f 1807/3334/1805 1876/3335/1874 1837/3336/1835
f 1816/3231/1814 1832/3260/1830 1851/3288/1849
f 1792/3185/1790 1877/3337/1875 1845/3289/1843
f 1747/3097/1745 1858/3303/1856 1764/3128/1762
f 1722/3129/1720 1735/3081/1733 1878/3338/1876
f 1813/3339/1811 1853/3340/1851 1879/3341/1877
f 1779/3285/1777 1831/3259/1829 1874/3331/1872
f 1811/3243/1809 1868/3316/1866 1796/3199/1794
f 1843/3314/1841 1880/3342/1878 1825/3296/1823
f 1825/3296/1823 1880/3342/1878 1856/3297/1854
f 1792/3185/1790 1851/3288/1849 1877/3337/1875
f 1824/3246/1822 1859/3304/1857 1830/3258/1828
f 1803/3209/1801 1818/3250/1816 1881/3343/1879
f 1783/3164/1781 1838/3269/1836 1882/3344/1880
f 1866/3313/1864 1880/3342/1878 1843/3314/1841
f 1820/3238/1818 1743/3090/1741 1873/3330/1871
f 1744/3091/1742 1870/3320/1868 1865/3311/1863
f 1813/3339/1811 1883/3345/1881 1839/3346/1837
f 1813/3339/1811 1839/3346/1837 1794/3347/1792
f 1862/3308/1860 1854/3293/1852 1884/3348/1882
f 1841/3272/1839 1875/3332/1873 1854/3293/1852
f 1819/3349/1817 1885/3350/1883 1872/3351/1870
f 1837/3268/1835 1886/3352/1884 1801/3206/1799
f 1823/3245/1821 1808/3218/1806 1887/3353/1885
f 1803/3354/1801 1888/3355/1886 1817/3356/1815
f 1803/3354/1801 1881/3357/1879 1888/3355/1886
f 1831/3259/1829 1822/3242/1820 1889/3358/1887
f 1861/3322/1859 1890/3359/1888 1810/3323/1808
f 1890/3359/1888 1871/3324/1869 1810/3323/1808
f 1880/3342/1878 1891/3360/1889 1856/3297/1854
f 1786/3361/1784 1817/3356/1815 1888/3355/1886
f 1892/3362/1890 1824/3246/1822 1823/3245/1821
f 1818/3250/1816 1827/3252/1825 1881/3343/1879
f 1836/3267/1834 1783/3164/1781 1882/3344/1880
f 1812/3225/1810 1809/3240/1807 1893/3363/1891
f 1772/3277/1770 1857/3298/1855 1846/3279/1844
f 1802/3364/1800 1894/3365/1892 1807/3366/1805
f 1774/3147/1772 1848/3282/1846 1835/3265/1833
f 1859/3304/1857 1895/3367/1893 1849/3283/1847
f 1895/3367/1893 1852/3290/1850 1849/3283/1847
f 1896/3368/1894 1827/3252/1825 1836/3267/1834
f 1822/3242/1820 1862/3308/1860 1889/3358/1887
f 1862/3369/1860 1884/3370/1882 1897/3371/1895
f 1863/3309/1861 1898/3372/1896 1844/3276/1842
f 1864/3310/1862 1867/3315/1865 1806/3213/1804
f 1866/3313/1864 1899/3373/1897 1880/3342/1878
f 1877/3374/1875 1900/3375/1898 1845/3376/1843
f 1832/3260/1830 1856/3329/1854 1901/3377/1899
f 1785/3301/1783 1902/3378/1900 1828/3302/1826
f 1786/3264/1784 1903/3379/1901 1834/3263/1832
f 1839/3270/1837 1904/3380/1902 1842/3273/1840
f 1846/3279/1844 1902/3381/1900 1785/3280/1783
f 1807/3334/1805 1894/3382/1892 1876/3335/1874
f 1757/3383/1755 1865/3384/1863 1905/3385/1903
f 1773/3146/1771 1855/3294/1853 1858/3303/1856
f 1824/3246/1822 1906/3386/1904 1859/3304/1857
f 1827/3252/1825 1896/3368/1894 1881/3343/1879
f 1860/3305/1858 1907/3387/1905 1821/3254/1819
f 1838/3269/1836 1908/3388/1906 1882/3344/1880
f 1813/3339/1811 1879/3341/1877 1883/3345/1881
f 1880/3342/1878 1899/3373/1897 1891/3360/1889
f 1722/3129/1720 1878/3338/1876 1855/3389/1853
f 1888/3390/1886 1903/3391/1901 1786/3392/1784
f 1812/3225/1810 1893/3363/1891 1838/3269/1836
f 1819/3349/1817 1909/3393/1907 1885/3350/1883
f 1802/3215/1800 1833/3261/1831 1894/3394/1892
f 1870/3320/1868 1764/3128/1762 1858/3303/1856
f 1826/3395/1824 1910/3396/1908 1808/3218/1806
f 1881/3397/1879 1911/3398/1909 1888/3390/1886
f 1881/3397/1879 1896/3399/1894 1911/3398/1909
f 1882/3344/1880 1912/3400/1910 1836/3267/1834
f 1913/3401/1911 1853/3340/1851 1821/3402/1819
f 1875/3332/1873 1914/3403/1912 1854/3293/1852
f 1872/3404/1870 1868/3405/1866 1811/3406/1809
f 1819/3349/1817 1845/3376/1843 1909/3393/1907
f 1832/3260/1830 1901/3377/1899 1851/3288/1849
f 1902/3378/1900 1915/3407/1913 1828/3302/1826
f 1757/3114/1755 1905/3408/1903 1800/3205/1798
f 1829/3256/1827 1878/3338/1876 1735/3081/1733
f 1824/3246/1822 1892/3362/1890 1906/3386/1904
f 1882/3344/1880 1908/3388/1906 1912/3400/1910
f 1916/3409/1914 1866/3313/1864 1871/3324/1869
f 1867/3315/1865 1917/3410/1915 1875/3332/1873
f 1850/3411/1848 1918/3412/1916 1809/3240/1807
f 1889/3358/1887 1919/3413/1917 1831/3259/1829
f 1890/3359/1888 1916/3409/1914 1871/3324/1869
f 1854/3293/1852 1914/3403/1912 1884/3348/1882
f 1820/3238/1818 1920/3414/1918 1869/3319/1867
f 1869/3319/1867 1921/3415/1919 1833/3261/1831
f 1834/3263/1832 1922/3416/1920 1829/3256/1827
f 1834/3417/1832 1903/3418/1901 1922/3419/1920
f 1896/3399/1894 1923/3420/1921 1911/3398/1909
f 1874/3421/1872 1831/3422/1829 1919/3423/1917
f 1868/3325/1866 1924/3424/1922 1863/3309/1861
f 1856/3297/1854 1891/3360/1889 1901/3425/1899
f 1833/3426/1831 1921/3427/1919 1894/3382/1892
f 1836/3267/1834 1912/3400/1910 1925/3428/1923
f 1866/3313/1864 1916/3409/1914 1926/3429/1924
f 1900/3375/1898 1909/3393/1907 1845/3376/1843
f 1894/3382/1892 1927/3430/1925 1876/3335/1874
f 1829/3256/1827 1922/3416/1920 1878/3338/1876
f 1847/3281/1845 1826/3248/1824 1787/3169/1785
f 1836/3267/1834 1925/3428/1923 1896/3368/1894
f 1907/3431/1905 1913/3401/1911 1821/3402/1819
f 1853/3340/1851 1928/3432/1926 1879/3341/1877
f 1838/3269/1836 1893/3363/1891 1908/3388/1906
f 1842/3273/1840 1929/3433/1927 1861/3306/1859
f 1862/3308/1860 1897/3434/1895 1889/3358/1887
f 1866/3313/1864 1926/3429/1924 1899/3373/1897
f 1857/3298/1855 1844/3276/1842 1930/3435/1928
f 1801/3436/1799 1931/3437/1929 1864/3438/1862
f 1828/3302/1826 1915/3407/1913 1873/3439/1871
f 1820/3238/1818 1873/3330/1871 1920/3414/1918
f 1888/3390/1886 1932/3440/1930 1933/3441/1931
f 1888/3390/1886 1911/3398/1909 1932/3440/1930
f 1853/3340/1851 1913/3401/1911 1928/3432/1926
f 1904/3380/1902 1929/3433/1927 1842/3273/1840
f 1934/3442/1932 1890/3359/1888 1861/3322/1859
f 1890/3359/1888 1934/3442/1932 1916/3409/1914
f 1872/3404/1870 1924/3443/1922 1868/3405/1866
f 1864/3444/1862 1931/3445/1929 1935/3446/1933
f 1901/3447/1899 1936/3448/1934 1851/3449/1849
f 1851/3449/1849 1936/3448/1934 1877/3450/1875
f 1837/3336/1835 1876/3335/1874 1886/3451/1884
f 1847/3281/1845 1937/3452/1935 1826/3248/1824
f 1847/3281/1845 1782/3224/1780 1938/3453/1936
f 1895/3367/1893 1939/3454/1937 1852/3290/1850
f 1809/3240/1807 1918/3412/1916 1893/3363/1891
f 1839/3346/1837 1883/3345/1881 1940/3455/1938
f 1940/3456/1938 1904/3457/1902 1839/3458/1837
f 1901/3459/1899 1891/3460/1889 1941/3461/1939
f 1901/3447/1899 1942/3462/1940 1936/3448/1934
f 1920/3414/1918 1943/3463/1941 1869/3319/1867
f 1858/3464/1856 1855/3465/1853 1944/3466/1942
f 1888/3390/1886 1933/3441/1931 1903/3391/1901
f 1859/3304/1857 1906/3386/1904 1895/3367/1893
f 1919/3467/1917 1889/3468/1887 1945/3469/1943
f 1929/3470/1927 1934/3471/1932 1861/3472/1859
f 1946/3473/1944 1924/3443/1922 1872/3404/1870
f 1930/3435/1928 1846/3279/1844 1857/3298/1855
f 1944/3466/1942 1947/3474/1945 1858/3464/1856
f 1887/3353/1885 1808/3218/1806 1910/3396/1908
f 1932/3440/1930 1911/3398/1909 1923/3420/1921
f 1929/3475/1927 1948/3476/1946 1934/3477/1932
f 1945/3469/1943 1889/3468/1887 1897/3371/1895
f 1934/3478/1932 1949/3479/1947 1916/3480/1914
f 1801/3436/1799 1886/3451/1884 1931/3437/1929
f 1891/3460/1889 1950/3481/1948 1941/3461/1939
f 1858/3482/1856 1947/3483/1945 1870/3484/1868
f 1823/3245/1821 1887/3353/1885 1892/3362/1890
f 1879/3341/1877 1951/3485/1949 1883/3345/1881
f 1867/3486/1865 1935/3487/1933 1917/3488/1915
f 1885/3350/1883 1946/3489/1944 1872/3351/1870
f 1924/3443/1922 1898/3490/1896 1863/3491/1861
f 1864/3492/1862 1935/3487/1933 1867/3486/1865
f 1926/3429/1924 1950/3493/1948 1899/3373/1897
f 1899/3373/1897 1950/3493/1948 1891/3360/1889
f 1894/3382/1892 1921/3427/1919 1927/3430/1925
f 1865/3494/1863 1952/3495/1950 1905/3496/1903
f 1848/3282/1846 1800/3205/1798 1953/3497/1951
f 1852/3290/1850 1939/3454/1937 1860/3305/1858
f 1907/3431/1905 1954/3498/1952 1913/3401/1911
f 1879/3341/1877 1928/3432/1926 1951/3485/1949
f 1850/3499/1848 1874/3500/1872 1918/3501/1916
f 1884/3370/1882 1955/3502/1953 1897/3371/1895
f 1884/3370/1882 1914/3503/1912 1955/3502/1953
f 1916/3409/1914 1949/3504/1947 1926/3429/1924
f 1844/3276/1842 1898/3372/1896 1956/3505/1954
f 1941/3461/1939 1957/3506/1955 1901/3459/1899
f 1782/3507/1780 1958/3508/1956 1938/3509/1936
f 1906/3386/1904 1959/3510/1957 1895/3367/1893
f 1895/3511/1893 1959/3512/1957 1939/3513/1937
f 1844/3276/1842 1956/3505/1954 1930/3435/1928
f 1903/3418/1901 1960/3514/1958 1922/3419/1920
f 1932/3440/1930 1923/3420/1921 1961/3515/1959
f 1875/3516/1873 1962/3517/1960 1914/3503/1912
f 1875/3516/1873 1917/3488/1915 1962/3517/1960
f 1909/3393/1907 1963/3518/1961 1885/3350/1883
f 1926/3519/1924 1964/3520/1962 1950/3481/1948
f 1877/3374/1875 1965/3521/1963 1900/3375/1898
f 1846/3279/1844 1930/3435/1928 1966/3522/1964
f 1876/3335/1874 1927/3430/1925 1886/3451/1884
f 1892/3523/1890 1887/3524/1885 1967/3525/1965
f 1782/3163/1780 1835/3265/1833 1968/3526/1966
f 1932/3440/1930 1961/3515/1959 1969/3527/1967
f 1896/3399/1894 1925/3528/1923 1970/3529/1968
f 1971/3530/1969 1907/3431/1905 1860/3531/1858
f 1940/3456/1938 1929/3475/1927 1904/3457/1902
f 1900/3375/1898 1972/3532/1970 1909/3393/1907
f 1870/3484/1868 1947/3483/1945 1973/3533/1971
f 1974/3534/1972 1855/3389/1853 1878/3338/1876
f 1903/3418/1901 1975/3535/1973 1960/3514/1958
f 1896/3399/1894 1970/3529/1968 1923/3420/1921
f 1897/3371/1895 1955/3502/1953 1976/3536/1974
f 1955/3502/1953 1914/3503/1912 1977/3537/1975
f 1949/3479/1947 1978/3538/1976 1926/3519/1924
f 1877/3374/1875 1936/3539/1934 1965/3521/1963
f 1846/3279/1844 1966/3522/1964 1902/3381/1900
f 1848/3540/1846 1979/3541/1977 1835/3542/1833
f 1903/3391/1901 1933/3441/1931 1975/3543/1973
f 1883/3345/1881 1951/3485/1949 1940/3455/1938
f 1914/3503/1912 1962/3517/1960 1977/3537/1975
f 1885/3350/1883 1963/3518/1961 1946/3489/1944
f 1901/3447/1899 1957/3544/1955 1942/3462/1940
f 1847/3545/1845 1938/3546/1936 1937/3547/1935
f 1906/3548/1904 1980/3549/1978 1959/3512/1957
f 1860/3531/1858 1939/3550/1937 1971/3530/1969
f 1981/3551/1979 1928/3432/1926 1913/3401/1911
f 1874/3500/1872 1919/3552/1917 1982/3553/1980
f 1978/3538/1976 1964/3520/1962 1926/3519/1924
f 1915/3407/1913 1983/3554/1981 1873/3439/1871
f 1943/3463/1941 1920/3414/1918 1984/3555/1982
f 1826/3556/1824 1985/3557/1983 1910/3558/1908
f 1892/3523/1890 1980/3549/1978 1906/3548/1904
f 1924/3443/1922 1986/3559/1984 1898/3490/1896
f 1946/3473/1944 1987/3560/1985 1924/3443/1922
f 1950/3481/1948 1964/3520/1962 1988/3561/1986
f 1988/3561/1986 1941/3461/1939 1950/3481/1948
f 1921/3427/1919 1989/3562/1987 1927/3430/1925
f 1873/3439/1871 1983/3554/1981 1920/3563/1918
f 1973/3533/1971 1865/3564/1863 1870/3484/1868
f 1878/3565/1876 1990/3566/1988 1974/3567/1972
f 1878/3565/1876 1922/3419/1920 1990/3566/1988
f 1905/3408/1903 1953/3497/1951 1800/3205/1798
f 1932/3440/1930 1969/3527/1967 1933/3441/1931
f 1918/3501/1916 1874/3500/1872 1991/3568/1989
f 1919/3467/1917 1992/3569/1990 1982/3570/1980
f 1909/3393/1907 1993/3571/1991 1963/3518/1961
f 1900/3375/1898 1965/3521/1963 1972/3532/1970
f 1943/3572/1941 1921/3427/1919 1869/3573/1867
f 1970/3529/1968 1994/3574/1992 1923/3420/1921
f 1912/3575/1910 1995/3576/1993 1925/3528/1923
f 1981/3551/1979 1996/3577/1994 1928/3432/1926
f 1893/3578/1891 1918/3501/1916 1991/3568/1989
f 1919/3467/1917 1945/3469/1943 1992/3569/1990
f 1955/3502/1953 1977/3537/1975 1997/3579/1995
f 1935/3487/1933 1998/3580/1996 1917/3488/1915
f 1986/3559/1984 1924/3443/1922 1987/3560/1985
f 1826/3581/1824 1937/3547/1935 1985/3582/1983
f 1970/3529/1968 1925/3528/1923 1995/3576/1993
f 1908/3388/1906 1999/3583/1997 1912/3400/1910
f 1954/3498/1952 1981/3551/1979 1913/3401/1911
f 1996/3577/1994 1951/3485/1949 1928/3432/1926
f 1940/3456/1938 2000/3584/1998 1929/3475/1927
f 1942/3462/1940 2001/3585/1999 1936/3448/1934
f 1936/3448/1934 2001/3585/1999 2002/3586/2000
f 1936/3539/1934 2002/3587/2000 1965/3521/1963
f 1970/3529/1968 1995/3576/1993 2003/3588/2001
f 1927/3430/1925 1989/3562/1987 2004/3589/2002
f 2004/3589/2002 2005/3590/2003 1927/3430/1925
f 1927/3430/1925 2005/3590/2003 1886/3451/1884
f 1952/3591/1950 1953/3592/1951 1905/3593/1903
f 1865/3564/1863 1973/3533/1971 2006/3594/2004
f 1959/3512/1957 2007/3595/2005 1939/3513/1937
f 2008/3596/2006 1949/3479/1947 1934/3478/1932
f 1955/3502/1953 1997/3579/1995 1976/3536/1974
f 1931/3445/1929 2009/3597/2007 1935/3446/1933
f 2005/3590/2003 1931/3437/1929 1886/3451/1884
f 1966/3522/1964 2010/3598/2008 1902/3381/1900
f 1947/3474/1945 1944/3466/1942 2011/3599/2009
f 1968/3600/1966 1958/3601/1956 1782/3602/1780
f 1912/3575/1910 1999/3603/1997 1995/3576/1993
f 1874/3500/1872 1982/3553/1980 1991/3568/1989
f 1945/3469/1943 1897/3371/1895 1976/3536/1974
f 1935/3487/1933 2009/3604/2007 1998/3580/1996
f 1972/3532/1970 1993/3571/1991 1909/3393/1907
f 1963/3518/1961 1993/3571/1991 2012/3605/2010
f 1988/3561/1986 2013/3606/2011 1941/3461/1939
f 1942/3462/1940 1957/3544/1955 2014/3607/2012
f 1865/3564/1863 2006/3594/2004 1952/3608/1950
f 1910/3558/1908 2015/3609/2013 1887/3524/1885
f 1980/3549/1978 1892/3523/1890 2016/3610/2014
f 1959/3512/1957 1980/3549/1978 2007/3595/2005
f 1970/3529/1968 2003/3588/2001 1994/3574/1992
f 1951/3485/1949 2017/3611/2015 1940/3455/1938
f 1929/3475/1927 2000/3584/1998 1948/3476/1946
f 1949/3479/1947 2018/3612/2016 1978/3538/1976
f 1962/3517/1960 2019/3613/2017 1977/3537/1975
f 1998/3580/1996 1962/3517/1960 1917/3488/1915
f 1941/3461/1939 2013/3606/2011 1957/3506/1955
f 1902/3381/1900 2010/3598/2008 1915/3614/1913
f 1848/3615/1846 1953/3616/1951 1979/3617/1977
f 1933/3441/1931 1969/3527/1967 1975/3543/1973
f 1908/3388/1906 1893/3363/1891 1999/3583/1997
f 1893/3578/1891 1991/3568/1989 2020/3618/2018
f 2000/3584/1998 2021/3619/2019 1948/3476/1946
f 1978/3538/1976 2022/3620/2020 1964/3520/1962
f 1898/3621/1896 2023/3622/2021 1956/3623/1954
f 1931/3445/1929 2024/3624/2022 2009/3597/2007
f 1988/3561/1986 2025/3625/2023 2013/3606/2011
f 1947/3474/1945 2011/3599/2009 1973/3626/1971
f 1887/3524/1885 2015/3609/2013 1967/3525/1965
f 1979/3541/1977 1968/3600/1966 1835/3542/1833
f 2008/3596/2006 2018/3612/2016 1949/3479/1947
f 1962/3517/1960 1998/3580/1996 2019/3613/2017
f 1964/3520/1962 2025/3625/2023 1988/3561/1986
f 2026/3627/2024 1972/3532/1970 1965/3521/1963
f 1942/3462/1940 2014/3607/2012 2001/3585/1999
f 1920/3563/1918 1983/3554/1981 2027/3628/2025
f 1971/3530/1969 2028/3629/2026 1907/3431/1905
f 1999/3583/1997 1893/3363/1891 2020/3630/2018
f 1992/3569/1990 1945/3469/1943 2029/3631/2027
f 1945/3469/1943 1976/3536/1974 2030/3632/2028
f 1976/3536/1974 1997/3579/1995 2031/3633/2029
f 1978/3538/1976 2018/3612/2016 2022/3620/2020
f 1964/3520/1962 2022/3620/2020 2025/3625/2023
f 1956/3505/1954 2032/3634/2030 1930/3435/1928
f 1957/3506/1955 2013/3606/2011 2014/3635/2012
f 2001/3636/1999 2033/3637/2031 2002/3638/2000
f 1915/3407/1913 2010/3639/2008 1983/3554/1981
f 1920/3563/1918 2027/3628/2025 1984/3640/1982
f 1921/3427/1919 2034/3641/2032 1989/3562/1987
f 1922/3419/1920 1960/3514/1958 1990/3566/1988
f 1931/3445/1929 2035/3642/2033 2024/3624/2022
f 1930/3435/1928 2036/3643/2034 1966/3522/1964
f 1855/3644/1853 1974/3645/1972 2037/3646/2035
f 2016/3610/2014 2038/3647/2036 1980/3549/1978
f 2007/3595/2005 1971/3648/1969 1939/3513/1937
f 1907/3431/1905 2028/3629/2026 1954/3498/1952
f 1991/3568/1989 2039/3649/2037 2020/3618/2018
f 1948/3476/1946 2040/3650/2038 1934/3477/1932
f 1986/3651/1984 2023/3622/2021 1898/3621/1896
f 1946/3473/1944 2041/3652/2039 1987/3560/1985
f 2002/3587/2000 2026/3627/2024 1965/3521/1963
f 1892/3523/1890 1967/3525/1965 2016/3610/2014
f 1980/3549/1978 2038/3647/2036 2007/3595/2005
f 2004/3589/2002 2042/3653/2040 2005/3590/2003
f 1958/3601/1956 1968/3600/1966 2043/3654/2041
f 1940/3455/1938 2017/3611/2015 2000/3655/1998
f 1976/3536/1974 2031/3633/2029 2030/3632/2028
f 2018/3612/2016 2044/3656/2042 2022/3620/2020
f 2022/3620/2020 2044/3656/2042 2025/3625/2023
f 1956/3623/1954 2023/3622/2021 2032/3657/2030
f 2045/3658/2043 1993/3571/1991 1972/3532/1970
f 2046/3659/2044 1996/3577/1994 1981/3551/1979
f 2017/3611/2015 1951/3485/1949 1996/3577/1994
f 2029/3631/2027 1945/3469/1943 2030/3632/2028
f 2047/3660/2045 2044/3656/2042 2018/3612/2016
f 2048/3661/2046 2026/3627/2024 2002/3587/2000
f 1963/3518/1961 2012/3605/2010 2041/3662/2039
f 1946/3473/1944 1963/3663/1961 2041/3652/2039
f 2025/3625/2023 2049/3664/2047 2013/3606/2011
f 2014/3665/2012 2050/3666/2048 2001/3636/1999
f 1966/3522/1964 2051/3667/2049 2010/3598/2008
f 1921/3427/1919 1943/3572/1941 2034/3641/2032
f 1952/3591/1950 2052/3668/2050 1953/3592/1951
f 2000/3584/1998 2053/3669/2051 2021/3619/2019
f 2021/3619/2019 2040/3650/2038 1948/3476/1946
f 1934/3477/1932 2040/3650/2038 2008/3670/2006
f 1977/3537/1975 2019/3613/2017 2054/3671/2052
f 2048/3661/2046 2055/3672/2053 2026/3627/2024
f 1993/3571/1991 2045/3658/2043 2012/3605/2010
f 2041/3652/2039 2056/3673/2054 1987/3560/1985
f 2024/3674/2022 2057/3675/2055 2009/3604/2007
f 2049/3664/2047 2058/3676/2056 2013/3606/2011
f 1930/3435/1928 2032/3634/2030 2036/3643/2034
f 1989/3562/1987 2034/3641/2032 2059/3677/2057
f 1938/3546/1936 2060/3678/2058 1937/3547/1935
f 1958/3508/1956 2060/3679/2058 1938/3509/1936
f 1969/3527/1967 2061/3680/2059 1975/3543/1973
f 1969/3527/1967 2062/3681/2060 2061/3680/2059
f 1923/3420/1921 1994/3574/1992 1961/3515/1959
f 2017/3682/2015 2053/3669/2051 2000/3584/1998
f 1982/3553/1980 1992/3683/1990 2063/3684/2061
f 2053/3669/2051 2064/3685/2062 2021/3619/2019
f 1977/3537/1975 2054/3671/2052 1997/3579/1995
f 2009/3604/2007 2057/3675/2055 1998/3580/1996
f 2033/3686/2031 2048/3661/2046 2002/3587/2000
f 1989/3562/1987 2065/3687/2063 2004/3589/2002
f 2004/3589/2002 2065/3687/2063 2042/3653/2040
f 2010/3598/2008 2066/3688/2064 1983/3689/1981
f 2037/3690/2035 1944/3691/1942 1855/3692/1853
f 1974/3567/1972 1990/3566/1988 2067/3693/2065
f 1960/3514/1958 2068/3694/2066 1990/3566/1988
f 2015/3609/2013 1910/3558/1908 2069/3695/2067
f 2069/3695/2067 1910/3558/1908 1985/3557/1983
f 2070/3696/2068 1985/3582/1983 1937/3547/1935
f 1975/3535/1973 2068/3694/2066 1960/3514/1958
f 2038/3647/2036 2071/3697/2069 2007/3595/2005
f 1982/3553/1980 2072/3698/2070 1991/3568/1989
f 2047/3660/2045 2018/3612/2016 2008/3596/2006
f 2026/3627/2024 2045/3658/2043 1972/3532/1970
f 2042/3699/2040 2073/3700/2071 2005/3701/2003
f 2035/3642/2033 1931/3445/1929 2005/3701/2003
f 2051/3667/2049 1966/3522/1964 2036/3643/2034
f 2059/3677/2057 2065/3687/2063 1989/3562/1987
f 2074/3702/2072 1983/3554/1981 2066/3703/2064
f 1969/3527/1967 1961/3515/1959 2062/3681/2060
f 2007/3595/2005 2028/3704/2026 1971/3648/1969
f 1981/3551/1979 1954/3498/1952 2075/3705/2073
f 2040/3706/2038 2047/3660/2045 2008/3596/2006
f 2044/3656/2042 2049/3664/2047 2025/3625/2023
f 1986/3707/1984 2076/3708/2074 2023/3709/2021
f 2013/3606/2011 2058/3676/2056 2014/3635/2012
f 2050/3666/2048 2077/3710/2075 2001/3636/1999
f 1990/3711/1988 2068/3712/2066 2078/3713/2076
f 2072/3698/2070 1982/3553/1980 2063/3684/2061
f 2053/3669/2051 2079/3714/2077 2064/3685/2062
f 2080/3715/2078 2045/3658/2043 2026/3627/2024
f 2051/3667/2049 2066/3688/2064 2010/3598/2008
f 2074/3702/2072 2027/3628/2025 1983/3554/1981
f 1984/3716/1982 2081/3717/2079 1943/3572/1941
f 1952/3608/1950 2082/3718/2080 2052/3719/2050
f 1973/3533/1971 2083/3720/2081 2006/3594/2004
f 1944/3466/1942 2084/3721/2082 2011/3599/2009
f 2085/3722/2083 2075/3705/2073 1954/3498/1952
f 2039/3649/2037 1991/3568/1989 2072/3698/2070
f 2021/3619/2019 2086/3723/2084 2040/3650/2038
f 2047/3660/2045 2087/3724/2085 2044/3656/2042
f 2042/3725/2040 2088/3726/2086 2073/3727/2071
f 2005/3701/2003 2073/3700/2071 2035/3642/2033
f 2006/3594/2004 2082/3718/2080 1952/3608/1950
f 2016/3610/2014 2089/3728/2087 2038/3647/2036
f 2090/3729/2088 2079/3714/2077 2053/3669/2051
f 2064/3685/2062 2086/3723/2084 2021/3619/2019
f 1992/3569/1990 2029/3631/2027 2063/3730/2061
f 2030/3632/2028 2031/3633/2029 2091/3731/2089
f 1998/3580/1996 2057/3675/2055 2019/3613/2017
f 1987/3560/1985 2056/3673/2054 1986/3559/1984
f 2023/3732/2021 2076/3733/2074 2092/3734/2090
f 2058/3676/2056 2093/3735/2091 2014/3635/2012
f 2032/3657/2030 2094/3736/2092 2036/3737/2034
f 1984/3738/1982 2027/3739/2025 2095/3740/2093
f 2081/3717/2079 2034/3641/2032 1943/3572/1941
f 2096/3741/2094 2043/3654/2041 1968/3600/1966
f 1967/3525/1965 2097/3742/2095 2016/3610/2014
f 2071/3697/2069 2028/3704/2026 2007/3595/2005
f 1954/3498/1952 2028/3629/2026 2085/3722/2083
f 1996/3577/1994 2098/3743/2096 2017/3611/2015
f 2086/3723/2084 2099/3744/2097 2040/3650/2038
f 2047/3660/2045 2100/3745/2098 2087/3724/2085
f 2001/3636/1999 2077/3710/2075 2033/3637/2031
f 2014/3665/2012 2093/3746/2091 2050/3666/2048
f 2081/3717/2079 2059/3677/2057 2034/3641/2032
f 1990/3711/1988 2078/3713/2076 2067/3747/2065
f 2043/3748/2041 2060/3679/2058 1958/3508/1956
f 1961/3515/1959 2101/3749/2099 2062/3681/2060
f 1981/3551/1979 2075/3705/2073 2046/3659/2044
f 2017/3611/2015 2098/3743/2096 2102/3750/2100
f 2029/3631/2027 2030/3632/2028 2091/3731/2089
f 1997/3579/1995 2054/3671/2052 2103/3751/2101
f 2041/3752/2039 2012/3753/2010 2104/3754/2102
f 2084/3755/2082 1944/3691/1942 2037/3690/2035
f 2003/3756/2001 1995/3757/1993 2105/3758/2103
f 2106/3759/2104 2053/3669/2051 2017/3682/2015
f 2107/3760/2105 2047/3761/2045 2040/3650/2038
f 2103/3751/2101 2031/3633/2029 1997/3579/1995
f 2087/3724/2085 2049/3664/2047 2044/3656/2042
f 2054/3671/2052 2019/3613/2017 2057/3675/2055
f 2108/3762/2106 2056/3763/2054 2041/3764/2039
f 2092/3765/2090 2032/3657/2030 2023/3622/2021
f 2092/3765/2090 2094/3736/2092 2032/3657/2030
f 2109/3766/2107 2035/3642/2033 2073/3700/2071
f 1953/3592/1951 2052/3668/2050 2110/3767/2108
f 2062/3768/2060 2101/3769/2099 2111/3770/2109
f 1961/3515/1959 1994/3574/1992 2101/3749/2099
f 1994/3771/1992 2003/3756/2001 2112/3772/2110
f 1999/3773/1997 2020/3774/2018 2113/3775/2111
f 1996/3577/1994 2046/3659/2044 2098/3743/2096
f 2031/3633/2029 2103/3751/2101 2091/3731/2089
f 2077/3710/2075 2114/3776/2112 2033/3637/2031
f 2067/3777/2065 2037/3778/2035 1974/3779/1972
f 1967/3525/1965 2115/3780/2113 2097/3742/2095
f 2060/3678/2058 2116/3781/2114 1937/3547/1935
f 1979/3541/1977 2096/3741/2094 1968/3600/1966
f 2061/3782/2059 2062/3768/2060 2111/3770/2109
f 2102/3750/2100 2106/3783/2104 2017/3611/2015
f 2053/3669/2051 2106/3759/2104 2090/3729/2088
f 2090/3729/2088 2117/3784/2115 2079/3714/2077
f 2064/3685/2062 2118/3785/2116 2086/3723/2084
f 2099/3744/2097 2107/3760/2105 2040/3650/2038
f 2054/3671/2052 2057/3675/2055 2119/3786/2117
f 2049/3664/2047 2120/3787/2118 2058/3676/2056
f 2041/3752/2039 2104/3754/2102 2121/3788/2119
f 2041/3764/2039 2121/3789/2119 2108/3762/2106
f 2035/3790/2033 2122/3791/2120 2024/3674/2022
f 2059/3677/2057 2123/3792/2121 2065/3687/2063
f 1953/3616/1951 2110/3793/2108 1979/3617/1977
f 2038/3647/2036 2089/3728/2087 2124/3794/2122
f 1994/3771/1992 2112/3772/2110 2101/3795/2099
f 2113/3796/2111 2020/3618/2018 2039/3649/2037
f 2039/3649/2037 2072/3698/2070 2125/3797/2123
f 2126/3798/2124 2099/3744/2097 2086/3723/2084
f 2063/3799/2061 2029/3800/2027 2127/3801/2125
f 2114/3802/2112 2048/3661/2046 2033/3686/2031
f 2055/3672/2053 2080/3715/2078 2026/3627/2024
f 2128/3803/2126 1986/3707/1984 2056/3804/2054
f 2128/3803/2126 2076/3708/2074 1986/3707/1984
f 2129/3805/2127 2114/3776/2112 2077/3710/2075
f 2057/3675/2055 2024/3674/2022 2122/3791/2120
f 2088/3726/2086 2042/3725/2040 2065/3806/2063
f 1973/3626/1971 2011/3599/2009 2130/3807/2128
f 2115/3780/2113 1967/3525/1965 2015/3609/2013
f 2131/3808/2129 1985/3582/1983 2070/3696/2068
f 2097/3742/2095 2089/3728/2087 2016/3610/2014
f 1995/3757/1993 1999/3773/1997 2105/3758/2103
f 2106/3759/2104 2117/3784/2115 2090/3729/2088
f 2117/3784/2115 2118/3785/2116 2079/3714/2077
f 2079/3714/2077 2118/3785/2116 2064/3685/2062
f 2086/3723/2084 2118/3785/2116 2126/3798/2124
f 2132/3809/2130 2055/3672/2053 2048/3661/2046
f 2058/3810/2056 2133/3811/2131 2093/3746/2091
f 2076/3733/2074 2134/3812/2132 2092/3734/2090
f 2122/3813/2120 2119/3814/2117 2057/3815/2055
f 2093/3746/2091 2135/3816/2133 2050/3666/2048
f 2094/3817/2092 2136/3818/2134 2036/3819/2034
f 2074/3702/2072 2137/3820/2135 2027/3628/2025
f 2059/3677/2057 2081/3717/2079 2123/3792/2121
f 2011/3599/2009 2084/3721/2082 2130/3807/2128
f 1985/3582/1983 2131/3808/2129 2069/3821/2067
f 1937/3547/1935 2116/3781/2114 2070/3696/2068
f 2112/3772/2110 2003/3756/2001 2105/3758/2103
f 2047/3822/2045 2107/3823/2105 2100/3824/2098
f 2054/3671/2052 2138/3825/2136 2103/3751/2101
f 2050/3666/2048 2129/3805/2127 2077/3710/2075
f 2036/3819/2034 2136/3818/2134 2139/3826/2137
f 1984/3738/1982 2095/3740/2093 2081/3827/2079
f 2036/3643/2034 2139/3828/2137 2051/3667/2049
f 2006/3594/2004 2083/3720/2081 2082/3718/2080
f 2102/3750/2100 2140/3829/2138 2106/3783/2104
f 2048/3830/2046 2114/3831/2112 2132/3832/2130
f 2045/3658/2043 2080/3715/2078 2141/3833/2139
f 2012/3605/2010 2045/3658/2043 2142/3834/2140
f 2076/3733/2074 2143/3835/2141 2134/3812/2132
f 2135/3816/2133 2129/3805/2127 2050/3666/2048
f 2144/3836/2142 2110/3767/2108 2052/3668/2050
f 2038/3647/2036 2124/3794/2122 2071/3697/2069
f 2145/3837/2143 2063/3684/2061 2127/3838/2125
f 2138/3839/2136 2054/3840/2052 2119/3814/2117
f 2120/3787/2118 2049/3664/2047 2087/3724/2085
f 2142/3834/2140 2104/3841/2102 2012/3605/2010
f 2108/3762/2106 2128/3842/2126 2056/3763/2054
f 2092/3765/2090 2136/3843/2134 2094/3736/2092
f 2065/3806/2063 2146/3844/2144 2088/3726/2086
f 2027/3739/2025 2137/3845/2135 2095/3740/2093
f 2051/3667/2049 2139/3828/2137 2066/3688/2064
f 1973/3626/1971 2130/3807/2128 2147/3846/2145
f 2069/3847/2067 2148/3848/2146 2015/3849/2013
f 2105/3758/2103 1999/3773/1997 2149/3850/2147
f 2072/3698/2070 2063/3684/2061 2145/3837/2143
f 2099/3744/2097 2150/3851/2148 2107/3760/2105
f 2092/3852/2090 2151/3853/2149 2136/3818/2134
f 2123/3792/2121 2146/3854/2144 2065/3687/2063
f 1975/3535/1973 2061/3855/2059 2068/3694/2066
f 2101/3769/2099 2152/3856/2150 2111/3770/2109
f 2153/3857/2151 2085/3722/2083 2028/3629/2026
f 1999/3773/1997 2113/3775/2111 2149/3850/2147
f 2098/3743/2096 2154/3858/2152 2102/3750/2100
f 2126/3798/2124 2150/3851/2148 2099/3744/2097
f 2141/3833/2139 2155/3859/2153 2045/3658/2043
f 2045/3658/2043 2155/3859/2153 2142/3834/2140
f 2104/3754/2102 2156/3860/2154 2121/3788/2119
f 2076/3708/2074 2128/3803/2126 2143/3861/2141
f 2122/3813/2120 2157/3862/2155 2119/3814/2117
f 2081/3827/2079 2095/3740/2093 2158/3863/2156
f 2112/3772/2110 2152/3864/2150 2101/3795/2099
f 2159/3865/2157 2112/3772/2110 2105/3758/2103
f 2160/3866/2158 2117/3784/2115 2106/3759/2104
f 2161/3867/2159 2100/3824/2098 2107/3823/2105
f 2162/3868/2160 2055/3869/2053 2132/3832/2130
f 2120/3787/2118 2133/3870/2131 2058/3676/2056
f 2133/3811/2131 2135/3816/2133 2093/3746/2091
f 2163/3871/2161 2114/3776/2112 2129/3805/2127
f 2164/3872/2162 2074/3873/2072 2066/3688/2064
f 2111/3770/2109 2165/3874/2163 2061/3782/2059
f 2071/3875/2069 2153/3876/2151 2028/3877/2026
f 2046/3659/2044 2154/3858/2152 2098/3743/2096
f 2166/3878/2164 2126/3798/2124 2118/3785/2116
f 2156/3879/2154 2104/3841/2102 2142/3834/2140
f 2109/3766/2107 2167/3880/2165 2035/3642/2033
f 2167/3881/2165 2122/3813/2120 2035/3882/2033
f 2088/3726/2086 2146/3844/2144 2168/3883/2166
f 2137/3845/2135 2169/3884/2167 2095/3740/2093
f 2081/3717/2079 2158/3885/2156 2123/3792/2121
f 2039/3649/2037 2125/3797/2123 2113/3796/2111
f 2103/3886/2101 2170/3887/2168 2091/3888/2089
f 2103/3886/2101 2138/3839/2136 2170/3887/2168
f 2055/3672/2053 2171/3889/2169 2080/3715/2078
f 2088/3726/2086 2172/3890/2170 2073/3727/2071
f 2158/3885/2156 2173/3891/2171 2123/3792/2121
f 2123/3892/2121 2173/3893/2171 2146/3844/2144
f 2084/3755/2082 2037/3690/2035 2174/3894/2172
f 2083/3895/2081 1973/3896/1971 2147/3897/2145
f 2124/3898/2122 2175/3899/2173 2071/3875/2069
f 2154/3858/2152 2140/3829/2138 2102/3750/2100
f 2176/3900/2174 2120/3901/2118 2087/3902/2085
f 2162/3868/2160 2171/3903/2169 2055/3869/2053
f 2177/3904/2175 2052/3668/2050 2082/3905/2080
f 2178/3906/2176 2046/3659/2044 2075/3705/2073
f 2072/3698/2070 2145/3837/2143 2179/3907/2177
f 2160/3866/2158 2106/3759/2104 2140/3908/2138
f 2180/3909/2178 2127/3801/2125 2029/3800/2027
f 2150/3910/2148 2161/3867/2159 2107/3823/2105
f 2029/3800/2027 2091/3888/2089 2181/3911/2179
f 2176/3912/2174 2087/3724/2085 2100/3745/2098
f 2138/3839/2136 2119/3814/2117 2182/3913/2180
f 2122/3813/2120 2167/3881/2165 2157/3862/2155
f 2121/3788/2119 2156/3860/2154 2183/3914/2181
f 2121/3788/2119 2183/3914/2181 2108/3915/2106
f 2134/3812/2132 2151/3916/2149 2092/3734/2090
f 2095/3740/2093 2169/3884/2167 2158/3863/2156
f 2115/3917/2113 2184/3918/2182 2097/3919/2095
f 2015/3849/2013 2148/3848/2146 2115/3917/2113
f 2069/3821/2067 2131/3808/2129 2148/3920/2146
f 2061/3782/2059 2165/3874/2163 2068/3712/2066
f 2068/3712/2066 2165/3874/2163 2185/3921/2183
f 2165/3874/2163 2111/3770/2109 2152/3856/2150
f 2112/3772/2110 2159/3865/2157 2152/3864/2150
f 2075/3705/2073 2085/3722/2083 2178/3906/2176
f 2126/3798/2124 2186/3922/2184 2150/3851/2148
f 2180/3909/2178 2029/3800/2027 2181/3911/2179
f 2114/3831/2112 2163/3923/2161 2132/3832/2130
f 2171/3924/2169 2141/3925/2139 2080/3926/2078
f 2073/3727/2071 2172/3890/2170 2109/3927/2107
f 2135/3816/2133 2187/3928/2185 2129/3805/2127
f 2108/3762/2106 2188/3929/2186 2128/3842/2126
f 2084/3755/2082 2174/3894/2172 2130/3930/2128
f 2097/3919/2095 2184/3918/2182 2089/3931/2087
f 2052/3668/2050 2177/3904/2175 2144/3836/2142
f 2147/3846/2145 2130/3807/2128 2189/3932/2187
f 2124/3898/2122 2089/3931/2087 2190/3933/2188
f 2124/3898/2122 2190/3933/2188 2175/3899/2173
f 2071/3875/2069 2175/3899/2173 2153/3876/2151
f 2140/3934/2138 2191/3935/2189 2192/3936/2190
f 2192/3937/2190 2160/3866/2158 2140/3908/2138
f 2160/3866/2158 2166/3878/2164 2117/3784/2115
f 2117/3784/2115 2166/3878/2164 2118/3785/2116
f 2127/3801/2125 2180/3909/2178 2193/3938/2191
f 2091/3888/2089 2170/3887/2168 2181/3911/2179
f 2161/3867/2159 2194/3939/2192 2100/3824/2098
f 2138/3839/2136 2182/3913/2180 2170/3887/2168
f 2120/3901/2118 2195/3940/2193 2133/3811/2131
f 2132/3832/2130 2163/3923/2161 2196/3941/2194
f 2155/3859/2153 2197/3942/2195 2142/3834/2140
f 2142/3834/2140 2197/3942/2195 2156/3879/2154
f 2088/3726/2086 2168/3883/2166 2172/3890/2170
f 2133/3811/2131 2187/3928/2185 2135/3816/2133
f 2108/3943/2106 2183/3944/2181 2188/3945/2186
f 2169/3884/2167 2198/3946/2196 2158/3863/2156
f 2137/3947/2135 2074/3948/2072 2199/3949/2197
f 2137/3845/2135 2200/3950/2198 2169/3884/2167
f 2136/3818/2134 2201/3951/2199 2139/3826/2137
f 2068/3712/2066 2185/3921/2183 2078/3713/2076
f 2184/3918/2182 2115/3917/2113 2202/3952/2200
f 2110/3793/2108 2144/3953/2142 2203/3954/2201
f 2178/3906/2176 2204/3955/2202 2046/3659/2044
f 2154/3956/2152 2191/3935/2189 2140/3934/2138
f 2100/3824/2098 2194/3939/2192 2176/3957/2174
f 2141/3958/2139 2205/3959/2203 2155/3960/2153
f 2134/3812/2132 2206/3961/2204 2151/3916/2149
f 2198/3962/2196 2207/3963/2205 2158/3964/2156
f 2164/3965/2162 2208/3966/2206 2074/3948/2072
f 2139/3828/2137 2209/3967/2207 2066/3688/2064
f 2096/3741/2094 1979/3541/1977 2210/3968/2208
f 2083/3720/2081 2211/3969/2209 2082/3718/2080
f 2159/3865/2157 2105/3758/2103 2149/3850/2147
f 2046/3659/2044 2204/3955/2202 2154/3858/2152
f 2166/3878/2164 2186/3922/2184 2126/3798/2124
f 2176/3900/2174 2212/3970/2210 2120/3901/2118
f 2132/3832/2130 2196/3941/2194 2162/3868/2160
f 2171/3903/2169 2213/3971/2211 2141/3972/2139
f 2205/3973/2203 2214/3974/2212 2155/3975/2153
f 2119/3814/2117 2157/3862/2155 2182/3913/2180
f 2133/3811/2131 2215/3976/2213 2187/3928/2185
f 2128/3803/2126 2216/3977/2214 2143/3861/2141
f 2217/3978/2215 2156/3879/2154 2197/3942/2195
f 2156/3860/2154 2218/3979/2216 2183/3914/2181
f 2158/3964/2156 2207/3963/2205 2173/3980/2171
f 2151/3853/2149 2201/3951/2199 2136/3818/2134
f 2082/3718/2080 2211/3969/2209 2177/3981/2175
f 2165/3874/2163 2152/3856/2150 2219/3982/2217
f 2072/3698/2070 2179/3907/2177 2125/3797/2123
f 2150/3910/2148 2220/3983/2218 2161/3867/2159
f 2120/3901/2118 2212/3970/2210 2195/3940/2193
f 2133/3811/2131 2195/3940/2193 2215/3976/2213
f 2155/3975/2153 2214/3974/2212 2197/3984/2195
f 2109/3927/2107 2221/3985/2219 2167/3986/2165
f 2167/3881/2165 2222/3987/2220 2157/3862/2155
f 2187/3928/2185 2215/3976/2213 2223/3988/2221
f 2129/3805/2127 2187/3928/2185 2163/3871/2161
f 2218/3979/2216 2224/3989/2222 2183/3914/2181
f 2209/3967/2207 2164/3872/2162 2066/3688/2064
f 2037/3990/2035 2225/3991/2223 2174/3992/2172
f 2037/3990/2035 2067/3993/2065 2225/3991/2223
f 1979/3617/1977 2110/3793/2108 2210/3994/2208
f 2211/3995/2209 2083/3895/2081 2147/3897/2145
f 2113/3996/2111 2125/3997/2123 2226/3998/2224
f 2227/3999/2225 2191/3935/2189 2154/3956/2152
f 2145/3837/2143 2127/3838/2125 2193/4000/2191
f 2228/4001/2226 2220/3983/2218 2150/3910/2148
f 2229/4002/2227 2181/3911/2179 2170/3887/2168
f 2220/3983/2218 2194/3939/2192 2161/3867/2159
f 2196/3941/2194 2230/4003/2228 2162/3868/2160
f 2230/4003/2228 2213/3971/2211 2162/3868/2160
f 2213/3971/2211 2171/3903/2169 2162/3868/2160
f 2221/3985/2219 2109/3927/2107 2172/3890/2170
f 2231/4004/2229 2182/3913/2180 2157/3862/2155
f 2232/4005/2230 2187/3928/2185 2223/3988/2221
f 2232/4005/2230 2163/3871/2161 2187/3928/2185
f 2208/3966/2206 2199/3949/2197 2074/3948/2072
f 2233/4006/2231 2201/3951/2199 2151/3853/2149
f 2225/3991/2223 2067/3993/2065 2234/4007/2232
f 2234/4008/2232 2067/3747/2065 2078/3713/2076
f 2235/4009/2233 2043/3654/2041 2096/3741/2094
f 2185/3921/2183 2165/3874/2163 2236/4010/2234
f 2149/3850/2147 2113/3775/2111 2237/4011/2235
f 2204/4012/2202 2227/3999/2225 2154/3956/2152
f 2160/3866/2158 2238/4013/2236 2166/3878/2164
f 2186/4014/2184 2228/4001/2226 2150/3910/2148
f 2182/3913/2180 2231/4004/2229 2170/3887/2168
f 2230/4003/2228 2239/4015/2237 2213/3971/2211
f 2221/4016/2219 2240/4017/2238 2167/3881/2165
f 2128/4018/2126 2188/3945/2186 2216/4019/2214
f 2169/3884/2167 2200/3950/2198 2241/4020/2239
f 2241/4020/2239 2198/3946/2196 2169/3884/2167
f 2156/3860/2154 2217/4021/2215 2218/3979/2216
f 2218/3979/2216 2217/4021/2215 2242/4022/2240
f 2211/3995/2209 2147/3897/2145 2243/4023/2241
f 2153/3857/2151 2244/4024/2242 2085/3722/2083
f 2085/3722/2083 2245/4025/2243 2178/3906/2176
f 2238/4013/2236 2186/3922/2184 2166/3878/2164
f 2181/3911/2179 2246/4026/2244 2180/3909/2178
f 2181/3911/2179 2247/4027/2245 2246/4026/2244
f 2181/3911/2179 2229/4002/2227 2247/4027/2245
f 2229/4002/2227 2170/3887/2168 2231/4004/2229
f 2194/3939/2192 2248/4028/2246 2176/3957/2174
f 2196/3941/2194 2249/4029/2247 2250/4030/2248
f 2163/3923/2161 2249/4029/2247 2196/3941/2194
f 2157/3862/2155 2222/3987/2220 2231/4004/2229
f 2215/3976/2213 2251/4031/2249 2223/3988/2221
f 2172/3890/2170 2168/3883/2166 2252/4032/2250
f 2167/3881/2165 2240/4017/2238 2222/3987/2220
f 2137/3947/2135 2199/3949/2197 2253/4033/2251
f 2253/4034/2251 2200/3950/2198 2137/3845/2135
f 2242/4022/2240 2224/3989/2222 2218/3979/2216
f 2206/4035/2204 2233/4006/2231 2151/3853/2149
f 2078/3713/2076 2254/4036/2252 2234/4008/2232
f 2115/3917/2113 2148/3848/2146 2202/3952/2200
f 2043/3748/2041 2235/4037/2233 2060/3679/2058
f 2144/3836/2142 2177/3904/2175 2255/4038/2253
f 2130/3807/2128 2256/4039/2254 2189/3932/2187
f 2174/3894/2172 2256/4040/2254 2130/3930/2128
f 2165/3874/2163 2219/3982/2217 2236/4010/2234
f 2159/4041/2157 2219/3982/2217 2152/3856/2150
f 2245/4042/2243 2257/4043/2255 2178/4044/2176
f 2178/4044/2176 2257/4043/2255 2204/4045/2202
f 2192/3937/2190 2238/4013/2236 2160/3866/2158
f 2186/4014/2184 2258/4046/2256 2228/4001/2226
f 2228/4001/2226 2259/4047/2257 2220/3983/2218
f 2231/4004/2229 2260/4048/2258 2229/4002/2227
f 2213/4049/2211 2205/3959/2203 2141/3958/2139
f 2214/3974/2212 2261/4050/2259 2197/3984/2195
f 2197/3942/2195 2261/4051/2259 2217/3978/2215
f 2207/3963/2205 2262/4052/2260 2173/3980/2171
f 2198/3946/2196 2241/4020/2239 2263/4053/2261
f 2146/3844/2144 2173/3893/2171 2264/4054/2262
f 2253/4034/2251 2265/4055/2263 2200/3950/2198
f 2096/3741/2094 2266/4056/2264 2235/4009/2233
f 2096/3741/2094 2210/3968/2208 2266/4056/2264
f 2159/3865/2157 2267/4057/2265 2219/4058/2217
f 2175/3899/2173 2268/4059/2266 2153/3876/2151
f 2268/4059/2266 2244/4060/2242 2153/3876/2151
f 2244/4024/2242 2245/4025/2243 2085/3722/2083
f 2113/3775/2111 2269/4061/2267 2237/4011/2235
f 2270/4062/2268 2227/3999/2225 2204/4012/2202
f 2125/3797/2123 2179/3907/2177 2271/4063/2269
f 2179/3907/2177 2145/3837/2143 2272/4064/2270
f 2238/4065/2236 2258/4046/2256 2186/4014/2184
f 2229/4002/2227 2260/4048/2258 2247/4027/2245
f 2213/4049/2211 2239/4066/2237 2273/4067/2271
f 2213/4049/2211 2273/4067/2271 2205/3959/2203
f 2195/3940/2193 2251/4031/2249 2215/3976/2213
f 2172/3890/2170 2252/4032/2250 2221/3985/2219
f 2232/4068/2230 2249/4029/2247 2163/3923/2161
f 2198/3962/2196 2263/4069/2261 2274/4070/2272
f 2198/3962/2196 2274/4070/2272 2207/3963/2205
f 2207/3963/2205 2274/4070/2272 2262/4052/2260
f 2216/3977/2214 2275/4071/2273 2143/3861/2141
f 2143/3861/2141 2275/4071/2273 2276/4072/2274
f 2143/3835/2141 2276/4073/2274 2134/3812/2132
f 2277/4074/2275 2253/4033/2251 2199/3949/2197
f 2183/3944/2181 2278/4075/2276 2188/3945/2186
f 2208/3966/2206 2277/4074/2275 2199/3949/2197
f 2211/3969/2209 2279/4076/2277 2177/3981/2175
f 2234/4007/2232 2280/4077/2278 2225/3991/2223
f 2078/3713/2076 2185/3921/2183 2254/4036/2252
f 2190/3933/2188 2281/4078/2279 2175/3899/2173
f 2149/3850/2147 2282/4079/2280 2159/3865/2157
f 2259/4047/2257 2283/4080/2281 2220/3983/2218
f 2220/3983/2218 2283/4080/2281 2194/3939/2192
f 2212/3970/2210 2284/4081/2282 2195/3940/2193
f 2196/3941/2194 2250/4030/2248 2230/4003/2228
f 2230/4003/2228 2285/4082/2283 2239/4015/2237
f 2195/3940/2193 2284/4081/2282 2251/4031/2249
f 2265/4055/2263 2241/4020/2239 2200/3950/2198
f 2224/3989/2222 2278/4083/2276 2183/3914/2181
f 2134/3812/2132 2276/4073/2274 2206/3961/2204
f 2208/3966/2206 2286/4084/2284 2277/4074/2275
f 2217/4021/2215 2287/4085/2285 2242/4022/2240
f 2233/4006/2231 2288/4086/2286 2201/3951/2199
f 2139/3826/2137 2201/3951/2199 2209/4087/2207
f 2209/4088/2207 2289/4089/2287 2164/4090/2162
f 2203/3954/2201 2210/3994/2208 2110/3793/2108
f 2144/3836/2142 2255/4038/2253 2203/4091/2201
f 2290/4092/2288 2279/4076/2277 2211/3969/2209
f 2147/4093/2145 2291/4094/2289 2243/4095/2241
f 2089/3931/2087 2184/3918/2182 2190/3933/2188
f 2177/3904/2175 2292/4096/2290 2255/4038/2253
f 2159/3865/2157 2282/4079/2280 2293/4097/2291
f 2179/3907/2177 2272/4064/2270 2271/4063/2269
f 2294/4098/2292 2193/4000/2191 2180/4099/2178
f 2176/4100/2174 2248/4101/2246 2212/4102/2210
f 2260/4048/2258 2231/4004/2229 2295/4103/2293
f 2230/4003/2228 2250/4030/2248 2296/4104/2294
f 2222/3987/2220 2295/4103/2293 2231/4004/2229
f 2273/4067/2271 2297/4105/2295 2205/3959/2203
f 2223/3988/2221 2298/4106/2296 2232/4005/2230
f 2299/4107/2297 2249/4029/2247 2232/4068/2230
f 2261/4050/2259 2214/3974/2212 2300/4108/2298
f 2206/4035/2204 2301/4109/2299 2233/4006/2231
f 2206/4035/2204 2302/4110/2300 2301/4109/2299
f 2233/4006/2231 2301/4109/2299 2288/4086/2286
f 2201/3951/2199 2288/4086/2286 2303/4111/2301
f 2224/3989/2222 2242/4022/2240 2304/4112/2302
f 2070/3696/2068 2305/4113/2303 2131/3808/2129
f 2116/4114/2114 2060/4115/2058 2235/4116/2233
f 2189/4117/2187 2291/4094/2289 2147/4093/2145
f 2256/4039/2254 2306/4118/2304 2189/3932/2187
f 2174/3894/2172 2225/4119/2223 2256/4040/2254
f 2254/4036/2252 2307/4120/2305 2234/4008/2232
f 2177/4121/2175 2279/4122/2277 2292/4123/2290
f 2175/3899/2173 2281/4078/2279 2268/4059/2266
f 2149/3850/2147 2237/4011/2235 2282/4079/2280
f 2204/4012/2202 2257/4124/2255 2270/4062/2268
f 2125/3797/2123 2271/4063/2269 2308/4125/2306
f 2191/3935/2189 2309/4126/2307 2192/3936/2190
f 2145/3837/2143 2193/4000/2191 2272/4064/2270
f 2192/3937/2190 2310/4127/2308 2238/4013/2236
f 2258/4046/2256 2311/4128/2309 2228/4001/2226
f 2180/4129/2178 2246/4130/2244 2312/4131/2310
f 2260/4048/2258 2313/4132/2311 2247/4027/2245
f 2212/4102/2210 2248/4101/2246 2284/4133/2282
f 2230/4003/2228 2296/4104/2294 2285/4082/2283
f 2222/3987/2220 2240/4017/2238 2295/4103/2293
f 2251/4031/2249 2314/4134/2312 2223/3988/2221
f 2239/4015/2237 2285/4082/2283 2315/4135/2313
f 2252/4032/2250 2316/4136/2314 2221/3985/2219
f 2249/4029/2247 2317/4137/2315 2250/4030/2248
f 2205/3959/2203 2297/4105/2295 2214/4138/2212
f 2318/4139/2316 2319/4140/2317 2274/4070/2272
f 2241/4020/2239 2320/4141/2318 2263/4053/2261
f 2262/4052/2260 2274/4070/2272 2319/4140/2317
f 2253/4033/2251 2321/4142/2319 2265/4143/2263
f 2217/4021/2215 2261/4144/2259 2287/4085/2285
f 2164/3965/2162 2286/4084/2284 2208/3966/2206
f 2224/3989/2222 2304/4112/2302 2278/4083/2276
f 2201/3951/2199 2303/4111/2301 2209/4087/2207
f 2225/4145/2223 2280/4146/2278 2322/4147/2320
f 2234/4148/2232 2307/4149/2305 2280/4150/2278
f 2292/4123/2290 2323/4151/2321 2324/4152/2322
f 2292/4123/2290 2325/4153/2323 2323/4151/2321
f 2292/4123/2290 2279/4122/2277 2325/4153/2323
f 2243/4023/2241 2290/4154/2288 2211/3995/2209
f 2113/3996/2111 2226/3998/2224 2269/4155/2267
f 2309/4156/2307 2310/4127/2308 2192/3937/2190
f 2228/4001/2226 2311/4128/2309 2259/4047/2257
f 2260/4048/2258 2295/4103/2293 2313/4132/2311
f 2223/3988/2221 2314/4134/2312 2298/4106/2296
f 2239/4066/2237 2315/4157/2313 2273/4067/2271
f 2232/4005/2230 2298/4106/2296 2299/4158/2297
f 2241/4020/2239 2326/4159/2324 2320/4141/2318
f 2264/4054/2262 2327/4160/2325 2168/3883/2166
f 2265/4055/2263 2328/4161/2326 2241/4020/2239
f 2146/3844/2144 2264/4054/2262 2168/3883/2166
f 2286/4084/2284 2329/4162/2327 2277/4074/2275
f 2188/3945/2186 2330/4163/2328 2216/4019/2214
f 2209/4088/2207 2303/4164/2301 2289/4089/2287
f 2164/4090/2162 2289/4089/2287 2331/4165/2329
f 2202/3952/2200 2332/4166/2330 2184/3918/2182
f 2131/3808/2129 2333/4167/2331 2148/3920/2146
f 2116/3781/2114 2305/4113/2303 2070/3696/2068
f 2190/3933/2188 2184/3918/2182 2334/4168/2332
f 2292/4123/2290 2324/4152/2322 2255/4169/2253
f 2279/4076/2277 2335/4170/2333 2336/4171/2334
f 2290/4092/2288 2335/4170/2333 2279/4076/2277
f 2280/4146/2278 2337/4172/2335 2338/4173/2336
f 2307/4149/2305 2337/4174/2335 2280/4150/2278
f 2279/4076/2277 2336/4171/2334 2325/4175/2323
f 2236/4010/2234 2219/3982/2217 2339/4176/2337
f 2219/3982/2217 2267/4177/2265 2339/4176/2337
f 2125/3997/2123 2308/4178/2306 2226/3998/2224
f 2247/4027/2245 2313/4132/2311 2246/4026/2244
f 2194/3939/2192 2283/4080/2281 2248/4028/2246
f 2313/4132/2311 2295/4103/2293 2340/4179/2338
f 2221/3985/2219 2316/4136/2314 2341/4180/2339
f 2221/4016/2219 2341/4181/2339 2240/4017/2238
f 2251/4031/2249 2342/4182/2340 2314/4134/2312
f 2274/4070/2272 2263/4069/2261 2318/4139/2316
f 2265/4143/2263 2321/4142/2319 2328/4183/2326
f 2262/4184/2260 2264/4185/2262 2173/4186/2171
f 2253/4033/2251 2277/4074/2275 2321/4142/2319
f 2206/3961/2204 2276/4073/2274 2302/4187/2300
f 2242/4022/2240 2287/4085/2285 2304/4112/2302
f 2255/4169/2253 2324/4152/2322 2343/4188/2341
f 2225/4145/2223 2322/4147/2320 2256/4189/2254
f 2280/4146/2278 2344/4190/2342 2322/4147/2320
f 2243/4023/2241 2345/4191/2343 2290/4154/2288
f 2243/4023/2241 2346/4192/2344 2345/4191/2343
f 2280/4146/2278 2338/4173/2336 2344/4190/2342
f 2307/4149/2305 2347/4193/2345 2337/4174/2335
f 2254/4036/2252 2348/4194/2346 2307/4120/2305
f 2185/3921/2183 2348/4194/2346 2254/4036/2252
f 2236/4010/2234 2349/4195/2347 2185/3921/2183
f 2236/4010/2234 2339/4176/2337 2349/4195/2347
f 2190/3933/2188 2334/4168/2332 2281/4078/2279
f 2159/3865/2157 2293/4097/2291 2267/4057/2265
f 2282/4079/2280 2237/4011/2235 2350/4196/2348
f 2238/4065/2236 2351/4197/2349 2258/4046/2256
f 2311/4128/2309 2352/4198/2350 2259/4047/2257
f 2259/4047/2257 2352/4198/2350 2283/4080/2281
f 2240/4017/2238 2341/4181/2339 2295/4103/2293
f 2295/4103/2293 2341/4181/2339 2353/4199/2351
f 2252/4032/2250 2354/4200/2352 2316/4136/2314
f 2241/4020/2239 2328/4161/2326 2326/4159/2324
f 2355/4201/2353 2262/4052/2260 2319/4140/2317
f 2300/4108/2298 2356/4202/2354 2261/4050/2259
f 2357/4203/2355 2321/4142/2319 2277/4074/2275
f 2261/4144/2259 2358/4204/2356 2287/4085/2285
f 2358/4204/2356 2359/4205/2357 2287/4085/2285
f 2331/4165/2329 2286/4206/2284 2164/4090/2162
f 2275/4207/2273 2360/4208/2358 2361/4209/2359
f 2275/4210/2273 2361/4211/2359 2276/4073/2274
f 2276/4073/2274 2361/4211/2359 2302/4187/2300
f 2278/4075/2276 2330/4163/2328 2188/3945/2186
f 2288/4086/2286 2362/4212/2360 2303/4111/2301
f 2148/4213/2146 2363/4214/2361 2202/4215/2200
f 2148/3920/2146 2333/4167/2331 2363/4216/2361
f 2131/3808/2129 2305/4113/2303 2333/4167/2331
f 2116/4114/2114 2235/4116/2233 2305/4217/2303
f 2255/4038/2253 2343/4218/2341 2203/4091/2201
f 2306/4118/2304 2364/4219/2362 2189/3932/2187
f 2307/4120/2305 2348/4194/2346 2347/4220/2345
f 2185/3921/2183 2349/4195/2347 2348/4194/2346
f 2347/4193/2345 2365/4221/2363 2337/4174/2335
f 2366/4222/2364 2349/4195/2347 2339/4176/2337
f 2324/4152/2322 2323/4151/2321 2367/4223/2365
f 2323/4151/2321 2325/4153/2323 2368/4224/2366
f 2339/4176/2337 2267/4177/2265 2369/4225/2367
f 2293/4097/2291 2282/4079/2280 2370/4226/2368
f 2350/4227/2348 2237/4228/2235 2371/4229/2369
f 2237/4228/2235 2269/4155/2267 2371/4229/2369
f 2191/3935/2189 2372/4230/2370 2309/4126/2307
f 2272/4064/2270 2193/4000/2191 2373/4231/2371
f 2374/4232/2372 2238/4233/2236 2310/4234/2308
f 2193/4000/2191 2294/4098/2292 2373/4231/2371
f 2374/4235/2372 2351/4197/2349 2238/4065/2236
f 2180/4099/2178 2312/4236/2310 2294/4098/2292
f 2351/4197/2349 2311/4128/2309 2258/4046/2256
f 2312/4131/2310 2246/4130/2244 2375/4237/2373
f 2246/4026/2244 2313/4132/2311 2375/4238/2373
f 2283/4239/2281 2376/4240/2374 2248/4101/2246
f 2295/4103/2293 2353/4199/2351 2340/4179/2338
f 2248/4101/2246 2377/4241/2375 2284/4133/2282
f 2377/4241/2375 2342/4242/2340 2284/4133/2282
f 2284/4081/2282 2342/4182/2340 2251/4031/2249
f 2378/4243/2376 2341/4180/2339 2316/4136/2314
f 2250/4030/2248 2379/4244/2377 2296/4104/2294
f 2250/4030/2248 2317/4137/2315 2379/4244/2377
f 2249/4029/2247 2299/4107/2297 2317/4137/2315
f 2315/4157/2313 2380/4245/2378 2273/4067/2271
f 2319/4140/2317 2381/4246/2379 2355/4201/2353
f 2327/4160/2325 2252/4032/2250 2168/3883/2166
f 2214/3974/2212 2297/4247/2295 2382/4248/2380
f 2262/4184/2260 2355/4249/2353 2264/4185/2262
f 2261/4050/2259 2356/4202/2354 2358/4250/2356
f 2329/4162/2327 2357/4203/2355 2277/4074/2275
f 2216/4019/2214 2383/4251/2381 2275/4207/2273
f 2301/4109/2299 2302/4110/2300 2384/4252/2382
f 2384/4252/2382 2362/4212/2360 2301/4109/2299
f 2301/4109/2299 2362/4212/2360 2288/4086/2286
f 2304/4112/2302 2385/4253/2383 2278/4083/2276
f 2266/4056/2264 2386/4254/2384 2235/4009/2233
f 2189/4117/2187 2364/4255/2362 2291/4094/2289
f 2243/4023/2241 2291/4256/2289 2346/4192/2344
f 2290/4154/2288 2387/4257/2385 2335/4258/2333
f 2290/4154/2288 2345/4191/2343 2387/4257/2385
f 2348/4194/2346 2388/4259/2386 2347/4220/2345
f 2349/4195/2347 2388/4259/2386 2348/4194/2346
f 2365/4221/2363 2389/4260/2387 2337/4174/2335
f 2325/4175/2323 2336/4171/2334 2390/4261/2388
f 2325/4175/2323 2390/4261/2388 2368/4262/2366
f 2323/4151/2321 2368/4224/2366 2391/4263/2389
f 2392/4264/2390 2257/4043/2255 2245/4042/2243
f 2226/3998/2224 2393/4265/2391 2269/4155/2267
f 2257/4043/2255 2394/4266/2392 2270/4267/2268
f 2226/3998/2224 2308/4178/2306 2395/4268/2393
f 2270/4062/2268 2396/4269/2394 2227/3999/2225
f 2227/3999/2225 2372/4230/2370 2191/3935/2189
f 2272/4064/2270 2397/4270/2395 2271/4063/2269
f 2313/4132/2311 2340/4179/2338 2398/4271/2396
f 2376/4240/2374 2377/4241/2375 2248/4101/2246
f 2399/4272/2397 2378/4243/2376 2316/4136/2314
f 2400/4273/2398 2401/4274/2399 2285/4275/2283
f 2316/4136/2314 2354/4200/2352 2399/4272/2397
f 2402/4276/2400 2379/4244/2377 2317/4137/2315
f 2401/4277/2399 2315/4278/2313 2285/4279/2283
f 2318/4139/2316 2403/4280/2401 2319/4140/2317
f 2403/4280/2401 2381/4246/2379 2319/4140/2317
f 2404/4281/2402 2299/4158/2297 2298/4106/2296
f 2404/4282/2402 2317/4137/2315 2299/4107/2297
f 2380/4245/2378 2297/4105/2295 2273/4067/2271
f 2405/4283/2403 2252/4032/2250 2327/4160/2325
f 2354/4200/2352 2252/4032/2250 2405/4283/2403
f 2406/4284/2404 2358/4285/2356 2356/4286/2354
f 2407/4287/2405 2300/4108/2298 2214/3974/2212
f 2406/4288/2404 2359/4205/2357 2358/4204/2356
f 2385/4289/2383 2330/4163/2328 2278/4075/2276
f 2385/4289/2383 2408/4290/2406 2330/4163/2328
f 2408/4290/2406 2383/4251/2381 2330/4163/2328
f 2383/4251/2381 2216/4019/2214 2330/4163/2328
f 2360/4208/2358 2275/4207/2273 2383/4251/2381
f 2409/4291/2407 2302/4187/2300 2361/4211/2359
f 2359/4205/2357 2304/4112/2302 2287/4085/2285
f 2359/4205/2357 2410/4292/2408 2304/4112/2302
f 2410/4292/2408 2385/4253/2383 2304/4112/2302
f 2332/4293/2330 2202/4215/2200 2363/4214/2361
f 2305/4217/2303 2235/4116/2233 2411/4294/2409
f 2332/4166/2330 2334/4168/2332 2184/3918/2182
f 2412/4295/2410 2343/4188/2341 2324/4152/2322
f 2413/4296/2411 2346/4297/2344 2291/4094/2289
f 2412/4295/2410 2324/4152/2322 2367/4223/2365
f 2347/4193/2345 2389/4260/2387 2365/4221/2363
f 2349/4195/2347 2414/4298/2412 2388/4259/2386
f 2349/4195/2347 2366/4222/2364 2414/4298/2412
f 2415/4299/2413 2338/4173/2336 2337/4172/2335
f 2415/4300/2413 2337/4174/2335 2389/4260/2387
f 2323/4151/2321 2416/4301/2414 2367/4223/2365
f 2334/4168/2332 2268/4059/2266 2281/4078/2279
f 2323/4151/2321 2391/4263/2389 2416/4301/2414
f 2417/4302/2415 2245/4303/2243 2244/4304/2242
f 2370/4226/2368 2282/4079/2280 2350/4196/2348
f 2393/4265/2391 2226/3998/2224 2395/4268/2393
f 2395/4305/2393 2308/4306/2306 2418/4307/2416
f 2372/4230/2370 2227/3999/2225 2396/4269/2394
f 2308/4306/2306 2271/4308/2269 2418/4307/2416
f 2418/4309/2416 2271/4063/2269 2397/4270/2395
f 2419/4310/2417 2310/4127/2308 2309/4156/2307
f 2397/4270/2395 2272/4064/2270 2373/4231/2371
f 2419/4311/2417 2374/4232/2372 2310/4234/2308
f 2294/4098/2292 2312/4236/2310 2420/4312/2418
f 2311/4128/2309 2351/4197/2349 2421/4313/2419
f 2422/4314/2420 2421/4313/2419 2351/4197/2349
f 2375/4237/2373 2423/4315/2421 2312/4131/2310
f 2421/4313/2419 2352/4198/2350 2311/4128/2309
f 2398/4316/2396 2340/4317/2338 2424/4318/2422
f 2340/4179/2338 2353/4199/2351 2425/4319/2423
f 2377/4241/2375 2426/4320/2424 2342/4242/2340
f 2427/4321/2425 2428/4322/2426 2429/4323/2427
f 2430/4324/2428 2428/4322/2426 2427/4321/2425
f 2353/4199/2351 2341/4181/2339 2431/4325/2429
f 2428/4322/2426 2432/4326/2430 2429/4323/2427
f 2431/4327/2429 2341/4328/2339 2378/4329/2376
f 2433/4330/2431 2296/4104/2294 2379/4244/2377
f 2296/4331/2294 2400/4273/2398 2285/4275/2283
f 2426/4332/2424 2314/4134/2312 2342/4182/2340
f 2401/4277/2399 2434/4333/2432 2315/4278/2313
f 2435/4334/2433 2355/4335/2353 2381/4336/2379
f 2404/4282/2402 2402/4276/2400 2317/4137/2315
f 2434/4333/2432 2380/4337/2378 2315/4278/2313
f 2428/4322/2426 2430/4324/2428 2356/4202/2354
f 2328/4183/2326 2321/4142/2319 2436/4338/2434
f 2430/4339/2428 2406/4284/2404 2356/4286/2354
f 2382/4248/2380 2407/4287/2405 2214/3974/2212
f 2436/4338/2434 2321/4142/2319 2357/4203/2355
f 2331/4165/2329 2437/4340/2435 2286/4206/2284
f 2331/4165/2329 2289/4089/2287 2438/4341/2436
f 2409/4342/2407 2384/4252/2382 2302/4110/2300
f 2439/4343/2437 2440/4344/2438 2303/4111/2301
f 2303/4164/2301 2440/4345/2438 2289/4089/2287
f 2303/4111/2301 2362/4212/2360 2439/4343/2437
f 2305/4113/2303 2441/4346/2439 2333/4167/2331
f 2305/4217/2303 2411/4294/2409 2441/4347/2439
f 2266/4056/2264 2442/4348/2440 2386/4254/2384
f 2266/4056/2264 2210/3968/2208 2442/4348/2440
f 2235/4116/2233 2386/4349/2384 2411/4294/2409
f 2203/3954/2201 2443/4350/2441 2210/3994/2208
f 2203/3954/2201 2343/4351/2341 2443/4350/2441
f 2343/4188/2341 2412/4295/2410 2444/4352/2442
f 2256/4353/2254 2445/4354/2443 2306/4355/2304
f 2322/4356/2320 2445/4354/2443 2256/4353/2254
f 2338/4173/2336 2446/4357/2444 2344/4190/2342
f 2389/4260/2387 2347/4193/2345 2447/4358/2445
f 2388/4259/2386 2447/4359/2445 2347/4220/2345
f 2388/4259/2386 2414/4298/2412 2447/4359/2445
f 2335/4170/2333 2390/4261/2388 2336/4171/2334
f 2339/4176/2337 2369/4225/2367 2366/4222/2364
f 2367/4223/2365 2416/4301/2414 2448/4360/2446
f 2391/4263/2389 2449/4361/2447 2416/4301/2414
f 2369/4362/2367 2267/4057/2265 2450/4363/2448
f 2370/4226/2368 2350/4196/2348 2451/4364/2449
f 2350/4227/2348 2371/4229/2369 2451/4365/2449
f 2245/4042/2243 2452/4366/2450 2392/4264/2390
f 2371/4229/2369 2269/4155/2267 2453/4367/2451
f 2269/4155/2267 2393/4265/2391 2453/4367/2451
f 2372/4230/2370 2419/4368/2417 2309/4126/2307
f 2454/4369/2452 2455/4370/2453 2456/4371/2454
f 2455/4370/2453 2457/4372/2455 2456/4371/2454
f 2374/4232/2372 2458/4373/2456 2351/4374/2349
f 2458/4373/2456 2422/4375/2420 2351/4374/2349
f 2420/4312/2418 2312/4236/2310 2459/4376/2457
f 2459/4377/2457 2312/4131/2310 2423/4315/2421
f 2375/4237/2373 2398/4316/2396 2460/4378/2458
f 2421/4313/2419 2461/4379/2459 2352/4198/2350
f 2313/4132/2311 2398/4271/2396 2375/4238/2373
f 2352/4198/2350 2461/4379/2459 2283/4080/2281
f 2283/4080/2281 2461/4379/2459 2376/4380/2374
f 2340/4317/2338 2425/4381/2423 2424/4318/2422
f 2427/4382/2425 2462/4383/2460 2463/4384/2461
f 2427/4382/2425 2429/4385/2427 2462/4383/2460
f 2464/4386/2462 2430/4339/2428 2427/4387/2425
f 2353/4388/2351 2431/4327/2429 2425/4381/2423
f 2465/4389/2463 2426/4320/2424 2377/4241/2375
f 2466/4390/2464 2467/4391/2465 2430/4339/2428
f 2296/4331/2294 2433/4392/2431 2400/4273/2398
f 2432/4326/2430 2468/4393/2466 2429/4323/2427
f 2426/4332/2424 2469/4394/2467 2314/4134/2312
f 2314/4134/2312 2469/4394/2467 2298/4106/2296
f 2432/4326/2430 2470/4395/2468 2468/4393/2466
f 2471/4396/2469 2326/4159/2324 2328/4161/2326
f 2326/4159/2324 2472/4397/2470 2320/4141/2318
f 2320/4141/2318 2473/4398/2471 2263/4053/2261
f 2298/4106/2296 2469/4394/2467 2404/4281/2402
f 2467/4391/2465 2406/4284/2404 2430/4339/2428
f 2428/4322/2426 2356/4202/2354 2432/4326/2430
f 2406/4284/2404 2467/4391/2465 2474/4399/2472
f 2355/4335/2353 2475/4400/2473 2264/4401/2262
f 2264/4054/2262 2475/4402/2473 2327/4160/2325
f 2297/4105/2295 2380/4245/2378 2382/4403/2380
f 2470/4395/2468 2432/4326/2430 2300/4108/2298
f 2300/4108/2298 2432/4326/2430 2356/4202/2354
f 2406/4288/2404 2474/4404/2472 2359/4205/2357
f 2476/4405/2474 2410/4292/2408 2477/4406/2475
f 2331/4165/2329 2438/4341/2436 2478/4407/2476
f 2286/4084/2284 2437/4408/2435 2329/4162/2327
f 2410/4292/2408 2476/4405/2474 2385/4253/2383
f 2385/4289/2383 2476/4409/2474 2408/4290/2406
f 2383/4251/2381 2408/4290/2406 2479/4410/2477
f 2480/4411/2478 2439/4343/2437 2362/4212/2360
f 2363/4216/2361 2333/4167/2331 2481/4412/2479
f 2210/3968/2208 2482/4413/2480 2442/4348/2440
f 2210/3994/2208 2483/4414/2481 2482/4415/2480
f 2443/4350/2441 2483/4414/2481 2210/3994/2208
f 2343/4351/2341 2484/4416/2482 2443/4350/2441
f 2343/4188/2341 2444/4352/2442 2484/4417/2482
f 2338/4173/2336 2415/4299/2413 2446/4357/2444
f 2412/4295/2410 2367/4223/2365 2448/4360/2446
f 2389/4260/2387 2447/4358/2445 2485/4418/2483
f 2334/4168/2332 2486/4419/2484 2268/4059/2266
f 2414/4298/2412 2366/4222/2364 2487/4420/2485
f 2448/4360/2446 2416/4301/2414 2488/4421/2486
f 2449/4361/2447 2391/4263/2389 2489/4422/2487
f 2267/4057/2265 2293/4097/2291 2450/4363/2448
f 2293/4097/2291 2370/4226/2368 2450/4363/2448
f 2417/4302/2415 2452/4423/2450 2245/4303/2243
f 2451/4365/2449 2371/4229/2369 2453/4367/2451
f 2490/4424/2488 2453/4367/2451 2393/4265/2391
f 2395/4268/2393 2490/4424/2488 2393/4265/2391
f 2270/4062/2268 2491/4425/2489 2396/4269/2394
f 2418/4309/2416 2397/4270/2395 2492/4426/2490
f 2397/4270/2395 2373/4231/2371 2492/4426/2490
f 2493/4427/2491 2374/4232/2372 2419/4311/2417
f 2493/4427/2491 2458/4373/2456 2374/4232/2372
f 2454/4369/2452 2456/4371/2454 2494/4428/2492
f 2455/4370/2453 2495/4429/2493 2457/4372/2455
f 2457/4372/2455 2496/4430/2494 2456/4371/2454
f 2456/4371/2454 2496/4430/2494 2497/4431/2495
f 2294/4098/2292 2498/4432/2496 2373/4231/2371
f 2294/4098/2292 2420/4312/2418 2498/4432/2496
f 2423/4315/2421 2375/4237/2373 2460/4378/2458
f 2421/4313/2419 2499/4433/2497 2461/4379/2459
f 2460/4378/2458 2398/4316/2396 2424/4318/2422
f 2465/4389/2463 2376/4240/2374 2461/4434/2459
f 2431/4327/2429 2500/4435/2498 2425/4381/2423
f 2463/4384/2461 2464/4436/2462 2427/4382/2425
f 2376/4240/2374 2465/4389/2463 2377/4241/2375
f 2430/4339/2428 2464/4386/2462 2466/4390/2464
f 2378/4243/2376 2399/4272/2397 2501/4437/2499
f 2378/4329/2376 2501/4438/2499 2431/4327/2429
f 2502/4439/2500 2426/4320/2424 2465/4389/2463
f 2469/4440/2467 2426/4320/2424 2502/4439/2500
f 2433/4441/2431 2503/4442/2501 2504/4443/2502
f 2433/4441/2431 2504/4443/2502 2400/4444/2398
f 2399/4272/2397 2354/4200/2352 2505/4445/2503
f 2379/4446/2377 2503/4447/2501 2433/4448/2431
f 2400/4449/2398 2506/4450/2504 2401/4277/2399
f 2402/4451/2400 2503/4447/2501 2379/4446/2377
f 2401/4277/2399 2507/4452/2505 2434/4333/2432
f 2320/4141/2318 2472/4397/2470 2473/4398/2471
f 2263/4069/2261 2473/4453/2471 2508/4454/2506
f 2263/4069/2261 2508/4454/2506 2318/4139/2316
f 2318/4139/2316 2508/4454/2506 2509/4455/2507
f 2318/4139/2316 2509/4455/2507 2403/4280/2401
f 2469/4394/2467 2510/4456/2508 2404/4281/2402
f 2404/4282/2402 2510/4457/2508 2402/4276/2400
f 2436/4338/2434 2511/4458/2509 2328/4183/2326
f 2405/4283/2403 2512/4459/2510 2354/4200/2352
f 2513/4460/2511 2380/4337/2378 2434/4333/2432
f 2514/4461/2512 2382/4248/2380 2513/4462/2511
f 2513/4462/2511 2382/4248/2380 2380/4463/2378
f 2407/4287/2405 2382/4248/2380 2514/4461/2512
f 2474/4404/2472 2467/4464/2465 2477/4406/2475
f 2475/4402/2473 2405/4283/2403 2327/4160/2325
f 2470/4395/2468 2300/4108/2298 2515/4465/2513
f 2478/4407/2476 2437/4340/2435 2331/4165/2329
f 2477/4406/2475 2410/4292/2408 2474/4404/2472
f 2479/4410/2477 2408/4290/2406 2516/4466/2514
f 2361/4211/2359 2517/4467/2515 2409/4291/2407
f 2474/4404/2472 2410/4292/2408 2359/4205/2357
f 2360/4208/2358 2383/4251/2381 2479/4410/2477
f 2518/4468/2516 2409/4342/2407 2517/4469/2515
f 2518/4468/2516 2384/4252/2382 2409/4342/2407
f 2438/4341/2436 2289/4089/2287 2440/4345/2438
f 2384/4252/2382 2480/4411/2478 2362/4212/2360
f 2363/4214/2361 2481/4470/2479 2519/4471/2517
f 2386/4349/2384 2520/4472/2518 2411/4294/2409
f 2386/4254/2384 2521/4473/2519 2520/4474/2518
f 2442/4348/2440 2521/4473/2519 2386/4254/2384
f 2442/4348/2440 2482/4413/2480 2521/4473/2519
f 2364/4255/2362 2522/4475/2520 2291/4094/2289
f 2334/4168/2332 2332/4166/2330 2523/4476/2521
f 2363/4214/2361 2519/4471/2517 2332/4293/2330
f 2344/4190/2342 2524/4477/2522 2322/4147/2320
f 2334/4168/2332 2523/4476/2521 2486/4419/2484
f 2389/4260/2387 2525/4478/2523 2415/4300/2413
f 2391/4479/2389 2368/4480/2366 2526/4481/2524
f 2366/4222/2364 2369/4225/2367 2487/4420/2485
f 2369/4362/2367 2450/4363/2448 2487/4482/2485
f 2487/4482/2485 2450/4363/2448 2527/4483/2525
f 2450/4363/2448 2370/4226/2368 2527/4483/2525
f 2268/4059/2266 2528/4484/2526 2244/4060/2242
f 2528/4485/2526 2529/4486/2527 2244/4487/2242
f 2529/4488/2527 2417/4302/2415 2244/4304/2242
f 2370/4226/2368 2451/4364/2449 2527/4483/2525
f 2451/4365/2449 2530/4489/2528 2527/4490/2525
f 2530/4489/2528 2451/4365/2449 2531/4491/2529
f 2451/4365/2449 2453/4367/2451 2531/4491/2529
f 2392/4264/2390 2532/4492/2530 2257/4043/2255
f 2453/4367/2451 2490/4424/2488 2531/4491/2529
f 2532/4492/2530 2394/4266/2392 2257/4043/2255
f 2394/4493/2392 2491/4425/2489 2270/4062/2268
f 2490/4424/2488 2395/4268/2393 2533/4494/2531
f 2533/4495/2531 2395/4305/2393 2418/4307/2416
f 2396/4269/2394 2491/4425/2489 2534/4496/2532
f 2396/4269/2394 2534/4496/2532 2372/4230/2370
f 2372/4230/2370 2534/4496/2532 2535/4497/2533
f 2372/4230/2370 2535/4497/2533 2419/4368/2417
f 2492/4426/2490 2373/4231/2371 2498/4432/2496
f 2536/4498/2534 2537/4499/2535 2454/4369/2452
f 2454/4369/2452 2538/4500/2536 2536/4498/2534
f 2454/4369/2452 2537/4499/2535 2455/4370/2453
f 2455/4370/2453 2537/4499/2535 2495/4429/2493
f 2539/4501/2537 2540/4502/2538 2541/4503/2539
f 2540/4502/2538 2542/4504/2540 2541/4503/2539
f 2538/4500/2536 2494/4428/2492 2543/4505/2541
f 2454/4369/2452 2494/4428/2492 2538/4500/2536
f 2538/4500/2536 2543/4505/2541 2542/4506/2540
f 2456/4371/2454 2497/4431/2495 2494/4428/2492
f 2457/4372/2455 2544/4507/2542 2496/4430/2494
f 2544/4507/2542 2545/4508/2543 2496/4430/2494
f 2459/4376/2457 2498/4432/2496 2420/4312/2418
f 2459/4377/2457 2460/4378/2458 2546/4509/2544
f 2423/4315/2421 2460/4378/2458 2459/4377/2457
f 2422/4314/2420 2499/4433/2497 2421/4313/2419
f 2499/4510/2497 2547/4511/2545 2461/4434/2459
f 2547/4511/2545 2465/4389/2463 2461/4434/2459
f 2548/4512/2546 2464/4386/2462 2463/4513/2461
f 2501/4438/2499 2500/4435/2498 2431/4327/2429
f 2547/4511/2545 2502/4439/2500 2465/4389/2463
f 2466/4390/2464 2477/4514/2475 2467/4391/2465
f 2505/4445/2503 2501/4437/2499 2399/4272/2397
f 2462/4515/2460 2429/4323/2427 2468/4393/2466
f 2506/4516/2504 2400/4444/2398 2504/4443/2502
f 2505/4445/2503 2354/4200/2352 2512/4459/2510
f 2506/4450/2504 2507/4452/2505 2401/4277/2399
f 2511/4458/2509 2471/4517/2469 2328/4183/2326
f 2513/4460/2511 2434/4333/2432 2507/4452/2505
f 2435/4334/2433 2475/4400/2473 2355/4335/2353
f 2549/4518/2547 2405/4283/2403 2475/4402/2473
f 2549/4518/2547 2512/4459/2510 2405/4283/2403
f 2515/4465/2513 2300/4108/2298 2407/4287/2405
f 2408/4290/2406 2476/4409/2474 2516/4466/2514
f 2360/4208/2358 2517/4519/2515 2361/4209/2359
f 2550/4520/2548 2440/4344/2438 2439/4343/2437
f 2551/4521/2549 2333/4167/2331 2441/4346/2439
f 2411/4294/2409 2520/4472/2518 2552/4522/2550
f 2364/4219/2362 2306/4118/2304 2553/4523/2551
f 2306/4355/2304 2445/4354/2443 2553/4524/2551
f 2523/4476/2521 2332/4166/2330 2519/4525/2517
f 2481/4412/2479 2333/4167/2331 2551/4521/2549
f 2483/4414/2481 2443/4350/2441 2484/4416/2482
f 2524/4526/2522 2445/4354/2443 2322/4356/2320
f 2554/4527/2552 2346/4297/2344 2413/4296/2411
f 2555/4528/2553 2344/4190/2342 2446/4357/2444
f 2556/4529/2554 2345/4191/2343 2346/4192/2344
f 2557/4530/2555 2390/4261/2388 2335/4170/2333
f 2335/4258/2333 2387/4257/2385 2557/4531/2555
f 2558/4532/2556 2412/4295/2410 2448/4360/2446
f 2557/4530/2555 2368/4262/2366 2390/4261/2388
f 2415/4299/2413 2525/4533/2523 2446/4357/2444
f 2446/4357/2444 2525/4533/2523 2559/4534/2557
f 2486/4419/2484 2528/4484/2526 2268/4059/2266
f 2389/4260/2387 2485/4418/2483 2525/4478/2523
f 2414/4298/2412 2487/4420/2485 2447/4359/2445
f 2447/4358/2445 2560/4535/2558 2485/4418/2483
f 2447/4358/2445 2487/4536/2485 2560/4535/2558
f 2448/4360/2446 2488/4421/2486 2561/4537/2559
f 2391/4479/2389 2526/4481/2524 2489/4538/2487
f 2416/4301/2414 2449/4361/2447 2488/4421/2486
f 2487/4482/2485 2527/4483/2525 2562/4539/2560
f 2562/4540/2560 2527/4490/2525 2530/4489/2528
f 2532/4492/2530 2392/4264/2390 2452/4366/2450
f 2532/4492/2530 2491/4541/2489 2394/4266/2392
f 2418/4307/2416 2563/4542/2561 2533/4495/2531
f 2563/4542/2561 2418/4307/2416 2492/4543/2490
f 2563/4544/2561 2492/4426/2490 2498/4432/2496
f 2564/4545/2562 2565/4546/2563 2536/4498/2534
f 2565/4546/2563 2537/4499/2535 2536/4498/2534
f 2566/4547/2564 2567/4548/2565 2568/4549/2566
f 2539/4501/2537 2541/4503/2539 2567/4548/2565
f 2568/4549/2566 2567/4548/2565 2569/4550/2567
f 2542/4506/2540 2540/4551/2538 2538/4500/2536
f 2570/4552/2568 2458/4373/2456 2493/4427/2491
f 2544/4507/2542 2457/4372/2455 2571/4553/2569
f 2570/4552/2568 2572/4554/2570 2458/4373/2456
f 2545/4508/2543 2544/4507/2542 2571/4553/2569
f 2569/4550/2567 2567/4548/2565 2541/4503/2539
f 2541/4503/2539 2542/4504/2540 2573/4555/2571
f 2573/4556/2571 2542/4557/2540 2543/4558/2541
f 2458/4373/2456 2572/4554/2570 2422/4375/2420
f 2422/4375/2420 2572/4554/2570 2499/4559/2497
f 2572/4554/2570 2574/4560/2572 2499/4559/2497
f 2546/4509/2544 2460/4378/2458 2575/4561/2573
f 2460/4378/2458 2424/4318/2422 2575/4561/2573
f 2575/4561/2573 2424/4318/2422 2500/4435/2498
f 2574/4562/2572 2547/4511/2545 2499/4510/2497
f 2425/4381/2423 2500/4435/2498 2424/4318/2422
f 2574/4562/2572 2576/4563/2574 2547/4511/2545
f 2500/4435/2498 2501/4438/2499 2577/4564/2575
f 2578/4565/2576 2464/4386/2462 2548/4512/2546
f 2578/4565/2576 2466/4390/2464 2464/4386/2462
f 2577/4566/2575 2501/4437/2499 2505/4445/2503
f 2469/4394/2467 2579/4567/2577 2510/4456/2508
f 2579/4568/2577 2402/4451/2400 2510/4569/2508
f 2468/4393/2466 2515/4465/2513 2462/4515/2460
f 2471/4396/2469 2580/4570/2578 2326/4159/2324
f 2580/4570/2578 2472/4397/2470 2326/4159/2324
f 2581/4571/2579 2403/4280/2401 2509/4455/2507
f 2581/4571/2579 2381/4246/2379 2403/4280/2401
f 2381/4246/2379 2582/4572/2580 2435/4573/2433
f 2512/4459/2510 2549/4518/2547 2505/4445/2503
f 2583/4574/2581 2513/4460/2511 2507/4452/2505
f 2468/4393/2466 2470/4395/2468 2515/4465/2513
f 2584/4575/2582 2514/4461/2512 2513/4462/2511
f 2514/4461/2512 2584/4575/2582 2407/4287/2405
f 2585/4576/2583 2329/4162/2327 2586/4577/2584
f 2586/4577/2584 2329/4162/2327 2437/4408/2435
f 2585/4576/2583 2357/4203/2355 2329/4162/2327
f 2516/4466/2514 2587/4578/2585 2479/4410/2477
f 2517/4519/2515 2360/4208/2358 2479/4410/2477
f 2588/4579/2586 2518/4468/2516 2517/4469/2515
f 2589/4580/2587 2438/4341/2436 2440/4345/2438
f 2590/4581/2588 2384/4252/2382 2518/4468/2516
f 2590/4581/2588 2480/4411/2478 2384/4252/2382
f 2590/4581/2588 2591/4582/2589 2480/4411/2478
f 2550/4520/2548 2480/4411/2478 2591/4582/2589
f 2550/4520/2548 2439/4343/2437 2480/4411/2478
f 2589/4580/2587 2440/4345/2438 2550/4583/2548
f 2592/4584/2590 2551/4521/2549 2441/4346/2439
f 2411/4294/2409 2552/4522/2550 2441/4347/2439
f 2519/4471/2517 2593/4585/2591 2523/4586/2521
f 2519/4471/2517 2481/4470/2479 2593/4585/2591
f 2291/4094/2289 2522/4475/2520 2413/4296/2411
f 2444/4352/2442 2412/4295/2410 2594/4587/2592
f 2344/4190/2342 2555/4528/2553 2524/4477/2522
f 2412/4295/2410 2558/4532/2556 2594/4587/2592
f 2387/4257/2385 2345/4191/2343 2556/4529/2554
f 2557/4531/2555 2387/4257/2385 2595/4588/2593
f 2595/4588/2593 2387/4257/2385 2556/4529/2554
f 2596/4589/2594 2446/4357/2444 2559/4534/2557
f 2557/4530/2555 2526/4590/2524 2368/4262/2366
f 2558/4532/2556 2448/4360/2446 2597/4591/2595
f 2448/4360/2446 2561/4537/2559 2597/4591/2595
f 2487/4592/2485 2598/4593/2596 2560/4594/2558
f 2599/4595/2597 2485/4418/2483 2560/4535/2558
f 2488/4421/2486 2600/4596/2598 2561/4537/2559
f 2601/4597/2599 2489/4538/2487 2526/4481/2524
f 2598/4593/2596 2487/4592/2485 2562/4540/2560
f 2449/4361/2447 2489/4422/2487 2602/4598/2600
f 2449/4361/2447 2602/4598/2600 2488/4421/2486
f 2600/4596/2598 2488/4421/2486 2602/4598/2600
f 2603/4599/2601 2452/4423/2450 2417/4302/2415
f 2604/4600/2602 2530/4489/2528 2531/4491/2529
f 2605/4601/2603 2452/4423/2450 2603/4599/2601
f 2605/4602/2603 2532/4492/2530 2452/4366/2450
f 2531/4491/2529 2533/4494/2531 2606/4603/2604
f 2531/4491/2529 2490/4424/2488 2533/4494/2531
f 2607/4604/2605 2532/4492/2530 2605/4602/2603
f 2607/4604/2605 2491/4541/2489 2532/4492/2530
f 2608/4605/2606 2534/4496/2532 2491/4425/2489
f 2609/4606/2607 2534/4496/2532 2608/4605/2606
f 2533/4495/2531 2563/4542/2561 2610/4607/2608
f 2534/4496/2532 2609/4606/2607 2535/4497/2533
f 2609/4606/2607 2493/4608/2491 2535/4497/2533
f 2609/4609/2607 2570/4610/2568 2493/4611/2491
f 2535/4612/2533 2493/4613/2491 2419/4614/2417
f 2563/4544/2561 2498/4432/2496 2611/4615/2609
f 2612/4616/2610 2566/4547/2564 2568/4549/2566
f 2612/4616/2610 2568/4549/2566 2613/4617/2611
f 2539/4501/2537 2567/4548/2565 2566/4547/2564
f 2539/4501/2537 2564/4618/2562 2540/4502/2538
f 2536/4498/2534 2540/4551/2538 2564/4545/2562
f 2540/4551/2538 2536/4498/2534 2538/4500/2536
f 2613/4617/2611 2614/4619/2612 2615/4620/2613
f 2571/4553/2569 2495/4429/2493 2537/4499/2535
f 2571/4553/2569 2457/4372/2455 2495/4429/2493
f 2570/4552/2568 2616/4621/2614 2572/4554/2570
f 2613/4617/2611 2617/4622/2615 2614/4619/2612
f 2618/4623/2616 2545/4508/2543 2571/4553/2569
f 2619/4624/2617 2545/4625/2543 2618/4626/2616
f 2568/4549/2566 2617/4622/2615 2613/4617/2611
f 2568/4549/2566 2569/4550/2567 2617/4622/2615
f 2545/4625/2543 2619/4624/2617 2620/4627/2618
f 2611/4615/2609 2498/4432/2496 2459/4376/2457
f 2573/4555/2571 2569/4550/2567 2541/4503/2539
f 2543/4558/2541 2621/4628/2619 2573/4556/2571
f 2496/4430/2494 2545/4508/2543 2620/4629/2618
f 2611/4615/2609 2459/4376/2457 2546/4630/2544
f 2494/4631/2492 2621/4628/2619 2543/4558/2541
f 2494/4631/2492 2497/4632/2495 2621/4628/2619
f 2616/4621/2614 2622/4633/2620 2572/4554/2570
f 2546/4509/2544 2575/4561/2573 2623/4634/2621
f 2572/4554/2570 2622/4633/2620 2574/4560/2572
f 2575/4561/2573 2500/4435/2498 2624/4635/2622
f 2466/4390/2464 2578/4565/2576 2625/4636/2623
f 2626/4637/2624 2627/4638/2625 2466/4390/2464
f 2576/4563/2574 2502/4439/2500 2547/4511/2545
f 2505/4445/2503 2628/4639/2626 2577/4566/2575
f 2627/4638/2625 2477/4514/2475 2466/4390/2464
f 2402/4451/2400 2579/4568/2577 2503/4447/2501
f 2503/4442/2501 2579/4640/2577 2629/4641/2627
f 2503/4442/2501 2629/4641/2627 2504/4443/2502
f 2627/4642/2625 2476/4405/2474 2477/4406/2475
f 2505/4445/2503 2549/4518/2547 2628/4639/2626
f 2502/4439/2500 2576/4563/2574 2469/4440/2467
f 2469/4440/2467 2576/4563/2574 2579/4643/2577
f 2582/4644/2580 2630/4645/2628 2631/4646/2629
f 2436/4338/2434 2632/4647/2630 2511/4458/2509
f 2632/4647/2630 2580/4648/2578 2471/4517/2469
f 2473/4398/2471 2472/4397/2470 2633/4649/2631
f 2633/4650/2631 2508/4454/2506 2473/4453/2471
f 2508/4454/2506 2634/4651/2632 2509/4455/2507
f 2509/4455/2507 2634/4651/2632 2581/4571/2579
f 2381/4246/2379 2581/4571/2579 2582/4572/2580
f 2511/4458/2509 2632/4647/2630 2471/4517/2469
f 2582/4644/2580 2631/4646/2629 2435/4334/2433
f 2435/4334/2433 2631/4646/2629 2635/4652/2633
f 2435/4334/2433 2635/4652/2633 2475/4400/2473
f 2635/4653/2633 2549/4518/2547 2475/4402/2473
f 2513/4462/2511 2583/4654/2581 2584/4575/2582
f 2478/4407/2476 2586/4655/2584 2437/4340/2435
f 2436/4338/2434 2357/4203/2355 2585/4576/2583
f 2584/4575/2582 2515/4465/2513 2407/4287/2405
f 2438/4341/2436 2589/4580/2587 2636/4656/2634
f 2478/4407/2476 2438/4341/2436 2636/4656/2634
f 2479/4410/2477 2587/4578/2585 2517/4519/2515
f 2552/4522/2550 2592/4657/2590 2441/4347/2439
f 2520/4474/2518 2521/4473/2519 2637/4658/2635
f 2521/4473/2519 2638/4659/2636 2637/4658/2635
f 2521/4473/2519 2482/4413/2480 2638/4659/2636
f 2481/4660/2479 2639/4661/2637 2640/4662/2638
f 2481/4412/2479 2551/4521/2549 2639/4663/2637
f 2483/4414/2481 2641/4664/2639 2482/4415/2480
f 2484/4416/2482 2641/4664/2639 2483/4414/2481
f 2481/4470/2479 2640/4665/2638 2593/4585/2591
f 2641/4664/2639 2484/4416/2482 2594/4666/2592
f 2484/4417/2482 2444/4352/2442 2594/4587/2592
f 2642/4667/2640 2524/4477/2522 2555/4528/2553
f 2555/4528/2553 2596/4589/2594 2642/4667/2640
f 2446/4357/2444 2596/4589/2594 2555/4528/2553
f 2557/4531/2555 2643/4668/2641 2526/4669/2524
f 2486/4419/2484 2644/4670/2642 2528/4484/2526
f 2525/4478/2523 2485/4418/2483 2599/4595/2597
f 2597/4591/2595 2561/4537/2559 2645/4671/2643
f 2526/4481/2524 2646/4672/2644 2601/4597/2599
f 2560/4535/2558 2598/4673/2596 2599/4595/2597
f 2529/4486/2527 2528/4485/2526 2647/4674/2645
f 2645/4671/2643 2561/4537/2559 2648/4675/2646
f 2561/4537/2559 2600/4596/2598 2648/4675/2646
f 2649/4676/2647 2603/4677/2601 2529/4486/2527
f 2529/4488/2527 2603/4599/2601 2417/4302/2415
f 2649/4676/2647 2650/4678/2648 2603/4677/2601
f 2650/4679/2648 2651/4680/2649 2603/4599/2601
f 2562/4540/2560 2530/4489/2528 2604/4600/2602
f 2603/4599/2601 2651/4680/2649 2605/4601/2603
f 2604/4600/2602 2531/4491/2529 2606/4603/2604
f 2605/4601/2603 2651/4680/2649 2652/4681/2650
f 2605/4601/2603 2652/4681/2650 2607/4682/2605
f 2651/4680/2649 2653/4683/2651 2652/4681/2650
f 2606/4603/2604 2610/4684/2608 2654/4685/2652
f 2606/4603/2604 2533/4494/2531 2610/4684/2608
f 2607/4686/2605 2608/4605/2606 2491/4425/2489
f 2607/4686/2605 2652/4687/2650 2608/4605/2606
f 2608/4605/2606 2652/4687/2650 2609/4606/2607
f 2655/4688/2653 2609/4606/2607 2652/4687/2650
f 2610/4607/2608 2563/4542/2561 2656/4689/2654
f 2655/4690/2653 2570/4691/2568 2609/4692/2607
f 2563/4542/2561 2611/4693/2609 2656/4689/2654
f 2566/4547/2564 2657/4694/2655 2539/4501/2537
f 2658/4695/2656 2612/4616/2610 2613/4617/2611
f 2657/4694/2655 2564/4618/2562 2539/4501/2537
f 2658/4695/2656 2613/4617/2611 2615/4620/2613
f 2659/4696/2657 2571/4553/2569 2537/4499/2535
f 2660/4697/2658 2616/4621/2614 2570/4552/2568
f 2658/4698/2656 2615/4699/2613 2660/4697/2658
f 2618/4626/2616 2661/4700/2659 2619/4624/2617
f 2656/4689/2654 2611/4693/2609 2662/4701/2660
f 2662/4701/2660 2611/4693/2609 2546/4702/2544
f 2660/4697/2658 2615/4699/2613 2663/4703/2661
f 2662/4701/2660 2546/4702/2544 2623/4704/2621
f 2615/4620/2613 2614/4619/2612 2663/4705/2661
f 2663/4703/2661 2622/4633/2620 2660/4697/2658
f 2620/4627/2618 2619/4624/2617 2664/4706/2662
f 2496/4707/2494 2620/4708/2618 2665/4709/2663
f 2663/4705/2661 2614/4619/2612 2617/4622/2615
f 2616/4621/2614 2660/4697/2658 2622/4633/2620
f 2666/4710/2664 2623/4634/2621 2575/4561/2573
f 2622/4633/2620 2667/4711/2665 2574/4560/2572
f 2624/4635/2622 2500/4435/2498 2577/4564/2575
f 2668/4712/2666 2577/4566/2575 2628/4639/2626
f 2626/4637/2624 2466/4390/2464 2625/4636/2623
f 2578/4565/2576 2548/4512/2546 2625/4636/2623
f 2669/4713/2667 2548/4512/2546 2670/4714/2668
f 2670/4715/2668 2548/4716/2546 2463/4384/2461
f 2670/4715/2668 2463/4384/2461 2462/4383/2460
f 2671/4717/2669 2630/4718/2628 2634/4651/2632
f 2672/4719/2670 2631/4646/2629 2630/4645/2628
f 2673/4720/2671 2504/4443/2502 2629/4641/2627
f 2674/4721/2672 2472/4397/2470 2580/4570/2578
f 2674/4721/2672 2633/4649/2631 2472/4397/2470
f 2671/4717/2669 2508/4454/2506 2633/4650/2631
f 2671/4717/2669 2634/4651/2632 2508/4454/2506
f 2630/4718/2628 2581/4571/2579 2634/4651/2632
f 2630/4718/2628 2582/4572/2580 2581/4571/2579
f 2675/4722/2673 2516/4466/2514 2476/4409/2474
f 2632/4647/2630 2436/4338/2434 2585/4576/2583
f 2673/4720/2671 2506/4516/2504 2504/4443/2502
f 2676/4723/2674 2549/4724/2547 2635/4652/2633
f 2677/4725/2675 2462/4383/2460 2515/4726/2513
f 2586/4655/2584 2478/4407/2476 2636/4656/2634
f 2632/4647/2630 2585/4576/2583 2586/4577/2584
f 2678/4727/2676 2588/4728/2586 2517/4729/2515
f 2679/4730/2677 2591/4582/2589 2590/4581/2588
f 2590/4581/2588 2518/4468/2516 2588/4579/2586
f 2589/4580/2587 2550/4583/2548 2591/4731/2589
f 2680/4732/2678 2681/4733/2679 2551/4521/2549
f 2680/4732/2678 2551/4521/2549 2592/4584/2590
f 2592/4657/2590 2552/4522/2550 2682/4734/2680
f 2552/4522/2550 2520/4472/2518 2682/4734/2680
f 2682/4734/2680 2520/4472/2518 2637/4735/2635
f 2637/4658/2635 2638/4659/2636 2683/4736/2681
f 2638/4737/2636 2482/4415/2480 2641/4664/2639
f 2684/4738/2682 2553/4524/2551 2445/4354/2443
f 2684/4738/2682 2445/4354/2443 2524/4526/2522
f 2639/4663/2637 2551/4521/2549 2681/4733/2679
f 2684/4738/2682 2524/4526/2522 2642/4739/2640
f 2685/4740/2683 2640/4662/2638 2639/4661/2637
f 2644/4741/2642 2523/4586/2521 2686/4742/2684
f 2686/4742/2684 2523/4586/2521 2593/4585/2591
f 2686/4742/2684 2593/4585/2591 2640/4665/2638
f 2556/4529/2554 2346/4192/2344 2554/4743/2552
f 2644/4670/2642 2486/4419/2484 2523/4476/2521
f 2595/4588/2593 2643/4668/2641 2557/4531/2555
f 2643/4744/2641 2646/4672/2644 2526/4481/2524
f 2525/4533/2523 2687/4745/2685 2559/4534/2557
f 2599/4595/2597 2687/4746/2685 2525/4478/2523
f 2529/4486/2527 2647/4674/2645 2649/4676/2647
f 2598/4673/2596 2688/4747/2686 2599/4595/2597
f 2688/4748/2686 2598/4593/2596 2689/4749/2687
f 2489/4422/2487 2601/4750/2599 2602/4598/2600
f 2598/4593/2596 2562/4540/2560 2689/4749/2687
f 2602/4598/2600 2690/4751/2688 2600/4596/2598
f 2602/4598/2600 2601/4750/2599 2690/4751/2688
f 2562/4540/2560 2604/4600/2602 2689/4749/2687
f 2649/4676/2647 2691/4752/2689 2650/4678/2648
f 2650/4678/2648 2691/4752/2689 2692/4753/2690
f 2650/4679/2648 2692/4754/2690 2651/4680/2649
f 2689/4749/2687 2604/4600/2602 2654/4685/2652
f 2606/4603/2604 2654/4685/2652 2604/4600/2602
f 2692/4754/2690 2693/4755/2691 2651/4680/2649
f 2651/4680/2649 2693/4755/2691 2653/4683/2651
f 2653/4756/2651 2655/4688/2653 2652/4687/2650
f 2654/4757/2652 2610/4607/2608 2694/4758/2692
f 2653/4756/2651 2695/4759/2693 2655/4688/2653
f 2694/4758/2692 2610/4607/2608 2656/4689/2654
f 2695/4759/2693 2696/4760/2694 2655/4688/2653
f 2696/4761/2694 2570/4762/2568 2655/4763/2653
f 2570/4762/2568 2696/4761/2694 2660/4764/2658
f 2694/4758/2692 2656/4689/2654 2697/4765/2695
f 2658/4766/2656 2660/4764/2658 2696/4761/2694
f 2612/4767/2610 2658/4766/2656 2698/4768/2696
f 2699/4769/2697 2700/4770/2698 2701/4771/2699
f 2565/4546/2563 2564/4545/2562 2657/4772/2655
f 2565/4546/2563 2659/4696/2657 2537/4499/2535
f 2697/4765/2695 2662/4701/2660 2702/4773/2700
f 2697/4765/2695 2656/4689/2654 2662/4701/2660
f 2700/4770/2698 2703/4774/2701 2701/4771/2699
f 2701/4771/2699 2704/4775/2702 2705/4776/2703
f 2702/4777/2700 2623/4778/2621 2706/4779/2704
f 2702/4773/2700 2662/4701/2660 2623/4704/2621
f 2700/4770/2698 2707/4780/2705 2703/4774/2701
f 2701/4771/2699 2708/4781/2706 2704/4775/2702
f 2661/4700/2659 2709/4782/2707 2619/4624/2617
f 2703/4774/2701 2708/4781/2706 2701/4771/2699
f 2703/4774/2701 2707/4780/2705 2710/4783/2708
f 2703/4774/2701 2710/4783/2708 2708/4781/2706
f 2617/4622/2615 2569/4550/2567 2711/4784/2709
f 2620/4708/2618 2712/4785/2710 2665/4709/2663
f 2620/4627/2618 2664/4706/2662 2712/4786/2710
f 2617/4622/2615 2713/4787/2711 2663/4705/2661
f 2573/4555/2571 2714/4788/2712 2715/4789/2713
f 2573/4555/2571 2621/4790/2619 2714/4788/2712
f 2617/4622/2615 2711/4784/2709 2713/4787/2711
f 2569/4550/2567 2573/4555/2571 2711/4784/2709
f 2496/4707/2494 2665/4709/2663 2497/4632/2495
f 2663/4703/2661 2716/4791/2714 2622/4633/2620
f 2663/4792/2661 2713/4793/2711 2716/4794/2714
f 2497/4632/2495 2717/4795/2715 2621/4628/2619
f 2622/4633/2620 2716/4791/2714 2667/4711/2665
f 2575/4561/2573 2624/4635/2622 2666/4710/2664
f 2667/4711/2665 2576/4796/2574 2574/4560/2572
f 2718/4797/2716 2626/4637/2624 2625/4636/2623
f 2624/4798/2622 2577/4566/2575 2668/4712/2666
f 2625/4636/2623 2548/4512/2546 2669/4713/2667
f 2719/4799/2717 2579/4640/2577 2576/4800/2574
f 2720/4801/2718 2675/4802/2673 2627/4638/2625
f 2676/4723/2674 2631/4646/2629 2672/4719/2670
f 2668/4803/2666 2628/4804/2626 2676/4723/2674
f 2721/4805/2719 2674/4806/2672 2632/4647/2630
f 2722/4807/2720 2633/4649/2631 2674/4721/2672
f 2671/4717/2669 2633/4650/2631 2722/4808/2720
f 2627/4638/2625 2675/4802/2673 2476/4809/2474
f 2674/4806/2672 2580/4648/2578 2632/4647/2630
f 2628/4804/2626 2549/4724/2547 2676/4723/2674
f 2462/4383/2460 2677/4725/2675 2670/4715/2668
f 2723/4810/2721 2636/4656/2634 2589/4580/2587
f 2676/4723/2674 2635/4652/2633 2631/4646/2629
f 2587/4578/2585 2516/4466/2514 2675/4722/2673
f 2724/4811/2722 2591/4582/2589 2679/4730/2677
f 2723/4810/2721 2591/4731/2589 2724/4812/2722
f 2589/4580/2587 2591/4731/2589 2723/4810/2721
f 2725/4813/2723 2507/4452/2505 2506/4450/2504
f 2725/4813/2723 2583/4574/2581 2507/4452/2505
f 2678/4814/2676 2679/4730/2677 2588/4579/2586
f 2726/4815/2724 2677/4725/2675 2584/4816/2582
f 2678/4817/2676 2517/4519/2515 2587/4578/2585
f 2679/4730/2677 2590/4581/2588 2588/4579/2586
f 2677/4818/2675 2515/4465/2513 2584/4575/2582
f 2727/4819/2725 2364/4255/2362 2553/4820/2551
f 2728/4821/2726 2680/4732/2678 2592/4584/2590
f 2728/4822/2726 2592/4657/2590 2682/4734/2680
f 2728/4822/2726 2682/4734/2680 2729/4823/2727
f 2729/4823/2727 2682/4734/2680 2730/4824/2728
f 2682/4734/2680 2637/4735/2635 2730/4824/2728
f 2730/4825/2728 2637/4658/2635 2683/4736/2681
f 2683/4736/2681 2638/4659/2636 2731/4826/2729
f 2638/4737/2636 2641/4664/2639 2731/4827/2729
f 2732/4828/2730 2553/4524/2551 2684/4738/2682
f 2642/4739/2640 2733/4829/2731 2684/4738/2682
f 2641/4664/2639 2734/4830/2732 2731/4827/2729
f 2642/4739/2640 2596/4831/2594 2733/4829/2731
f 2640/4665/2638 2685/4832/2683 2686/4742/2684
f 2639/4661/2637 2735/4833/2733 2685/4740/2683
f 2641/4664/2639 2558/4834/2556 2734/4830/2732
f 2641/4664/2639 2594/4666/2592 2558/4834/2556
f 2685/4832/2683 2736/4835/2734 2686/4742/2684
f 2558/4834/2556 2737/4836/2735 2734/4830/2732
f 2559/4534/2557 2687/4745/2685 2596/4589/2594
f 2644/4670/2642 2647/4837/2645 2528/4484/2526
f 2644/4741/2642 2738/4838/2736 2647/4674/2645
f 2558/4834/2556 2597/4839/2595 2737/4836/2735
f 2737/4836/2735 2645/4840/2643 2739/4841/2737
f 2738/4838/2736 2649/4676/2647 2647/4674/2645
f 2737/4836/2735 2597/4839/2595 2645/4840/2643
f 2649/4676/2647 2738/4838/2736 2740/4842/2738
f 2687/4746/2685 2599/4595/2597 2688/4747/2686
f 2688/4843/2686 2741/4844/2739 2687/4845/2685
f 2740/4842/2738 2691/4752/2689 2649/4676/2647
f 2646/4672/2644 2742/4846/2740 2601/4597/2599
f 2601/4597/2599 2742/4846/2740 2690/4847/2688
f 2689/4749/2687 2743/4848/2741 2688/4748/2686
f 2645/4840/2643 2648/4849/2646 2739/4841/2737
f 2600/4596/2598 2744/4850/2742 2648/4675/2646
f 2690/4751/2688 2744/4850/2742 2600/4596/2598
f 2648/4851/2646 2744/4852/2742 2745/4853/2743
f 2689/4749/2687 2654/4685/2652 2743/4848/2741
f 2746/4854/2744 2693/4755/2691 2692/4754/2690
f 2654/4685/2652 2747/4855/2745 2743/4848/2741
f 2748/4856/2746 2695/4857/2693 2693/4755/2691
f 2693/4755/2691 2695/4857/2693 2653/4683/2651
f 2694/4758/2692 2747/4858/2745 2654/4757/2652
f 2748/4856/2746 2749/4859/2747 2695/4857/2693
f 2749/4860/2747 2696/4761/2694 2695/4861/2693
f 2750/4862/2748 2747/4858/2745 2694/4758/2692
f 2749/4860/2747 2698/4768/2696 2696/4761/2694
f 2694/4758/2692 2697/4765/2695 2750/4862/2748
f 2658/4766/2656 2696/4761/2694 2698/4768/2696
f 2751/4863/2749 2566/4547/2564 2612/4616/2610
f 2752/4864/2750 2566/4865/2564 2751/4866/2749
f 2753/4867/2751 2754/4868/2752 2699/4769/2697
f 2752/4869/2750 2657/4694/2655 2566/4547/2564
f 2752/4870/2750 2755/4871/2753 2657/4772/2655
f 2699/4769/2697 2754/4868/2752 2700/4770/2698
f 2756/4872/2754 2699/4769/2697 2705/4776/2703
f 2754/4868/2752 2757/4873/2755 2700/4770/2698
f 2565/4546/2563 2657/4772/2655 2755/4871/2753
f 2699/4769/2697 2701/4771/2699 2705/4776/2703
f 2659/4696/2657 2565/4546/2563 2755/4871/2753
f 2756/4872/2754 2705/4776/2703 2758/4874/2756
f 2702/4777/2700 2706/4779/2704 2759/4875/2757
f 2659/4696/2657 2618/4623/2616 2571/4553/2569
f 2758/4874/2756 2705/4776/2703 2704/4775/2702
f 2757/4873/2755 2707/4780/2705 2700/4770/2698
f 2758/4874/2756 2704/4775/2702 2760/4876/2758
f 2757/4873/2755 2759/4875/2757 2707/4780/2705
f 2761/4877/2759 2709/4782/2707 2661/4700/2659
f 2761/4877/2759 2762/4878/2760 2709/4782/2707
f 2760/4876/2758 2763/4879/2761 2764/4880/2762
f 2759/4875/2757 2765/4881/2763 2707/4780/2705
f 2704/4775/2702 2763/4879/2761 2760/4876/2758
f 2704/4775/2702 2708/4781/2706 2763/4879/2761
f 2709/4782/2707 2664/4706/2662 2619/4624/2617
f 2709/4782/2707 2766/4882/2764 2664/4706/2662
f 2763/4883/2761 2708/4884/2706 2767/4885/2765
f 2768/4886/2766 2664/4706/2662 2766/4882/2764
f 2769/4887/2767 2763/4883/2761 2767/4885/2765
f 2707/4780/2705 2765/4881/2763 2710/4783/2708
f 2708/4884/2706 2770/4888/2768 2767/4885/2765
f 2710/4783/2708 2770/4889/2768 2708/4781/2706
f 2573/4555/2571 2715/4789/2713 2711/4784/2709
f 2664/4706/2662 2768/4886/2766 2712/4786/2710
f 2706/4779/2704 2623/4778/2621 2666/4890/2664
f 2665/4709/2663 2717/4795/2715 2497/4632/2495
f 2771/4891/2769 2767/4885/2765 2770/4888/2768
f 2706/4779/2704 2666/4890/2664 2772/4892/2770
f 2665/4709/2663 2720/4893/2718 2717/4795/2715
f 2710/4894/2708 2773/4895/2771 2770/4896/2768
f 2710/4894/2708 2774/4897/2772 2773/4895/2771
f 2765/4881/2763 2774/4898/2772 2710/4783/2708
f 2717/4795/2715 2720/4893/2718 2718/4899/2716
f 2666/4890/2664 2624/4900/2622 2772/4892/2770
f 2774/4897/2772 2676/4901/2674 2773/4895/2771
f 2624/4902/2622 2668/4903/2666 2772/4904/2770
f 2718/4899/2716 2720/4893/2718 2626/4905/2624
f 2773/4895/2771 2672/4906/2670 2770/4896/2768
f 2773/4895/2771 2676/4901/2674 2672/4906/2670
f 2774/4897/2772 2668/4903/2666 2676/4901/2674
f 2667/4711/2665 2719/4907/2717 2576/4796/2574
f 2625/4636/2623 2669/4713/2667 2775/4908/2773
f 2718/4797/2716 2625/4636/2623 2775/4908/2773
f 2776/4909/2774 2723/4810/2721 2777/4910/2775
f 2778/4911/2776 2636/4656/2634 2776/4909/2774
f 2779/4912/2777 2636/4656/2634 2778/4911/2776
f 2720/4801/2718 2627/4638/2625 2626/4637/2624
f 2776/4909/2774 2636/4656/2634 2723/4810/2721
f 2780/4913/2778 2671/4717/2669 2722/4808/2720
f 2780/4913/2778 2672/4914/2670 2630/4718/2628
f 2781/4915/2779 2629/4641/2627 2579/4640/2577
f 2782/4916/2780 2587/4578/2585 2675/4722/2673
f 2783/4917/2781 2724/4811/2722 2679/4730/2677
f 2784/4918/2782 2674/4806/2672 2721/4805/2719
f 2780/4913/2778 2630/4718/2628 2671/4717/2669
f 2782/4916/2780 2678/4817/2676 2587/4578/2585
f 2722/4807/2720 2674/4721/2672 2784/4919/2782
f 2779/4912/2777 2586/4655/2584 2636/4656/2634
f 2721/4805/2719 2586/4577/2584 2779/4920/2777
f 2721/4805/2719 2632/4647/2630 2586/4577/2584
f 2670/4715/2668 2677/4725/2675 2785/4921/2783
f 2726/4815/2724 2584/4816/2582 2583/4922/2581
f 2364/4255/2362 2727/4819/2725 2522/4475/2520
f 2553/4820/2551 2732/4923/2730 2727/4819/2725
f 2680/4732/2678 2786/4924/2784 2681/4733/2679
f 2729/4823/2727 2787/4925/2785 2728/4822/2726
f 2683/4926/2681 2788/4927/2786 2789/4928/2787
f 2683/4926/2681 2731/4929/2729 2788/4927/2786
f 2684/4738/2682 2733/4829/2731 2790/4930/2788
f 2639/4663/2637 2681/4733/2679 2735/4931/2733
f 2681/4733/2679 2786/4924/2784 2735/4931/2733
f 2680/4732/2678 2791/4932/2789 2786/4924/2784
f 2728/4821/2726 2791/4932/2789 2680/4732/2678
f 2731/4827/2729 2734/4830/2732 2788/4933/2786
f 2596/4831/2594 2792/4934/2790 2733/4829/2731
f 2644/4741/2642 2686/4742/2684 2738/4838/2736
f 2556/4529/2554 2793/4935/2791 2595/4588/2593
f 2686/4742/2684 2794/4936/2792 2738/4838/2736
f 2686/4742/2684 2736/4835/2734 2794/4936/2792
f 2685/4740/2683 2795/4937/2793 2736/4938/2734
f 2735/4833/2733 2795/4937/2793 2685/4740/2683
f 2788/4933/2786 2737/4836/2735 2796/4939/2794
f 2734/4830/2732 2737/4836/2735 2788/4933/2786
f 2595/4588/2593 2793/4935/2791 2643/4668/2641
f 2786/4924/2784 2797/4940/2795 2735/4931/2733
f 2736/4835/2734 2798/4941/2796 2794/4936/2792
f 2795/4937/2793 2798/4942/2796 2736/4938/2734
f 2737/4836/2735 2739/4841/2737 2796/4939/2794
f 2739/4841/2737 2799/4943/2797 2796/4939/2794
f 2596/4831/2594 2687/4944/2685 2792/4934/2790
f 2687/4944/2685 2800/4945/2798 2792/4934/2790
f 2799/4943/2797 2739/4841/2737 2801/4946/2799
f 2740/4842/2738 2746/4947/2744 2691/4752/2689
f 2802/4948/2800 2742/4846/2740 2646/4672/2644
f 2691/4752/2689 2746/4947/2744 2692/4753/2690
f 2739/4841/2737 2803/4949/2801 2801/4946/2799
f 2741/4950/2739 2688/4951/2686 2743/4952/2741
f 2739/4841/2737 2648/4849/2646 2803/4949/2801
f 2804/4953/2802 2801/4954/2799 2805/4955/2803
f 2801/4954/2799 2803/4956/2801 2805/4955/2803
f 2806/4957/2804 2748/4958/2746 2746/4959/2744
f 2742/4846/2740 2807/4960/2805 2690/4847/2688
f 2648/4851/2646 2745/4853/2743 2803/4956/2801
f 2690/4961/2688 2807/4962/2805 2744/4852/2742
f 2744/4852/2742 2807/4962/2805 2808/4963/2806
f 2745/4853/2743 2809/4964/2807 2803/4956/2801
f 2748/4856/2746 2693/4755/2691 2746/4854/2744
f 2803/4956/2801 2809/4964/2807 2810/4965/2808
f 2748/4966/2746 2811/4967/2809 2749/4860/2747
f 2812/4968/2810 2813/4969/2811 2753/4970/2751
f 2814/4971/2812 2815/4972/2813 2816/4973/2814
f 2750/4862/2748 2817/4974/2815 2747/4858/2745
f 2811/4967/2809 2816/4975/2814 2698/4768/2696
f 2811/4967/2809 2698/4768/2696 2749/4860/2747
f 2817/4974/2815 2813/4969/2811 2812/4968/2810
f 2816/4973/2814 2815/4972/2813 2752/4976/2750
f 2816/4975/2814 2751/4866/2749 2698/4768/2696
f 2813/4969/2811 2754/4977/2752 2753/4970/2751
f 2752/4864/2750 2751/4866/2749 2816/4975/2814
f 2818/4978/2816 2752/4979/2750 2815/4980/2813
f 2819/4981/2817 2699/4769/2697 2756/4872/2754
f 2698/4768/2696 2751/4866/2749 2612/4767/2610
f 2754/4977/2752 2813/4969/2811 2757/4982/2755
f 2819/4981/2817 2753/4867/2751 2699/4769/2697
f 2817/4974/2815 2750/4862/2748 2813/4969/2811
f 2813/4969/2811 2750/4862/2748 2759/4983/2757
f 2813/4969/2811 2759/4983/2757 2757/4982/2755
f 2752/4870/2750 2818/4984/2816 2755/4871/2753
f 2756/4872/2754 2758/4874/2756 2820/4985/2818
f 2697/4765/2695 2702/4773/2700 2750/4862/2748
f 2820/4986/2818 2758/4987/2756 2821/4988/2819
f 2750/4862/2748 2702/4773/2700 2759/4983/2757
f 2822/4989/2820 2659/4696/2657 2755/4871/2753
f 2823/4990/2821 2824/4991/2822 2761/4877/2759
f 2659/4696/2657 2822/4989/2820 2618/4623/2616
f 2822/4989/2820 2825/4992/2823 2618/4623/2616
f 2825/4993/2823 2761/4877/2759 2618/4626/2616
f 2824/4991/2822 2762/4878/2760 2761/4877/2759
f 2758/4994/2756 2764/4995/2762 2821/4996/2819
f 2618/4626/2616 2761/4877/2759 2661/4700/2659
f 2758/4874/2756 2760/4876/2758 2764/4880/2762
f 2826/4997/2824 2827/4998/2825 2828/4999/2826
f 2829/5000/2827 2830/5001/2828 2826/5002/2824
f 2829/5003/2827 2764/5004/2762 2830/5005/2828
f 2762/5006/2760 2831/5007/2829 2766/5008/2764
f 2831/5007/2829 2832/5009/2830 2766/5008/2764
f 2830/5005/2828 2764/5004/2762 2769/5010/2767
f 2764/5004/2762 2763/5011/2761 2769/5010/2767
f 2762/4878/2760 2766/4882/2764 2709/4782/2707
f 2831/5007/2829 2833/5012/2831 2832/5009/2830
f 2826/4997/2824 2778/4911/2776 2827/4998/2825
f 2830/5005/2828 2834/5013/2832 2826/5014/2824
f 2759/4875/2757 2706/4779/2704 2765/4881/2763
f 2827/4998/2825 2777/4910/2775 2833/5012/2831
f 2826/5014/2824 2834/5013/2832 2778/5015/2776
f 2833/5012/2831 2777/4910/2775 2832/5009/2830
f 2830/5005/2828 2769/5010/2767 2835/5016/2833
f 2766/4882/2764 2832/5017/2830 2768/4886/2766
f 2768/4886/2766 2832/5017/2830 2836/5018/2834
f 2777/4910/2775 2827/4998/2825 2776/4909/2774
f 2830/5005/2828 2835/5016/2833 2837/5019/2835
f 2832/5009/2830 2777/4910/2775 2783/5020/2781
f 2830/5005/2828 2837/5019/2835 2834/5013/2832
f 2827/4998/2825 2778/4911/2776 2776/4909/2774
f 2706/4779/2704 2772/4892/2770 2765/4881/2763
f 2838/5021/2836 2713/4793/2711 2711/5022/2709
f 2712/4785/2710 2782/5023/2780 2665/4709/2663
f 2769/4887/2767 2767/4885/2765 2835/5024/2833
f 2765/4881/2763 2772/4892/2770 2774/4898/2772
f 2832/5025/2830 2783/4917/2781 2836/5026/2834
f 2621/4628/2619 2717/4795/2715 2714/5027/2712
f 2712/4786/2710 2768/4886/2766 2782/5028/2780
f 2767/4885/2765 2771/4891/2769 2839/5029/2837
f 2717/4795/2715 2840/5030/2838 2714/5027/2712
f 2767/4885/2765 2839/5029/2837 2835/5024/2833
f 2665/4709/2663 2782/5023/2780 2720/4893/2718
f 2768/4886/2766 2836/5018/2834 2782/5028/2780
f 2783/5020/2781 2777/4910/2775 2724/4812/2722
f 2772/4904/2770 2668/4903/2666 2774/4897/2772
f 2717/4795/2715 2775/5031/2773 2840/5030/2838
f 2717/4795/2715 2718/4899/2716 2775/5031/2773
f 2836/5026/2834 2783/4917/2781 2679/4730/2677
f 2834/5032/2832 2779/4920/2777 2778/5033/2776
f 2672/4906/2670 2771/5034/2769 2770/4896/2768
f 2716/4794/2714 2841/5035/2839 2667/5036/2665
f 2782/4916/2780 2675/4722/2673 2720/5037/2718
f 2723/4810/2721 2724/4812/2722 2777/4910/2775
f 2836/5038/2834 2678/4817/2676 2782/4916/2780
f 2839/5029/2837 2722/4808/2720 2784/5039/2782
f 2839/5029/2837 2771/4891/2769 2722/4808/2720
f 2780/4913/2778 2771/4891/2769 2672/4914/2670
f 2841/5035/2839 2719/4799/2717 2667/5036/2665
f 2834/5032/2832 2721/4805/2719 2779/4920/2777
f 2837/5040/2835 2721/4805/2719 2834/5032/2832
f 2784/4918/2782 2721/4805/2719 2837/5040/2835
f 2780/4913/2778 2722/4808/2720 2771/4891/2769
f 2719/4799/2717 2781/4915/2779 2579/4640/2577
f 2836/5026/2834 2679/4730/2677 2678/4814/2676
f 2842/5041/2840 2506/4450/2504 2673/5042/2671
f 2842/5041/2840 2725/4813/2723 2506/4450/2504
f 2726/4815/2724 2785/4921/2783 2677/4725/2675
f 2725/4813/2723 2726/5043/2724 2583/4574/2581
f 2413/4296/2411 2522/4475/2520 2727/4819/2725
f 2683/4926/2681 2789/4928/2787 2730/5044/2728
f 2732/4828/2730 2684/4738/2682 2790/4930/2788
f 2728/4822/2726 2787/4925/2785 2791/5045/2789
f 2729/4823/2727 2843/5046/2841 2787/4925/2785
f 2730/4824/2728 2843/5046/2841 2729/4823/2727
f 2844/5047/2842 2730/5044/2728 2789/4928/2787
f 2733/4829/2731 2792/4934/2790 2790/4930/2788
f 2730/5044/2728 2844/5047/2842 2843/5048/2841
f 2845/5049/2843 2556/4529/2554 2554/4743/2552
f 2844/5047/2842 2846/5050/2844 2843/5048/2841
f 2789/5051/2787 2788/4933/2786 2796/4939/2794
f 2845/5049/2843 2793/4935/2791 2556/4529/2554
f 2791/5045/2789 2787/4925/2785 2847/5052/2845
f 2843/5046/2841 2848/5053/2846 2787/4925/2785
f 2796/5054/2794 2849/5055/2847 2789/4928/2787
f 2843/5046/2841 2846/5056/2844 2848/5053/2846
f 2787/4925/2785 2848/5053/2846 2847/5052/2845
f 2796/4939/2794 2799/4943/2797 2849/5057/2847
f 2850/5058/2848 2643/4668/2641 2793/4935/2791
f 2792/4934/2790 2800/4945/2798 2851/5059/2849
f 2797/5060/2795 2795/4937/2793 2735/4833/2733
f 2738/4838/2736 2794/4936/2792 2740/4842/2738
f 2794/4936/2792 2806/5061/2804 2740/4842/2738
f 2794/4936/2792 2798/4941/2796 2806/5061/2804
f 2791/4932/2789 2797/4940/2795 2786/4924/2784
f 2643/4668/2641 2850/5058/2848 2646/5062/2644
f 2798/4942/2796 2795/4937/2793 2852/5063/2850
f 2852/5063/2850 2795/4937/2793 2853/5064/2851
f 2797/5060/2795 2853/5064/2851 2795/4937/2793
f 2798/4942/2796 2852/5063/2850 2806/4957/2804
f 2847/5065/2845 2797/4940/2795 2791/4932/2789
f 2849/5057/2847 2799/4943/2797 2801/4946/2799
f 2850/5066/2848 2802/4948/2800 2646/4672/2644
f 2801/4946/2799 2804/5067/2802 2849/5057/2847
f 2800/5068/2798 2741/5069/2739 2854/5070/2852
f 2687/4845/2685 2741/4844/2739 2800/5071/2798
f 2806/5061/2804 2746/4947/2744 2740/4842/2738
f 2797/5060/2795 2847/5072/2845 2853/5064/2851
f 2848/5073/2846 2855/5074/2853 2847/5075/2845
f 2853/5064/2851 2847/5072/2845 2855/5076/2853
f 2848/5073/2846 2856/5077/2854 2857/5078/2855
f 2855/5074/2853 2848/5073/2846 2857/5078/2855
f 2852/5063/2850 2853/5064/2851 2814/4971/2812
f 2802/4948/2800 2858/5079/2856 2742/4846/2740
f 2806/4957/2804 2852/5063/2850 2748/4958/2746
f 2855/5076/2853 2814/4971/2812 2853/5064/2851
f 2742/4846/2740 2858/5079/2856 2807/4960/2805
f 2741/4950/2739 2743/4952/2741 2747/5080/2745
f 2741/4950/2739 2747/5080/2745 2859/5081/2857
f 2748/4958/2746 2852/5063/2850 2811/5082/2809
f 2803/4956/2801 2810/4965/2808 2805/4955/2803
f 2858/5079/2856 2860/5083/2858 2807/4960/2805
f 2852/5063/2850 2814/4971/2812 2811/5082/2809
f 2805/4955/2803 2861/5084/2859 2804/4953/2802
f 2862/5085/2860 2861/5086/2859 2856/5077/2854
f 2745/4853/2743 2863/5087/2861 2809/4964/2807
f 2814/4971/2812 2816/4973/2814 2811/5082/2809
f 2744/4852/2742 2808/4963/2806 2863/5087/2861
f 2744/4852/2742 2863/5087/2861 2745/4853/2743
f 2859/5088/2857 2747/5089/2745 2812/5090/2810
f 2856/5077/2854 2861/5086/2859 2864/5091/2862
f 2860/5083/2858 2808/5092/2806 2807/4960/2805
f 2858/5079/2856 2865/5093/2863 2860/5083/2858
f 2856/5077/2854 2864/5091/2862 2866/5094/2864
f 2805/4955/2803 2810/4965/2808 2861/5084/2859
f 2817/4974/2815 2812/4968/2810 2747/4858/2745
f 2753/5095/2751 2819/5096/2817 2867/5097/2865
f 2857/5078/2855 2866/5094/2864 2855/5074/2853
f 2855/5076/2853 2815/4972/2813 2814/4971/2812
f 2868/5098/2866 2864/5091/2862 2861/5086/2859
f 2856/5077/2854 2866/5094/2864 2857/5078/2855
f 2866/5094/2864 2815/4980/2813 2855/5074/2853
f 2861/5084/2859 2810/4965/2808 2868/5099/2866
f 2808/5092/2806 2860/5083/2858 2869/5100/2867
f 2860/5083/2858 2865/5093/2863 2870/5101/2868
f 2867/5097/2865 2819/5096/2817 2871/5102/2869
f 2860/5083/2858 2870/5101/2868 2869/5100/2867
f 2871/5103/2869 2819/5104/2817 2756/5105/2754
f 2863/5087/2861 2872/5106/2870 2809/4964/2807
f 2868/5098/2866 2873/5107/2871 2864/5091/2862
f 2871/5103/2869 2756/5105/2754 2820/4986/2818
f 2808/4963/2806 2869/5108/2867 2863/5087/2861
f 2863/5087/2861 2828/5109/2826 2872/5106/2870
f 2868/5099/2866 2874/5110/2872 2873/5111/2871
f 2809/4964/2807 2872/5106/2870 2810/4965/2808
f 2863/5087/2861 2869/5108/2867 2828/5109/2826
f 2868/5099/2866 2810/4965/2808 2874/5110/2872
f 2815/4980/2813 2866/5094/2864 2818/4978/2816
f 2820/4986/2818 2870/5101/2868 2865/5093/2863
f 2864/5091/2862 2873/5107/2871 2823/5112/2821
f 2810/4965/2808 2872/5106/2870 2874/5110/2872
f 2864/5091/2862 2875/5113/2873 2866/5094/2864
f 2866/5094/2864 2875/5113/2873 2818/4978/2816
f 2823/5112/2821 2875/5113/2873 2864/5091/2862
f 2870/5101/2868 2821/4988/2819 2869/5100/2867
f 2828/5109/2826 2869/5108/2867 2829/5114/2827
f 2869/5100/2867 2821/4988/2819 2829/5115/2827
f 2875/5116/2873 2823/4990/2821 2825/4993/2823
f 2825/4992/2823 2822/4989/2820 2875/5117/2873
f 2872/5118/2870 2833/5012/2831 2874/5119/2872
f 2870/5101/2868 2820/4986/2818 2821/4988/2819
f 2818/4984/2816 2822/4989/2820 2755/4871/2753
f 2875/5117/2873 2822/4989/2820 2818/4984/2816
f 2873/5120/2871 2874/5121/2872 2824/4991/2822
f 2823/4990/2821 2873/5120/2871 2824/4991/2822
f 2831/5122/2829 2824/4991/2822 2874/5121/2872
f 2825/4993/2823 2823/4990/2821 2761/4877/2759
f 2829/5123/2827 2826/4997/2824 2828/4999/2826
f 2821/4988/2819 2764/5124/2762 2829/5115/2827
f 2824/4991/2822 2831/5122/2829 2762/4878/2760
f 2874/5119/2872 2833/5012/2831 2831/5007/2829
f 2833/5012/2831 2872/5118/2870 2827/4998/2825
f 2828/4999/2826 2827/4998/2825 2872/5118/2870
f 2713/4793/2711 2838/5021/2836 2841/5035/2839
f 2714/4788/2712 2840/5125/2838 2715/4789/2713
f 2713/4793/2711 2841/5035/2839 2716/4794/2714
f 2840/5126/2838 2876/5127/2874 2715/5128/2713
f 2835/5016/2833 2784/5129/2782 2837/5019/2835
f 2835/5130/2833 2839/5131/2837 2784/5132/2782
f 2711/5133/2709 2842/5041/2840 2838/5134/2836
f 2840/5135/2838 2669/4713/2667 2785/5136/2783
f 2775/4908/2773 2669/4713/2667 2840/5135/2838
f 2841/5035/2839 2838/5021/2836 2781/4915/2779
f 2719/4799/2717 2841/5035/2839 2781/4915/2779
f 2838/5021/2836 2673/4720/2671 2781/4915/2779
f 2842/5041/2840 2673/5042/2671 2838/5134/2836
f 2781/4915/2779 2673/4720/2671 2629/4641/2627
f 2670/4715/2668 2785/4921/2783 2669/5137/2667
f 2876/5127/2874 2726/4815/2724 2725/5138/2723
f 2727/4819/2725 2877/5139/2875 2413/4296/2411
f 2413/4296/2411 2878/5140/2876 2554/4527/2552
f 2727/4819/2725 2879/5141/2877 2877/5139/2875
f 2732/4923/2730 2879/5141/2877 2727/4819/2725
f 2554/4527/2552 2878/5140/2876 2845/5142/2843
f 2790/4930/2788 2851/5059/2849 2732/4828/2730
f 2732/4828/2730 2880/5143/2878 2879/5144/2877
f 2851/5059/2849 2880/5143/2878 2732/4828/2730
f 2790/4930/2788 2792/4934/2790 2851/5059/2849
f 2846/5050/2844 2844/5047/2842 2881/5145/2879
f 2789/4928/2787 2881/5145/2879 2844/5047/2842
f 2789/4928/2787 2849/5055/2847 2881/5145/2879
f 2851/5059/2849 2800/4945/2798 2854/5146/2852
f 2846/5050/2844 2881/5145/2879 2862/5147/2860
f 2846/5056/2844 2862/5148/2860 2848/5053/2846
f 2850/5066/2848 2882/5149/2880 2802/4948/2800
f 2862/5085/2860 2856/5077/2854 2848/5073/2846
f 2881/5145/2879 2849/5055/2847 2804/5150/2802
f 2881/5145/2879 2804/5150/2802 2862/5147/2860
f 2883/5151/2881 2854/5070/2852 2859/5088/2857
f 2854/5070/2852 2741/5069/2739 2859/5088/2857
f 2802/4948/2800 2882/5149/2880 2858/5079/2856
f 2804/5152/2802 2861/5086/2859 2862/5085/2860
f 2867/5097/2865 2884/5153/2882 2859/5088/2857
f 2882/5149/2880 2885/5154/2883 2858/5079/2856
f 2859/5088/2857 2753/5095/2751 2867/5097/2865
f 2859/5088/2857 2812/5090/2810 2753/5095/2751
f 2885/5154/2883 2865/5093/2863 2858/5079/2856
f 2871/5102/2869 2886/5155/2884 2867/5097/2865
f 2886/5156/2884 2871/5103/2869 2885/5154/2883
f 2885/5154/2883 2820/4986/2818 2865/5093/2863
f 2820/4986/2818 2885/5154/2883 2871/5103/2869
f 2715/5157/2713 2842/5041/2840 2711/5133/2709
f 2840/5126/2838 2785/4921/2783 2876/5127/2874
f 2715/5157/2713 2876/5158/2874 2842/5041/2840
f 2842/5041/2840 2876/5158/2874 2725/4813/2723
f 2785/4921/2783 2726/4815/2724 2876/5127/2874
f 2877/5139/2875 2878/5140/2876 2413/4296/2411
f 2793/4935/2791 2845/5049/2843 2850/5058/2848
f 2877/5139/2875 2887/5159/2885 2878/5140/2876
f 2878/5140/2876 2887/5159/2885 2845/5142/2843
f 2845/5049/2843 2888/5160/2886 2850/5058/2848
f 2845/5142/2843 2887/5159/2885 2888/5161/2886
f 2877/5139/2875 2879/5141/2877 2887/5159/2885
f 2880/5143/2878 2883/5162/2881 2879/5144/2877
f 2850/5058/2848 2888/5160/2886 2882/5163/2880
f 2851/5059/2849 2854/5146/2852 2880/5143/2878
f 2879/5141/2877 2889/5164/2887 2887/5159/2885
f 2854/5070/2852 2883/5151/2881 2880/5165/2878
f 2887/5159/2885 2890/5166/2888 2888/5161/2886
f 2879/5144/2877 2883/5162/2881 2889/5167/2887
f 2888/5160/2886 2890/5168/2888 2882/5163/2880
f 2889/5164/2887 2890/5166/2888 2887/5159/2885
f 2890/5166/2888 2889/5164/2887 2886/5169/2884
f 2889/5170/2887 2867/5097/2865 2886/5155/2884
f 2883/5151/2881 2859/5088/2857 2884/5153/2882
f 2883/5151/2881 2867/5097/2865 2889/5170/2887
f 2884/5153/2882 2867/5097/2865 2883/5151/2881
f 2890/5171/2888 2886/5156/2884 2885/5154/2883
f 2890/5171/2888 2885/5154/2883 2882/5149/2880
