# Blender 4.4.0
# www.blender.org
mtllib 一块白菜叶_0920092826_texture.mtl
o 一块白菜叶_0920092826_texture
v 0.360040 0.223880 -0.555044
v 0.409027 0.256511 -0.557478
v 0.403753 0.233139 -0.549295
v 0.477591 0.272912 -0.556177
v 0.450714 0.273808 -0.550252
v 0.375221 0.241921 -0.547914
v 0.403547 0.257816 -0.547456
v 0.507191 0.290593 -0.548548
v 0.538109 0.296121 -0.547097
v 0.534649 0.283055 -0.542375
v 0.295695 0.173254 -0.540726
v 0.281738 0.178890 -0.540575
v 0.326785 0.204560 -0.550762
v 0.484935 0.262139 -0.548518
v 0.337021 0.189010 -0.541486
v 0.308123 0.195841 -0.535159
v 0.547548 0.271230 -0.527780
v 0.483427 0.275846 -0.524138
v 0.580111 0.296431 -0.537984
v 0.540231 0.302762 -0.543127
v 0.404578 0.252231 -0.530884
v 0.486785 0.202122 -0.500009
v 0.548121 0.303718 -0.528692
v 0.586065 0.308155 -0.536327
v 0.623962 0.301886 -0.538882
v 0.354139 0.156477 -0.510195
v 0.672535 0.291856 -0.538795
v 0.731655 0.282982 -0.535258
v 0.735695 0.273229 -0.532374
v 0.680256 0.299772 -0.534909
v 0.649656 0.307556 -0.531322
v 0.300577 0.124366 -0.502690
v 0.787578 0.281955 -0.527251
v 0.789271 0.287727 -0.521692
v 0.623466 0.275091 -0.518361
v 0.236434 0.134715 -0.516978
v 0.226699 0.150213 -0.515095
v 0.255336 0.169321 -0.520365
v 0.707215 0.246611 -0.508330
v 0.776896 0.267253 -0.523208
v 0.748393 0.287338 -0.525688
v 0.726468 0.287157 -0.514812
v 0.641221 0.307917 -0.518135
v 0.587214 0.307394 -0.515700
v 0.750797 0.239050 -0.502928
v 0.574329 0.226529 -0.484747
v 0.202819 0.122733 -0.506960
v 0.406358 0.237116 -0.508430
v 0.814347 0.285193 -0.519950
v 0.811906 0.255012 -0.500594
v 0.323406 0.180874 -0.499278
v 0.843683 0.276294 -0.501604
v 0.192768 0.073129 -0.489533
v 0.262780 0.100353 -0.495806
v 0.202076 0.127432 -0.502205
v 0.861857 0.291942 -0.488935
v 0.557218 0.286654 -0.484965
v 0.342141 0.098651 -0.474929
v 0.236901 0.149214 -0.497810
v 0.262879 0.152849 -0.485887
v 0.765876 0.277782 -0.495594
v 0.721296 0.272063 -0.481768
v 0.860017 0.294459 -0.468369
v 0.212332 0.022926 -0.468769
v 0.179920 0.093333 -0.491108
v 0.868346 0.273863 -0.479305
v 0.172476 0.094056 -0.482316
v 0.772252 0.205328 -0.458153
v 0.490555 0.252191 -0.484605
v 0.583208 0.284183 -0.472737
v 0.640496 0.286035 -0.477308
v 0.313818 0.055487 -0.463740
v 0.421994 0.127070 -0.469541
v 0.207367 0.115501 -0.478976
v 0.831188 0.243605 -0.472460
v 0.153691 0.033083 -0.467149
v 0.378170 0.172187 -0.465532
v 0.424448 0.219166 -0.482785
v 0.654179 0.192303 -0.463689
v 0.821791 0.280161 -0.469677
v 0.246549 -0.009247 -0.450839
v 0.150131 0.058687 -0.472445
v 0.261015 0.142687 -0.475221
v 0.758318 0.244350 -0.437971
v 0.158401 0.079670 -0.469055
v 0.332058 0.153744 -0.466313
v -0.701688 -0.249364 -0.471382
v -0.754197 -0.233501 -0.465777
v -0.749819 -0.224639 -0.465957
v -0.643485 -0.233042 -0.468793
v 0.324299 0.141206 -0.455778
v 0.715810 0.189817 -0.456899
v -0.688048 -0.255793 -0.463308
v -0.713535 -0.217138 -0.460540
v 0.129283 0.024336 -0.459538
v 0.197148 0.089799 -0.462375
v 0.244256 0.111832 -0.460746
v 0.564349 0.150573 -0.440798
v 0.493253 0.222316 -0.458130
v 0.628992 0.267997 -0.453873
v -0.729187 -0.248565 -0.458043
v -0.627435 -0.235757 -0.456826
v -0.610055 -0.229080 -0.455590
v 0.140777 -0.000380 -0.449026
v 0.127481 0.034843 -0.455409
v 0.159009 0.064440 -0.450954
v 0.615002 0.146738 -0.430625
v -0.601055 -0.216305 -0.458604
v -0.804143 -0.201549 -0.457337
v -0.654672 -0.208542 -0.451219
v -0.780189 -0.201598 -0.460255
v -0.823027 -0.177638 -0.453508
v 0.433792 0.082225 -0.429766
v 0.298651 0.123739 -0.450722
v 0.559169 0.245159 -0.440768
v 0.875272 0.278551 -0.402939
v -0.644798 -0.235429 -0.443845
v -0.766003 -0.233191 -0.453271
v -0.786955 -0.176868 -0.445186
v 0.110489 -0.009763 -0.449478
v 0.106553 -0.002046 -0.446015
v 0.129884 0.037764 -0.442133
v 0.672499 0.251528 -0.448477
v 0.712762 0.236700 -0.433458
v 0.778831 0.227241 -0.403993
v 0.898045 0.285239 -0.439946
v -0.593605 -0.226608 -0.450473
v -0.804197 -0.207364 -0.442881
v -0.850681 -0.173088 -0.436144
v -0.574203 -0.201638 -0.443630
v -0.550179 -0.208196 -0.441754
v 0.196543 -0.032057 -0.437390
v 0.142551 0.050008 -0.441262
v 0.410350 0.051974 -0.420290
v 0.695496 0.166429 -0.439294
v 0.791846 0.179970 -0.416881
v 0.897759 0.268068 -0.436726
v -0.723323 -0.193211 -0.440223
v -0.829990 -0.165370 -0.444539
v 0.231181 0.041446 -0.442064
v 0.477639 0.178656 -0.432326
v 0.850736 0.224682 -0.425798
v 0.921741 0.271722 -0.402509
v -0.752604 -0.215472 -0.428462
v -0.681026 -0.190461 -0.427001
v -0.862301 -0.150588 -0.425796
v 0.085526 -0.046276 -0.438421
v 0.083308 -0.061564 -0.438265
v 0.122637 -0.036608 -0.431745
v 0.315352 -0.041242 -0.415400
v 0.347999 -0.020388 -0.411637
v 0.551881 0.106679 -0.410238
v 0.725111 0.154148 -0.418181
v 0.086128 -0.046371 -0.430273
v 0.118799 0.010909 -0.437481
v 0.168605 0.023700 -0.433928
v 0.369290 0.120069 -0.415242
v 0.693440 0.223451 -0.423580
v 0.585297 0.229225 -0.423364
v 0.906627 0.283730 -0.408491
v -0.662129 -0.220260 -0.421067
v -0.534883 -0.215275 -0.425594
v -0.542658 -0.237538 -0.377926
v -0.530492 -0.194172 -0.421782
v -0.512903 -0.200152 -0.416583
v -0.643344 -0.193084 -0.422202
v 0.085677 -0.084829 -0.427184
v 0.143554 -0.042833 -0.420811
v 0.293878 0.074810 -0.436506
v 0.320841 0.109242 -0.435327
v 0.575846 0.121345 -0.417285
v 0.416592 0.151518 -0.431183
v 0.660969 0.228176 -0.429847
v -0.617322 -0.227317 -0.426432
v -0.812819 -0.181371 -0.405640
v -0.724282 -0.174161 -0.415218
v -0.844076 -0.139408 -0.409519
v 0.047685 -0.095582 -0.425950
v 0.055131 -0.081551 -0.424948
v 0.273783 -0.065670 -0.412272
v 0.569915 0.178752 -0.398600
v 0.810528 0.235703 -0.391015
v -0.847355 -0.174382 -0.415265
v -0.778179 -0.152983 -0.412301
v -0.880438 -0.160194 -0.414345
v 0.126390 -0.060844 -0.410699
v 0.228956 -0.076488 -0.404033
v 0.118011 -0.021647 -0.410841
v 0.165975 0.006921 -0.423667
v 0.240513 -0.005837 -0.411073
v 0.276454 -0.003761 -0.407277
v 0.463598 0.154308 -0.414938
v -0.786551 -0.176402 -0.388158
v -0.593971 -0.196616 -0.418107
v -0.561806 -0.198379 -0.414223
v 0.080796 -0.073249 -0.398439
v 0.132926 0.007886 -0.405199
v 0.326441 0.006323 -0.394031
v 0.918427 0.248515 -0.399516
v 0.071109 -0.105731 -0.411681
v 0.194885 -0.080624 -0.393440
v 0.489411 0.071253 -0.398479
v 0.365202 0.102104 -0.402486
v 0.643366 0.109279 -0.403394
v -0.605993 -0.233778 -0.371453
v -0.746377 -0.194251 -0.399610
v 0.034992 -0.116685 -0.408443
v 0.012571 -0.110307 -0.404181
v 0.126205 -0.076646 -0.387642
v 0.361271 0.080174 -0.394613
v 0.672624 0.109076 -0.396318
v 0.658192 0.181348 -0.400019
v 0.733741 0.211202 -0.401743
v 0.033765 -0.091938 -0.405111
v 0.099293 -0.056246 -0.396305
v 0.464130 0.033693 -0.381078
v 0.735162 0.120745 -0.376844
v 0.843217 0.193682 -0.397105
v 0.934622 0.252620 -0.387989
v -0.662420 -0.216723 -0.401765
v -0.487658 -0.218824 -0.365423
v -0.476111 -0.202444 -0.372350
v -0.611413 -0.192072 -0.392801
v -0.685945 -0.168490 -0.372799
v -0.017511 -0.106361 -0.385595
v 0.307824 -0.108938 -0.389762
v 0.149115 -0.088098 -0.374310
v 0.204544 -0.037356 -0.381549
v 0.131624 -0.005663 -0.392961
v 0.396241 -0.032726 -0.381688
v 0.417647 0.119896 -0.397811
v 0.792451 0.163616 -0.396616
v -0.884735 -0.164036 -0.378240
v -0.723174 -0.159643 -0.380146
v -0.896150 -0.140933 -0.388241
v -0.005528 -0.091679 -0.381737
v 0.273197 -0.133812 -0.379170
v 0.331570 -0.085314 -0.392627
v 0.149940 -0.018126 -0.392754
v 0.898281 0.272061 -0.383407
v -0.742859 -0.183615 -0.368029
v -0.905607 -0.160119 -0.383733
v -0.770558 -0.135560 -0.369712
v 0.016254 -0.121283 -0.384658
v 0.116998 -0.084416 -0.374182
v 0.593507 0.046374 -0.355265
v 0.653933 0.088313 -0.380890
v 0.536245 0.145020 -0.389492
v -0.482942 -0.189631 -0.371064
v -0.836482 -0.167552 -0.384574
v -0.815107 -0.114083 -0.337077
v 0.122117 -0.016119 -0.386802
v 0.571390 0.132745 -0.364026
v 0.692256 0.160354 -0.377705
v 0.752391 0.193635 -0.375841
v 0.809154 0.223993 -0.376605
v -0.549551 -0.206125 -0.355802
v 0.050925 -0.079006 -0.355605
v 0.930168 0.229501 -0.383820
v 0.890613 0.147033 -0.346335
v -0.012738 -0.122340 -0.377529
v 0.045509 -0.117472 -0.362072
v 0.083801 -0.102886 -0.342782
v 0.183921 -0.105506 -0.371887
v 0.088698 -0.062102 -0.358465
v 0.332587 -0.041980 -0.370987
v 0.483443 0.025816 -0.358736
v 0.421458 0.082862 -0.375601
v 0.858354 0.150021 -0.357932
v 0.930622 0.261224 -0.374671
v 0.340561 -0.107530 -0.369231
v 0.105765 -0.045283 -0.370655
v 0.279421 -0.076992 -0.362503
v 0.308048 -0.058960 -0.370275
v 0.544282 0.068628 -0.378049
v 0.703337 0.100819 -0.365566
v 0.510410 0.092431 -0.339986
v 0.804325 0.120624 -0.352607
v -0.580384 -0.200034 -0.342701
v -0.916581 -0.170234 -0.357141
v -0.920716 -0.162371 -0.357752
v 0.290705 -0.143245 -0.372273
v -0.865968 -0.119567 -0.329212
v 0.119459 -0.018871 -0.371323
v 0.507015 0.039848 -0.359333
v 0.955688 0.209291 -0.362224
v 0.866773 0.241485 -0.359150
v -0.779709 -0.164416 -0.357178
v -0.643517 -0.158676 -0.285189
v -0.810456 -0.151758 -0.340850
v -0.916145 -0.151199 -0.359729
v 0.321978 -0.134615 -0.360434
v 0.260771 -0.160964 -0.359337
v 0.146137 -0.062950 -0.338613
v 0.458705 0.081931 -0.358452
v 0.648408 0.132854 -0.362425
v -0.508455 -0.235572 -0.332873
v -0.867335 -0.161843 -0.357716
v 0.295239 -0.155486 -0.356702
v -0.033946 -0.102743 -0.368414
v 0.152163 -0.129667 -0.343175
v 0.408660 -0.045210 -0.361034
v 0.395065 0.010420 -0.366355
v 0.663082 0.076594 -0.358463
v 0.719129 0.091695 -0.339471
v 0.945654 0.189868 -0.359529
v 0.947053 0.235356 -0.360269
v 0.887247 0.251741 -0.362308
v -0.909994 -0.141148 -0.333428
v -0.039884 -0.109713 -0.339985
v 0.182651 -0.053943 -0.363286
v 0.104451 -0.032526 -0.339580
v 0.729337 0.159172 -0.353218
v 0.813911 0.193805 -0.348199
v -0.638483 -0.224144 -0.346693
v -0.910969 -0.178208 -0.345565
v 0.103339 -0.109708 -0.332914
v -0.048438 -0.066273 -0.333740
v 0.027907 -0.076038 -0.336964
v 0.392108 -0.080780 -0.336833
v 0.337599 -0.057331 -0.357594
v 0.569862 0.010984 -0.336697
v 0.623866 0.037733 -0.334187
v 0.780745 0.104663 -0.341536
v 0.786514 0.153657 -0.322613
v 0.958396 0.194728 -0.336683
v 0.307029 -0.152359 -0.346709
v -0.804695 -0.099202 -0.283019
v -0.003934 -0.111498 -0.331261
v -0.017427 -0.063099 -0.340213
v 0.673786 0.125023 -0.341916
v -0.536924 -0.238113 -0.324653
v -0.449953 -0.186870 -0.315522
v -0.462076 -0.181852 -0.322144
v -0.896771 -0.169646 -0.340570
v -0.704227 -0.150353 -0.304464
v 0.183656 -0.179216 -0.320613
v 0.358249 -0.110010 -0.335188
v 0.249918 -0.111446 -0.335437
v 0.492548 0.006062 -0.341194
v 0.476418 0.070559 -0.342779
v 0.874780 0.123481 -0.324389
v -0.622005 0.170845 -0.347252
v -0.627720 0.182954 -0.352190
v -0.594356 0.175921 -0.347875
v -0.562983 0.154798 -0.344337
v 0.912208 0.231654 -0.346027
v -0.600184 -0.231917 -0.329590
v -0.693883 -0.198616 -0.316103
v 0.266988 -0.174232 -0.339340
v 0.312350 -0.086105 -0.344771
v 0.447796 -0.032490 -0.336278
v 0.418675 0.011635 -0.348817
v 0.649758 0.104768 -0.328489
v 0.965436 0.143480 -0.325377
v -0.568337 0.165533 -0.338774
v 0.969861 0.156463 -0.332331
v -0.621152 0.189479 -0.340554
v 0.836310 0.179166 -0.330471
v -0.661135 0.189134 -0.339721
v -0.457199 -0.206506 -0.309642
v -0.564192 -0.197174 -0.310676
v -0.066265 -0.079518 -0.320983
v 0.047869 -0.066360 -0.327296
v 0.401672 -0.023482 -0.324144
v 0.703143 0.131915 -0.321755
v -0.553439 0.132384 -0.327073
v -0.662069 0.205772 -0.332010
v -0.624893 -0.222428 -0.313192
v -0.936720 -0.204744 -0.314054
v 0.223295 -0.187566 -0.321386
v -0.941850 -0.188638 -0.310200
v -0.742699 -0.133172 -0.286749
v 0.073292 -0.108714 -0.315268
v 0.277729 -0.116255 -0.326473
v 0.201298 -0.107336 -0.324663
v 0.064258 -0.056740 -0.323472
v 0.091716 -0.038186 -0.325131
v 0.843252 0.115188 -0.324097
v 0.977143 0.158049 -0.318478
v -0.677127 0.200362 -0.333578
v -0.525498 -0.196232 -0.310583
v -0.730479 -0.178559 -0.297991
v -0.886907 -0.118455 -0.290234
v 0.017771 -0.112101 -0.297179
v 0.014153 -0.051731 -0.330721
v 0.352108 -0.067507 -0.314951
v 0.527681 -0.048815 -0.308958
v 0.032376 -0.012470 -0.328834
v 0.038361 0.025295 -0.326608
v 0.065966 0.013704 -0.336480
v 0.073087 0.031493 -0.332162
v 0.453381 0.030537 -0.329023
v 0.569336 0.077294 -0.311689
v 0.620947 0.090537 -0.319540
v -0.530345 0.137525 -0.333410
v -0.528552 0.143512 -0.322196
v -0.563585 0.164831 -0.320640
v 0.941218 0.188109 -0.323680
v -0.930658 -0.206570 -0.307001
v 0.231224 -0.196203 -0.302608
v -0.930898 -0.155067 -0.301125
v 0.396577 -0.098782 -0.320436
v -0.046582 -0.044460 -0.321843
v -0.020373 -0.039368 -0.324714
v 0.050373 -0.054997 -0.324061
v 0.462206 -0.073197 -0.310638
v 0.085480 0.025086 -0.318942
v 0.627703 0.010696 -0.292473
v 0.896527 0.179728 -0.317524
v 0.334086 -0.140028 -0.315274
v -0.917028 -0.137558 -0.297739
v 0.056785 -0.106642 -0.308289
v -0.819964 -0.087049 -0.264664
v 0.076916 -0.039799 -0.323601
v 0.080589 -0.013635 -0.320135
v 0.590604 -0.014843 -0.310616
v 0.044840 0.069772 -0.311992
v 0.077816 0.046118 -0.319508
v 0.492074 0.060879 -0.323431
v -0.508301 0.119857 -0.325401
v -0.503750 0.126193 -0.316843
v 0.967073 0.168837 -0.314348
v 0.267607 -0.189324 -0.286784
v 0.132827 -0.077713 -0.316673
v 0.082213 -0.035421 -0.318109
v 0.768056 0.082758 -0.302397
v -0.488330 0.097432 -0.316918
v -0.536569 0.114750 -0.315043
v -0.616490 0.182240 -0.304572
v -0.694143 0.209866 -0.311515
v -0.907359 -0.172865 -0.264704
v 0.180880 -0.198445 -0.299220
v -0.787685 -0.138354 -0.275242
v -0.808337 -0.133311 -0.274021
v 0.097757 -0.128105 -0.316748
v 0.358954 -0.142176 -0.302662
v -0.068957 -0.093197 -0.295914
v 0.296159 -0.119160 -0.288827
v 0.002848 0.057476 -0.297336
v 0.452444 0.014061 -0.315714
v 0.682288 0.053807 -0.288924
v -0.602483 0.129262 -0.289305
v 0.710045 0.119954 -0.292333
v 0.918915 0.171674 -0.307659
v 0.301620 -0.167905 -0.296122
v -0.859373 -0.148076 -0.296869
v 0.207160 -0.138273 -0.292867
v -0.042836 -0.107621 -0.292040
v 0.560072 -0.049433 -0.298056
v -0.059115 0.018414 -0.303629
v 0.398292 -0.044095 -0.305947
v -0.466983 0.101306 -0.301128
v 0.985964 0.139134 -0.305342
v -0.683433 0.172134 -0.300763
v 0.845927 0.159223 -0.304588
v -0.515391 -0.230727 -0.281277
v -0.594494 -0.178478 -0.277297
v 0.236665 -0.137234 -0.297458
v -0.077924 -0.081638 -0.301563
v -0.086362 -0.046471 -0.304936
v 0.450893 -0.013932 -0.300459
v 0.494150 0.046130 -0.316616
v 0.047232 0.091932 -0.299463
v 0.074287 0.065724 -0.298913
v -0.524019 0.081467 -0.295464
v 0.842183 0.103909 -0.281924
v 0.649129 0.089532 -0.306515
v 0.962158 0.119650 -0.292803
v -0.676428 0.200972 -0.281246
v -0.477456 -0.221632 -0.287378
v 0.419178 -0.143830 -0.283819
v 0.100015 -0.076920 -0.294394
v 0.583986 0.052302 -0.296688
v 0.729862 0.057737 -0.252431
v 0.007738 0.112542 -0.301977
v 0.614433 0.059916 -0.293496
v -0.447641 0.072691 -0.289736
v 0.904932 0.111673 -0.290688
v -0.545272 0.148932 -0.295254
v 0.896933 0.158727 -0.290650
v -0.484624 -0.179171 -0.278376
v -0.446148 -0.155798 -0.272705
v 0.061216 -0.174781 -0.268745
v 0.054166 -0.112961 -0.298312
v 0.037111 -0.110558 -0.295385
v 0.514275 -0.086257 -0.288294
v -0.099627 -0.097718 -0.286453
v 0.585991 -0.034058 -0.292170
v 0.078916 0.027840 -0.291384
v -0.039677 0.058708 -0.297707
v -0.081210 0.043736 -0.289348
v -0.518122 0.048126 -0.275893
v -0.012904 0.110590 -0.301693
v -0.082458 0.103487 -0.298112
v 0.988506 0.122599 -0.276575
v -0.483640 0.117259 -0.291961
v 0.958485 0.157272 -0.287489
v -0.726079 0.172687 -0.284663
v -0.711369 0.197628 -0.298819
v -0.950773 -0.224474 -0.288341
v -0.927969 -0.195802 -0.254950
v 0.112222 -0.192747 -0.280513
v -0.787677 -0.104245 -0.262089
v 0.363818 -0.084130 -0.288335
v 0.075596 -0.043493 -0.299682
v 0.066944 -0.006282 -0.292201
v 0.526019 0.002442 -0.297235
v -0.440617 0.082399 -0.286653
v -0.568328 0.100861 -0.286062
v 0.016070 0.123852 -0.287658
v 0.804658 0.144487 -0.287119
v 0.985567 0.148477 -0.287489
v -0.610004 -0.207436 -0.251237
v 0.191993 -0.220538 -0.264029
v -0.955001 -0.165972 -0.246685
v -0.464835 -0.165452 -0.269483
v 0.289906 -0.196733 -0.272032
v -0.128043 -0.068943 -0.280849
v 0.400796 -0.079811 -0.279812
v -0.133114 -0.011986 -0.283194
v -0.480210 0.045498 -0.277517
v 0.623367 0.053117 -0.280836
v -0.115503 0.121560 -0.285547
v -0.016424 0.127868 -0.286332
v -0.641844 0.137502 -0.273979
v 0.855306 0.153423 -0.273587
v -0.720291 0.205585 -0.266270
v -0.581056 -0.216832 -0.257717
v -0.555175 -0.166588 -0.243033
v -0.434452 -0.156579 -0.263871
v -0.653274 -0.148936 -0.262443
v -0.703406 -0.140334 -0.270539
v 0.030540 -0.122010 -0.283699
v -0.041336 -0.115086 -0.277544
v 0.108336 -0.130222 -0.260733
v 0.130277 -0.145762 -0.258911
v 0.061128 -0.048613 -0.280989
v 0.463763 -0.053229 -0.277629
v 0.068024 0.067654 -0.281003
v -0.453321 0.046422 -0.272889
v -0.146207 0.099544 -0.282526
v -0.560627 0.075914 -0.283399
v -0.447686 0.092767 -0.282297
v 0.046799 0.100094 -0.285352
v -0.613852 0.119640 -0.274405
v 0.763302 0.128568 -0.272418
v -0.737580 0.187954 -0.266665
v -0.970304 -0.231250 -0.264034
v 0.239886 -0.210262 -0.269453
v 0.376886 -0.188655 -0.267966
v 0.028783 -0.170176 -0.252838
v -0.924923 -0.130750 -0.255540
v -0.176827 -0.041399 -0.269592
v 0.050863 -0.013389 -0.283563
v 0.576975 0.010457 -0.280461
v 0.763442 0.070509 -0.258432
v -0.453188 0.094741 -0.274164
v 0.948408 0.110303 -0.264056
v 0.727167 0.101161 -0.239085
v -0.707372 0.152869 -0.246867
v -0.426280 -0.173787 -0.241720
v 0.063218 -0.200181 -0.249660
v -0.093695 -0.128918 -0.258681
v 0.323041 -0.116441 -0.274786
v -0.844202 -0.092750 -0.254830
v 0.537802 -0.101135 -0.263496
v 0.531095 -0.034519 -0.274417
v -0.171264 0.037728 -0.271411
v 0.060328 0.042991 -0.274473
v -0.528796 0.033972 -0.262976
v -0.404471 0.068880 -0.271297
v -0.417050 0.078441 -0.272971
v 0.832421 0.092351 -0.229692
v 0.681452 0.089987 -0.251612
v -0.182000 0.126415 -0.269482
v -0.512473 0.122358 -0.283167
v -0.468261 0.093364 -0.264492
v -0.137490 0.127183 -0.275039
v 0.000249 0.130272 -0.269864
v -0.558277 0.138801 -0.274604
v -0.616019 0.161953 -0.269066
v 0.975530 0.150726 -0.260044
v -0.659154 0.175741 -0.255336
v -0.953102 -0.234330 -0.236312
v 0.099400 -0.218986 -0.245758
v -0.661197 -0.189585 -0.256133
v -0.886569 -0.152306 -0.213524
v 0.421823 -0.176656 -0.251710
v -0.007471 -0.156993 -0.243904
v 0.067433 -0.103553 -0.249580
v -0.182923 -0.004427 -0.265622
v 0.031015 -0.010460 -0.279482
v -0.565119 0.043099 -0.269953
v -0.599236 0.070157 -0.271658
v 0.042536 0.093257 -0.267696
v -0.193342 0.114685 -0.270421
v -0.114293 0.129173 -0.263009
v -0.741696 0.166096 -0.263939
v 0.167815 -0.223456 -0.259238
v 0.184530 -0.157708 -0.261614
v 0.272206 -0.145798 -0.256461
v 0.555428 -0.103666 -0.242975
v -0.186883 -0.091697 -0.250355
v 0.600755 -0.041682 -0.235036
v -0.394074 0.073925 -0.262730
v 0.894989 0.105119 -0.240097
v 0.998513 0.131814 -0.254150
v -0.961777 -0.242676 -0.249751
v 0.353139 -0.213155 -0.252119
v -0.747170 -0.154569 -0.250529
v -0.475691 -0.163472 -0.229527
v -0.618114 -0.148334 -0.237624
v -0.733066 -0.121088 -0.255155
v -0.131762 -0.112463 -0.254425
v 0.467928 -0.093223 -0.250511
v 0.030567 -0.047649 -0.266070
v 0.551332 -0.038433 -0.256823
v 0.628065 0.039572 -0.243420
v -0.586962 0.024059 -0.246530
v -0.242625 0.087276 -0.252793
v -0.426497 0.084114 -0.252066
v 0.853342 0.098863 -0.234232
v -0.644038 0.107081 -0.248936
v -0.664963 0.131152 -0.248804
v 0.998401 0.138697 -0.223073
v 0.245959 -0.241689 -0.234140
v -0.437532 -0.126309 -0.255082
v -0.453087 -0.134880 -0.254660
v 0.476683 -0.153237 -0.245997
v -0.077263 -0.162800 -0.231482
v -0.234467 -0.086148 -0.243168
v 0.620545 -0.020797 -0.236444
v -0.011761 0.053184 -0.268426
v -0.006065 0.003161 -0.271836
v -0.568746 0.018521 -0.247301
v -0.611319 0.056715 -0.252339
v -0.800070 0.065751 -0.260232
v -0.766095 0.097757 -0.262654
v -0.776380 0.059679 -0.259554
v -0.548041 0.078787 -0.241108
v -0.547187 0.111847 -0.262506
v -0.242578 0.126895 -0.249912
v 0.877600 0.153847 -0.251641
v -0.746185 0.198321 -0.251721
v 0.213597 -0.247783 -0.226947
v 0.305642 -0.225814 -0.244221
v -0.842816 -0.134989 -0.214836
v 0.215362 -0.170671 -0.236726
v -0.942316 -0.138986 -0.241861
v -0.029940 -0.166488 -0.228131
v -0.218527 -0.042930 -0.253600
v -0.033764 -0.084182 -0.240755
v 0.674990 0.027904 -0.246988
v -0.044404 0.015809 -0.255986
v -0.230529 0.014707 -0.247522
v -0.471856 0.015175 -0.233708
v -0.391674 0.058497 -0.248231
v 0.020739 0.089233 -0.258307
v -0.756353 0.101674 -0.258474
v -0.760273 0.128805 -0.259729
v -0.754788 0.148978 -0.259205
v 0.987361 0.116535 -0.251870
v -0.204023 0.133403 -0.253457
v -0.621423 0.138109 -0.252272
v -0.761878 0.157818 -0.251138
v -0.478614 -0.200316 -0.211603
v 0.378128 -0.206087 -0.247146
v -0.920575 -0.170808 -0.188415
v -0.892906 -0.110039 -0.232599
v 0.393612 -0.133434 -0.243372
v -0.927661 -0.029607 -0.255344
v -0.939950 0.005667 -0.254436
v -0.897753 0.008232 -0.249146
v -0.860509 0.051813 -0.256098
v -0.547015 0.016130 -0.242170
v -0.503004 0.016517 -0.241591
v -0.891514 0.054201 -0.253110
v -0.857928 0.028842 -0.249819
v -0.050234 0.069962 -0.258469
v -0.069085 0.048743 -0.254932
v -0.817707 0.067482 -0.250679
v 0.007067 0.104829 -0.255065
v -0.768331 0.060312 -0.238678
v -0.060880 0.121830 -0.254202
v -0.745943 0.152973 -0.248313
v -0.643173 0.145191 -0.242851
v -0.693401 0.187277 -0.242743
v 0.024150 -0.188565 -0.233529
v -0.685776 -0.170512 -0.239946
v -0.652994 -0.120797 -0.224601
v 0.328243 -0.156378 -0.239696
v -0.452797 -0.088771 -0.240945
v -0.433282 -0.100611 -0.240848
v 0.511489 -0.091394 -0.234329
v -0.964910 -0.059524 -0.245980
v -0.982705 -0.049778 -0.243732
v -0.060955 -0.021235 -0.246322
v -0.252761 -0.025316 -0.231675
v -0.932742 0.028380 -0.244842
v -0.457374 0.018833 -0.229551
v -0.306744 0.074721 -0.232624
v -0.393342 0.078467 -0.227515
v -0.597701 0.095362 -0.247739
v 0.757548 0.114570 -0.235582
v 0.818525 0.145499 -0.220710
v -0.981736 -0.238538 -0.236916
v -0.976657 -0.216127 -0.226388
v -0.533307 -0.159421 -0.221319
v -0.455988 -0.144451 -0.224312
v -0.805665 -0.125082 -0.222843
v -0.777314 -0.140016 -0.235744
v 0.536234 -0.154036 -0.206263
v -0.759493 -0.093980 -0.229883
v -0.199875 -0.138066 -0.226759
v -0.791966 -0.075104 -0.231533
v -0.237763 -0.134859 -0.230095
v -0.258639 -0.090594 -0.232143
v -0.919181 -0.036615 -0.246024
v -0.869175 0.021584 -0.242417
v -0.808696 0.026831 -0.235547
v -0.110025 0.097307 -0.241477
v -0.838948 0.091220 -0.216178
v -0.796060 0.095459 -0.231842
v -0.757366 0.095464 -0.237201
v -0.080365 0.110709 -0.247468
v -0.789002 0.122829 -0.220605
v -0.310343 0.105945 -0.233497
v -0.144391 0.126552 -0.247819
v -0.232435 0.134441 -0.236424
v 0.828516 0.149092 -0.220165
v -0.739569 -0.147417 -0.231542
v -0.421711 -0.125285 -0.214744
v -0.973781 -0.108779 -0.237453
v -0.996499 -0.082960 -0.231090
v -0.947508 -0.080375 -0.232351
v -0.249905 0.003340 -0.236120
v -0.529310 -0.010719 -0.237871
v -0.490623 -0.014588 -0.240673
v 0.587285 -0.011896 -0.219867
v -0.120018 -0.008441 -0.237607
v -0.156544 0.020403 -0.231566
v -0.148200 0.059130 -0.235810
v 0.803944 0.078695 -0.225988
v -0.504975 0.070848 -0.235854
v 0.965343 0.153548 -0.232115
v -0.784683 0.188549 -0.224677
v -0.745256 0.196815 -0.228999
v -0.761356 0.200194 -0.234613
v -0.979929 -0.258027 -0.209580
v 0.162005 -0.244308 -0.222242
v -0.523245 -0.200163 -0.201267
v -0.657815 -0.172389 -0.228968
v 0.132381 -0.176257 -0.222182
v -0.968201 -0.144983 -0.229648
v -0.130921 -0.158054 -0.216654
v 0.075253 -0.162237 -0.213124
v -0.796504 -0.127709 -0.233841
v -0.255486 -0.125234 -0.233019
v 0.016584 -0.122626 -0.230287
v -0.444280 -0.053494 -0.224467
v -0.816606 -0.069936 -0.226472
v -0.991317 -0.051672 -0.234906
v -0.966185 -0.013439 -0.230967
v -0.897972 0.002434 -0.229676
v -0.458003 -0.025036 -0.231743
v 0.737089 0.037874 -0.220397
v -0.378514 0.066215 -0.238586
v -0.438898 0.058823 -0.215684
v 0.951372 0.111624 -0.200619
v -0.619170 0.104079 -0.239039
v -0.308525 0.122073 -0.226075
v -0.188815 0.125739 -0.235845
v -0.156238 0.113938 -0.233646
v -0.746104 0.145648 -0.225769
v 0.343810 -0.234084 -0.225188
v -0.949353 -0.211183 -0.162373
v -0.599768 -0.199846 -0.225164
v -0.436713 -0.180629 -0.216647
v -0.423363 -0.157587 -0.189447
v 0.187997 -0.195325 -0.207146
v 0.301047 -0.179690 -0.221535
v -0.956283 -0.132442 -0.227251
v 0.069764 -0.134957 -0.233147
v 0.540555 -0.081385 -0.215842
v -0.101315 -0.091852 -0.222275
v -0.930909 -0.066152 -0.212079
v -0.457149 -0.053009 -0.222894
v -0.524229 -0.022440 -0.229106
v -0.880102 0.020340 -0.224714
v -0.937582 0.025419 -0.225517
v -0.565905 0.001208 -0.223339
v -0.849408 0.024689 -0.228948
v -0.376730 0.045337 -0.219629
v -0.413788 0.034868 -0.212887
v -0.879867 0.083736 -0.209497
v 0.678303 0.075050 -0.235060
v 0.800458 0.134681 -0.213757
v 0.994483 0.126687 -0.226579
v -0.265304 0.132969 -0.230067
v -0.965567 -0.252953 -0.199668
v 0.290233 -0.248582 -0.208822
v 0.028533 -0.213844 -0.205756
v -0.984789 -0.171966 -0.215942
v -0.251258 -0.140238 -0.222686
v -0.990814 -0.135139 -0.216461
v 0.466633 -0.123531 -0.223367
v -0.949412 -0.124978 -0.216196
v -0.278632 -0.117360 -0.222146
v -0.299415 -0.083330 -0.218869
v -0.072859 -0.112531 -0.220908
v -0.811649 -0.059939 -0.219064
v -0.317220 0.016409 -0.206191
v 0.624224 0.018880 -0.220149
v -0.640069 0.065327 -0.215107
v -0.568265 0.073722 -0.224443
v -0.610763 0.086559 -0.227257
v -0.754271 0.134658 -0.222998
v -0.702655 0.128883 -0.216637
v 0.987750 0.153444 -0.200264
v 0.089054 -0.235945 -0.210355
v 0.392554 -0.220132 -0.199495
v 0.045873 -0.229290 -0.193110
v 0.002275 -0.196168 -0.202992
v 0.393421 -0.149916 -0.226249
v -0.468510 -0.144541 -0.197612
v -0.938830 -0.131539 -0.217761
v -0.446370 -0.099131 -0.179622
v -0.304124 -0.061725 -0.218366
v -0.780884 -0.065075 -0.219773
v -0.424116 -0.063836 -0.206436
v -0.797186 -0.060517 -0.224093
v -0.985208 -0.046405 -0.226763
v 0.707121 0.005219 -0.206904
v -0.456323 -0.003098 -0.218391
v -0.201583 0.031761 -0.225916
v -0.338973 0.051922 -0.211061
v -0.890631 0.080988 -0.192242
v -0.362919 0.057040 -0.215002
v -0.357148 0.074469 -0.207601
v -0.642431 0.103169 -0.201459
v -0.221364 0.111446 -0.217799
v -0.671148 0.141980 -0.198610
v 0.962528 0.160602 -0.185527
v -0.776070 0.189767 -0.201156
v -0.044453 -0.183444 -0.202037
v -0.791264 -0.119430 -0.210242
v -0.600092 -0.134569 -0.213582
v -0.828328 -0.070980 -0.212806
v -0.795648 -0.034860 -0.224286
v -0.435373 -0.031975 -0.217310
v -0.302196 -0.009041 -0.208244
v -0.798784 0.002066 -0.218967
v -0.787298 0.009365 -0.218844
v -0.771671 0.004525 -0.213929
v -0.521515 -0.028396 -0.215380
v -0.226858 0.005508 -0.208239
v -0.778418 0.069886 -0.207963
v 0.700064 0.057300 -0.212419
v -0.854932 0.110761 -0.184495
v -0.209765 0.084533 -0.217109
v -0.838091 0.112920 -0.195732
v -0.675741 0.103723 -0.210119
v -0.282995 0.125079 -0.204234
v -0.747632 0.134402 -0.208836
v -0.795701 0.184465 -0.203478
v -0.987087 -0.250540 -0.202045
v -0.611738 -0.177034 -0.209002
v -0.725761 -0.118033 -0.185825
v -0.172954 -0.160361 -0.200653
v -0.215479 -0.161417 -0.201341
v 0.500485 -0.117589 -0.208630
v 0.565261 -0.140676 -0.175224
v -0.993852 -0.088615 -0.202326
v -0.741148 -0.035039 -0.200074
v -0.171835 -0.034059 -0.212115
v -0.927009 0.018811 -0.170233
v -0.450060 0.000971 -0.204779
v -0.800147 0.034814 -0.217436
v -0.623867 0.029280 -0.199037
v -0.381629 0.088530 -0.206983
v 0.890467 0.098402 -0.208091
v 0.938242 0.157569 -0.184890
v -0.818864 0.152462 -0.192693
v -0.759420 0.162800 -0.168767
v 0.224422 -0.258197 -0.194845
v 0.270508 -0.198378 -0.200574
v -0.072184 -0.192869 -0.188515
v -0.680914 -0.119165 -0.182481
v -0.261998 -0.150487 -0.170105
v -0.632574 -0.109064 -0.206409
v 0.522550 -0.114839 -0.187401
v 0.589204 -0.112283 -0.177228
v -0.740959 -0.064161 -0.204603
v -0.328062 -0.036690 -0.208611
v -0.818766 -0.056016 -0.201174
v -0.140646 -0.095869 -0.201788
v -0.910456 -0.012539 -0.191992
v -0.968460 -0.055862 -0.188437
v -0.806489 0.002268 -0.208607
v 0.590162 -0.028272 -0.200609
v -0.602817 0.009937 -0.191920
v -0.800407 0.027052 -0.209987
v -0.774097 0.047865 -0.199703
v -0.808452 0.032726 -0.205336
v -0.239673 0.029401 -0.204411
v 0.676163 0.030002 -0.200714
v -0.367432 0.035941 -0.205493
v -0.786911 0.053059 -0.204576
v 0.751020 0.083652 -0.203188
v -0.649131 0.061129 -0.204875
v -0.766754 0.122669 -0.204335
v -0.358853 0.107708 -0.200335
v -0.333643 0.120398 -0.201869
v 0.483189 -0.195403 -0.184445
v 0.314793 -0.194001 -0.194355
v -0.908374 -0.158385 -0.184832
v 0.403651 -0.164884 -0.195649
v -0.528120 -0.141117 -0.194646
v -0.456126 -0.130977 -0.190560
v 0.002286 -0.147211 -0.205660
v -0.942965 -0.126520 -0.196580
v -0.935782 -0.124654 -0.190181
v -0.943247 -0.115505 -0.192954
v -0.107338 -0.124506 -0.204845
v 0.646793 -0.050024 -0.191143
v -0.456215 -0.002639 -0.204466
v 0.765049 0.033986 -0.188911
v -0.867597 0.040030 -0.185866
v -0.480197 0.052618 -0.203036
v -0.594852 0.070432 -0.190269
v -0.407738 0.071221 -0.197274
v -0.761704 0.120016 -0.195173
v -0.281230 0.112726 -0.195563
v 0.150744 -0.251867 -0.192585
v 0.314392 -0.254111 -0.183181
v 0.445151 -0.218369 -0.168036
v -0.531635 -0.179279 -0.173273
v -0.628991 -0.151713 -0.201552
v -0.651948 -0.138563 -0.199390
v -0.418106 -0.136653 -0.169137
v -0.064537 -0.136533 -0.197702
v -0.319160 -0.106144 -0.173569
v -0.454560 -0.061426 -0.207448
v -0.438780 -0.007373 -0.198565
v -0.402467 -0.033660 -0.192137
v -0.737334 -0.013608 -0.190657
v -0.565183 -0.002144 -0.190463
v -0.535171 -0.018989 -0.191240
v -0.395791 0.024013 -0.196488
v -0.350733 0.012008 -0.197201
v -0.376952 0.026585 -0.194637
v -0.431210 0.053365 -0.198072
v -0.252468 0.089880 -0.202747
v -0.782726 0.093942 -0.191747
v -0.784793 0.077736 -0.191527
v -0.829432 0.132272 -0.190659
v -0.683142 0.141871 -0.187033
v -0.986139 -0.228230 -0.191099
v -0.008777 -0.202880 -0.175612
v 0.134307 -0.199103 -0.181389
v -0.998793 -0.141817 -0.181002
v -0.796484 -0.110498 -0.195566
v -0.868559 -0.078074 -0.157144
v -0.932087 -0.096278 -0.165219
v -0.232770 -0.113480 -0.203229
v -0.235932 -0.088506 -0.210122
v -0.245677 -0.100149 -0.205946
v -0.172131 -0.086507 -0.200878
v -0.192907 -0.046304 -0.206793
v -0.255957 -0.081601 -0.199111
v -0.247234 -0.045412 -0.205149
v -0.835274 -0.063973 -0.167123
v -0.881669 0.030735 -0.193156
v -0.729962 0.022788 -0.176215
v -0.818848 0.038005 -0.187239
v 0.701478 0.036271 -0.185237
v -0.783202 0.060066 -0.197764
v -0.530500 0.059314 -0.183118
v 0.831896 0.064119 -0.178279
v -0.388225 0.110019 -0.189844
v 0.778442 0.094530 -0.181851
v 0.986579 0.131471 -0.186400
v 0.360048 -0.240039 -0.176394
v -0.444060 -0.158663 -0.159046
v -0.992618 -0.185858 -0.176764
v 0.045535 -0.172341 -0.187986
v -0.003044 -0.172601 -0.164117
v -0.315204 -0.118362 -0.158229
v -0.825936 -0.119515 -0.183364
v -0.650172 -0.065774 -0.189495
v -0.351452 -0.037542 -0.187392
v -0.500189 -0.038397 -0.181141
v -0.262148 0.007496 -0.200889
v -0.368816 -0.001150 -0.181051
v -0.393060 -0.015004 -0.192184
v 0.626931 -0.033873 -0.175049
v -0.803052 0.006754 -0.197248
v -0.809048 0.032227 -0.185727
v -0.761599 0.069881 -0.182497
v -0.689561 0.052325 -0.187993
v -0.617436 0.074110 -0.182664
v -0.637682 0.088848 -0.187591
v -0.358796 0.117427 -0.186791
v 0.055701 -0.240496 -0.165228
v -0.767069 -0.097785 -0.180221
v -0.243315 -0.118946 -0.194165
v -0.177616 -0.115743 -0.189358
v -0.345320 -0.074375 -0.173904
v -0.708823 -0.033069 -0.185543
v -0.273617 -0.043481 -0.192115
v -0.393256 -0.060167 -0.179565
v -0.378254 -0.038701 -0.192113
v -0.361806 -0.021392 -0.183854
v -0.379007 0.010464 -0.185047
v -0.290971 0.013202 -0.194228
v -0.304999 0.058377 -0.198341
v -0.831498 0.051886 -0.157792
v -0.635637 0.014831 -0.180924
v -0.773438 0.066982 -0.184630
v -0.483694 0.049096 -0.172043
v -0.772818 0.105783 -0.186998
v 0.927166 0.086520 -0.155639
v 0.804558 0.105831 -0.168320
v 0.846003 0.121134 -0.159611
v 0.990887 0.144872 -0.179900
v -0.979963 -0.267983 -0.164640
v 0.186305 -0.263560 -0.150176
v 0.503501 -0.132155 -0.164383
v -0.524458 -0.115062 -0.171989
v -0.233670 -0.126173 -0.192138
v -0.139029 -0.131951 -0.175207
v -0.937272 -0.110282 -0.174876
v -0.420589 -0.078576 -0.180124
v -0.595003 -0.068745 -0.171754
v 0.574661 -0.072986 -0.171417
v 0.686865 -0.030504 -0.178412
v 0.644643 -0.075827 -0.165093
v -0.291245 -0.015257 -0.186016
v -0.376732 -0.007668 -0.181304
v -0.319900 0.043465 -0.193206
v -0.750302 0.050137 -0.179072
v -0.743057 0.050227 -0.178033
v -0.347990 0.069600 -0.185668
v -0.345270 0.109881 -0.184831
v -0.654484 0.097909 -0.181765
v 0.975253 0.156541 -0.170843
v 0.216748 -0.216940 -0.168173
v -0.166445 -0.172213 -0.180141
v -0.542001 -0.166776 -0.167875
v -0.474608 -0.114002 -0.164533
v -0.927893 -0.116125 -0.176892
v -0.809031 -0.103841 -0.175071
v -0.788915 -0.090823 -0.177790
v -0.261447 -0.105520 -0.175300
v -0.541245 -0.081129 -0.163653
v -0.406699 -0.077877 -0.172598
v -0.805264 -0.040776 -0.169114
v -0.936949 -0.027258 -0.150614
v -0.793881 -0.003058 -0.185560
v 0.750454 0.008033 -0.160218
v -0.320151 0.024257 -0.182542
v -0.791832 0.009939 -0.183811
v -0.444497 0.049271 -0.175565
v -0.429117 0.053164 -0.169395
v -0.890493 0.079348 -0.167433
v -0.778630 0.080093 -0.182469
v 0.954961 0.102060 -0.161842
v -0.790213 0.160914 -0.164282
v 0.230201 -0.265473 -0.151962
v 0.390870 -0.177950 -0.169126
v -0.201904 -0.173181 -0.172776
v 0.542064 -0.169571 -0.162724
v 0.505654 -0.192177 -0.169281
v -0.622131 -0.098187 -0.169784
v -0.215930 -0.132854 -0.176451
v -0.455273 -0.109017 -0.167233
v -0.441737 -0.065911 -0.162366
v -0.920333 -0.050798 -0.168207
v -0.552390 -0.048581 -0.145712
v -0.875794 0.027818 -0.163068
v -0.719573 0.014030 -0.170947
v -0.618106 -0.024345 -0.152997
v -0.728937 0.034381 -0.174943
v 0.724481 0.044071 -0.165391
v -0.636518 0.070224 -0.168214
v -0.411979 0.109074 -0.157509
v -0.369865 0.108907 -0.162815
v -0.394069 0.121225 -0.164730
v -0.846113 0.120579 -0.172336
v -0.987863 -0.263199 -0.140480
v 0.185497 -0.221229 -0.148431
v -0.042468 -0.206969 -0.144989
v -0.991539 -0.230089 -0.143698
v -0.078136 -0.201499 -0.158427
v 0.081068 -0.195651 -0.148219
v -0.571546 -0.130014 -0.165136
v -0.049508 -0.169886 -0.131460
v -0.098163 -0.151517 -0.161916
v -0.999421 -0.162934 -0.124647
v -0.715860 -0.092243 -0.166526
v -0.261654 -0.113735 -0.144916
v -0.633338 -0.040891 -0.163116
v -0.699573 -0.003996 -0.165196
v -0.636678 -0.019992 -0.152846
v -0.694521 0.008134 -0.168014
v -0.807658 0.045443 -0.167958
v -0.897079 0.064360 -0.152096
v -0.549815 0.055340 -0.171552
v -0.831962 0.129433 -0.160808
v 0.332351 -0.248487 -0.136700
v 0.116346 -0.252642 -0.149533
v 0.428316 -0.228149 -0.151861
v 0.017762 -0.235141 -0.133864
v 0.335233 -0.200691 -0.157868
v -0.336283 -0.106124 -0.158939
v -0.493813 -0.093364 -0.153151
v -0.768285 -0.061938 -0.165783
v -0.439313 -0.078217 -0.142924
v -0.418079 -0.088992 -0.160962
v -0.987803 -0.111303 -0.132418
v -0.384636 -0.095862 -0.158187
v 0.655991 -0.077779 -0.146083
v -0.782956 -0.028224 -0.165962
v 0.683660 0.006748 -0.168747
v -0.747375 -0.011359 -0.159476
v -0.658703 -0.011160 -0.157116
v -0.775402 0.022095 -0.165553
v 0.982592 0.117772 -0.158489
v -0.698364 0.121973 -0.168434
v 0.936029 0.141137 -0.144618
v 0.142968 -0.212178 -0.150332
v 0.281707 -0.212418 -0.158072
v -0.165212 -0.179779 -0.150589
v 0.512796 -0.191165 -0.153163
v 0.617586 -0.106621 -0.148449
v -0.921927 -0.107257 -0.159615
v -0.785156 -0.069536 -0.161911
v -0.949257 -0.049846 -0.147115
v -0.900534 -0.027502 -0.151409
v 0.707977 -0.030201 -0.149024
v -0.591218 -0.041038 -0.145568
v 0.811604 0.044853 -0.138863
v -0.361435 0.058442 -0.151134
v -0.432380 0.044324 -0.160630
v -0.568540 0.044938 -0.160082
v -0.660090 0.071803 -0.163859
v 0.990970 0.139479 -0.141458
v -0.931083 -0.170810 -0.138950
v -0.658084 -0.073487 -0.166153
v -0.689144 -0.062698 -0.163445
v -0.517481 -0.057384 -0.145436
v -0.289673 -0.063008 -0.151399
v 0.655624 -0.028077 -0.149211
v -0.754621 0.004147 -0.158890
v -0.771166 0.013659 -0.159734
v -0.799709 0.037738 -0.156063
v -0.838653 0.045014 -0.150234
v -0.890750 0.056305 -0.132546
v -0.810930 0.051621 -0.159621
v -0.622896 0.049300 -0.148993
v -0.754017 0.143373 -0.155646
v -0.305672 -0.129444 -0.135811
v -0.166663 -0.142123 -0.140254
v -0.321886 -0.121023 -0.146890
v 0.521458 -0.122831 -0.149728
v -0.420915 -0.104513 -0.133828
v -0.628021 -0.082087 -0.160163
v -0.921652 -0.088926 -0.143999
v -0.725572 -0.042727 -0.160757
v -0.451051 -0.065894 -0.143033
v -0.486866 -0.061744 -0.144986
v -0.543719 -0.056120 -0.140825
v -0.754663 -0.022519 -0.153720
v -0.332406 0.013075 -0.147316
v -0.512773 0.038934 -0.159900
v -0.416861 0.091179 -0.148714
v 0.769699 0.078964 -0.149105
v -0.704063 0.072246 -0.151182
v -0.830758 0.109031 -0.134557
v -0.495078 -0.151853 -0.146801
v -0.127000 -0.145330 -0.137681
v -0.575537 -0.104836 -0.148845
v -0.837337 -0.102391 -0.129335
v -0.810448 -0.089746 -0.145026
v -0.381942 -0.104007 -0.144382
v 0.588537 -0.073608 -0.151827
v -0.465490 -0.076837 -0.132953
v -0.651309 -0.067052 -0.155561
v -0.752876 -0.043002 -0.157734
v -0.686712 -0.049572 -0.157981
v -0.696660 -0.041290 -0.154503
v -0.828958 -0.041702 -0.134944
v -0.739669 -0.034555 -0.154656
v -0.624145 -0.029243 -0.150023
v 0.689475 0.000911 -0.147805
v -0.732414 -0.008142 -0.148607
v 0.728633 0.043692 -0.148912
v -0.818606 0.051163 -0.151778
v -0.960864 -0.250599 -0.129824
v 0.050019 -0.243688 -0.127925
v -0.206150 -0.174732 -0.116360
v 0.559464 -0.153832 -0.148221
v 0.431145 -0.163645 -0.135204
v -0.895050 -0.132858 -0.123753
v -0.225592 -0.131902 -0.136059
v -0.414360 -0.096298 -0.138801
v -0.909214 -0.087749 -0.132848
v -0.571009 -0.053681 -0.141162
v -0.589287 -0.049006 -0.142224
v -0.612455 -0.041992 -0.146594
v -0.608875 -0.038199 -0.145147
v -0.430126 0.019296 -0.141795
v -0.872470 0.081371 -0.134907
v -0.405737 0.109196 -0.139454
v -0.758791 0.093431 -0.128569
v -0.969894 -0.270267 -0.112300
v 0.181926 -0.265070 -0.120976
v -0.020609 -0.217942 -0.120193
v 0.194955 -0.223491 -0.130367
v 0.236491 -0.221711 -0.126020
v -0.517603 -0.133485 -0.140516
v -0.603934 -0.087303 -0.142722
v -0.494090 -0.077602 -0.140253
v -0.903419 -0.069048 -0.125781
v -0.681542 -0.048012 -0.137794
v -0.531829 -0.062214 -0.140471
v -0.516078 -0.066927 -0.139885
v -0.505339 -0.066371 -0.138842
v -0.715589 -0.035132 -0.142035
v -0.759860 -0.017884 -0.124133
v -0.749316 -0.018730 -0.132274
v -0.748623 -0.000273 -0.138199
v -0.780485 -0.001430 -0.125354
v 0.786776 0.024480 -0.120611
v -0.853255 0.003995 -0.128963
v -0.559915 0.002718 -0.134643
v -0.806403 0.009458 -0.122023
v -0.406636 0.033260 -0.139486
v 0.997023 0.118213 -0.131031
v -0.980663 -0.274959 -0.111449
v 0.321729 -0.206035 -0.127124
v -0.086434 -0.203966 -0.096962
v -0.445643 -0.121060 -0.116135
v -0.426435 -0.114633 -0.128564
v -0.897217 -0.077718 -0.126698
v -0.791531 -0.070110 -0.119445
v -0.861152 -0.046534 -0.120580
v -0.751107 -0.048836 -0.115859
v -0.779682 -0.021685 -0.120419
v 0.841147 0.050559 -0.125007
v -0.389524 0.093121 -0.138853
v 0.397930 -0.237179 -0.137963
v 0.426241 -0.223124 -0.101954
v -0.065558 -0.167207 -0.111845
v -0.256385 -0.115331 -0.123492
v -0.522367 -0.102361 -0.124211
v 0.531426 -0.110792 -0.119360
v -0.568564 -0.091865 -0.119717
v 0.660958 -0.085360 -0.106585
v -0.287600 -0.081129 -0.131195
v -0.296516 -0.074177 -0.133529
v -0.881792 -0.061430 -0.122234
v 0.625495 -0.052587 -0.117199
v 0.745410 -0.006083 -0.116330
v -0.827147 0.010249 -0.122614
v -0.617976 0.015861 -0.124298
v -0.377006 0.056776 -0.138745
v -0.353725 0.017975 -0.134331
v -0.676592 0.029639 -0.130452
v 0.973705 0.127456 -0.108000
v -0.961010 -0.261593 -0.094550
v -0.956366 -0.218577 -0.077584
v -0.986947 -0.224867 -0.061799
v 0.025610 -0.187888 -0.129414
v 0.510849 -0.189786 -0.118321
v -0.484919 -0.124716 -0.123443
v 0.543549 -0.165953 -0.122822
v -0.357282 -0.115623 -0.119852
v -0.329229 -0.023366 -0.135681
v -0.331932 -0.059928 -0.132245
v -0.477060 -0.020094 -0.129305
v -0.442435 -0.023446 -0.126325
v -0.782558 0.093788 -0.122593
v -0.992139 -0.246000 -0.106821
v 0.157635 -0.217988 -0.120467
v 0.474058 -0.208486 -0.099716
v -0.918017 -0.140494 -0.068064
v 0.457509 -0.145395 -0.106232
v 0.585189 -0.134925 -0.119617
v -0.636390 -0.068536 -0.102476
v 0.698319 -0.052671 -0.110043
v -0.860711 -0.039318 -0.115583
v -0.891968 -0.002682 -0.115085
v 0.737138 0.050072 -0.113224
v -0.725006 0.045202 -0.112936
v 0.946245 0.065685 -0.100431
v 0.989024 0.080509 -0.086126
v -0.940825 -0.173583 -0.040817
v -0.127789 -0.143237 -0.101737
v 0.405408 -0.170658 -0.115653
v -0.995176 -0.165816 -0.077007
v -0.399824 -0.099341 -0.121213
v -0.876665 -0.043356 -0.122004
v -0.906144 -0.026642 -0.114409
v -0.375777 -0.010770 -0.131127
v -0.394854 -0.005288 -0.129687
v 0.794941 0.086645 -0.112130
v 0.086231 -0.245156 -0.069697
v 0.048964 -0.194328 -0.115032
v -0.337062 -0.069651 -0.108865
v -0.379622 -0.033122 -0.119372
v -0.812010 -0.030361 -0.116576
v -0.779401 -0.013387 -0.116602
v 0.685343 -0.004749 -0.108889
v -0.573154 -0.009792 -0.116583
v -0.868503 0.056965 -0.117569
v 0.869810 0.107633 -0.107750
v -0.204848 -0.128675 -0.100013
v -0.349734 -0.118936 -0.075804
v -0.708715 -0.059516 -0.085659
v -0.935548 -0.061051 -0.101622
v -0.844237 -0.033744 -0.112793
v -0.825320 -0.029576 -0.110743
v -0.788350 -0.021386 -0.115677
v -0.491972 -0.027467 -0.120070
v -0.708225 0.020996 -0.097279
v -0.833418 0.076320 -0.114226
v 1.000990 0.093167 -0.084538
v 0.325937 -0.201251 -0.104352
v -0.018053 -0.175141 -0.099824
v 0.396767 -0.163387 -0.081281
v -0.981401 -0.124292 -0.075284
v -0.404192 -0.097714 -0.086727
v -0.823527 -0.083431 -0.086468
v -0.508050 -0.096967 -0.112531
v -0.961532 -0.088834 -0.097929
v -0.361779 -0.059769 -0.096665
v -0.807500 -0.022488 -0.111452
v -0.421867 -0.037508 -0.110275
v 0.917649 0.098712 -0.068772
v 0.346458 -0.241576 -0.073698
v 0.187699 -0.219690 -0.102367
v 0.235720 -0.217529 -0.099505
v -0.026829 -0.218192 -0.062324
v 0.125033 -0.209386 -0.097308
v 0.043557 -0.192079 -0.099783
v -0.255015 -0.153742 -0.084107
v 0.630095 -0.121353 -0.091378
v -0.892228 -0.110235 -0.060423
v -0.390109 -0.097794 -0.100578
v -0.273046 -0.088853 -0.090786
v -0.548873 -0.023735 -0.100822
v -0.667025 0.000391 -0.072170
v 0.881673 0.038813 -0.088193
v 0.831977 0.016234 -0.086896
v 0.995373 0.108123 -0.081389
v 0.566427 -0.193913 -0.060664
v 0.582412 -0.174397 -0.079298
v -0.454922 -0.097730 -0.095191
v -0.591148 -0.079802 -0.064403
v 0.703007 -0.060602 -0.095555
v -0.671344 -0.064188 -0.079051
v -0.387510 -0.048741 -0.097473
v -0.505232 -0.034318 -0.092871
v -0.614119 -0.005892 -0.081952
v 0.799237 -0.008987 -0.078649
v 0.724110 0.028573 -0.091908
v -0.212826 -0.173457 -0.049554
v 0.487851 -0.137196 -0.094788
v 0.539656 -0.118985 -0.097654
v -0.472574 -0.094849 -0.096102
v 0.570427 -0.116210 -0.082244
v 0.689876 -0.009763 -0.091007
v 0.911540 0.043610 -0.075695
v -0.826747 0.028381 -0.091693
v -0.785724 0.026835 -0.089628
v 0.755783 0.052408 -0.093626
v 0.943875 0.099298 -0.058715
v -0.985373 -0.277791 -0.064054
v -0.414281 -0.047931 -0.080439
v 0.638634 -0.071756 -0.074295
v 0.270848 -0.200627 -0.070268
v 0.526743 -0.208415 -0.052991
v 0.338542 -0.183487 -0.077707
v -0.036414 -0.158130 -0.068956
v 0.446144 -0.153512 -0.082738
v -0.227018 -0.116348 -0.088025
v 0.665417 -0.101697 -0.083013
v -0.524452 -0.088142 -0.068525
v -0.764368 -0.062362 -0.080621
v -0.905070 -0.046856 -0.081283
v 1.001930 0.094614 -0.067325
v -0.977344 -0.285280 -0.056921
v 0.200758 -0.261809 -0.071740
v 0.029584 -0.237755 -0.062975
v 0.167501 -0.207430 -0.073328
v 0.199812 -0.208537 -0.068456
v -0.175472 -0.186755 -0.057673
v 0.016399 -0.175132 -0.077074
v -0.092648 -0.140059 -0.065243
v -0.141897 -0.129659 -0.078510
v -0.274123 -0.086200 -0.072621
v -0.845684 -0.014683 -0.075172
v 0.778993 -0.031786 -0.070024
v -0.957368 -0.262211 -0.036859
v -0.425938 -0.095370 -0.076199
v -0.753180 0.011852 -0.079692
v -0.813434 -0.000174 -0.069441
v 0.863318 0.082404 -0.071527
v -0.968181 -0.280637 -0.052725
v 0.250674 -0.259691 -0.067014
v -0.110785 -0.204375 -0.054764
v 0.100331 -0.193624 -0.066327
v 0.528212 -0.152779 -0.067551
v 0.566154 -0.135482 -0.066583
v 0.665759 -0.052432 -0.073134
v 0.979196 0.056184 -0.046636
v 0.825382 0.057407 -0.060607
v 0.986052 0.097660 -0.046376
v 0.448560 -0.218796 -0.059304
v 0.618880 -0.177915 -0.051929
v -0.395862 -0.105674 -0.055875
v -0.223542 -0.093650 -0.060716
v -0.934528 -0.068510 -0.065246
v -0.346270 -0.066540 -0.056256
v 0.726200 -0.099769 -0.057155
v -0.503930 -0.030909 -0.031170
v 0.702094 -0.027032 -0.068248
v 0.830884 -0.003186 -0.053540
v 1.000270 0.075501 -0.057251
v -0.986394 -0.246659 -0.044502
v -0.319353 -0.133083 -0.024247
v -0.971460 -0.113928 -0.051918
v -0.717578 -0.001269 -0.059651
v 0.252686 -0.205728 -0.055605
v 0.338658 -0.184375 -0.057586
v 0.681170 -0.144638 -0.048851
v -0.664494 -0.067693 -0.036813
v -0.401559 -0.052043 -0.048355
v -0.533391 -0.026324 -0.035377
v 0.898407 0.028351 -0.038024
v 0.798408 0.033845 -0.055857
v 0.177446 -0.206943 -0.056203
v 0.031158 -0.177498 -0.055781
v 0.489154 -0.162016 -0.055617
v -0.193968 -0.100371 -0.046170
v 0.622699 -0.098331 -0.059751
v -0.876859 -0.098868 -0.045199
v -0.299674 -0.062857 -0.041184
v -0.745593 -0.061655 -0.024813
v -0.909121 -0.053156 -0.024522
v -0.457901 -0.041262 -0.037612
v 0.695039 -0.052044 -0.057961
v -0.854608 -0.021264 -0.029470
v -0.795676 -0.001165 -0.051862
v 0.419315 -0.170770 -0.033473
v -0.988294 -0.147108 -0.026698
v -0.945750 -0.091682 0.010563
v -0.822289 -0.076031 -0.017334
v -0.284533 -0.062106 -0.032179
v -0.677978 -0.006622 -0.022784
v 0.756470 -0.018216 -0.049893
v -0.990725 -0.266577 -0.033897
v 0.305057 -0.262910 -0.031838
v 0.178416 -0.258547 -0.004848
v 0.607285 -0.200733 -0.035071
v -0.019214 -0.165721 -0.047822
v -0.481742 -0.092884 -0.021045
v 0.814380 -0.022385 -0.041160
v 0.998988 0.064646 -0.034875
v 0.261539 -0.265944 -0.034962
v -0.958837 -0.238069 -0.028650
v -0.160848 -0.207597 0.018157
v 0.112118 -0.200665 -0.043198
v 0.569122 -0.162541 -0.030520
v -0.082387 -0.145821 -0.042614
v 0.611530 -0.132323 -0.045991
v -0.512799 -0.086816 -0.023198
v 0.788115 -0.058855 -0.025336
v 0.775349 -0.023278 -0.034490
v 0.383988 -0.243708 -0.033717
v 0.031124 -0.246831 -0.023845
v -0.951949 -0.203343 -0.024089
v 0.214132 -0.216094 -0.032272
v 0.291469 -0.213623 -0.027590
v -0.991560 -0.178377 0.005533
v 0.444324 -0.168133 -0.020360
v -0.594518 -0.076863 -0.034736
v -0.361661 -0.039155 -0.024562
v -0.820397 -0.010235 -0.028043
v -0.600293 -0.019339 -0.019853
v 0.473575 -0.227539 -0.025772
v -0.053691 -0.225691 -0.026202
v 0.137451 -0.208568 -0.027223
v 0.033553 -0.190519 -0.030259
v 0.329387 -0.203803 -0.024024
v 0.731923 -0.123635 -0.025566
v 0.710000 -0.090559 -0.040077
v 0.852319 0.054024 -0.021095
v 1.001000 0.080525 -0.026140
v -0.982427 -0.270108 -0.012869
v 0.621931 -0.156972 -0.020707
v -0.725282 -0.005566 0.003984
v 0.972730 0.040746 -0.003663
v 0.905001 0.076714 -0.020894
v -0.104731 -0.222663 0.005111
v -0.992228 -0.216235 0.005779
v 0.662698 -0.188140 -0.023334
v -0.043638 -0.169273 -0.020069
v -0.191828 -0.104143 -0.021907
v -0.434111 -0.017509 -0.004632
v 0.825325 0.033583 -0.022105
v -0.961582 -0.268224 -0.023445
v 0.425674 -0.237563 -0.017382
v 0.706372 -0.172988 -0.008989
v -0.111783 -0.142844 -0.017485
v 0.677774 -0.136482 -0.022534
v 0.735003 -0.086995 -0.022646
v -0.494192 -0.027485 -0.019811
v 0.828420 -0.022396 -0.000083
v 0.846853 -0.005276 -0.001501
v 0.807930 0.010436 -0.015947
v 1.002140 0.066589 -0.014191
v 0.590011 -0.215081 -0.014312
v 0.054640 -0.197896 -0.013106
v -0.908358 -0.116786 -0.004208
v -0.427779 -0.105463 -0.011935
v -0.876269 -0.093195 0.039439
v -0.271602 -0.065374 -0.015468
v 0.962374 0.076024 0.011515
v -0.010523 -0.243044 0.002804
v 0.737315 -0.156722 0.004988
v 0.766411 -0.057824 -0.012328
v 0.991501 0.050150 0.001875
v 0.355290 -0.252546 0.005477
v 0.544464 -0.166837 -0.006246
v -0.935937 -0.141508 0.042351
v -0.975169 -0.130883 0.009500
v 0.794707 -0.075273 0.002224
v -0.688877 -0.053271 0.046140
v -0.399504 -0.018976 0.004454
v -0.561805 -0.022041 -0.011935
v -0.635732 -0.011290 -0.006849
v 0.114826 -0.256647 0.003963
v -0.973584 -0.253819 0.006153
v 0.465912 -0.228499 -0.012690
v 0.209237 -0.218086 0.032708
v 0.626564 -0.207624 -0.006332
v 0.678320 -0.190722 -0.006037
v -0.002986 -0.191152 0.007591
v -0.255770 -0.158962 -0.004307
v 0.578974 -0.164972 0.004958
v -0.953748 -0.173337 0.035964
v -0.329275 -0.044382 0.002962
v -0.677816 -0.004452 0.002372
v 0.889815 0.008640 0.051127
v 0.887808 0.062129 0.031050
v -0.994218 -0.257913 0.016025
v 0.263809 -0.216766 0.028568
v 0.423628 -0.168667 0.022442
v 0.688102 -0.140333 -0.004109
v -0.183287 -0.123778 0.008507
v -0.574888 -0.066519 0.023757
v -0.640977 -0.057379 0.021738
v -0.886523 -0.046705 0.011652
v -0.520993 0.000132 0.012201
v -0.787570 -0.012325 0.008421
v 0.989129 0.068711 0.020199
v 0.239273 -0.265216 0.021398
v 0.299594 -0.263678 0.015265
v -0.972402 -0.229141 0.021250
v -0.383844 -0.118881 0.036128
v -0.495435 -0.085804 0.032094
v -0.844550 -0.029168 0.010894
v -0.619364 -0.004687 0.004688
v 0.093069 -0.200044 0.041895
v 0.833571 -0.030184 0.023466
v 0.945327 0.026666 0.043230
v 0.423185 -0.235129 0.031316
v 0.479272 -0.220421 0.025858
v 0.629514 -0.157728 0.016582
v 0.796439 -0.101106 0.022498
v 0.758570 -0.080127 0.019340
v -0.303284 -0.062908 0.022934
v 0.312975 -0.207662 0.036510
v -0.103623 -0.165191 0.015657
v -0.340741 -0.126878 0.039781
v -0.229368 -0.100838 0.013248
v -0.821344 -0.071526 0.027619
v 0.805244 -0.021288 0.065121
v 0.987589 0.052964 0.040226
v -0.981491 -0.263192 0.025622
v 0.059158 -0.252857 0.033539
v -0.405595 -0.019489 0.029075
v 0.846972 -0.023447 0.051487
v 0.198840 -0.274109 0.051470
v 0.344896 -0.258584 0.032793
v -0.050035 -0.192014 0.037300
v -0.257723 -0.154909 0.050793
v -0.164882 -0.162264 0.040386
v -0.522571 -0.077255 0.045674
v 0.815949 -0.077031 0.031822
v -0.692876 0.012087 0.028280
v -0.477954 0.001441 0.024515
v -0.615781 0.018291 0.028222
v 0.340591 -0.269723 0.094567
v 0.089979 -0.257170 0.035140
v -0.163618 -0.210499 0.055608
v 0.545199 -0.210849 0.051724
v -1.000850 -0.194384 0.046002
v 0.649731 -0.198843 0.054479
v -0.111674 -0.177495 0.044321
v 0.761143 -0.171330 0.072613
v -0.992859 -0.145714 0.047911
v 0.595050 -0.153789 0.059148
v 0.741640 -0.111580 0.028646
v -0.953981 -0.083947 0.036896
v -0.756842 0.008995 0.042406
v 0.835984 0.017391 0.076105
v -0.232385 -0.173987 0.036143
v 0.712123 -0.133426 0.037938
v -0.208661 -0.140164 0.037811
v -0.891128 -0.035198 0.046151
v -0.021932 -0.201027 0.070694
v 0.491012 -0.157979 0.043910
v 0.771153 -0.146148 0.039632
v -0.764173 -0.059397 0.056262
v -0.417536 -0.019084 0.035234
v -0.572004 0.018039 0.035460
v -0.987224 -0.265137 0.052557
v -0.091094 -0.231278 0.088943
v 0.648374 -0.147263 0.058019
v -0.976850 -0.108480 0.045799
v -0.909235 -0.116965 0.057425
v -0.440457 -0.105844 0.057698
v -0.622736 -0.056267 0.059043
v -0.825185 -0.006321 0.046726
v -0.685034 0.019797 0.041330
v 0.972229 0.039187 0.057725
v -0.996579 -0.254310 0.051221
v -0.016258 -0.243552 0.074662
v -0.978530 -0.264872 0.065817
v 0.481169 -0.223168 0.054161
v 0.714968 -0.185805 0.059993
v 0.794418 -0.119363 0.049347
v -0.255361 -0.102663 0.036596
v 0.404677 -0.262734 0.088077
v 0.427419 -0.175007 0.052399
v -0.310407 -0.138448 0.058526
v -0.845521 -0.082132 0.062808
v 0.777828 -0.087049 0.053165
v -0.493016 0.001195 0.040714
v -0.609609 0.020800 0.047666
v 0.279751 -0.276443 0.086359
v 0.052028 -0.251549 0.083186
v -0.969599 -0.222152 0.063901
v -0.409310 -0.032215 0.048207
v 0.862043 -0.020299 0.099565
v -0.590785 0.015220 0.054364
v 0.255853 -0.227538 0.091946
v 0.068898 -0.205918 0.085344
v 0.404694 -0.210041 0.103077
v 0.496562 -0.166383 0.087033
v -0.992863 -0.154562 0.064458
v 0.796683 -0.152993 0.095395
v -0.244401 -0.111404 0.051636
v -0.934382 -0.065562 0.058146
v -0.295100 -0.101695 0.062983
v -0.554520 -0.069903 0.053373
v -0.360606 -0.072486 0.064029
v -0.835126 -0.011013 0.057712
v -0.688366 0.016223 0.057388
v 0.939410 0.062612 0.072866
v 0.492245 -0.245573 0.101173
v 0.202658 -0.222055 0.085063
v -0.178707 -0.201375 0.084278
v -0.952242 -0.185093 0.070835
v -0.170988 -0.165739 0.079084
v 0.693632 -0.139898 0.090387
v -0.194143 -0.151476 0.079768
v 0.835363 -0.053694 0.087457
v -0.490482 -0.015346 0.062219
v -0.621817 0.014937 0.059460
v 0.959025 0.056912 0.075528
v 0.312733 -0.222975 0.083464
v -0.238285 -0.157388 0.130800
v -0.348403 -0.124363 0.071756
v 0.728111 -0.133224 0.064346
v -0.393865 -0.115517 0.054224
v -0.758914 0.004374 0.062422
v 0.869307 0.038487 0.104543
v 0.884833 0.053921 0.067183
v 0.112870 -0.257773 0.095362
v 0.225518 -0.277346 0.078948
v -0.991691 -0.266897 0.096140
v -0.997916 -0.216415 0.071143
v -0.073246 -0.191838 0.077039
v -0.933380 -0.159332 0.074636
v -0.982961 -0.131471 0.068551
v -0.875845 -0.100454 0.068596
v 0.774895 -0.133179 0.106948
v -0.704568 -0.061631 0.075528
v -0.391316 -0.066447 0.072963
v 0.911454 0.015470 0.090378
v -0.972106 -0.250902 0.077112
v -0.962097 -0.223093 0.075600
v -0.220725 -0.176977 0.100714
v -0.900812 -0.125772 0.075837
v -0.958772 -0.097477 0.071061
v -0.561379 -0.079648 0.075410
v -0.884093 -0.041761 0.071121
v -0.846880 -0.026224 0.073897
v 0.885869 -0.000419 0.104432
v -0.985625 -0.273064 0.083733
v 0.130756 -0.211504 0.089322
v 0.764382 -0.179452 0.095801
v 0.815330 -0.139702 0.112897
v -0.470581 -0.106196 0.092019
v -0.746740 -0.070090 0.080819
v -0.799608 -0.011954 0.073897
v -0.737458 -0.005095 0.078553
v 0.955462 0.047412 0.090567
v 0.558904 -0.216088 0.100961
v 0.580419 -0.210713 0.099070
v 0.654579 -0.203905 0.094371
v 0.594626 -0.160000 0.088335
v -0.848357 -0.101420 0.080107
v 0.790247 -0.109014 0.107937
v -0.625947 -0.083676 0.089891
v -0.489418 -0.039927 0.087121
v -0.671510 -0.002888 0.080287
v -0.963830 -0.266249 0.109358
v -0.905161 -0.194978 0.089409
v -0.110020 -0.176468 0.104982
v -0.985012 -0.183652 0.084336
v 0.747158 -0.138168 0.099985
v -0.369899 -0.115987 0.114252
v -0.222856 -0.109836 0.098033
v -0.252227 -0.097051 0.109138
v -0.343569 -0.079275 0.088231
v -0.305171 -0.101417 0.089794
v -0.934044 -0.092155 0.084094
v -0.378749 -0.073102 0.091380
v -0.586297 -0.014795 0.083653
v -0.944742 -0.227319 0.088442
v -0.966652 -0.136547 0.086063
v -0.409667 -0.121114 0.103144
v -0.541559 -0.096553 0.103585
v -0.689826 -0.091138 0.096986
v -0.796001 -0.022282 0.081514
v -0.987383 -0.229440 0.098804
v -0.183004 -0.191967 0.125969
v -0.862649 -0.156246 0.100671
v -0.842276 -0.140538 0.100279
v -0.209839 -0.119458 0.104090
v -0.793034 -0.114627 0.100849
v -0.778574 -0.120523 0.109268
v -0.858657 -0.038223 0.079626
v 0.835042 -0.005491 0.119234
v 0.856383 0.021728 0.119233
v 0.903650 0.053677 0.120313
v -0.149742 -0.209963 0.132782
v -0.326511 -0.147802 0.134802
v -0.796033 -0.045853 0.092076
v -0.574106 -0.037147 0.101544
v -0.720233 -0.043041 0.103119
v 0.932076 0.034220 0.114906
v -0.931385 -0.229314 0.106396
v -0.992945 -0.251754 0.118804
v 0.258948 -0.226412 0.124272
v -0.053880 -0.198833 0.122084
v 0.020399 -0.202949 0.108767
v -0.359827 -0.122187 0.156038
v 0.786166 -0.139079 0.130019
v -0.907495 -0.102850 0.097741
v -0.422849 -0.074016 0.109143
v -0.613818 -0.033807 0.098285
v 0.038052 -0.248792 0.124911
v 0.308809 -0.225077 0.119292
v 0.438269 -0.202770 0.120184
v 0.524433 -0.173047 0.147070
v 0.681369 -0.159574 0.132514
v -0.957566 -0.158866 0.096712
v -0.934038 -0.133885 0.100204
v -0.663855 -0.095442 0.108023
v -0.617003 -0.090839 0.110138
v -0.866887 -0.076754 0.094931
v -0.789728 -0.063796 0.104043
v 0.929722 0.054823 0.118381
v 0.244478 -0.264011 0.154025
v 0.149460 -0.255999 0.142450
v -0.054874 -0.233912 0.122730
v -0.887667 -0.191708 0.112061
v 0.101117 -0.208644 0.124115
v 0.676565 -0.213950 0.130073
v -0.959202 -0.188191 0.108333
v 0.497702 -0.179024 0.135499
v -0.151167 -0.161586 0.135012
v -0.322359 -0.086719 0.152990
v -0.829092 -0.085129 0.111337
v 0.814874 -0.075402 0.149587
v -0.474596 -0.064058 0.121422
v -0.548673 -0.049307 0.120793
v 0.292175 -0.277580 0.130348
v -0.848488 -0.156323 0.113858
v -0.159543 -0.149001 0.150744
v -0.495235 -0.115885 0.142197
v 0.851697 -0.059631 0.138078
v -0.740815 -0.062310 0.117249
v 0.936389 0.045860 0.117874
v -0.982029 -0.276158 0.140326
v 0.455896 -0.258353 0.131612
v -0.993518 -0.266641 0.163452
v 0.605165 -0.224723 0.146982
v 0.796422 -0.184788 0.144636
v -0.948323 -0.180369 0.117343
v 0.802493 -0.174166 0.135928
v 0.769301 -0.149355 0.133427
v -0.924934 -0.141241 0.114153
v -0.725000 -0.113626 0.120525
v -0.889246 -0.118926 0.122073
v -0.657159 -0.052653 0.114132
v -0.611505 -0.044282 0.115011
v 0.534232 -0.242326 0.137209
v 0.779381 -0.198859 0.153632
v -0.112437 -0.169543 0.147239
v -0.270108 -0.086650 0.145563
v -0.397745 -0.074353 0.129122
v 0.915210 0.049482 0.141761
v -0.982386 -0.237742 0.126077
v -0.928490 -0.230364 0.122227
v -0.946191 -0.190533 0.141487
v -0.218286 -0.191516 0.173592
v -0.876391 -0.182060 0.123831
v 0.619941 -0.180644 0.194079
v -0.825436 -0.147160 0.127581
v 0.060830 -0.246889 0.157703
v -0.112908 -0.219172 0.142243
v -0.198051 -0.198032 0.173387
v -0.173770 -0.190723 0.145788
v -0.833310 -0.152028 0.146543
v -0.371677 -0.118694 0.156172
v -0.757292 -0.073345 0.135938
v -0.429640 -0.083074 0.175942
v -0.692539 -0.062302 0.125692
v -0.660013 -0.062637 0.167669
v 0.923791 0.025301 0.139772
v 0.358916 -0.266585 0.142546
v -0.950988 -0.258226 0.160251
v 0.031815 -0.197503 0.150933
v -0.084999 -0.181012 0.156874
v -0.157307 -0.136275 0.172309
v -0.633968 -0.096373 0.157398
v -0.193176 -0.082047 0.168892
v -0.593667 -0.093336 0.151923
v 0.883636 -0.015120 0.141468
v 0.931487 0.022871 0.170317
v 0.889641 0.022002 0.174411
v 0.207062 -0.208915 0.165895
v -0.435619 -0.135374 0.152747
v 0.810834 -0.124528 0.169151
v -0.804244 -0.095795 0.156574
v -0.369533 -0.056171 0.188202
v -0.612494 -0.042115 0.172850
v 0.931305 0.038579 0.144296
v 0.300928 -0.269495 0.180815
v -0.037196 -0.229877 0.156344
v 0.740633 -0.216796 0.176244
v 0.423562 -0.208105 0.143784
v -0.236431 -0.163761 0.162939
v -0.921141 -0.170212 0.161431
v 0.843785 -0.121552 0.164606
v 0.827437 -0.159531 0.166286
v -0.756856 -0.130668 0.155849
v -0.717996 -0.114565 0.143382
v -0.772036 -0.086921 0.162771
v -0.351888 -0.058638 0.198649
v -0.532264 -0.061020 0.168400
v 0.871286 -0.003966 0.186350
v -0.418963 -0.141886 0.173830
v -0.386041 -0.124326 0.174014
v -0.704059 -0.073890 0.165575
v 0.826769 -0.066758 0.166010
v 0.327149 -0.270959 0.186652
v -0.895414 -0.205463 0.175976
v 0.649564 -0.224837 0.165778
v 0.312242 -0.218188 0.166496
v -0.040901 -0.192105 0.162122
v 0.746855 -0.166066 0.177384
v -0.335345 -0.150318 0.200936
v -0.882165 -0.143708 0.176755
v -0.851830 -0.120149 0.167060
v -0.995059 -0.254199 0.175284
v 0.546076 -0.241294 0.163389
v -0.968726 -0.227058 0.177754
v -0.691386 -0.128658 0.187846
v -0.179973 -0.085546 0.179018
v -0.964838 -0.269668 0.184139
v 0.473608 -0.249765 0.170738
v -0.992218 -0.242385 0.192418
v -0.983718 -0.231685 0.207264
v 0.606124 -0.232186 0.180671
v 0.293527 -0.209536 0.177777
v 0.258988 -0.204844 0.181980
v 0.394998 -0.205730 0.176261
v 0.132199 -0.199386 0.193787
v 0.451522 -0.200186 0.170512
v -0.879740 -0.188169 0.172940
v 0.800469 -0.147972 0.178403
v -0.521677 -0.118369 0.163198
v -0.241473 -0.086970 0.161358
v -0.073057 -0.214614 0.179673
v -0.178272 -0.187446 0.163887
v -0.129685 -0.148015 0.180950
v -0.712336 -0.129535 0.170172
v -0.601398 -0.098680 0.171594
v -0.301294 -0.092350 0.172228
v 0.233183 -0.246959 0.205650
v 0.129873 -0.244927 0.198970
v -0.046697 -0.181448 0.182610
v -0.163632 -0.121186 0.181310
v 0.878467 0.006711 0.183236
v 0.515309 -0.242113 0.181541
v -0.927854 -0.243865 0.175280
v 0.010603 -0.229617 0.191308
v -0.123956 -0.197616 0.203150
v -0.099895 -0.195186 0.225353
v -0.148700 -0.187794 0.192587
v 0.826227 -0.177248 0.183740
v -0.098607 -0.147807 0.194662
v -0.280342 -0.160454 0.192753
v -0.814571 -0.158517 0.183747
v -0.639414 -0.105109 0.182062
v -0.473565 -0.072433 0.182796
v -0.408243 -0.073697 0.174676
v 0.900132 -0.035261 0.189930
v 0.923795 0.027328 0.185528
v 0.036497 -0.188746 0.184548
v -0.173855 -0.173476 0.176253
v -0.486884 -0.143489 0.187436
v -0.836963 -0.121364 0.177812
v 0.486700 -0.185355 0.199709
v 0.779368 -0.160059 0.183984
v -0.760680 -0.165099 0.200588
v -0.452662 -0.150452 0.199588
v -0.148347 -0.143427 0.188646
v 0.826799 -0.128647 0.196302
v -0.317198 -0.092092 0.185881
v -0.189848 -0.077769 0.192038
v 0.932680 -0.003336 0.219027
v -0.978351 -0.271418 0.196623
v 0.413076 -0.251583 0.211630
v -0.944948 -0.209905 0.192216
v -0.185737 -0.173407 0.177843
v -0.841828 -0.176009 0.194717
v -0.754330 -0.195251 0.244503
v -0.371460 -0.117393 0.197354
v -0.259776 -0.104534 0.180064
v -0.231180 -0.093135 0.177998
v -0.448011 -0.086762 0.193892
v -0.602944 -0.050253 0.203911
v -0.925732 -0.257780 0.220271
v 0.785563 -0.214238 0.215694
v 0.809860 -0.199254 0.198046
v 0.463016 -0.186326 0.204757
v -0.175148 -0.162686 0.192769
v -0.022010 -0.174027 0.203522
v 0.535368 -0.180101 0.221065
v 0.581386 -0.184255 0.223883
v -0.186164 -0.158809 0.178636
v -0.885969 -0.191266 0.240560
v -0.419873 -0.143402 0.197850
v -0.756096 -0.115102 0.187707
v -0.246172 -0.126757 0.196905
v -0.230825 -0.120083 0.178794
v -0.688727 -0.081437 0.183125
v -0.633249 -0.057162 0.204675
v 0.103381 -0.231685 0.233910
v 0.187818 -0.181372 0.253244
v 0.365822 -0.193129 0.214723
v 0.109611 -0.189962 0.220249
v -0.153330 -0.184107 0.207677
v -0.619472 -0.116368 0.198940
v 0.862774 -0.048346 0.199114
v -0.201825 -0.190631 0.213598
v 0.509524 -0.179913 0.220550
v 0.866463 -0.154631 0.218780
v -0.206141 -0.155355 0.191417
v -0.193187 -0.146469 0.190518
v -0.205387 -0.139202 0.184181
v -0.561688 -0.142130 0.221154
v -0.216768 -0.138175 0.184189
v -0.216581 -0.123588 0.188753
v -0.357730 -0.122945 0.248044
v -0.771980 -0.132701 0.205045
v 0.882458 -0.115349 0.207661
v -0.290626 -0.112384 0.196630
v -0.167524 -0.086352 0.221474
v -0.522520 -0.069179 0.208224
v 0.285110 -0.245367 0.213744
v -0.985987 -0.256912 0.218234
v 0.457669 -0.238116 0.227119
v 0.613057 -0.233415 0.250105
v -0.958767 -0.231089 0.212871
v 0.027550 -0.212117 0.232382
v -0.233806 -0.191273 0.210025
v 0.853211 -0.129757 0.234152
v -0.847222 -0.155431 0.215040
v -0.187954 -0.084145 0.213204
v 0.848755 -0.109589 0.213311
v 0.919264 0.003223 0.221030
v 0.329382 -0.262428 0.211065
v -0.894368 -0.234101 0.219058
v 0.157216 -0.183788 0.250803
v 0.690615 -0.183701 0.231858
v -0.205167 -0.125499 0.220045
v -0.436641 -0.089596 0.203253
v -0.212776 -0.100469 0.209624
v -0.669533 -0.090595 0.230718
v -0.407544 -0.062295 0.231943
v 0.898313 -0.003941 0.217008
v 0.554488 -0.233193 0.227552
v 0.716667 -0.229302 0.239457
v -0.264273 -0.181669 0.237071
v -0.214675 -0.179410 0.245295
v -0.299122 -0.164815 0.253096
v -0.050829 -0.146455 0.224208
v -0.196265 -0.142849 0.212662
v -0.677084 -0.147081 0.228851
v -0.381560 -0.115365 0.229070
v -0.153284 -0.153584 0.234897
v 0.915189 -0.113387 0.239984
v -0.038512 -0.181256 0.258915
v -0.870138 -0.173628 0.230081
v 0.861189 -0.141830 0.266069
v -0.735218 -0.121326 0.213358
v -0.583112 -0.063998 0.222563
v -0.217971 -0.207412 0.232857
v 0.498752 -0.177533 0.225254
v 0.018910 -0.151155 0.244332
v -0.331068 -0.151168 0.226765
v -0.128909 -0.169453 0.253172
v -0.070267 -0.143937 0.232166
v -0.306808 -0.108188 0.217794
v 0.923490 -0.029567 0.223760
v 0.385219 -0.250024 0.235227
v -0.985591 -0.233656 0.244948
v 0.500778 -0.219313 0.260791
v -0.843383 -0.218320 0.239880
v 0.098404 -0.174985 0.248648
v 0.867945 -0.184754 0.273874
v -0.550901 -0.158074 0.242889
v -0.240769 -0.170512 0.275471
v -0.455148 -0.097792 0.224953
v -0.192798 -0.104633 0.234732
v -0.328160 -0.086245 0.251095
v -0.544730 -0.093812 0.244776
v -0.958394 -0.268271 0.232806
v 0.276169 -0.211405 0.289426
v 0.663804 -0.232361 0.260864
v 0.005514 -0.177409 0.272697
v -0.229302 -0.216806 0.256806
v 0.308936 -0.172889 0.234693
v 0.456790 -0.165894 0.239675
v -0.476074 -0.157362 0.274751
v 0.808302 -0.166842 0.259693
v -0.265960 -0.144748 0.255477
v -0.161375 -0.138692 0.261853
v 0.902136 -0.091841 0.257897
v -0.610804 -0.066641 0.225382
v -0.954494 -0.231226 0.233814
v -0.130372 -0.201093 0.269242
v -0.775799 -0.207994 0.252037
v 0.661619 -0.187008 0.267489
v -0.527441 -0.165381 0.260183
v -0.412873 -0.132431 0.233672
v -0.491789 -0.103501 0.243631
v -0.445334 -0.091351 0.252985
v 0.913937 -0.031550 0.250578
v 0.360748 -0.246630 0.242556
v -0.885720 -0.243074 0.246069
v 0.188530 -0.227034 0.268574
v -0.151227 -0.201950 0.272693
v 0.328536 -0.166223 0.257974
v 0.909740 -0.155393 0.281246
v -0.176838 -0.181195 0.252286
v -0.713449 -0.184389 0.267306
v -0.012117 -0.137238 0.247622
v 0.932574 -0.099264 0.261502
v -0.976047 -0.217846 0.259774
v 0.136502 -0.176844 0.259886
v 0.061349 -0.146946 0.261445
v -0.611637 -0.165935 0.255999
v -0.194810 -0.136664 0.243083
v -0.368367 -0.116091 0.285744
v -0.398198 -0.047010 0.299350
v 0.929438 -0.037870 0.254757
v 0.753788 -0.183075 0.279861
v 0.383558 -0.170681 0.256050
v -0.764779 -0.156432 0.247301
v -0.067634 -0.144561 0.252698
v -0.706652 -0.126663 0.259115
v -0.357090 -0.055177 0.235201
v 0.934037 -0.077336 0.264651
v -0.963484 -0.255449 0.279568
v 0.318740 -0.218541 0.259136
v -0.841543 -0.229685 0.265630
v 0.352532 -0.166252 0.275145
v 0.530993 -0.168994 0.261056
v 0.481971 -0.163300 0.251526
v -0.381717 -0.112093 0.253412
v -0.469864 -0.105682 0.263563
v -0.629860 -0.104451 0.254066
v -0.969487 -0.246791 0.287396
v 0.423649 -0.220241 0.271217
v -0.849386 -0.174780 0.252521
v 0.269178 -0.152025 0.299075
v -0.692949 -0.189309 0.280866
v -0.286915 -0.138555 0.304010
v -0.588641 -0.101816 0.259856
v -0.250051 -0.217828 0.286208
v -0.905955 -0.213904 0.263123
v -0.147658 -0.173014 0.276363
v 0.440950 -0.156779 0.269695
v -0.022175 -0.131663 0.261483
v -0.173695 -0.130175 0.263564
v -0.962506 -0.218585 0.287061
v 0.823719 -0.208836 0.290231
v 0.574948 -0.170553 0.271774
v 0.888832 -0.145973 0.327280
v 0.904818 -0.117661 0.279874
v -0.887783 -0.252512 0.310057
v -0.981110 -0.224605 0.265101
v -0.228426 -0.218298 0.288901
v 0.032972 -0.174680 0.282456
v 0.466969 -0.154665 0.283694
v -0.318132 -0.156272 0.300065
v 0.044273 -0.127157 0.283155
v -0.181288 -0.150790 0.270093
v 0.390070 -0.220999 0.274068
v 0.142847 -0.210600 0.287140
v 0.455407 -0.212864 0.287250
v 0.800708 -0.216504 0.315237
v -0.047744 -0.178085 0.296799
v -0.596162 -0.179361 0.278237
v -0.171898 -0.183607 0.274029
v 0.107446 -0.156121 0.274046
v -0.404265 -0.113466 0.288144
v 0.928483 -0.134031 0.283345
v 0.922983 -0.092186 0.277161
v 0.575296 -0.218359 0.299592
v -0.723535 -0.203247 0.294820
v -0.284376 -0.180733 0.284537
v -0.861640 -0.197402 0.305359
v -0.770168 -0.163937 0.266119
v -0.933659 -0.225573 0.270955
v -0.243017 -0.183420 0.306610
v 0.522721 -0.163800 0.284021
v -0.732404 -0.154404 0.295812
v -0.166519 -0.159070 0.278927
v -0.681036 -0.147126 0.294656
v -0.614619 -0.114259 0.275736
v -0.538625 -0.119049 0.295270
v -0.336677 -0.080715 0.335908
v -0.379240 -0.048520 0.297738
v -0.941729 -0.257130 0.315193
v 0.055530 -0.171850 0.289904
v 0.641443 -0.180536 0.304453
v -0.134608 -0.178435 0.288430
v 0.158403 -0.161419 0.283327
v -0.454453 -0.146094 0.306273
v -0.504215 -0.116034 0.284468
v -0.311260 -0.105389 0.351988
v -0.424094 -0.056556 0.302838
v -0.769149 -0.225809 0.343943
v 0.342915 -0.213515 0.277034
v -0.972944 -0.220689 0.300076
v -0.258820 -0.212739 0.296382
v -0.659499 -0.202790 0.299607
v 0.435090 -0.155936 0.291890
v 0.574462 -0.166115 0.290385
v -0.351328 -0.127710 0.305328
v -0.387582 -0.113635 0.310612
v -0.242473 -0.226358 0.312087
v -0.738350 -0.216768 0.340350
v 0.397420 -0.214413 0.293716
v -0.233245 -0.209306 0.321576
v -0.124411 -0.193963 0.297754
v 0.203306 -0.146638 0.310330
v 0.096218 -0.110349 0.298606
v 0.929649 -0.130351 0.301699
v -0.498680 -0.117033 0.305711
v -0.475678 -0.098396 0.330113
v -0.971213 -0.229486 0.325028
v 0.276238 -0.200484 0.316249
v -0.071530 -0.155299 0.308791
v -0.610428 -0.126005 0.306291
v 0.699903 -0.225475 0.354045
v 0.504732 -0.217756 0.305204
v 0.132342 -0.186505 0.305863
v -0.088220 -0.184347 0.300935
v -0.528883 -0.177605 0.306418
v -0.784331 -0.178642 0.326776
v 0.529839 -0.165638 0.311070
v 0.014142 -0.123143 0.312532
v 0.922642 -0.119620 0.299757
v -0.588581 -0.188911 0.307984
v -0.105415 -0.178005 0.305084
v -0.812153 -0.188265 0.335426
v 0.340852 -0.162666 0.334689
v 0.382834 -0.165668 0.322778
v 0.051430 -0.113108 0.317565
v -0.533820 -0.135207 0.331150
v 0.226964 -0.195530 0.320165
v 0.401002 -0.213754 0.312945
v 0.360570 -0.210209 0.323923
v -0.505258 -0.174116 0.323139
v 0.488898 -0.163632 0.319450
v -0.045878 -0.148197 0.323830
v -0.412637 -0.118679 0.337040
v 0.754151 -0.220799 0.367038
v -0.234690 -0.221194 0.324687
v -0.048242 -0.170186 0.312871
v 0.088907 -0.149699 0.320472
v 0.034588 -0.154090 0.327757
v 0.595254 -0.166986 0.326353
v 0.915038 -0.147517 0.326256
v 0.307248 -0.152273 0.312496
v 0.189239 -0.133440 0.316062
v 0.144875 -0.092088 0.320992
v 0.592994 -0.217424 0.349569
v 0.538680 -0.221675 0.330317
v -0.946812 -0.216726 0.331483
v 0.455982 -0.217380 0.315581
v 0.841416 -0.203468 0.355560
v -0.864417 -0.202091 0.358224
v -0.301662 -0.173863 0.339133
v 0.904074 -0.163312 0.320770
v 0.254995 -0.129531 0.349010
v -0.426058 -0.122513 0.340096
v 0.908249 -0.139631 0.325421
v -0.895649 -0.248262 0.354223
v -0.261833 -0.217843 0.329810
v -0.647264 -0.216151 0.341249
v 0.870245 -0.188889 0.341133
v 0.747871 -0.184140 0.352949
v 0.811720 -0.177337 0.366601
v -0.354434 -0.130322 0.334706
v 0.128122 -0.075675 0.346280
v -0.968919 -0.218461 0.330893
v -0.896326 -0.208665 0.371382
v -0.704483 -0.214612 0.341274
v 0.188237 -0.177942 0.328193
v -0.562208 -0.212820 0.362408
v -0.064820 -0.165018 0.316807
v 0.427448 -0.172706 0.344710
v 0.527141 -0.175869 0.342737
v -0.675820 -0.159130 0.325803
v -0.572222 -0.149349 0.343202
v -0.375367 -0.064111 0.343810
v -0.418880 -0.056283 0.343927
v 0.495311 -0.247836 0.360142
v 0.316081 -0.200143 0.340794
v 0.047016 -0.111319 0.341411
v -0.963075 -0.229716 0.354194
v 0.155244 -0.128399 0.350993
v 0.579562 -0.173350 0.366948
v -0.245733 -0.223308 0.353592
v -0.479100 -0.164248 0.357793
v -0.319956 -0.159428 0.359619
v -0.448045 -0.138689 0.384903
v 0.008312 -0.132536 0.340893
v -0.514624 -0.128043 0.341540
v -0.438522 -0.065281 0.335842
v -0.950216 -0.241687 0.354551
v 0.404361 -0.224716 0.353890
v 0.261367 -0.184216 0.345068
v 0.037918 -0.140915 0.350612
v 0.002594 -0.143679 0.341644
v -0.330252 -0.092267 0.362559
v 0.592057 -0.222855 0.375622
v -0.964079 -0.214515 0.355679
v -0.605120 -0.237291 0.392291
v 0.802866 -0.214521 0.388442
v 0.620326 -0.170267 0.380024
v 0.855131 -0.167734 0.374146
v 0.330329 -0.157321 0.348378
v 0.890091 -0.159060 0.357455
v -0.392943 -0.127490 0.356042
v 0.175830 -0.081793 0.351866
v 0.536314 -0.254643 0.384588
v 0.617646 -0.218006 0.350549
v 0.684368 -0.182166 0.359219
v -0.247907 -0.189791 0.359809
v 0.879906 -0.178954 0.368631
v -0.763061 -0.191195 0.358220
v -0.632892 -0.179402 0.375864
v 0.129608 -0.109949 0.366726
v -0.531037 -0.201676 0.373487
v -0.724661 -0.198073 0.394218
v 0.467093 -0.186268 0.365735
v 0.275278 -0.119174 0.398033
v 0.222889 -0.105131 0.367170
v 0.243899 -0.120237 0.363814
v 0.118685 -0.073236 0.370844
v -0.268652 -0.208449 0.383901
v 0.280420 -0.176058 0.375433
v 0.522170 -0.193410 0.370804
v 0.554773 -0.184704 0.373106
v 0.039781 -0.123491 0.361682
v 0.059875 -0.109681 0.368622
v 0.226952 -0.169487 0.353375
v -0.553074 -0.164833 0.370795
v -0.358507 -0.151313 0.377460
v 0.437598 -0.242995 0.381775
v -0.951802 -0.222577 0.390719
v -0.282328 -0.145148 0.376491
v -0.527454 -0.142812 0.373645
v 0.147193 -0.088368 0.390273
v -0.509504 -0.119512 0.397650
v -0.371111 -0.089292 0.390277
v -0.830561 -0.240553 0.376869
v -0.750539 -0.229253 0.375160
v 0.715010 -0.223538 0.429556
v -0.241182 -0.210943 0.387956
v -0.801623 -0.203111 0.382188
v 0.254750 -0.155875 0.391202
v 0.451447 -0.189839 0.383076
v 0.380679 -0.173939 0.397001
v 0.410372 -0.183757 0.406420
v -0.467180 -0.154563 0.416012
v 0.864628 -0.175723 0.386589
v 0.206846 -0.133785 0.375558
v 0.060164 -0.122978 0.366479
v 0.091441 -0.088375 0.375803
v -0.638823 -0.239511 0.394499
v -0.945652 -0.207932 0.397729
v 0.344350 -0.205578 0.393179
v 0.706844 -0.184645 0.398287
v 0.796549 -0.185378 0.402550
v 0.193963 -0.067499 0.389905
v -0.690681 -0.209572 0.423943
v -0.441635 -0.155620 0.419130
v -0.822216 -0.205891 0.402834
v -0.301266 -0.190101 0.402461
v -0.259034 -0.174110 0.408745
v 0.176560 -0.087915 0.399384
v 0.226646 -0.086118 0.415314
v 0.181698 -0.065194 0.393120
v -0.782726 -0.236163 0.400596
v 0.838405 -0.196562 0.406631
v 0.513694 -0.222299 0.411282
v 0.729437 -0.191609 0.445817
v -0.491706 -0.174947 0.423592
v 0.089936 -0.099226 0.381007
v -0.445071 -0.077666 0.383220
v -0.416998 -0.087341 0.391059
v 0.467963 -0.254878 0.405693
v -0.896751 -0.241001 0.398163
v -0.658002 -0.245356 0.412748
v -0.552414 -0.222555 0.402160
v -0.600821 -0.210628 0.424476
v -0.304279 -0.133755 0.396485
v 0.509620 -0.266175 0.417454
v -0.254270 -0.212577 0.415666
v -0.919862 -0.206965 0.417130
v 0.110756 -0.086835 0.387565
v 0.138838 -0.076953 0.392799
v 0.412566 -0.232662 0.416841
v -0.562017 -0.191315 0.413945
v 0.356604 -0.160872 0.425701
v 0.203889 -0.098772 0.411667
v -0.482000 -0.100050 0.418784
v -0.874391 -0.233408 0.449315
v -0.760532 -0.236625 0.412273
v -0.925746 -0.226294 0.415424
v 0.808207 -0.210788 0.415279
v -0.324020 -0.199297 0.431477
v 0.821352 -0.189065 0.416744
v -0.399012 -0.199979 0.457555
v 0.214533 -0.115287 0.408601
v -0.501634 -0.112269 0.421870
v -0.466293 -0.100536 0.434543
v -0.572847 -0.234888 0.410232
v 0.506550 -0.240069 0.442963
v -0.280166 -0.206241 0.420278
v -0.246693 -0.203361 0.416399
v 0.299604 -0.175398 0.418660
v 0.459520 -0.211775 0.426686
v -0.557347 -0.184939 0.465518
v -0.391230 -0.108605 0.424707
v 0.363855 -0.206978 0.429014
v -0.759212 -0.211148 0.431397
v 0.594518 -0.188763 0.417971
v -0.612446 -0.245476 0.421187
v 0.646292 -0.224877 0.442549
v 0.548025 -0.222458 0.420418
v -0.286969 -0.165637 0.437756
v -0.424026 -0.118759 0.447361
v 0.212437 -0.085587 0.415121
v 0.559498 -0.259501 0.421829
v 0.615686 -0.237392 0.445525
v -0.730435 -0.216258 0.444420
v -0.345992 -0.139399 0.431308
v 0.481367 -0.256974 0.438699
v -0.851651 -0.238924 0.442911
v -0.921700 -0.215910 0.424490
v -0.280925 -0.210743 0.451947
v 0.539822 -0.266242 0.438931
v -0.680720 -0.251020 0.447900
v 0.426874 -0.197651 0.436513
v 0.788228 -0.192414 0.434213
v 0.755620 -0.219390 0.447885
v 0.803604 -0.202548 0.434616
v 0.659003 -0.183365 0.456837
v 0.281280 -0.149158 0.452801
v -0.527947 -0.140949 0.462147
v 0.238194 -0.104517 0.442146
v -0.864891 -0.227885 0.461771
v 0.524524 -0.240657 0.443012
v -0.835668 -0.208006 0.442497
v 0.572461 -0.234467 0.464499
v -0.489716 -0.184049 0.451469
v -0.570787 -0.236933 0.450330
v -0.270669 -0.205581 0.456728
v -0.263312 -0.197177 0.449485
v 0.630411 -0.190813 0.470192
v 0.515349 -0.259080 0.444520
v 0.568321 -0.260156 0.454490
v 0.475879 -0.232049 0.448942
v 0.760432 -0.213372 0.460460
v -0.634770 -0.216782 0.442563
v 0.311679 -0.167741 0.453144
v 0.294841 -0.123424 0.461060
v 0.433018 -0.228798 0.456597
v -0.878604 -0.213871 0.445802
v 0.778225 -0.197787 0.449185
v 0.267931 -0.129869 0.460448
v -0.500557 -0.121115 0.465056
v 0.450069 -0.219769 0.459543
v -0.773584 -0.217108 0.482898
v -0.512762 -0.194215 0.450201
v -0.582606 -0.209344 0.482213
v 0.612933 -0.205588 0.480509
v -0.283444 -0.188134 0.467284
v 0.264074 -0.110432 0.459278
v 0.399374 -0.180706 0.470838
v -0.390705 -0.159171 0.477566
v 0.501429 -0.251068 0.448403
v 0.544334 -0.251238 0.458190
v -0.339584 -0.217673 0.484624
v -0.467918 -0.203266 0.479969
v 0.364810 -0.156381 0.468263
v 0.453350 -0.228363 0.461436
v 0.716734 -0.221191 0.477636
v -0.527224 -0.211332 0.480137
v -0.717523 -0.223803 0.490941
v -0.808910 -0.216607 0.475519
v -0.362942 -0.160959 0.468069
v -0.308670 -0.183739 0.481788
v -0.481701 -0.130575 0.479179
v -0.608633 -0.248686 0.487617
v 0.651804 -0.227255 0.476331
v -0.611776 -0.220087 0.495630
v -0.423159 -0.215015 0.490082
v 0.750301 -0.201476 0.466815
v 0.605417 -0.240224 0.478947
v 0.427055 -0.211729 0.473519
v 0.393777 -0.192261 0.477051
v 0.302604 -0.146723 0.471074
v 0.281250 -0.124643 0.470161
v 0.586989 -0.238852 0.479077
v -0.548912 -0.232418 0.509908
v -0.827260 -0.236012 0.480114
v -0.780529 -0.245834 0.492523
v -0.807119 -0.226026 0.488499
v -0.491193 -0.223483 0.518860
v 0.669605 -0.197221 0.489951
v 0.345482 -0.162224 0.476023
v 0.353487 -0.158412 0.477256
v -0.311487 -0.214196 0.491207
v -0.306200 -0.202789 0.494961
v -0.449569 -0.176869 0.508527
v -0.619896 -0.251961 0.518767
v 0.623235 -0.224999 0.492780
v 0.707075 -0.211254 0.490119
v -0.565848 -0.201109 0.493631
v -0.345418 -0.219856 0.502368
v -0.389335 -0.177319 0.499763
v -0.518794 -0.153035 0.498857
v 0.643312 -0.206176 0.495832
v -0.333394 -0.190928 0.502143
v -0.694083 -0.256123 0.512462
v -0.774726 -0.237471 0.504778
v -0.738925 -0.251207 0.509685
v -0.564110 -0.208353 0.514140
v -0.741897 -0.232707 0.508207
v -0.421620 -0.224063 0.527360
v -0.499893 -0.185542 0.528179
v -0.635018 -0.232895 0.519408
v -0.548004 -0.237683 0.533872
v -0.356056 -0.212361 0.520384
v -0.695870 -0.250827 0.520484
v -0.720716 -0.242778 0.518026
v -0.401169 -0.221921 0.532376
v -0.362454 -0.201641 0.523133
v -0.554272 -0.220425 0.537530
v -0.606090 -0.246858 0.528851
v -0.651205 -0.241436 0.525505
v -0.596073 -0.235358 0.532390
v -0.426312 -0.205770 0.543123
v -0.516551 -0.209400 0.544358
v -0.454057 -0.225198 0.538784
v -0.580417 -0.236857 0.537068
v -0.405648 -0.211371 0.541473
v -0.513137 -0.226779 0.546763
v -0.463565 -0.219108 0.548052
v -0.475424 -0.208992 0.548072
vn -0.1540 0.1012 -0.9829
vn -0.1903 0.4083 -0.8928
vn 0.2119 -0.4761 -0.8535
vn 0.0505 0.0669 -0.9965
vn -0.2640 0.9280 -0.2629
vn -0.5353 0.8287 -0.1636
vn -0.4130 0.9107 -0.0015
vn -0.2463 0.8582 -0.4505
vn 0.1351 0.1142 -0.9842
vn 0.2809 -0.4911 -0.8246
vn 0.0370 -0.4380 -0.8982
vn -0.4395 0.3484 -0.8279
vn -0.3344 0.2688 -0.9033
vn 0.2638 -0.5238 -0.8100
vn 0.2114 -0.5273 -0.8230
vn -0.4775 0.8649 0.1547
vn 0.2754 -0.5958 -0.7544
vn -0.3233 0.8594 0.3961
vn 0.1241 -0.2729 -0.9540
vn -0.1191 0.8761 -0.4671
vn -0.3758 0.8217 0.4286
vn 0.2664 -0.5593 -0.7850
vn -0.2315 0.9524 0.1984
vn -0.0324 0.7928 -0.6087
vn 0.0256 0.0788 -0.9966
vn 0.2457 -0.5644 -0.7881
vn -0.0320 -0.1056 -0.9939
vn 0.1050 0.4493 -0.8872
vn 0.0413 -0.4606 -0.8867
vn 0.1928 0.8203 -0.5385
vn 0.1641 0.9078 -0.3860
vn 0.1773 -0.5254 -0.8322
vn 0.2187 0.1300 -0.9671
vn 0.0021 0.9464 -0.3229
vn -0.0304 -0.5963 -0.8022
vn -0.1192 -0.3131 -0.9422
vn -0.6656 0.5877 -0.4599
vn -0.4853 0.8727 0.0530
vn -0.0535 -0.6318 -0.7733
vn 0.1920 -0.5380 -0.8207
vn 0.0208 0.9912 -0.1305
vn 0.1401 0.9747 0.1743
vn 0.0930 0.9649 0.2455
vn -0.0751 0.9600 0.2696
vn 0.1013 -0.6918 -0.7149
vn 0.1471 -0.5605 -0.8150
vn -0.5358 0.0815 -0.8404
vn -0.3602 0.7117 0.6031
vn 0.3523 0.3461 -0.8696
vn 0.3312 -0.6605 -0.6739
vn -0.3198 0.7463 0.5838
vn 0.5210 -0.3537 -0.7768
vn -0.1219 -0.3363 -0.9338
vn 0.1275 -0.4371 -0.8903
vn -0.7358 0.6756 -0.0473
vn 0.5109 0.6254 -0.5898
vn -0.2708 0.8015 0.5332
vn 0.2880 -0.4929 -0.8210
vn -0.4334 0.7658 0.4751
vn -0.2868 0.7675 0.5733
vn -0.0887 0.9215 0.3782
vn 0.0811 0.8512 0.5186
vn -0.0263 0.9957 0.0886
vn 0.0012 -0.4260 -0.9047
vn -0.5462 -0.0101 -0.8376
vn 0.6740 -0.4023 -0.6195
vn -0.7571 0.6273 -0.1825
vn 0.2607 -0.7343 -0.6268
vn -0.3419 0.6984 0.6288
vn -0.1010 0.7868 0.6088
vn 0.1061 0.8211 0.5608
vn 0.2810 -0.4251 -0.8604
vn 0.2558 -0.5719 -0.7794
vn -0.4081 0.6696 0.6205
vn 0.4319 -0.7202 -0.5429
vn -0.1649 -0.3485 -0.9227
vn -0.2987 0.6503 0.6985
vn -0.3209 0.6143 0.7209
vn 0.0072 -0.6050 -0.7962
vn -0.3235 0.8131 0.4840
vn 0.1154 -0.4768 -0.8714
vn -0.6043 0.0898 -0.7916
vn -0.2883 0.6439 0.7087
vn -0.1454 0.8205 0.5528
vn -0.7087 0.6954 0.1189
vn -0.2486 0.7064 0.6628
vn -0.0936 -0.4719 -0.8767
vn -0.3276 -0.4799 -0.8139
vn -0.0362 0.1820 -0.9826
vn 0.2073 -0.1283 -0.9698
vn -0.2606 0.6450 0.7184
vn 0.1176 -0.6871 -0.7169
vn 0.0983 -0.9941 -0.0468
vn 0.0575 0.5745 -0.8165
vn -0.4055 -0.1069 -0.9078
vn -0.1965 0.5031 0.8416
vn -0.2652 0.4339 0.8610
vn 0.1922 -0.5562 -0.8085
vn -0.3282 0.5684 0.7545
vn 0.0655 0.6860 0.7246
vn -0.2382 -0.9627 0.1282
vn 0.2980 -0.9422 -0.1531
vn 0.3514 -0.8237 -0.4451
vn 0.0084 -0.4601 -0.8878
vn -0.8615 0.3834 -0.3330
vn -0.1246 0.5984 0.7914
vn 0.0663 -0.5646 -0.8227
vn 0.2116 0.1778 -0.9610
vn -0.4473 -0.4144 -0.7926
vn 0.0342 0.7377 -0.6743
vn 0.0105 0.3190 -0.9477
vn -0.2482 0.2199 -0.9434
vn 0.3152 -0.5578 -0.7678
vn -0.2629 0.4594 0.8484
vn -0.2620 0.5993 0.7564
vn -0.2686 0.8686 0.4165
vn 0.3067 -0.7277 0.6135
vn -0.4464 -0.8910 0.0824
vn 0.1937 0.6712 -0.7155
vn -0.1868 -0.1846 -0.9649
vn -0.8758 0.3879 -0.2873
vn -0.7924 0.5384 0.2868
vn 0.0896 0.6885 0.7197
vn -0.0558 0.7513 0.6576
vn -0.3178 0.7863 0.5299
vn 0.7228 0.5684 -0.3931
vn 0.2441 -0.8119 -0.5303
vn -0.5390 -0.8388 0.0773
vn -0.6606 -0.4374 -0.6101
vn 0.1079 0.8180 -0.5650
vn 0.4316 0.0229 -0.9018
vn -0.0597 -0.5706 -0.8191
vn -0.2967 0.6687 0.6818
vn 0.3691 -0.4685 -0.8027
vn 0.1415 -0.6454 -0.7506
vn 0.3616 -0.7201 -0.5922
vn 0.7093 -0.3971 -0.5824
vn 0.1751 0.7393 -0.6502
vn -0.1190 0.6176 -0.7775
vn -0.1335 0.4128 0.9010
vn -0.2675 0.5955 0.7575
vn 0.4732 -0.6905 -0.5470
vn 0.8512 0.4256 -0.3070
vn -0.1277 -0.7628 0.6339
vn 0.1393 0.8777 -0.4585
vn -0.3609 0.5761 -0.7334
vn -0.7775 0.3454 -0.5256
vn -0.0554 -0.1960 -0.9790
vn 0.3310 -0.4892 -0.8069
vn 0.2683 -0.3976 -0.8774
vn 0.3769 -0.3939 -0.8384
vn 0.1842 -0.6231 -0.7601
vn 0.2642 -0.6951 -0.6687
vn -0.7605 0.5847 0.2824
vn -0.7909 0.4632 0.4000
vn 0.1436 0.4900 0.8598
vn -0.2958 0.6399 0.7092
vn -0.1219 0.6238 0.7720
vn -0.0851 0.5464 0.8332
vn 0.3097 0.9381 0.1549
vn -0.1176 -0.9286 0.3519
vn 0.4826 -0.6760 -0.5569
vn 0.1593 -0.9702 -0.1824
vn 0.1595 0.9054 -0.3934
vn 0.6864 0.1442 -0.7128
vn 0.1008 0.9286 -0.3572
vn 0.3691 -0.5827 -0.7241
vn 0.0585 -0.6409 -0.7654
vn -0.3336 0.3251 0.8849
vn -0.4310 0.4071 0.8053
vn 0.1060 -0.5972 -0.7951
vn -0.2609 0.6800 0.6853
vn 0.0191 0.5729 0.8194
vn -0.0703 -0.9961 0.0528
vn -0.2456 -0.8448 0.4754
vn 0.2580 0.8430 -0.4721
vn -0.0054 0.9012 -0.4333
vn -0.3604 -0.1618 -0.9186
vn -0.6682 0.6541 -0.3544
vn 0.0732 -0.4645 -0.8826
vn -0.1795 0.5298 0.8289
vn -0.4099 0.7673 0.4932
vn -0.3519 -0.9235 0.1527
vn 0.2336 0.8366 -0.4956
vn -0.7096 -0.3611 -0.6051
vn 0.4959 -0.6522 -0.5734
vn -0.1015 -0.5506 -0.8286
vn -0.8219 0.4832 0.3015
vn 0.2083 0.5731 0.7925
vn -0.0432 0.5728 0.8185
vn -0.2146 0.4532 0.8652
vn -0.2312 0.6700 0.7055
vn -0.2159 -0.8559 0.4699
vn 0.1045 0.9919 -0.0715
vn -0.0410 0.9984 0.0391
vn -0.5639 0.8172 0.1192
vn -0.2966 0.6559 0.6941
vn -0.3631 0.3355 0.8692
vn 0.5622 -0.3871 -0.7308
vn 0.3442 -0.8439 -0.4115
vn -0.1842 -0.6237 -0.7597
vn 0.2855 -0.6346 -0.7182
vn -0.3715 0.4713 0.7999
vn 0.1112 -0.6265 -0.7715
vn -0.1662 -0.9860 -0.0162
vn -0.2025 -0.8568 0.4742
vn -0.0269 -0.8595 -0.5104
vn -0.4789 -0.2632 -0.8375
vn 0.2703 -0.8100 -0.5205
vn -0.4171 0.2772 0.8656
vn 0.2609 -0.6985 -0.6664
vn -0.0603 0.5710 0.8187
vn -0.2345 0.6911 0.6837
vn -0.4462 0.8139 -0.3721
vn -0.7537 0.6362 0.1648
vn 0.4534 -0.5467 -0.7039
vn 0.2709 -0.7469 -0.6072
vn 0.3748 -0.6120 -0.6964
vn 0.8521 0.1655 -0.4965
vn -0.2682 -0.9588 0.0932
vn 0.5572 -0.7700 -0.3108
vn 0.8362 -0.1422 -0.5296
vn 0.2384 0.9626 -0.1291
vn 0.2332 0.9361 -0.2631
vn -0.6385 0.0286 -0.7691
vn 0.2627 -0.4865 -0.8333
vn -0.1786 -0.6942 -0.6973
vn 0.1014 0.6475 0.7553
vn 0.0786 0.7077 0.7021
vn 0.4845 -0.4748 -0.7347
vn -0.2694 0.6027 0.7511
vn 0.3291 -0.6800 -0.6552
vn -0.0454 -0.9949 -0.0901
vn 0.3215 0.8997 -0.2951
vn -0.5664 0.6942 -0.4442
vn -0.2874 0.7462 -0.6004
vn -0.0623 -0.5118 -0.8569
vn 0.4023 -0.4422 -0.8017
vn 0.2941 0.6858 0.6657
vn -0.0455 0.8261 0.5617
vn -0.3491 -0.9083 0.2304
vn -0.6915 -0.4315 -0.5793
vn 0.3087 0.8988 -0.3113
vn -0.0166 -0.9888 -0.1486
vn 0.1944 -0.9131 -0.3583
vn 0.1940 -0.6286 -0.7532
vn 0.2700 -0.7217 -0.6373
vn -0.2468 0.6220 0.7431
vn 0.3457 0.8729 -0.3442
vn -0.0835 -0.9478 0.3079
vn 0.0562 0.9427 -0.3287
vn -0.8227 0.5667 0.0440
vn -0.1603 0.6511 0.7419
vn -0.2645 0.6697 0.6939
vn -0.3277 0.6728 0.6633
vn -0.3845 0.6826 0.6215
vn -0.0374 0.9991 -0.0213
vn -0.2824 0.9171 -0.2814
vn 0.4147 -0.3743 -0.8294
vn 0.2045 -0.6386 -0.7419
vn -0.3465 -0.8994 -0.2666
vn 0.2167 -0.9753 0.0419
vn 0.1389 -0.9732 -0.1831
vn -0.2504 -0.5663 -0.7853
vn -0.5910 0.7600 -0.2704
vn -0.3691 0.4562 0.8097
vn 0.4162 -0.5737 -0.7054
vn -0.3481 0.3493 0.8699
vn 0.2559 -0.6433 -0.7216
vn 0.5423 0.7386 0.4006
vn 0.5703 -0.5859 -0.5758
vn -0.8241 0.5511 -0.1309
vn -0.0722 0.6075 0.7910
vn -0.2365 0.5472 0.8029
vn 0.1286 -0.6391 -0.7583
vn 0.3377 -0.8027 -0.4915
vn -0.2477 0.6279 0.7378
vn 0.2674 -0.7261 -0.6335
vn 0.2868 0.9503 -0.1210
vn -0.4749 -0.6780 -0.5610
vn -0.9033 -0.0140 -0.4287
vn 0.2179 -0.6203 -0.7535
vn -0.2791 0.9268 -0.2513
vn -0.3380 0.8740 0.3490
vn 0.1997 -0.6063 -0.7697
vn 0.8679 0.0062 -0.4967
vn -0.2752 0.6269 0.7289
vn -0.3120 -0.8986 0.3084
vn 0.2920 0.9169 -0.2722
vn -0.0763 -0.9489 0.3062
vn -0.7999 0.5270 -0.2872
vn 0.5672 -0.6631 -0.4885
vn -0.0491 -0.6906 -0.7216
vn 0.3724 0.6614 0.6511
vn -0.4109 0.4048 0.8168
vn -0.1274 0.6966 0.7060
vn 0.3044 -0.9514 -0.0468
vn 0.1404 -0.9794 0.1449
vn 0.3657 -0.7951 -0.4839
vn -0.7806 -0.0985 -0.6172
vn -0.3305 -0.5542 -0.7640
vn 0.5593 -0.5758 -0.5964
vn -0.4619 0.3955 0.7939
vn 0.4211 -0.7656 -0.4863
vn 0.2336 -0.8568 -0.4597
vn 0.3065 -0.4285 -0.8500
vn 0.7466 0.5534 0.3692
vn -0.1322 0.6783 0.7228
vn -0.5683 0.8081 -0.1551
vn -0.5277 -0.8424 -0.1088
vn 0.2140 0.6620 0.7183
vn -0.1807 0.9470 0.2656
vn -0.3265 0.7511 0.5738
vn -0.3015 0.6014 0.7399
vn -0.3067 -0.9477 0.0878
vn 0.2908 -0.8691 -0.4001
vn -0.2802 -0.7212 -0.6336
vn -0.5367 0.4661 -0.7033
vn 0.0696 0.7617 -0.6442
vn 0.5363 -0.5947 -0.5989
vn -0.4952 0.6304 0.5978
vn 0.1986 -0.5434 -0.8156
vn 0.3876 -0.6949 -0.6057
vn 0.2210 -0.8280 -0.5153
vn -0.2496 0.8018 0.5429
vn 0.6233 0.6017 0.4994
vn 0.5375 -0.7968 -0.2760
vn 0.3948 0.8657 -0.3077
vn -0.1057 -0.9878 0.1142
vn -0.0294 0.6691 -0.7426
vn -0.3704 0.7802 0.5041
vn -0.0092 -0.9951 0.0984
vn 0.8889 0.1423 -0.4354
vn 0.1473 0.9357 -0.3207
vn 0.4918 -0.8707 0.0086
vn 0.2565 0.9388 -0.2299
vn -0.2454 -0.6391 -0.7289
vn 0.5532 -0.6967 -0.4566
vn 0.0517 0.7106 0.7017
vn 0.2233 -0.4923 -0.8413
vn -0.4592 0.5035 0.7318
vn 0.2035 -0.7955 -0.5708
vn -0.2238 -0.6091 -0.7609
vn -0.0656 0.1861 -0.9803
vn 0.3010 0.5201 -0.7993
vn 0.2818 -0.0234 -0.9592
vn 0.0583 0.5638 0.8239
vn -0.1706 -0.9741 0.1487
vn -0.3639 -0.9094 0.2013
vn 0.2405 -0.8756 -0.4189
vn -0.4256 0.7270 0.5388
vn 0.4255 -0.5202 -0.7405
vn -0.5820 0.5390 0.6089
vn -0.2661 0.7703 0.5795
vn 0.3219 -0.6543 -0.6843
vn 0.4977 0.7772 -0.3851
vn 0.6188 -0.3208 -0.7171
vn 0.3232 0.9137 -0.2462
vn -0.2200 0.6275 0.7469
vn -0.4341 -0.2080 -0.8765
vn 0.7470 -0.6499 -0.1399
vn 0.1159 0.9508 -0.2872
vn -0.7780 -0.1568 -0.6083
vn -0.0779 0.6304 -0.7723
vn -0.5576 0.6332 0.5369
vn -0.3986 0.8321 0.3855
vn -0.2232 -0.7002 -0.6782
vn 0.1027 0.8983 -0.4272
vn -0.2750 -0.9330 0.2322
vn -0.3552 -0.6503 -0.6716
vn -0.0399 -0.8211 -0.5693
vn -0.9030 0.1088 -0.4155
vn 0.3686 0.8857 -0.2824
vn -0.3626 -0.7771 -0.5145
vn -0.2782 0.8241 0.4934
vn 0.2574 0.6615 0.7043
vn -0.2356 0.4759 -0.8474
vn 0.0635 0.9933 0.0968
vn 0.2271 -0.8917 -0.3916
vn 0.9119 0.3550 -0.2059
vn -0.4820 0.1960 -0.8540
vn -0.1232 0.9650 -0.2316
vn -0.4140 -0.8779 0.2405
vn -0.4202 0.8833 -0.2079
vn -0.0212 -0.9696 -0.2439
vn 0.0891 0.2373 -0.9673
vn -0.5120 0.7142 0.4774
vn 0.2079 -0.4996 -0.8409
vn -0.1765 0.0705 -0.9818
vn -0.3763 0.2200 -0.9000
vn 0.2018 0.0387 -0.9787
vn 0.3642 0.2619 -0.8937
vn -0.5670 0.5588 0.6051
vn -0.1643 0.5674 0.8069
vn -0.1411 0.7079 0.6921
vn 0.3453 0.1202 -0.9307
vn 0.5477 0.8131 -0.1971
vn 0.4457 0.8911 0.0853
vn 0.1652 0.6619 0.7311
vn 0.5787 -0.7861 -0.2174
vn 0.1847 -0.8917 -0.4132
vn -0.8242 0.5035 -0.2591
vn 0.3613 -0.5402 -0.7601
vn -0.3240 0.3178 -0.8911
vn -0.1303 0.3711 -0.9194
vn 0.1080 0.0687 -0.9918
vn 0.2578 -0.4604 -0.8494
vn 0.9653 0.0408 -0.2581
vn 0.6170 -0.6843 -0.3886
vn -0.0919 0.6606 0.7451
vn 0.4705 -0.7462 -0.4709
vn -0.6118 0.7558 -0.2334
vn -0.0690 -0.9645 -0.2550
vn -0.0712 0.9244 -0.3746
vn 0.1424 0.0910 -0.9856
vn 0.9789 -0.0399 -0.2006
vn 0.4758 -0.6009 -0.6423
vn -0.0626 0.3644 -0.9291
vn 0.6789 0.4882 -0.5484
vn -0.3539 0.5003 0.7903
vn 0.2823 -0.0496 -0.9580
vn 0.6169 0.6501 -0.4436
vn 0.5655 0.7230 0.3969
vn 0.2974 -0.8226 -0.4846
vn 0.4088 0.6055 0.6828
vn 0.8420 0.5387 -0.0286
vn 0.2324 -0.9139 -0.3329
vn 0.2318 -0.2580 -0.9379
vn -0.2834 -0.6214 -0.7304
vn 0.3766 0.8765 0.2999
vn -0.3478 0.8776 -0.3299
vn 0.6488 -0.7536 0.1055
vn -0.1458 -0.7837 -0.6037
vn -0.3578 -0.9108 0.2062
vn -0.0079 -0.9787 0.2049
vn -0.4229 -0.4985 -0.7568
vn 0.2425 -0.5906 -0.7697
vn -0.3948 -0.7294 -0.5587
vn -0.3876 0.8275 0.4063
vn -0.1976 0.1151 -0.9735
vn -0.4314 0.5164 0.7397
vn 0.4695 -0.7905 -0.3934
vn -0.3803 -0.7055 -0.5980
vn -0.2864 0.8642 0.4137
vn -0.0279 0.7657 0.6426
vn 0.3661 -0.7890 -0.4934
vn 0.3308 -0.9349 0.1282
vn 0.1402 0.7783 0.6120
vn -0.2888 -0.9306 -0.2247
vn 0.3868 -0.5931 -0.7061
vn -0.2294 0.2309 -0.9455
vn -0.4283 0.5856 0.6882
vn 0.6492 0.4689 -0.5989
vn 0.8427 -0.2929 -0.4517
vn -0.3358 -0.7729 -0.5384
vn -0.1802 0.8712 0.4567
vn 0.0826 -0.9674 0.2392
vn 0.2723 0.8890 -0.3682
vn -0.1018 0.8678 0.4864
vn -0.5528 -0.4298 -0.7139
vn -0.4478 0.0198 -0.8939
vn -0.2217 0.4489 0.8656
vn -0.2231 0.3571 0.9070
vn 0.4805 0.6118 -0.6283
vn 0.8732 0.4816 -0.0745
vn -0.2653 -0.5126 -0.8166
vn 0.2251 -0.9552 -0.1921
vn -0.4593 0.7465 0.4814
vn 0.2385 -0.8833 -0.4036
vn 0.3106 0.8950 0.3203
vn 0.4499 -0.8870 0.1039
vn 0.3096 -0.5690 -0.7618
vn 0.5270 0.5351 0.6602
vn -0.2678 0.4132 0.8704
vn 0.3416 -0.8361 -0.4293
vn 0.0728 0.4345 -0.8977
vn -0.2445 0.6873 0.6840
vn 0.3599 -0.3308 -0.8724
vn 0.1032 -0.9563 -0.2737
vn 0.4064 0.8272 0.3880
vn -0.0383 0.9251 0.3778
vn -0.3142 0.9170 -0.2458
vn 0.0618 0.7074 -0.7041
vn -0.4192 -0.5132 -0.7490
vn -0.3441 -0.6282 -0.6978
vn -0.0275 -0.8615 -0.5070
vn 0.2954 -0.5741 -0.7636
vn -0.3458 -0.4907 -0.7997
vn 0.6311 -0.6379 -0.4415
vn 0.8445 -0.0713 0.5307
vn -0.0686 0.0285 -0.9972
vn -0.2451 0.0515 -0.9681
vn -0.1031 -0.5837 -0.8054
vn -0.0430 0.3068 -0.9508
vn -0.1432 0.1447 -0.9791
vn 0.6300 -0.7178 -0.2965
vn 0.4965 0.8524 0.1640
vn 0.1544 0.9197 0.3611
vn -0.5822 -0.4871 -0.6510
vn -0.7446 0.3449 -0.5715
vn -0.1162 -0.7957 -0.5945
vn 0.8113 -0.5753 0.1037
vn -0.3060 -0.6382 -0.7065
vn 0.5141 0.7563 -0.4047
vn -0.3151 0.6338 0.7064
vn 0.7591 0.3534 0.5467
vn 0.6720 -0.0888 0.7352
vn -0.2303 0.3889 0.8920
vn 0.5412 0.2489 -0.8032
vn -0.3547 -0.3838 -0.8526
vn 0.4323 0.8634 -0.2600
vn -0.2450 0.9463 0.2110
vn 0.7471 0.6647 0.0035
vn -0.2835 -0.8986 0.3350
vn 0.0286 -0.8330 -0.5525
vn -0.8107 0.2933 -0.5068
vn -0.5609 0.7719 -0.2993
vn 0.1411 -0.6786 -0.7208
vn -0.3936 -0.2516 -0.8842
vn -0.2590 0.5434 0.7985
vn -0.3109 0.0366 -0.9497
vn 0.0607 -0.6939 -0.7175
vn -0.5190 0.6915 0.5025
vn -0.1301 0.6499 -0.7488
vn -0.0080 0.8841 -0.4673
vn -0.4091 -0.7081 -0.5756
vn -0.1234 0.9858 0.1138
vn -0.1071 0.9929 0.0519
vn -0.1528 -0.9367 0.3151
vn 0.1396 0.8759 -0.4618
vn 0.8432 0.2273 -0.4872
vn 0.2454 0.8729 -0.4217
vn 0.2494 0.8753 -0.4142
vn -0.1853 -0.6502 -0.7369
vn -0.1357 -0.7686 -0.6252
vn 0.4276 0.5639 0.7065
vn 0.2936 0.6863 0.6654
vn 0.5467 0.3458 0.7626
vn -0.1993 0.4936 0.8465
vn 0.7778 0.2793 0.5631
vn 0.2487 -0.7115 -0.6572
vn -0.2272 0.0312 -0.9733
vn -0.2210 -0.2962 -0.9292
vn 0.5654 0.8024 -0.1909
vn 0.6869 0.7255 0.0429
vn -0.4357 -0.4500 -0.7795
vn -0.3353 0.9057 0.2593
vn -0.8072 0.1297 -0.5758
vn -0.7945 -0.3488 -0.4971
vn 0.1690 -0.8062 -0.5670
vn 0.2628 -0.6286 -0.7320
vn -0.4028 -0.5486 -0.7327
vn -0.5035 0.8411 -0.1977
vn -0.3195 -0.0946 -0.9429
vn 0.3161 0.3334 0.8882
vn -0.5227 0.5397 0.6599
vn 0.3262 -0.9245 -0.1971
vn 0.3422 0.9070 0.2456
vn 0.1372 -0.9833 -0.1199
vn -0.3636 0.7752 0.5166
vn -0.2316 -0.8336 -0.5015
vn 0.9223 -0.3749 -0.0941
vn -0.3856 -0.6734 -0.6308
vn -0.2188 -0.6602 -0.7185
vn -0.2644 0.6977 0.6658
vn -0.3764 0.8885 -0.2626
vn 0.4513 -0.6330 -0.6290
vn -0.3317 0.5510 0.7657
vn -0.2639 -0.0419 -0.9636
vn 0.4096 -0.1150 0.9050
vn -0.0118 -0.7176 -0.6964
vn 0.5179 -0.2056 -0.8303
vn 0.4272 0.7161 -0.5520
vn 0.3072 -0.9013 -0.3054
vn -0.4592 0.7626 0.4555
vn -0.1628 0.6036 -0.7805
vn 0.2770 0.6679 0.6907
vn 0.1229 0.8104 0.5729
vn -0.0200 0.9069 -0.4209
vn 0.2685 0.8905 0.3672
vn 0.3208 0.6365 0.7014
vn 0.3822 0.6783 0.6276
vn 0.2481 0.9684 0.0267
vn 0.4669 0.7067 0.5316
vn 0.8130 -0.5821 0.0079
vn -0.2519 -0.7949 -0.5520
vn -0.3362 -0.8471 0.4116
vn 0.4510 -0.8856 0.1107
vn 0.3832 -0.7140 -0.5860
vn -0.2618 -0.6667 -0.6978
vn 0.3745 0.4616 0.8042
vn -0.3569 -0.0125 -0.9341
vn 0.2307 0.1112 0.9666
vn -0.1740 -0.5250 -0.8331
vn -0.4420 -0.3373 -0.8312
vn 0.5581 0.4095 0.7217
vn -0.2790 0.1412 -0.9498
vn 0.0406 0.9990 0.0212
vn -0.4459 -0.3940 -0.8037
vn -0.1031 -0.8355 -0.5397
vn 0.0936 0.8139 0.5734
vn -0.1848 0.7813 0.5962
vn 0.6636 -0.5815 -0.4707
vn -0.2030 -0.3581 -0.9113
vn 0.6692 -0.5944 -0.4458
vn 0.7173 0.4091 -0.5641
vn 0.1246 -0.9849 -0.1203
vn 0.9931 -0.0403 -0.1099
vn 0.2201 -0.9194 -0.3261
vn 0.1955 -0.7283 -0.6568
vn -0.3540 -0.8778 0.3227
vn -0.3303 0.8746 -0.3549
vn 0.2910 0.7924 -0.5362
vn 0.2766 0.8118 -0.5143
vn -0.2952 -0.5499 -0.7813
vn -0.2611 0.5965 0.7590
vn 0.2588 0.3606 0.8961
vn -0.6145 0.5893 0.5246
vn -0.5986 0.6848 0.4155
vn -0.4530 -0.6781 -0.5788
vn -0.3043 -0.0312 -0.9521
vn 0.1353 0.9633 0.2319
vn 0.1940 -0.9566 -0.2175
vn -0.6014 -0.4697 -0.6463
vn -0.4971 -0.6420 -0.5837
vn 0.9724 0.2245 0.0640
vn 0.0713 -0.8364 -0.5435
vn 0.4745 0.3441 -0.8102
vn -0.7593 0.4233 -0.4942
vn 0.3661 -0.6917 -0.6225
vn -0.1252 -0.7505 -0.6489
vn -0.2921 -0.1538 -0.9440
vn 0.5726 -0.6535 -0.4951
vn 0.1537 -0.1437 0.9776
vn 0.2892 0.0786 0.9540
vn -0.1789 -0.7064 -0.6848
vn -0.6506 -0.4922 -0.5784
vn -0.2104 0.2144 -0.9538
vn -0.1017 0.1230 -0.9872
vn 0.4672 -0.4855 -0.7389
vn 0.1372 0.7668 0.6270
vn 0.2628 0.4828 0.8354
vn -0.2715 0.5722 -0.7739
vn -0.0487 0.9979 0.0418
vn -0.5176 0.7509 -0.4103
vn -0.0030 -0.8928 -0.4504
vn 0.0817 -0.7663 -0.6372
vn 0.3550 -0.9204 0.1639
vn -0.0805 0.8162 0.5721
vn -0.5522 0.7243 -0.4129
vn -0.1116 -0.7650 -0.6343
vn -0.4287 0.0316 -0.9029
vn 0.1978 0.3299 0.9230
vn 0.4739 -0.7163 -0.5123
vn 0.3033 0.0901 0.9486
vn -0.3859 -0.1513 -0.9100
vn 0.3476 -0.4561 -0.8192
vn 0.5215 -0.6588 -0.5423
vn 0.2109 0.0179 0.9773
vn 0.8083 -0.1786 -0.5610
vn -0.3651 0.0925 -0.9264
vn 0.0235 -0.0093 -0.9997
vn 0.5136 -0.8574 -0.0337
vn -0.0518 0.9633 -0.2633
vn 0.3957 0.3986 0.8274
vn -0.6681 0.1558 -0.7276
vn 0.2588 -0.8810 0.3961
vn 0.4052 -0.7657 -0.4996
vn 0.7422 -0.6501 0.1628
vn -0.4488 0.8723 -0.1939
vn -0.2350 0.6447 0.7274
vn 0.2002 -0.2703 -0.9417
vn -0.4045 0.2586 -0.8772
vn 0.5026 -0.4942 -0.7093
vn -0.0182 0.1179 -0.9929
vn 0.1186 -0.4301 -0.8950
vn 0.0659 -0.4750 -0.8775
vn -0.3011 0.5565 -0.7744
vn 0.1379 -0.5656 -0.8130
vn 0.1767 -0.1339 0.9751
vn 0.2266 0.0355 0.9733
vn -0.2304 0.7453 -0.6256
vn 0.3629 0.2404 0.9003
vn 0.8445 -0.5349 0.0271
vn 0.0751 0.6340 0.7697
vn 0.5723 -0.6970 -0.4320
vn 0.5977 0.4966 0.6294
vn 0.3452 0.8062 0.4805
vn -0.4584 -0.6555 -0.6002
vn -0.2685 -0.7830 0.5611
vn 0.2764 0.6978 -0.6608
vn -0.1612 0.6889 0.7067
vn -0.6516 0.2653 -0.7107
vn 0.6850 0.2763 -0.6741
vn -0.4279 0.6659 0.6111
vn 0.0037 -0.2230 -0.9748
vn -0.5177 0.1190 -0.8472
vn 0.2577 0.1760 0.9501
vn -0.4542 -0.0025 -0.8909
vn -0.6559 0.6045 -0.4521
vn 0.4450 -0.6688 -0.5956
vn -0.3722 -0.1618 -0.9140
vn 0.0171 0.9904 -0.1369
vn 0.2899 0.5631 0.7738
vn -0.4743 0.7889 0.3907
vn -0.3447 0.9103 0.2291
vn -0.8921 -0.2431 -0.3809
vn -0.9416 0.1467 -0.3031
vn 0.1080 0.8615 -0.4962
vn -0.8447 0.5144 -0.1480
vn 0.1666 -0.9465 0.2762
vn -0.3715 -0.8717 0.3195
vn 0.5440 -0.6915 -0.4753
vn 0.2987 0.6621 -0.6873
vn -0.0400 -0.6287 -0.7766
vn 0.2665 0.6798 -0.6833
vn -0.0614 -0.5509 -0.8323
vn -0.3714 0.0102 -0.9284
vn 0.6930 -0.5125 -0.5070
vn 0.3105 -0.9462 -0.0914
vn 0.3218 -0.9172 -0.2351
vn 0.2135 -0.0201 0.9767
vn -0.2676 0.7309 -0.6279
vn -0.4993 0.5587 -0.6622
vn 0.9486 -0.2491 0.1953
vn 0.1465 0.1644 0.9754
vn -0.6655 0.2255 -0.7115
vn -0.4108 0.1827 -0.8932
vn 0.1258 0.8329 0.5390
vn 0.0353 0.9834 0.1782
vn -0.2645 0.9453 0.1910
vn -0.2469 -0.8229 0.5118
vn 0.9810 0.0225 -0.1925
vn -0.1206 -0.2293 -0.9659
vn -0.8828 -0.0330 -0.4686
vn 0.6085 -0.3317 -0.7209
vn -0.4340 -0.1687 -0.8850
vn -0.2162 -0.4701 -0.8558
vn 0.0504 -0.2221 -0.9737
vn -0.6477 0.5980 0.4721
vn 0.2480 0.1892 0.9501
vn 0.2287 0.1292 0.9649
vn 0.2285 -0.0364 0.9729
vn 0.3894 -0.8367 -0.3852
vn 0.0590 0.8379 0.5426
vn 0.0716 0.9921 -0.1028
vn -0.6844 0.5548 -0.4730
vn 0.1822 0.9193 0.3489
vn -0.2504 0.9573 -0.1447
vn -0.2810 -0.9150 -0.2895
vn -0.1258 -0.9100 -0.3950
vn -0.0163 -0.8698 0.4932
vn -0.3095 -0.7037 0.6396
vn 0.2220 0.8114 0.5407
vn -0.4834 0.0672 -0.8728
vn -0.1912 -0.7370 -0.6483
vn 0.2586 0.7327 0.6295
vn -0.2616 -0.9347 0.2406
vn -0.3031 -0.3625 -0.8813
vn 0.1683 0.5281 0.8323
vn 0.3770 0.1597 -0.9123
vn -0.2714 0.8177 -0.5077
vn -0.9203 0.3266 -0.2153
vn -0.8438 0.5360 -0.0265
vn 0.8334 -0.5522 -0.0231
vn 0.4145 0.0262 -0.9097
vn 0.4260 -0.7173 -0.5514
vn 0.8158 0.1883 -0.5468
vn -0.1727 0.8887 0.4247
vn 0.3416 -0.9333 -0.1106
vn 0.5939 0.4984 0.6316
vn -0.3759 0.7286 -0.5725
vn 0.1555 0.6993 0.6977
vn 0.2035 0.4159 0.8864
vn 0.3321 -0.8438 -0.4215
vn 0.2546 -0.8740 -0.4140
vn 0.9088 -0.4114 0.0694
vn -0.2728 -0.8082 0.5220
vn 0.6028 -0.7645 0.2285
vn 0.8566 -0.4808 0.1872
vn 0.0640 0.8561 0.5128
vn -0.1325 0.7659 0.6291
vn 0.2566 0.3889 -0.8848
vn 0.3122 0.5455 0.7778
vn -0.6316 0.6298 0.4522
vn 0.3112 0.3071 0.8994
vn 0.9048 -0.3831 -0.1860
vn -0.4560 -0.4041 -0.7930
vn -0.3522 -0.7610 -0.5448
vn 0.4443 -0.8718 0.2064
vn -0.7973 0.6024 0.0387
vn -0.4534 -0.8323 -0.3189
vn 0.0842 -0.9728 0.2156
vn 0.3975 -0.6781 -0.6182
vn 0.3323 -0.7619 -0.5560
vn -0.4484 0.8015 -0.3956
vn -0.4140 0.6549 0.6323
vn -0.4677 0.8098 0.3541
vn 0.7527 -0.6369 0.1666
vn -0.1347 0.9824 -0.1297
vn 0.7137 -0.6959 -0.0801
vn 0.1047 -0.9181 -0.3822
vn -0.4577 -0.7642 -0.4544
vn -0.8651 -0.0645 -0.4974
vn -0.3697 -0.7620 -0.5316
vn -0.8180 -0.1972 -0.5403
vn -0.3215 0.7421 0.5882
vn 0.8463 0.2830 -0.4513
vn -0.6001 -0.4989 -0.6252
vn -0.5491 -0.2401 -0.8005
vn 0.1809 0.5277 0.8300
vn -0.5503 0.4319 -0.7146
vn -0.3269 -0.2107 -0.9213
vn -0.4794 0.6288 0.6122
vn -0.6499 -0.5014 -0.5711
vn 0.1914 0.9111 0.3650
vn 0.4433 0.7820 0.4381
vn 0.8700 -0.4930 0.0093
vn -0.3031 -0.6536 -0.6935
vn 0.6947 0.7185 0.0349
vn -0.2336 -0.8972 -0.3748
vn 0.3534 -0.8507 -0.3891
vn -0.3640 -0.8575 -0.3636
vn -0.4751 -0.7480 -0.4634
vn -0.2610 0.7642 0.5898
vn -0.3154 0.7948 -0.5184
vn -0.0936 0.9577 -0.2723
vn -0.9769 0.2126 -0.0199
vn -0.3083 0.0530 -0.9498
vn 0.3495 0.3095 -0.8843
vn 0.8046 -0.0412 -0.5923
vn -0.0449 0.2132 -0.9760
vn -0.8022 0.4639 0.3760
vn 0.4696 -0.6705 -0.5744
vn 0.8793 0.1354 -0.4567
vn 0.3144 0.1191 0.9418
vn -0.2094 -0.2419 -0.9474
vn -0.6868 0.7213 -0.0901
vn 0.4735 -0.0388 -0.8799
vn -0.1377 0.2158 -0.9667
vn 0.6761 0.5568 0.4826
vn 0.2630 0.4193 0.8689
vn 0.5988 0.5880 0.5437
vn 0.0454 0.9939 0.1005
vn -0.0459 0.9006 0.4322
vn -0.0238 -0.8596 -0.5104
vn -0.1329 -0.8462 0.5160
vn 0.2538 0.6775 -0.6904
vn -0.5338 0.7925 -0.2950
vn -0.0466 0.0593 -0.9972
vn 0.6115 0.2610 -0.7470
vn -0.3132 0.0060 -0.9497
vn -0.4644 0.1932 -0.8643
vn 0.1090 0.2564 -0.9604
vn 0.4582 0.1742 -0.8716
vn -0.4611 -0.8767 -0.1369
vn 0.2787 0.1545 0.9478
vn 0.8912 -0.2497 0.3787
vn -0.3874 0.6461 0.6576
vn -0.5553 0.7440 -0.3716
vn 0.3013 0.0381 0.9528
vn -0.4811 0.5170 -0.7079
vn -0.4265 -0.4812 -0.7658
vn 0.0658 0.8051 0.5895
vn 0.1136 -0.7910 -0.6011
vn -0.6194 0.7783 0.1027
vn -0.9562 -0.2496 -0.1530
vn -0.3587 -0.5698 0.7393
vn -0.1548 -0.6824 0.7144
vn -0.0922 -0.8363 -0.5404
vn -0.1609 -0.8760 -0.4547
vn -0.4308 0.7839 0.4471
vn 0.6784 -0.6478 -0.3465
vn -0.9320 0.2964 0.2085
vn 0.4368 0.1623 -0.8848
vn 0.2291 0.2549 0.9394
vn -0.8413 0.4228 0.3370
vn 0.4695 -0.5516 -0.6894
vn 0.6062 -0.7920 -0.0723
vn -0.5343 -0.6060 -0.5894
vn 0.0125 0.7386 -0.6740
vn 0.2356 -0.9202 -0.3127
vn -0.1348 0.9643 0.2278
vn -0.8258 0.4441 -0.3476
vn 0.2006 0.7009 0.6845
vn 0.0024 -0.9683 -0.2498
vn -0.0830 0.8644 0.4958
vn -0.0757 -0.8984 -0.4326
vn -0.0236 -0.5773 0.8162
vn -0.4575 -0.8740 -0.1636
vn 0.2689 0.5405 -0.7972
vn -0.5442 0.7755 0.3202
vn 0.5991 -0.5915 -0.5395
vn 0.2753 0.3725 -0.8863
vn -0.4476 -0.0323 -0.8936
vn -0.8353 0.5148 -0.1930
vn 0.2731 0.3923 0.8783
vn 0.8857 -0.4517 -0.1074
vn -0.8096 0.4691 0.3529
vn -0.9699 0.1964 -0.1440
vn -0.5493 0.5679 0.6130
vn -0.3748 -0.7568 -0.5355
vn -0.5102 -0.1375 -0.8490
vn 0.4721 0.3642 -0.8028
vn -0.2788 -0.9594 0.0431
vn 0.2989 0.0072 0.9543
vn -0.4431 0.6154 0.6519
vn 0.0517 -0.5758 -0.8160
vn 0.8762 -0.2678 -0.4007
vn -0.5252 0.6984 0.4862
vn -0.4280 -0.4618 -0.7769
vn 0.7784 -0.6270 -0.0306
vn -0.3982 0.5036 -0.7667
vn -0.2084 0.9748 0.0794
vn 0.3587 -0.8127 -0.4593
vn -0.2155 0.8825 0.4180
vn 0.5777 -0.7824 0.2325
vn -0.3240 0.8645 0.3844
vn 0.1430 0.7284 -0.6701
vn -0.6992 0.5780 -0.4208
vn 0.2014 0.7385 0.6435
vn 0.5797 0.6845 -0.4420
vn 0.0888 0.8715 -0.4823
vn 0.9401 0.0201 -0.3402
vn 0.2975 0.6437 0.7051
vn 0.4863 -0.6264 -0.6092
vn 0.8401 -0.1539 -0.5201
vn 0.4861 -0.7640 -0.4243
vn 0.3440 -0.9351 0.0853
vn 0.0641 0.9569 0.2834
vn 0.2187 0.9409 0.2585
vn -0.6661 0.7176 -0.2035
vn 0.1268 -0.6088 -0.7831
vn 0.1852 0.2935 0.9378
vn -0.1363 -0.9649 -0.2243
vn 0.1918 -0.9711 -0.1420
vn 0.3364 -0.8871 -0.3159
vn -0.1357 -0.7019 0.6992
vn -0.3134 -0.5035 0.8051
vn -0.0925 -0.6026 0.7927
vn 0.9282 -0.3152 0.1979
vn 0.1666 0.8056 0.5686
vn -0.6089 -0.6092 -0.5080
vn -0.8323 -0.5542 0.0074
vn 0.3538 0.1382 -0.9250
vn 0.2993 -0.0627 -0.9521
vn 0.5328 0.2648 -0.8037
vn -0.3637 -0.8482 -0.3851
vn -0.4420 -0.8600 -0.2549
vn 0.2551 -0.4915 -0.8327
vn -0.3330 -0.2485 -0.9096
vn -0.0670 -0.6323 -0.7718
vn -0.3657 0.8979 0.2451
vn 0.2567 0.0514 0.9651
vn 0.9464 -0.3052 -0.1059
vn 0.9837 0.0542 -0.1717
vn -0.6555 0.4003 -0.6404
vn 0.4569 0.5882 0.6673
vn -0.9885 -0.0133 -0.1503
vn -0.3654 -0.8551 -0.3677
vn 0.2095 0.8911 0.4026
vn -0.9943 -0.0466 -0.0957
vn 0.2222 -0.8257 0.5184
vn -0.4592 0.8090 -0.3669
vn 0.9053 -0.0206 -0.4242
vn 0.0547 0.4945 0.8675
vn 0.1341 0.0787 0.9878
vn 0.5178 0.2752 0.8100
vn -0.0029 0.2516 0.9678
vn 0.0644 0.0923 0.9936
vn 0.6930 0.1626 0.7024
vn 0.2468 -0.0221 0.9688
vn -0.5274 0.7984 -0.2906
vn 0.6629 -0.7471 0.0489
vn 0.5199 0.1617 -0.8388
vn -0.2136 -0.9185 0.3329
vn -0.5442 0.6696 0.5055
vn 0.8954 0.1613 -0.4150
vn 0.1388 0.9411 0.3084
vn 0.3423 -0.8667 -0.3629
vn -0.4044 0.6527 -0.6406
vn -0.5714 0.7381 0.3587
vn 0.8478 -0.5301 -0.0149
vn 0.2802 -0.9440 -0.1743
vn 0.3905 -0.7415 0.5456
vn -0.9842 -0.1196 -0.1304
vn 0.2162 0.8496 0.4811
vn 0.2359 0.8952 0.3781
vn -0.4989 -0.7871 -0.3627
vn 0.4374 -0.8423 0.3150
vn 0.2445 0.4782 -0.8435
vn -0.3471 -0.2170 -0.9124
vn -0.3529 -0.9022 -0.2480
vn 0.2251 0.0700 0.9718
vn -0.2427 -0.1899 -0.9513
vn 0.2464 0.0286 -0.9687
vn -0.4771 0.6711 0.5674
vn -0.9257 -0.1603 0.3426
vn -0.6634 -0.6655 0.3421
vn -0.0224 -0.1425 -0.9895
vn -0.1884 -0.3815 -0.9050
vn 0.3148 0.8193 0.4792
vn 0.4938 0.6747 0.5486
vn 0.0674 0.9976 -0.0154
vn -0.2405 -0.9507 -0.1958
vn -0.1472 -0.5584 0.8164
vn 0.5859 0.6510 0.4826
vn -0.0711 0.5498 0.8323
vn -0.3616 -0.4727 -0.8036
vn 0.2899 0.4029 -0.8681
vn 0.6489 0.2029 0.7333
vn 0.2158 -0.4929 -0.8429
vn 0.0839 -0.1626 -0.9831
vn -0.2131 0.0962 -0.9723
vn 0.1597 -0.3392 -0.9270
vn 0.3259 0.2342 0.9159
vn 0.1870 0.0086 0.9823
vn 0.1919 -0.9785 -0.0754
vn -0.2612 -0.5764 -0.7743
vn 0.4542 0.3191 -0.8318
vn 0.0551 0.8949 0.4429
vn 0.3141 -0.4839 -0.8168
vn 0.3040 -0.8730 -0.3813
vn -0.4606 0.8092 0.3647
vn -0.3036 0.8625 0.4050
vn 0.9665 0.2564 -0.0147
vn -0.1669 -0.9691 -0.1813
vn -0.0959 -0.9885 -0.1173
vn -0.4418 0.8873 0.1322
vn 0.2180 0.5229 -0.8240
vn 0.2240 0.8566 0.4648
vn 0.1850 0.8288 0.5280
vn 0.7875 0.3254 -0.5234
vn 0.8333 -0.4088 -0.3722
vn 0.2876 0.6270 -0.7240
vn -0.6147 0.6315 0.4726
vn 0.5454 -0.6910 -0.4744
vn 0.5563 -0.6728 -0.4877
vn 0.6058 0.3049 0.7349
vn 0.2875 0.1387 -0.9477
vn 0.3943 0.2493 0.8845
vn 0.3694 0.1575 -0.9158
vn -0.0093 -0.2156 -0.9764
vn 0.6319 0.1941 0.7503
vn 0.3930 0.4247 0.8156
vn 0.5430 0.4775 0.6907
vn 0.2657 0.9307 0.2513
vn -0.0093 0.9465 0.3224
vn -0.1375 -0.9258 -0.3522
vn -0.3289 -0.4984 0.8021
vn -0.0725 0.6713 -0.7376
vn -0.0860 0.8802 -0.4667
vn 0.5375 -0.7102 0.4547
vn 0.2426 -0.5993 0.7629
vn 0.8123 0.4908 0.3150
vn 0.2713 0.5484 -0.7910
vn 0.2267 -0.6450 -0.7298
vn -0.6685 0.7388 0.0849
vn -0.7700 0.4022 0.4953
vn -0.6548 0.2287 0.7204
vn 0.5679 -0.7597 -0.3168
vn 0.6410 0.4596 0.6147
vn -0.6280 -0.2408 0.7400
vn -0.1013 0.9697 0.2222
vn -0.7496 0.6588 0.0640
vn -0.7294 0.6591 0.1831
vn 0.4664 0.0210 -0.8843
vn 0.4567 -0.8207 -0.3433
vn -0.1914 0.6993 0.6887
vn 0.0481 -0.9971 -0.0593
vn -0.3463 0.9202 0.1826
vn -0.1942 -0.9617 -0.1933
vn 0.6316 -0.7629 -0.1382
vn 0.4501 -0.8462 -0.2853
vn -0.2822 -0.5085 0.8135
vn 0.0806 0.9514 0.2973
vn -0.5682 0.6326 -0.5262
vn -0.8404 -0.5417 0.0159
vn 0.8943 -0.3329 -0.2990
vn -0.1844 -0.6666 -0.7222
vn 0.6452 -0.6226 -0.4429
vn 0.3429 0.0458 -0.9383
vn -0.1517 -0.5546 -0.8182
vn 0.0733 -0.1544 -0.9853
vn -0.6271 0.7263 0.2814
vn 0.2363 0.7237 0.6484
vn -0.7968 0.5991 -0.0786
vn 0.5764 0.5328 0.6196
vn -0.1702 0.9845 0.0425
vn -0.6766 0.7332 0.0675
vn -0.9041 -0.4183 -0.0877
vn 0.1054 0.9704 0.2171
vn -0.0550 -0.9298 -0.3639
vn -0.9979 -0.0520 -0.0375
vn -0.1742 -0.9621 -0.2100
vn 0.2400 0.9346 0.2625
vn -0.3848 -0.4635 0.7982
vn 0.2291 0.9588 0.1682
vn 0.2287 0.9193 0.3203
vn -0.9992 -0.0028 0.0407
vn -0.0479 -0.3597 0.9319
vn 0.6787 0.7333 0.0405
vn 0.4174 0.5483 -0.7247
vn 0.2666 0.1497 -0.9521
vn 0.1445 -0.1284 -0.9811
vn -0.0138 -0.3532 -0.9355
vn -0.5311 -0.7643 0.3658
vn -0.7856 0.5200 0.3354
vn 0.0887 0.7883 0.6089
vn -0.5717 0.7099 0.4114
vn 0.1900 -0.9814 0.0269
vn -0.1619 -0.9844 -0.0690
vn 0.3096 -0.9460 -0.0954
vn -0.3750 -0.9141 -0.1542
vn -0.2929 0.9416 0.1664
vn -0.3390 -0.6654 -0.6651
vn 0.2162 0.5680 -0.7941
vn 0.1929 -0.4970 0.8460
vn -0.8094 0.0826 -0.5815
vn 0.6934 -0.6085 -0.3859
vn -0.8917 0.4064 0.1993
vn -0.1334 -0.7404 -0.6588
vn 0.6038 -0.7289 -0.3227
vn -0.4275 0.7847 0.4489
vn -0.5905 0.6603 0.4640
vn -0.5622 0.2306 0.7942
vn 0.1292 -0.0893 -0.9876
vn -0.8318 -0.5097 0.2200
vn 0.6457 -0.6723 -0.3620
vn 0.3946 0.3910 0.8315
vn -0.1583 0.8997 0.4067
vn 0.2149 0.9520 0.2179
vn -0.1599 0.9683 0.1921
vn -0.1894 -0.9709 -0.1463
vn 0.5165 -0.8550 -0.0467
vn 0.5862 -0.7576 -0.2872
vn 0.1328 0.8063 -0.5764
vn 0.5839 -0.7026 0.4066
vn -0.7529 0.5583 0.3485
vn 0.7249 -0.4243 -0.5427
vn 0.6170 -0.7218 -0.3136
vn -0.0824 -0.5225 -0.8487
vn 0.4119 -0.8559 -0.3128
vn 0.6934 0.3673 0.6199
vn -0.4811 0.5506 0.6822
vn 0.1186 0.6257 0.7710
vn 0.2540 0.5444 0.7994
vn 0.6695 0.6971 0.2567
vn 0.8117 -0.5689 0.1319
vn -0.1807 -0.4948 0.8500
vn -0.0205 -0.2563 0.9664
vn -0.1198 -0.6946 -0.7094
vn 0.7566 0.4335 0.4895
vn -0.5987 0.7648 0.2380
vn -0.5469 -0.7613 0.3483
vn -0.6480 -0.7605 -0.0403
vn -0.6128 -0.6871 -0.3902
vn 0.3598 -0.7172 -0.5967
vn -0.6787 0.3895 0.6226
vn -0.4340 -0.9008 -0.0149
vn 0.1628 0.6631 0.7307
vn 0.2313 0.5238 0.8198
vn -0.3946 -0.9099 -0.1284
vn 0.0988 0.9935 0.0568
vn -0.3112 -0.8787 -0.3620
vn -0.5241 0.8513 -0.0265
vn 0.8270 -0.5556 -0.0859
vn -0.3980 -0.7043 0.5878
vn 0.7935 0.1249 -0.5956
vn -0.0566 -0.4542 0.8891
vn -0.3813 -0.7121 -0.5896
vn -0.0439 -0.6719 -0.7394
vn -0.0145 -0.0988 -0.9950
vn -0.3892 0.8830 0.2624
vn 0.6646 0.4155 0.6211
vn 0.0457 0.5984 0.7999
vn -0.8738 0.1891 0.4480
vn -0.5774 0.7969 0.1778
vn 0.3826 0.4398 0.8126
vn -0.2786 0.6122 0.7400
vn -0.0737 -0.6602 0.7474
vn 0.2269 0.9690 0.0972
vn -0.3587 -0.6895 0.6292
vn 0.4931 -0.8195 0.2919
vn 0.6089 -0.7457 0.2704
vn -0.2769 -0.9248 -0.2608
vn -0.5635 0.7972 0.2167
vn -0.0611 0.0528 -0.9967
vn -0.4193 -0.8196 0.3904
vn 0.4094 -0.7809 0.4718
vn -0.2936 -0.6811 0.6708
vn -0.3206 -0.8167 0.4797
vn -0.3540 0.8424 -0.4062
vn 0.2200 -0.9139 0.3412
vn 0.2299 -0.0257 -0.9729
vn -0.6822 0.7033 0.2001
vn -0.9969 -0.0461 0.0645
vn -0.6822 0.7208 0.1232
vn -0.1516 -0.8345 -0.5297
vn 0.9413 -0.3364 -0.0273
vn -0.1885 -0.9816 -0.0293
vn -0.3076 -0.9504 -0.0461
vn 0.6522 -0.7557 -0.0598
vn -0.3925 0.9168 -0.0733
vn 0.5560 -0.7959 0.2397
vn 0.3115 0.9447 -0.1029
vn 0.2638 -0.8958 -0.3576
vn 0.1590 0.6080 -0.7779
vn 0.0895 0.2160 -0.9723
vn 0.1730 0.2458 -0.9538
vn 0.3940 0.3798 -0.8370
vn 0.1225 -0.1389 -0.9827
vn -0.1745 0.4250 0.8882
vn -0.5479 0.6035 0.5793
vn -0.2931 0.5766 0.7626
vn 0.3090 0.4376 0.8444
vn 0.6473 -0.7483 -0.1453
vn -0.0911 -0.9956 0.0225
vn -0.3195 -0.9353 -0.1520
vn 0.0273 0.9996 -0.0001
vn -0.1010 0.9947 -0.0218
vn -0.3086 -0.4957 0.8118
vn -0.3854 -0.8754 0.2916
vn 0.1564 0.3001 -0.9410
vn 0.5253 -0.1057 -0.8443
vn -0.4049 -0.9142 -0.0155
vn 0.0933 0.1912 -0.9771
vn 0.1784 0.1278 -0.9756
vn -0.0325 -0.2495 -0.9678
vn -0.1044 -0.9887 -0.1072
vn -0.4393 0.3989 -0.8050
vn -0.5844 0.5676 -0.5799
vn -0.4309 -0.7373 -0.5204
vn -0.3546 -0.6927 -0.6280
vn 0.4648 -0.7755 -0.4273
vn 0.4386 -0.4164 -0.7964
vn 0.1740 0.6237 0.7621
vn -0.1994 -0.5305 -0.8239
vn -0.2593 0.1791 0.9491
vn 0.9732 -0.1566 -0.1683
vn -0.2025 -0.9661 -0.1598
vn -0.2641 0.9628 -0.0566
vn -0.2180 -0.9720 -0.0874
vn 0.1598 -0.7628 0.6266
vn 0.7206 -0.6455 0.2532
vn -0.1748 0.5546 -0.8135
vn 0.5114 -0.8590 0.0248
vn -0.1693 0.6328 -0.7556
vn 0.2724 -0.9247 -0.2660
vn -0.3396 0.7649 -0.5474
vn 0.2978 -0.8477 -0.4389
vn 0.3259 0.2284 0.9174
vn 0.2426 -0.9701 0.0091
vn 0.2731 -0.9604 0.0557
vn 0.2680 0.9546 -0.1304
vn 0.5596 0.8040 -0.2012
vn -0.2643 -0.6813 0.6826
vn -0.4793 0.8655 0.1457
vn -0.2125 -0.9327 0.2913
vn 0.5688 -0.7200 -0.3976
vn 0.7111 0.6901 0.1347
vn 0.4498 0.7517 0.4824
vn -0.1880 0.3796 -0.9058
vn -0.5750 0.7698 0.2771
vn 0.5503 -0.7167 -0.4283
vn 0.1467 -0.4419 -0.8850
vn 0.2338 0.7514 0.6170
vn 0.2669 0.1646 0.9496
vn 0.2972 0.2466 0.9224
vn 0.2316 0.7288 0.6444
vn 0.0648 0.8973 0.4367
vn 0.9318 -0.3518 -0.0896
vn 0.9745 -0.2243 0.0114
vn -0.9983 -0.0572 0.0111
vn 0.2329 0.9663 0.1099
vn 0.4671 -0.8704 -0.1555
vn -0.1978 -0.5896 0.7831
vn 0.5602 -0.7833 -0.2695
vn -0.3538 -0.9335 -0.0582
vn 0.3685 0.2025 0.9073
vn 0.3148 0.5146 0.7975
vn 0.0254 0.6140 0.7889
vn -0.0598 0.5904 0.8049
vn 0.0859 0.4747 0.8759
vn -0.9990 -0.0409 0.0201
vn 0.1750 0.9841 -0.0316
vn 0.3017 -0.9488 -0.0933
vn 0.7816 -0.6088 0.1360
vn -0.3678 0.9299 -0.0062
vn 0.5759 -0.7499 -0.3255
vn -0.2964 -0.9551 -0.0008
vn 0.6039 -0.6927 -0.3944
vn 0.2698 0.1160 -0.9559
vn -0.5893 0.3173 0.7430
vn -0.6217 0.7526 0.2169
vn 0.3221 0.5805 0.7478
vn 0.3362 -0.8496 -0.4064
vn 0.5642 -0.7251 -0.3949
vn 0.9031 -0.4181 0.0984
vn 0.2446 0.9402 -0.2369
vn -0.3700 0.9019 -0.2227
vn -0.9940 0.0888 0.0646
vn 0.0211 -0.9993 0.0317
vn 0.3568 -0.3118 -0.8806
vn -0.6206 0.5630 0.5458
vn 0.1708 0.1956 0.9657
vn 0.0129 0.3187 0.9478
vn -0.4013 0.8235 0.4009
vn -0.1207 -0.9922 -0.0307
vn 0.2290 0.9731 0.0266
vn 0.3818 0.8955 0.2285
vn 0.2928 0.5827 0.7581
vn -0.2476 0.8124 -0.5280
vn -0.3345 -0.1441 -0.9313
vn -0.6751 0.7112 0.1958
vn 0.2948 0.8151 0.4987
vn -0.4285 0.3555 0.8307
vn -0.2512 0.8636 0.4370
vn 0.2251 0.9131 -0.3400
vn -0.3455 -0.9354 -0.0752
vn -0.0300 -0.9689 -0.2457
vn -0.6374 0.7095 0.3005
vn 0.0063 0.3061 -0.9520
vn -0.0364 0.3857 -0.9219
vn -0.2895 0.4932 -0.8203
vn 0.1215 0.8377 0.5324
vn 0.1955 0.7910 0.5798
vn -0.1820 0.4688 0.8643
vn 0.9585 -0.1861 -0.2159
vn -0.2934 0.9148 -0.2774
vn 0.2371 0.9463 -0.2198
vn -0.2871 0.9579 0.0003
vn -0.8867 0.4433 0.1310
vn -0.0450 -0.9989 -0.0088
vn 0.4060 -0.9036 0.1368
vn -0.2204 -0.7844 0.5798
vn -0.7560 0.6151 0.2238
vn 0.3874 0.8815 0.2700
vn -0.1109 0.1411 -0.9838
vn 0.0485 0.8218 0.5677
vn -0.2149 0.8836 0.4160
vn 0.2109 -0.9728 -0.0954
vn 0.0573 0.9740 -0.2190
vn -0.1068 0.9600 -0.2589
vn -0.2757 -0.9392 -0.2047
vn 0.1822 0.9602 -0.2116
vn 0.2478 0.9468 -0.2053
vn -0.3845 -0.9222 -0.0406
vn 0.4797 -0.6128 -0.6280
vn 0.5921 -0.7855 0.1802
vn -0.2269 -0.9736 -0.0230
vn 0.4821 0.8677 -0.1210
vn 0.2411 0.9464 0.2148
vn 0.1299 0.9402 0.3149
vn 0.3047 -0.8498 -0.4301
vn 0.3894 -0.7571 -0.5245
vn 0.6927 0.6818 0.2352
vn 0.2726 -0.8164 -0.5090
vn 0.4219 -0.6879 -0.5906
vn -0.1500 -0.8165 0.5575
vn -0.1735 -0.9823 0.0712
vn 0.4755 -0.5974 -0.6457
vn -0.1574 -0.9765 -0.1470
vn 0.2431 0.8201 0.5179
vn 0.1830 0.9744 0.1307
vn 0.2318 0.9358 0.2656
vn 0.4603 -0.6879 -0.5612
vn -0.5614 0.6171 0.5514
vn -0.3862 -0.9188 -0.0811
vn -0.2552 0.8423 0.4748
vn -0.3482 0.7431 0.5715
vn -0.1176 -0.9463 0.3012
vn -0.4293 0.6495 0.6276
vn -0.5961 0.6052 0.5277
vn 0.2896 -0.9020 -0.3201
vn -0.2290 0.4498 0.8633
vn 0.0454 0.6131 0.7887
vn -0.4443 0.6956 0.5646
vn -0.1362 0.9064 0.3999
vn -0.8698 -0.4932 -0.0166
vn 0.1824 0.9680 0.1723
vn -0.5115 0.6454 0.5673
vn -0.2024 0.9693 -0.1399
vn 0.1947 -0.9150 -0.3533
vn -0.3167 0.9309 -0.1820
vn 0.2782 0.9509 -0.1358
vn -0.1516 0.9419 0.2998
vn 0.3166 0.8255 -0.4673
vn 0.4438 -0.5693 -0.6921
vn -0.0984 -0.9913 0.0870
vn 0.2207 -0.9709 -0.0933
vn -0.5347 0.8074 0.2495
vn 0.9578 0.2779 0.0733
vn -0.1216 -0.9914 0.0490
vn -0.0581 -0.9978 0.0314
vn -0.2230 -0.9683 -0.1123
vn 0.1302 0.9647 -0.2288
vn -0.0088 0.9756 -0.2194
vn -0.2917 -0.9481 -0.1267
vn 0.2589 0.9353 -0.2412
vn 0.3210 0.9351 -0.1505
vn 0.2424 0.8860 -0.3953
vn 0.3023 0.9001 -0.3136
vn -0.4795 0.7607 0.4374
vn 0.5231 -0.6170 -0.5879
vn 0.9676 -0.2388 0.0819
vn -0.1224 -0.9924 -0.0088
vn 0.0928 0.8035 0.5881
vn -0.3236 0.7896 0.5214
vn -0.3172 0.8246 0.4684
vn 0.6230 -0.7781 0.0798
vn 0.1004 -0.9897 -0.1024
vn -0.2348 -0.9510 -0.2011
vn 0.2116 0.9742 -0.0780
vn -0.1907 0.8146 0.5478
vn -0.3691 0.6294 0.6838
vn -0.4156 0.5476 0.7262
vn 0.4196 -0.8525 -0.3117
vn -0.4257 0.7344 0.5287
vn 0.2122 0.8998 0.3812
vn 0.2080 -0.9524 -0.2231
vn 0.3747 -0.6214 -0.6881
vn -0.2600 -0.9501 -0.1724
vn 0.2843 0.8434 -0.4559
vn -0.6572 0.7422 0.1313
vn 0.2103 0.9261 -0.3131
vn 0.5049 -0.5582 -0.6583
vn 0.1416 0.9723 -0.1860
vn -0.4201 0.4874 0.7655
vn 0.5171 -0.7787 -0.3553
vn 0.8610 -0.4699 -0.1946
vn -0.9971 0.0174 -0.0736
vn -0.3165 -0.9476 -0.0434
vn -0.8083 0.5764 0.1200
vn 0.0417 0.9530 0.3001
vn -0.1025 0.9566 0.2729
vn -0.2678 0.9304 0.2503
vn 0.4196 -0.5498 -0.7223
vn -0.1023 -0.9927 0.0633
vn 0.1568 0.9410 -0.2998
vn 0.1613 0.9868 0.0154
vn 0.3486 -0.9052 -0.2433
vn -0.5127 0.5769 0.6359
vn 0.0867 0.9927 0.0836
vn 0.2445 0.9516 0.1863
vn -0.0620 0.9576 0.2813
vn 0.3746 0.9222 -0.0959
vn -0.4013 0.5366 0.7424
vn 0.4487 -0.8865 0.1129
vn 0.1792 0.8524 -0.4913
vn 0.0730 -0.9970 0.0264
vn -0.5705 0.8103 0.1339
vn 0.1192 0.9377 -0.3265
vn -0.3289 0.4074 0.8520
vn -0.3949 0.9075 0.1430
vn -0.1242 0.9406 0.3159
vn -0.1967 0.9710 0.1357
vn -0.9355 0.3393 0.0986
vn -0.7100 0.6905 -0.1384
vn 0.2927 -0.9536 0.0701
vn 0.2926 0.9184 -0.2663
vn 0.0791 0.9961 0.0386
vn -0.4292 0.4370 0.7905
vn -0.9455 -0.3247 -0.0260
vn 0.1509 -0.9775 -0.1474
vn -0.0755 -0.9897 -0.1215
vn 0.2797 -0.8059 -0.5218
vn 0.2783 0.9280 0.2476
vn -0.1806 -0.9835 0.0140
vn 0.6289 -0.6889 -0.3604
vn 0.8189 -0.5425 -0.1875
vn 0.0224 -0.9957 -0.0899
vn 0.9770 -0.1048 0.1854
vn -0.3468 -0.9275 -0.1394
vn 0.1660 0.9593 0.2286
vn -0.1220 0.9580 0.2596
vn 0.3462 0.9146 0.2088
vn -0.3289 0.5294 0.7820
vn -0.1865 -0.9776 0.0976
vn 0.6686 -0.5824 -0.4624
vn -0.6382 0.4792 0.6025
vn 0.2280 -0.9407 -0.2511
vn -0.1515 -0.9782 -0.1421
vn 0.9521 -0.2778 0.1281
vn 0.0153 0.9812 0.1926
vn -0.1709 0.9564 0.2367
vn -0.9876 0.1449 -0.0597
vn -0.0868 0.9961 -0.0138
vn -0.1368 -0.9792 0.1496
vn 0.1722 0.8617 -0.4773
vn -0.2606 0.9440 0.2023
vn 0.1364 0.9898 -0.0420
vn 0.1553 -0.9698 -0.1883
vn -0.2166 -0.9340 -0.2841
vn 0.1366 0.9839 0.1149
vn 0.2206 0.9218 0.3188
vn -0.2933 0.9358 0.1957
vn 0.5910 -0.5343 -0.6044
vn -0.3877 0.4674 0.7945
vn -0.4881 0.8232 0.2900
vn 0.8769 0.4442 0.1837
vn -0.1296 -0.9468 0.2945
vn -0.2392 0.8886 0.3914
vn -0.0577 0.9753 -0.2132
vn 0.3781 -0.9121 -0.1584
vn -0.2550 0.9214 0.2931
vn -0.2499 -0.9536 -0.1681
vn -0.9924 -0.0064 -0.1229
vn 0.3490 -0.7387 -0.5766
vn 0.2828 0.8820 0.3770
vn 0.4149 0.8715 0.2613
vn 0.0910 0.8612 -0.5000
vn -0.6299 0.6957 0.3452
vn 0.7376 -0.5662 0.3680
vn 0.2116 -0.9772 -0.0186
vn 0.5097 -0.6820 -0.5245
vn 0.3726 0.8361 0.4027
vn -0.3725 0.7051 0.6034
vn -0.6234 0.5797 0.5247
vn 0.0571 0.8493 -0.5248
vn 0.6982 -0.6419 -0.3169
vn 0.5707 -0.7907 -0.2216
vn -0.7624 0.5582 0.3272
vn 0.9862 -0.1288 0.1040
vn 0.1822 -0.9720 -0.1482
vn 0.1413 0.9856 0.0933
vn 0.6647 -0.7435 0.0740
vn -0.2434 -0.9662 -0.0850
vn 0.4741 -0.8787 -0.0546
vn 0.4096 0.9050 0.1152
vn 0.0081 0.9522 0.3053
vn -0.1834 -0.9761 -0.1170
vn 0.5989 -0.6190 -0.5081
vn -0.7527 0.5539 0.3557
vn 0.6950 -0.7188 -0.0197
vn 0.2217 -0.9740 -0.0458
vn -0.0273 0.9994 -0.0229
vn 0.7989 -0.5924 -0.1037
vn -0.8794 0.4657 -0.0987
vn 0.7014 -0.4723 -0.5338
vn 0.0108 -0.9982 -0.0585
vn 0.2402 0.9586 -0.1528
vn 0.0565 0.9098 -0.4113
vn 0.1031 0.9335 -0.3434
vn -0.0891 -0.9873 -0.1316
vn 0.8861 -0.3682 0.2814
vn 0.1727 -0.9807 0.0917
vn 0.0723 0.9950 0.0686
vn 0.2390 -0.9591 -0.1516
vn 0.3639 -0.8885 -0.2796
vn 0.1681 0.9574 0.2346
vn -0.4180 -0.9079 -0.0306
vn -0.0700 0.9958 -0.0592
vn 0.9070 -0.4211 0.0077
vn 0.3705 0.9193 0.1331
vn 0.0045 0.9319 -0.3627
vn 0.4557 -0.8797 -0.1359
vn -0.3001 0.9375 0.1764
vn -0.8671 -0.4979 -0.0164
vn -0.0784 0.9917 0.1020
vn -0.2449 0.9662 0.0802
vn -0.4436 0.8588 0.2561
vn 0.3727 0.7527 0.5427
vn -0.1797 -0.9761 0.1219
vn -0.0802 -0.9860 0.1464
vn -0.4978 0.8641 -0.0740
vn 0.0539 0.8237 -0.5644
vn -0.1947 0.9761 -0.0970
vn 0.6044 0.6982 0.3837
vn 0.0079 -0.9923 -0.1233
vn 0.0937 -0.9941 -0.0544
vn 0.9535 -0.2722 0.1297
vn -0.2151 -0.9764 0.0178
vn -0.2796 -0.9600 0.0157
vn -0.3493 0.9355 -0.0532
vn 0.0423 0.7645 -0.6432
vn 0.1022 0.9924 0.0688
vn 0.7871 -0.5234 -0.3264
vn 0.3458 -0.9370 -0.0493
vn 0.2621 -0.9521 -0.1574
vn 0.1810 -0.9830 0.0296
vn -0.1897 0.9802 -0.0567
vn 0.7280 -0.4925 -0.4769
vn -0.7785 0.5130 0.3616
vn 0.3973 0.7937 0.4606
vn -0.2486 0.9542 0.1666
vn 0.3177 0.8210 0.4744
vn -0.2597 -0.9657 0.0081
vn 0.4494 0.7430 0.4960
vn 0.2815 -0.9595 0.0148
vn -0.8430 0.4628 0.2743
vn 0.9183 -0.0709 0.3896
vn 0.4524 -0.8917 0.0153
vn -0.1219 -0.9921 -0.0290
vn 0.2549 0.9183 0.3028
vn 0.7445 -0.6338 -0.2096
vn -0.0661 -0.9910 -0.1163
vn 0.1927 -0.9654 -0.1759
vn 0.2001 0.9483 0.2462
vn -0.4489 -0.8925 0.0433
vn 0.3327 0.8579 0.3915
vn -0.2683 -0.9603 -0.0764
vn 0.8288 -0.4466 -0.3370
vn -0.0935 0.8641 -0.4946
vn 0.1934 0.9770 -0.0900
vn 0.0116 0.9011 -0.4334
vn 0.1151 -0.9900 -0.0813
vn -0.1346 -0.9897 -0.0483
vn -0.3692 -0.9291 -0.0207
vn 0.1426 -0.9896 -0.0165
vn -0.9981 0.0605 -0.0149
vn 0.1718 -0.9838 -0.0506
vn 0.2604 0.9384 0.2271
vn 0.5076 -0.7928 -0.3372
vn -0.9513 0.3053 -0.0435
vn -0.0826 0.9964 0.0204
vn -0.6227 0.6826 0.3825
vn -0.6882 0.6959 -0.2053
vn -0.1759 0.9776 -0.1152
vn -0.7216 0.6546 0.2252
vn -0.5117 -0.8591 -0.0019
vn -0.3808 0.9159 0.1268
vn 0.5055 0.7831 0.3621
vn -0.4877 0.8728 -0.0194
vn 0.0945 0.9914 0.0901
vn -0.0988 0.9943 0.0396
vn 0.6705 -0.6208 -0.4062
vn 0.1610 -0.9611 -0.2243
vn 0.2724 0.8701 0.4108
vn 0.1352 0.9866 -0.0912
vn -0.3461 -0.9334 -0.0952
vn -0.2213 -0.9745 0.0376
vn -0.1939 0.9806 -0.0286
vn -0.8374 0.5457 -0.0320
vn 0.6254 -0.7252 -0.2880
vn -0.2539 -0.9583 -0.1314
vn -0.1159 -0.9445 -0.3075
vn -0.2857 0.9532 -0.0990
vn -0.0791 0.9891 -0.1239
vn 0.6808 -0.6792 0.2742
vn -0.9386 -0.3448 -0.0102
vn -0.1474 -0.9889 0.0204
vn 0.7353 -0.6419 -0.2175
vn 0.2801 -0.9157 -0.2882
vn 0.2636 -0.9566 -0.1241
vn 0.8081 -0.4875 -0.3306
vn 0.4314 0.7790 0.4550
vn 0.1715 -0.9663 -0.1919
vn -0.2955 0.9046 0.3073
vn -0.2996 -0.9502 -0.0861
vn 0.3177 -0.8600 -0.3994
vn -0.7994 0.4046 0.4442
vn 0.2195 0.8897 0.4003
vn 0.0433 0.9795 0.1969
vn 0.0864 -0.9866 -0.1387
vn -0.1154 -0.9931 0.0219
vn 0.9192 -0.2919 -0.2644
vn 0.3263 0.7103 0.6237
vn 0.7244 -0.6508 -0.2273
vn 0.1490 0.8390 0.5233
vn 0.0175 0.9985 0.0520
vn 0.0609 0.9948 0.0821
vn -0.2609 0.9348 0.2410
vn -0.1660 0.9629 0.2127
vn -0.9088 0.2194 0.3550
vn 0.6846 -0.6057 -0.4055
vn 0.4798 0.8760 -0.0484
vn -0.5936 0.7570 0.2731
vn 0.2863 0.9231 0.2569
vn -0.2136 -0.9559 -0.2015
vn 0.3235 0.8524 0.4108
vn -0.3244 0.8935 0.3105
vn -0.0597 0.9030 0.4255
vn 0.0422 0.9797 0.1958
vn 0.2883 -0.9026 -0.3196
vn 0.1248 0.9921 -0.0090
vn -0.4524 -0.8880 0.0824
vn 0.7141 -0.3709 -0.5937
vn 0.3853 0.9216 -0.0480
vn -0.1487 0.9619 0.2295
vn 0.6128 0.7710 -0.1735
vn 0.8580 -0.4488 -0.2497
vn 0.2158 0.7401 0.6370
vn 0.0291 0.8131 0.5814
vn 0.4960 0.7669 0.4072
vn -0.1404 0.9759 0.1671
vn -0.4900 -0.8683 -0.0773
vn -0.3333 -0.9423 -0.0302
vn -0.2539 0.9370 0.2398
vn -0.1667 -0.9860 0.0063
vn -0.1565 0.8936 0.4207
vn -0.5554 0.7958 0.2414
vn -0.3388 0.9271 0.1603
vn -0.1225 -0.9894 0.0786
vn -0.0591 -0.9981 0.0156
vn -0.9186 -0.3948 0.0149
vn -0.9672 0.0451 0.2499
vn 0.2793 0.9588 0.0522
vn 0.5937 -0.3844 -0.7070
vn -0.8014 0.3776 0.4640
vn 0.4194 -0.7344 -0.5336
vn -0.5499 0.7079 0.4434
vn 0.0186 -0.8243 -0.5659
vn 0.2597 0.8313 0.4914
vn 0.4754 -0.8770 0.0694
vn 0.8611 -0.2990 -0.4113
vn 0.6742 -0.2703 -0.6873
vn -0.5544 -0.8315 0.0362
vn 0.4453 -0.4999 -0.7428
vn -0.6399 0.5530 0.5336
vn -0.1272 -0.8684 -0.4793
vn -0.4085 0.7075 0.5767
vn -0.2684 0.6973 0.6646
vn 0.6256 -0.7688 -0.1321
vn -0.1951 -0.9683 -0.1561
vn 0.1313 0.9881 0.0801
vn 0.4141 -0.8366 -0.3586
vn 0.8217 -0.4245 -0.3803
vn -0.2143 -0.9390 -0.2690
vn 0.1172 -0.7170 -0.6871
vn -0.1776 0.7143 0.6769
vn -0.0883 0.6643 0.7423
vn 0.8243 0.0559 0.5634
vn 0.2623 -0.9129 -0.3127
vn 0.1470 -0.9616 -0.2318
vn 0.1341 -0.9621 -0.2374
vn -0.0938 0.9754 0.1994
vn 0.2460 -0.5502 -0.7980
vn -0.8510 0.3756 0.3669
vn -0.0325 -0.8404 -0.5410
vn 0.2096 0.7737 0.5978
vn -0.0047 0.6427 0.7661
vn 0.6098 -0.7691 -0.1912
vn 0.5161 -0.4437 -0.7326
vn 0.3045 0.9492 -0.0799
vn -0.7441 0.2086 0.6347
vn -0.1690 0.9322 0.3202
vn -0.1454 -0.9888 -0.0325
vn 0.5064 0.7753 -0.3776
vn 0.1209 0.9561 -0.2669
vn 0.3638 0.9309 -0.0323
vn 0.2418 0.9698 -0.0315
vn -0.4020 0.4798 0.7799
vn 0.1012 0.9930 0.0613
vn 0.0926 0.6620 0.7438
vn 0.5570 -0.4688 -0.6855
vn -0.5426 0.2939 0.7869
vn -0.0011 -0.9835 -0.1809
vn -0.1667 -0.9378 -0.3046
vn 0.0604 -0.7066 -0.7051
vn -0.1379 0.4901 0.8607
vn -0.8941 0.2701 0.3572
vn -0.3491 -0.9357 0.0509
vn 0.4512 -0.4796 -0.7526
vn 0.3105 -0.5419 -0.7810
vn 0.6801 0.5891 -0.4364
vn 0.2262 -0.5246 -0.8208
vn 0.2261 -0.6950 -0.6825
vn -0.2378 0.5236 0.8181
vn -0.7923 0.4988 0.3513
vn -0.6726 0.6649 0.3249
vn -0.2853 0.9298 0.2325
vn -0.3911 -0.8998 0.1933
vn -0.3853 -0.9154 -0.1164
vn -0.1631 0.4554 0.8752
vn 0.0659 0.7787 0.6240
vn -0.0641 0.5779 0.8136
vn 0.7334 -0.6418 0.2239
vn 0.6465 -0.6871 -0.3316
vn -0.9756 0.2198 -0.0001
vn 0.0647 0.9834 -0.1694
vn 0.2124 0.9729 -0.0910
vn 0.0579 0.9961 -0.0671
vn -0.4938 -0.8683 -0.0461
vn -0.6521 0.6499 0.3904
vn -0.3339 0.4889 0.8059
vn 0.1533 0.9541 0.2574
vn -0.0149 0.6981 0.7159
vn -0.1304 -0.9861 0.1032
vn -0.0921 0.9946 -0.0476
vn -0.3591 0.9076 0.2174
vn -0.1176 0.9841 0.1328
vn -0.1204 0.9456 0.3024
vn -0.5066 0.2791 0.8157
vn -0.4966 0.4011 0.7698
vn 0.1304 -0.9364 -0.3257
vn 0.0051 -0.9815 -0.1914
vn -0.2064 0.4510 0.8683
vn -0.2468 0.6394 0.7282
vn 0.3643 0.8707 0.3303
vn -0.1417 -0.9544 0.2629
vn -0.0929 -0.9810 0.1705
vn -0.1677 -0.9752 0.1442
vn 0.6742 -0.6953 -0.2491
vn 0.0879 0.9918 -0.0932
vn 0.1434 -0.9418 -0.3041
vn -0.7161 0.4184 0.5588
vn -0.3262 0.9295 0.1722
vn 0.3964 0.8722 -0.2866
vn 0.3840 0.9227 -0.0357
vn -0.2892 0.7408 0.6062
vn -0.8689 0.3043 0.3905
vn 0.2207 0.9243 0.3114
vn 0.1441 0.9450 0.2936
vn -0.0038 -0.9971 0.0763
vn 0.5296 -0.7557 -0.3851
vn 0.5748 0.7085 -0.4094
vn -0.2130 -0.9204 -0.3280
vn 0.8163 -0.4003 -0.4164
vn -0.1117 0.7935 0.5982
vn 0.8972 0.0970 0.4309
vn -0.1348 -0.9908 -0.0139
vn 0.1551 -0.9879 0.0084
vn -0.8466 -0.5286 0.0612
vn 0.1460 -0.9515 -0.2710
vn 0.5544 -0.7396 -0.3817
vn -0.7409 0.5248 0.4191
vn 0.6711 -0.6202 -0.4062
vn -0.2847 0.8942 0.3455
vn -0.6235 0.5489 0.5568
vn 0.2546 -0.9099 -0.3276
vn -0.4334 0.7227 0.5385
vn -0.1188 0.8672 0.4836
vn -0.0868 0.9502 0.2992
vn 0.2691 -0.9402 -0.2089
vn 0.3531 -0.8731 -0.3361
vn 0.3499 0.8889 -0.2957
vn -0.0204 0.9971 -0.0729
vn -0.2100 0.9774 -0.0259
vn 0.0132 0.9156 0.4019
vn -0.7997 0.5852 0.1344
vn 0.6657 -0.7335 -0.1373
vn -0.7540 0.5974 0.2732
vn -0.5236 -0.8294 -0.1949
vn 0.6579 -0.7501 -0.0665
vn -0.0415 0.9852 0.1665
vn 0.3728 -0.9158 -0.1494
vn -0.1211 -0.9745 0.1891
vn -0.2374 -0.9480 0.2122
vn 0.1250 -0.9921 -0.0122
vn -0.1407 -0.9615 0.2361
vn 0.4248 -0.8829 -0.2003
vn -0.0131 -0.9987 -0.0495
vn -0.1863 0.9060 0.3800
vn -0.0870 0.9849 0.1493
vn -0.1428 0.9314 0.3349
vn -0.3444 0.9135 0.2164
vn 0.7682 -0.6249 -0.1391
vn 0.1366 -0.9896 0.0453
vn 0.6390 -0.7638 -0.0909
vn 0.0725 0.9772 -0.1996
vn 0.3882 0.8583 -0.3356
vn 0.7006 0.6310 -0.3332
vn 0.1559 -0.9628 -0.2207
vn 0.2893 0.8907 -0.3507
vn -0.1060 -0.9740 -0.2000
vn 0.7306 -0.5918 -0.3404
vn 0.9959 -0.0880 -0.0200
vn -0.4658 0.7648 0.4452
vn 0.0581 0.9677 -0.2453
vn -0.1072 -0.9314 -0.3478
vn -0.8157 0.3774 0.4384
vn -0.3306 0.8416 0.4272
vn -0.0529 0.9884 -0.1422
vn -0.1093 0.9876 0.1127
vn 0.9467 0.2559 0.1958
vn -0.2018 -0.9244 0.3235
vn -0.1822 -0.9521 0.2456
vn 0.1879 -0.9528 -0.2385
vn -0.1921 0.9802 -0.0483
vn -0.5312 -0.8230 -0.2013
vn -0.6676 0.6327 0.3925
vn 0.8006 -0.3285 -0.5012
vn 0.7769 -0.4528 -0.4375
vn 0.2441 -0.8905 -0.3840
vn 0.2791 -0.9159 -0.2885
vn -0.2138 0.7950 0.5676
vn 0.4637 0.8848 -0.0461
vn 0.1971 0.9680 0.1554
vn -0.7182 0.4709 0.5123
vn 0.2606 -0.9489 -0.1778
vn 0.4065 -0.9134 -0.0220
vn -0.2329 0.8641 0.4462
vn -0.7974 0.3364 0.5009
vn 0.0399 -0.9804 0.1928
vn 0.6886 -0.6702 -0.2769
vn 0.0993 -0.9799 -0.1732
vn 0.0047 0.9446 -0.3283
vn 0.1469 0.9403 -0.3070
vn -0.1518 0.9608 0.2318
vn -0.4996 -0.8662 -0.0137
vn -0.4996 0.7227 0.4777
vn -0.3834 0.7986 0.4638
vn -0.9972 -0.0151 0.0734
vn 0.1626 -0.9866 -0.0135
vn -0.5597 0.8223 0.1026
vn 0.3521 -0.8212 -0.4490
vn 0.6774 0.6622 -0.3203
vn 0.3506 -0.9359 -0.0349
vn 0.1326 -0.9743 0.1823
vn -0.9409 0.3334 0.0594
vn -0.4779 0.8781 -0.0218
vn 0.1397 -0.9828 -0.1206
vn 0.0973 0.8746 -0.4750
vn 0.0074 0.9217 -0.3879
vn -0.1092 0.9549 -0.2761
vn 0.0702 0.9711 -0.2281
vn -0.2505 0.9586 -0.1355
vn 0.6161 -0.7408 -0.2675
vn -0.5913 0.7323 0.3379
vn -0.2423 -0.8553 -0.4580
vn -0.1699 0.9151 0.3657
vn -0.1671 -0.9235 0.3454
vn 0.6903 -0.6275 0.3603
vn 0.2519 0.9608 -0.1161
vn 0.3478 -0.7824 -0.5166
vn -0.0960 -0.9022 -0.4206
vn 0.1579 0.9166 0.3674
vn -0.0264 -0.9497 0.3119
vn -0.0728 -0.9688 0.2367
vn 0.2453 0.8334 -0.4952
vn 0.9117 0.4061 -0.0621
vn -0.6212 0.6332 0.4618
vn 0.0794 -0.9787 0.1895
vn 0.6298 -0.6826 -0.3708
vn -0.1934 -0.9169 0.3491
vn -0.2667 -0.9509 0.1572
vn 0.0608 -0.9829 0.1735
vn -0.5382 -0.8149 0.2151
vn 0.6822 -0.6135 -0.3978
vn 0.0906 0.9752 -0.2020
vn -0.2537 -0.9518 -0.1726
vn 0.2445 -0.8163 -0.5233
vn 0.1936 -0.8832 -0.4271
vn 0.2385 0.9309 0.2767
vn -0.4195 0.9020 -0.1020
vn 0.7810 -0.3517 -0.5160
vn 0.3163 0.8237 0.4706
vn 0.1226 0.9198 -0.3728
vn -0.3685 -0.6912 0.6216
vn -0.1580 -0.8894 -0.4290
vn -0.2684 0.7586 0.5937
vn -0.1995 0.9717 -0.1267
vn -0.3189 0.9208 0.2247
vn 0.1749 -0.7826 -0.5974
vn 0.0707 -0.9806 -0.1831
vn 0.5524 0.8116 0.1899
vn -0.7410 0.4077 0.5336
vn 0.5668 0.8076 0.1626
vn 0.0393 0.9976 0.0565
vn 0.9598 0.2112 0.1850
vn -0.3120 -0.9387 0.1467
vn 0.1655 -0.9641 0.2075
vn -0.6261 0.7009 0.3418
vn 0.6222 -0.0472 0.7814
vn 0.3653 -0.7691 -0.5245
vn 0.3500 -0.8098 -0.4709
vn -0.0751 -0.9954 0.0591
vn 0.0603 0.6222 0.7805
vn -0.4753 0.5344 0.6990
vn 0.1468 0.9080 0.3924
vn 0.0153 0.9220 0.3868
vn 0.4308 -0.8850 -0.1764
vn 0.2985 -0.9419 -0.1542
vn 0.5064 -0.8163 -0.2778
vn -0.0774 0.9122 -0.4024
vn -0.6858 -0.7072 0.1719
vn 0.1636 0.8196 -0.5490
vn 0.0549 0.9947 -0.0871
vn 0.0762 0.9964 -0.0376
vn -0.0912 -0.5117 0.8543
vn -0.5330 0.7585 0.3749
vn 0.3948 -0.9177 0.0442
vn -0.2428 0.7267 0.6426
vn 0.4094 0.7506 0.5186
vn -0.0304 0.3154 0.9485
vn -0.3567 0.8166 0.4538
vn -0.3433 0.8528 0.3935
vn -0.1606 -0.9080 0.3871
vn -0.0417 0.9093 -0.4140
vn -0.0260 0.8998 -0.4356
vn 0.1395 0.9353 -0.3253
vn -0.5528 -0.8272 -0.1010
vn -0.0169 -0.7897 -0.6133
vn -0.7162 0.3015 0.6294
vn 0.8994 -0.3190 0.2990
vn -0.0079 0.9873 -0.1588
vn 0.6860 -0.5597 -0.4649
vn 0.5266 0.4632 0.7128
vn -0.5220 -0.6306 0.5742
vn -0.3482 -0.1311 0.9282
vn -0.1621 -0.8137 -0.5582
vn 0.1856 0.2710 0.9445
vn -0.7183 -0.3722 0.5879
vn -0.5893 -0.8072 0.0353
vn -0.2343 0.7952 0.5592
vn 0.6989 -0.3621 -0.6168
vn 0.3875 0.8345 0.3918
vn 0.5875 0.7370 0.3342
vn 0.2368 0.8681 0.4362
vn -0.1390 -0.8742 0.4652
vn -0.8581 -0.4616 0.2247
vn 0.1539 -0.9280 0.3393
vn -0.0279 -0.9946 0.1001
vn -0.3146 0.9326 0.1768
vn -0.2123 -0.8260 0.5221
vn -0.5228 -0.7816 -0.3401
vn -0.6571 0.5672 0.4965
vn -0.2599 0.8124 0.5220
vn -0.2727 0.8477 0.4549
vn -0.7098 0.3584 0.6064
vn 0.0256 0.7574 0.6524
vn -0.1221 -0.8766 0.4654
vn 0.5452 -0.7196 -0.4300
vn 0.0297 0.9082 -0.4174
vn -0.0692 0.9871 0.1444
vn -0.8996 -0.3438 0.2693
vn -0.3377 0.9369 0.0904
vn -0.7596 0.3570 0.5437
vn -0.3410 0.7790 0.5262
vn -0.4861 0.8592 -0.1596
vn -0.5333 0.5769 0.6186
vn -0.1019 -0.9609 0.2573
vn 0.1086 -0.9925 -0.0570
vn -0.5318 -0.7919 -0.3002
vn 0.8446 0.3737 0.3834
vn -0.4526 -0.8835 -0.1208
vn 0.1515 0.8699 -0.4694
vn -0.8419 -0.5393 -0.0183
vn 0.1959 -0.8024 -0.5638
vn 0.1818 -0.9801 0.0793
vn 0.7133 0.6778 0.1783
vn 0.7488 -0.3758 -0.5459
vn -0.0079 -0.9554 0.2951
vn -0.4288 0.7635 0.4829
vn -0.4956 0.8034 0.3301
vn -0.4153 0.7958 0.4408
vn 0.1094 0.7902 0.6030
vn 0.2808 -0.9347 -0.2180
vn 0.0821 0.9293 -0.3601
vn 0.1782 0.7932 -0.5823
vn -0.5002 -0.8658 0.0122
vn -0.0368 0.9652 0.2588
vn -0.1794 0.9829 -0.0412
vn 0.6520 0.7436 0.1485
vn 0.8741 -0.2633 -0.4082
vn 0.1136 -0.8983 0.4245
vn -0.9838 0.1302 0.1229
vn -0.0096 -0.9762 0.2165
vn 0.3386 -0.7829 -0.5219
vn 0.2616 0.8116 -0.5225
vn 0.5440 -0.8123 -0.2103
vn -0.0498 -0.8799 -0.4725
vn 0.6212 0.7132 0.3248
vn -0.2191 0.9629 0.1576
vn -0.4963 0.5358 0.6831
vn 0.7390 0.6726 0.0376
vn 0.1490 0.8166 0.5576
vn 0.0074 -0.9947 0.1022
vn 0.0627 -0.9256 0.3734
vn 0.0393 -0.9992 0.0083
vn -0.0259 -0.8872 0.4607
vn 0.0234 -0.9636 -0.2662
vn 0.0166 0.9029 -0.4296
vn -0.0247 0.9114 -0.4108
vn 0.3202 -0.9467 -0.0348
vn -0.3330 0.9254 0.1811
vn 0.5301 0.8044 0.2682
vn 0.7495 0.4798 0.4562
vn -0.6648 0.3455 0.6623
vn -0.1212 0.7396 0.6620
vn -0.0698 0.9947 -0.0759
vn 0.0856 -0.9957 0.0344
vn 0.2615 -0.8695 -0.4191
vn 0.0299 0.9995 -0.0104
vn 0.0900 -0.9579 -0.2725
vn 0.4864 -0.8599 0.1547
vn 0.0514 0.9376 0.3440
vn -0.5910 0.7985 -0.1143
vn -0.3704 0.4710 0.8006
vn -0.0863 -0.8014 0.5918
vn 0.4229 -0.8674 -0.2622
vn -0.0339 -0.9070 0.4198
vn -0.3356 -0.9196 0.2040
vn 0.1488 0.9486 -0.2795
vn 0.6876 -0.6860 -0.2378
vn -0.7892 -0.6135 -0.0280
vn 0.3173 -0.8148 -0.4852
vn 0.1362 0.8480 -0.5122
vn 0.9442 -0.1774 -0.2775
vn -0.2933 0.9504 -0.1037
vn 0.1427 0.8295 -0.5400
vn 0.2115 0.7442 -0.6336
vn 0.0225 -0.7999 -0.5997
vn -0.9227 -0.1126 0.3686
vn -0.3794 -0.9239 -0.0486
vn -0.1079 0.9932 0.0432
vn 0.6930 0.3940 0.6037
vn -0.1444 0.9855 0.0887
vn -0.1211 0.9225 -0.3665
vn -0.3266 0.8641 0.3830
vn -0.3308 0.9371 0.1113
vn -0.3344 0.8109 0.4802
vn 0.4448 0.8956 -0.0016
vn 0.9379 0.1622 0.3066
vn -0.5397 -0.8079 0.2365
vn -0.0502 -0.8814 0.4696
vn 0.3023 -0.9134 -0.2724
vn 0.0247 0.9841 -0.1758
vn 0.1023 0.9654 -0.2397
vn 0.1180 0.9456 -0.3031
vn -0.0591 -0.9889 0.1360
vn -0.3540 0.9345 0.0363
vn -0.1837 0.7423 0.6444
vn -0.7754 -0.5892 0.2274
vn 0.0900 -0.9071 0.4112
vn -0.3115 0.8734 0.3743
vn -0.0085 0.9287 -0.3707
vn 0.0920 -0.7906 -0.6054
vn 0.7359 0.6719 0.0840
vn -0.0425 0.8152 0.5776
vn -0.5071 -0.8210 -0.2623
vn -0.4706 0.8642 0.1779
vn 0.4976 0.8563 0.1383
vn -0.0943 0.9750 -0.2012
vn -0.1422 0.9802 -0.1379
vn -0.0226 0.5708 0.8208
vn 0.0460 0.9974 -0.0563
vn 0.3637 -0.9282 -0.0785
vn 0.1717 0.9564 -0.2362
vn -0.2733 0.9248 0.2649
vn -0.5764 0.6222 0.5297
vn 0.2000 -0.9798 -0.0070
vn -0.9099 0.4032 0.0978
vn 0.7972 -0.5983 0.0805
vn -0.0790 -0.8553 0.5120
vn 0.0605 0.9981 -0.0079
vn -0.6237 -0.7804 -0.0448
vn -0.0244 0.8842 -0.4665
vn -0.7229 0.0737 0.6870
vn -0.0310 -0.8751 0.4830
vn -0.1842 -0.7770 0.6020
vn -0.0087 -0.9958 0.0911
vn 0.2180 -0.9759 -0.0037
vn 0.1490 -0.9468 0.2851
vn 0.1189 -0.8918 -0.4365
vn -0.7189 -0.4260 0.5493
vn 0.2558 0.6221 -0.7400
vn 0.3240 -0.9433 0.0722
vn 0.8723 -0.4527 -0.1847
vn -0.2828 0.5289 0.8002
vn -0.0678 -0.9903 0.1211
vn 0.1998 -0.9183 -0.3419
vn -0.6561 -0.7342 -0.1748
vn -0.3469 0.9241 0.1604
vn -0.2964 0.9236 0.2432
vn -0.1431 0.9879 -0.0591
vn 0.7512 0.6008 0.2734
vn 0.1122 0.9904 -0.0806
vn -0.2674 0.8955 0.3559
vn -0.0680 0.2864 0.9557
vn -0.1991 0.8610 0.4681
vn -0.2200 0.8703 0.4407
vn -0.0044 0.9242 0.3820
vn 0.5687 0.8083 0.1524
vn 0.2717 0.9549 0.1196
vn -0.1859 -0.9625 0.1975
vn -0.1235 -0.8020 0.5845
vn 0.1813 0.9750 -0.1287
vn -0.3234 0.6460 0.6914
vn 0.1694 0.6962 -0.6976
vn 0.5227 -0.8516 0.0395
vn -0.0971 0.9789 0.1797
vn 0.7206 0.6781 0.1445
vn -0.5161 0.8503 -0.1029
vn 0.2199 -0.9594 -0.1766
vn -0.0823 -0.9578 0.2752
vn -0.6693 0.7369 0.0946
vn -0.6925 -0.6926 -0.2016
vn 0.0816 -0.8890 -0.4505
vn -0.0728 0.9931 0.0916
vn 0.1360 0.9824 -0.1281
vn -0.5669 -0.8209 -0.0696
vn -0.1215 -0.9799 -0.1581
vn 0.0100 -0.9988 -0.0469
vn 0.1596 -0.9529 -0.2577
vn -0.0163 -0.9849 0.1724
vn 0.9699 0.1601 0.1834
vn -0.1841 -0.5877 0.7878
vn 0.1986 0.7415 -0.6409
vn 0.0048 0.7399 -0.6727
vn 0.9114 -0.0362 0.4099
vn -0.3806 0.9231 0.0548
vn -0.6245 0.7740 -0.1040
vn -0.9555 -0.2192 0.1973
vn -0.0715 -0.9221 0.3802
vn -0.4371 0.7455 0.5033
vn -0.1801 0.8619 0.4741
vn -0.0010 -0.9986 0.0528
vn -0.0018 -0.9821 -0.1883
vn -0.2337 -0.6170 0.7515
vn 0.0980 -0.8202 0.5636
vn 0.2326 -0.9263 -0.2965
vn -0.2216 0.9206 0.3216
vn 0.0319 0.9861 0.1629
vn -0.2755 0.9613 -0.0002
vn 0.0808 0.6861 0.7230
vn 0.1773 -0.9008 -0.3964
vn -0.2737 0.0242 0.9615
vn -0.1930 0.9493 0.2480
vn 0.2410 0.9697 -0.0392
vn 0.0155 0.9946 0.1029
vn -0.2645 0.9280 -0.2624
vn -0.2577 0.8780 0.4035
vn -0.1160 -0.8050 0.5818
vn -0.0639 -0.9922 -0.1074
vn -0.1611 -0.9866 0.0247
vn 0.4120 -0.8933 -0.1796
vn 0.0542 0.9440 0.3256
vn -0.4449 0.5712 0.6898
vn 0.1031 -0.9534 -0.2836
vn 0.1035 -0.9944 0.0228
vn 0.8105 -0.5718 0.1269
vn 0.0447 -0.7980 0.6010
vn -0.0387 -0.7446 0.6663
vn 0.0940 -0.8852 0.4557
vn 0.0977 0.9952 0.0022
vn 0.8751 -0.0733 0.4784
vn 0.2581 0.9446 -0.2026
vn 0.3603 0.6007 -0.7137
vn 0.2140 0.7081 -0.6729
vn 0.0539 -0.9944 -0.0908
vn 0.2372 -0.8663 -0.4396
vn -0.0360 0.9927 -0.1154
vn -0.0987 -0.9487 -0.3003
vn 0.4083 -0.9112 0.0543
vn -0.1878 0.9755 0.1146
vn -0.6847 -0.7250 -0.0751
vn 0.7139 -0.6994 0.0364
vn 0.1745 0.9050 -0.3879
vn 0.3691 -0.9191 -0.1378
vn 0.1118 0.8052 0.5824
vn 0.0677 -0.9878 0.1405
vn -0.5935 -0.8039 -0.0384
vn 0.0678 -0.9179 -0.3910
vn 0.5300 -0.8478 0.0200
vn -0.0394 0.9986 0.0347
vn -0.2188 0.9680 0.1232
vn -0.4161 -0.8678 -0.2714
vn -0.0957 0.9300 -0.3549
vn -0.7070 0.7049 0.0578
vn -0.0919 0.9946 -0.0477
vn 0.0164 -0.9467 -0.3217
vn -0.2426 -0.6375 0.7312
vn 0.2870 -0.8787 -0.3815
vn -0.2830 -0.2016 0.9377
vn 0.0936 0.9556 0.2794
vn -0.1074 0.9033 0.4153
vn -0.1903 0.8797 0.4359
vn -0.1081 0.8066 0.5811
vn 0.2665 0.8914 0.3666
vn -0.1323 0.9460 0.2959
vn -0.0349 -0.9160 -0.3996
vn -0.2444 -0.9474 0.2068
vn -0.4595 0.8849 0.0759
vn -0.8531 -0.4260 0.3012
vn -0.2347 -0.6377 0.7337
vn -0.1786 0.9452 0.2732
vn 0.1107 -0.9815 0.1559
vn 0.5749 -0.8168 -0.0481
vn -0.5388 -0.8029 -0.2550
vn 0.3209 -0.9190 -0.2290
vn -0.5044 0.6746 0.5390
vn -0.5740 0.8158 0.0702
vn -0.5506 0.8343 0.0286
vn -0.4749 -0.8249 0.3068
vn -0.2495 -0.9455 -0.2091
vn -0.2043 -0.8599 0.4678
vn -0.0066 -0.7233 0.6906
vn -0.3096 -0.1983 0.9300
vn 0.5133 0.7764 0.3656
vn 0.2000 -0.9365 -0.2880
vn -0.7450 0.6558 0.1218
vn 0.1425 -0.9272 -0.3465
vn 0.2263 -0.9730 0.0446
vn -0.0103 0.9913 0.1311
vn -0.0921 0.9211 0.3781
vn 0.4148 0.9027 -0.1145
vn 0.4848 0.5512 0.6791
vn -0.1605 -0.8947 -0.4167
vn 0.3511 0.7692 -0.5339
vn 0.2247 -0.8995 -0.3747
vn -0.0531 -0.9985 0.0114
vn 0.1104 0.9931 -0.0396
vn 0.8494 0.5215 0.0805
vn 0.7478 -0.5101 0.4250
vn -0.1523 0.9144 0.3751
vn -0.0938 0.8413 0.5324
vn 0.0007 -0.7301 0.6834
vn 0.5147 -0.8378 -0.1819
vn -0.0906 0.9252 0.3686
vn 0.1283 0.8888 0.4399
vn 0.4426 0.8725 -0.2068
vn 0.5023 0.7070 -0.4979
vn 0.3450 0.8359 -0.4269
vn -0.3091 0.9446 0.1101
vn -0.5290 -0.8484 -0.0196
vn -0.3881 -0.8663 0.3146
vn -0.1004 0.8343 0.5421
vn -0.3064 0.8181 0.4867
vn -0.4979 0.1891 0.8464
vn -0.5530 0.4064 0.7273
vn -0.3134 -0.7276 0.6102
vn -0.3956 0.8106 0.4317
vn -0.2954 -0.8134 -0.5011
vn -0.2908 -0.9408 -0.1742
vn -0.8097 -0.3269 0.4874
vn 0.7302 0.6709 0.1290
vn -0.7377 0.6725 0.0586
vn -0.1623 -0.5487 0.8201
vn -0.6942 0.7196 -0.0168
vn 0.2491 0.8134 0.5256
vn 0.1198 -0.9927 0.0149
vn 0.0532 -0.9684 -0.2435
vn 0.0513 -0.9986 0.0089
vn 0.9443 -0.2623 0.1989
vn -0.0604 0.9711 0.2310
vn -0.4861 -0.7717 0.4102
vn 0.2672 0.8974 0.3511
vn 0.3169 0.9467 0.0583
vn 0.2663 0.9218 0.2817
vn 0.3570 -0.8742 -0.3292
vn 0.5181 0.3868 0.7629
vn -0.4583 -0.6460 0.6104
vn -0.0641 -0.5051 0.8607
vn -0.5144 0.7347 0.4423
vn 0.0094 -0.9407 -0.3391
vn -0.5947 0.7122 0.3729
vn -0.4057 -0.9071 0.1125
vn 0.1087 0.9918 0.0665
vn -0.0662 0.9783 0.1966
vn 0.3739 0.9222 -0.0992
vn -0.0144 0.9202 0.3912
vn -0.0956 -0.8245 -0.5578
vn 0.0018 0.9953 0.0970
vn -0.4289 -0.8233 -0.3717
vn 0.7732 0.5959 0.2168
vn -0.3552 -0.2046 0.9121
vn 0.3248 0.9331 0.1542
vn -0.0457 0.9249 0.3774
vn 0.0704 -0.9934 -0.0902
vn 0.6377 -0.4789 0.6034
vn 0.0250 0.8427 0.5377
vn 0.1036 0.9722 0.2100
vn 0.5819 -0.7997 -0.1482
vn -0.2539 -0.1258 0.9590
vn -0.1987 0.9217 0.3332
vn 0.1188 0.8565 0.5023
vn -0.2724 -0.9588 -0.0809
vn -0.0768 -0.9813 0.1763
vn -0.0166 -0.9683 -0.2492
vn 0.5140 -0.8394 -0.1770
vn -0.1963 0.9246 0.3266
vn 0.5149 0.7443 0.4252
vn -0.0778 -0.9957 -0.0494
vn 0.3001 -0.9306 0.2095
vn -0.2515 0.8981 0.3608
vn -0.3038 0.2701 0.9136
vn -0.2584 0.4181 0.8709
vn -0.3868 -0.9102 0.1477
vn -0.5775 0.7885 0.2115
vn 0.4652 0.8784 -0.1097
vn -0.5899 -0.2918 0.7529
vn -0.4293 0.8924 0.1392
vn -0.3607 -0.8150 0.4535
vn -0.0339 -0.9874 -0.1544
vn -0.5427 -0.6257 0.5603
vn 0.3801 -0.8902 0.2510
vn -0.1856 -0.8828 -0.4316
vn 0.3093 0.6796 0.6652
vn -0.1854 -0.8055 -0.5628
vn -0.6332 -0.5864 0.5052
vn -0.5953 0.8015 0.0574
vn -0.0319 0.8933 0.4483
vn 0.3445 -0.9204 -0.1850
vn 0.1503 0.6568 0.7389
vn -0.3016 -0.9384 -0.1686
vn 0.9442 -0.0810 0.3193
vn -0.4850 -0.8295 0.2769
vn 0.4123 0.8423 0.3471
vn -0.7718 0.6346 0.0395
vn 0.2243 0.7776 0.5873
vn -0.4218 -0.8439 0.3315
vn 0.0114 0.9794 0.2017
vn -0.4041 0.8375 0.3679
vn 0.1281 -0.9809 -0.1462
vn 0.1636 -0.9784 -0.1261
vn -0.3227 0.8019 0.5028
vn 0.4787 0.7525 0.4524
vn 0.1976 0.7606 0.6185
vn -0.2632 0.5769 0.7733
vn 0.3241 -0.9169 -0.2328
vn 0.3737 -0.9167 -0.1411
vn 0.0508 0.9728 0.2258
vn 0.3388 0.7339 0.5888
vn -0.2379 -0.8853 0.3996
vn -0.0914 -0.9906 0.1021
vn -0.5933 0.1426 0.7922
vn 0.1160 -0.9929 0.0278
vn 0.0197 -0.9838 0.1779
vn -0.0281 -0.9915 -0.1270
vn 0.4904 0.8600 0.1408
vn 0.2188 0.8740 0.4338
vn 0.2105 -0.9628 0.1693
vn 0.5875 -0.1550 0.7942
vn 0.0284 0.9671 0.2526
vn -0.5281 -0.6970 0.4851
vn -0.7222 0.6696 0.1736
vn -0.5694 0.2285 0.7897
vn -0.5088 -0.0800 0.8572
vn -0.1571 0.7654 0.6241
vn -0.0181 0.9818 0.1888
vn -0.5140 0.6305 0.5816
vn 0.2527 -0.8523 -0.4579
vn 0.3846 -0.9209 -0.0632
vn 0.6563 -0.5045 0.5610
vn 0.8242 0.1811 0.5366
vn -0.2590 0.8743 0.4104
vn -0.1670 -0.8225 0.5436
vn 0.1494 -0.9322 0.3298
vn 0.4213 0.6899 0.5886
vn 0.4860 -0.5367 0.6897
vn -0.0360 0.9782 0.2048
vn -0.4222 -0.7571 0.4986
vn 0.4110 0.8755 0.2540
vn -0.3099 -0.8022 0.5103
vn -0.2687 0.7491 0.6055
vn 0.3767 0.5763 0.7252
vn -0.5952 -0.3855 0.7051
vn -0.3313 0.8397 0.4302
vn 0.5682 0.6139 0.5480
vn -0.0167 0.9135 0.4066
vn 0.5377 -0.8212 -0.1912
vn -0.4375 0.8881 0.1408
vn -0.4869 0.6028 0.6321
vn 0.6303 0.4800 0.6101
vn -0.1374 0.6362 0.7592
vn 0.4702 0.7157 0.5164
vn 0.2217 0.7311 0.6452
vn -0.0356 -0.2093 0.9772
vn -0.3198 -0.1833 0.9296
vn 0.0178 -0.9809 -0.1937
vn -0.0913 -0.8341 -0.5439
vn 0.5110 0.8130 0.2791
vn 0.2279 -0.2296 0.9462
vn 0.2361 -0.8582 0.4558
vn 0.4245 -0.8536 -0.3021
vn 0.0050 0.9553 0.2957
vn -0.1237 0.8791 0.4603
vn 0.2333 0.7944 0.5608
vn 0.3635 0.7119 0.6009
vn 0.0836 0.7303 0.6780
vn 0.1689 -0.9838 -0.0596
vn 0.1455 -0.9790 0.1430
vn -0.1842 0.9466 0.2647
vn -0.0665 -0.9268 -0.3697
vn 0.3802 0.5391 0.7516
vn 0.1701 -0.8652 0.4716
vn 0.1816 -0.1431 0.9729
vn -0.0959 -0.2593 0.9610
vn -0.3126 -0.4285 0.8478
vn -0.1375 0.2876 0.9478
vn -0.3768 -0.1942 0.9057
vn 0.3167 -0.9215 -0.2248
vn -0.4252 -0.5347 0.7302
vn -0.2230 -0.9318 0.2865
vn -0.2974 0.4955 0.8161
vn 0.1024 -0.9200 -0.3783
vn 0.0785 0.7025 0.7073
vn -0.2512 -0.3427 0.9052
vn 0.1604 0.3750 0.9130
vn 0.3918 -0.8185 0.4201
vn 0.5957 0.0195 0.8029
vn 0.1504 0.7243 0.6728
vn 0.0759 -0.9792 0.1881
vn -0.1297 -0.3203 0.9384
vn 0.2832 -0.0528 0.9576
vn -0.6466 0.7082 0.2836
vn 0.1640 -0.9681 0.1895
vn 0.1454 0.7797 0.6091
vn -0.3723 0.7023 0.6068
vn -0.1206 0.3486 0.9295
vn 0.3068 0.6570 0.6887
vn -0.0423 -0.9707 0.2367
vn -0.3380 0.0153 0.9410
vn -0.2228 -0.8225 0.5234
vn -0.5053 0.7428 0.4393
vn -0.0916 0.7099 0.6983
vn 0.0387 -0.9978 -0.0542
vn -0.0201 0.6501 0.7596
vn -0.1017 0.8365 0.5385
vn 0.1458 -0.9636 0.2241
vn 0.4147 -0.4283 0.8029
vn -0.1027 -0.5055 0.8567
vn -0.1781 0.1142 0.9774
vn 0.1988 -0.8445 0.4974
vn 0.3193 0.4249 0.8470
vn -0.3095 0.4845 0.8182
vn -0.0060 -0.6771 0.7359
vn -0.1071 0.3139 0.9434
vn -0.2948 0.4286 0.8540
vn 0.1149 0.4813 0.8690
vn -0.1769 0.3796 0.9081
vn 0.0825 -0.9521 0.2943
vn -0.1228 -0.2170 0.9684
vn 0.2596 -0.0363 0.9650
vn -0.0216 -0.4323 0.9015
vn 0.0903 -0.3797 0.9207
vn -0.0247 0.3066 0.9515
vt 0.767814 0.605404
vt 0.756806 0.615796
vt 0.756278 0.608099
vt 0.452420 0.541082
vt 0.460136 0.545062
vt 0.458871 0.569210
vt 0.462615 0.560540
vt 0.765334 0.611477
vt 0.759465 0.617800
vt 0.462530 0.580754
vt 0.461561 0.591493
vt 0.454694 0.589209
vt 0.784314 0.591335
vt 0.787865 0.593784
vt 0.776166 0.600688
vt 0.453878 0.570611
vt 0.463744 0.543471
vt 0.771385 0.595298
vt 0.783342 0.601782
vt 0.447642 0.592576
vt 0.471565 0.571785
vt 0.457188 0.605338
vt 0.463932 0.592891
vt 0.762915 0.621120
vt 0.427863 0.565711
vt 0.468607 0.595812
vt 0.460287 0.608663
vt 0.381828 0.286814
vt 0.379646 0.283473
vt 0.387098 0.274592
vt 0.760096 0.585229
vt 0.469748 0.543268
vt 0.396558 0.263034
vt 0.405228 0.247220
vt 0.410936 0.249236
vt 0.394520 0.258953
vt 0.388625 0.266490
vt 0.780489 0.578011
vt 0.419695 0.235944
vt 0.412786 0.231014
vt 0.395856 0.279751
vt 0.656546 0.461955
vt 0.661421 0.467372
vt 0.645919 0.468171
vt 0.797474 0.583332
vt 0.795904 0.594932
vt 0.416004 0.262064
vt 0.419886 0.240032
vt 0.405930 0.241310
vt 0.396924 0.243495
vt 0.383909 0.266510
vt 0.473518 0.609118
vt 0.374580 0.279854
vt 0.424977 0.252086
vt 0.169963 0.847677
vt 0.162608 0.849490
vt 0.154881 0.832946
vt 0.911105 0.772709
vt 0.924704 0.767036
vt 0.925666 0.774240
vt 0.306099 0.136156
vt 0.317894 0.122310
vt 0.321260 0.139589
vt 0.656464 0.471215
vt 0.769054 0.626313
vt 0.544360 0.802716
vt 0.562169 0.795385
vt 0.562169 0.812000
vt 0.549256 0.795636
vt 0.732036 0.596026
vt 0.791035 0.610599
vt 0.424756 0.597162
vt 0.577081 0.802488
vt 0.550921 0.792235
vt 0.897541 0.788929
vt 0.329659 0.128871
vt 0.910837 0.770066
vt 0.534052 0.819957
vt 0.588513 0.797334
vt 0.484926 0.597399
vt 0.323018 0.107596
vt 0.306533 0.107417
vt 0.667063 0.470726
vt 0.670820 0.476715
vt 0.665096 0.489662
vt 0.398990 0.230152
vt 0.927004 0.793231
vt 0.479027 0.542659
vt 0.387276 0.238109
vt 0.589794 0.778961
vt 0.893587 0.811392
vt 0.896620 0.779496
vt 0.591198 0.808676
vt 0.892026 0.774354
vt 0.923071 0.759268
vt 0.547579 0.844186
vt 0.487552 0.571892
vt 0.543880 0.776933
vt 0.361521 0.272987
vt 0.372018 0.259216
vt 0.337041 0.112362
vt 0.752458 0.571544
vt 0.770068 0.573815
vt 0.903321 0.762698
vt 0.574310 0.823361
vt 0.490006 0.605881
vt 0.875070 0.796785
vt 0.791221 0.628985
vt 0.772050 0.635245
vt 0.426403 0.286459
vt 0.572050 0.772516
vt 0.898243 0.830696
vt 0.875587 0.778601
vt 0.671554 0.458849
vt 0.675258 0.475125
vt 0.137859 0.846237
vt 0.490734 0.546742
vt 0.546559 0.746051
vt 0.882551 0.775283
vt 0.678948 0.492691
vt 0.516179 0.628554
vt 0.496070 0.633006
vt 0.492898 0.628836
vt 0.541454 0.917118
vt 0.550770 0.898834
vt 0.547966 0.939001
vt 0.362065 0.119223
vt 0.683588 0.490341
vt 0.797773 0.618264
vt 0.959538 0.736808
vt 0.944521 0.743969
vt 0.939598 0.716048
vt 0.538215 0.922701
vt 0.554408 0.912487
vt 0.397983 0.802112
vt 0.382254 0.804537
vt 0.388027 0.795996
vt 0.890641 0.761435
vt 0.681776 0.467374
vt 0.138087 0.820840
vt 0.160586 0.810956
vt 0.925248 0.732537
vt 0.501079 0.569598
vt 0.362648 0.257339
vt 0.510390 0.634678
vt 0.525237 0.629311
vt 0.544890 0.945976
vt 0.675263 0.182426
vt 0.668344 0.186558
vt 0.676305 0.174950
vt 0.377813 0.777426
vt 0.401818 0.789783
vt 0.396187 0.807593
vt 0.375892 0.812414
vt 0.874433 0.770651
vt 0.904694 0.746438
vt 0.129848 0.830832
vt 0.959344 0.703931
vt 0.672449 0.169840
vt 0.479220 0.657078
vt 0.559305 0.934675
vt 0.454533 0.237719
vt 0.467668 0.242258
vt 0.447701 0.255763
vt 0.478817 0.645022
vt 0.483138 0.614642
vt 0.158767 0.013147
vt 0.149873 0.018282
vt 0.160007 0.005171
vt 0.235035 0.019491
vt 0.252704 0.007501
vt 0.261327 0.021019
vt 0.686673 0.482516
vt 0.148943 0.789141
vt 0.505351 0.593455
vt 0.050005 0.758143
vt 0.063691 0.769140
vt 0.043976 0.782438
vt 0.481303 0.915152
vt 0.480768 0.879661
vt 0.494655 0.904720
vt 0.537648 0.942170
vt 0.496021 0.640806
vt 0.150087 0.005899
vt 0.414482 0.796897
vt 0.414182 0.802080
vt 0.396926 0.814580
vt 0.366130 0.243673
vt 0.075765 0.789125
vt 0.058921 0.791209
vt 0.559293 0.730652
vt 0.070303 0.117711
vt 0.057949 0.123115
vt 0.065616 0.113340
vt 0.501215 0.910330
vt 0.498586 0.885040
vt 0.507532 0.904037
vt 0.678322 0.167533
vt 0.164331 0.510976
vt 0.159186 0.506066
vt 0.174766 0.494941
vt 0.450406 0.268934
vt 0.441618 0.273475
vt 0.465114 0.642614
vt 0.173167 0.505251
vt 0.339415 0.283965
vt 0.355017 0.309169
vt 0.326414 0.316833
vt 0.390982 0.819971
vt 0.256130 0.032324
vt 0.939026 0.702757
vt 0.560272 0.864741
vt 0.504832 0.881359
vt 0.527261 0.911195
vt 0.367663 0.928688
vt 0.359222 0.940312
vt 0.355842 0.934987
vt 0.669874 0.146788
vt 0.566228 0.908716
vt 0.178439 0.503328
vt 0.172532 0.515865
vt 0.362249 0.284500
vt 0.865411 0.773485
vt 0.877289 0.740661
vt 0.779985 0.656499
vt 0.589470 0.843205
vt 0.496838 0.865898
vt 0.506593 0.914225
vt 0.570800 0.924835
vt 0.466599 0.614189
vt 0.182901 0.490501
vt 0.436104 0.800182
vt 0.441473 0.794891
vt 0.421779 0.784318
vt 0.064199 0.582174
vt 0.036377 0.590681
vt 0.031145 0.562321
vt 0.060339 0.567097
vt 0.053561 0.540491
vt 0.229192 0.032419
vt 0.132081 0.811757
vt 0.125446 0.849582
vt 0.924693 0.702773
vt 0.343274 0.725665
vt 0.349165 0.745632
vt 0.326098 0.736132
vt 0.516362 0.559719
vt 0.056183 0.106620
vt 0.437311 0.804596
vt 0.409256 0.810308
vt 0.379213 0.857731
vt 0.385063 0.826786
vt 0.394005 0.837087
vt 0.702751 0.457667
vt 0.688358 0.509052
vt 0.676506 0.506516
vt 0.063532 0.799507
vt 0.050686 0.120200
vt 0.492381 0.873001
vt 0.525445 0.942882
vt 0.457837 0.211263
vt 0.436809 0.228040
vt 0.444698 0.211880
vt 0.676298 0.137861
vt 0.702200 0.138364
vt 0.823265 0.851852
vt 0.811427 0.858043
vt 0.805923 0.851310
vt 0.571630 0.939180
vt 0.474092 0.255562
vt 0.441258 0.284702
vt 0.303725 0.001460
vt 0.307139 0.014153
vt 0.287569 0.027856
vt 0.404277 0.766022
vt 0.419289 0.775820
vt 0.703404 0.477466
vt 0.693815 0.487726
vt 0.128324 0.822937
vt 0.792480 0.642834
vt 0.527651 0.906753
vt 0.531825 0.884732
vt 0.562337 0.889647
vt 0.075905 0.801079
vt 0.093249 0.789113
vt 0.688750 0.179663
vt 0.678462 0.195472
vt 0.368890 0.958314
vt 0.815925 0.844421
vt 0.578091 0.908377
vt 0.192511 0.494723
vt 0.679923 0.362488
vt 0.694261 0.350999
vt 0.688572 0.371330
vt 0.696255 0.357814
vt 0.691985 0.377721
vt 0.058056 0.593563
vt 0.793872 0.308385
vt 0.783122 0.314561
vt 0.781894 0.303619
vt 0.800898 0.641289
vt 0.041392 0.129230
vt 0.063285 0.138180
vt 0.575604 0.730568
vt 0.169067 0.489120
vt 0.445188 0.635501
vt 0.179833 0.482495
vt 0.565389 0.995942
vt 0.565389 0.975116
vt 0.575329 0.984842
vt 0.695953 0.378085
vt 0.280984 0.012819
vt 0.383391 0.316158
vt 0.426346 0.821172
vt 0.610729 0.391969
vt 0.645028 0.398017
vt 0.608311 0.400654
vt 0.630998 0.419944
vt 0.719818 0.460487
vt 0.054853 0.146430
vt 0.056668 0.161172
vt 0.050244 0.152152
vt 0.450901 0.892715
vt 0.381896 0.968174
vt 0.463714 0.273150
vt 0.454490 0.281518
vt 0.452659 0.609642
vt 0.189306 0.514176
vt 0.710970 0.367523
vt 0.660194 0.404380
vt 0.413666 0.828938
vt 0.964602 0.842188
vt 0.949632 0.847259
vt 0.949865 0.823063
vt 0.720348 0.477000
vt 0.334796 0.760161
vt 0.043770 0.104796
vt 0.505814 0.861946
vt 0.679439 0.348895
vt 0.393147 0.297244
vt 0.848393 0.801565
vt 0.839713 0.792850
vt 0.860689 0.782146
vt 0.851699 0.768637
vt 0.403863 0.841067
vt 0.734252 0.549180
vt 0.764601 0.533570
vt 0.752745 0.549180
vt 0.785773 0.507353
vt 0.778038 0.534329
vt 0.769467 0.499465
vt 0.694765 0.506793
vt 0.766634 0.331084
vt 0.785696 0.330330
vt 0.781977 0.350604
vt 0.712515 0.170996
vt 0.439544 0.271272
vt 0.422352 0.233274
vt 0.404438 0.220167
vt 0.156272 0.490432
vt 0.692265 0.337863
vt 0.701501 0.333180
vt 0.660825 0.368701
vt 0.504808 0.007721
vt 0.511228 0.012385
vt 0.504739 0.018227
vt 0.998292 0.914674
vt 0.975731 0.921571
vt 0.967776 0.904776
vt 0.762479 0.339499
vt 0.929909 0.676191
vt 0.032491 0.111727
vt 0.046069 0.802479
vt 0.704377 0.345266
vt 0.274698 0.000088
vt 0.223992 0.562886
vt 0.228593 0.550933
vt 0.245196 0.560519
vt 0.245343 0.537773
vt 0.774902 0.544033
vt 0.759987 0.558666
vt 0.699927 0.507377
vt 0.307614 0.745618
vt 0.545439 0.873258
vt 0.084839 0.544352
vt 0.099950 0.541958
vt 0.091613 0.558304
vt 0.671663 0.721766
vt 0.678690 0.725951
vt 0.669011 0.728722
vt 0.593055 0.125418
vt 0.584964 0.140636
vt 0.587147 0.120952
vt 0.604626 0.093189
vt 0.785392 0.836088
vt 0.781593 0.844476
vt 0.475535 0.271897
vt 0.592938 0.924177
vt 0.715835 0.324809
vt 0.066440 0.599230
vt 0.829759 0.781740
vt 0.637874 0.373506
vt 0.421095 0.833590
vt 0.075142 0.555373
vt 0.257233 0.007633
vt 0.268217 0.004065
vt 0.263619 0.018391
vt 0.339045 0.778837
vt 0.326411 0.765640
vt 0.174259 0.470167
vt 0.441330 0.605896
vt 0.189344 0.474342
vt 0.720190 0.332598
vt 0.857081 0.816487
vt 0.839707 0.825122
vt 0.663737 0.417945
vt 0.677071 0.419442
vt 0.677204 0.429275
vt 0.073614 0.577548
vt 0.421885 0.843095
vt 0.785861 0.570614
vt 0.696186 0.522275
vt 0.689953 0.527862
vt 0.105975 0.556791
vt 0.482049 0.866915
vt 0.807592 0.822356
vt 0.593953 0.086410
vt 0.592378 0.909484
vt 0.182619 0.469073
vt 0.047902 0.315795
vt 0.032871 0.311621
vt 0.041096 0.295479
vt 0.694267 0.324392
vt 0.850694 0.835155
vt 0.098657 0.201708
vt 0.089992 0.198690
vt 0.098271 0.167790
vt 0.276367 0.025656
vt 0.751983 0.305245
vt 0.755626 0.330777
vt 0.302532 0.723657
vt 0.038430 0.139602
vt 0.069800 0.820916
vt 0.705934 0.189904
vt 0.782468 0.850946
vt 0.203319 0.048389
vt 0.203319 0.014984
vt 0.218836 0.024055
vt 0.160405 0.480479
vt 0.042900 0.337755
vt 0.018482 0.325248
vt 0.834539 0.771352
vt 0.428058 0.831701
vt 0.020506 0.855698
vt 0.019241 0.837611
vt 0.048270 0.853967
vt 0.054460 0.827187
vt 0.112069 0.540806
vt 0.443342 0.905252
vt 0.444570 0.888288
vt 0.818550 0.870442
vt 0.797494 0.878129
vt 0.728396 0.353770
vt 0.611105 0.372485
vt 0.665734 0.686262
vt 0.661164 0.723768
vt 0.634184 0.698855
vt 0.359304 0.972481
vt 0.900754 0.612812
vt 0.891519 0.611517
vt 0.894297 0.604955
vt 0.897483 0.620969
vt 0.677270 0.323512
vt 0.068051 0.186635
vt 0.823881 0.796819
vt 0.208643 0.547892
vt 0.956568 0.862878
vt 0.782297 0.538473
vt 0.570275 0.534196
vt 0.550710 0.529691
vt 0.561269 0.522853
vt 0.333211 0.791812
vt 0.641015 0.685358
vt 0.672027 0.734620
vt 0.488508 0.853810
vt 0.396567 0.966226
vt 0.399243 0.973803
vt 0.686174 0.419787
vt 0.092336 0.214942
vt 0.219486 0.539591
vt 0.236414 0.528739
vt 0.677118 0.369477
vt 0.976432 0.863831
vt 0.974909 0.839266
vt 0.965701 0.863895
vt 0.780616 0.493706
vt 0.567633 0.538302
vt 0.749117 0.345670
vt 0.751344 0.354565
vt 0.572576 0.463340
vt 0.604113 0.464510
vt 0.574133 0.471502
vt 0.304690 0.765406
vt 0.104611 0.519075
vt 0.485389 0.293712
vt 0.489419 0.944683
vt 0.485446 0.942633
vt 0.488041 0.931312
vt 0.679447 0.445382
vt 0.673846 0.446021
vt 0.214550 0.474761
vt 0.666738 0.403336
vt 0.242660 0.524015
vt 0.225466 0.525709
vt 0.792971 0.496242
vt 0.779793 0.479135
vt 0.008233 0.846591
vt 0.118947 0.561188
vt 0.642750 0.732072
vt 0.460065 0.867390
vt 0.469293 0.301203
vt 0.385536 0.975957
vt 0.791593 0.250463
vt 0.770763 0.249948
vt 0.775150 0.225069
vt 0.496905 0.932898
vt 0.370375 0.987632
vt 0.481207 0.938191
vt 0.481505 0.923036
vt 0.687319 0.435900
vt 0.830457 0.827670
vt 0.197461 0.565750
vt 0.502826 0.210603
vt 0.511970 0.218552
vt 0.498438 0.233064
vt 0.509963 0.209634
vt 0.553231 0.561146
vt 0.543127 0.518898
vt 0.550596 0.506630
vt 0.588984 0.478319
vt 0.787799 0.252529
vt 0.786050 0.269784
vt 0.769900 0.259649
vt 0.043365 0.835022
vt 0.058134 0.843435
vt 0.786552 0.818845
vt 0.165908 0.465517
vt 0.684067 0.449437
vt 0.351309 0.844270
vt 0.340060 0.847407
vt 0.345603 0.839970
vt 0.812331 0.783896
vt 0.340450 0.834578
vt 0.694041 0.037779
vt 0.686199 0.037779
vt 0.688722 0.011123
vt 0.792808 0.567879
vt 0.935743 0.863750
vt 0.535293 0.548134
vt 0.798825 0.499761
vt 0.745929 0.332414
vt 0.570179 0.015813
vt 0.560061 0.012526
vt 0.564372 0.000155
vt 0.642612 0.725738
vt 0.656927 0.735823
vt 0.468515 0.862851
vt 0.684452 0.741125
vt 0.680054 0.751245
vt 0.802937 0.978061
vt 0.808340 0.978061
vt 0.805075 0.987009
vt 0.469443 0.940926
vt 0.339987 0.858925
vt 0.661534 0.324692
vt 0.488548 0.222292
vt 0.483770 0.212692
vt 0.206529 0.528468
vt 0.117716 0.526067
vt 0.130633 0.553584
vt 0.726219 0.178506
vt 0.564535 0.117789
vt 0.495436 0.951242
vt 0.677180 0.459438
vt 0.220475 0.490871
vt 0.064517 0.196794
vt 0.320457 0.852264
vt 0.121516 0.979044
vt 0.115032 0.998999
vt 0.105031 0.995020
vt 0.710313 0.410040
vt 0.707937 0.418563
vt 0.189498 0.938446
vt 0.192132 0.932577
vt 0.193741 0.942882
vt 0.205160 0.502286
vt 0.791320 0.478285
vt 0.740155 0.312216
vt 0.764331 0.236099
vt 0.760555 0.255805
vt 0.136718 0.536649
vt 0.642041 0.745100
vt 0.688166 0.446695
vt 0.919491 0.365611
vt 0.907984 0.376985
vt 0.908531 0.351936
vt 0.876161 0.624533
vt 0.067484 0.223926
vt 0.832614 0.713427
vt 0.831909 0.694889
vt 0.844055 0.693225
vt 0.954778 0.868054
vt 0.747808 0.238312
vt 0.051278 0.828017
vt 0.114544 0.504181
vt 0.431675 0.876734
vt 0.796834 0.808959
vt 0.820656 0.798517
vt 0.761566 0.854058
vt 0.823750 0.235114
vt 0.825252 0.221316
vt 0.828295 0.219048
vt 0.505435 0.951648
vt 0.166730 0.457189
vt 0.620154 0.919853
vt 0.749795 0.503813
vt 0.752403 0.475286
vt 0.767349 0.499345
vt 0.699503 0.428778
vt 0.461192 0.234996
vt 0.456182 0.218688
vt 0.321227 0.840010
vt 0.802850 0.493697
vt 0.607431 0.455014
vt 0.604192 0.452529
vt 0.775729 0.279473
vt 0.545155 0.576399
vt 0.551915 0.571500
vt 0.552466 0.588091
vt 0.548559 0.606247
vt 0.664924 0.750091
vt 0.727864 0.164317
vt 0.567037 0.092160
vt 0.797027 0.236102
vt 0.365901 0.732239
vt 0.364330 0.740280
vt 0.353763 0.735575
vt 0.243477 0.939349
vt 0.243477 0.957688
vt 0.229577 0.942331
vt 0.795499 0.782704
vt 0.197382 0.924738
vt 0.202462 0.935747
vt 0.804677 0.575218
vt 0.797457 0.554105
vt 0.522448 0.570715
vt 0.528524 0.540302
vt 0.534980 0.515506
vt 0.042607 0.821162
vt 0.623935 0.718205
vt 0.553989 0.602563
vt 0.659974 0.217370
vt 0.650027 0.211961
vt 0.651040 0.206000
vt 0.628758 0.724128
vt 0.559091 0.574795
vt 0.734851 0.086603
vt 0.726279 0.092178
vt 0.720583 0.075634
vt 0.715309 0.852825
vt 0.727719 0.853537
vt 0.729395 0.858142
vt 0.158236 0.252793
vt 0.149502 0.266748
vt 0.139237 0.263012
vt 0.763807 0.837419
vt 0.798789 0.226975
vt 0.805734 0.237328
vt 0.456126 0.921219
vt 0.324029 0.865105
vt 0.851847 0.687426
vt 0.853199 0.697595
vt 0.515780 0.548228
vt 0.790698 0.537484
vt 0.628815 0.687217
vt 0.684937 0.019957
vt 0.674345 0.015677
vt 0.677455 0.000502
vt 0.538107 0.614064
vt 0.713468 0.846794
vt 0.728775 0.848541
vt 0.682283 0.758862
vt 0.634800 0.991607
vt 0.648134 0.973256
vt 0.645711 0.994309
vt 0.485315 0.969720
vt 0.745470 0.496788
vt 0.746493 0.481668
vt 0.477519 0.967998
vt 0.007986 0.296191
vt 0.898668 0.652795
vt 0.900334 0.661078
vt 0.887806 0.656740
vt 0.212757 0.925574
vt 0.476326 0.240903
vt 0.186793 0.547684
vt 0.196606 0.530812
vt 0.778987 0.469722
vt 0.766703 0.277184
vt 0.632569 0.750473
vt 0.708909 0.849907
vt 0.686444 0.787192
vt 0.670254 0.784448
vt 0.150443 0.274733
vt 0.141134 0.273911
vt 0.808176 0.223542
vt 0.414118 0.991471
vt 0.852789 0.360525
vt 0.870433 0.367039
vt 0.852465 0.381649
vt 0.449315 0.939719
vt 0.896411 0.636116
vt 0.872733 0.641296
vt 0.451603 0.235406
vt 0.839903 0.683484
vt 0.858768 0.685071
vt 0.204579 0.952866
vt 0.810742 0.477413
vt 0.770434 0.944052
vt 0.760857 0.932557
vt 0.775718 0.928334
vt 0.769196 0.922653
vt 0.523153 0.528048
vt 0.017207 0.813673
vt 0.032990 0.816932
vt 0.547385 0.622826
vt 0.554313 0.623382
vt 0.562259 0.607759
vt 0.659261 0.222532
vt 0.643417 0.212831
vt 0.643091 0.754226
vt 0.739419 0.031425
vt 0.734274 0.015592
vt 0.739777 0.014483
vt 0.488380 0.972782
vt 0.741394 0.480995
vt 0.350652 0.731396
vt 0.465422 0.958687
vt 0.885319 0.370373
vt 0.353749 0.862749
vt 0.712669 0.425665
vt 0.310848 0.852277
vt 0.310308 0.841253
vt 0.315433 0.827869
vt 0.853130 0.683057
vt 0.845163 0.667566
vt 0.812654 0.553717
vt 0.773418 0.916004
vt 0.726587 0.304870
vt 0.616107 0.480840
vt 0.651760 0.769795
vt 0.160040 0.245329
vt 0.156296 0.235122
vt 0.173011 0.235367
vt 0.701492 0.443607
vt 0.458584 0.951862
vt 0.881912 0.653180
vt 0.048026 0.951485
vt 0.058806 0.926296
vt 0.057728 0.951254
vt 0.731636 0.407106
vt 0.866309 0.682053
vt 0.871988 0.684135
vt 0.191035 0.965661
vt 0.865016 0.663322
vt 0.872551 0.674481
vt 0.788699 0.922168
vt 0.795514 0.468665
vt 0.743586 0.918509
vt 0.763167 0.915860
vt 0.528731 0.513166
vt 0.612327 0.457550
vt 0.539673 0.632714
vt 0.338304 0.594899
vt 0.339515 0.586672
vt 0.342441 0.598131
vt 0.463271 0.044845
vt 0.464258 0.016588
vt 0.475851 0.048282
vt 0.640765 0.226666
vt 0.637837 0.217293
vt 0.298892 0.580841
vt 0.299999 0.567845
vt 0.314723 0.565762
vt 0.382154 0.723545
vt 0.371818 0.715164
vt 0.500672 0.242426
vt 0.737461 0.416277
vt 0.194330 0.501615
vt 0.812148 0.532567
vt 0.870095 0.681683
vt 0.830763 0.674191
vt 0.745306 0.259687
vt 0.330170 0.604264
vt 0.330741 0.584886
vt 0.530348 0.623529
vt 0.730225 0.835919
vt 0.700587 0.844168
vt 0.513463 0.978945
vt 0.749171 0.465909
vt 0.348596 0.576973
vt 0.334444 0.581809
vt 0.337753 0.558498
vt 0.232357 0.978815
vt 0.914501 0.677480
vt 0.893552 0.667892
vt 0.711058 0.443532
vt 0.326913 0.875785
vt 0.221415 0.936508
vt 0.740766 0.937177
vt 0.514315 0.529709
vt 0.730641 0.347490
vt 0.550123 0.634089
vt 0.515934 0.595876
vt 0.700726 0.055449
vt 0.700179 0.079318
vt 0.576161 0.582383
vt 0.642496 0.766622
vt 0.358186 0.715512
vt 0.343144 0.719225
vt 0.515255 0.943603
vt 0.530067 0.954316
vt 0.970007 0.237424
vt 0.965294 0.221145
vt 0.976262 0.227792
vt 0.338193 0.877381
vt 0.807150 0.469700
vt 0.271673 0.266994
vt 0.269572 0.242976
vt 0.281374 0.266476
vt 0.510027 0.550476
vt 0.829544 0.639367
vt 0.251797 0.863879
vt 0.252900 0.871347
vt 0.236621 0.888119
vt 0.335508 0.615338
vt 0.999318 0.088617
vt 0.993697 0.073173
vt 0.998785 0.063578
vt 0.638964 0.204112
vt 0.703725 0.864550
vt 0.740373 0.077263
vt 0.659345 0.792187
vt 0.636605 0.228803
vt 0.170871 0.253388
vt 0.788102 0.220296
vt 0.555176 0.952393
vt 0.866557 0.351030
vt 0.963552 0.233284
vt 0.957715 0.220578
vt 0.361682 0.876164
vt 0.321332 0.873454
vt 0.308236 0.868481
vt 0.199045 0.968158
vt 0.256197 0.264643
vt 0.507070 0.523553
vt 0.523207 0.514076
vt 0.216121 0.899817
vt 0.217240 0.878379
vt 0.740292 0.905979
vt 0.757191 0.906164
vt 0.319961 0.589891
vt 0.752158 0.285242
vt 0.041845 0.812773
vt 0.645182 0.191972
vt 0.702931 0.831966
vt 0.174635 0.243913
vt 0.729015 0.436035
vt 0.029379 0.951233
vt 0.017263 0.964720
vt 0.008631 0.953265
vt 0.099908 0.892702
vt 0.105845 0.878753
vt 0.118881 0.885684
vt 0.293363 0.231088
vt 0.626825 0.481503
vt 0.617191 0.457161
vt 0.726272 0.254515
vt 0.724574 0.932082
vt 0.029911 0.804481
vt 0.677039 0.654540
vt 0.621396 0.642673
vt 0.664389 0.632630
vt 0.326685 0.626267
vt 0.968458 0.465686
vt 0.976952 0.450973
vt 0.973730 0.476299
vt 0.672147 0.188659
vt 0.570246 0.625602
vt 0.096796 0.391515
vt 0.074422 0.404502
vt 0.091436 0.381881
vt 0.996246 0.176946
vt 0.988124 0.164496
vt 0.997905 0.159198
vt 0.848439 0.502001
vt 0.853596 0.502409
vt 0.839449 0.520907
vt 0.774648 0.469795
vt 0.779304 0.442793
vt 0.786393 0.454446
vt 0.337638 0.711803
vt 0.344168 0.560317
vt 0.877671 0.655253
vt 0.873825 0.649614
vt 0.248859 0.531853
vt 0.268914 0.529745
vt 0.247716 0.561984
vt 0.265798 0.514517
vt 0.318527 0.885056
vt 0.821352 0.473964
vt 0.133156 0.882929
vt 0.124427 0.879618
vt 0.775331 0.903002
vt 0.278106 0.229059
vt 0.262212 0.232006
vt 0.657960 0.090549
vt 0.645477 0.072680
vt 0.662091 0.073295
vt 0.723594 0.943884
vt 0.216400 0.421956
vt 0.198965 0.410497
vt 0.219659 0.407286
vt 0.199497 0.434832
vt 0.968157 0.431884
vt 0.633186 0.193796
vt 0.353036 0.590657
vt 0.345667 0.612988
vt 0.365363 0.595153
vt 0.102805 0.388958
vt 0.627967 0.218131
vt 0.626579 0.232290
vt 0.688272 0.865045
vt 0.692466 0.846556
vt 0.481415 0.981116
vt 0.504443 0.989460
vt 0.764689 0.453238
vt 0.900868 0.382228
vt 0.213419 0.958467
vt 0.085309 0.463705
vt 0.088299 0.466634
vt 0.072740 0.474632
vt 0.087336 0.473739
vt 0.095624 0.463196
vt 0.100466 0.472229
vt 0.105686 0.462211
vt 0.629560 0.444822
vt 0.633726 0.456702
vt 0.628058 0.490975
vt 0.220894 0.438582
vt 0.330306 0.628853
vt 0.379057 0.235647
vt 0.356333 0.229316
vt 0.374026 0.216871
vt 0.619780 0.622890
vt 0.729881 0.066505
vt 0.631525 0.206009
vt 0.166680 0.279430
vt 0.142063 0.291629
vt 0.738393 0.463924
vt 0.452172 0.976965
vt 0.846289 0.522920
vt 0.367906 0.706872
vt 0.877281 0.676281
vt 0.303986 0.888524
vt 0.213324 0.969982
vt 0.188770 0.988934
vt 0.240280 0.248825
vt 0.631984 0.083936
vt 0.208947 0.597751
vt 0.223417 0.601363
vt 0.222493 0.606602
vt 0.339449 0.216294
vt 0.764713 0.294073
vt 0.190820 0.445119
vt 0.189728 0.410962
vt 0.604152 0.653791
vt 0.589927 0.635541
vt 0.714386 0.882336
vt 0.746655 0.068873
vt 0.121750 0.388561
vt 0.683384 0.838856
vt 0.168488 0.271601
vt 0.794622 0.208120
vt 0.854680 0.518166
vt 0.834281 0.520477
vt 0.858548 0.387150
vt 0.873212 0.379597
vt 0.867771 0.652341
vt 0.340173 0.883473
vt 0.999392 0.059923
vt 0.993123 0.062846
vt 0.994076 0.039948
vt 0.492931 0.270406
vt 0.088780 0.481924
vt 0.237564 0.269350
vt 0.759629 0.017379
vt 0.759629 0.003080
vt 0.782786 0.014834
vt 0.756771 0.897764
vt 0.628968 0.096314
vt 0.637888 0.106495
vt 0.197800 0.457445
vt 0.361172 0.240911
vt 0.335439 0.627463
vt 0.738806 0.897830
vt 0.332737 0.223822
vt 0.657948 0.617835
vt 0.719024 0.056340
vt 0.289393 0.465767
vt 0.294205 0.461190
vt 0.301566 0.473110
vt 0.362845 0.433207
vt 0.368346 0.438468
vt 0.352432 0.436561
vt 0.320646 0.290090
vt 0.332623 0.292636
vt 0.323736 0.302546
vt 0.342844 0.692481
vt 0.322437 0.697553
vt 0.203462 0.060512
vt 0.193712 0.056306
vt 0.210477 0.048487
vt 0.847974 0.660978
vt 0.985003 0.253049
vt 0.970629 0.028101
vt 0.990468 0.015187
vt 0.989779 0.031478
vt 0.992516 0.095698
vt 0.992972 0.088972
vt 0.998502 0.091550
vt 0.287954 0.749304
vt 0.272012 0.743248
vt 0.284460 0.728576
vt 0.483617 0.514855
vt 0.101352 0.479457
vt 0.640670 0.475728
vt 0.632893 0.492802
vt 0.172204 0.409451
vt 0.158287 0.400326
vt 0.169251 0.387713
vt 0.728796 0.265055
vt 0.339284 0.628449
vt 0.647171 0.175394
vt 0.638733 0.182565
vt 0.711516 0.040058
vt 0.072861 0.394408
vt 0.689540 0.880445
vt 0.732588 0.474125
vt 0.824063 0.514753
vt 0.845169 0.493604
vt 0.198663 0.069231
vt 0.213427 0.074166
vt 0.997801 0.116617
vt 0.323090 0.897519
vt 0.224281 0.946133
vt 0.048546 0.925074
vt 0.001560 0.981514
vt 0.151266 0.883271
vt 0.150011 0.872005
vt 0.645157 0.459062
vt 0.653971 0.449550
vt 0.229092 0.228654
vt 0.766092 0.891028
vt 0.178438 0.385854
vt 0.158980 0.375114
vt 0.220528 0.469031
vt 0.631318 0.120669
vt 0.326378 0.639410
vt 0.320890 0.643983
vt 0.736258 0.292629
vt 0.201018 0.616145
vt 0.187191 0.593444
vt 0.195862 0.586037
vt 0.184495 0.466879
vt 0.318847 0.216088
vt 0.360088 0.612084
vt 0.346752 0.629300
vt 0.185184 0.452030
vt 0.507679 0.576829
vt 0.597290 0.613424
vt 0.583673 0.620655
vt 0.594117 0.587691
vt 0.610288 0.228354
vt 0.620885 0.208479
vt 0.713901 0.820460
vt 0.730089 0.821876
vt 0.359066 0.425915
vt 0.375904 0.433488
vt 0.371482 0.421858
vt 0.754615 0.442847
vt 0.315426 0.306427
vt 0.297611 0.544792
vt 0.445719 0.119102
vt 0.441320 0.091326
vt 0.471900 0.115957
vt 0.329032 0.683859
vt 0.000112 0.514229
vt 0.013492 0.502181
vt 0.011049 0.522782
vt 0.450375 0.000746
vt 0.450375 0.028695
vt 0.429865 0.014141
vt 0.950243 0.564720
vt 0.962971 0.549552
vt 0.986883 0.562829
vt 0.071026 0.494940
vt 0.280784 0.760619
vt 0.265493 0.758257
vt 0.106109 0.485018
vt 0.788491 0.893331
vt 0.788881 0.877349
vt 0.184817 0.400833
vt 0.253663 0.898541
vt 0.342420 0.246316
vt 0.743420 0.889723
vt 0.727121 0.886444
vt 0.888284 0.931118
vt 0.894032 0.930230
vt 0.895159 0.945757
vt 0.725100 0.874026
vt 0.181801 0.445475
vt 0.585375 0.632725
vt 0.272506 0.470993
vt 0.282999 0.456636
vt 0.739655 0.457897
vt 0.159970 0.291781
vt 0.359082 0.452253
vt 0.971439 0.248420
vt 0.025425 0.515860
vt 0.013730 0.532481
vt 0.281373 0.533199
vt 0.911349 0.383113
vt 0.147298 0.864290
vt 0.902409 0.559292
vt 0.932163 0.556501
vt 0.930602 0.580934
vt 0.319897 0.405997
vt 0.340237 0.414789
vt 0.330767 0.428017
vt 0.123988 0.861531
vt 0.359728 0.257964
vt 0.320311 0.648521
vt 0.884892 0.957549
vt 0.971665 0.929374
vt 0.983297 0.944262
vt 0.959266 0.948986
vt 0.623707 0.192202
vt 0.372923 0.436734
vt 0.354656 0.688600
vt 0.324805 0.548963
vt 0.973188 0.167323
vt 0.770591 0.219932
vt 0.777273 0.211051
vt 0.883684 0.384612
vt 0.308043 0.900175
vt 0.345265 0.396412
vt 0.094429 0.491920
vt 0.233253 0.065909
vt 0.248211 0.055436
vt 0.238339 0.072393
vt 0.245289 0.034507
vt 0.256856 0.038333
vt 0.543301 0.015469
vt 0.530551 0.005995
vt 0.543301 0.004491
vt 0.872806 0.930470
vt 0.333839 0.642469
vt 0.741363 0.296984
vt 0.187703 0.603650
vt 0.315554 0.233743
vt 0.183838 0.405220
vt 0.703975 0.888178
vt 0.612494 0.192356
vt 0.306106 0.284023
vt 0.832993 0.532515
vt 0.837390 0.535041
vt 0.271728 0.560024
vt 0.177459 0.732931
vt 0.157489 0.729155
vt 0.185824 0.712834
vt 0.902795 0.534732
vt 0.115229 0.861473
vt 0.758658 0.859819
vt 0.781501 0.856347
vt 0.200706 0.399803
vt 0.196678 0.392726
vt 0.263627 0.786073
vt 0.334090 0.255786
vt 0.176161 0.575319
vt 0.176040 0.598725
vt 0.165792 0.585000
vt 0.381636 0.631785
vt 0.974836 0.670006
vt 0.944824 0.670006
vt 0.960411 0.661331
vt 0.220670 0.472292
vt 0.243090 0.479842
vt 0.231260 0.489239
vt 0.875276 0.919243
vt 0.073877 0.384665
vt 0.298925 0.458362
vt 0.088986 0.124438
vt 0.094785 0.135843
vt 0.091695 0.150616
vt 0.724208 0.458879
vt 0.301326 0.304149
vt 0.297503 0.320157
vt 0.834538 0.485142
vt 0.042126 0.633621
vt 0.028536 0.612369
vt 0.050456 0.622960
vt 0.185302 0.051845
vt 0.192518 0.042658
vt 0.961273 0.251759
vt 0.950616 0.238888
vt 0.257157 0.574842
vt 0.962548 0.034903
vt 0.989679 0.041584
vt 0.156212 0.700827
vt 0.169382 0.699388
vt 0.018853 0.986891
vt 0.363656 0.421429
vt 0.298759 0.760846
vt 0.118595 0.492157
vt 0.100037 0.518827
vt 0.218290 0.920890
vt 0.236462 0.906319
vt 0.550709 0.117361
vt 0.541589 0.101257
vt 0.557250 0.100318
vt 0.284732 0.781299
vt 0.609367 0.082476
vt 0.531300 0.013753
vt 0.559394 0.673687
vt 0.566003 0.683031
vt 0.536671 0.673176
vt 0.743599 0.876767
vt 0.265797 0.427503
vt 0.264802 0.430635
vt 0.256627 0.413305
vt 0.273822 0.437268
vt 0.187341 0.623027
vt 0.278213 0.446722
vt 0.627896 0.184050
vt 0.889088 0.922197
vt 0.267543 0.500588
vt 0.905792 0.928225
vt 0.272088 0.487135
vt 0.284269 0.446834
vt 0.076763 0.344001
vt 0.739817 0.440688
vt 0.742442 0.419310
vt 0.750617 0.440920
vt 0.203076 0.080729
vt 0.346945 0.684489
vt 0.475845 0.136219
vt 0.963470 0.048384
vt 0.965014 0.009001
vt 0.226898 0.972142
vt 0.927274 0.534241
vt 0.257570 0.818499
vt 0.262033 0.805677
vt 0.268470 0.815119
vt 0.125260 0.582224
vt 0.162258 0.594429
vt 0.136912 0.600113
vt 0.192397 0.384137
vt 0.180333 0.369822
vt 0.157237 0.578009
vt 0.156333 0.602786
vt 0.185119 0.607620
vt 0.932669 0.674827
vt 0.964982 0.686680
vt 0.969526 0.697927
vt 0.535334 0.120038
vt 0.530316 0.110990
vt 0.172810 0.543990
vt 0.184516 0.566501
vt 0.565867 0.674495
vt 0.737026 0.869420
vt 0.358614 0.808582
vt 0.341523 0.827149
vt 0.348966 0.800535
vt 0.989337 0.923768
vt 0.711964 0.895670
vt 0.065861 0.369277
vt 0.062069 0.345887
vt 0.072129 0.349536
vt 0.274619 0.452691
vt 0.070934 0.386912
vt 0.914627 0.918762
vt 0.721613 0.810506
vt 0.730025 0.811691
vt 0.690182 0.823696
vt 0.189095 0.062652
vt 0.306949 0.539370
vt 0.765518 0.208862
vt 0.862178 0.405457
vt 0.031252 0.534619
vt 0.002355 0.546129
vt 0.024196 0.556432
vt 0.832824 0.543875
vt 0.043913 0.267941
vt 0.044842 0.252454
vt 0.051622 0.258647
vt 0.321258 0.381138
vt 0.903694 0.585724
vt 0.218013 0.080762
vt 0.242605 0.823340
vt 0.239627 0.817824
vt 0.281285 0.055834
vt 0.288152 0.030206
vt 0.305307 0.063345
vt 0.538043 0.086591
vt 0.304403 0.771483
vt 0.263511 0.798637
vt 0.276396 0.800993
vt 0.556635 0.187221
vt 0.578748 0.189320
vt 0.576620 0.196157
vt 0.564512 0.156833
vt 0.877172 0.000510
vt 0.877172 0.022444
vt 0.856860 0.001485
vt 0.098974 0.634220
vt 0.084226 0.603844
vt 0.097630 0.619186
vt 0.044159 0.346334
vt 0.044331 0.360657
vt 0.571325 0.658943
vt 0.582881 0.676205
vt 0.246404 0.510868
vt 0.221715 0.505504
vt 0.720372 0.043878
vt 0.742133 0.048700
vt 0.110762 0.927692
vt 0.116537 0.944385
vt 0.105507 0.950250
vt 0.374626 0.442327
vt 0.372218 0.448104
vt 0.979842 0.189105
vt 0.972155 0.184525
vt 0.855442 0.535213
vt 0.847288 0.540938
vt 0.043243 0.604623
vt 0.055634 0.612930
vt 0.336025 0.545422
vt 0.296196 0.555807
vt 0.894563 0.396232
vt 0.887105 0.574291
vt 0.009374 0.887383
vt 0.021391 0.898203
vt 0.004647 0.903535
vt 0.060201 0.911881
vt 0.071236 0.914190
vt 0.067598 0.922586
vt 0.886306 0.534272
vt 0.361400 0.393971
vt 0.902843 0.522922
vt 0.260697 0.822616
vt 0.148558 0.606607
vt 0.611007 0.071946
vt 0.943764 0.697716
vt 0.048807 0.381045
vt 0.036154 0.365024
vt 0.066002 0.621279
vt 0.224058 0.619101
vt 0.193689 0.582772
vt 0.992720 0.026817
vt 0.992720 0.009610
vt 0.998797 0.014897
vt 0.058788 0.374035
vt 0.281678 0.424550
vt 0.329114 0.001680
vt 0.322423 0.022272
vt 0.312603 0.015705
vt 0.060744 0.395236
vt 0.907686 0.913774
vt 0.878890 0.914863
vt 0.745326 0.049832
vt 0.755909 0.065172
vt 0.387132 0.414383
vt 0.369498 0.415127
vt 0.324929 0.541558
vt 0.815957 0.531652
vt 0.910941 0.500617
vt 0.923659 0.499884
vt 0.928616 0.511835
vt 0.997581 0.968420
vt 0.976148 0.952261
vt 0.984881 0.949591
vt 0.998403 0.950980
vt 0.991820 0.927788
vt 0.296671 0.782523
vt 0.197867 0.371396
vt 0.188711 0.357480
vt 0.229507 0.048680
vt 0.962435 0.098350
vt 0.983001 0.096553
vt 0.960758 0.107786
vt 0.515955 0.086548
vt 0.500634 0.093864
vt 0.367988 0.778871
vt 0.983170 0.351568
vt 0.997468 0.377186
vt 0.975586 0.369435
vt 0.713199 0.261331
vt 0.312092 0.019569
vt 0.322201 0.028903
vt 0.314027 0.029357
vt 0.366061 0.640858
vt 0.253660 0.437672
vt 0.985902 0.507718
vt 0.976137 0.536940
vt 0.966089 0.534987
vt 0.302728 0.446368
vt 0.090107 0.114657
vt 0.083586 0.116654
vt 0.382532 0.442576
vt 0.142210 0.326860
vt 0.150625 0.338271
vt 0.127810 0.341260
vt 0.754882 0.417779
vt 0.769222 0.435210
vt 0.299988 0.533644
vt 0.979373 0.263953
vt 0.833190 0.110223
vt 0.830876 0.096336
vt 0.836778 0.097119
vt 0.301802 0.069102
vt 0.307165 0.075464
vt 0.288154 0.082291
vt 0.341440 0.492501
vt 0.343325 0.487194
vt 0.361732 0.495773
vt 0.046411 0.599387
vt 0.054621 0.608872
vt 0.057587 0.603003
vt 0.800337 0.994575
vt 0.780318 0.982196
vt 0.781653 0.963845
vt 0.782228 0.953967
vt 0.794624 0.941528
vt 0.799594 0.947489
vt 0.076878 0.515783
vt 0.068933 0.903305
vt 0.055677 0.237482
vt 0.051285 0.912735
vt 0.930716 0.507768
vt 0.933055 0.514575
vt 0.236775 0.815339
vt 0.248403 0.804276
vt 0.548004 0.089521
vt 0.534157 0.079059
vt 0.539334 0.075297
vt 0.184191 0.343045
vt 0.588362 0.204630
vt 0.571309 0.207937
vt 0.257182 0.912128
vt 0.994822 0.343373
vt 0.574590 0.683963
vt 0.249778 0.411652
vt 0.256622 0.401384
vt 0.284867 0.404166
vt 0.345696 0.654136
vt 0.209683 0.571013
vt 0.745833 0.305319
vt 0.726298 0.677174
vt 0.717070 0.670983
vt 0.736785 0.670776
vt 0.470335 0.682738
vt 0.454349 0.671184
vt 0.476797 0.668068
vt 0.257526 0.514955
vt 0.406831 0.745649
vt 0.406233 0.738254
vt 0.438530 0.755519
vt 0.892981 0.911139
vt 0.902666 0.904766
vt 0.278332 0.505473
vt 0.263508 0.459736
vt 0.671789 0.827124
vt 0.289233 0.311896
vt 0.394683 0.427460
vt 0.174072 0.280659
vt 0.813674 0.510748
vt 0.804350 0.520762
vt 0.963795 0.263618
vt 0.149380 0.920789
vt 0.159142 0.929650
vt 0.152231 0.940046
vt 0.961307 0.054123
vt 0.974553 0.056180
vt 0.962560 0.069046
vt 0.197830 0.732543
vt 0.834679 0.090221
vt 0.355563 0.484659
vt 0.347409 0.475228
vt 0.163066 0.852222
vt 0.824939 0.536962
vt 0.901371 0.498676
vt 0.904253 0.509674
vt 0.215341 0.069872
vt 0.260982 0.030187
vt 0.563141 0.083213
vt 0.563149 0.092107
vt 0.151661 0.163059
vt 0.126796 0.162712
vt 0.159131 0.153144
vt 0.138276 0.167995
vt 0.201718 0.366010
vt 0.531481 0.071251
vt 0.261806 0.791871
vt 0.205985 0.384097
vt 0.525598 0.074358
vt 0.971763 0.114610
vt 0.283910 0.808849
vt 0.570442 0.696805
vt 0.555768 0.702390
vt 0.073956 0.641418
vt 0.204783 0.622141
vt 0.468369 0.651038
vt 0.052109 0.398125
vt 0.737000 0.043848
vt 0.619770 0.179746
vt 0.857325 0.921417
vt 0.868523 0.917541
vt 0.467877 0.690910
vt 0.458865 0.690317
vt 0.461390 0.687726
vt 0.385268 0.439062
vt 0.727928 0.451358
vt 0.291624 0.292952
vt 0.293180 0.327753
vt 0.183509 0.071512
vt 0.806371 0.494666
vt 0.367644 0.458047
vt 0.890873 0.493478
vt 0.898411 0.482695
vt 0.900729 0.492599
vt 0.283087 0.063423
vt 0.775108 0.959930
vt 0.909263 0.488482
vt 0.346517 0.380344
vt 0.363545 0.470622
vt 0.822461 0.085787
vt 0.835557 0.081662
vt 0.521758 0.121109
vt 0.510388 0.104871
vt 0.534720 0.123895
vt 0.797673 0.926305
vt 0.884620 0.148014
vt 0.901612 0.134255
vt 0.890438 0.161560
vt 0.940262 0.529418
vt 0.941156 0.533703
vt 0.932741 0.531325
vt 0.118026 0.182936
vt 0.127773 0.171032
vt 0.628248 0.424538
vt 0.610937 0.424538
vt 0.624394 0.419159
vt 0.952628 0.112499
vt 0.225727 0.452878
vt 0.220622 0.418482
vt 0.235799 0.035484
vt 0.229146 0.627552
vt 0.295030 0.036191
vt 0.294129 0.026963
vt 0.109647 0.654639
vt 0.122030 0.048627
vt 0.111826 0.036465
vt 0.129547 0.036710
vt 0.142695 0.056114
vt 0.168872 0.064571
vt 0.150026 0.064851
vt 0.850571 0.410213
vt 0.854478 0.417017
vt 0.838555 0.408318
vt 0.247128 0.523217
vt 0.259789 0.456830
vt 0.687857 0.893689
vt 0.981489 0.549168
vt 0.072507 0.114226
vt 0.136096 0.352960
vt 0.276234 0.325463
vt 0.182581 0.079049
vt 0.775323 0.425729
vt 0.167277 0.295816
vt 0.178327 0.064716
vt 0.127848 0.943030
vt 0.032045 0.556701
vt 0.856099 0.545868
vt 0.839420 0.085400
vt 0.952646 0.029143
vt 0.776664 0.946470
vt 0.100350 0.162428
vt 0.104077 0.200041
vt 0.889214 0.110396
vt 0.629156 0.234863
vt 0.634221 0.243487
vt 0.612786 0.234242
vt 0.296048 0.816201
vt 0.297530 0.801097
vt 0.304696 0.803849
vt 0.066896 0.241854
vt 0.930359 0.534792
vt 0.935586 0.534515
vt 0.051571 0.222123
vt 0.051933 0.233937
vt 0.259064 0.063625
vt 0.237084 0.811420
vt 0.247074 0.922589
vt 0.588858 0.194102
vt 0.584168 0.167320
vt 0.021814 0.136397
vt 0.032873 0.129215
vt 0.030526 0.149201
vt 0.229197 0.399795
vt 0.281756 0.793260
vt 0.579108 0.697059
vt 0.228628 0.385446
vt 0.834909 0.412520
vt 0.826735 0.402480
vt 0.719368 0.790375
vt 0.732403 0.798155
vt 0.880705 0.904524
vt 0.467072 0.698189
vt 0.447797 0.693049
vt 0.704376 0.799481
vt 0.990497 0.544394
vt 0.071811 0.105798
vt 0.347549 0.667405
vt 0.154206 0.682165
vt 0.182418 0.690597
vt 0.041306 0.525954
vt 0.347302 0.499525
vt 0.320985 0.373759
vt 0.061180 0.611473
vt 0.987704 0.055517
vt 0.978543 0.066586
vt 0.853837 0.557772
vt 0.031780 0.888308
vt 0.946473 0.528019
vt 0.935387 0.521455
vt 0.933414 0.540776
vt 0.060860 0.228311
vt 0.324696 0.781976
vt 0.309126 0.790492
vt 0.934774 0.555155
vt 0.040241 0.522662
vt 0.039573 0.517219
vt 0.054385 0.527910
vt 0.044000 0.511949
vt 0.630293 0.431220
vt 0.008862 0.127823
vt 0.024643 0.161246
vt 0.628734 0.596242
vt 0.616525 0.583418
vt 0.629867 0.585187
vt 0.592472 0.654696
vt 0.202464 0.633242
vt 0.945680 0.238869
vt 0.930959 0.226300
vt 0.945180 0.223588
vt 0.102430 0.036615
vt 0.905017 0.882083
vt 0.915130 0.894367
vt 0.888073 0.896085
vt 0.222931 0.579335
vt 0.106612 0.050318
vt 0.095616 0.049543
vt 0.862654 0.910658
vt 0.255190 0.479908
vt 0.254890 0.462198
vt 0.063522 0.106643
vt 0.382938 0.445752
vt 0.193590 0.088081
vt 0.779982 0.418835
vt 0.792825 0.423877
vt 0.326617 0.522705
vt 0.274968 0.072958
vt 0.963447 0.078507
vt 0.763440 0.976085
vt 0.949448 0.032453
vt 0.936144 0.033384
vt 0.953077 0.011527
vt 0.360794 0.380119
vt 0.248298 0.844621
vt 0.212048 0.830992
vt 0.235104 0.818389
vt 0.220739 0.812836
vt 0.312343 0.792486
vt 0.331362 0.793966
vt 0.324012 0.813566
vt 0.006108 0.148550
vt 0.051946 0.214610
vt 0.640338 0.266336
vt 0.651010 0.273943
vt 0.629529 0.289194
vt 0.245095 0.777960
vt 0.592198 0.187860
vt 0.358513 0.775769
vt 0.774965 0.793030
vt 0.795789 0.774956
vt 0.784361 0.796339
vt 0.133205 0.054380
vt 0.070377 0.650704
vt 0.890250 0.879033
vt 0.592305 0.684364
vt 0.328177 0.027189
vt 0.338111 0.033814
vt 0.338934 0.025568
vt 0.979318 0.397721
vt 0.945332 0.422414
vt 0.958714 0.392457
vt 0.434217 0.732537
vt 0.434670 0.709691
vt 0.440620 0.703970
vt 0.695208 0.675373
vt 0.713193 0.650221
vt 0.110630 0.098761
vt 0.073972 0.092398
vt 0.112211 0.961546
vt 0.943639 0.256860
vt 0.195100 0.690244
vt 0.134149 0.918715
vt 0.313642 0.513500
vt 0.955636 0.093581
vt 0.950823 0.087654
vt 0.748633 0.957041
vt 0.989062 0.064065
vt 0.380604 0.127265
vt 0.377577 0.144878
vt 0.369368 0.131355
vt 0.218052 0.842387
vt 0.313320 0.818783
vt 0.647304 0.250293
vt 0.947716 0.535861
vt 0.821513 0.977248
vt 0.792558 0.973787
vt 0.825630 0.965011
vt 0.507027 0.228721
vt 0.534621 0.235086
vt 0.529173 0.265986
vt 0.550791 0.066016
vt 0.227967 0.800382
vt 0.940357 0.555458
vt 0.221784 0.048233
vt 0.600521 0.411909
vt 0.598622 0.435467
vt 0.341572 0.758650
vt 0.345303 0.755628
vt 0.352482 0.767966
vt 0.027580 0.503632
vt 0.787742 0.772350
vt 0.030175 0.518981
vt 0.359552 0.766608
vt 0.033445 0.163402
vt 0.214240 0.637246
vt 0.503204 0.845773
vt 0.510330 0.839794
vt 0.510941 0.851516
vt 0.347579 0.781123
vt 0.881902 0.876283
vt 0.616346 0.574086
vt 0.184678 0.637408
vt 0.121214 0.052759
vt 0.561021 0.357906
vt 0.572159 0.359627
vt 0.569111 0.368140
vt 0.026273 0.229149
vt 0.007635 0.222858
vt 0.021109 0.214152
vt 0.709100 0.685038
vt 0.379228 0.751537
vt 0.390445 0.738220
vt 0.409024 0.716067
vt 0.694233 0.653791
vt 0.289141 0.579295
vt 0.447337 0.993767
vt 0.446281 0.982692
vt 0.477871 0.983795
vt 0.886573 0.010710
vt 0.886573 0.027214
vt 0.881890 0.015011
vt 0.475396 0.972301
vt 0.969878 0.084673
vt 0.557814 0.006546
vt 0.557814 0.027386
vt 0.548973 0.009207
vt 0.854698 0.550577
vt 0.374785 0.476348
vt 0.843749 0.076589
vt 0.847937 0.074798
vt 0.873981 0.114417
vt 0.371718 0.381304
vt 0.843656 0.072221
vt 0.827052 0.056444
vt 0.874734 0.161473
vt 0.301806 0.860209
vt 0.838085 0.558066
vt 0.810851 0.577044
vt 0.809026 0.567248
vt 0.929369 0.491471
vt 0.116983 0.843326
vt 0.593156 0.189807
vt 0.266913 0.922120
vt 0.957210 0.132295
vt 0.390014 0.767356
vt 0.627401 0.563969
vt 0.612158 0.569130
vt 0.630598 0.556483
vt 0.512015 0.830083
vt 0.522678 0.839940
vt 0.182078 0.050603
vt 0.611456 0.500049
vt 0.610059 0.482795
vt 0.631192 0.498457
vt 0.498892 0.825040
vt 0.844607 0.397590
vt 0.598976 0.670352
vt 0.378683 0.764736
vt 0.459783 0.648845
vt 0.084859 0.064832
vt 0.033319 0.223168
vt 0.026863 0.233022
vt 0.034569 0.228708
vt 0.049750 0.235655
vt 0.389993 0.712579
vt 0.386096 0.681871
vt 0.394191 0.713764
vt 0.719279 0.443836
vt 0.134702 0.950206
vt 0.280262 0.296093
vt 0.947354 0.091876
vt 0.930135 0.113383
vt 0.927807 0.094181
vt 0.958850 0.100844
vt 0.943376 0.116754
vt 0.757755 0.408381
vt 0.291609 0.101148
vt 0.280217 0.106558
vt 0.786604 0.413306
vt 0.793640 0.411506
vt 0.767320 0.352328
vt 0.784722 0.353240
vt 0.768435 0.364857
vt 0.802783 0.406142
vt 0.871125 0.142965
vt 0.489953 0.122469
vt 0.835753 0.974893
vt 0.120997 0.161582
vt 0.063930 0.269422
vt 0.150911 0.148618
vt 0.606043 0.196426
vt 0.598759 0.185209
vt 0.617017 0.178960
vt 0.226694 0.940512
vt 0.063555 0.504588
vt 0.056247 0.498430
vt 0.612609 0.437346
vt 0.623636 0.438122
vt 0.596968 0.162731
vt 0.981393 0.136481
vt 0.522036 0.861767
vt 0.563526 0.709497
vt 0.509562 0.859971
vt 0.601453 0.656143
vt 0.877196 0.892364
vt 0.034381 0.125539
vt 0.023007 0.116477
vt 0.031108 0.116548
vt 0.571304 0.343703
vt 0.702211 0.682223
vt 0.700206 0.795559
vt 0.156662 0.348021
vt 0.381098 0.451654
vt 0.166232 0.675741
vt 0.061865 0.672387
vt 0.046775 0.669816
vt 0.044969 0.656690
vt 0.770744 0.995352
vt 0.213832 0.816376
vt 0.078750 0.601719
vt 0.309504 0.055583
vt 0.323334 0.067459
vt 0.320388 0.083868
vt 0.344984 0.361404
vt 0.914186 0.475957
vt 0.064585 0.615350
vt 0.573043 0.016789
vt 0.575052 0.001737
vt 0.583258 0.002167
vt 0.596617 0.023712
vt 0.579455 0.086049
vt 0.579691 0.074637
vt 0.300941 0.504027
vt 0.310409 0.511382
vt 0.301959 0.512459
vt 0.541608 0.258092
vt 0.545419 0.237992
vt 0.569472 0.250380
vt 0.956488 0.505639
vt 0.969342 0.524804
vt 0.395184 0.003122
vt 0.402773 0.004693
vt 0.395281 0.011826
vt 0.405099 0.022930
vt 0.961255 0.534986
vt 0.568542 0.230308
vt 0.082341 0.233053
vt 0.005003 0.155347
vt 0.664653 0.265835
vt 0.534641 0.060783
vt 0.043935 0.488126
vt 0.537787 0.854344
vt 0.978532 0.345449
vt 0.973808 0.357449
vt 0.970735 0.352943
vt 0.947405 0.662394
vt 0.939858 0.669942
vt 0.916367 0.664117
vt 0.598033 0.157170
vt 0.206534 0.643260
vt 0.612083 0.577256
vt 0.161365 0.039939
vt 0.321178 0.043811
vt 0.495148 0.811474
vt 0.510625 0.813179
vt 0.557940 0.346354
vt 0.951286 0.233123
vt 0.007535 0.124551
vt 0.444831 0.683741
vt 0.688212 0.660958
vt 0.714106 0.454601
vt 0.272254 0.309889
vt 0.791107 0.517170
vt 0.378083 0.461689
vt 0.374262 0.495851
vt 0.853477 0.114933
vt 0.511672 0.151117
vt 0.486899 0.131899
vt 0.061582 0.624121
vt 0.338696 0.507393
vt 0.826743 0.584342
vt 0.235165 0.863436
vt 0.659752 0.242428
vt 0.640766 0.438353
vt 0.028438 0.172576
vt 0.010190 0.172575
vt 0.672206 0.254713
vt 0.613056 0.169721
vt 0.238975 0.647051
vt 0.347816 0.754661
vt 0.356292 0.756067
vt 0.600637 0.483627
vt 0.596297 0.578796
vt 0.552036 0.566671
vt 0.567476 0.556379
vt 0.115673 0.064681
vt 0.607897 0.585885
vt 0.837712 0.394294
vt 0.983273 0.578444
vt 0.998462 0.589480
vt 0.976088 0.612674
vt 0.830142 0.396654
vt 0.870530 0.890362
vt 0.374843 0.748045
vt 0.455913 0.702303
vt 0.178653 0.087038
vt 0.045799 0.682609
vt 0.147075 0.908739
vt 0.371497 0.468423
vt 0.380760 0.365964
vt 0.398377 0.363093
vt 0.386230 0.370719
vt 0.398964 0.344395
vt 0.293052 0.508184
vt 0.548201 0.270780
vt 0.571316 0.259982
vt 0.478254 0.105767
vt 0.655394 0.225277
vt 0.004658 0.342703
vt 0.018508 0.328854
vt 0.041749 0.342803
vt 0.659585 0.429911
vt 0.394302 0.028814
vt 0.085922 0.240589
vt 0.331697 0.825659
vt 0.085020 0.226255
vt 0.094311 0.230496
vt 0.666867 0.247953
vt 0.803134 0.706105
vt 0.787148 0.688466
vt 0.809111 0.694863
vt 0.214701 0.036418
vt 0.677883 0.266225
vt 0.053880 0.162241
vt 0.383618 0.981771
vt 0.383618 0.991282
vt 0.374366 0.989656
vt 0.933718 0.582278
vt 0.934345 0.568219
vt 0.954049 0.588781
vt 0.360274 0.755951
vt 0.994909 0.116938
vt 0.980805 0.116176
vt 0.987962 0.098461
vt 0.799335 0.764228
vt 0.813832 0.780249
vt 0.970373 0.567090
vt 0.302057 0.044250
vt 0.603106 0.579077
vt 0.441441 0.041386
vt 0.429105 0.052405
vt 0.424249 0.044595
vt 0.133292 0.040117
vt 0.597325 0.604642
vt 0.600304 0.597293
vt 0.926681 0.219694
vt 0.605237 0.688345
vt 0.443542 0.654065
vt 0.014628 0.234411
vt 0.020288 0.235948
vt 0.558852 0.336644
vt 0.564727 0.324180
vt 0.579117 0.336352
vt 0.441335 0.688450
vt 0.392599 0.445370
vt 0.173098 0.351820
vt 0.178577 0.338280
vt 0.145640 0.957626
vt 0.205009 0.170975
vt 0.229426 0.156196
vt 0.233218 0.168559
vt 0.978146 0.091149
vt 0.290444 0.502055
vt 0.294802 0.475779
vt 0.842876 0.964009
vt 0.860820 0.066078
vt 0.854438 0.069756
vt 0.790244 0.377292
vt 0.078160 0.248255
vt 0.812225 0.597049
vt 0.354726 0.143271
vt 0.344910 0.127548
vt 0.237675 0.875909
vt 0.221593 0.863256
vt 0.670895 0.238539
vt 0.680339 0.245580
vt 0.068229 0.491070
vt 0.802923 0.681632
vt 0.791364 0.676161
vt 0.614911 0.160752
vt 0.688112 0.260844
vt 0.678379 0.258974
vt 0.675046 0.251859
vt 0.828827 0.766911
vt 0.946818 0.594309
vt 0.594910 0.568639
vt 0.591092 0.567628
vt 0.954578 0.610056
vt 0.347089 0.050538
vt 0.979456 0.582308
vt 0.508912 0.805059
vt 0.378377 0.741836
vt 0.957921 0.229090
vt 0.811841 0.403704
vt 0.824053 0.395498
vt 0.673005 0.789460
vt 0.437644 0.695963
vt 0.170969 0.069111
vt 0.060154 0.459034
vt 0.083227 0.451537
vt 0.066862 0.477510
vt 0.268193 0.078442
vt 0.761924 0.405704
vt 0.265318 0.064696
vt 0.044379 0.643880
vt 0.340788 0.074069
vt 0.328678 0.060098
vt 0.357342 0.055084
vt 0.856702 0.071579
vt 0.011628 0.409869
vt 0.016661 0.417665
vt 0.008538 0.421804
vt 0.397244 0.372331
vt 0.291257 0.519895
vt 0.302666 0.521262
vt 0.796110 0.604750
vt 0.085998 0.246793
vt 0.956602 0.547099
vt 0.227885 0.780220
vt 0.132535 0.034389
vt 0.121739 0.034052
vt 0.128399 0.031384
vt 0.933577 0.955877
vt 0.933604 0.982525
vt 0.912516 0.956653
vt 0.794601 0.662144
vt 0.121750 0.028703
vt 0.186623 0.856687
vt 0.172934 0.843963
vt 0.183311 0.832900
vt 0.591271 0.555537
vt 0.593240 0.492411
vt 0.588478 0.486729
vt 0.894716 0.221746
vt 0.928917 0.208468
vt 0.603038 0.585993
vt 0.605839 0.593524
vt 0.973458 0.609829
vt 0.441896 0.666230
vt 0.808570 0.399424
vt 0.674648 0.673955
vt 0.681832 0.656941
vt 0.118060 0.976720
vt 0.199714 0.163178
vt 0.192814 0.181397
vt 0.356438 0.512911
vt 0.258404 0.070738
vt 0.954018 0.130806
vt 0.948852 0.134742
vt 0.942189 0.123727
vt 0.387576 0.484247
vt 0.202809 0.820986
vt 0.028127 0.351366
vt 0.038219 0.358245
vt 0.025230 0.371234
vt 0.789237 0.396377
vt 0.360655 0.071562
vt 0.375674 0.372831
vt 0.285832 0.486708
vt 0.328930 0.083773
vt 0.830992 0.956789
vt 0.989209 0.868487
vt 0.962652 0.871374
vt 0.992397 0.862492
vt 0.100934 0.147764
vt 0.566014 0.066894
vt 0.666581 0.442272
vt 0.674185 0.226538
vt 0.618765 0.449046
vt 0.916571 0.938856
vt 0.953247 0.345838
vt 0.965259 0.361851
vt 0.048834 0.484889
vt 0.784856 0.750870
vt 0.714818 0.991641
vt 0.725591 0.995562
vt 0.714456 0.998858
vt 0.936518 0.593747
vt 0.587058 0.559956
vt 0.541874 0.763296
vt 0.541680 0.774233
vt 0.524465 0.783323
vt 0.598218 0.508150
vt 0.199076 0.649991
vt 0.613218 0.657899
vt 0.832703 0.389365
vt 0.623578 0.679749
vt 0.501465 0.793423
vt 0.515804 0.801466
vt 0.489054 0.798873
vt 0.951665 0.220028
vt 0.696134 0.692096
vt 0.394811 0.451405
vt 0.915073 0.095064
vt 0.057046 0.696258
vt 0.047398 0.700076
vt 0.593610 0.426992
vt 0.582517 0.424935
vt 0.583111 0.410719
vt 0.389648 0.458645
vt 0.734143 0.400413
vt 0.268305 0.109232
vt 0.082909 0.658780
vt 0.080951 0.671460
vt 0.746688 0.979621
vt 0.773125 0.399254
vt 0.840404 0.134833
vt 0.853584 0.976874
vt 0.845302 0.989835
vt 0.922428 0.456313
vt 0.407596 0.328418
vt 0.412363 0.346745
vt 0.836148 0.943768
vt 0.271583 0.525718
vt 0.265263 0.637365
vt 0.260250 0.632165
vt 0.259620 0.623381
vt 0.390844 0.379665
vt 0.990294 0.091467
vt 0.827194 0.597937
vt 0.822441 0.727325
vt 0.816857 0.741701
vt 0.798272 0.719629
vt 0.058711 0.479837
vt 0.587910 0.450214
vt 0.790901 0.747736
vt 0.817256 0.747710
vt 0.039731 0.485985
vt 0.054296 0.475994
vt 0.036309 0.468098
vt 0.355258 0.745206
vt 0.252560 0.762074
vt 0.856094 0.392282
vt 0.448720 0.031166
vt 0.451779 0.042222
vt 0.689077 0.689430
vt 0.263685 0.296092
vt 0.137962 0.371926
vt 0.157382 0.366588
vt 0.920946 0.114659
vt 0.165315 0.085411
vt 0.145330 0.894040
vt 0.156690 0.882818
vt 0.478863 0.123715
vt 0.781717 0.085788
vt 0.788489 0.065943
vt 0.797923 0.083148
vt 0.412231 0.370281
vt 0.317522 0.099606
vt 0.309505 0.097008
vt 0.781550 0.380640
vt 0.789241 0.383928
vt 0.192088 0.755501
vt 0.219112 0.774147
vt 0.200633 0.783886
vt 0.541772 0.295311
vt 0.544019 0.310206
vt 0.531822 0.305814
vt 0.216322 0.869029
vt 0.334011 0.136494
vt 0.682089 0.611974
vt 0.674531 0.599434
vt 0.691512 0.595621
vt 0.949789 0.559730
vt 0.471280 0.531033
vt 0.462056 0.503417
vt 0.475987 0.503238
vt 0.100020 0.033008
vt 0.798355 0.745649
vt 0.216629 0.649778
vt 0.717984 0.980971
vt 0.731951 0.989179
vt 0.547964 0.361650
vt 0.258769 0.761309
vt 0.434778 0.674741
vt 0.808678 0.390564
vt 0.588144 0.308507
vt 0.423313 0.705080
vt 0.412924 0.738381
vt 0.666817 0.666071
vt 0.066004 0.683946
vt 0.127285 0.903640
vt 0.257728 0.080180
vt 0.941912 0.128795
vt 0.863204 0.995308
vt 0.209882 0.853507
vt 0.349085 0.079256
vt 0.986118 0.875691
vt 0.407370 0.376164
vt 0.553762 0.295601
vt 0.555775 0.300017
vt 0.220932 0.786490
vt 0.561381 0.057593
vt 0.838121 0.601004
vt 0.910704 0.973457
vt 0.595382 0.456355
vt 0.670327 0.577130
vt 0.944579 0.359855
vt 0.161746 0.819353
vt 0.511811 0.769430
vt 0.315391 0.055683
vt 0.584297 0.489232
vt 0.461169 0.030584
vt 0.456650 0.046437
vt 0.826721 0.386063
vt 0.619335 0.689585
vt 0.428096 0.685987
vt 0.072686 0.438072
vt 0.201583 0.670761
vt 0.390462 0.501051
vt 0.387928 0.410756
vt 0.394392 0.416930
vt 0.380124 0.475506
vt 0.754015 0.360500
vt 0.941463 0.467900
vt 0.865163 0.067236
vt 0.993436 0.877572
vt 0.990789 0.881185
vt 0.429231 0.328948
vt 0.014985 0.361992
vt 0.427834 0.342192
vt 0.781704 0.395176
vt 0.222004 0.754823
vt 0.643408 0.448993
vt 0.887903 0.959478
vt 0.832892 0.604097
vt 0.827960 0.686327
vt 0.456426 0.524342
vt 0.103622 0.027122
vt 0.714102 0.978687
vt 0.110171 0.023077
vt 0.730201 0.982817
vt 0.973182 0.372901
vt 0.246476 0.757499
vt 0.474424 0.494215
vt 0.473089 0.486966
vt 0.984073 0.123861
vt 0.988473 0.123932
vt 0.830156 0.000001
vt 0.830156 0.016466
vt 0.809065 0.011265
vt 0.658043 0.667962
vt 0.639962 0.652051
vt 0.102347 0.981048
vt 0.595968 0.402970
vt 0.590524 0.399372
vt 0.482986 0.144570
vt 0.854132 0.947911
vt 0.480828 0.134620
vt 0.383196 0.372631
vt 0.769015 0.385146
vt 0.019033 0.371175
vt 0.990835 0.899983
vt 0.982671 0.884975
vt 0.260781 0.642101
vt 0.245846 0.633587
vt 0.427786 0.359347
vt 0.818113 0.710898
vt 0.959153 0.942898
vt 0.958157 0.916748
vt 0.967026 0.927448
vt 0.950116 0.918633
vt 0.766620 0.072306
vt 0.767582 0.084166
vt 0.746750 0.085126
vt 0.666819 0.584942
vt 0.807391 0.654712
vt 0.735997 0.987404
vt 0.976648 0.113318
vt 0.439058 0.055950
vt 0.617678 0.654057
vt 0.626511 0.670618
vt 0.837877 0.382974
vt 0.547432 0.344111
vt 0.816639 0.377893
vt 0.959076 0.214364
vt 0.790612 0.389720
vt 0.685145 0.700578
vt 0.003599 0.174894
vt 0.035822 0.174894
vt 0.019691 0.184387
vt 0.856762 0.963582
vt 0.037378 0.385708
vt 0.027965 0.387240
vt 0.024701 0.436003
vt 0.098155 0.687670
vt 0.097608 0.705755
vt 0.078527 0.709982
vt 0.537888 0.290482
vt 0.375847 0.157604
vt 0.349394 0.149242
vt 0.338433 0.095318
vt 0.118922 0.699998
vt 0.012237 0.365495
vt 0.422433 0.368387
vt 0.004908 0.355406
vt 0.009023 0.353470
vt 0.433495 0.344321
vt 0.434701 0.349595
vt 0.758224 0.058750
vt 0.772257 0.061350
vt 0.969281 0.546675
vt 0.764026 0.088448
vt 0.428367 0.365864
vt 0.828303 0.604535
vt 0.828642 0.607007
vt 0.451247 0.501999
vt 0.093014 0.030159
vt 0.239412 0.986563
vt 0.239882 0.991924
vt 0.226278 0.979817
vt 0.528878 0.748911
vt 0.467020 0.485481
vt 0.980091 0.121892
vt 0.401292 0.433963
vt 0.141541 0.383354
vt 0.132417 0.386691
vt 0.717627 0.977144
vt 0.751668 0.395239
vt 0.201589 0.829581
vt 0.209486 0.150429
vt 0.062582 0.650613
vt 0.272587 0.475996
vt 0.270390 0.628856
vt 0.264977 0.617057
vt 0.522821 0.304854
vt 0.546725 0.280642
vt 0.785569 0.056632
vt 0.798161 0.058800
vt 0.552704 0.284549
vt 0.976763 0.886177
vt 0.954853 0.911092
vt 0.809602 0.610220
vt 0.015412 0.779480
vt 0.005802 0.798047
vt 0.001715 0.780779
vt 0.815453 0.608293
vt 0.322988 0.143414
vt 0.822972 0.605379
vt 0.807995 0.615969
vt 0.817651 0.610204
vt 0.814136 0.630057
vt 0.822796 0.606758
vt 0.593746 0.524238
vt 0.570953 0.494225
vt 0.982635 0.131080
vt 0.015100 0.480172
vt 0.020948 0.477523
vt 0.032382 0.494475
vt 0.938876 0.195762
vt 0.481579 0.785754
vt 0.473140 0.013645
vt 0.491052 0.000631
vt 0.500912 0.018830
vt 0.404592 0.439770
vt 0.103244 0.991969
vt 0.565990 0.426467
vt 0.571594 0.412759
vt 0.047052 0.463339
vt 0.044019 0.456366
vt 0.052562 0.443442
vt 0.759297 0.392413
vt 0.234131 0.150575
vt 0.773655 0.386823
vt 0.019517 0.380680
vt 0.778651 0.064845
vt 0.973458 0.893577
vt 0.000703 0.360476
vt 0.769886 0.078977
vt 0.772294 0.072740
vt 0.772829 0.068872
vt 0.041163 0.801476
vt 0.033862 0.787227
vt 0.051179 0.791515
vt 0.766786 0.095564
vt 0.436734 0.358757
vt 0.651971 0.592931
vt 0.656152 0.585848
vt 0.659768 0.572612
vt 0.642823 0.570946
vt 0.648772 0.578152
vt 0.639775 0.596547
vt 0.101654 0.010022
vt 0.173117 0.813040
vt 0.957951 0.376246
vt 0.474340 0.051021
vt 0.457832 0.064221
vt 0.215707 0.998794
vt 0.216901 0.973262
vt 0.634486 0.648787
vt 0.929177 0.198500
vt 0.632697 0.680100
vt 0.426460 0.677062
vt 0.501595 0.485695
vt 0.491655 0.477031
vt 0.491665 0.470138
vt 0.156635 0.972609
vt 0.132437 0.887913
vt 0.573717 0.390604
vt 0.599591 0.376900
vt 0.184091 0.158212
vt 0.731878 0.364249
vt 0.751071 0.384543
vt 0.761086 0.383357
vt 0.964911 0.897920
vt 0.966129 0.916399
vt 0.031329 0.778035
vt 0.030866 0.784191
vt 0.138040 0.698223
vt 0.107067 0.720978
vt 0.999951 0.972958
vt 0.995558 0.979003
vt 0.995779 0.970597
vt 0.019468 0.798302
vt 0.977682 0.967302
vt 0.983733 0.962224
vt 0.993415 0.981093
vt 0.650642 0.606260
vt 0.096137 0.022378
vt 0.936131 0.027225
vt 0.938131 0.008203
vt 0.952092 0.007206
vt 0.570434 0.482748
vt 0.322291 0.058774
vt 0.998061 0.126689
vt 0.994564 0.133028
vt 0.986746 0.126468
vt 0.491105 0.779546
vt 0.868076 0.456338
vt 0.832584 0.458697
vt 0.855392 0.438824
vt 0.178050 0.358563
vt 0.915275 0.107650
vt 0.903425 0.094340
vt 0.909150 0.115013
vt 0.242236 0.072142
vt 0.391221 0.031987
vt 0.407063 0.029368
vt 0.407971 0.037434
vt 0.815793 0.996273
vt 0.810504 0.979995
vt 0.835204 0.979775
vt 0.010840 0.456053
vt 0.254861 0.616669
vt 0.009570 0.067111
vt 0.030825 0.084075
vt 0.008541 0.078870
vt 0.368162 0.166003
vt 0.020242 0.394039
vt 0.207824 0.874235
vt 0.245186 0.625088
vt 0.040309 0.010125
vt 0.037805 0.020813
vt 0.032085 0.020813
vt 0.973537 0.925017
vt 0.026202 0.791354
vt 0.332562 0.156368
vt 0.443284 0.345493
vt 0.441888 0.376681
vt 0.674064 0.624164
vt 0.918952 0.994032
vt 0.193789 0.817348
vt 0.966739 0.382484
vt 0.476450 0.066595
vt 0.500860 0.763081
vt 0.516224 0.746457
vt 0.906642 0.066714
vt 0.890264 0.052971
vt 0.911979 0.049664
vt 0.668844 0.049075
vt 0.689874 0.040580
vt 0.680071 0.059443
vt 0.414476 0.688569
vt 0.514191 0.478723
vt 0.513181 0.490110
vt 0.507346 0.483490
vt 0.410542 0.425097
vt 0.394613 0.476973
vt 0.073634 0.419196
vt 0.400282 0.489070
vt 0.949981 0.142900
vt 0.936949 0.136247
vt 0.734725 0.379784
vt 0.721233 0.371027
vt 0.189432 0.829402
vt 0.032518 0.070344
vt 0.514744 0.305665
vt 0.525194 0.289191
vt 0.865833 0.241010
vt 0.878743 0.242624
vt 0.879684 0.258649
vt 0.067715 0.019044
vt 0.822348 0.661848
vt 0.435359 0.081192
vt 0.578147 0.030551
vt 0.570828 0.019280
vt 0.607170 0.031756
vt 0.556610 0.509017
vt 0.811131 0.644386
vt 0.977865 0.377900
vt 0.626619 0.602622
vt 0.619211 0.611620
vt 0.598408 0.607510
vt 0.647443 0.683077
vt 0.831576 0.479431
vt 0.820261 0.461748
vt 0.486344 0.490582
vt 0.479199 0.477157
vt 0.067304 0.696164
vt 0.924165 0.133049
vt 0.940866 0.365285
vt 0.930400 0.360959
vt 0.935053 0.354870
vt 0.180194 0.148051
vt 0.891728 0.022598
vt 0.934120 0.022598
vt 0.907886 0.032292
vt 0.219585 0.141879
vt 0.194386 0.847913
vt 0.013450 0.090621
vt 0.972190 0.890570
vt 0.002159 0.379665
vt 0.977643 0.997357
vt 0.891334 0.983450
vt 0.941628 0.376093
vt 0.224171 0.759586
vt 0.034351 0.473258
vt 0.009062 0.459118
vt 0.903718 0.033745
vt 0.887922 0.073836
vt 0.488770 0.748635
vt 0.755807 0.732032
vt 0.742399 0.705177
vt 0.763580 0.696242
vt 0.429328 0.656341
vt 0.404770 0.407758
vt 0.944169 0.145150
vt 0.421940 0.054803
vt 0.408109 0.055838
vt 0.868082 0.982214
vt 0.681129 0.276832
vt 0.666323 0.288320
vt 0.670805 0.268485
vt 0.202428 0.142394
vt 0.929265 0.441758
vt 0.237615 0.142546
vt 0.547418 0.277264
vt 0.538400 0.279944
vt 0.208963 0.886065
vt 0.025783 0.798353
vt 0.020083 0.802136
vt 0.236890 0.741048
vt 0.232079 0.756055
vt 0.860867 0.219605
vt 0.826540 0.641361
vt 0.408242 0.007006
vt 0.424592 0.001693
vt 0.423180 0.019764
vt 0.828121 0.632915
vt 0.555934 0.482760
vt 0.498740 0.730548
vt 0.887951 0.029457
vt 0.991348 0.382468
vt 0.997517 0.389325
vt 0.981430 0.386213
vt 0.542634 0.331461
vt 0.761294 0.675244
vt 0.751333 0.648457
vt 0.757236 0.654542
vt 0.130660 0.991102
vt 0.154553 0.975672
vt 0.148452 0.996883
vt 0.403221 0.495276
vt 0.095438 0.677260
vt 0.046013 0.076394
vt 0.890264 0.241945
vt 0.870592 0.221305
vt 0.144342 0.036770
vt 0.147058 0.023423
vt 0.161957 0.015832
vt 0.351920 0.039249
vt 0.367880 0.046289
vt 0.362105 0.056694
vt 0.645950 0.602436
vt 0.434691 0.509415
vt 0.829247 0.261138
vt 0.846267 0.253455
vt 0.850853 0.261399
vt 0.432996 0.485058
vt 0.833667 0.428191
vt 0.986423 0.136368
vt 0.670010 0.088219
vt 0.693198 0.075597
vt 0.551130 0.313517
vt 0.486472 0.019062
vt 0.478144 0.044691
vt 0.467620 0.016187
vt 0.153044 0.391702
vt 0.058617 0.702789
vt 0.554234 0.468673
vt 0.549985 0.500650
vt 0.529306 0.482657
vt 0.046458 0.072691
vt 0.072452 0.068118
vt 0.091893 0.081731
vt 0.865275 0.956069
vt 0.858891 0.929115
vt 0.866368 0.933326
vt 0.511730 0.278805
vt 0.460567 0.366139
vt 0.219204 0.735417
vt 0.014114 0.804351
vt 0.132223 0.029909
vt 0.139858 0.023978
vt 0.639557 0.616414
vt 0.645386 0.607653
vt 0.011396 0.817275
vt 0.445289 0.543745
vt 0.956653 0.388084
vt 0.990723 0.273529
vt 0.961446 0.277607
vt 0.957188 0.271525
vt 0.129460 0.006144
vt 0.631193 0.618789
vt 0.993411 0.283169
vt 0.789156 0.265339
vt 0.795971 0.255548
vt 0.808340 0.266741
vt 0.538734 0.346427
vt 0.697811 0.054043
vt 0.765423 0.668458
vt 0.479376 0.506216
vt 0.180975 0.141266
vt 0.422205 0.036475
vt 0.203168 0.133972
vt 0.995901 0.659888
vt 0.985362 0.672447
vt 0.966674 0.660704
vt 0.534165 0.270603
vt 0.549711 0.274131
vt 0.087428 0.734918
vt 0.037175 0.088086
vt 0.202587 0.736311
vt 0.886613 0.230142
vt 0.147480 0.018269
vt 0.638188 0.613628
vt 0.576539 0.037695
vt 0.597854 0.019278
vt 0.597854 0.003177
vt 0.606238 0.007314
vt 0.919296 0.674698
vt 0.924434 0.676926
vt 0.924434 0.689958
vt 0.916017 0.681095
vt 0.705408 0.040024
vt 0.616677 0.340235
vt 0.602840 0.357368
vt 0.589690 0.325563
vt 0.942734 0.420328
vt 0.940656 0.437616
vt 0.924341 0.421831
vt 0.063738 0.707082
vt 0.044729 0.437301
vt 0.555189 0.404019
vt 0.082386 0.700146
vt 0.407340 0.494982
vt 0.490133 0.309720
vt 0.188827 0.865849
vt 0.032923 0.467876
vt 0.740592 0.008556
vt 0.754337 0.000620
vt 0.744253 0.015098
vt 0.530942 0.275754
vt 0.241454 0.611226
vt 0.243541 0.626440
vt 0.559996 0.015706
vt 0.982152 0.288683
vt 0.999961 0.152474
vt 0.810131 0.243240
vt 0.997074 0.404086
vt 0.982237 0.402384
vt 0.757321 0.646710
vt 0.767541 0.663388
vt 0.779884 0.094269
vt 0.780530 0.099044
vt 0.768541 0.099011
vt 0.072048 0.926826
vt 0.077633 0.935765
vt 0.063092 0.928147
vt 0.747863 0.092936
vt 0.746131 0.098443
vt 0.227512 0.257872
vt 0.207178 0.216740
vt 0.226250 0.221732
vt 0.416567 0.486751
vt 0.111226 0.110914
vt 0.111993 0.132882
vt 0.098844 0.112189
vt 0.119508 0.126925
vt 0.980668 0.480103
vt 0.998424 0.484861
vt 0.981643 0.504084
vt 0.058825 0.090702
vt 0.001683 0.398634
vt 0.890145 0.990811
vt 0.874779 0.995276
vt 0.053133 0.039285
vt 0.071662 0.051318
vt 0.042555 0.047022
vt 0.877878 0.220697
vt 0.913724 0.688642
vt 0.964371 0.289353
vt 0.829484 0.244059
vt 0.180252 0.793070
vt 0.165394 0.793279
vt 0.071343 0.415206
vt 0.049266 0.412672
vt 0.049356 0.399953
vt 0.772769 0.716392
vt 0.741167 0.695783
vt 0.100241 0.679238
vt 0.981246 0.331276
vt 0.984968 0.317860
vt 0.992921 0.326481
vt 0.998873 0.507422
vt 0.225370 0.139490
vt 0.264475 0.603809
vt 0.238469 0.137767
vt 0.042361 0.440344
vt 0.052023 0.091680
vt 0.354256 0.177625
vt 0.365034 0.173590
vt 0.884020 0.272910
vt 0.469539 0.353580
vt 0.569270 0.047168
vt 0.426326 0.515696
vt 0.854556 0.245498
vt 0.775895 0.706517
vt 0.525876 0.018932
vt 0.513545 0.009973
vt 0.522682 0.003024
vt 0.800376 0.428559
vt 0.040023 0.397198
vt 0.783122 0.440122
vt 0.795491 0.466447
vt 0.039508 0.374971
vt 0.592241 0.368164
vt 0.578979 0.343013
vt 0.501118 0.503386
vt 0.934315 0.443562
vt 0.971646 0.410919
vt 0.983845 0.425457
vt 0.945297 0.426406
vt 0.702969 0.998473
vt 0.698198 0.983788
vt 0.710485 0.981068
vt 0.540637 0.058510
vt 0.530484 0.057077
vt 0.532827 0.030295
vt 0.421028 0.551369
vt 0.412504 0.496865
vt 0.975089 0.151168
vt 0.758957 0.108439
vt 0.929285 0.370074
vt 0.918642 0.358836
vt 0.098880 0.133520
vt 0.741994 0.106054
vt 0.727654 0.094766
vt 0.422467 0.024122
vt 0.140826 0.121033
vt 0.217924 0.138176
vt 0.257824 0.601941
vt 0.754418 0.016845
vt 0.194722 0.877453
vt 0.186263 0.737757
vt 0.034449 0.106630
vt 0.197087 0.887217
vt 0.122027 0.747484
vt 0.109623 0.748957
vt 0.376737 0.035621
vt 0.383250 0.045297
vt 0.830130 0.411772
vt 0.772904 0.667510
vt 0.766506 0.653276
vt 0.505317 0.506388
vt 0.952573 0.392103
vt 0.936436 0.381940
vt 0.950849 0.378294
vt 0.124888 0.978777
vt 0.561564 0.208056
vt 0.567497 0.224864
vt 0.553604 0.213069
vt 0.144713 0.003081
vt 0.146001 0.014594
vt 0.136435 0.011300
vt 0.196423 0.239036
vt 0.728505 0.103505
vt 0.434238 0.031551
vt 0.409723 0.013025
vt 0.685505 0.295404
vt 0.872611 0.947792
vt 0.238088 0.606342
vt 0.225786 0.612748
vt 0.074729 0.036504
vt 0.184012 0.001599
vt 0.199454 0.022853
vt 0.172303 0.017542
vt 0.379857 0.071718
vt 0.220490 0.806823
vt 0.193850 0.792647
vt 0.519527 0.508941
vt 0.065185 0.937564
vt 0.013505 0.032388
vt 0.009274 0.039213
vt 0.005296 0.034674
vt 0.690892 0.275707
vt 0.869267 0.924353
vt 0.383288 0.091295
vt 0.395542 0.101577
vt 0.364996 0.094956
vt 0.009237 0.114027
vt 0.806402 0.411287
vt 0.518913 0.063600
vt 0.527351 0.055269
vt 0.529928 0.065654
vt 0.536977 0.312157
vt 0.509691 0.506916
vt 0.929349 0.395252
vt 0.545769 0.418922
vt 0.209701 0.259842
vt 0.097456 0.944019
vt 0.080630 0.946337
vt 0.419039 0.492938
vt 0.272476 0.836862
vt 0.255926 0.846934
vt 0.255095 0.829968
vt 0.268803 0.852406
vt 0.259069 0.857382
vt 0.388656 0.093054
vt 0.955969 0.206359
vt 0.947864 0.194369
vt 0.954272 0.196734
vt 0.414129 0.535308
vt 0.918017 0.696475
vt 0.367206 0.085636
vt 0.520352 0.074147
vt 0.781875 0.681527
vt 0.528441 0.333212
vt 0.526678 0.319073
vt 0.581175 0.369103
vt 0.577769 0.212681
vt 0.927042 0.345618
vt 0.946230 0.337150
vt 0.776484 0.107988
vt 0.101897 0.953106
vt 0.127946 0.138074
vt 0.001099 0.039997
vt 0.003288 0.049371
vt 0.519881 0.264429
vt 0.248900 0.592863
vt 0.212961 0.722861
vt 0.904065 0.226535
vt 0.921852 0.235579
vt 0.397907 0.902880
vt 0.376961 0.912916
vt 0.373202 0.895260
vt 0.225036 0.722603
vt 0.906395 0.685744
vt 0.528462 0.016587
vt 0.552171 0.027847
vt 0.413953 0.516699
vt 0.978140 0.410721
vt 0.972745 0.407423
vt 0.776650 0.672621
vt 0.781140 0.660566
vt 0.489598 0.511215
vt 0.185621 0.228794
vt 0.498490 0.264146
vt 0.952392 0.186283
vt 0.942305 0.194286
vt 0.130345 0.634153
vt 0.129526 0.649189
vt 0.123080 0.640300
vt 0.327605 0.171859
vt 0.900972 0.872510
vt 0.887738 0.874947
vt 0.894787 0.864484
vt 0.763534 0.112392
vt 0.741140 0.111330
vt 0.153152 0.123745
vt 0.149388 0.140789
vt 0.270369 0.576961
vt 0.096167 0.034563
vt 0.084151 0.060247
vt 0.358336 0.926509
vt 0.551252 0.061257
vt 0.961651 0.737426
vt 0.961651 0.700199
vt 0.980964 0.717990
vt 0.997813 0.416933
vt 0.018976 0.407054
vt 0.519304 0.320906
vt 0.625077 0.354950
vt 0.561133 0.380730
vt 0.061111 0.940639
vt 0.140824 0.017877
vt 0.096465 0.955908
vt 0.442113 0.027082
vt 0.011340 0.047775
vt 0.716958 0.268079
vt 0.394109 0.884278
vt 0.265968 0.874967
vt 0.607032 0.286862
vt 0.612651 0.267929
vt 0.619611 0.268415
vt 0.196153 0.718110
vt 0.258766 0.879521
vt 0.225618 0.599489
vt 0.579782 0.306920
vt 0.577833 0.286693
vt 0.591665 0.296246
vt 0.569996 0.311756
vt 0.897193 0.693948
vt 0.394372 0.036188
vt 0.404068 0.045001
vt 0.552154 0.042868
vt 0.405750 0.527213
vt 0.399292 0.070180
vt 0.524319 0.045656
vt 0.517173 0.034670
vt 0.527775 0.031636
vt 0.513491 0.057896
vt 0.790770 0.711623
vt 0.022847 0.036989
vt 0.113270 0.629278
vt 0.110246 0.648244
vt 0.252171 0.582031
vt 0.150608 0.626393
vt 0.130579 0.607559
vt 0.594347 0.271591
vt 0.227323 0.593777
vt 0.255854 0.887023
vt 0.841637 0.035745
vt 0.834510 0.055326
vt 0.834837 0.027508
vt 0.910178 0.860440
vt 0.914352 0.883840
vt 0.041909 0.435908
vt 0.026266 0.431685
vt 0.496345 0.513738
vt 0.913134 0.408960
vt 0.770737 0.526561
vt 0.748877 0.537894
vt 0.734831 0.522254
vt 0.121567 0.144282
vt 0.430244 0.018891
vt 0.098752 0.067471
vt 0.373674 0.113199
vt 0.910698 0.702963
vt 0.184372 0.778043
vt 0.549587 0.018706
vt 0.786898 0.674588
vt 0.920949 0.394618
vt 0.528535 0.510964
vt 0.781869 0.112090
vt 0.177179 0.261290
vt 0.075174 0.950612
vt 0.018381 0.023056
vt 0.286143 0.844205
vt 0.269252 0.827495
vt 0.679637 0.310139
vt 0.691143 0.303237
vt 0.507829 0.020719
vt 0.514258 0.014497
vt 0.526265 0.025086
vt 0.276524 0.868152
vt 0.344322 0.090069
vt 0.364297 0.109710
vt 0.587186 0.049250
vt 0.565523 0.057135
vt 0.582845 0.038020
vt 0.925061 0.222560
vt 0.014437 0.683056
vt 0.017055 0.667981
vt 0.026686 0.678297
vt 0.277591 0.202239
vt 0.257214 0.210305
vt 0.269607 0.198131
vt 0.004729 0.669978
vt 0.010154 0.661297
vt 0.795161 0.175205
vt 0.787463 0.173353
vt 0.794558 0.153859
vt 0.916481 0.425781
vt 0.575474 0.232097
vt 0.935713 0.329664
vt 0.539721 0.509320
vt 0.772432 0.119445
vt 0.050607 0.167338
vt 0.059771 0.199425
vt 0.043024 0.183599
vt 0.753923 0.120724
vt 0.100883 0.625874
vt 0.022642 0.043560
vt 0.976357 0.197179
vt 0.261316 0.894061
vt 0.605840 0.037145
vt 0.606633 0.045521
vt 0.897601 0.706499
vt 0.883380 0.693522
vt 0.509582 0.076647
vt 0.507402 0.065368
vt 0.927989 0.873550
vt 0.932911 0.891469
vt 0.916269 0.342569
vt 0.545455 0.393822
vt 0.067278 0.951779
vt 0.092381 0.962089
vt 0.743631 0.120915
vt 0.726614 0.118124
vt 0.367519 0.878342
vt 0.312539 0.202110
vt 0.283913 0.216715
vt 0.340486 0.098722
vt 0.522236 0.309148
vt 0.789939 0.668733
vt 0.504745 0.518852
vt 0.047815 0.856866
vt 0.028981 0.871569
vt 0.032581 0.858198
vt 0.219207 0.007522
vt 0.237380 0.007522
vt 0.223240 0.033895
vt 0.288487 0.863922
vt 0.352379 0.919046
vt 0.496782 0.038777
vt 0.901376 0.849254
vt 0.412003 0.983484
vt 0.393956 0.955047
vt 0.413395 0.950551
vt 0.639984 0.367366
vt 0.616596 0.369948
vt 0.461835 0.169719
vt 0.453004 0.169210
vt 0.450726 0.162525
vt 0.193280 0.276138
vt 0.044408 0.219888
vt 0.138078 0.150775
vt 0.108055 0.962805
vt 0.513412 0.032262
vt 0.725059 0.276641
vt 0.253724 0.217805
vt 0.924375 0.712055
vt 0.914370 0.720746
vt 0.516148 0.314055
vt 0.781504 0.149588
vt 0.779660 0.138970
vt 0.794351 0.143071
vt 0.518117 0.513043
vt 0.924498 0.331834
vt 0.533218 0.416865
vt 0.213783 0.284258
vt 0.389762 0.864391
vt 0.410134 0.868888
vt 0.691958 0.319745
vt 0.706660 0.302046
vt 0.303147 0.222923
vt 0.153608 0.609607
vt 0.277309 0.224261
vt 0.556456 0.030102
vt 0.029203 0.658953
vt 0.004618 0.637231
vt 0.024549 0.651488
vt 0.780415 0.158943
vt 0.395422 0.943668
vt 0.395284 0.935628
vt 0.402867 0.937617
vt 0.725967 0.547363
vt 0.950470 0.320361
vt 0.966026 0.150327
vt 0.986326 0.162048
vt 0.949303 0.160826
vt 0.445487 0.190171
vt 0.431683 0.168188
vt 0.442976 0.169055
vt 0.114419 0.150155
vt 0.085507 0.963773
vt 0.971892 0.886654
vt 0.934795 0.886654
vt 0.942397 0.874324
vt 0.297552 0.872631
vt 0.974207 0.331811
vt 0.957897 0.319961
vt 0.981465 0.319992
vt 0.967125 0.336275
vt 0.967515 0.184083
vt 0.322834 0.156933
vt 0.308768 0.174942
vt 0.296642 0.154695
vt 0.227305 0.586604
vt 0.575086 0.386014
vt 0.589974 0.976692
vt 0.596186 0.987452
vt 0.589443 0.993368
vt 0.472638 0.159856
vt 0.480330 0.162383
vt 0.468916 0.164903
vt 0.529151 0.400391
vt 0.373786 0.861966
vt 0.048996 0.713542
vt 0.059343 0.709583
vt 0.052831 0.717700
vt 0.999126 0.043345
vt 0.993676 0.031657
vt 0.999837 0.021026
vt 0.878465 0.694203
vt 0.413215 0.941056
vt 0.879762 0.403485
vt 0.895613 0.400544
vt 0.014624 0.064903
vt 0.292370 0.835951
vt 0.947361 0.302515
vt 0.977919 0.303742
vt 0.112920 0.615048
vt 0.943523 0.163401
vt 0.956895 0.147112
vt 0.952106 0.138816
vt 0.979531 0.140370
vt 0.584989 0.073734
vt 0.904384 0.719395
vt 0.566349 0.047254
vt 0.505627 0.437164
vt 0.515312 0.444563
vt 0.509430 0.451590
vt 0.514304 0.459098
vt 0.519666 0.459975
vt 0.779918 0.184384
vt 0.923180 0.862768
vt 0.606687 0.207288
vt 0.597843 0.222615
vt 0.471780 0.176473
vt 0.492469 0.160535
vt 0.898493 0.349572
vt 0.915270 0.339239
vt 0.043453 0.885624
vt 0.125222 0.154555
vt 0.246459 0.666120
vt 0.242238 0.672148
vt 0.236984 0.655890
vt 0.497971 0.035403
vt 0.489703 0.022207
vt 0.247322 0.681285
vt 0.869716 0.021922
vt 0.845853 0.021922
vt 0.852114 0.001531
vt 0.294550 0.848026
vt 0.954088 0.291761
vt 0.312553 0.141022
vt 0.347351 0.885173
vt 0.885886 0.709240
vt 0.872971 0.696655
vt 0.913965 0.853895
vt 0.031625 0.630318
vt 0.915779 0.019915
vt 0.927671 0.003546
vt 0.934022 0.020406
vt 0.410459 0.887955
vt 0.409207 0.913005
vt 0.397214 0.885777
vt 0.463308 0.185379
vt 0.531476 0.381809
vt 0.773022 0.137104
vt 0.758904 0.136903
vt 0.039356 0.025113
vt 0.032373 0.044197
vt 0.977092 0.291469
vt 0.997940 0.311635
vt 0.312643 0.237497
vt 0.299392 0.229393
vt 0.732379 0.290246
vt 0.918447 0.157099
vt 0.907134 0.140567
vt 0.934352 0.138334
vt 0.596848 0.064354
vt 0.313422 0.661910
vt 0.305880 0.646846
vt 0.323758 0.653154
vt 0.937657 0.875494
vt 0.532621 0.451239
vt 0.493345 0.057216
vt 0.414905 0.927622
vt 0.386839 0.927454
vt 0.714259 0.535242
vt 0.906630 0.399550
vt 0.480335 0.180118
vt 0.096809 0.974919
vt 0.968622 0.165406
vt 0.364414 0.127995
vt 0.037822 0.675137
vt 0.498479 0.074314
vt 0.930299 0.859862
vt 0.911102 0.386701
vt 0.070737 0.972776
vt 0.039915 0.655995
vt 0.439584 0.953030
vt 0.915635 0.324699
vt 0.924662 0.320046
vt 0.904122 0.336196
vt 0.299296 0.862095
vt 0.279622 0.995314
vt 0.270751 0.987317
vt 0.286262 0.974302
vt 0.827670 0.322667
vt 0.809618 0.308125
vt 0.813527 0.298781
vt 0.974662 0.702093
vt 0.990990 0.704700
vt 0.981366 0.714027
vt 0.944011 0.154681
vt 0.895755 0.156625
vt 0.875363 0.710476
vt 0.300501 0.656488
vt 0.519718 0.424378
vt 0.528423 0.479314
vt 0.052793 0.029559
vt 0.714211 0.317325
vt 0.098193 0.907050
vt 0.079760 0.898719
vt 0.082039 0.885792
vt 0.389638 0.120878
vt 0.053430 0.726113
vt 0.063865 0.720829
vt 0.293174 0.173871
vt 0.843572 0.007731
vt 0.843572 0.032689
vt 0.832576 0.017745
vt 0.586189 0.261597
vt 0.754466 0.168664
vt 0.426595 0.931825
vt 0.469666 0.186624
vt 0.588411 0.240449
vt 0.072487 0.863521
vt 0.747722 0.135859
vt 0.980104 0.299463
vt 0.043986 0.342713
vt 0.055303 0.320353
vt 0.064815 0.340890
vt 0.354644 0.848885
vt 0.334812 0.668521
vt 0.827481 0.039478
vt 0.804164 0.028605
vt 0.831667 0.028704
vt 0.902866 0.726370
vt 0.041281 0.646134
vt 0.450871 0.973084
vt 0.431081 0.886438
vt 0.712749 0.518566
vt 0.733246 0.498759
vt 0.774555 0.058638
vt 0.766962 0.050803
vt 0.779588 0.038178
vt 0.208472 0.126165
vt 0.224773 0.121218
vt 0.219792 0.135663
vt 0.074136 0.924463
vt 0.202314 0.085704
vt 0.216373 0.089724
vt 0.213663 0.107677
vt 0.937176 0.163075
vt 0.802153 0.299985
vt 0.800722 0.312330
vt 0.485686 0.031829
vt 0.911894 0.843382
vt 0.537530 0.464637
vt 0.935792 0.851787
vt 0.532089 0.424507
vt 0.786797 0.017211
vt 0.746907 0.039544
vt 0.726001 0.485572
vt 0.573531 0.241725
vt 0.917839 0.268992
vt 0.936958 0.259028
vt 0.934190 0.268992
vt 0.002470 0.582610
vt 0.016104 0.603756
vt 0.000195 0.619666
vt 0.936153 0.485394
vt 0.946396 0.469663
vt 0.947097 0.486540
vt 0.221283 0.669235
vt 0.221706 0.103995
vt 0.228740 0.705904
vt 0.965860 0.477176
vt 0.487961 0.099235
vt 0.477829 0.074909
vt 0.490339 0.088046
vt 0.966541 0.494508
vt 0.974080 0.678688
vt 0.990036 0.692647
vt 0.124773 0.598077
vt 0.483840 0.047800
vt 0.922715 0.734099
vt 0.750039 0.154519
vt 0.228261 0.204142
vt 0.251708 0.212961
vt 0.245274 0.219462
vt 0.009607 0.572949
vt 0.030263 0.573795
vt 0.997034 0.300726
vt 0.598294 0.128867
vt 0.610991 0.126143
vt 0.592399 0.141484
vt 0.279061 0.960746
vt 0.051943 0.738301
vt 0.061141 0.732274
vt 0.990842 0.680395
vt 0.330881 0.677475
vt 0.308077 0.672586
vt 0.599050 0.233785
vt 0.447908 0.209405
vt 0.235725 0.126677
vt 0.247794 0.693090
vt 0.030948 0.060165
vt 0.465637 0.105714
vt 0.366879 0.843451
vt 0.567941 0.265096
vt 0.552545 0.280472
vt 0.905122 0.729406
vt 0.540736 0.434856
vt 0.473147 0.198318
vt 0.918744 0.245570
vt 0.956445 0.269316
vt 0.605769 0.120056
vt 0.262976 0.974889
vt 0.103029 0.604976
vt 0.111434 0.599876
vt 0.297552 0.140176
vt 0.097570 0.873448
vt 0.077178 0.867952
vt 0.603905 0.073623
vt 0.287968 0.666518
vt 0.285199 0.652010
vt 0.482049 0.062737
vt 0.904493 0.830641
vt 0.915799 0.840179
vt 0.438800 0.937363
vt 0.468614 0.200612
vt 0.742627 0.678544
vt 0.733379 0.651908
vt 0.749859 0.667244
vt 0.478468 0.201063
vt 0.901060 0.331065
vt 0.226144 0.689611
vt 0.827073 0.286939
vt 0.813453 0.284867
vt 0.071731 0.724296
vt 0.406057 0.991832
vt 0.387114 0.997987
vt 0.385860 0.980057
vt 0.076371 0.714057
vt 0.242398 0.189773
vt 0.037687 0.047370
vt 0.073303 0.907854
vt 0.283383 0.161437
vt 0.831340 0.049562
vt 0.817374 0.045098
vt 0.050771 0.651113
vt 0.924409 0.740089
vt 0.544432 0.460691
vt 0.937581 0.844792
vt 0.945595 0.846923
vt 0.758685 0.020283
vt 0.599903 0.248790
vt 0.594858 0.260277
vt 0.075443 0.328714
vt 0.086254 0.340916
vt 0.891859 0.263911
vt 0.494905 0.072206
vt 0.938195 0.312364
vt 0.903677 0.167316
vt 0.900280 0.732388
vt 0.977975 0.200299
vt 0.970320 0.214064
vt 0.963784 0.202386
vt 0.549139 0.433313
vt 0.548339 0.428158
vt 0.044648 0.909102
vt 0.029794 0.895644
vt 0.094566 0.991836
vt 0.071647 0.985645
vt 0.186306 0.988999
vt 0.168609 0.959105
vt 0.187520 0.952222
vt 0.038889 0.065766
vt 0.966245 0.470892
vt 0.828816 0.275795
vt 0.071066 0.729750
vt 0.123304 0.586037
vt 0.069476 0.511675
vt 0.061058 0.526231
vt 0.050992 0.516164
vt 0.926409 0.166181
vt 0.320976 0.683127
vt 0.881954 0.732860
vt 0.288945 0.671253
vt 0.915796 0.834020
vt 0.442078 0.910826
vt 0.893590 0.323936
vt 0.890114 0.333485
vt 0.055645 0.896555
vt 0.605014 0.101329
vt 0.610204 0.101825
vt 0.048900 0.308109
vt 0.068014 0.315124
vt 0.242035 0.707539
vt 0.057948 0.745503
vt 0.261830 0.957314
vt 0.063657 0.742711
vt 0.960532 0.149521
vt 0.080598 0.724906
vt 0.786491 0.285393
vt 0.287927 0.189580
vt 0.919477 0.745961
vt 0.935645 0.839077
vt 0.441126 0.919599
vt 0.086316 0.148460
vt 0.065547 0.144798
vt 0.083780 0.124916
vt 0.226267 0.085395
vt 0.625165 0.116209
vt 0.623187 0.135125
vt 0.070470 0.895476
vt 0.274550 0.952173
vt 0.288280 0.953242
vt 0.076931 0.882186
vt 0.082333 0.528581
vt 0.779562 0.296418
vt 0.961711 0.782845
vt 0.973288 0.773829
vt 0.975288 0.778256
vt 0.554011 0.462355
vt 0.170153 0.001683
vt 0.164250 0.021286
vt 0.164281 0.001169
vt 0.739266 0.143417
vt 0.103714 0.598221
vt 0.097263 0.594504
vt 0.107463 0.581975
vt 0.705263 0.486075
vt 0.701073 0.521749
vt 0.610567 0.243725
vt 0.111239 0.329525
vt 0.089489 0.340779
vt 0.087488 0.321371
vt 0.946495 0.456732
vt 0.937145 0.448606
vt 0.233579 0.112155
vt 0.062243 0.304604
vt 0.534138 0.351621
vt 0.545362 0.351257
vt 0.526080 0.366912
vt 0.253592 0.988899
vt 0.046336 0.293678
vt 0.982345 0.739933
vt 0.992898 0.728308
vt 0.991486 0.744534
vt 0.288888 0.150593
vt 0.810611 0.064708
vt 0.310637 0.909178
vt 0.302544 0.925735
vt 0.297714 0.920148
vt 0.582409 0.083015
vt 0.091345 0.532200
vt 0.100687 0.522177
vt 0.958712 0.780020
vt 0.989702 0.193143
vt 0.986533 0.208225
vt 0.060885 0.013632
vt 0.099794 0.013632
vt 0.086192 0.020799
vt 0.687846 0.537908
vt 0.261195 0.196174
vt 0.086141 0.333797
vt 0.795328 0.919214
vt 0.799379 0.914973
vt 0.807557 0.928975
vt 0.065363 0.126744
vt 0.616579 0.111571
vt 0.986157 0.749321
vt 0.053451 0.289523
vt 0.291314 0.139263
vt 0.979763 0.723722
vt 0.110239 0.588558
vt 0.922958 0.174718
vt 0.303441 0.680955
vt 0.291681 0.678285
vt 0.979330 0.213622
vt 0.941413 0.842394
vt 0.457971 0.956043
vt 0.480666 0.208697
vt 0.218798 0.175385
vt 0.746667 0.628140
vt 0.073315 0.882581
vt 0.079025 0.324947
vt 0.221522 0.708302
vt 0.454430 0.097420
vt 0.538624 0.367579
vt 0.520123 0.378971
vt 0.947411 0.186063
vt 0.302472 0.905754
vt 0.336151 0.902255
vt 0.278936 0.672756
vt 0.961796 0.771354
vt 0.174572 0.008503
vt 0.085971 0.589357
vt 0.101621 0.616255
vt 0.448166 0.924603
vt 0.882364 0.326308
vt 0.034236 0.599708
vt 0.032067 0.606371
vt 0.171198 0.988078
vt 0.209621 0.674290
vt 0.524659 0.351251
vt 0.245513 0.984163
vt 0.279817 0.155247
vt 0.806616 0.269149
vt 0.546777 0.131726
vt 0.542272 0.141600
vt 0.520201 0.135686
vt 0.903535 0.181984
vt 0.301331 0.952648
vt 0.312399 0.956245
vt 0.294078 0.979644
vt 0.976862 0.767527
vt 0.913104 0.820210
vt 0.923572 0.827064
vt 0.808095 0.939787
vt 0.826912 0.926550
vt 0.056616 0.980054
vt 0.846414 0.024743
vt 0.861055 0.024131
vt 0.857272 0.045587
vt 0.237740 0.099453
vt 0.984700 0.762306
vt 0.267808 0.941321
vt 0.269688 0.932921
vt 0.836480 0.570572
vt 0.852578 0.568159
vt 0.855328 0.583571
vt 0.074907 0.741833
vt 0.906000 0.204744
vt 0.906473 0.191364
vt 0.932996 0.190674
vt 0.081574 0.738513
vt 0.076201 0.535252
vt 0.062985 0.534557
vt 0.113876 0.578855
vt 0.086692 0.537353
vt 0.804817 0.057486
vt 0.320490 0.694089
vt 0.563035 0.433098
vt 0.553806 0.425761
vt 0.818108 0.945837
vt 0.825005 0.948061
vt 0.820359 0.963446
vt 0.781569 0.905990
vt 0.808594 0.909231
vt 0.794813 0.891867
vt 0.963675 0.457429
vt 0.972172 0.735207
vt 0.882802 0.219972
vt 0.885660 0.204255
vt 0.894991 0.218432
vt 0.927401 0.186517
vt 0.251018 0.156281
vt 0.290157 0.922785
vt 0.282304 0.941932
vt 0.605565 0.085111
vt 0.305590 0.989668
vt 0.277962 0.676549
vt 0.945156 0.828196
vt 0.105832 0.345691
vt 0.085049 0.356473
vt 0.617582 0.099885
vt 0.883597 0.050087
vt 0.882350 0.025149
vt 0.469568 0.070433
vt 0.900254 0.646445
vt 0.922899 0.650765
vt 0.920014 0.661534
vt 0.981805 0.638722
vt 0.980637 0.625085
vt 0.998404 0.633202
vt 0.073727 0.745042
vt 0.286978 0.889789
vt 0.283647 0.874934
vt 0.285973 0.893995
vt 0.295140 0.683084
vt 0.771483 0.283048
vt 0.565766 0.465341
vt 0.736276 0.161727
vt 0.075983 0.594337
vt 0.074494 0.587557
vt 0.092250 0.579096
vt 0.938077 0.237527
vt 0.988328 0.619259
vt 0.861279 0.554439
vt 0.877277 0.576635
vt 0.939620 0.660619
vt 0.948018 0.650737
vt 0.278636 0.684743
vt 0.571549 0.439044
vt 0.961544 0.767846
vt 0.706354 0.017428
vt 0.694344 0.017428
vt 0.700736 0.002033
vt 0.118255 0.567751
vt 0.100731 0.567783
vt 0.107003 0.561206
vt 0.817858 0.900535
vt 0.120352 0.338889
vt 0.157162 0.125416
vt 0.175432 0.137065
vt 0.165660 0.140135
vt 0.042909 0.967827
vt 0.020964 0.972462
vt 0.028371 0.957264
vt 0.602342 0.984874
vt 0.615223 0.980689
vt 0.611952 0.998852
vt 0.870800 0.591440
vt 0.555544 0.136501
vt 0.046519 0.538225
vt 0.311437 0.701002
vt 0.319352 0.981213
vt 0.311341 0.994841
vt 0.938970 0.819110
vt 0.108706 0.572662
vt 0.360720 0.583742
vt 0.352563 0.572970
vt 0.361623 0.563172
vt 0.066682 0.157947
vt 0.201296 0.652403
vt 0.943313 0.252317
vt 0.043399 0.953137
vt 0.165255 0.947832
vt 0.442221 0.080402
vt 0.247128 0.953914
vt 0.916945 0.640339
vt 0.932425 0.637606
vt 0.134219 0.298035
vt 0.117733 0.316360
vt 0.123715 0.300850
vt 0.207255 0.320002
vt 0.211945 0.294119
vt 0.219904 0.292858
vt 0.294443 0.696316
vt 0.339526 0.014631
vt 0.345105 0.014631
vt 0.343536 0.033772
vt 0.976011 0.755320
vt 0.572571 0.428520
vt 0.097813 0.573903
vt 0.111283 0.577260
vt 0.096424 0.219948
vt 0.121104 0.217851
vt 0.113267 0.247098
vt 0.731767 0.627751
vt 0.715075 0.646693
vt 0.864250 0.056707
vt 0.837960 0.054227
vt 0.218592 0.193015
vt 0.216855 0.207160
vt 0.206146 0.188217
vt 0.212323 0.177814
vt 0.229978 0.214529
vt 0.200310 0.684107
vt 0.905798 0.631230
vt 0.057508 0.956239
vt 0.164912 0.927668
vt 0.180152 0.929543
vt 0.058274 0.758280
vt 0.894059 0.552102
vt 0.951044 0.636607
vt 0.109867 0.312275
vt 0.419046 0.142568
vt 0.428723 0.132190
vt 0.438400 0.151870
vt 0.293810 0.708170
vt 0.788096 0.053318
vt 0.324921 0.964109
vt 0.627724 0.984404
vt 0.617286 0.998770
vt 0.617452 0.979274
vt 0.959276 0.761233
vt 0.406613 0.698855
vt 0.389242 0.680430
vt 0.414755 0.679708
vt 0.101178 0.203358
vt 0.115468 0.201471
vt 0.096897 0.256357
vt 0.347549 0.560637
vt 0.616044 0.091051
vt 0.097350 0.370126
vt 0.981388 0.619163
vt 0.063713 0.759724
vt 0.684398 0.112104
vt 0.683753 0.106870
vt 0.700750 0.114236
vt 0.893588 0.173740
vt 0.526621 0.417532
vt 0.511178 0.416351
vt 0.287243 0.717925
vt 0.957603 0.755932
vt 0.970005 0.749649
vt 0.578604 0.445883
vt 0.099205 0.570929
vt 0.742145 0.017866
vt 0.837360 0.938592
vt 0.233269 0.171257
vt 0.135510 0.322246
vt 0.886821 0.103327
vt 0.871407 0.112227
vt 0.876440 0.095030
vt 0.502194 0.360387
vt 0.911557 0.626802
vt 0.506264 0.365265
vt 0.545352 0.120820
vt 0.558517 0.129513
vt 0.932232 0.629309
vt 0.280116 0.909844
vt 0.137082 0.280003
vt 0.374473 0.210440
vt 0.381047 0.183166
vt 0.390038 0.191299
vt 0.405720 0.666458
vt 0.417932 0.676781
vt 0.758252 0.995808
vt 0.741650 0.983747
vt 0.760845 0.979740
vt 0.578704 0.429139
vt 0.436451 0.286237
vt 0.458561 0.292414
vt 0.445180 0.301354
vt 0.891213 0.100345
vt 0.203839 0.717358
vt 0.987849 0.605290
vt 0.248691 0.095125
vt 0.959576 0.818184
vt 0.960392 0.827514
vt 0.944353 0.814033
vt 0.706182 0.108799
vt 0.391675 0.177370
vt 0.425782 0.163089
vt 0.412853 0.159561
vt 0.324690 0.990448
vt 0.270569 0.024223
vt 0.263592 0.027777
vt 0.270839 0.008151
vt 0.993302 0.215067
vt 0.090796 0.572079
vt 0.121047 0.348361
vt 0.862914 0.106429
vt 0.816359 0.876183
vt 0.824473 0.894181
vt 0.155855 0.090886
vt 0.149425 0.103811
vt 0.160134 0.988047
vt 0.113999 0.379227
vt 0.908411 0.615244
vt 0.093761 0.419707
vt 0.106711 0.391313
vt 0.117068 0.410497
vt 0.035214 0.208787
vt 0.041318 0.202684
vt 0.037758 0.226492
vt 0.242367 0.085685
vt 0.682339 0.241816
vt 0.706548 0.233950
vt 0.696785 0.258476
vt 0.700193 0.102398
vt 0.671202 0.091677
vt 0.487717 0.995448
vt 0.487717 0.979103
vt 0.501804 0.991443
vt 0.348697 0.338520
vt 0.338869 0.328701
vt 0.370184 0.329162
vt 0.341362 0.541571
vt 0.367479 0.552819
vt 0.421922 0.291536
vt 0.746293 0.610704
vt 0.928489 0.232680
vt 0.039619 0.176702
vt 0.101334 0.426336
vt 0.116940 0.420454
vt 0.706408 0.097521
vt 0.628775 0.034407
vt 0.626904 0.050464
vt 0.618952 0.033173
vt 0.947789 0.750192
vt 0.964485 0.746360
vt 0.341873 0.981558
vt 0.390184 0.653242
vt 0.401291 0.653418
vt 0.421437 0.649375
vt 0.785599 0.030393
vt 0.991478 0.222242
vt 0.095548 0.563210
vt 0.261991 0.180425
vt 0.848303 0.907732
vt 0.205259 0.208050
vt 0.022641 0.985418
vt 0.718046 0.111045
vt 0.056165 0.974471
vt 0.063367 0.968623
vt 0.261471 0.929894
vt 0.066097 0.763970
vt 0.102685 0.294421
vt 0.089227 0.750284
vt 0.195845 0.298159
vt 0.975236 0.223166
vt 0.992287 0.230510
vt 0.068372 0.590615
vt 0.077558 0.570311
vt 0.084861 0.160249
vt 0.181315 0.116197
vt 0.498902 0.350931
vt 0.874501 0.184693
vt 0.565100 0.152194
vt 0.548231 0.163113
vt 0.390151 0.222212
vt 0.437084 0.124336
vt 0.459256 0.146830
vt 0.108355 0.814694
vt 0.100520 0.833151
vt 0.087614 0.807589
vt 0.731956 0.681828
vt 0.746973 0.680803
vt 0.737264 0.695701
vt 0.092959 0.566827
vt 0.131812 0.201228
vt 0.716991 0.623462
vt 0.892666 0.088244
vt 0.838372 0.113037
vt 0.844347 0.103182
vt 0.157290 0.951276
vt 0.296910 0.176835
vt 0.320209 0.179610
vt 0.309304 0.183990
vt 0.922661 0.605464
vt 0.498571 0.391503
vt 0.493157 0.375438
vt 0.687258 0.083868
vt 0.129038 0.275718
vt 0.189367 0.332696
vt 0.296456 0.605255
vt 0.275871 0.583354
vt 0.302775 0.584971
vt 0.960684 0.739610
vt 0.975643 0.740619
vt 0.457927 0.153302
vt 0.430484 0.998347
vt 0.420851 0.985089
vt 0.443420 0.978200
vt 0.745520 0.775583
vt 0.739663 0.783269
vt 0.728500 0.759059
vt 0.128673 0.411302
vt 0.865671 0.186129
vt 0.624230 0.055838
vt 0.386939 0.234307
vt 0.408849 0.635564
vt 0.332143 0.275544
vt 0.329867 0.267791
vt 0.359044 0.274725
vt 0.276476 0.172091
vt 0.848671 0.871883
vt 0.864956 0.095632
vt 0.064882 0.175338
vt 0.043959 0.980433
vt 0.718888 0.251365
vt 0.245153 0.928838
vt 0.883088 0.589655
vt 0.414683 0.200987
vt 0.401624 0.207879
vt 0.136500 0.260763
vt 0.861794 0.196455
vt 0.197573 0.284139
vt 0.386777 0.627033
vt 0.450342 0.127003
vt 0.708483 0.036646
vt 0.710515 0.028817
vt 0.731774 0.041240
vt 0.446026 0.310371
vt 0.134958 0.371422
vt 0.109917 0.268444
vt 0.162074 0.425106
vt 0.159509 0.460980
vt 0.141687 0.434335
vt 0.139792 0.443356
vt 0.087750 0.560007
vt 0.279393 0.192296
vt 0.320103 0.344137
vt 0.354897 0.354337
vt 0.325762 0.357030
vt 0.391738 0.285177
vt 0.423507 0.305239
vt 0.708911 0.019601
vt 0.735301 0.031072
vt 0.887090 0.084252
vt 0.710524 0.008752
vt 0.872704 0.087693
vt 0.071769 0.180473
vt 0.193003 0.128794
vt 0.013073 0.192556
vt 0.970356 0.672392
vt 0.972023 0.685971
vt 0.937159 0.672312
vt 0.185902 0.186669
vt 0.975073 0.806462
vt 0.961305 0.797530
vt 0.969901 0.795154
vt 0.725505 0.098543
vt 0.082349 0.409606
vt 0.943425 0.596600
vt 0.573515 0.143838
vt 0.108881 0.685330
vt 0.102526 0.679331
vt 0.104242 0.663005
vt 0.284832 0.600316
vt 0.074986 0.820286
vt 0.712443 0.780522
vt 0.368919 0.578392
vt 0.728374 0.608062
vt 0.196072 0.139427
vt 0.013290 0.203280
vt 0.112914 0.427471
vt 0.256768 0.086304
vt 0.124189 0.025428
vt 0.115364 0.021890
vt 0.117620 0.003514
vt 0.108346 0.013477
vt 0.120141 0.267832
vt 0.184196 0.322170
vt 0.189763 0.293683
vt 0.438893 0.161160
vt 0.391151 0.612857
vt 0.283198 0.176866
vt 0.137381 0.224292
vt 0.352032 0.529828
vt 0.036289 0.008717
vt 0.027882 0.020724
vt 0.004130 0.010593
vt 0.180080 0.090864
vt 0.048517 0.985832
vt 0.867234 0.593528
vt 0.153952 0.422279
vt 0.117720 0.838520
vt 0.731138 0.756152
vt 0.735472 0.752344
vt 0.435035 0.312788
vt 0.309360 0.391699
vt 0.317388 0.366992
vt 0.688764 0.606386
vt 0.704383 0.608326
vt 0.729317 0.008660
vt 0.883406 0.532432
vt 0.872606 0.510738
vt 0.894465 0.524285
vt 0.863094 0.533870
vt 0.860751 0.513713
vt 0.983229 0.790440
vt 0.132062 0.433819
vt 0.484178 0.368057
vt 0.565247 0.662779
vt 0.554447 0.644467
vt 0.570486 0.653140
vt 0.320184 0.213884
vt 0.335101 0.191479
vt 0.708063 0.084101
vt 0.097334 0.286305
vt 0.189369 0.279850
vt 0.345345 0.966763
vt 0.340193 0.989339
vt 0.658056 0.062283
vt 0.632756 0.051544
vt 0.670038 0.040513
vt 0.723062 0.708957
vt 0.082922 0.561098
vt 0.196217 0.210052
vt 0.117799 0.433924
vt 0.546955 0.662519
vt 0.115541 0.674492
vt 0.404572 0.213493
vt 0.025333 0.995466
vt 0.980028 0.820765
vt 0.576994 0.122555
vt 0.577603 0.135315
vt 0.316733 0.441082
vt 0.320861 0.429785
vt 0.330878 0.436542
vt 0.308074 0.436192
vt 0.855427 0.176322
vt 0.108689 0.004785
vt 0.312783 0.283305
vt 0.304421 0.275819
vt 0.444006 0.161089
vt 0.297157 0.613836
vt 0.123875 0.454669
vt 0.135004 0.434812
vt 0.116803 0.501819
vt 0.132051 0.506239
vt 0.123578 0.519800
vt 0.739001 0.714302
vt 0.726366 0.727701
vt 0.318637 0.334000
vt 0.401342 0.311436
vt 0.901550 0.591460
vt 0.112421 0.437598
vt 0.716942 0.085960
vt 0.343739 0.209784
vt 0.322642 0.418522
vt 0.117510 0.665153
vt 0.637083 0.060174
vt 0.283281 0.611424
vt 0.276573 0.601283
vt 0.348898 0.976553
vt 0.092583 0.841615
vt 0.760411 0.193551
vt 0.742597 0.188778
vt 0.759386 0.175601
vt 0.130184 0.256130
vt 0.029693 0.496896
vt 0.001744 0.496896
vt 0.007391 0.481647
vt 0.008393 0.941450
vt 0.024440 0.931280
vt 0.020768 0.948595
vt 0.476594 0.357065
vt 0.984290 0.814433
vt 0.124109 0.440738
vt 0.044096 0.994964
vt 0.374444 0.082711
vt 0.393622 0.081566
vt 0.400110 0.091182
vt 0.118283 0.441646
vt 0.574817 0.644561
vt 0.418488 0.188647
vt 0.437404 0.199590
vt 0.856339 0.185538
vt 0.615371 0.067468
vt 0.618114 0.071850
vt 0.869497 0.605721
vt 0.405397 0.606190
vt 0.276681 0.620371
vt 0.272750 0.611501
vt 0.419442 0.634082
vt 0.463892 0.133338
vt 0.104131 0.846837
vt 0.108255 0.788984
vt 0.103172 0.772214
vt 0.133190 0.776673
vt 0.364256 0.524744
vt 0.882402 0.505670
vt 0.204867 0.098429
vt 0.167183 0.316308
vt 0.166083 0.332028
vt 0.143177 0.318484
vt 0.181020 0.194845
vt 0.881502 0.498159
vt 0.890677 0.499563
vt 0.575188 0.158757
vt 0.166561 0.422186
vt 0.939104 0.813794
vt 0.946489 0.798073
vt 0.952167 0.804648
vt 0.180688 0.284513
vt 0.267942 0.590079
vt 0.709952 0.761687
vt 0.095427 0.443687
vt 0.983993 0.829820
vt 0.238531 0.107072
vt 0.256691 0.120795
vt 0.248230 0.121351
vt 0.684111 0.022805
vt 0.682424 0.031770
vt 0.663819 0.016559
vt 0.118293 0.450469
vt 0.122638 0.450067
vt 0.081153 0.274814
vt 0.085679 0.278309
vt 0.080204 0.279799
vt 0.126669 0.692515
vt 0.076142 0.279360
vt 0.076780 0.285092
vt 0.072462 0.283363
vt 0.872992 0.622050
vt 0.940274 0.798670
vt 0.165326 0.304321
vt 0.652677 0.028131
vt 0.293983 0.624118
vt 0.133555 0.418141
vt 0.124428 0.494184
vt 0.077996 0.549414
vt 0.142726 0.208603
vt 0.696336 0.019887
vt 0.413403 0.321110
vt 0.862938 0.074089
vt 0.891356 0.076874
vt 0.384637 0.543771
vt 0.555324 0.995962
vt 0.546544 0.992022
vt 0.557798 0.984803
vt 0.411773 0.541628
vt 0.422489 0.560806
vt 0.380440 0.552417
vt 0.015415 0.927150
vt 0.079015 0.428034
vt 0.698509 0.225510
vt 0.294150 0.287228
vt 0.296737 0.266970
vt 0.928579 0.810789
vt 0.268769 0.608382
vt 0.306672 0.619714
vt 0.068663 0.299128
vt 0.083095 0.313178
vt 0.074272 0.316250
vt 0.305314 0.262298
vt 0.322099 0.247099
vt 0.065784 0.831465
vt 0.726843 0.733250
vt 0.738813 0.736236
vt 0.115569 0.794937
vt 0.102994 0.796190
vt 0.108017 0.808776
vt 0.759306 0.213187
vt 0.741220 0.204097
vt 0.547296 0.977660
vt 0.759844 0.222379
vt 0.747871 0.235487
vt 0.200309 0.090404
vt 0.735928 0.242963
vt 0.724574 0.227550
vt 0.268354 0.614489
vt 0.089114 0.293627
vt 0.351465 0.980827
vt 0.082013 0.302003
vt 0.140121 0.506747
vt 0.441221 0.628206
vt 0.477866 0.145737
vt 0.723667 0.742865
vt 0.480109 0.146813
vt 0.509552 0.157498
vt 0.493201 0.155981
vt 0.842841 0.086853
vt 0.189478 0.337750
vt 0.479171 0.454438
vt 0.491818 0.452335
vt 0.482064 0.472489
vt 0.093475 0.459984
vt 0.349282 0.179580
vt 0.357781 0.191943
vt 0.954984 0.904181
vt 0.939170 0.910586
vt 0.947478 0.888723
vt 0.091550 0.272734
vt 0.092456 0.285157
vt 0.067396 0.271555
vt 0.172244 0.261117
vt 0.641615 0.070713
vt 0.181015 0.411769
vt 0.690845 0.696779
vt 0.684664 0.708545
vt 0.358616 0.995455
vt 0.400217 0.578887
vt 0.426630 0.206385
vt 0.421431 0.210551
vt 0.460471 0.022386
vt 0.453059 0.035224
vt 0.452703 0.009187
vt 0.075148 0.769562
vt 0.077058 0.762435
vt 0.101349 0.787213
vt 0.094954 0.258490
vt 0.214421 0.973643
vt 0.209365 0.993922
vt 0.188273 0.993703
vt 0.421741 0.606035
vt 0.442065 0.645218
vt 0.082605 0.845082
vt 0.312896 0.323567
vt 0.081802 0.443871
vt 0.540914 0.958716
vt 0.517052 0.979799
vt 0.263940 0.114125
vt 0.272254 0.114400
vt 0.260687 0.122265
vt 0.998482 0.863037
vt 0.979186 0.848524
vt 0.998858 0.835255
vt 0.352133 0.205596
vt 0.522622 0.648383
vt 0.943685 0.917873
vt 0.299985 0.633396
vt 0.088997 0.318765
vt 0.716772 0.722033
vt 0.133775 0.788703
vt 0.719867 0.131649
vt 0.704718 0.135985
vt 0.724541 0.118047
vt 0.363371 0.040781
vt 0.352563 0.026725
vt 0.368654 0.017057
vt 0.852244 0.279073
vt 0.878520 0.273554
vt 0.867425 0.292857
vt 0.337750 0.434173
vt 0.174273 0.200779
vt 0.006994 0.923574
vt 0.024932 0.900207
vt 0.304085 0.431941
vt 0.935830 0.893610
vt 0.132882 0.688325
vt 0.462624 0.429859
vt 0.444797 0.427905
vt 0.463586 0.417780
vt 0.436305 0.415027
vt 0.544704 0.633386
vt 0.143538 0.498741
vt 0.143976 0.506388
vt 0.093929 0.307644
vt 0.315909 0.641328
vt 0.127005 0.481708
vt 0.303967 0.323371
vt 0.147068 0.710532
vt 0.144701 0.737594
vt 0.130101 0.708255
vt 0.851850 0.076728
vt 0.386974 0.528253
vt 0.040918 0.945872
vt 0.415871 0.581877
vt 0.475988 0.442659
vt 0.483294 0.436466
vt 0.168962 0.185865
vt 0.158970 0.297978
vt 0.141516 0.311250
vt 0.134375 0.302767
vt 0.275628 0.125346
vt 0.115394 0.656747
vt 0.137766 0.667558
vt 0.538848 0.669170
vt 0.099936 0.769865
vt 0.090998 0.786678
vt 0.944219 0.791289
vt 0.277051 0.643257
vt 0.519724 0.665197
vt 0.508217 0.683979
vt 0.506248 0.664554
vt 0.294687 0.236225
vt 0.092674 0.851358
vt 0.740195 0.174692
vt 0.380888 0.028555
vt 0.543548 0.998869
vt 0.853945 0.494819
vt 0.374686 0.572614
vt 0.897080 0.305890
vt 0.888425 0.308914
vt 0.905221 0.290085
vt 0.398298 0.104989
vt 0.416340 0.111211
vt 0.007433 0.906441
vt 0.136652 0.681450
vt 0.265120 0.650678
vt 0.629635 0.078604
vt 0.132493 0.393811
vt 0.138731 0.489162
vt 0.150402 0.494944
vt 0.109645 0.865430
vt 0.710772 0.734961
vt 0.130934 0.796146
vt 0.729609 0.203313
vt 0.144012 0.769167
vt 0.341003 0.506577
vt 0.715823 0.120332
vt 0.849765 0.290596
vt 0.858224 0.487614
vt 0.916482 0.271520
vt 0.937670 0.271585
vt 0.934009 0.280437
vt 0.731466 0.963915
vt 0.702185 0.954751
vt 0.716595 0.939710
vt 0.870968 0.481348
vt 0.890974 0.477473
vt 0.303283 0.421946
vt 0.313919 0.413208
vt 0.987965 0.828080
vt 0.919237 0.908745
vt 0.639215 0.017966
vt 0.156650 0.506906
vt 0.686154 0.718562
vt 0.155572 0.241616
vt 0.696892 0.130278
vt 0.702219 0.116937
vt 0.168161 0.192234
vt 0.719022 0.218071
vt 0.172410 0.213376
vt 0.295401 0.103880
vt 0.279109 0.417009
vt 0.291820 0.411386
vt 0.288983 0.427287
vt 0.124143 0.652250
vt 0.882100 0.467217
vt 0.098413 0.294342
vt 0.847753 0.764967
vt 0.860000 0.748952
vt 0.855654 0.764554
vt 0.849650 0.751679
vt 0.323702 0.626043
vt 0.512451 0.328482
vt 0.498682 0.344892
vt 0.508716 0.310979
vt 0.707360 0.729378
vt 0.115920 0.729983
vt 0.741314 0.218722
vt 0.913045 0.285343
vt 0.893397 0.270054
vt 0.074866 0.752707
vt 0.156368 0.893414
vt 0.171514 0.920318
vt 0.154441 0.920977
vt 0.955451 0.941976
vt 0.937448 0.924047
vt 0.940071 0.780540
vt 0.952281 0.777642
vt 0.064415 0.848506
vt 0.467857 0.159793
vt 0.687516 0.741718
vt 0.690506 0.725842
vt 0.730334 0.132390
vt 0.718151 0.156017
vt 0.129345 0.812994
vt 0.122638 0.827141
vt 0.863162 0.301948
vt 0.926261 0.288016
vt 0.251043 0.133795
vt 0.267475 0.130846
vt 0.181065 0.221889
vt 0.932119 0.792192
vt 0.830624 0.745504
vt 0.835056 0.741658
vt 0.861210 0.759232
vt 0.146346 0.488252
vt 0.093393 0.869057
vt 0.501975 0.310701
vt 0.497986 0.321368
vt 0.484251 0.319087
vt 0.711977 0.155066
vt 0.391156 0.015034
vt 0.162266 0.883573
vt 0.170715 0.890084
vt 0.045079 0.719070
vt 0.019861 0.752601
vt 0.020511 0.727052
vt 0.310434 0.409177
vt 0.278518 0.410866
vt 0.460870 0.306768
vt 0.481263 0.305519
vt 0.458407 0.322929
vt 0.076873 0.862668
vt 0.731336 0.151258
vt 0.493039 0.431265
vt 0.518932 0.997610
vt 0.167099 0.875938
vt 0.510283 0.646209
vt 0.279903 0.136971
vt 0.708807 0.978577
vt 0.918800 0.916710
vt 0.858427 0.772711
vt 0.951021 0.767502
vt 0.105258 0.318265
vt 0.690536 0.126273
vt 0.037170 0.909977
vt 0.411863 0.083850
vt 0.051726 0.752079
vt 0.105656 0.752958
vt 0.291790 0.136519
vt 0.655526 0.963421
vt 0.633803 0.957255
vt 0.672364 0.944886
vt 0.650429 0.989485
vt 0.650310 0.975601
vt 0.674412 0.969308
vt 0.868262 0.641841
vt 0.833189 0.628001
vt 0.872542 0.627010
vt 0.847918 0.648549
vt 0.274085 0.400600
vt 0.280555 0.382807
vt 0.288284 0.391623
vt 0.695466 0.132658
vt 0.464252 0.443144
vt 0.483012 0.427276
vt 0.401813 0.515166
vt 0.403508 0.519722
vt 0.271866 0.142592
vt 0.852048 0.728065
vt 0.167316 0.220767
vt 0.181984 0.230869
vt 0.869917 0.467625
vt 0.884452 0.455152
vt 0.482568 0.666981
vt 0.500715 0.661708
vt 0.142113 0.793134
vt 0.154586 0.731224
vt 0.180797 0.748536
vt 0.161867 0.754977
vt 0.382140 0.009704
vt 0.047896 0.912921
vt 0.400141 0.598813
vt 0.290121 0.405188
vt 0.145346 0.698050
vt 0.403280 0.075103
vt 0.863329 0.478311
vt 0.165730 0.202391
vt 0.471105 0.481160
vt 0.463555 0.478332
vt 0.475312 0.450765
vt 0.870386 0.767708
vt 0.696575 0.980408
vt 0.694447 0.963673
vt 0.675456 0.984132
vt 0.684847 0.731515
vt 0.290698 0.376772
vt 0.347367 0.005154
vt 0.909056 0.313888
vt 0.503307 0.442371
vt 0.587293 0.996397
vt 0.578875 0.984810
vt 0.587240 0.978653
vt 0.189804 0.882628
vt 0.178199 0.917359
vt 0.724978 0.192249
vt 0.723024 0.204490
vt 0.709920 0.197490
vt 0.835208 0.728087
vt 0.959397 0.280693
vt 0.869406 0.459549
vt 0.310868 0.361656
vt 0.306748 0.377173
vt 0.043358 0.685830
vt 0.035100 0.696751
vt 0.025850 0.688735
vt 0.373136 0.509038
vt 0.175289 0.865950
vt 0.367431 0.590374
vt 0.826972 0.719974
vt 0.841979 0.718427
vt 0.474698 0.414492
vt 0.254986 0.141640
vt 0.189159 0.930457
vt 0.928869 0.780221
vt 0.502674 0.648822
vt 0.935443 0.771363
vt 0.948856 0.762176
vt 0.955417 0.759803
vt 0.136821 0.470825
vt 0.473865 0.343178
vt 0.493942 0.341443
vt 0.842046 0.608273
vt 0.044407 0.703620
vt 0.399471 0.510301
vt 0.336732 0.022440
vt 0.324945 0.024946
vt 0.333104 0.002000
vt 0.424132 0.099780
vt 0.509835 0.638667
vt 0.704947 0.215757
vt 0.703885 0.195255
vt 0.949100 0.956586
vt 0.654774 0.098325
vt 0.652422 0.123900
vt 0.640181 0.121515
vt 0.448217 0.306491
vt 0.862431 0.468483
vt 0.142433 0.478293
vt 0.120403 0.471496
vt 0.461975 0.342009
vt 0.839255 0.187459
vt 0.845487 0.163265
vt 0.853085 0.168597
vt 0.861433 0.612217
vt 0.503500 0.173124
vt 0.872033 0.336227
vt 0.300168 0.362302
vt 0.686908 0.130756
vt 0.497816 0.430501
vt 0.304937 0.402512
vt 0.909034 0.308789
vt 0.416666 0.081219
vt 0.903373 0.305931
vt 0.862043 0.739576
vt 0.677018 0.114573
vt 0.668267 0.110240
vt 0.675002 0.101665
vt 0.682793 0.979761
vt 0.491143 0.421924
vt 0.201946 0.336417
vt 0.215507 0.311952
vt 0.210769 0.340267
vt 0.283424 0.371720
vt 0.267008 0.380915
vt 0.317323 0.346028
vt 0.485677 0.415845
vt 0.845555 0.486060
vt 0.691413 0.185311
vt 0.686466 0.215423
vt 0.614863 0.031384
vt 0.613296 0.005372
vt 0.631371 0.026763
vt 0.638565 0.004544
vt 0.868820 0.746712
vt 0.690424 0.986971
vt 0.687073 0.961205
vt 0.146781 0.474650
vt 0.828232 0.150536
vt 0.823398 0.177398
vt 0.815919 0.170171
vt 0.674851 0.132905
vt 0.188090 0.175237
vt 0.164049 0.184542
vt 0.175068 0.178191
vt 0.144919 0.747021
vt 0.240654 0.145282
vt 0.925129 0.942513
vt 0.737524 0.216357
vt 0.943468 0.757683
vt 0.523097 0.156596
vt 0.538853 0.177538
vt 0.534934 0.147476
vt 0.367889 0.004129
vt 0.222306 0.330952
vt 0.001206 0.326892
vt 0.025241 0.310680
vt 0.004134 0.338244
vt 0.368515 0.598154
vt 0.386411 0.605758
vt 0.849741 0.477610
vt 0.148920 0.680028
vt 0.199318 0.910142
vt 0.253662 0.149649
vt 0.431076 0.481030
vt 0.456336 0.451178
vt 0.683311 0.964878
vt 0.816210 0.152216
vt 0.317834 0.406920
vt 0.290043 0.398355
vt 0.380509 0.606142
vt 0.368152 0.606608
vt 0.201566 0.899348
vt 0.940958 0.301312
vt 0.928674 0.307380
vt 0.280882 0.144306
vt 0.772560 0.816240
vt 0.769053 0.793498
vt 0.784824 0.815830
vt 0.143776 0.463320
vt 0.123753 0.457246
vt 0.839946 0.310210
vt 0.128913 0.749352
vt 0.277282 0.366560
vt 0.188003 0.775034
vt 0.283715 0.353946
vt 0.152963 0.694758
vt 0.151922 0.673128
vt 0.380987 0.618053
vt 0.465027 0.401264
vt 0.930754 0.063263
vt 0.941807 0.071374
vt 0.924275 0.071334
vt 0.433843 0.467642
vt 0.672246 0.126342
vt 0.805046 0.014025
vt 0.818729 0.020406
vt 0.789059 0.020405
vt 0.199922 0.026328
vt 0.183834 0.047709
vt 0.170411 0.036340
vt 0.489748 0.416578
vt 0.178689 0.173260
vt 0.189604 0.170233
vt 0.308405 0.335927
vt 0.414998 0.484355
vt 0.413728 0.470352
vt 0.424011 0.465950
vt 0.007428 0.306467
vt 0.537751 0.227431
vt 0.537229 0.204130
vt 0.548745 0.233827
vt 0.526633 0.224842
vt 0.427055 0.070425
vt 0.426990 0.085764
vt 0.684515 0.948041
vt 0.950580 0.290385
vt 0.683985 0.220790
vt 0.679642 0.236345
vt 0.414272 0.432950
vt 0.410707 0.402638
vt 0.437148 0.404101
vt 0.255667 0.684776
vt 0.246772 0.657713
vt 0.256297 0.671490
vt 0.036571 0.718278
vt 0.246855 0.703939
vt 0.256087 0.703845
vt 0.243668 0.718939
vt 0.727014 0.920853
vt 0.704651 0.913461
vt 0.728423 0.908718
vt 0.002999 0.715560
vt 0.840268 0.707190
vt 0.858529 0.715031
vt 0.692324 0.943401
vt 0.432941 0.071348
vt 0.275809 0.153106
vt 0.014177 0.770122
vt 0.007156 0.749234
vt 0.668522 0.129483
vt 0.680053 0.949333
vt 0.598960 0.023453
vt 0.824065 0.622794
vt 0.908769 0.074462
vt 0.918095 0.085218
vt 0.891341 0.083084
vt 0.499971 0.419252
vt 0.517787 0.419639
vt 0.003999 0.695877
vt 0.304501 0.392869
vt 0.697847 0.925413
vt 0.550354 0.975191
vt 0.546571 0.959196
vt 0.567986 0.971917
vt 0.397941 0.449037
vt 0.417042 0.434925
vt 0.511686 0.206585
vt 0.641964 0.933759
vt 0.869960 0.733912
vt 0.395220 0.381940
vt 0.435428 0.385287
vt 0.172790 0.020654
vt 0.161060 0.181802
vt 0.014323 0.725348
vt 0.237447 0.342659
vt 0.219131 0.345963
vt 0.233257 0.355529
vt 0.169543 0.777598
vt 0.652205 0.344625
vt 0.628240 0.344207
vt 0.644724 0.320095
vt 0.387324 0.614842
vt 0.426018 0.476752
vt 0.635369 0.133212
vt 0.422666 0.493355
vt 0.919595 0.044187
vt 0.912256 0.059972
vt 0.947970 0.063899
vt 0.930049 0.766622
vt 0.863486 0.872579
vt 0.880268 0.873753
vt 0.855570 0.894049
vt 0.483473 0.352165
vt 0.851505 0.151818
vt 0.270331 0.686004
vt 0.141922 0.558104
vt 0.128881 0.564827
vt 0.140447 0.540159
vt 0.154731 0.765322
vt 0.035790 0.767725
vt 0.757848 0.784491
vt 0.829703 0.019313
vt 0.131721 0.769546
vt 0.998448 0.422391
vt 0.998174 0.456345
vt 0.974606 0.432511
vt 0.649721 0.167702
vt 0.636462 0.155221
vt 0.649180 0.152218
vt 0.858078 0.170486
vt 0.862535 0.158582
vt 0.498522 0.411233
vt 0.156613 0.176071
vt 0.618828 0.337604
vt 0.402625 0.142118
vt 0.387471 0.151267
vt 0.385188 0.138316
vt 0.363628 0.459454
vt 0.345551 0.471813
vt 0.344473 0.453961
vt 0.867945 0.718404
vt 0.407512 0.156074
vt 0.394158 0.163938
vt 0.443769 0.444458
vt 0.807102 0.143091
vt 0.814376 0.142880
vt 0.761053 0.811370
vt 0.844177 0.148343
vt 0.845273 0.594208
vt 0.863406 0.608636
vt 0.144321 0.226026
vt 0.146282 0.194876
vt 0.151178 0.191515
vt 0.138591 0.509022
vt 0.153926 0.526055
vt 0.138649 0.525530
vt 0.140372 0.757924
vt 0.154313 0.792728
vt 0.430246 0.430298
vt 0.437353 0.445307
vt 0.037851 0.773944
vt 0.466523 0.348616
vt 0.410923 0.155095
vt 0.410093 0.141369
vt 0.415367 0.137129
vt 0.148723 0.184773
vt 0.298721 0.379277
vt 0.134422 0.636941
vt 0.153595 0.630792
vt 0.155345 0.649439
vt 0.635281 0.141959
vt 0.978429 0.507504
vt 0.968676 0.494426
vt 0.978108 0.474199
vt 0.335849 0.484004
vt 0.338487 0.498582
vt 0.329737 0.486028
vt 0.678664 0.934794
vt 0.680415 0.130581
vt 0.456231 0.394818
vt 0.461537 0.411585
vt 0.276082 0.670483
vt 0.924480 0.082970
vt 0.158531 0.753868
vt 0.662774 0.142585
vt 0.651781 0.127967
vt 0.673652 0.136200
vt 0.961663 0.637080
vt 0.978456 0.620287
vt 0.977883 0.658074
vt 0.485444 0.403426
vt 0.685465 0.925619
vt 0.672243 0.395034
vt 0.682005 0.388199
vt 0.682295 0.411643
vt 0.960000 0.077200
vt 0.924823 0.752919
vt 0.939267 0.746086
vt 0.534603 0.191094
vt 0.984286 0.463337
vt 0.043971 0.245886
vt 0.038016 0.260380
vt 0.031340 0.243191
vt 0.631499 0.316271
vt 0.570251 0.959962
vt 0.696949 0.383004
vt 0.934773 0.044120
vt 0.304037 0.500910
vt 0.023438 0.870853
vt 0.038219 0.885634
vt 0.000704 0.883818
vt 0.690479 0.120046
vt 0.974687 0.995347
vt 0.959469 0.975492
vt 0.967466 0.969168
vt 0.975397 0.968391
vt 0.949677 0.994848
vt 0.431810 0.373936
vt 0.277526 0.716428
vt 0.945486 0.075592
vt 0.687927 0.542181
vt 0.686158 0.562235
vt 0.671847 0.546887
vt 0.147146 0.767793
vt 0.212326 0.915162
vt 0.951447 0.052277
vt 0.632934 0.170935
vt 0.630887 0.160488
vt 0.701383 0.410257
vt 0.745620 0.794300
vt 0.736206 0.790559
vt 0.785279 0.738151
vt 0.137790 0.662297
vt 0.663671 0.307471
vt 0.116016 0.755035
vt 0.129007 0.763093
vt 0.866191 0.858248
vt 0.887758 0.868657
vt 0.412743 0.165700
vt 0.425353 0.169070
vt 0.415657 0.179334
vt 0.286273 0.701397
vt 0.137719 0.186487
vt 0.606914 0.324707
vt 0.719439 0.400416
vt 0.750332 0.551690
vt 0.734859 0.572011
vt 0.717866 0.555944
vt 0.804661 0.188378
vt 0.811871 0.216420
vt 0.791632 0.201785
vt 0.879431 0.856391
vt 0.487682 0.180323
vt 0.235159 0.331778
vt 0.259041 0.339628
vt 0.242529 0.345518
vt 0.223898 0.324978
vt 0.227384 0.307329
vt 0.237511 0.326739
vt 0.202190 0.010299
vt 0.214720 0.001195
vt 0.216473 0.018765
vt 0.912180 0.430111
vt 0.914004 0.468843
vt 0.898814 0.450549
vt 0.201529 0.347289
vt 0.155318 0.029102
vt 0.703504 0.540077
vt 0.709640 0.540229
vt 0.702144 0.562195
vt 0.155182 0.618073
vt 0.165330 0.619556
vt 0.017681 0.250664
vt 0.669025 0.827881
vt 0.672824 0.840783
vt 0.662889 0.851884
vt 0.932112 0.035944
vt 0.320811 0.462007
vt 0.321605 0.450400
vt 0.383344 0.168566
vt 0.171529 0.626378
vt 0.170160 0.612451
vt 0.178546 0.624843
vt 0.672942 0.929607
vt 0.821279 0.197250
vt 0.548628 0.177350
vt 0.532654 0.182393
vt 0.523940 0.178813
vt 0.715221 0.787026
vt 0.252303 0.319146
vt 0.262866 0.392074
vt 0.259369 0.366387
vt 0.268052 0.355692
vt 0.267043 0.652817
vt 0.234114 0.376482
vt 0.225349 0.371487
vt 0.695838 0.549021
vt 0.129757 0.169183
vt 0.161893 0.550677
vt 0.665850 0.388356
vt 0.674676 0.376282
vt 0.580096 0.964331
vt 0.966404 0.612384
vt 0.797684 0.175155
vt 0.817384 0.177170
vt 0.334780 0.439709
vt 0.427491 0.184143
vt 0.445133 0.340968
vt 0.890544 0.846358
vt 0.446026 0.432996
vt 0.939618 0.979169
vt 0.870632 0.698846
vt 0.709979 0.378204
vt 0.388688 0.173981
vt 0.733049 0.794475
vt 0.635451 0.984833
vt 0.618346 0.975471
vt 0.648040 0.967036
vt 0.018090 0.260929
vt 0.957736 0.056822
vt 0.577742 0.939103
vt 0.583749 0.872462
vt 0.585054 0.898400
vt 0.572994 0.889023
vt 0.714701 0.576258
vt 0.835966 0.215944
vt 0.966376 0.951260
vt 0.944878 0.962056
vt 0.466556 0.377873
vt 0.635082 0.800698
vt 0.622523 0.781224
vt 0.642112 0.773705
vt 0.170251 0.518191
vt 0.169956 0.639780
vt 0.957050 0.035075
vt 0.661344 0.568023
vt 0.676205 0.573506
vt 0.591388 0.972239
vt 0.576555 0.980775
vt 0.373984 0.166089
vt 0.236142 0.371704
vt 0.252282 0.363300
vt 0.242423 0.373096
vt 0.251452 0.303204
vt 0.261460 0.304877
vt 0.257210 0.294524
vt 0.866052 0.144978
vt 0.635689 0.500545
vt 0.657108 0.503897
vt 0.639381 0.513312
vt 0.911591 0.413891
vt 0.899577 0.426862
vt 0.879004 0.430064
vt 0.189199 0.348604
vt 0.217398 0.372928
vt 0.841485 0.415060
vt 0.852908 0.420469
vt 0.849496 0.423689
vt 0.641962 0.303731
vt 0.611049 0.298274
vt 0.834833 0.864975
vt 0.838529 0.839180
vt 0.448277 0.350934
vt 0.275836 0.291565
vt 0.268478 0.286369
vt 0.277815 0.356069
vt 0.276480 0.328327
vt 0.936280 0.982846
vt 0.650176 0.522552
vt 0.836128 0.574006
vt 0.696909 0.573254
vt 0.058213 0.283498
vt 0.041855 0.290141
vt 0.042256 0.271742
vt 0.031499 0.287582
vt 0.259843 0.325990
vt 0.259534 0.356259
vt 0.853964 0.143485
vt 0.265637 0.342550
vt 0.180999 0.530913
vt 0.969496 0.518815
vt 0.856054 0.840690
vt 0.307623 0.467086
vt 0.839704 0.198775
vt 0.913587 0.020355
vt 0.889806 0.020355
vt 0.903715 0.009585
vt 0.234085 0.297641
vt 0.870815 0.415470
vt 0.870717 0.443451
vt 0.621424 0.797479
vt 0.613265 0.784505
vt 0.859319 0.429114
vt 0.165459 0.651735
vt 0.597167 0.872847
vt 0.184667 0.648008
vt 0.174842 0.644914
vt 0.619931 0.889228
vt 0.613925 0.914134
vt 0.835946 0.191844
vt 0.226655 0.299606
vt 0.236343 0.291077
vt 0.192634 0.354835
vt 0.651188 0.299915
vt 0.636235 0.539027
vt 0.634219 0.552292
vt 0.607832 0.550407
vt 0.687592 0.577352
vt 0.701679 0.574325
vt 0.166384 0.571258
vt 0.149813 0.575310
vt 0.923639 0.002995
vt 0.914215 0.015967
vt 0.904205 0.004217
vt 0.858936 0.820231
vt 0.257870 0.279562
vt 0.665148 0.515953
vt 0.619520 0.503263
vt 0.787033 0.339349
vt 0.801645 0.320030
vt 0.801445 0.339975
vt 0.598613 0.702296
vt 0.582565 0.722286
vt 0.568467 0.707367
vt 0.622470 0.146533
vt 0.737609 0.584035
vt 0.844986 0.215924
vt 0.842551 0.228538
vt 0.667424 0.295873
vt 0.398762 0.137274
vt 0.407031 0.111200
vt 0.625774 0.957092
vt 0.606908 0.710221
vt 0.632994 0.570301
vt 0.641767 0.556917
vt 0.639210 0.577798
vt 0.717497 0.592333
vt 0.243839 0.278421
vt 0.845886 0.199657
vt 0.851361 0.196639
vt 0.849803 0.212317
vt 0.663410 0.527964
vt 0.685477 0.516590
vt 0.227196 0.382659
vt 0.677019 0.307381
vt 0.419661 0.118358
vt 0.571506 0.728179
vt 0.307104 0.950604
vt 0.318681 0.933543
vt 0.319997 0.955706
vt 0.585791 0.861349
vt 0.616553 0.536037
vt 0.613403 0.157666
vt 0.593392 0.814240
vt 0.611669 0.792453
vt 0.612494 0.816975
vt 0.636643 0.525474
vt 0.628635 0.750127
vt 0.852820 0.430508
vt 0.691680 0.590673
vt 0.270766 0.270180
vt 0.653768 0.532178
vt 0.428767 0.126651
vt 0.825223 0.091972
vt 0.822066 0.106350
vt 0.787308 0.096236
vt 0.875307 0.452601
vt 0.854565 0.339227
vt 0.843219 0.331881
vt 0.853059 0.324877
vt 0.195418 0.668656
vt 0.178226 0.658351
vt 0.685232 0.861963
vt 0.164190 0.672354
vt 0.172295 0.655352
vt 0.734848 0.388151
vt 0.790294 0.363561
vt 0.595332 0.952247
vt 0.596495 0.833399
vt 0.672098 0.880634
vt 0.638355 0.867370
vt 0.879286 0.820971
vt 0.851581 0.186279
vt 0.867868 0.448281
vt 0.641830 0.542890
vt 0.150876 0.036771
vt 0.030089 0.291186
vt 0.007156 0.272812
vt 0.602320 0.145870
vt 0.855681 0.352246
vt 0.368881 0.173112
vt 0.146506 0.108423
vt 0.131196 0.104840
vt 0.147168 0.092392
vt 0.696624 0.591931
vt 0.701401 0.589844
vt 0.609383 0.133928
vt 0.843011 0.361006
vt 0.644449 0.532621
vt 0.431078 0.116509
vt 0.649849 0.284118
vt 0.626823 0.531861
vt 0.170702 0.672479
vt 0.727654 0.379038
vt 0.804750 0.365810
vt 0.641204 0.920370
vt 0.669926 0.905415
vt 0.670570 0.935093
vt 0.894708 0.836784
vt 0.628861 0.895257
vt 0.660038 0.540212
vt 0.205815 0.377858
vt 0.616424 0.517805
vt 0.820343 0.321317
vt 0.344301 0.962550
vt 0.014042 0.286576
vt 0.599443 0.981968
vt 0.598400 0.984423
vt 0.663770 0.889616
vt 0.221170 0.286464
vt 0.655008 0.551601
vt 0.008319 0.292238
vt 0.605441 0.529035
vt 0.616532 0.526534
vt 0.595518 0.855595
vt 0.588782 0.742417
vt 0.621035 0.286692
vt 0.387010 0.647805
vt 0.368070 0.659676
vt 0.386637 0.634479
vt 0.611089 0.286756
vt 0.603813 0.137513
vt 0.600382 0.944789
vt 0.601228 0.845690
vt 0.591295 0.846966
vt 0.643956 0.887491
vt 0.657531 0.894878
vt 0.176569 0.664380
vt 0.828375 0.342740
vt 0.686508 0.876142
vt 0.634891 0.824945
vt 0.624203 0.801420
vt 0.892593 0.819523
vt 0.638242 0.533883
vt 0.650913 0.541429
vt 0.616755 0.866437
vt 0.432815 0.836172
vt 0.441540 0.847982
vt 0.428673 0.864541
vt 0.368418 0.187034
vt 0.827331 0.359523
vt 0.836200 0.380488
vt 0.619797 0.524908
vt 0.606493 0.980274
vt 0.610077 0.968615
vt 0.459663 0.753677
vt 0.455594 0.769918
vt 0.446686 0.738753
vt 0.343338 0.921093
vt 0.632405 0.731766
vt 0.602551 0.739225
vt 0.612682 0.725595
vt 0.624823 0.827483
vt 0.611511 0.844172
vt 0.223495 0.278768
vt 0.120324 0.086679
vt 0.627101 0.948002
vt 0.616658 0.953507
vt 0.439890 0.761300
vt 0.602732 0.979015
vt 0.388189 0.660922
vt 0.369528 0.674023
vt 0.635170 0.888381
vt 0.835495 0.320974
vt 0.599743 0.974396
vt 0.153585 0.071741
vt 0.424286 0.107866
vt 0.609455 0.519459
vt 0.306998 0.926896
vt 0.469993 0.754751
vt 0.455357 0.717267
vt 0.464578 0.730019
vt 0.435768 0.735857
vt 0.823535 0.341773
vt 0.680353 0.888951
vt 0.638519 0.803898
vt 0.670381 0.897917
vt 0.662651 0.551605
vt 0.430655 0.108335
vt 0.117711 0.110059
vt 0.611509 0.746733
vt 0.632998 0.741687
vt 0.595330 0.757295
vt 0.626745 0.739892
vt 0.602190 0.745534
vt 0.364160 0.959858
vt 0.319476 0.914480
vt 0.826829 0.328033
vt 0.472167 0.784015
vt 0.786448 0.132266
vt 0.445835 0.784037
vt 0.619227 0.941467
vt 0.697713 0.600142
vt 0.605028 0.954972
vt 0.819513 0.362046
vt 0.807798 0.373186
vt 0.823035 0.362434
vt 0.685775 0.922908
vt 0.596807 0.142526
vt 0.594808 0.851260
vt 0.613090 0.856846
vt 0.613245 0.852214
vt 0.221430 0.261086
vt 0.549200 0.680203
vt 0.528122 0.711471
vt 0.528127 0.681841
vt 0.120232 0.076181
vt 0.613564 0.944962
vt 0.606861 0.964781
vt 0.472245 0.714673
vt 0.441981 0.834270
vt 0.467892 0.859103
vt 0.804559 0.381566
vt 0.622445 0.863606
vt 0.481114 0.766667
vt 0.645070 0.848895
vt 0.469930 0.841775
vt 0.478857 0.861619
vt 0.426916 0.101392
vt 0.485300 0.738460
vt 0.606907 0.941457
vt 0.608145 0.949024
vt 0.622731 0.847089
vt 0.485273 0.852227
vt 0.821423 0.132589
vt 0.589990 0.754069
vt 0.614512 0.935326
vt 0.842794 0.125345
vt 0.805054 0.134969
vt 0.445216 0.824317
vt 0.518061 0.688028
vt 0.790161 0.138237
vt 0.327652 0.907552
vt 0.337498 0.911871
vt 0.484114 0.680631
vt 0.491060 0.713548
vt 0.527833 0.735090
vt 0.549761 0.724710
vt 0.385525 0.715821
vt 0.366249 0.685259
vt 0.476717 0.821918
vt 0.447447 0.795299
vt 0.431214 0.779381
vt 0.361643 0.893737
vt 0.630066 0.861724
vt 0.354751 0.662254
vt 0.823552 0.136606
vt 0.100906 0.069581
vt 0.340380 0.906283
vt 0.494193 0.705005
vt 0.633658 0.858988
vt 0.815870 0.138902
vt 0.449548 0.812287
vt 0.861902 0.059562
vt 0.835957 0.060393
vt 0.836087 0.057822
vt 0.866566 0.062961
vt 0.669564 0.003867
vt 0.646329 0.005899
vt 0.640815 0.002584
vt 0.354672 0.677731
vt 0.493088 0.684359
vt 0.505970 0.712584
vt 0.498707 0.685151
vt 0.466808 0.812338
vt 0.829722 0.146551
vt 0.497563 0.726640
vt 0.885599 0.056586
vt 0.851139 0.063871
vt 0.876335 0.063754
vt 0.362959 0.689527
vt 0.500550 0.705523
vt 0.431603 0.819595
vt 0.349835 0.681172
vt 0.871184 0.064584
vt 0.885312 0.072156
vt 0.440539 0.800462
vt 0.463396 0.804123
vt 0.485499 0.799229
vt 0.484031 0.802655
vt 0.503968 0.728717
vt 0.510097 0.731698
vt 0.483798 0.808430
s 1
usemtl Material.001
f 1/1/1 2/2/2 3/3/3
f 3/4/3 2/5/2 4/6/4
f 2/5/2 5/7/5 4/6/4
f 1/1/1 6/8/6 2/2/2
f 6/8/6 7/9/7 2/2/2
f 5/7/5 8/10/8 4/6/4
f 4/6/4 9/11/9 10/12/10
f 4/6/4 8/10/8 9/11/9
f 11/13/11 12/14/12 13/15/13
f 1/1/1 13/15/13 6/8/6
f 3/4/3 4/6/4 14/16/14
f 2/5/2 7/17/7 5/7/5
f 14/16/14 4/6/4 10/12/10
f 13/15/13 15/18/15 11/13/11
f 13/15/13 1/1/1 15/18/15
f 13/15/13 16/19/16 6/8/6
f 14/16/14 10/12/10 17/20/17
f 5/7/5 18/21/18 8/10/8
f 9/11/9 19/22/19 10/12/10
f 9/11/9 20/23/20 19/22/19
f 8/10/8 20/23/20 9/11/9
f 12/14/12 16/19/16 13/15/13
f 15/18/15 1/1/1 3/3/3
f 6/8/6 16/19/16 21/24/21
f 17/20/17 22/25/22 14/16/14
f 8/10/8 18/21/18 23/26/23
f 8/10/8 23/26/23 20/23/20
f 20/23/20 24/27/24 19/22/19
f 19/28/19 24/29/24 25/30/25
f 15/18/15 26/31/26 11/13/11
f 7/17/7 21/32/21 5/7/5
f 5/7/5 21/32/21 18/21/18
f 10/12/10 19/22/19 17/20/17
f 27/33/27 28/34/28 29/35/29
f 27/33/27 30/36/30 28/34/28
f 25/30/25 31/37/31 27/33/27
f 27/33/27 31/37/31 30/36/30
f 32/38/32 11/13/11 26/31/26
f 6/8/6 21/24/21 7/9/7
f 29/35/29 28/34/28 33/39/33
f 28/34/28 34/40/34 33/39/33
f 25/30/25 35/41/35 19/28/19
f 27/33/27 35/41/35 25/30/25
f 24/29/24 31/37/31 25/30/25
f 36/42/36 37/43/37 12/44/12
f 36/45/36 12/14/12 11/13/11
f 15/18/15 3/3/3 26/31/26
f 12/14/12 38/46/38 16/19/16
f 3/4/3 14/16/14 22/25/22
f 29/35/29 39/47/39 27/33/27
f 29/35/29 33/39/33 40/48/40
f 35/41/35 27/33/27 39/47/39
f 28/34/28 41/49/41 34/40/34
f 30/36/30 42/50/42 28/34/28
f 28/34/28 42/50/42 41/49/41
f 30/36/30 31/37/31 43/51/43
f 20/23/20 44/52/44 24/27/24
f 24/29/24 44/53/44 43/51/43
f 24/29/24 43/51/43 31/37/31
f 29/35/29 40/48/40 45/54/45
f 19/55/19 35/56/35 46/57/46
f 30/36/30 43/51/43 42/50/42
f 47/58/47 37/59/37 36/60/36
f 11/61/11 32/62/32 36/63/36
f 37/43/37 38/64/38 12/44/12
f 16/19/16 48/65/48 21/24/21
f 39/47/39 29/35/29 45/54/45
f 40/66/40 49/67/49 50/68/50
f 33/69/33 49/67/49 40/66/40
f 20/23/20 23/26/23 44/52/44
f 3/3/3 22/70/22 26/31/26
f 16/19/16 38/46/38 51/71/51
f 51/71/51 48/65/48 16/19/16
f 22/25/22 17/20/17 46/72/46
f 17/20/17 19/22/19 46/72/46
f 50/68/50 49/67/49 52/73/52
f 33/69/33 34/74/34 49/67/49
f 47/58/47 36/60/36 53/75/53
f 54/76/54 36/63/36 32/62/32
f 47/58/47 55/77/55 37/59/37
f 50/68/50 45/78/45 40/66/40
f 49/67/49 56/79/56 52/73/52
f 18/21/18 57/80/57 23/26/23
f 58/81/58 32/62/32 26/82/26
f 37/43/37 59/83/59 38/64/38
f 60/84/60 51/85/51 38/64/38
f 41/49/41 61/86/61 34/40/34
f 36/60/36 54/87/54 53/75/53
f 48/88/48 18/21/18 21/32/21
f 62/89/62 42/50/42 43/51/43
f 56/79/56 49/67/49 63/90/63
f 64/91/64 53/75/53 54/87/54
f 65/92/65 47/58/47 53/75/53
f 52/73/52 66/93/66 50/68/50
f 42/50/42 61/86/61 41/49/41
f 42/50/42 62/89/62 61/86/61
f 49/67/49 34/74/34 63/90/63
f 23/26/23 57/80/57 44/52/44
f 65/92/65 67/94/67 47/58/47
f 55/77/55 59/95/59 37/59/37
f 59/83/59 60/84/60 38/64/38
f 45/78/45 50/68/50 68/96/68
f 18/21/18 48/88/48 69/97/69
f 61/98/61 63/90/63 34/74/34
f 44/53/44 70/99/70 43/51/43
f 43/51/43 70/99/70 71/100/71
f 54/76/54 32/62/32 72/101/72
f 72/101/72 32/62/32 58/81/58
f 47/58/47 67/94/67 55/77/55
f 26/31/26 73/102/73 58/103/58
f 55/77/55 74/104/74 59/95/59
f 26/31/26 22/70/22 73/102/73
f 66/93/66 75/105/75 50/68/50
f 18/21/18 69/97/69 57/80/57
f 43/51/43 71/100/71 62/89/62
f 57/80/57 70/106/70 44/52/44
f 53/75/53 76/107/76 65/92/65
f 67/94/67 74/104/74 55/77/55
f 77/108/77 78/109/78 48/65/48
f 35/41/35 39/47/39 79/110/79
f 56/79/56 66/93/66 52/73/52
f 80/111/80 63/90/63 61/98/61
f 54/87/54 81/112/81 64/91/64
f 82/113/82 65/92/65 76/107/76
f 59/83/59 74/114/74 83/115/83
f 59/83/59 83/115/83 60/84/60
f 51/71/51 77/108/77 48/65/48
f 35/56/35 79/116/79 46/57/46
f 48/88/48 78/117/78 69/97/69
f 84/118/84 80/111/80 61/98/61
f 67/94/67 85/119/85 74/104/74
f 86/120/86 51/85/51 60/84/60
f 87/121/87 88/122/88 89/123/89
f 87/124/87 89/125/89 90/126/90
f 76/107/76 53/75/53 64/91/64
f 54/76/54 72/101/72 81/127/81
f 65/92/65 82/113/82 67/94/67
f 60/84/60 91/128/91 86/120/86
f 86/129/86 77/108/77 51/71/51
f 39/130/39 45/131/45 92/132/92
f 50/68/50 75/105/75 68/96/68
f 87/124/87 90/126/90 93/133/93
f 90/126/90 89/125/89 94/134/94
f 95/135/95 82/136/82 76/137/76
f 85/119/85 67/94/67 82/113/82
f 85/119/85 96/138/96 74/104/74
f 97/139/97 83/115/83 74/114/74
f 91/128/91 60/84/60 83/115/83
f 98/140/98 22/141/22 46/57/46
f 92/132/92 45/131/45 68/142/68
f 99/143/99 69/97/69 78/117/78
f 100/144/100 71/100/71 70/99/70
f 101/145/101 87/121/87 93/146/93
f 101/145/101 88/122/88 87/121/87
f 93/133/93 90/126/90 102/147/102
f 102/148/102 90/149/90 103/150/103
f 64/151/64 104/152/104 76/137/76
f 95/135/95 105/153/105 82/136/82
f 105/153/105 85/154/85 82/136/82
f 106/155/106 96/138/96 85/119/85
f 97/156/97 74/104/74 96/138/96
f 46/57/46 79/116/79 107/157/107
f 79/158/79 39/130/39 92/132/92
f 90/149/90 108/159/108 103/150/103
f 88/122/88 109/160/109 89/123/89
f 94/134/94 110/161/110 90/126/90
f 90/162/90 110/163/110 108/164/108
f 89/123/89 111/165/111 94/166/94
f 109/160/109 111/165/111 89/123/89
f 109/167/109 112/168/112 111/169/111
f 58/170/58 73/171/73 113/172/113
f 97/139/97 114/173/114 83/115/83
f 83/115/83 114/173/114 91/128/91
f 22/141/22 98/140/98 73/174/73
f 99/143/99 115/175/115 69/97/69
f 57/80/57 69/97/69 115/175/115
f 61/176/61 62/177/62 84/178/84
f 80/179/80 116/180/116 63/181/63
f 102/147/102 117/182/117 93/133/93
f 88/122/88 101/145/101 118/183/118
f 88/122/88 118/183/118 109/160/109
f 111/169/111 112/168/112 119/184/119
f 120/185/120 121/186/121 95/135/95
f 95/135/95 104/152/104 120/185/120
f 76/137/76 104/152/104 95/135/95
f 105/153/105 122/187/122 85/154/85
f 71/100/71 123/188/123 62/89/62
f 123/189/123 124/190/124 62/177/62
f 125/191/125 80/111/80 84/118/84
f 57/192/57 115/193/115 70/194/70
f 56/195/56 126/196/126 66/197/66
f 103/150/103 108/159/108 127/198/127
f 109/199/109 128/200/128 129/201/129
f 108/164/108 130/202/130 131/203/131
f 108/164/108 110/163/110 130/202/130
f 119/204/119 94/166/94 111/165/111
f 109/199/109 129/201/129 112/205/112
f 64/206/64 132/207/132 104/208/104
f 121/186/121 105/153/105 95/135/95
f 85/154/85 122/187/122 133/209/133
f 134/210/134 58/170/58 113/172/113
f 79/158/79 92/132/92 135/211/135
f 68/96/68 75/105/75 136/212/136
f 100/144/100 123/188/123 71/100/71
f 66/197/66 126/196/126 137/213/137
f 93/133/93 117/182/117 101/214/101
f 118/215/118 128/216/128 109/217/109
f 127/198/127 108/159/108 131/218/131
f 138/219/138 110/161/110 94/134/94
f 112/205/112 139/220/139 119/221/119
f 81/222/81 132/207/132 64/206/64
f 85/119/85 133/223/133 106/155/106
f 97/156/97 96/138/96 140/224/140
f 46/57/46 107/157/107 98/140/98
f 141/225/141 78/109/78 77/108/77
f 75/105/75 66/93/66 142/226/142
f 137/213/137 126/196/126 143/227/143
f 101/214/101 117/182/117 144/228/144
f 138/219/138 145/229/145 110/161/110
f 119/204/119 138/230/138 94/166/94
f 112/205/112 129/201/129 139/220/139
f 146/231/146 139/220/139 129/201/129
f 147/232/147 120/185/120 148/233/148
f 147/232/147 121/186/121 120/185/120
f 120/185/120 104/152/104 149/234/149
f 150/235/150 81/236/81 72/237/72
f 151/238/151 72/237/72 134/239/134
f 72/240/72 58/170/58 134/210/134
f 140/224/140 96/138/96 106/155/106
f 73/174/73 98/140/98 152/241/152
f 79/116/79 135/242/135 107/157/107
f 135/211/135 92/132/92 153/243/153
f 92/244/92 68/245/68 153/246/153
f 78/117/78 141/247/141 99/143/99
f 70/194/70 115/193/115 100/248/100
f 56/195/56 63/181/63 126/196/126
f 147/232/147 154/249/154 121/186/121
f 150/235/150 72/237/72 151/238/151
f 121/186/121 155/250/155 105/153/105
f 155/250/155 122/187/122 105/153/105
f 140/251/140 106/252/106 156/253/156
f 140/254/140 114/173/114 97/139/97
f 86/120/86 157/255/157 77/256/77
f 123/189/123 158/257/158 124/190/124
f 62/177/62 124/190/124 84/178/84
f 115/193/115 159/258/159 100/248/100
f 126/196/126 63/181/63 160/259/160
f 102/147/102 161/260/161 117/182/117
f 101/261/101 144/262/144 118/263/118
f 127/198/127 162/264/162 163/265/163
f 127/198/127 131/218/131 162/264/162
f 131/266/131 164/267/164 165/268/165
f 110/161/110 145/229/145 166/269/166
f 110/163/110 166/270/166 130/202/130
f 131/203/131 130/202/130 164/271/164
f 167/272/167 148/273/148 149/274/149
f 120/185/120 149/234/149 148/233/148
f 132/275/132 168/276/168 104/152/104
f 114/173/114 140/254/140 169/277/169
f 114/173/114 170/278/170 91/128/91
f 86/120/86 91/128/91 157/255/157
f 107/157/107 171/279/171 98/140/98
f 172/280/172 141/225/141 77/108/77
f 75/281/75 142/282/142 136/283/136
f 123/189/123 173/284/173 158/257/158
f 100/285/100 173/284/173 123/189/123
f 102/148/102 174/286/174 161/287/161
f 103/150/103 174/286/174 102/148/102
f 118/215/118 175/288/175 128/216/128
f 165/268/165 162/289/162 131/266/131
f 176/290/176 145/229/145 138/219/138
f 146/231/146 177/291/177 139/220/139
f 167/292/167 178/293/178 148/294/148
f 179/295/179 148/294/148 178/293/178
f 148/294/148 179/295/179 147/296/147
f 104/152/104 168/276/168 149/234/149
f 150/235/150 180/297/180 81/236/81
f 154/249/154 155/250/155 121/186/121
f 169/277/169 170/278/170 114/173/114
f 98/298/98 171/299/171 152/300/152
f 157/301/157 172/280/172 77/108/77
f 181/302/181 115/193/115 99/303/99
f 125/191/125 182/304/182 80/111/80
f 142/282/142 66/197/66 137/213/137
f 144/228/144 117/182/117 161/260/161
f 128/200/128 183/305/183 129/201/129
f 119/204/119 184/306/184 138/230/138
f 129/201/129 185/307/185 146/231/146
f 139/308/139 184/309/184 119/310/119
f 147/296/147 179/295/179 154/311/154
f 149/274/149 186/312/186 167/272/167
f 81/222/81 187/313/187 132/207/132
f 154/249/154 188/314/188 155/250/155
f 189/315/189 190/316/190 156/317/156
f 156/317/156 190/316/190 140/318/140
f 140/254/140 191/319/191 169/277/169
f 141/320/141 172/321/172 192/322/192
f 182/323/182 116/180/116 80/179/80
f 174/286/174 103/150/103 127/198/127
f 175/288/175 118/215/118 193/324/193
f 194/325/194 195/326/195 130/202/130
f 166/270/166 194/325/194 130/202/130
f 195/326/195 164/271/164 130/202/130
f 184/306/184 176/327/176 138/230/138
f 177/291/177 184/328/184 139/220/139
f 196/329/196 154/311/154 179/295/179
f 188/314/188 122/187/122 155/250/155
f 191/330/191 140/318/140 190/316/190
f 197/331/197 133/209/133 122/187/122
f 156/253/156 106/252/106 133/209/133
f 191/332/191 198/333/198 169/334/169
f 169/277/169 198/335/198 170/278/170
f 153/246/153 68/245/68 136/336/136
f 100/248/100 159/258/159 173/337/173
f 199/338/199 137/213/137 143/227/143
f 63/181/63 116/180/116 160/259/160
f 178/293/178 167/292/167 200/339/200
f 187/313/187 81/222/81 180/340/180
f 187/341/187 201/342/201 132/343/132
f 201/342/201 168/344/168 132/343/132
f 189/345/189 156/253/156 197/331/197
f 156/253/156 133/209/133 197/331/197
f 73/346/73 202/347/202 113/348/113
f 202/349/202 73/350/73 152/351/152
f 203/352/203 157/255/157 91/128/91
f 204/353/204 107/354/107 135/355/135
f 181/302/181 159/258/159 115/193/115
f 137/213/137 199/338/199 142/282/142
f 127/198/127 205/356/205 174/286/174
f 144/262/144 161/357/161 206/358/206
f 144/262/144 193/359/193 118/263/118
f 128/200/128 175/360/175 183/305/183
f 129/201/129 183/305/183 185/307/185
f 178/293/178 200/339/200 207/361/207
f 208/362/208 178/293/178 207/361/207
f 167/292/167 209/363/209 200/339/200
f 149/364/149 168/365/168 186/366/186
f 198/367/198 210/368/210 170/369/170
f 91/128/91 170/278/170 203/352/203
f 107/354/107 204/353/204 171/299/171
f 135/355/135 211/370/211 204/353/204
f 135/211/135 153/243/153 211/371/211
f 173/337/173 159/258/159 212/372/212
f 158/257/158 213/373/213 124/190/124
f 126/196/126 160/259/160 143/227/143
f 178/293/178 214/374/214 179/295/179
f 167/272/167 186/312/186 209/375/209
f 196/376/196 215/377/215 154/378/154
f 215/377/215 188/379/188 154/378/154
f 188/314/188 197/331/197 122/187/122
f 113/348/113 216/380/216 134/381/134
f 170/278/170 210/382/210 203/352/203
f 153/246/153 136/336/136 217/383/217
f 136/283/136 142/282/142 218/384/218
f 124/385/124 213/386/213 84/387/84
f 142/282/142 199/338/199 218/384/218
f 199/388/199 143/389/143 219/390/219
f 161/391/161 174/392/174 220/393/220
f 161/391/161 220/393/220 206/394/206
f 162/289/162 165/268/165 221/395/221
f 165/268/165 222/396/222 221/395/221
f 144/262/144 206/358/206 193/359/193
f 166/270/166 223/397/223 194/325/194
f 166/269/166 145/229/145 224/398/224
f 145/229/145 176/290/176 224/398/224
f 208/362/208 225/399/225 214/374/214
f 208/362/208 214/374/214 178/293/178
f 150/235/150 226/400/226 180/297/180
f 201/342/201 227/401/227 168/344/168
f 228/402/228 190/316/190 189/315/189
f 197/331/197 229/403/229 189/345/189
f 134/239/134 230/404/230 151/238/151
f 113/348/113 202/347/202 216/380/216
f 172/405/172 231/406/231 192/407/192
f 99/303/99 141/320/141 181/302/181
f 136/336/136 218/408/218 232/409/232
f 181/302/181 212/372/212 159/258/159
f 183/305/183 233/410/233 185/307/185
f 184/306/184 234/411/234 176/327/176
f 185/307/185 235/412/235 146/231/146
f 225/399/225 236/413/236 214/374/214
f 180/414/180 237/415/237 187/341/187
f 150/416/150 238/417/238 226/418/226
f 238/419/238 150/235/150 151/238/151
f 189/345/189 229/403/229 239/420/239
f 134/381/134 216/380/216 230/421/230
f 157/255/157 231/422/231 172/423/172
f 217/383/217 136/336/136 232/409/232
f 84/387/84 213/386/213 125/424/125
f 240/425/240 160/259/160 116/180/116
f 162/289/162 221/395/221 163/426/163
f 206/394/206 220/393/220 241/427/241
f 234/428/234 224/398/224 176/290/176
f 242/429/242 235/412/235 185/307/185
f 184/430/184 243/431/243 234/432/234
f 146/231/146 235/412/235 177/291/177
f 207/361/207 244/433/244 208/362/208
f 180/414/180 226/434/226 237/415/237
f 209/435/209 245/436/245 200/437/200
f 214/374/214 196/329/196 179/295/179
f 186/312/186 168/438/168 209/375/209
f 171/299/171 246/439/246 152/300/152
f 204/353/204 211/370/211 247/440/247
f 203/352/203 231/422/231 157/255/157
f 211/441/211 153/246/153 217/383/217
f 192/322/192 248/442/248 141/320/141
f 141/320/141 248/442/248 181/302/181
f 173/284/173 212/443/212 158/257/158
f 174/286/174 205/356/205 220/444/220
f 222/396/222 165/268/165 249/445/249
f 224/446/224 223/447/223 166/448/166
f 183/305/183 175/360/175 250/449/250
f 177/450/177 243/431/243 184/430/184
f 177/450/177 251/451/251 243/431/243
f 168/344/168 227/401/227 209/452/209
f 238/419/238 151/238/151 230/404/230
f 188/314/188 252/453/252 197/331/197
f 252/453/252 229/403/229 197/331/197
f 204/353/204 246/439/246 171/299/171
f 181/454/181 253/455/253 212/456/212
f 158/257/158 212/443/212 254/457/254
f 254/457/254 213/373/213 158/257/158
f 125/424/125 213/386/213 255/458/255
f 125/459/125 256/460/256 182/323/182
f 195/461/195 257/462/257 164/267/164
f 164/267/164 249/445/249 165/268/165
f 183/305/183 250/449/250 233/410/233
f 214/374/214 236/413/236 258/463/258
f 189/315/189 239/464/239 228/402/228
f 218/465/218 259/466/259 260/467/260
f 259/466/259 218/465/218 199/388/199
f 199/388/199 219/390/219 259/466/259
f 127/198/127 163/265/163 205/356/205
f 175/288/175 193/324/193 250/468/250
f 185/307/185 233/410/233 242/429/242
f 208/469/208 261/470/261 225/471/225
f 208/469/208 244/472/244 261/470/261
f 200/339/200 262/473/262 207/361/207
f 245/436/245 263/474/263 200/437/200
f 237/415/237 201/342/201 187/341/187
f 201/342/201 264/475/264 227/401/227
f 258/463/258 196/329/196 214/374/214
f 265/476/265 215/377/215 196/376/196
f 191/332/191 266/477/266 198/333/198
f 216/380/216 202/347/202 267/478/267
f 203/479/203 268/480/268 231/481/231
f 232/409/232 218/408/218 269/482/269
f 218/465/218 260/467/260 269/483/269
f 270/484/270 219/390/219 143/389/143
f 270/485/270 143/227/143 160/259/160
f 270/485/270 160/259/160 240/425/240
f 249/445/249 164/267/164 257/462/257
f 193/324/193 206/486/206 241/487/241
f 226/418/226 238/417/238 271/488/271
f 209/435/209 227/489/227 245/436/245
f 215/377/215 272/490/272 188/379/188
f 188/379/188 272/490/272 252/491/252
f 273/492/273 190/316/190 228/402/228
f 273/493/273 191/332/191 190/494/190
f 273/493/273 274/495/274 191/332/191
f 274/495/274 266/477/266 191/332/191
f 202/349/202 152/351/152 275/496/275
f 246/439/246 204/353/204 247/440/247
f 210/497/210 268/480/268 203/479/203
f 211/370/211 276/498/276 247/440/247
f 211/370/211 217/499/217 276/498/276
f 231/500/231 277/501/277 192/502/192
f 217/383/217 232/409/232 278/503/278
f 254/504/254 255/458/255 213/386/213
f 223/397/223 279/505/279 194/325/194
f 280/506/280 281/507/281 242/508/242
f 282/509/282 237/510/237 226/418/226
f 283/511/283 177/291/177 235/412/235
f 207/361/207 262/473/262 244/433/244
f 237/415/237 264/475/264 201/342/201
f 238/417/238 230/512/230 271/488/271
f 229/513/229 252/491/252 284/514/284
f 202/349/202 275/496/275 285/515/285
f 246/516/246 275/496/275 152/351/152
f 253/455/253 181/454/181 248/517/248
f 255/458/255 256/518/256 125/424/125
f 259/466/259 219/390/219 286/519/286
f 287/520/287 116/180/116 182/323/182
f 194/325/194 257/521/257 195/326/195
f 193/324/193 241/487/241 288/522/288
f 223/523/223 224/524/224 289/525/289
f 242/508/242 233/526/233 280/506/280
f 193/324/193 290/527/290 250/468/250
f 242/508/242 281/507/281 291/528/291
f 242/508/242 291/528/291 235/529/235
f 226/418/226 292/530/292 282/509/282
f 264/475/264 237/415/237 293/531/293
f 226/418/226 271/488/271 292/530/292
f 196/376/196 258/532/258 265/476/265
f 215/377/215 265/476/265 272/490/272
f 272/490/272 284/514/284 252/491/252
f 239/533/239 284/534/284 294/535/294
f 229/536/229 284/534/284 239/533/239
f 198/537/198 268/480/268 210/497/210
f 268/480/268 295/538/295 231/481/231
f 231/481/231 295/538/295 277/539/277
f 277/501/277 248/540/248 192/502/192
f 232/541/232 269/542/269 278/543/278
f 253/455/253 296/544/296 212/456/212
f 212/456/212 296/544/296 254/545/254
f 163/426/163 221/395/221 297/546/297
f 250/449/250 298/547/298 233/410/233
f 282/509/282 292/530/292 299/548/299
f 261/549/261 300/550/300 225/551/225
f 227/401/227 264/475/264 301/552/301
f 225/551/225 300/550/300 236/553/236
f 230/554/230 302/555/302 271/556/271
f 230/421/230 216/380/216 302/557/302
f 266/477/266 303/558/303 198/333/198
f 198/537/198 303/559/303 268/480/268
f 202/349/202 285/515/285 267/560/267
f 247/440/247 276/498/276 304/561/304
f 305/562/305 276/563/276 217/564/217
f 260/467/260 259/466/259 306/565/306
f 259/466/259 286/519/286 306/565/306
f 286/519/286 219/390/219 307/566/307
f 287/520/287 182/323/182 256/460/256
f 307/566/307 219/390/219 270/484/270
f 287/520/287 308/567/308 116/180/116
f 240/568/240 308/569/308 270/484/270
f 237/570/237 282/571/282 293/572/293
f 309/573/309 235/529/235 291/528/291
f 310/574/310 300/550/300 261/549/261
f 263/575/263 262/473/262 200/339/200
f 311/576/311 228/577/228 239/533/239
f 312/578/312 284/514/284 272/490/272
f 313/579/313 255/458/255 254/504/254
f 314/580/314 256/518/256 255/458/255
f 308/567/308 240/425/240 116/180/116
f 205/356/205 315/581/315 220/444/220
f 220/393/220 315/582/315 241/427/241
f 194/325/194 279/505/279 257/521/257
f 280/506/280 233/526/233 316/583/316
f 282/509/282 299/548/299 293/584/293
f 177/291/177 283/511/283 251/585/251
f 317/586/317 245/436/245 227/489/227
f 300/550/300 318/587/318 236/553/236
f 236/588/236 319/589/319 258/590/258
f 271/488/271 302/591/302 320/592/320
f 312/578/312 272/490/272 265/476/265
f 266/593/266 274/594/274 321/595/321
f 294/596/294 284/514/284 312/578/312
f 302/557/302 216/380/216 267/478/267
f 303/559/303 295/538/295 268/480/268
f 322/597/322 285/515/285 275/496/275
f 246/439/246 247/440/247 323/598/323
f 217/599/217 278/543/278 324/600/324
f 313/579/313 325/601/325 255/458/255
f 286/519/286 307/566/307 326/602/326
f 193/324/193 288/522/288 290/527/290
f 299/548/299 292/530/292 327/603/327
f 251/604/251 328/605/328 243/606/243
f 261/470/261 244/472/244 329/607/329
f 301/608/301 317/586/317 227/489/227
f 236/609/236 330/610/330 319/611/319
f 239/533/239 294/535/294 311/576/311
f 321/612/321 303/558/303 266/477/266
f 304/561/304 323/598/323 247/440/247
f 217/599/217 324/600/324 305/613/305
f 296/544/296 331/614/331 254/545/254
f 254/504/254 331/615/331 313/579/313
f 256/460/256 314/616/314 287/520/287
f 163/426/163 332/617/332 205/618/205
f 222/396/222 249/445/249 333/619/333
f 249/620/249 334/621/334 333/622/333
f 233/526/233 335/623/335 316/583/316
f 233/410/233 298/547/298 335/624/335
f 234/428/234 336/625/336 224/398/224
f 293/626/293 337/627/337 264/628/264
f 245/436/245 317/586/317 263/474/263
f 292/530/292 271/488/271 338/629/338
f 228/577/228 339/630/339 273/631/273
f 236/553/236 318/587/318 330/632/330
f 267/560/267 285/515/285 340/633/340
f 341/634/341 277/501/277 295/635/295
f 269/542/269 342/636/342 278/543/278
f 343/637/343 344/638/344 345/639/345
f 343/637/343 345/639/345 346/640/346
f 255/458/255 325/601/325 314/580/314
f 308/569/308 347/641/347 270/484/270
f 348/642/348 315/581/315 205/356/205
f 349/643/349 241/427/241 315/582/315
f 279/644/279 223/523/223 289/525/289
f 350/645/350 293/646/293 299/647/299
f 250/648/250 290/649/290 298/650/298
f 301/552/301 264/475/264 337/651/337
f 338/629/338 271/488/271 320/592/320
f 339/630/339 228/577/228 311/576/311
f 273/652/273 351/653/351 274/594/274
f 351/653/351 321/595/321 274/594/274
f 320/654/320 302/557/302 352/655/352
f 302/557/302 267/478/267 352/655/352
f 321/656/321 353/657/353 303/559/303
f 285/515/285 322/597/322 340/633/340
f 322/597/322 275/496/275 246/516/246
f 303/559/303 353/657/353 295/538/295
f 353/657/353 341/658/341 295/538/295
f 354/659/354 331/614/331 296/544/296
f 306/565/306 355/660/355 260/467/260
f 356/661/356 346/640/346 345/639/345
f 306/662/306 357/663/357 355/664/355
f 286/519/286 357/665/357 306/565/306
f 358/666/358 345/639/345 344/638/344
f 359/667/359 314/668/314 325/669/325
f 360/670/360 344/671/344 343/672/343
f 307/566/307 270/484/270 347/641/347
f 332/617/332 163/426/163 297/546/297
f 332/673/332 348/674/348 205/675/205
f 221/395/221 222/396/222 361/676/361
f 279/644/279 362/677/362 257/678/257
f 309/573/309 283/679/283 235/529/235
f 310/574/310 363/680/363 300/550/300
f 300/550/300 363/680/363 318/587/318
f 319/611/319 364/681/364 258/682/258
f 365/683/365 353/657/353 321/656/321
f 352/655/352 267/478/267 340/684/340
f 269/483/269 260/467/260 342/685/342
f 331/686/331 366/687/366 313/688/313
f 367/689/367 343/637/343 346/640/346
f 368/690/368 358/691/358 344/671/344
f 360/670/360 368/690/368 344/671/344
f 307/566/307 347/641/347 326/602/326
f 347/641/347 308/569/308 287/692/287
f 369/693/369 349/694/349 315/695/315
f 280/506/280 316/583/316 370/696/370
f 293/626/293 350/697/350 371/698/371
f 372/699/372 281/507/281 280/506/280
f 243/431/243 373/700/373 234/432/234
f 263/701/263 317/702/317 374/703/374
f 273/652/273 375/704/375 351/653/351
f 294/535/294 376/705/376 311/576/311
f 265/476/265 258/532/258 377/706/377
f 265/476/265 378/707/378 312/578/312
f 246/516/246 323/708/323 322/597/322
f 342/636/342 379/709/379 278/543/278
f 286/519/286 326/602/326 380/710/380
f 360/670/360 381/711/381 368/690/368
f 314/712/314 359/713/359 287/692/287
f 348/674/348 369/714/369 315/715/315
f 257/678/257 382/716/382 249/620/249
f 280/506/280 370/696/370 372/699/372
f 293/626/293 371/698/371 337/627/337
f 241/487/241 383/717/383 288/522/288
f 224/718/224 336/719/336 289/720/289
f 292/530/292 338/629/338 327/603/327
f 309/573/309 384/721/384 283/679/283
f 244/472/244 262/722/262 385/723/385
f 273/631/273 339/630/339 375/724/375
f 330/610/330 386/725/386 319/611/319
f 258/682/258 364/681/364 377/726/377
f 351/653/351 387/727/387 321/595/321
f 322/597/322 388/728/388 340/633/340
f 389/729/389 390/730/390 391/731/391
f 390/730/390 392/732/392 391/731/391
f 353/657/353 393/733/393 341/658/341
f 278/543/278 379/709/379 324/600/324
f 253/455/253 248/517/248 394/734/394
f 253/455/253 395/735/395 296/544/296
f 346/640/346 396/736/396 367/689/367
f 397/737/397 346/640/346 356/661/356
f 397/737/397 356/661/356 398/738/398
f 357/663/357 286/739/286 380/740/380
f 287/692/287 359/713/359 347/641/347
f 347/641/347 399/741/399 326/602/326
f 222/742/222 333/743/333 361/744/361
f 370/696/370 316/583/316 400/745/400
f 401/746/401 371/698/371 350/697/350
f 350/645/350 299/647/299 327/747/327
f 402/748/402 309/573/309 291/528/291
f 373/749/373 243/606/243 328/605/328
f 329/750/329 310/574/310 261/549/261
f 403/751/403 338/629/338 320/592/320
f 376/705/376 339/630/339 311/576/311
f 386/725/386 364/681/364 319/611/319
f 318/587/318 404/752/404 330/632/330
f 330/632/330 404/752/404 405/753/405
f 377/706/377 378/707/378 265/476/265
f 330/632/330 405/753/405 386/754/386
f 406/755/406 386/725/386 389/756/389
f 407/757/407 352/655/352 340/684/340
f 365/683/365 393/733/393 353/657/353
f 408/758/408 391/731/391 392/732/392
f 409/759/409 323/598/323 304/561/304
f 277/501/277 394/760/394 248/540/248
f 397/737/397 396/736/396 346/640/346
f 345/639/345 358/666/358 356/661/356
f 410/761/410 399/741/399 347/641/347
f 297/762/297 221/763/221 361/764/361
f 382/716/382 334/621/334 249/620/249
f 316/583/316 335/623/335 400/745/400
f 327/603/327 338/629/338 411/765/411
f 309/573/309 412/766/412 384/721/384
f 244/472/244 385/723/385 329/607/329
f 338/629/338 403/751/403 411/765/411
f 262/722/262 263/701/263 413/767/413
f 283/768/283 414/769/414 251/770/251
f 403/751/403 320/592/320 352/771/352
f 364/681/364 386/725/386 406/755/406
f 364/681/364 406/755/406 377/726/377
f 406/755/406 415/772/415 377/726/377
f 377/726/377 415/772/415 378/773/378
f 321/595/321 387/727/387 365/774/365
f 406/755/406 389/756/389 391/775/391
f 415/772/415 406/755/406 391/775/391
f 415/772/415 391/775/391 416/776/416
f 416/777/416 391/731/391 408/758/408
f 322/597/322 323/708/323 417/778/417
f 390/730/390 418/779/418 392/732/392
f 392/732/392 418/779/418 419/780/419
f 393/733/393 420/781/420 341/658/341
f 420/782/420 277/501/277 341/634/341
f 367/689/367 396/736/396 421/783/421
f 421/784/421 396/785/396 422/786/422
f 260/787/260 355/788/355 342/789/342
f 358/666/358 398/738/398 356/661/356
f 326/790/326 423/791/423 380/740/380
f 241/792/241 349/793/349 383/794/383
f 401/795/401 350/645/350 424/796/424
f 281/507/281 402/748/402 291/528/291
f 376/705/376 294/535/294 425/797/425
f 403/751/403 352/771/352 407/798/407
f 294/596/294 312/578/312 425/799/425
f 407/757/407 340/684/340 388/800/388
f 415/772/415 426/801/426 378/773/378
f 415/772/415 416/776/416 426/801/426
f 405/802/405 389/756/389 386/725/386
f 324/600/324 427/803/427 305/613/305
f 394/734/394 395/735/395 253/455/253
f 296/544/296 395/735/395 354/659/354
f 421/784/421 428/804/428 429/805/429
f 421/783/421 429/806/429 367/689/367
f 358/691/358 368/690/368 430/807/430
f 381/711/381 431/808/431 368/690/368
f 335/623/335 432/809/432 400/745/400
f 337/627/337 371/698/371 433/810/433
f 372/699/372 402/748/402 281/507/281
f 290/811/290 288/812/288 434/813/434
f 290/649/290 435/814/435 298/650/298
f 317/702/317 301/815/301 436/816/436
f 436/816/436 374/703/374 317/702/317
f 411/765/411 403/751/403 437/817/437
f 262/722/262 413/767/413 385/723/385
f 263/701/263 374/703/374 413/767/413
f 310/574/310 438/818/438 363/680/363
f 375/704/375 439/819/439 351/653/351
f 404/752/404 318/587/318 363/680/363
f 417/778/417 388/728/388 322/597/322
f 389/729/389 440/820/440 390/730/390
f 365/683/365 441/821/441 393/733/393
f 408/758/408 392/732/392 419/780/419
f 441/821/441 420/781/420 393/733/393
f 442/822/442 304/561/304 276/498/276
f 324/600/324 379/709/379 427/803/427
f 397/737/397 422/823/422 396/736/396
f 443/824/443 343/637/343 367/689/367
f 444/825/444 325/669/325 313/826/313
f 430/827/430 398/738/398 358/666/358
f 347/641/347 359/713/359 410/761/410
f 399/741/399 410/761/410 445/828/445
f 382/716/382 257/678/257 362/677/362
f 446/829/446 350/645/350 327/747/327
f 434/813/434 288/812/288 383/794/383
f 446/829/446 327/747/327 411/830/411
f 335/623/335 298/831/298 447/832/447
f 448/833/448 339/834/339 376/835/376
f 449/836/449 310/574/310 329/750/329
f 439/819/439 387/727/387 351/653/351
f 425/799/425 312/578/312 378/707/378
f 450/837/450 388/728/388 417/778/417
f 404/838/404 451/839/451 405/840/405
f 452/841/452 441/821/441 365/683/365
f 405/802/405 440/842/440 389/756/389
f 440/820/440 418/779/418 390/730/390
f 276/843/276 305/844/305 442/845/442
f 428/804/428 421/784/421 453/846/453
f 421/784/421 422/786/422 453/846/453
f 313/847/313 366/848/366 444/849/444
f 355/664/355 357/663/357 454/850/454
f 360/670/360 343/672/343 455/851/455
f 456/852/456 359/667/359 325/669/325
f 456/853/456 410/761/410 359/713/359
f 381/711/381 360/670/360 455/851/455
f 423/791/423 326/790/326 399/854/399
f 297/762/297 457/855/457 332/673/332
f 458/856/458 362/677/362 279/644/279
f 350/645/350 446/829/446 424/796/424
f 298/831/298 435/857/435 447/832/447
f 373/749/373 336/719/336 234/858/234
f 402/748/402 412/766/412 309/573/309
f 459/859/459 375/860/375 339/834/339
f 329/750/329 385/861/385 449/836/449
f 363/680/363 460/862/460 461/863/461
f 365/774/365 387/727/387 452/864/452
f 461/863/461 404/752/404 363/680/363
f 404/838/404 461/865/461 451/839/451
f 441/821/441 462/866/462 463/867/463
f 463/867/463 420/781/420 441/821/441
f 409/868/409 304/869/304 442/845/442
f 418/779/418 464/870/464 419/780/419
f 419/780/419 464/870/464 465/871/465
f 277/501/277 420/782/420 394/760/394
f 429/805/429 428/804/428 466/872/466
f 427/803/427 379/709/379 467/873/467
f 354/659/354 468/874/468 331/614/331
f 355/664/355 454/850/454 469/875/469
f 357/663/357 380/740/380 454/850/454
f 431/808/431 470/876/470 368/690/368
f 297/762/297 361/764/361 471/877/471
f 279/644/279 289/525/289 458/856/458
f 335/623/335 447/832/447 432/809/432
f 403/751/403 472/878/472 437/817/437
f 448/833/448 459/859/459 339/834/339
f 407/798/407 472/878/472 403/751/403
f 363/680/363 438/818/438 460/862/460
f 378/879/378 473/880/473 425/881/425
f 323/882/323 409/883/409 417/884/417
f 405/840/405 451/839/451 440/885/440
f 419/780/419 465/871/465 408/758/408
f 474/886/474 394/760/394 463/887/463
f 420/782/420 463/887/463 394/760/394
f 305/613/305 427/803/427 475/888/475
f 440/820/440 476/889/476 418/779/418
f 394/734/394 477/890/477 395/735/395
f 395/735/395 468/874/468 354/659/354
f 418/891/418 476/892/476 464/893/464
f 428/804/428 453/846/453 478/894/478
f 342/895/342 479/896/479 379/897/379
f 367/689/367 429/806/429 443/824/443
f 342/898/342 355/664/355 469/875/469
f 398/738/398 480/899/480 397/737/397
f 410/900/410 456/901/456 481/902/481
f 398/738/398 430/827/430 480/899/480
f 430/807/430 368/690/368 470/876/470
f 382/903/382 482/904/482 334/905/334
f 333/906/333 334/907/334 483/908/483
f 301/909/301 484/910/484 436/911/436
f 411/830/411 437/912/437 446/829/446
f 290/811/290 434/813/434 435/913/435
f 436/816/436 485/914/485 374/703/374
f 385/723/385 413/767/413 486/915/486
f 407/916/407 487/917/487 472/918/472
f 407/916/407 388/919/388 487/917/487
f 488/920/488 461/863/461 460/862/460
f 450/837/450 487/921/487 388/728/388
f 450/922/450 417/884/417 489/923/489
f 417/884/417 409/883/409 489/923/489
f 408/758/408 490/924/490 416/777/416
f 451/839/451 491/925/491 440/885/440
f 492/926/492 491/925/491 451/839/451
f 428/927/428 493/928/493 466/929/466
f 440/820/440 494/930/494 476/889/476
f 395/735/395 477/890/477 468/874/468
f 491/931/491 494/932/494 440/933/440
f 495/934/495 494/932/494 491/931/491
f 469/935/469 479/896/479 342/895/342
f 454/850/454 496/936/496 469/875/469
f 397/937/397 497/938/497 422/786/422
f 397/937/397 480/939/480 497/938/497
f 481/902/481 445/940/445 410/900/410
f 423/791/423 399/854/399 498/941/498
f 445/942/445 498/941/498 399/854/399
f 499/943/499 500/944/500 381/711/381
f 381/711/381 500/944/500 431/808/431
f 332/673/332 457/855/457 348/674/348
f 501/945/501 372/699/372 370/696/370
f 400/745/400 432/809/432 502/946/502
f 337/627/337 503/947/503 301/909/301
f 328/605/328 504/948/504 373/749/373
f 485/914/485 486/915/486 413/767/413
f 413/767/413 374/703/374 485/914/485
f 310/574/310 449/836/449 438/818/438
f 387/727/387 439/819/439 505/949/505
f 505/949/505 452/864/452 387/727/387
f 378/950/378 426/951/426 473/952/473
f 506/953/506 473/952/473 426/951/426
f 416/954/416 507/955/507 426/951/426
f 416/954/416 490/956/490 507/955/507
f 463/887/463 462/957/462 508/958/508
f 508/958/508 474/886/474 463/887/463
f 394/760/394 474/886/474 477/959/477
f 492/960/492 495/934/495 491/931/491
f 478/894/478 453/846/453 509/961/509
f 466/962/466 510/963/510 429/964/429
f 476/892/476 511/965/511 464/893/464
f 453/846/453 422/786/422 497/938/497
f 444/825/444 512/966/512 325/669/325
f 325/669/325 512/966/512 456/852/456
f 380/740/380 423/791/423 513/967/513
f 297/762/297 471/877/471 457/855/457
f 369/714/369 514/968/514 349/969/349
f 371/698/371 515/970/515 433/810/433
f 372/699/372 516/971/516 402/748/402
f 517/972/517 483/908/483 334/907/334
f 446/829/446 437/912/437 518/973/518
f 484/974/484 485/914/485 436/816/436
f 460/862/460 438/818/438 488/920/488
f 461/863/461 488/920/488 519/975/519
f 452/864/452 520/976/520 441/977/441
f 426/951/426 507/955/507 506/953/506
f 461/865/461 521/978/521 451/839/451
f 408/758/408 465/871/465 490/924/490
f 428/927/428 522/979/522 493/928/493
f 468/980/468 477/981/477 523/982/523
f 443/983/443 429/964/429 510/963/510
f 467/873/467 379/709/379 479/984/479
f 495/934/495 524/985/524 494/932/494
f 525/986/525 494/932/494 524/985/524
f 494/987/494 525/988/525 476/892/476
f 511/965/511 476/892/476 525/988/525
f 454/850/454 380/740/380 513/967/513
f 526/989/526 455/851/455 343/672/343
f 512/966/512 527/990/527 456/852/456
f 498/991/498 445/940/445 481/902/481
f 455/851/455 499/943/499 381/711/381
f 528/992/528 470/876/470 431/808/431
f 529/993/529 369/714/369 348/674/348
f 501/945/501 370/696/370 400/745/400
f 515/970/515 371/698/371 401/746/401
f 530/994/530 382/716/382 362/677/362
f 482/995/482 517/972/517 334/907/334
f 333/906/333 483/908/483 531/996/531
f 532/997/532 289/720/289 336/719/336
f 533/998/533 336/719/336 373/749/373
f 485/914/485 534/999/534 486/915/486
f 385/861/385 535/1000/535 449/836/449
f 536/1001/536 537/1002/537 425/1003/425
f 425/797/425 537/1004/537 376/705/376
f 538/1005/538 473/952/473 506/953/506
f 520/976/520 452/864/452 505/949/505
f 519/1006/519 521/978/521 461/865/461
f 538/1005/538 506/953/506 507/955/507
f 462/1007/462 539/1008/539 508/1009/508
f 521/978/521 492/926/492 451/839/451
f 490/924/490 465/871/465 540/1010/540
f 522/979/522 428/927/428 541/1011/541
f 428/927/428 478/1012/478 541/1011/541
f 542/1013/542 495/934/495 492/960/492
f 543/1014/543 510/963/510 466/962/466
f 453/846/453 544/1015/544 509/961/509
f 465/871/465 464/870/464 545/1016/545
f 544/1015/544 453/846/453 497/938/497
f 510/963/510 546/1017/546 443/983/443
f 542/1013/542 524/985/524 495/934/495
f 464/893/464 511/965/511 545/1018/545
f 547/1019/547 512/966/512 444/825/444
f 513/967/513 423/791/423 498/941/498
f 499/1020/499 548/1021/548 500/1022/500
f 369/714/369 529/993/529 514/968/514
f 501/1023/501 549/1024/549 372/1025/372
f 550/1026/550 401/1027/401 424/1028/424
f 484/910/484 301/909/301 503/947/503
f 518/973/518 437/912/437 551/1029/551
f 437/912/437 472/1030/472 551/1029/551
f 484/1031/484 552/1032/552 485/1033/485
f 552/1034/552 534/999/534 485/914/485
f 448/833/448 376/835/376 537/1035/537
f 553/1036/553 384/1037/384 412/1038/412
f 385/1039/385 486/1040/486 534/1041/534
f 438/818/438 449/836/449 535/1000/535
f 554/1042/554 521/1043/521 519/1044/519
f 520/1045/520 462/866/462 441/821/441
f 538/1005/538 507/955/507 555/1046/555
f 556/1047/556 523/1048/523 508/958/508
f 508/958/508 523/1048/523 474/886/474
f 523/1048/523 477/959/477 474/886/474
f 543/1049/543 466/1050/466 493/1051/493
f 467/873/467 557/1052/557 427/803/427
f 497/938/497 558/1053/558 544/1015/544
f 479/1054/479 469/875/469 559/1055/559
f 444/825/444 560/1056/560 547/1019/547
f 527/1057/527 481/902/481 456/901/456
f 455/851/455 561/1058/561 499/943/499
f 348/674/348 457/855/457 529/993/529
f 401/746/401 550/1059/550 515/970/515
f 333/906/333 562/1060/562 361/1061/361
f 518/973/518 424/796/424 446/829/446
f 563/1062/563 484/1031/484 503/1063/503
f 336/719/336 533/998/533 532/997/532
f 534/1041/534 535/1064/535 385/1039/385
f 564/1065/564 438/818/438 535/1000/535
f 438/818/438 564/1065/564 488/920/488
f 439/819/439 565/1066/565 505/949/505
f 283/768/283 566/1067/566 414/769/414
f 425/881/425 473/880/473 536/1068/536
f 487/1069/487 450/922/450 567/1070/567
f 568/1071/568 508/958/508 539/1072/539
f 508/958/508 568/1071/568 556/1047/556
f 521/978/521 569/1073/569 492/926/492
f 490/924/490 540/1010/540 570/1074/570
f 571/1075/571 493/1051/493 522/1076/522
f 569/1077/569 542/1013/542 492/960/492
f 478/1012/478 572/1078/572 541/1011/541
f 478/894/478 573/1079/573 572/1080/572
f 478/894/478 509/961/509 573/1079/573
f 509/961/509 544/1015/544 573/1079/573
f 465/871/465 545/1016/545 540/1010/540
f 467/873/467 574/1081/574 557/1052/557
f 575/1082/575 366/1083/366 331/1084/331
f 542/1013/542 576/1085/576 524/985/524
f 443/983/443 546/1017/546 526/1086/526
f 497/938/497 577/1087/577 578/1088/578
f 524/985/524 576/1085/576 579/1089/579
f 443/824/443 526/1090/526 343/637/343
f 497/938/497 480/939/480 577/1087/577
f 525/988/525 580/1091/580 511/965/511
f 526/989/526 561/1058/561 455/851/455
f 480/899/480 430/827/430 581/1092/581
f 582/1093/582 581/1092/581 430/827/430
f 481/1094/481 583/1095/583 498/941/498
f 430/807/430 584/1096/584 582/1097/582
f 470/876/470 584/1096/584 430/807/430
f 500/944/500 528/992/528 431/808/431
f 400/1098/400 585/1099/585 501/1023/501
f 400/1098/400 502/1100/502 585/1099/585
f 433/810/433 586/1101/586 503/947/503
f 337/627/337 433/810/433 503/947/503
f 424/1028/424 518/1102/518 550/1026/550
f 383/794/383 349/793/349 587/1103/587
f 362/677/362 458/856/458 530/994/530
f 432/1104/432 447/1105/447 588/1106/588
f 551/1029/551 472/1030/472 589/1107/589
f 375/1108/375 459/1109/459 439/1110/439
f 535/1111/535 534/1112/534 590/1113/590
f 283/1114/283 384/1115/384 566/1116/566
f 473/952/473 538/1005/538 591/1117/591
f 554/1042/554 592/1118/592 521/1043/521
f 592/1118/592 569/1119/569 521/1043/521
f 555/1046/555 507/955/507 593/1120/593
f 507/1121/507 570/1074/570 593/1122/593
f 507/1121/507 490/924/490 570/1074/570
f 543/1049/543 493/1051/493 594/1123/594
f 305/844/305 475/1124/475 442/845/442
f 543/1014/543 595/1125/595 510/963/510
f 468/980/468 575/1082/575 331/1084/331
f 545/1016/545 596/1126/596 540/1010/540
f 546/1017/546 510/963/510 595/1125/595
f 497/938/497 578/1088/578 558/1053/558
f 545/1016/545 511/1127/511 596/1126/596
f 597/1128/597 576/1129/576 542/1130/542
f 511/1127/511 580/1131/580 596/1126/596
f 524/985/524 598/1132/598 525/986/525
f 480/899/480 581/1092/581 577/1133/577
f 498/941/498 583/1095/583 513/967/513
f 499/1020/499 561/1134/561 599/1135/599
f 433/810/433 515/970/515 600/1136/600
f 349/969/349 514/968/514 587/1137/587
f 372/1025/372 549/1024/549 516/1138/516
f 333/906/333 531/996/531 562/1060/562
f 537/1035/537 601/1139/601 448/833/448
f 459/1109/459 602/1140/602 439/1110/439
f 602/1140/602 565/1141/565 439/1110/439
f 487/917/487 567/1142/567 472/918/472
f 251/604/251 414/1143/414 328/605/328
f 450/922/450 489/923/489 603/1144/603
f 604/1145/604 554/1146/554 519/1147/519
f 520/1148/520 539/1149/539 462/1150/462
f 489/923/489 409/883/409 605/1151/605
f 543/1014/543 594/1152/594 595/1125/595
f 572/1080/572 573/1079/573 606/1153/606
f 544/1015/544 558/1053/558 573/1079/573
f 569/1154/569 597/1128/597 542/1130/542
f 479/1155/479 607/1156/607 467/1157/467
f 579/1089/579 598/1132/598 524/985/524
f 496/936/496 454/850/454 608/1158/608
f 548/1021/548 499/1020/499 599/1135/599
f 501/1023/501 585/1099/585 609/1159/609
f 610/1160/610 518/973/518 551/1029/551
f 383/794/383 587/1103/587 611/1161/611
f 382/903/382 612/1162/612 482/904/482
f 434/813/434 383/794/383 611/1161/611
f 532/1163/532 613/1164/613 289/525/289
f 448/833/448 601/1139/601 459/859/459
f 614/1165/614 533/998/533 373/749/373
f 504/948/504 614/1165/614 373/749/373
f 488/920/488 615/1166/615 519/975/519
f 616/1167/616 539/1149/539 520/1148/520
f 555/1046/555 617/1168/617 538/1005/538
f 618/1169/618 556/1170/556 568/1171/568
f 556/1170/556 619/1172/619 523/1173/523
f 594/1123/594 493/1051/493 571/1075/571
f 620/1174/620 595/1175/595 594/1176/594
f 540/1010/540 596/1126/596 570/1074/570
f 621/1177/621 597/1128/597 569/1154/569
f 558/1053/558 622/1178/622 573/1079/573
f 623/1179/623 574/1081/574 467/873/467
f 366/1083/366 575/1082/575 444/1180/444
f 469/875/469 496/936/496 559/1055/559
f 624/1181/624 526/1086/526 546/1017/546
f 598/1132/598 580/1182/580 525/986/525
f 561/1058/561 526/989/526 625/1183/625
f 583/1095/583 626/1184/626 513/967/513
f 549/1024/549 501/1023/501 609/1159/609
f 600/1136/600 586/1101/586 433/810/433
f 518/1102/518 627/1185/627 550/1026/550
f 531/996/531 483/908/483 628/1186/628
f 629/1187/629 483/908/483 517/972/517
f 630/1188/630 472/918/472 567/1142/567
f 564/1189/564 535/1190/535 631/1191/631
f 450/922/450 603/1144/603 567/1070/567
f 632/1192/632 554/1146/554 604/1145/604
f 617/1168/617 555/1046/555 593/1120/593
f 409/883/409 633/1193/633 605/1151/605
f 593/1122/593 634/1194/634 635/1195/635
f 620/1196/620 594/1123/594 636/1197/636
f 593/1122/593 570/1074/570 634/1194/634
f 592/1118/592 621/1198/621 569/1119/569
f 475/888/475 427/803/427 557/1052/557
f 637/1199/637 624/1181/624 595/1125/595
f 523/982/523 575/1082/575 468/980/468
f 638/1200/638 639/1201/639 640/1202/640
f 595/1125/595 624/1181/624 546/1017/546
f 641/1203/641 578/1088/578 577/1087/577
f 641/1204/641 577/1205/577 642/1206/642
f 577/1207/577 581/1208/581 642/1209/642
f 597/1128/597 643/1210/643 576/1129/576
f 608/1158/608 454/850/454 626/1184/626
f 454/850/454 513/967/513 626/1184/626
f 527/1057/527 644/1211/644 481/902/481
f 645/1212/645 500/1022/500 548/1021/548
f 645/1213/645 528/1214/528 500/1215/500
f 515/970/515 550/1059/550 646/1216/646
f 627/1185/627 518/1102/518 647/1217/647
f 518/1102/518 610/1218/610 647/1217/647
f 471/1219/471 361/1061/361 562/1060/562
f 458/856/458 289/525/289 613/1164/613
f 588/1220/588 447/1221/447 648/1222/648
f 590/1223/590 534/1224/534 552/1032/552
f 601/1139/601 649/1225/649 459/859/459
f 649/1225/649 602/1226/602 459/859/459
f 589/1227/589 472/918/472 630/1188/630
f 650/1228/650 412/1038/412 402/1229/402
f 590/1230/590 651/1231/651 535/1190/535
f 629/1187/629 628/1186/628 483/908/483
f 473/880/473 591/1232/591 536/1068/536
f 538/1005/538 617/1168/617 591/1117/591
f 616/1167/616 568/1233/568 539/1149/539
f 652/1234/652 592/1118/592 554/1042/554
f 593/1120/593 635/1235/635 653/1236/653
f 633/1237/633 409/868/409 654/1238/654
f 409/868/409 442/845/442 654/1238/654
f 634/1239/634 655/1240/655 635/1241/635
f 656/1242/656 621/1198/621 592/1118/592
f 571/1075/571 636/1197/636 594/1123/594
f 541/1011/541 657/1243/657 522/979/522
f 620/1174/620 637/1244/637 595/1175/595
f 572/1245/572 658/1246/658 541/1247/541
f 570/1074/570 659/1248/659 634/1194/634
f 596/1126/596 659/1248/659 570/1074/570
f 639/1249/639 660/1250/660 640/1251/640
f 573/1079/573 622/1178/622 606/1153/606
f 639/1249/639 661/1252/661 660/1250/660
f 575/1082/575 560/1253/560 444/1180/444
f 621/1177/621 643/1210/643 597/1128/597
f 661/1252/661 662/1254/662 660/1250/660
f 496/936/496 608/1158/608 663/1255/663
f 643/1210/643 664/1256/664 576/1129/576
f 581/1208/581 665/1257/665 642/1209/642
f 576/1129/576 664/1256/664 579/1258/579
f 665/1257/665 581/1208/581 582/1259/582
f 661/1252/661 666/1260/666 662/1254/662
f 662/1254/662 666/1260/666 599/1135/599
f 481/902/481 644/1211/644 583/1261/583
f 548/1021/548 599/1135/599 645/1212/645
f 471/1262/471 667/1263/667 457/1264/457
f 586/1265/586 563/1062/563 503/1063/503
f 551/1029/551 668/1266/668 610/1160/610
f 432/1104/432 588/1106/588 669/1267/669
f 402/1229/402 516/1268/516 650/1228/650
f 553/1036/553 412/1038/412 650/1228/650
f 533/998/533 614/1165/614 532/997/532
f 564/1065/564 615/1166/615 488/920/488
f 553/1036/553 670/1269/670 384/1037/384
f 671/1270/671 520/976/520 505/949/505
f 632/1192/632 652/1271/652 554/1146/554
f 617/1168/617 593/1120/593 653/1236/653
f 672/1272/672 673/1273/673 674/1274/674
f 673/1275/673 675/1276/675 674/1277/674
f 636/1197/636 571/1075/571 676/1278/676
f 571/1075/571 677/1279/677 676/1278/676
f 571/1075/571 522/1076/522 677/1279/677
f 673/1275/673 678/1280/678 675/1276/675
f 679/1281/679 675/1276/675 638/1282/638
f 679/1283/679 638/1284/638 640/1285/640
f 634/1239/634 680/1286/680 681/1287/681
f 442/845/442 475/1124/475 654/1238/654
f 675/1288/675 682/1289/682 638/1200/638
f 572/1245/572 606/1290/606 658/1246/658
f 634/1194/634 659/1248/659 683/1291/683
f 640/1292/640 660/1293/660 684/1294/684
f 479/1155/479 559/1295/559 607/1156/607
f 580/1131/580 659/1248/659 596/1126/596
f 496/936/496 663/1255/663 559/1055/559
f 580/1131/580 683/1291/683 659/1248/659
f 624/1296/624 625/1183/625 526/989/526
f 685/1297/685 683/1298/683 580/1299/580
f 662/1254/662 686/1300/686 660/1250/660
f 598/1301/598 685/1297/685 580/1299/580
f 579/1258/579 664/1256/664 598/1302/598
f 582/1097/582 687/1303/687 665/1304/665
f 470/876/470 688/1305/688 584/1096/584
f 484/1031/484 563/1062/563 689/1306/689
f 551/1029/551 589/1107/589 668/1266/668
f 484/1031/484 689/1306/689 552/1032/552
f 690/1307/690 611/1161/611 587/1103/587
f 532/1163/532 691/1308/691 613/1164/613
f 532/997/532 614/1165/614 691/1309/691
f 602/1140/602 692/1310/692 565/1141/565
f 505/1311/505 565/1141/565 671/1312/671
f 629/1187/629 693/1313/693 628/1186/628
f 628/1314/628 693/1315/693 694/1316/694
f 671/1317/671 616/1167/616 520/1148/520
f 519/1147/519 615/1318/615 604/1145/604
f 695/1319/695 618/1169/618 568/1171/568
f 696/1320/696 697/1321/697 672/1272/672
f 672/1272/672 697/1321/697 673/1273/673
f 698/1322/698 653/1323/653 635/1324/635
f 635/1241/635 655/1240/655 698/1325/698
f 699/1326/699 656/1242/656 592/1118/592
f 673/1273/673 700/1327/700 678/1328/678
f 674/1277/674 675/1276/675 679/1281/679
f 541/1329/541 701/1330/701 657/1331/657
f 634/1239/634 681/1287/681 655/1240/655
f 541/1329/541 658/1332/658 701/1330/701
f 621/1333/621 656/1334/656 702/1335/702
f 678/1336/678 682/1337/682 675/1338/675
f 634/1339/634 683/1298/683 680/1340/680
f 622/1341/622 703/1342/703 606/1290/606
f 622/1178/622 558/1053/558 578/1088/578
f 704/1343/704 641/1344/641 642/1209/642
f 547/1019/547 560/1056/560 705/1345/705
f 547/1019/547 705/1345/705 706/1346/706
f 547/1019/547 706/1346/706 512/966/512
f 599/1135/599 686/1300/686 662/1254/662
f 561/1134/561 686/1300/686 599/1135/599
f 582/1097/582 584/1096/584 687/1303/687
f 528/992/528 688/1305/688 470/876/470
f 550/1347/550 627/1348/627 646/1349/646
f 707/1350/707 708/1351/708 549/1024/549
f 549/1024/549 708/1351/708 516/1138/516
f 530/1352/530 709/1353/709 382/903/382
f 517/972/517 482/995/482 612/1354/612
f 710/1355/710 629/1187/629 517/972/517
f 651/1231/651 631/1191/631 535/1190/535
f 447/1221/447 435/1356/435 711/1357/711
f 712/1358/712 434/813/434 611/1161/611
f 671/1312/671 565/1141/565 692/1310/692
f 630/1188/630 567/1142/567 713/1359/713
f 691/1309/691 614/1165/614 714/1360/714
f 715/1361/715 604/1145/604 615/1318/615
f 714/1360/714 614/1165/614 504/948/504
f 670/1362/670 566/1363/566 384/1364/384
f 716/1365/716 504/1366/504 328/1367/328
f 604/1145/604 717/1368/717 632/1192/632
f 716/1365/716 328/1367/328 414/769/414
f 616/1167/616 695/1369/695 568/1233/568
f 718/1370/718 652/1271/652 632/1192/632
f 603/1144/603 489/923/489 605/1151/605
f 696/1320/696 672/1272/672 719/1371/719
f 652/1234/652 699/1326/699 592/1118/592
f 674/1277/674 679/1281/679 720/1372/720
f 677/1373/677 522/979/522 657/1243/657
f 679/1283/679 640/1285/640 721/1374/721
f 680/1340/680 722/1375/722 681/1376/681
f 723/1377/723 682/1337/682 678/1336/678
f 619/1378/619 575/1082/575 523/982/523
f 724/1379/724 638/1200/638 682/1289/682
f 724/1379/724 639/1201/639 638/1200/638
f 684/1380/684 660/1381/660 725/1382/725
f 680/1340/680 683/1298/683 726/1383/726
f 727/1384/727 661/1252/661 639/1249/639
f 728/1385/728 643/1386/643 621/1387/621
f 683/1298/683 685/1297/685 726/1383/726
f 704/1343/704 642/1209/642 665/1257/665
f 729/1388/729 685/1297/685 598/1301/598
f 729/1389/729 598/1302/598 664/1256/664
f 730/1390/730 664/1256/664 643/1210/643
f 706/1346/706 527/990/527 512/966/512
f 731/1391/731 644/1392/644 527/990/527
f 666/1260/666 645/1212/645 599/1135/599
f 707/1350/707 549/1024/549 609/1159/609
f 646/1216/646 600/1136/600 515/970/515
f 669/1393/669 502/1100/502 432/1394/432
f 590/1223/590 552/1032/552 689/1306/689
f 732/1395/732 611/1161/611 690/1307/690
f 709/1353/709 612/1162/612 382/903/382
f 612/1354/612 710/1355/710 517/972/517
f 562/1060/562 531/996/531 733/1396/733
f 531/996/531 628/1186/628 733/1396/733
f 734/1397/734 735/1398/735 697/1399/697
f 734/1400/734 697/1401/697 696/1402/696
f 734/1400/734 696/1402/696 736/1403/736
f 696/1402/696 719/1404/719 736/1403/736
f 719/1371/719 672/1272/672 674/1274/674
f 699/1326/699 737/1405/737 656/1242/656
f 738/1406/738 676/1278/676 677/1279/677
f 738/1406/738 677/1279/677 739/1407/739
f 740/1408/740 556/1170/556 618/1169/618
f 655/1240/655 681/1287/681 698/1325/698
f 679/1409/679 721/1410/721 720/1411/720
f 741/1412/741 681/1287/681 742/1413/742
f 721/1414/721 640/1292/640 684/1294/684
f 743/1415/743 681/1416/681 722/1417/722
f 557/1052/557 744/1418/744 475/888/475
f 557/1419/557 574/1420/574 744/1421/744
f 578/1088/578 641/1203/641 745/1422/745
f 660/1250/660 686/1300/686 725/1423/725
f 730/1390/730 729/1389/729 664/1256/664
f 644/1424/644 746/1425/746 583/1426/583
f 666/1260/666 747/1427/747 645/1212/645
f 645/1213/645 748/1428/748 528/1214/528
f 645/1213/645 749/1429/749 748/1428/748
f 750/1430/750 707/1350/707 609/1159/609
f 600/1431/600 751/1432/751 586/1433/586
f 457/1264/457 752/1434/752 529/1435/529
f 690/1307/690 587/1103/587 753/1436/753
f 754/1437/754 601/1139/601 537/1035/537
f 516/1438/516 755/1439/755 650/1440/650
f 615/1441/615 564/1442/564 756/1443/756
f 447/1221/447 711/1357/711 648/1222/648
f 537/1444/537 536/1445/536 757/1446/757
f 434/1447/434 758/1448/758 435/1356/435
f 434/1447/434 712/1449/712 758/1448/758
f 604/1450/604 715/1451/715 717/1452/717
f 759/1453/759 718/1454/718 632/1455/632
f 617/1168/617 760/1456/760 591/1117/591
f 504/1366/504 716/1365/716 714/1457/714
f 693/1315/693 761/1458/761 694/1316/694
f 762/1459/762 716/1365/716 414/769/414
f 735/1398/735 763/1460/763 697/1399/697
f 718/1370/718 699/1461/699 652/1271/652
f 697/1321/697 763/1462/763 673/1273/673
f 673/1273/673 763/1462/763 764/1463/764
f 719/1464/719 674/1465/674 765/1466/765
f 673/1273/673 764/1463/764 700/1327/700
f 739/1407/739 677/1279/677 766/1467/766
f 766/1468/766 677/1469/677 657/1331/657
f 698/1325/698 681/1287/681 741/1412/741
f 676/1278/676 738/1406/738 636/1197/636
f 556/1170/556 740/1408/740 619/1172/619
f 654/1238/654 475/1124/475 767/1470/767
f 681/1416/681 743/1415/743 742/1471/742
f 658/1246/658 606/1290/606 768/1472/768
f 702/1473/702 728/1474/728 621/1475/621
f 745/1422/745 769/1476/769 578/1088/578
f 682/1289/682 723/1477/723 724/1379/724
f 680/1340/680 726/1383/726 722/1375/722
f 467/873/467 607/1478/607 623/1179/623
f 724/1479/724 727/1480/727 639/1481/639
f 663/1482/663 770/1483/770 559/1484/559
f 704/1343/704 665/1257/665 771/1485/771
f 728/1486/728 772/1487/772 643/1488/643
f 729/1388/729 726/1383/726 685/1297/685
f 773/1489/773 774/1490/774 729/1389/729
f 730/1390/730 773/1489/773 729/1389/729
f 665/1257/665 687/1491/687 771/1485/771
f 686/1300/686 561/1134/561 775/1492/775
f 688/1305/688 528/992/528 748/1493/748
f 647/1217/647 610/1218/610 776/1494/776
f 457/1264/457 667/1263/667 752/1434/752
f 502/1100/502 777/1495/777 585/1099/585
f 778/1496/778 587/1137/587 514/968/514
f 562/1060/562 779/1497/779 471/1219/471
f 562/1060/562 780/1498/780 779/1497/779
f 601/1139/601 781/1499/781 649/1225/649
f 601/1139/601 754/1437/754 781/1499/781
f 782/1500/782 692/1501/692 602/1502/602
f 712/1358/712 611/1161/611 732/1395/732
f 458/1503/458 613/1504/613 530/1505/530
f 631/1191/631 756/1506/756 564/1189/564
f 650/1440/650 755/1439/755 783/1507/783
f 435/1356/435 758/1448/758 711/1357/711
f 536/1445/536 784/1508/784 757/1446/757
f 591/1509/591 784/1508/784 536/1445/536
f 567/1070/567 603/1144/603 713/1510/713
f 628/1186/628 694/1511/694 733/1396/733
f 717/1452/717 759/1453/759 632/1455/632
f 783/1512/783 734/1397/734 736/1513/736
f 653/1236/653 760/1456/760 617/1168/617
f 566/1067/566 762/1459/762 414/769/414
f 695/1319/695 785/1514/785 618/1169/618
f 786/1515/786 653/1323/653 698/1322/698
f 719/1464/719 787/1516/787 736/1517/736
f 739/1518/739 788/1519/788 789/1520/789
f 788/1519/788 739/1518/739 766/1521/766
f 739/1407/739 789/1522/789 738/1406/738
f 674/1465/674 790/1523/790 765/1466/765
f 700/1327/700 764/1463/764 791/1524/791
f 738/1406/738 792/1525/792 636/1197/636
f 674/1465/674 720/1526/720 790/1523/790
f 636/1197/636 792/1525/792 620/1196/620
f 720/1411/720 721/1410/721 793/1527/793
f 656/1242/656 737/1405/737 702/1528/702
f 658/1246/658 794/1529/794 795/1530/795
f 658/1246/658 768/1472/768 794/1529/794
f 796/1531/796 723/1377/723 678/1336/678
f 769/1476/769 622/1178/622 578/1088/578
f 797/1532/797 560/1253/560 575/1082/575
f 559/1484/559 770/1483/770 607/1533/607
f 729/1388/729 774/1534/774 726/1383/726
f 706/1346/706 705/1345/705 798/1535/798
f 663/1255/663 608/1158/608 799/1536/799
f 772/1537/772 800/1538/800 643/1210/643
f 608/1539/608 626/1540/626 799/1541/799
f 800/1538/800 730/1390/730 643/1210/643
f 706/1346/706 731/1391/731 527/990/527
f 609/1159/609 585/1099/585 801/1542/801
f 600/1136/600 646/1216/646 751/1543/751
f 627/1185/627 647/1217/647 802/1544/802
f 668/1545/668 776/1494/776 610/1218/610
f 563/1062/563 586/1265/586 803/1546/803
f 529/993/529 778/1496/778 514/968/514
f 563/1062/563 803/1546/803 689/1306/689
f 471/1219/471 779/1497/779 667/1547/667
f 708/1351/708 804/1548/804 516/1138/516
f 516/1549/516 804/1550/804 755/1551/755
f 615/1441/615 756/1443/756 715/1552/715
f 759/1453/759 717/1452/717 805/1553/805
f 734/1397/734 783/1512/783 755/1551/755
f 806/1554/806 735/1398/735 734/1397/734
f 671/1317/671 807/1555/807 616/1167/616
f 591/1509/591 760/1556/760 784/1508/784
f 783/1507/783 736/1557/736 808/1558/808
f 809/1559/809 810/1560/810 759/1561/759
f 759/1453/759 810/1562/810 718/1454/718
f 811/1563/811 653/1564/653 786/1565/786
f 762/1566/762 812/1567/812 716/1568/716
f 693/1569/693 788/1519/788 761/1570/761
f 789/1571/789 792/1572/792 738/1573/738
f 790/1574/790 720/1411/720 793/1527/793
f 737/1575/737 813/1576/813 702/1473/702
f 740/1408/740 814/1577/814 619/1172/619
f 814/1578/814 797/1532/797 619/1378/619
f 797/1532/797 575/1082/575 619/1378/619
f 744/1421/744 767/1579/767 475/1580/475
f 700/1581/700 796/1531/796 678/1336/678
f 815/1582/815 624/1583/624 637/1584/637
f 768/1472/768 606/1290/606 703/1342/703
f 816/1585/816 745/1586/745 641/1587/641
f 816/1588/816 641/1589/641 817/1590/817
f 817/1591/817 641/1344/641 704/1343/704
f 726/1383/726 774/1534/774 722/1375/722
f 818/1592/818 725/1423/725 686/1300/686
f 819/1593/819 561/1058/561 625/1183/625
f 727/1384/727 666/1260/666 661/1252/661
f 583/1426/583 746/1425/746 820/1594/820
f 749/1429/749 645/1213/645 747/1595/747
f 647/1217/647 776/1494/776 802/1544/802
f 751/1432/751 821/1596/821 586/1433/586
f 776/1494/776 668/1545/668 822/1597/822
f 803/1546/803 586/1265/586 823/1598/823
f 778/1599/778 529/1435/529 752/1434/752
f 753/1600/753 587/1137/587 778/1496/778
f 824/1601/824 590/1223/590 689/1306/689
f 649/1602/649 782/1500/782 602/1502/602
f 825/1603/825 671/1312/671 692/1310/692
f 826/1604/826 710/1355/710 612/1354/612
f 806/1554/806 734/1397/734 755/1551/755
f 827/1605/827 650/1440/650 783/1507/783
f 827/1606/827 553/1036/553 650/1228/650
f 809/1607/809 759/1453/759 805/1553/805
f 828/1608/828 693/1569/693 629/1609/629
f 653/1564/653 811/1563/811 760/1610/760
f 695/1369/695 616/1167/616 807/1555/807
f 810/1611/810 829/1612/829 718/1613/718
f 714/1614/714 716/1615/716 830/1616/830
f 831/1617/831 694/1316/694 761/1458/761
f 830/1618/830 716/1568/716 832/1619/832
f 766/1620/766 761/1458/761 788/1621/788
f 786/1515/786 698/1322/698 741/1622/741
f 763/1462/763 833/1623/833 764/1463/764
f 785/1514/785 740/1408/740 618/1169/618
f 654/1238/654 834/1624/834 633/1237/633
f 766/1468/766 657/1331/657 835/1625/835
f 834/1624/834 654/1238/654 767/1470/767
f 658/1332/658 795/1626/795 701/1330/701
f 742/1627/742 743/1628/743 836/1629/836
f 813/1576/813 837/1630/837 702/1473/702
f 700/1327/700 791/1524/791 838/1631/838
f 794/1529/794 768/1472/768 839/1632/839
f 837/1630/837 840/1633/840 702/1473/702
f 840/1633/840 728/1474/728 702/1473/702
f 704/1343/704 771/1485/771 817/1591/817
f 771/1634/771 841/1635/841 817/1590/817
f 841/1636/841 771/1637/771 687/1303/687
f 842/1638/842 773/1489/773 730/1390/730
f 686/1300/686 775/1492/775 818/1592/818
f 626/1540/626 583/1639/583 820/1640/820
f 687/1303/687 584/1096/584 843/1641/843
f 644/1424/644 844/1642/844 746/1425/746
f 845/1643/845 748/1428/748 749/1429/749
f 609/1159/609 801/1542/801 750/1430/750
f 822/1644/822 668/1266/668 589/1107/589
f 651/1231/651 590/1230/590 824/1645/824
f 631/1191/631 651/1231/651 846/1646/846
f 782/1647/782 825/1603/825 692/1310/692
f 754/1648/754 537/1444/537 757/1446/757
f 804/1550/804 806/1554/806 755/1551/755
f 807/1555/807 671/1317/671 825/1649/825
f 783/1507/783 808/1558/808 827/1605/827
f 758/1448/758 847/1650/847 711/1357/711
f 691/1651/691 848/1652/848 613/1504/613
f 710/1355/710 828/1653/828 629/1187/629
f 553/1036/553 827/1606/827 670/1269/670
f 849/1654/849 566/1363/566 670/1362/670
f 849/1655/849 762/1566/762 566/1656/566
f 812/1567/812 832/1619/832 716/1568/716
f 812/1567/812 850/1657/850 832/1619/832
f 832/1619/832 850/1657/850 830/1618/830
f 719/1464/719 765/1466/765 787/1516/787
f 766/1620/766 851/1658/851 761/1458/761
f 718/1659/718 852/1660/852 699/1326/699
f 812/1567/812 853/1661/853 850/1657/850
f 853/1662/853 854/1663/854 850/1664/850
f 850/1664/850 854/1663/854 855/1665/855
f 789/1571/789 856/1666/856 792/1572/792
f 741/1667/741 742/1627/742 857/1668/857
f 657/1331/657 701/1330/701 835/1625/835
f 725/1669/725 858/1670/858 684/1671/684
f 622/1341/622 769/1672/769 703/1342/703
f 797/1532/797 859/1673/859 560/1253/560
f 723/1674/723 796/1675/796 860/1676/860
f 624/1583/624 815/1582/815 625/1677/625
f 743/1678/743 722/1679/722 861/1680/861
f 723/1477/723 862/1681/862 724/1379/724
f 861/1680/861 722/1679/722 774/1490/774
f 625/1677/625 863/1682/863 819/1683/819
f 864/1684/864 730/1390/730 800/1538/800
f 561/1134/561 819/1685/819 775/1492/775
f 775/1492/775 819/1685/819 865/1686/865
f 747/1595/747 866/1687/866 749/1429/749
f 707/1350/707 750/1430/750 867/1688/867
f 586/1265/586 821/1689/821 823/1598/823
f 778/1599/778 868/1690/868 753/1691/753
f 732/1395/732 690/1307/690 869/1692/869
f 562/1060/562 733/1396/733 780/1498/780
f 715/1552/715 756/1443/756 870/1693/870
f 530/1505/530 848/1652/848 709/1694/709
f 717/1452/717 871/1695/871 805/1553/805
f 715/1451/715 871/1695/871 717/1452/717
f 613/1504/613 848/1652/848 530/1505/530
f 732/1395/732 869/1692/869 712/1358/712
f 760/1556/760 757/1446/757 784/1508/784
f 758/1448/758 712/1449/712 847/1650/847
f 736/1696/736 787/1697/787 808/1698/808
f 807/1555/807 872/1699/872 695/1369/695
f 605/1700/605 873/1701/873 603/1702/603
f 763/1462/763 874/1703/874 833/1623/833
f 850/1704/850 855/1705/855 830/1616/830
f 855/1705/855 875/1706/875 830/1616/830
f 741/1667/741 857/1668/857 876/1707/876
f 699/1326/699 852/1660/852 737/1405/737
f 766/1620/766 835/1708/835 851/1658/851
f 852/1709/852 813/1710/813 737/1711/737
f 742/1627/742 836/1629/836 857/1668/857
f 791/1524/791 764/1463/764 877/1712/877
f 701/1330/701 795/1626/795 878/1713/878
f 684/1294/684 879/1714/879 721/1414/721
f 620/1715/620 880/1716/880 637/1717/637
f 637/1584/637 880/1718/880 815/1582/815
f 700/1581/700 838/1719/838 796/1531/796
f 836/1720/836 743/1678/743 861/1680/861
f 703/1342/703 881/1721/881 768/1472/768
f 768/1472/768 881/1721/881 839/1632/839
f 623/1722/623 882/1723/882 574/1420/574
f 625/1677/625 815/1582/815 863/1682/863
f 607/1724/607 882/1723/882 623/1722/623
f 861/1680/861 774/1490/774 842/1638/842
f 773/1489/773 842/1638/842 774/1490/774
f 663/1482/663 799/1541/799 770/1483/770
f 818/1592/818 775/1492/775 865/1686/865
f 730/1390/730 864/1684/864 842/1638/842
f 731/1725/731 883/1726/883 644/1727/644
f 644/1728/644 883/1729/883 844/1730/844
f 727/1480/727 884/1731/884 666/1732/666
f 688/1305/688 843/1641/843 584/1096/584
f 688/1733/688 748/1428/748 885/1734/885
f 627/1348/627 886/1735/886 646/1349/646
f 777/1495/777 502/1100/502 669/1393/669
f 803/1546/803 824/1601/824 689/1306/689
f 781/1499/781 887/1736/887 649/1225/649
f 631/1191/631 846/1646/846 888/1737/888
f 649/1602/649 887/1738/887 782/1500/782
f 753/1436/753 889/1739/889 690/1307/690
f 709/1694/709 826/1740/826 612/1741/612
f 890/1742/890 809/1607/809 805/1553/805
f 691/1651/691 891/1743/891 848/1652/848
f 695/1744/695 892/1745/892 785/1746/785
f 873/1701/873 605/1700/605 893/1747/893
f 714/1614/714 830/1616/830 894/1748/894
f 810/1611/810 895/1749/895 829/1612/829
f 849/1655/849 896/1750/896 812/1567/812
f 762/1566/762 849/1655/849 812/1567/812
f 786/1751/786 741/1752/741 897/1753/897
f 761/1458/761 851/1658/851 831/1617/831
f 741/1754/741 876/1755/876 897/1756/897
f 787/1516/787 765/1466/765 898/1757/898
f 829/1612/829 852/1709/852 718/1613/718
f 833/1623/833 899/1758/899 764/1463/764
f 812/1567/812 900/1759/900 853/1661/853
f 740/1408/740 901/1760/901 814/1577/814
f 620/1761/620 792/1572/792 902/1762/902
f 835/1625/835 701/1330/701 878/1713/878
f 853/1763/853 900/1764/900 903/1765/903
f 855/1665/855 854/1663/854 904/1766/904
f 620/1715/620 902/1767/902 880/1716/880
f 903/1768/903 854/1663/854 853/1662/853
f 879/1714/879 905/1769/905 721/1414/721
f 857/1668/857 836/1629/836 906/1770/906
f 814/1578/814 907/1771/907 797/1532/797
f 794/1772/794 839/1773/839 908/1774/908
f 879/1714/879 684/1294/684 909/1775/909
f 906/1776/906 836/1720/836 861/1680/861
f 684/1671/684 858/1670/858 909/1777/909
f 859/1673/859 910/1778/910 560/1253/560
f 911/1779/911 863/1682/863 815/1582/815
f 910/1780/910 705/1781/705 560/1782/560
f 912/1783/912 858/1784/858 725/1785/725
f 862/1786/862 727/1480/727 724/1479/724
f 728/1486/728 913/1787/913 772/1487/772
f 914/1788/914 800/1789/800 772/1487/772
f 747/1790/747 666/1732/666 884/1731/884
f 845/1643/845 749/1429/749 866/1687/866
f 708/1351/708 707/1350/707 867/1688/867
f 915/1791/915 630/1188/630 713/1359/713
f 782/1792/782 916/1793/916 825/1794/825
f 669/1795/669 588/1796/588 917/1797/917
f 916/1793/916 918/1798/918 825/1794/825
f 919/1799/919 826/1740/826 709/1694/709
f 918/1800/918 807/1801/807 825/1802/825
f 709/1694/709 848/1652/848 919/1799/919
f 826/1604/826 920/1803/920 710/1355/710
f 921/1804/921 757/1446/757 760/1556/760
f 922/1805/922 827/1605/827 808/1558/808
f 922/1805/922 923/1806/923 827/1605/827
f 811/1563/811 921/1807/921 760/1610/760
f 872/1699/872 892/1808/892 695/1369/695
f 924/1809/924 808/1558/808 787/1810/787
f 786/1565/786 925/1811/925 811/1563/811
f 894/1748/894 691/1812/691 714/1614/714
f 894/1813/894 891/1814/891 691/1815/691
f 874/1816/874 763/1460/763 735/1398/735
f 605/1151/605 633/1193/633 926/1817/926
f 830/1616/830 875/1706/875 894/1748/894
f 829/1612/829 895/1749/895 852/1709/852
f 896/1750/896 900/1759/900 812/1567/812
f 899/1758/899 877/1712/877 764/1463/764
f 927/1818/927 835/1625/835 878/1713/878
f 834/1624/834 767/1470/767 928/1819/928
f 929/1820/929 790/1574/790 793/1527/793
f 905/1769/905 793/1821/793 721/1414/721
f 879/1714/879 903/1765/903 905/1769/905
f 903/1822/903 904/1823/904 854/1824/854
f 907/1771/907 859/1673/859 797/1532/797
f 903/1765/903 879/1714/879 909/1775/909
f 839/1773/839 840/1825/840 837/1826/837
f 816/1585/816 930/1827/930 745/1586/745
f 930/1828/930 769/1829/769 745/1830/745
f 881/1831/881 840/1825/840 839/1773/839
f 816/1588/816 817/1590/817 931/1832/931
f 932/1833/932 881/1721/881 703/1342/703
f 840/1834/840 913/1787/913 728/1486/728
f 607/1533/607 770/1483/770 882/1835/882
f 933/1836/933 819/1683/819 863/1682/863
f 913/1787/913 914/1788/914 772/1487/772
f 725/1785/725 818/1837/818 912/1783/912
f 933/1838/933 865/1839/865 819/1840/819
f 818/1837/818 865/1839/865 912/1783/912
f 934/1841/934 842/1842/842 864/1843/864
f 914/1788/914 864/1843/864 800/1789/800
f 646/1216/646 935/1844/935 751/1543/751
f 886/1735/886 627/1348/627 802/1845/802
f 776/1494/776 936/1846/936 802/1544/802
f 801/1542/801 585/1099/585 777/1495/777
f 589/1847/589 937/1848/937 822/1849/822
f 630/1850/630 915/1851/915 589/1847/589
f 938/1852/938 868/1690/868 778/1599/778
f 756/1443/756 631/1853/631 888/1854/888
f 753/1691/753 868/1690/868 939/1855/939
f 753/1691/753 939/1855/939 940/1856/940
f 780/1857/780 733/1858/733 941/1859/941
f 753/1691/753 940/1856/940 889/1860/889
f 921/1807/921 811/1563/811 942/1861/942
f 809/1559/809 943/1862/943 810/1560/810
f 925/1863/925 786/1751/786 897/1753/897
f 693/1569/693 944/1864/944 788/1519/788
f 733/1865/733 694/1316/694 831/1617/831
f 874/1703/874 899/1758/899 833/1623/833
f 788/1519/788 856/1866/856 789/1520/789
f 851/1867/851 945/1868/945 946/1869/946
f 633/1237/633 834/1624/834 926/1870/926
f 875/1871/875 855/1665/855 947/1872/947
f 856/1666/856 948/1873/948 792/1572/792
f 949/1874/949 948/1873/948 856/1666/856
f 851/1867/851 835/1625/835 927/1818/927
f 878/1713/878 795/1626/795 950/1875/950
f 905/1876/905 929/1820/929 793/1527/793
f 908/1774/908 837/1826/837 951/1877/951
f 795/1530/795 794/1529/794 952/1878/952
f 908/1774/908 952/1879/952 794/1772/794
f 908/1774/908 839/1773/839 837/1826/837
f 903/1822/903 909/1777/909 904/1823/904
f 911/1779/911 815/1582/815 880/1718/880
f 953/1880/953 932/1833/932 769/1672/769
f 769/1672/769 932/1833/932 703/1342/703
f 906/1776/906 861/1680/861 954/1881/954
f 858/1882/858 955/1883/955 956/1884/956
f 861/1680/861 842/1638/842 954/1881/954
f 910/1780/910 798/1885/798 705/1781/705
f 865/1839/865 933/1838/933 912/1783/912
f 957/1886/957 884/1731/884 727/1480/727
f 688/1305/688 958/1887/958 843/1641/843
f 751/1432/751 935/1888/935 821/1596/821
f 708/1351/708 959/1889/959 804/1548/804
f 778/1599/778 752/1434/752 938/1852/938
f 824/1645/824 960/1890/960 651/1231/651
f 651/1231/651 960/1890/960 846/1646/846
f 961/1891/961 754/1892/754 757/1893/757
f 715/1451/715 870/1894/870 871/1695/871
f 603/1702/603 873/1701/873 713/1895/713
f 869/1896/869 847/1650/847 712/1449/712
f 848/1652/848 891/1743/891 919/1799/919
f 710/1897/710 920/1898/920 828/1899/828
f 811/1563/811 925/1811/925 942/1861/942
f 807/1555/807 918/1900/918 872/1699/872
f 806/1554/806 962/1901/962 735/1398/735
f 847/1650/847 963/1902/963 711/1357/711
f 670/1903/670 827/1904/827 923/1905/923
f 670/1903/670 923/1905/923 964/1906/964
f 924/1907/924 787/1516/787 965/1908/965
f 966/1909/966 967/1910/967 968/1911/968
f 693/1569/693 828/1608/828 944/1864/944
f 969/1912/969 970/1913/970 967/1914/967
f 670/1915/670 964/1916/964 849/1655/849
f 968/1917/968 967/1918/967 971/1919/971
f 967/1918/967 972/1920/972 971/1919/971
f 849/1655/849 973/1921/973 896/1750/896
f 897/1756/897 876/1755/876 969/1912/969
f 788/1519/788 944/1864/944 856/1866/856
f 967/1914/967 970/1913/970 972/1922/972
f 969/1912/969 876/1755/876 970/1913/970
f 740/1408/740 785/1514/785 901/1760/901
f 851/1658/851 946/1923/946 831/1617/831
f 857/1668/857 970/1924/970 876/1707/876
f 927/1818/927 945/1868/945 851/1867/851
f 878/1713/878 945/1868/945 927/1818/927
f 895/1749/895 951/1925/951 852/1709/852
f 852/1709/852 951/1925/951 813/1710/813
f 765/1466/765 974/1926/974 898/1757/898
f 855/1665/855 904/1766/904 975/1927/975
f 813/1928/813 951/1877/951 837/1826/837
f 790/1523/790 974/1926/974 765/1466/765
f 790/1929/790 929/1930/929 974/1931/974
f 905/1932/905 976/1933/976 929/1934/929
f 795/1626/795 952/1935/952 950/1875/950
f 907/1771/907 977/1936/977 859/1673/859
f 909/1777/909 858/1670/858 978/1937/978
f 859/1673/859 977/1936/977 910/1778/910
f 930/1827/930 816/1585/816 979/1938/979
f 574/1420/574 980/1939/980 744/1421/744
f 574/1420/574 882/1723/882 980/1939/980
f 881/1831/881 981/1940/981 840/1825/840
f 840/1825/840 981/1940/981 913/1941/913
f 982/1942/982 798/1885/798 910/1780/910
f 723/1674/723 860/1676/860 862/1943/862
f 858/1882/858 912/1944/912 955/1883/955
f 727/1480/727 862/1786/862 957/1886/957
f 799/1541/799 983/1945/983 770/1483/770
f 687/1303/687 843/1641/843 841/1636/841
f 799/1541/799 626/1540/626 983/1945/983
f 706/1346/706 798/1535/798 731/1391/731
f 626/1540/626 820/1640/820 983/1945/983
f 884/1731/884 866/1946/866 747/1790/747
f 646/1216/646 886/1947/886 935/1844/935
f 776/1494/776 984/1948/984 936/1846/936
f 776/1494/776 822/1597/822 984/1948/984
f 779/1497/779 985/1949/985 667/1547/667
f 959/1889/959 986/1950/986 804/1548/804
f 805/1553/805 871/1695/871 890/1742/890
f 921/1804/921 987/1951/987 757/1446/757
f 690/1307/690 889/1739/889 869/1692/869
f 942/1861/942 988/1952/988 921/1807/921
f 890/1953/890 989/1954/989 809/1559/809
f 648/1222/648 963/1902/963 990/1955/990
f 922/1805/922 808/1558/808 924/1809/924
f 711/1357/711 963/1902/963 648/1222/648
f 967/1910/967 966/1909/966 969/1956/969
f 894/1813/894 991/1957/991 891/1814/891
f 605/1700/605 926/1958/926 893/1747/893
f 810/1611/810 992/1959/992 895/1749/895
f 856/1666/856 993/1960/993 949/1874/949
f 970/1924/970 994/1961/994 972/1962/972
f 857/1668/857 994/1961/994 970/1924/970
f 995/1963/995 951/1925/951 895/1749/895
f 792/1572/792 948/1873/948 902/1762/902
f 945/1868/945 950/1875/950 996/1964/996
f 878/1713/878 950/1875/950 945/1868/945
f 814/1578/814 997/1965/997 907/1771/907
f 900/1764/900 998/1966/998 903/1765/903
f 994/1961/994 857/1668/857 906/1770/906
f 998/1966/998 999/1967/999 903/1765/903
f 951/1877/951 952/1879/952 908/1774/908
f 909/1777/909 978/1937/978 904/1823/904
f 930/1828/930 953/1968/953 769/1829/769
f 1000/1969/1000 863/1970/863 1001/1971/1001
f 911/1779/911 1001/1972/1001 863/1682/863
f 858/1670/858 956/1973/956 978/1937/978
f 817/1590/817 1002/1974/1002 931/1832/931
f 1000/1975/1000 933/1976/933 863/1977/863
f 817/1590/817 841/1635/841 1003/1978/1003
f 954/1881/954 842/1638/842 934/1979/934
f 913/1787/913 1004/1980/1004 914/1788/914
f 844/1730/844 820/1640/820 746/1981/746
f 748/1428/748 845/1643/845 885/1734/885
f 823/1598/823 821/1689/821 1005/1982/1005
f 867/1688/867 959/1889/959 708/1351/708
f 754/1892/754 961/1891/961 781/1983/781
f 782/1500/782 887/1738/887 916/1984/916
f 756/1443/756 888/1854/888 870/1693/870
f 986/1950/986 962/1985/962 804/1548/804
f 804/1550/804 962/1901/962 806/1554/806
f 847/1986/847 1006/1987/1006 963/1988/963
f 847/1986/847 869/1989/869 1006/1987/1006
f 962/1901/962 874/1816/874 735/1398/735
f 968/1911/968 1007/1990/1007 966/1909/966
f 809/1559/809 989/1954/989 943/1862/943
f 1008/1991/1008 969/1912/969 966/1992/966
f 943/1862/943 1009/1993/1009 810/1560/810
f 810/1611/810 1009/1994/1009 992/1959/992
f 964/1916/964 973/1921/973 849/1655/849
f 894/1995/894 1010/1996/1010 991/1997/991
f 856/1666/856 944/1998/944 993/1960/993
f 971/1919/971 972/1920/972 1011/1999/1011
f 831/1617/831 946/1923/946 1012/2000/1012
f 894/1748/894 875/1706/875 1010/2001/1010
f 996/2002/996 1013/2003/1013 946/1923/946
f 992/1959/992 1014/2004/1014 895/1749/895
f 946/1869/946 945/1868/945 996/1964/996
f 972/2005/972 994/2006/994 1011/2007/1011
f 901/1760/901 997/2008/997 814/1577/814
f 855/1665/855 975/1927/975 947/1872/947
f 952/2009/952 951/1925/951 995/1963/995
f 906/1770/906 954/2010/954 994/1961/994
f 950/2011/950 952/2012/952 1015/2013/1015
f 1016/2014/1016 994/2015/994 1017/2016/1017
f 976/2017/976 905/1769/905 999/1967/999
f 905/1769/905 903/1765/903 999/1967/999
f 976/2018/976 1018/2019/1018 929/2020/929
f 880/1716/880 1019/2021/1019 911/2022/911
f 994/2015/994 954/2023/954 1017/2016/1017
f 767/1579/767 744/1421/744 928/2024/928
f 904/1823/904 978/1937/978 1020/2025/1020
f 979/2026/979 1021/2027/1021 930/2028/930
f 931/2029/931 979/1938/979 816/1585/816
f 817/1590/817 1003/1978/1003 1002/1974/1002
f 933/2030/933 1000/1969/1000 1022/2031/1022
f 796/1675/796 838/2032/838 860/1676/860
f 881/1721/881 932/1833/932 981/2033/981
f 882/1835/882 770/1483/770 1023/2034/1023
f 955/2035/955 912/1783/912 1022/2036/1022
f 912/1783/912 933/1838/933 1022/2036/1022
f 982/1942/982 1024/2037/1024 798/1885/798
f 798/1885/798 1025/2038/1025 731/2039/731
f 983/1945/983 820/1640/820 1026/2040/1026
f 750/1430/750 801/1542/801 1027/2041/1027
f 1028/2042/1028 935/1888/935 886/2043/886
f 886/1735/886 802/1845/802 936/2044/936
f 937/1848/937 589/1847/589 915/1851/915
f 779/1497/779 780/1498/780 985/1949/985
f 918/2045/918 1029/2046/1029 872/2047/872
f 891/1743/891 1030/2048/1030 919/1799/919
f 1007/1990/1007 1031/2049/1031 966/1909/966
f 924/1809/924 923/1806/923 922/1805/922
f 1031/2049/1031 1008/2050/1008 966/1909/966
f 925/1863/925 897/1753/897 1032/2051/1032
f 965/2052/965 1033/2053/1033 924/1809/924
f 733/1858/733 1034/2054/1034 941/1859/941
f 733/1865/733 831/1617/831 1034/2055/1034
f 991/1957/991 1035/2056/1035 891/1814/891
f 1012/2000/1012 1034/2055/1034 831/1617/831
f 1036/2057/1036 901/2058/901 785/1746/785
f 1012/2000/1012 946/1923/946 1013/2003/1013
f 926/1958/926 1037/2059/1037 1038/2060/1038
f 1013/2061/1013 1014/2004/1014 992/1959/992
f 1013/2061/1013 996/2062/996 1014/2004/1014
f 1010/2063/1010 875/1871/875 947/1872/947
f 994/2006/994 1039/2064/1039 1011/2007/1011
f 1014/2004/1014 995/1963/995 895/1749/895
f 994/2006/994 1016/2065/1016 1039/2064/1039
f 950/1875/950 1040/2066/1040 996/1964/996
f 950/2067/950 1015/2068/1015 1040/2069/1040
f 902/1767/902 1019/2021/1019 880/1716/880
f 911/2022/911 1019/2021/1019 1001/2070/1001
f 1017/2016/1017 1041/2071/1041 1016/2014/1016
f 904/1823/904 1020/2025/1020 1042/2072/1042
f 744/1421/744 980/1939/980 928/2024/928
f 1043/2073/1043 1000/1969/1000 1001/1971/1001
f 1041/2071/1041 1017/2016/1017 1044/2074/1044
f 956/1973/956 1020/2025/1020 978/1937/978
f 1042/2072/1042 1000/1969/1000 1043/2073/1043
f 882/1723/882 1023/2075/1023 980/1939/980
f 1017/2016/1017 954/2023/954 934/2076/934
f 981/1940/981 1004/2077/1004 913/1941/913
f 1004/1980/1004 1045/2078/1045 914/1788/914
f 914/1788/914 1045/2078/1045 934/1841/934
f 914/1788/914 934/1841/934 864/1843/864
f 860/1676/860 957/2079/957 862/1943/862
f 841/1635/841 843/2080/843 1046/2081/1046
f 688/1305/688 885/2082/885 958/1887/958
f 844/1730/844 1047/2083/1047 820/1640/820
f 803/1546/803 823/1598/823 960/2084/960
f 803/1546/803 960/2084/960 824/1601/824
f 1048/2085/1048 887/2086/887 781/2087/781
f 870/1693/870 888/1854/888 1049/2088/1049
f 938/1852/938 1050/2089/1050 868/1690/868
f 870/1693/870 1049/2088/1049 871/2090/871
f 588/1220/588 648/1222/648 917/2091/917
f 1051/2092/1051 826/2093/826 919/2094/919
f 1052/2095/1052 923/1806/923 1033/2053/1033
f 924/1809/924 1033/2053/1033 923/1806/923
f 963/2096/963 1053/2097/1053 990/2098/990
f 1006/1987/1006 1054/2099/1054 963/1988/963
f 968/1911/968 1055/2100/1055 1007/1990/1007
f 968/1911/968 971/2101/971 1055/2100/1055
f 1056/2102/1056 891/1814/891 1035/2056/1035
f 1034/2055/1034 1012/2000/1012 1057/2103/1057
f 896/1750/896 1058/2104/1058 900/1759/900
f 899/1758/899 1059/2105/1059 877/1712/877
f 900/2106/900 1060/2107/1060 998/2108/998
f 996/2062/996 1040/2069/1040 1014/2004/1014
f 834/2109/834 1061/2110/1061 1037/2111/1037
f 1040/2069/1040 1015/2068/1015 995/1963/995
f 1039/2064/1039 1016/2065/1016 1062/2112/1062
f 1060/2107/1060 1063/2113/1063 998/2108/998
f 952/2009/952 995/1963/995 1015/2068/1015
f 834/2114/834 928/2115/928 1061/2116/1061
f 904/1823/904 1042/2072/1042 975/2117/975
f 930/1828/930 1064/2118/1064 953/1968/953
f 953/1968/953 1064/2118/1064 1065/2119/1065
f 1020/2025/1020 1000/1969/1000 1042/2072/1042
f 838/2032/838 791/2120/791 1066/2121/1066
f 956/1973/956 1067/2122/1067 1020/2025/1020
f 1067/2122/1067 1000/1969/1000 1020/2025/1020
f 956/1973/956 955/2123/955 1067/2122/1067
f 1067/2122/1067 1022/2031/1022 1000/1969/1000
f 1045/2124/1045 1044/2074/1044 1017/2016/1017
f 955/2123/955 1022/2031/1022 1067/2122/1067
f 1017/2016/1017 934/2076/934 1045/2124/1045
f 1003/1978/1003 841/1635/841 1046/2081/1046
f 770/1483/770 983/1945/983 1068/2125/1068
f 843/2080/843 958/2126/958 1046/2081/1046
f 798/1885/798 1024/2037/1024 1025/2038/1025
f 866/1946/866 1069/2127/1069 845/2128/845
f 750/1430/750 1027/2041/1027 867/1688/867
f 936/2044/936 1070/2129/1070 886/1735/886
f 1071/2130/1071 918/2045/918 916/2131/916
f 987/1951/987 961/2132/961 757/1446/757
f 871/2090/871 1049/2088/1049 1072/2133/1072
f 713/2134/713 1073/2135/1073 1074/2136/1074
f 988/2137/988 987/1951/987 921/1804/921
f 713/1895/713 873/1701/873 1073/2138/1073
f 889/2139/889 940/2140/940 1075/2141/1075
f 1075/2142/1075 940/1856/940 939/1855/939
f 1051/2092/1051 919/2094/919 1030/2143/1030
f 1051/2092/1051 920/1898/920 826/2093/826
f 872/1699/872 1029/2144/1029 892/1808/892
f 1031/2049/1031 1076/2145/1076 1008/2050/1008
f 1077/2146/1077 828/1899/828 920/1898/920
f 1008/2147/1008 1032/2051/1032 897/1753/897
f 897/1756/897 969/1912/969 1008/1991/1008
f 1052/2148/1052 964/2149/964 923/2150/923
f 828/1608/828 1078/2151/1078 944/1864/944
f 893/1747/893 926/1958/926 1038/2060/1038
f 965/1908/965 787/1516/787 1079/2152/1079
f 944/1998/944 1078/2153/1078 993/1960/993
f 1012/2154/1012 1013/2061/1013 1009/1994/1009
f 1013/2061/1013 992/1959/992 1009/1994/1009
f 787/1516/787 898/1757/898 1079/2152/1079
f 1080/2155/1080 948/1873/948 949/1874/949
f 926/2156/926 834/2109/834 1037/2111/1037
f 1040/2069/1040 995/1963/995 1014/2004/1014
f 898/2157/898 974/1931/974 1081/2158/1081
f 947/1872/947 975/1927/975 1082/2159/1082
f 1019/2021/1019 902/1767/902 1083/2160/1083
f 1063/2161/1063 999/2162/999 998/2163/998
f 1062/2164/1062 1016/2014/1016 1041/2071/1041
f 974/1931/974 929/1930/929 1081/2158/1081
f 1043/2073/1043 1001/1971/1001 1084/2165/1084
f 1042/2072/1042 1043/2073/1043 1084/2165/1084
f 1062/2166/1062 1041/2167/1041 1044/2168/1044
f 930/1828/930 1021/2169/1021 1064/2118/1064
f 977/1936/977 1085/2170/1085 910/1778/910
f 953/1880/953 1065/2171/1065 932/1833/932
f 1086/2172/1086 1002/1974/1002 1003/1978/1003
f 1087/2173/1087 981/2033/981 932/1833/932
f 1088/2174/1088 1045/2175/1045 1004/2077/1004
f 981/1940/981 1089/2176/1089 1004/2077/1004
f 860/1676/860 1090/2177/1090 957/2079/957
f 1090/2178/1090 884/1731/884 957/1886/957
f 1027/2041/1027 1091/2179/1091 867/1688/867
f 822/1849/822 937/1848/937 984/2180/984
f 1092/2181/1092 781/1983/781 961/1891/961
f 781/1983/781 1092/2181/1092 1048/2182/1048
f 846/2183/846 960/2184/960 1093/2185/1093
f 959/1889/959 1094/2186/1094 986/1950/986
f 915/1851/915 713/2134/713 1074/2136/1074
f 667/1263/667 985/2187/985 752/1434/752
f 888/1854/888 1095/2188/1095 1049/2088/1049
f 987/2189/987 1096/2190/1096 961/1891/961
f 1072/2191/1072 890/1742/890 871/1695/871
f 868/1690/868 1097/2192/1097 939/1855/939
f 942/1861/942 1098/2193/1098 988/1952/988
f 1099/2194/1099 942/2195/942 925/1863/925
f 1100/2196/1100 874/1816/874 962/1901/962
f 889/2197/889 1101/2198/1101 869/1989/869
f 920/1898/920 1051/2092/1051 1077/2146/1077
f 1008/2147/1008 1076/2199/1076 1032/2051/1032
f 1007/1990/1007 1102/2200/1102 1031/2049/1031
f 1007/2201/1007 1055/2202/1055 1102/2203/1102
f 1054/2099/1054 1053/2204/1053 963/1988/963
f 891/1743/891 1056/2205/1056 1030/2048/1030
f 973/1921/973 1058/2104/1058 896/1750/896
f 991/1957/991 1103/2206/1103 1035/2056/1035
f 1010/2207/1010 1104/2208/1104 991/2209/991
f 947/1872/947 1104/2210/1104 1010/2063/1010
f 948/1873/948 1083/2211/1083 902/1762/902
f 1105/2212/1105 1019/2021/1019 1083/2160/1083
f 1001/2070/1001 1019/2021/1019 1106/2213/1106
f 975/1927/975 1084/2214/1084 1082/2159/1082
f 1106/2215/1106 1084/2214/1084 1001/2216/1001
f 999/1967/999 1107/2217/1107 976/2017/976
f 1042/2072/1042 1084/2165/1084 975/2117/975
f 1108/2218/1108 791/1524/791 877/1712/877
f 1002/1974/1002 1109/2219/1109 931/1832/931
f 979/2026/979 931/2220/931 1109/2221/1109
f 1023/2034/1023 770/1483/770 1068/2125/1068
f 1090/2177/1090 860/1676/860 838/2032/838
f 1110/2222/1110 866/1946/866 884/1731/884
f 1111/2223/1111 936/1846/936 984/1948/984
f 1005/2224/1005 821/1596/821 935/1888/935
f 1005/2224/1005 935/1888/935 1112/2225/1112
f 1113/2226/1113 984/2180/984 937/1848/937
f 1114/2227/1114 960/2084/960 823/1598/823
f 937/1848/937 915/1851/915 1074/2136/1074
f 1115/2228/1115 1071/2229/1071 916/1984/916
f 938/1852/938 752/1434/752 985/2187/985
f 1032/2051/1032 1099/2194/1099 925/1863/925
f 1097/2192/1097 1075/2142/1075 939/1855/939
f 1116/2230/1116 1009/1993/1009 943/1862/943
f 1056/2231/1056 1117/2232/1117 1030/2233/1030
f 1118/2234/1118 1054/2099/1054 1006/1987/1006
f 892/1745/892 1036/2057/1036 785/1746/785
f 828/1899/828 1119/2235/1119 1078/2236/1078
f 1120/2237/1120 1034/2054/1034 1057/2238/1057
f 1121/2239/1121 899/2240/899 874/2241/874
f 1122/2242/1122 1009/2243/1009 1116/2244/1116
f 1123/2245/1123 1038/2060/1038 1037/2059/1037
f 1036/2057/1036 997/2246/997 901/2058/901
f 1058/2247/1058 1124/2248/1124 1060/2249/1060
f 1060/2250/1060 900/1759/900 1058/2104/1058
f 997/2251/997 1125/2252/1125 907/2253/907
f 1126/2254/1126 1063/2113/1063 1060/2107/1060
f 1104/2210/1104 947/1872/947 1082/2159/1082
f 1019/2021/1019 1127/2255/1127 1106/2213/1106
f 1125/2256/1125 977/1936/977 907/1771/907
f 999/2162/999 1063/2161/1063 1128/2257/1128
f 1084/2214/1084 1106/2215/1106 1082/2159/1082
f 1128/2257/1128 1107/2258/1107 999/2162/999
f 979/2026/979 1109/2221/1109 1021/2027/1021
f 1085/2259/1085 982/1942/982 910/1780/910
f 1108/2218/1108 1066/2260/1066 791/1524/791
f 1044/2168/1044 1045/2175/1045 1088/2174/1088
f 983/1945/983 1129/2261/1129 1068/2125/1068
f 1046/2081/1046 958/2126/958 1130/2262/1130
f 1090/2178/1090 1110/2222/1110 884/1731/884
f 731/2039/731 1025/2038/1025 1131/2263/1131
f 1131/2264/1131 883/1729/883 731/2265/731
f 1110/2222/1110 1069/2127/1069 866/1946/866
f 1069/2127/1069 885/2266/885 845/2128/845
f 961/1891/961 1132/2267/1132 1092/2181/1092
f 887/1738/887 1133/2268/1133 916/1984/916
f 1095/2188/1095 1134/2269/1134 1049/2088/1049
f 1073/2135/1073 1135/2270/1135 1074/2136/1074
f 1049/2088/1049 1134/2269/1134 1072/2133/1072
f 1099/2194/1099 1098/2271/1098 942/2195/942
f 893/1747/893 1136/2272/1136 873/1701/873
f 1030/2143/1030 1117/2273/1117 1051/2092/1051
f 1052/2148/1052 1137/2274/1137 964/2149/964
f 869/1989/869 1101/2198/1101 1006/1987/1006
f 1054/2099/1054 1118/2234/1118 1138/2275/1138
f 1057/2276/1057 1012/2277/1012 1122/2242/1122
f 1122/2242/1122 1012/2277/1012 1009/2243/1009
f 1139/2278/1139 1059/2105/1059 899/1758/899
f 1079/2152/1079 898/1757/898 1140/2279/1140
f 1103/2206/1103 991/1957/991 1127/2280/1127
f 1037/2111/1037 1061/2110/1061 1141/2281/1141
f 1142/2282/1142 1083/2211/1083 948/1873/948
f 1060/2249/1060 1124/2248/1124 1126/2283/1126
f 1104/2208/1104 1127/2255/1127 991/2209/991
f 898/2157/898 1081/2158/1081 1140/2284/1140
f 1127/2255/1127 1019/2021/1019 1105/2212/1105
f 1082/2159/1082 1106/2215/1106 1104/2210/1104
f 928/2115/928 1143/2285/1143 1061/2116/1061
f 1044/2168/1044 1144/2286/1144 1062/2166/1062
f 980/1939/980 1143/2287/1143 928/2024/928
f 1064/2118/1064 1021/2169/1021 1145/2288/1145
f 1109/2221/1109 1002/2289/1002 1146/2290/1146
f 1065/2171/1065 1087/2173/1087 932/1833/932
f 1003/1978/1003 1147/2291/1147 1086/2172/1086
f 1046/2081/1046 1147/2291/1147 1003/1978/1003
f 1130/2262/1130 1147/2291/1147 1046/2081/1046
f 838/2032/838 1066/2121/1066 1090/2177/1090
f 981/2033/981 1087/2173/1087 1089/2292/1089
f 820/1640/820 1047/2083/1047 1026/2040/1026
f 1047/2083/1047 1148/2293/1148 1026/2040/1026
f 823/1598/823 1005/1982/1005 1114/2227/1114
f 1048/2085/1048 1133/2294/1133 887/2086/887
f 846/1646/846 1093/2295/1093 888/1737/888
f 916/1984/916 1133/2268/1133 1115/2228/1115
f 987/1951/987 988/2137/988 1096/2296/1096
f 669/1393/669 917/2297/917 1149/2298/1149
f 986/1950/986 1100/2299/1100 962/1985/962
f 780/1857/780 941/1859/941 985/2300/985
f 868/1690/868 1050/2089/1050 1097/2192/1097
f 918/2045/918 1071/2130/1071 1029/2046/1029
f 1100/2196/1100 1121/2301/1121 874/1816/874
f 1033/2053/1033 1137/2302/1137 1052/2095/1052
f 1033/2303/1033 965/2304/965 1137/2274/1137
f 1054/2099/1054 1138/2275/1138 1053/2204/1053
f 889/2197/889 1150/2305/1150 1101/2198/1101
f 889/2139/889 1075/2141/1075 1150/2306/1150
f 1034/2054/1034 1120/2237/1120 941/1859/941
f 1101/2198/1101 1150/2305/1150 1151/2307/1151
f 1057/2238/1057 1122/2308/1122 1120/2237/1120
f 1006/1987/1006 1101/2198/1101 1118/2234/1118
f 899/2240/899 1121/2239/1121 1139/2309/1139
f 993/1960/993 1152/2310/1152 949/1874/949
f 1123/2311/1123 1037/2111/1037 1141/2281/1141
f 1103/2206/1103 1127/2280/1127 1105/2312/1105
f 1039/2064/1039 1153/2313/1153 1011/2007/1011
f 997/2251/997 1154/2314/1154 1125/2252/1125
f 1106/2213/1106 1127/2255/1127 1104/2208/1104
f 1126/2254/1126 1155/2315/1155 1063/2113/1063
f 1063/2161/1063 1156/2316/1156 1128/2257/1128
f 1155/2315/1155 1156/2317/1156 1063/2113/1063
f 1128/2257/1128 1157/2318/1157 1107/2258/1107
f 929/1930/929 1158/2319/1158 1081/2158/1081
f 1159/2320/1159 1108/2218/1108 877/1712/877
f 977/2321/977 1125/2252/1125 1085/2322/1085
f 976/2018/976 1160/2323/1160 1018/2019/1018
f 1107/2324/1107 1160/2323/1160 976/2018/976
f 1064/2118/1064 1145/2288/1145 1065/2119/1065
f 1002/2325/1002 1161/2326/1161 1146/2327/1146
f 1044/2168/1044 1088/2174/1088 1144/2286/1144
f 885/2266/885 1162/2328/1162 958/2329/958
f 886/1735/886 1070/2129/1070 1028/2330/1028
f 935/1888/935 1028/2042/1028 1112/2225/1112
f 888/2331/888 1093/2185/1093 1095/2332/1095
f 669/1393/669 1149/2298/1149 777/1495/777
f 1163/2333/1163 989/1954/989 890/1953/890
f 1076/2199/1076 1164/2334/1164 1032/2051/1032
f 989/1954/989 1165/2335/1165 943/1862/943
f 892/1808/892 1029/2144/1029 1166/2336/1166
f 943/1862/943 1165/2335/1165 1116/2230/1116
f 941/1859/941 1120/2237/1120 1167/2337/1167
f 828/1899/828 1077/2146/1077 1119/2235/1119
f 1075/2141/1075 1168/2338/1168 1150/2306/1150
f 965/2304/965 1079/2339/1079 1169/2340/1169
f 1055/2202/1055 971/2341/971 1153/2342/1153
f 1101/2198/1101 1170/2343/1170 1118/2234/1118
f 971/2344/971 1011/2007/1011 1153/2313/1153
f 993/2345/993 1171/2346/1171 1172/2347/1172
f 1078/2348/1078 1171/2346/1171 993/2345/993
f 1152/2349/1152 1173/2350/1173 949/2351/949
f 1124/2248/1124 1174/2352/1174 1126/2283/1126
f 1039/2064/1039 1062/2112/1062 1175/2353/1175
f 1107/2258/1107 1157/2318/1157 1160/2354/1160
f 1018/2019/1018 1158/2355/1158 929/2020/929
f 1176/2356/1176 1021/2027/1021 1109/2221/1109
f 1145/2357/1145 1177/2358/1177 1065/2171/1065
f 1086/2172/1086 1161/2359/1161 1002/1974/1002
f 982/1942/982 1085/2259/1085 1178/2360/1178
f 1065/2171/1065 1177/2358/1177 1087/2173/1087
f 1147/2291/1147 1130/2262/1130 1179/2361/1179
f 1090/2177/1090 1066/2121/1066 1110/2362/1110
f 982/1942/982 1178/2360/1178 1024/2037/1024
f 958/2126/958 1162/2363/1162 1130/2262/1130
f 1110/2222/1110 1180/2364/1180 1069/2127/1069
f 1091/2179/1091 959/1889/959 867/1688/867
f 1074/2136/1074 1113/2226/1113 937/1848/937
f 1074/2136/1074 1135/2270/1135 1113/2226/1113
f 961/1891/961 1096/2190/1096 1132/2267/1132
f 938/2365/938 985/2366/985 1181/2367/1181
f 648/1222/648 990/1955/990 917/2091/917
f 1032/2051/1032 1164/2334/1164 1182/2368/1182
f 1097/2369/1097 1183/2370/1183 1075/2141/1075
f 1053/2097/1053 1184/2371/1184 990/2098/990
f 1053/2372/1053 1185/2373/1185 1184/2374/1184
f 1183/2370/1183 1168/2338/1168 1075/2141/1075
f 1122/2242/1122 1116/2244/1116 1186/2375/1186
f 1166/2376/1166 1187/2377/1187 892/1745/892
f 1137/2274/1137 965/2304/965 1169/2340/1169
f 1188/2378/1188 1077/2146/1077 1051/2092/1051
f 1038/2060/1038 1136/2272/1136 893/1747/893
f 1053/2372/1053 1138/2379/1138 1185/2373/1185
f 892/1745/892 1187/2377/1187 1036/2057/1036
f 1150/2306/1150 1168/2338/1168 1189/2380/1189
f 1118/2234/1118 1190/2381/1190 1138/2275/1138
f 1150/2306/1150 1189/2380/1189 1191/2382/1191
f 1151/2383/1151 1150/2306/1150 1191/2382/1191
f 1151/2307/1151 1170/2343/1170 1101/2198/1101
f 1151/2307/1151 1191/2384/1191 1192/2385/1192
f 993/2386/993 1172/2387/1172 1152/2349/1152
f 1036/2057/1036 1187/2377/1187 997/2246/997
f 1058/2104/1058 973/1921/973 1193/2388/1193
f 1118/2234/1118 1170/2343/1170 1190/2381/1190
f 1151/2307/1151 1192/2385/1192 1170/2343/1170
f 949/2351/949 1173/2350/1173 1080/2389/1080
f 1170/2343/1170 1194/2390/1194 1190/2381/1190
f 1103/2206/1103 1105/2312/1105 1195/2391/1195
f 1083/2392/1083 1195/2391/1195 1105/2312/1105
f 1039/2064/1039 1175/2353/1175 1153/2313/1153
f 1125/2252/1125 1154/2314/1154 1196/2393/1196
f 1197/2394/1197 1155/2315/1155 1126/2254/1126
f 1128/2395/1128 1156/2396/1156 1157/2397/1157
f 1144/2286/1144 1175/2398/1175 1062/2166/1062
f 1196/2393/1196 1198/2399/1198 1125/2252/1125
f 1125/2252/1125 1198/2399/1198 1085/2322/1085
f 1109/2221/1109 1146/2290/1146 1176/2356/1176
f 1160/2323/1160 1199/2400/1199 1018/2019/1018
f 1004/2077/1004 1089/2176/1089 1088/2174/1088
f 983/1945/983 1026/2040/1026 1129/2261/1129
f 801/1542/801 777/1495/777 1200/2401/1200
f 1005/2224/1005 1112/2225/1112 1201/2402/1201
f 1005/2224/1005 1201/2402/1201 1114/2403/1114
f 1072/2191/1072 1202/2404/1202 890/1742/890
f 938/1852/938 1181/2405/1181 1050/2089/1050
f 1073/2138/1073 873/1701/873 1203/2406/1203
f 1071/2130/1071 1204/2407/1204 1029/2046/1029
f 990/1955/990 1205/2408/1205 917/2091/917
f 1182/2368/1182 1099/2194/1099 1032/2051/1032
f 1031/2049/1031 1206/2409/1206 1076/2145/1076
f 1136/2272/1136 1203/2406/1203 873/1701/873
f 989/1954/989 1163/2333/1163 1165/2335/1165
f 1031/2410/1031 1102/2203/1102 1206/2411/1206
f 1116/2244/1116 1165/2412/1165 1186/2375/1186
f 1122/2242/1122 1186/2375/1186 1207/2413/1207
f 1117/2232/1117 1188/2414/1188 1051/2415/1051
f 1122/2242/1122 1207/2413/1207 1120/2416/1120
f 1137/2274/1137 1208/2417/1208 964/2149/964
f 1078/2348/1078 1119/2418/1119 1171/2346/1171
f 1035/2056/1035 1209/2419/1209 1056/2102/1056
f 964/2420/964 1193/2421/1193 973/2422/973
f 1035/2056/1035 1210/2423/1210 1209/2419/1209
f 1187/2377/1187 1154/2424/1154 997/2246/997
f 1035/2056/1035 1211/2425/1211 1210/2423/1210
f 1103/2206/1103 1211/2425/1211 1035/2056/1035
f 1170/2343/1170 1192/2385/1192 1194/2390/1194
f 1080/2426/1080 1209/2419/1209 1142/2427/1142
f 1080/2426/1080 1142/2427/1142 948/2428/948
f 1103/2206/1103 1195/2391/1195 1211/2425/1211
f 1211/2425/1211 1195/2391/1195 1083/2392/1083
f 1142/2427/1142 1212/2429/1212 1083/2392/1083
f 1021/2169/1021 1176/2430/1176 1213/2431/1213
f 1021/2169/1021 1213/2431/1213 1145/2288/1145
f 1018/2019/1018 1199/2400/1199 1158/2355/1158
f 1160/2323/1160 1157/2432/1157 1199/2400/1199
f 1085/2433/1085 1198/2434/1198 1178/2435/1178
f 1066/2121/1066 1214/2436/1214 1110/2362/1110
f 1089/2176/1089 1215/2437/1215 1088/2174/1088
f 1130/2438/1130 1162/2439/1162 1216/2440/1216
f 1069/2127/1069 1162/2328/1162 885/2266/885
f 1027/2041/1027 801/1542/801 1217/2441/1217
f 1028/2330/1028 1070/2129/1070 1218/2442/1218
f 1114/2443/1114 1219/2444/1219 960/2184/960
f 1092/2445/1092 1220/2446/1220 1048/2085/1048
f 1048/2085/1048 1221/2447/1221 1133/2294/1133
f 1050/2089/1050 1222/2448/1222 1097/2192/1097
f 1029/2046/1029 1204/2407/1204 1166/2449/1166
f 1120/2237/1120 1207/2450/1207 1167/2337/1167
f 1168/2338/1168 1223/2451/1223 1189/2380/1189
f 1136/2272/1136 1038/2060/1038 1123/2245/1123
f 1056/2231/1056 1224/2452/1224 1117/2232/1117
f 1079/2339/1079 1225/2453/1225 1169/2340/1169
f 1189/2380/1189 1226/2454/1226 1191/2382/1191
f 1056/2231/1056 1227/2455/1227 1228/2456/1228
f 1056/2231/1056 1173/2350/1173 1227/2455/1227
f 1172/2387/1172 1229/2457/1229 1152/2349/1152
f 1140/2458/1140 1225/2459/1225 1079/2460/1079
f 1056/2231/1056 1209/2461/1209 1173/2350/1173
f 1210/2423/1210 1211/2425/1211 1142/2427/1142
f 1211/2425/1211 1212/2429/1212 1142/2427/1142
f 1194/2390/1194 1192/2385/1192 1230/2462/1230
f 1211/2425/1211 1083/2392/1083 1212/2429/1212
f 1124/2248/1124 1231/2463/1231 1232/2464/1232
f 1124/2248/1124 1232/2464/1232 1174/2352/1174
f 1126/2283/1126 1174/2352/1174 1197/2465/1197
f 1155/2466/1155 1233/2467/1233 1234/2468/1234
f 1155/2315/1155 1234/2469/1234 1156/2317/1156
f 1143/2285/1143 1235/2470/1235 1061/2116/1061
f 1081/2158/1081 1158/2319/1158 1236/2471/1236
f 1161/2472/1161 1237/2473/1237 1146/2290/1146
f 1157/2397/1157 1238/2474/1238 1199/2475/1199
f 1145/2357/1145 1239/2476/1239 1177/2358/1177
f 1108/2477/1108 1214/2436/1214 1066/2121/1066
f 1177/2358/1177 1215/2478/1215 1087/2173/1087
f 1087/2173/1087 1215/2478/1215 1089/2292/1089
f 1026/2040/1026 1240/2479/1240 1129/2261/1129
f 1026/2040/1026 1148/2293/1148 1240/2479/1240
f 1241/2480/1241 1091/2481/1091 1027/2482/1027
f 801/1542/801 1200/2401/1200 1217/2441/1217
f 936/2044/936 1111/2483/1111 1070/2129/1070
f 1133/2268/1133 1242/2484/1242 1115/2228/1115
f 1095/2332/1095 1243/2485/1243 1134/2486/1134
f 1071/2130/1071 1115/2487/1115 1204/2407/1204
f 1181/2488/1181 985/2300/985 1244/2489/1244
f 1181/2405/1181 1222/2448/1222 1050/2089/1050
f 985/2300/985 941/1859/941 1245/2490/1245
f 941/1859/941 1167/2337/1167 1245/2490/1245
f 1183/2370/1183 1223/2451/1223 1168/2338/1168
f 1169/2340/1169 1208/2417/1208 1137/2274/1137
f 1077/2491/1077 1188/2492/1188 1119/2418/1119
f 1153/2342/1153 1102/2203/1102 1055/2202/1055
f 1117/2232/1117 1224/2452/1224 1188/2414/1188
f 1208/2493/1208 1246/2494/1246 964/2420/964
f 1056/2231/1056 1228/2456/1228 1224/2452/1224
f 1138/2379/1138 1190/2495/1190 1247/2496/1247
f 1228/2456/1228 1227/2455/1227 1152/2349/1152
f 1152/2349/1152 1229/2457/1229 1228/2456/1228
f 1152/2349/1152 1227/2455/1227 1173/2350/1173
f 1191/2497/1191 1226/2498/1226 1192/2499/1192
f 1080/2389/1080 1173/2350/1173 1209/2461/1209
f 1248/2500/1248 1193/2421/1193 964/2420/964
f 1190/2501/1190 1194/2502/1194 1249/2503/1249
f 1142/2427/1142 1209/2419/1209 1210/2423/1210
f 1124/2248/1124 1058/2247/1058 1250/2504/1250
f 1081/2158/1081 1236/2471/1236 1140/2284/1140
f 1155/2315/1155 1197/2394/1197 1233/2505/1233
f 1059/2105/1059 1159/2320/1159 877/1712/877
f 1156/2506/1156 1234/2507/1234 1238/2508/1238
f 1156/2396/1156 1238/2474/1238 1157/2397/1157
f 1145/2288/1145 1213/2431/1213 1239/2509/1239
f 1086/2172/1086 1147/2291/1147 1161/2359/1161
f 980/1939/980 1023/2075/1023 1251/2510/1251
f 1108/2511/1108 1159/2512/1159 1214/2513/1214
f 1144/2286/1144 1088/2174/1088 1252/2514/1252
f 1130/2515/1130 1216/2516/1216 1179/2517/1179
f 883/1729/883 1131/2264/1131 844/1730/844
f 1131/2264/1131 1047/2083/1047 844/1730/844
f 1028/2042/1028 1218/2518/1218 1112/2225/1112
f 1091/2179/1091 1094/2186/1094 959/1889/959
f 984/2180/984 1253/2519/1253 1111/2520/1111
f 1113/2226/1113 1253/2519/1253 984/2180/984
f 1113/2226/1113 1254/2521/1254 1253/2519/1253
f 1220/2446/1220 1221/2447/1221 1048/2085/1048
f 1072/2133/1072 1134/2269/1134 1202/2522/1202
f 1099/2523/1099 1255/2524/1255 1098/2525/1098
f 1076/2526/1076 1206/2527/1206 1164/2528/1164
f 990/2098/990 1184/2371/1184 1205/2529/1205
f 1102/2203/1102 1256/2530/1256 1206/2411/1206
f 1097/2531/1097 1257/2532/1257 1183/2533/1183
f 1187/2377/1187 1166/2376/1166 1258/2534/1258
f 1183/2370/1183 1259/2535/1259 1223/2451/1223
f 1136/2272/1136 1123/2245/1123 1260/2536/1260
f 1153/2342/1153 1261/2537/1261 1102/2203/1102
f 1119/2418/1119 1188/2492/1188 1171/2346/1171
f 1153/2538/1153 1262/2539/1262 1261/2540/1261
f 1228/2456/1228 1229/2457/1229 1224/2452/1224
f 1172/2347/1172 1188/2492/1188 1224/2541/1224
f 1224/2452/1224 1229/2457/1229 1172/2387/1172
f 1171/2346/1171 1188/2492/1188 1172/2347/1172
f 964/2420/964 1246/2494/1246 1263/2542/1263
f 964/2420/964 1263/2542/1263 1248/2500/1248
f 1187/2377/1187 1264/2543/1264 1154/2424/1154
f 1192/2385/1192 1226/2544/1226 1230/2462/1230
f 1194/2390/1194 1230/2462/1230 1249/2545/1249
f 1058/2247/1058 1193/2546/1193 1250/2504/1250
f 1124/2248/1124 1250/2504/1250 1231/2463/1231
f 1174/2352/1174 1232/2464/1232 1197/2465/1197
f 1197/2465/1197 1232/2464/1232 1233/2467/1233
f 1141/2281/1141 1061/2110/1061 1265/2547/1265
f 1061/2116/1061 1235/2470/1235 1265/2548/1265
f 1158/2319/1158 1266/2549/1266 1236/2471/1236
f 1267/2550/1267 1237/2473/1237 1161/2472/1161
f 1144/2286/1144 1268/2551/1268 1269/2552/1269
f 1175/2398/1175 1144/2286/1144 1269/2552/1269
f 1179/2553/1179 1270/2554/1270 1147/2555/1147
f 1239/2476/1239 1215/2478/1215 1177/2358/1177
f 1143/2287/1143 980/1939/980 1251/2510/1251
f 1144/2286/1144 1252/2514/1252 1268/2551/1268
f 1110/2556/1110 1214/2557/1214 1180/2558/1180
f 1088/2174/1088 1215/2437/1215 1252/2514/1252
f 1047/2083/1047 1271/2559/1271 1148/2293/1148
f 1200/2560/1200 1272/2561/1272 1217/2562/1217
f 777/1495/777 1273/2563/1273 1200/2401/1200
f 960/2184/960 1219/2444/1219 1093/2185/1093
f 1094/2186/1094 1274/2564/1274 986/1950/986
f 1133/2294/1133 1221/2447/1221 1242/2565/1242
f 988/2137/988 1275/2566/1275 1096/2296/1096
f 1135/2270/1135 1203/2567/1203 1276/2568/1276
f 1135/2270/1135 1073/2135/1073 1203/2567/1203
f 1181/2488/1181 1277/2569/1277 1222/2570/1222
f 1203/2406/1203 1136/2272/1136 1278/2571/1278
f 1097/2531/1097 1222/2572/1222 1257/2532/1257
f 1165/2412/1165 1163/2573/1163 1279/2574/1279
f 1165/2412/1165 1279/2574/1279 1186/2375/1186
f 1169/2340/1169 1225/2453/1225 1208/2417/1208
f 1185/2373/1185 1138/2379/1138 1247/2496/1247
f 1280/2575/1280 1281/2576/1281 1262/2577/1262
f 1153/2538/1153 1280/2578/1280 1262/2539/1262
f 1233/2467/1233 1232/2464/1232 1231/2463/1231
f 1234/2468/1234 1233/2467/1233 1231/2463/1231
f 1153/2313/1153 1175/2353/1175 1280/2579/1280
f 1282/2580/1282 1176/2356/1176 1237/2473/1237
f 1282/2581/1282 1283/2582/1283 1176/2583/1176
f 1176/2430/1176 1283/2584/1283 1213/2431/1213
f 1175/2353/1175 1269/2585/1269 1280/2579/1280
f 1146/2290/1146 1237/2473/1237 1176/2356/1176
f 1199/2586/1199 1266/2549/1266 1158/2319/1158
f 1238/2587/1238 1266/2588/1266 1199/2589/1199
f 1284/2590/1284 1162/2328/1162 1069/2127/1069
f 1216/2516/1216 1162/2591/1162 1284/2592/1284
f 1285/2593/1285 1094/2594/1094 1091/2481/1091
f 1093/2185/1093 1219/2444/1219 1095/2332/1095
f 1132/2267/1132 1286/2595/1286 1092/2181/1092
f 1135/2270/1135 1287/2596/1287 1113/2226/1113
f 1113/2597/1113 1287/2598/1287 1254/2599/1254
f 1135/2270/1135 1276/2568/1276 1287/2596/1287
f 1115/2487/1115 1242/2600/1242 1204/2407/1204
f 917/2601/917 1288/2602/1288 1149/2603/1149
f 1244/2489/1244 1277/2569/1277 1181/2488/1181
f 1204/2407/1204 1289/2604/1289 1166/2449/1166
f 1245/2490/1245 1244/2489/1244 985/2300/985
f 1136/2272/1136 1290/2605/1290 1278/2571/1278
f 1136/2272/1136 1260/2536/1260 1290/2605/1290
f 1184/2374/1184 1185/2373/1185 1247/2496/1247
f 1257/2532/1257 1259/2606/1259 1183/2533/1183
f 1208/2417/1208 1225/2453/1225 1246/2607/1246
f 1189/2380/1189 1291/2608/1291 1226/2454/1226
f 1190/2501/1190 1249/2503/1249 1247/2609/1247
f 1141/2281/1141 1292/2610/1292 1123/2311/1123
f 1293/2611/1293 1140/2284/1140 1236/2471/1236
f 1294/2612/1294 1159/2320/1159 1059/2105/1059
f 1295/2613/1295 1198/2434/1198 1196/2614/1196
f 1270/2554/1270 1161/2615/1161 1147/2555/1147
f 1296/2616/1296 1270/2554/1270 1179/2553/1179
f 1178/2435/1178 1198/2434/1198 1295/2613/1295
f 1239/2617/1239 1252/2514/1252 1215/2437/1215
f 1268/2551/1268 1252/2514/1252 1239/2617/1239
f 1251/2618/1251 1023/2619/1023 1297/2620/1297
f 1068/2125/1068 1129/2261/1129 1298/2621/1298
f 1271/2559/1271 1047/2083/1047 1131/2264/1131
f 1217/2562/1217 1241/2480/1241 1027/2482/1027
f 1274/2564/1274 1100/2299/1100 986/1950/986
f 777/1495/777 1149/2298/1149 1299/2622/1299
f 1276/2568/1276 1203/2567/1203 1278/2623/1278
f 1275/2624/1275 988/2625/988 1098/2525/1098
f 1255/2626/1255 1099/2194/1099 1182/2368/1182
f 1300/2627/1300 1255/2628/1255 1182/2629/1182
f 1289/2604/1289 1204/2407/1204 1301/2630/1301
f 1302/2631/1302 1121/2301/1121 1100/2196/1100
f 1289/2604/1289 1258/2632/1258 1166/2449/1166
f 1167/2633/1167 1207/2413/1207 1303/2634/1303
f 1303/2634/1303 1207/2413/1207 1186/2375/1186
f 1291/2608/1291 1223/2451/1223 1259/2535/1259
f 1264/2543/1264 1187/2377/1187 1258/2534/1258
f 1260/2536/1260 1123/2245/1123 1292/2635/1292
f 1304/2636/1304 1225/2459/1225 1140/2458/1140
f 1304/2636/1304 1140/2458/1140 1293/2637/1293
f 1305/2638/1305 1059/2639/1059 1139/2309/1139
f 1292/2610/1292 1141/2281/1141 1265/2547/1265
f 1281/2576/1281 1280/2575/1280 1306/2640/1306
f 1306/2641/1306 1280/2579/1280 1269/2585/1269
f 1307/2642/1307 1213/2643/1213 1283/2644/1283
f 1306/2641/1306 1269/2585/1269 1307/2645/1307
f 1307/2646/1307 1239/2509/1239 1213/2431/1213
f 1307/2647/1307 1269/2552/1269 1239/2617/1239
f 1269/2552/1269 1268/2551/1268 1239/2617/1239
f 1270/2554/1270 1267/2648/1267 1161/2615/1161
f 1143/2649/1143 1251/2650/1251 1235/2651/1235
f 1178/2360/1178 1308/2652/1308 1024/2037/1024
f 1298/2653/1298 1129/2654/1129 1240/2655/1240
f 1218/2656/1218 1309/2657/1309 1112/2658/1112
f 1275/2566/1275 1310/2659/1310 1096/2296/1096
f 1310/2660/1310 1132/2267/1132 1096/2190/1096
f 1242/2600/1242 1301/2630/1301 1204/2407/1204
f 1222/2572/1222 1277/2661/1277 1257/2532/1257
f 1223/2451/1223 1291/2608/1291 1189/2380/1189
f 1311/2662/1311 1262/2577/1262 1281/2576/1281
f 1246/2494/1246 1225/2459/1225 1263/2542/1263
f 1225/2459/1225 1304/2636/1304 1263/2542/1263
f 1304/2636/1304 1248/2500/1248 1263/2542/1263
f 1281/2576/1281 1306/2640/1306 1312/2663/1312
f 1193/2664/1193 1313/2665/1313 1250/2666/1250
f 1059/2667/1059 1305/2668/1305 1294/2669/1294
f 1250/2504/1250 1314/2670/1314 1231/2463/1231
f 1231/2463/1231 1314/2670/1314 1234/2468/1234
f 1154/2314/1154 1315/2671/1315 1196/2393/1196
f 1267/2672/1267 1316/2673/1316 1237/2674/1237
f 1196/2393/1196 1315/2671/1315 1295/2675/1295
f 1179/2517/1179 1216/2516/1216 1296/2676/1296
f 1159/2512/1159 1317/2677/1317 1214/2513/1214
f 1024/2037/1024 1308/2652/1308 1025/2038/1025
f 1069/2678/1069 1180/2558/1180 1284/2679/1284
f 1308/2652/1308 1318/2680/1318 1025/2038/1025
f 1318/2681/1318 1131/2682/1131 1025/2683/1025
f 1112/2225/1112 1309/2684/1309 1201/2402/1201
f 1092/2181/1092 1286/2595/1286 1220/2685/1220
f 777/2686/777 1299/2687/1299 1273/2688/1273
f 1132/2267/1132 1310/2660/1310 1286/2595/1286
f 917/2689/917 1205/2690/1205 1288/2691/1288
f 1182/2368/1182 1164/2334/1164 1300/2692/1300
f 1206/2693/1206 1319/2694/1319 1164/2334/1164
f 1163/2573/1163 1320/2695/1320 1279/2574/1279
f 1261/2537/1261 1256/2530/1256 1102/2203/1102
f 1304/2636/1304 1293/2637/1293 1248/2500/1248
f 1230/2462/1230 1321/2696/1321 1249/2545/1249
f 1322/2697/1322 1305/2638/1305 1139/2309/1139
f 1293/2637/1293 1323/2698/1323 1248/2500/1248
f 1248/2500/1248 1323/2698/1323 1193/2421/1193
f 1193/2664/1193 1323/2699/1323 1324/2700/1324
f 1193/2664/1193 1324/2700/1324 1313/2665/1313
f 1313/2701/1313 1325/2702/1325 1250/2504/1250
f 1293/2637/1293 1236/2703/1236 1323/2698/1323
f 1154/2314/1154 1264/2704/1264 1315/2671/1315
f 1325/2702/1325 1314/2670/1314 1250/2504/1250
f 1236/2471/1236 1266/2549/1266 1323/2705/1323
f 1237/2706/1237 1326/2707/1326 1282/2708/1282
f 1323/2699/1323 1266/2709/1266 1324/2700/1324
f 1266/2588/1266 1238/2587/1238 1324/2710/1324
f 1234/2468/1234 1314/2670/1314 1238/2587/1238
f 1316/2711/1316 1326/2707/1326 1237/2706/1237
f 1296/2712/1296 1327/2713/1327 1270/2714/1270
f 1295/2715/1295 1308/2652/1308 1178/2360/1178
f 1328/2716/1328 1180/2558/1180 1214/2557/1214
f 1240/2655/1240 1329/2717/1329 1298/2653/1298
f 1094/2594/1094 1285/2593/1285 1274/2718/1274
f 1330/2719/1330 1301/2630/1301 1242/2600/1242
f 1275/2624/1275 1098/2525/1098 1331/2720/1331
f 1301/2630/1301 1332/2721/1332 1289/2604/1289
f 1302/2722/1302 1333/2723/1333 1121/2724/1121
f 1167/2633/1167 1334/2725/1334 1245/2726/1245
f 1167/2633/1167 1303/2634/1303 1334/2725/1334
f 1247/2496/1247 1335/2727/1335 1184/2374/1184
f 1336/2728/1336 1259/2606/1259 1257/2532/1257
f 1121/2239/1121 1337/2729/1337 1139/2309/1139
f 1281/2576/1281 1338/2730/1338 1311/2662/1311
f 1324/2700/1324 1339/2731/1339 1313/2665/1313
f 1313/2701/1313 1339/2732/1339 1325/2702/1325
f 1282/2581/1282 1326/2733/1326 1283/2582/1283
f 1307/2734/1307 1283/2735/1283 1340/2736/1340
f 1306/2737/1306 1307/2738/1307 1340/2739/1340
f 1306/2737/1306 1340/2739/1340 1312/2740/1312
f 1324/2710/1324 1238/2587/1238 1339/2732/1339
f 1314/2670/1314 1325/2702/1325 1339/2732/1339
f 1314/2670/1314 1339/2732/1339 1238/2587/1238
f 1317/2741/1317 1328/2716/1328 1214/2557/1214
f 1328/2716/1328 1284/2679/1284 1180/2558/1180
f 1318/2742/1318 1341/2743/1341 1131/2744/1131
f 1111/2745/1111 1253/2746/1253 1342/2747/1342
f 1286/2595/1286 1343/2748/1343 1220/2685/1220
f 1221/2447/1221 1220/2446/1220 1344/2749/1344
f 1219/2444/1219 1243/2485/1243 1095/2332/1095
f 1219/2444/1219 1345/2750/1345 1243/2485/1243
f 1346/2751/1346 1286/2595/1286 1310/2660/1310
f 1275/2566/1275 1347/2752/1347 1310/2659/1310
f 1098/2525/1098 1255/2524/1255 1331/2720/1331
f 1348/2753/1348 1320/2695/1320 1163/2573/1163
f 1290/2605/1290 1260/2536/1260 1349/2754/1349
f 1205/2529/1205 1184/2371/1184 1350/2755/1350
f 1245/2756/1245 1334/2757/1334 1244/2758/1244
f 1277/2661/1277 1336/2728/1336 1257/2532/1257
f 1279/2574/1279 1351/2759/1351 1186/2375/1186
f 1303/2634/1303 1351/2759/1351 1334/2725/1334
f 1186/2375/1186 1351/2759/1351 1303/2634/1303
f 1352/2760/1352 1261/2537/1261 1262/2761/1262
f 1337/2729/1337 1322/2697/1322 1139/2309/1139
f 1281/2576/1281 1312/2663/1312 1338/2730/1338
f 1340/2762/1340 1283/2582/1283 1326/2733/1326
f 1316/2711/1316 1353/2763/1353 1326/2707/1326
f 1294/2764/1294 1317/2677/1317 1159/2512/1159
f 1354/2765/1354 1267/2672/1267 1270/2714/1270
f 1235/2651/1235 1355/2766/1355 1356/2767/1356
f 1235/2651/1235 1251/2650/1251 1355/2766/1355
f 1148/2768/1148 1357/2769/1357 1240/2655/1240
f 1273/2688/1273 1272/2561/1272 1200/2560/1200
f 1220/2770/1220 1343/2771/1343 1344/2772/1344
f 1286/2773/1286 1346/2774/1346 1343/2775/1343
f 1221/2447/1221 1344/2749/1344 1242/2565/1242
f 1242/2776/1242 1344/2772/1344 1330/2777/1330
f 1243/2778/1243 1202/2779/1202 1134/2780/1134
f 1275/2566/1275 1331/2781/1331 1347/2752/1347
f 1278/2782/1278 1358/2783/1358 1276/2784/1276
f 1278/2782/1278 1359/2785/1359 1358/2783/1358
f 1202/2786/1202 1348/2787/1348 890/2788/890
f 1278/2571/1278 1290/2605/1290 1349/2754/1349
f 1319/2694/1319 1300/2692/1300 1164/2334/1164
f 1277/2661/1277 1360/2789/1360 1336/2728/1336
f 1261/2537/1261 1352/2760/1352 1256/2530/1256
f 1291/2608/1291 1259/2535/1259 1361/2790/1361
f 1292/2610/1292 1362/2791/1362 1260/2792/1260
f 1226/2793/1226 1363/2794/1363 1230/2795/1230
f 1364/2796/1364 1338/2730/1338 1312/2663/1312
f 1312/2740/1312 1340/2739/1340 1364/2797/1364
f 1353/2763/1353 1365/2798/1365 1326/2707/1326
f 1267/2672/1267 1366/2799/1366 1316/2673/1316
f 1265/2548/1265 1235/2470/1235 1367/2800/1367
f 1367/2800/1367 1235/2470/1235 1356/2801/1356
f 1315/2802/1315 1368/2803/1368 1295/2804/1295
f 1251/2618/1251 1297/2620/1297 1355/2805/1355
f 1284/2592/1284 1296/2676/1296 1216/2516/1216
f 1068/2806/1068 1297/2620/1297 1023/2619/1023
f 1240/2655/1240 1357/2769/1357 1329/2717/1329
f 1310/2660/1310 1347/2807/1347 1346/2751/1346
f 1202/2808/1202 1369/2809/1369 1348/2810/1348
f 890/2788/890 1348/2787/1348 1163/2811/1163
f 1370/2812/1370 1258/2632/1258 1289/2604/1289
f 1206/2411/1206 1256/2530/1256 1319/2813/1319
f 1371/2814/1371 1258/2632/1258 1370/2812/1370
f 1320/2695/1320 1351/2759/1351 1279/2574/1279
f 1350/2755/1350 1184/2371/1184 1335/2815/1335
f 1360/2789/1360 1372/2816/1372 1336/2728/1336
f 1372/2816/1372 1259/2606/1259 1336/2728/1336
f 1373/2817/1373 1264/2543/1264 1371/2818/1371
f 1264/2543/1264 1258/2534/1258 1371/2818/1371
f 1352/2819/1352 1262/2577/1262 1311/2662/1311
f 1321/2696/1321 1230/2462/1230 1363/2820/1363
f 1340/2762/1340 1326/2733/1326 1365/2821/1365
f 1374/2822/1374 1315/2671/1315 1264/2704/1264
f 1362/2791/1362 1292/2610/1292 1265/2547/1265
f 1353/2823/1353 1316/2673/1316 1366/2799/1366
f 1327/2713/1327 1354/2765/1354 1270/2714/1270
f 1355/2805/1355 1297/2620/1297 1375/2824/1375
f 1376/2825/1376 1328/2826/1328 1317/2827/1317
f 1377/2828/1377 1296/2676/1296 1284/2592/1284
f 1378/2829/1378 1295/2804/1295 1368/2803/1368
f 1377/2828/1377 1284/2592/1284 1376/2830/1376
f 1376/2830/1376 1284/2592/1284 1328/2831/1328
f 1308/2832/1308 1295/2804/1295 1378/2829/1378
f 1298/2653/1298 1297/2620/1297 1068/2806/1068
f 1341/2743/1341 1379/2833/1379 1131/2744/1131
f 1379/2833/1379 1271/2834/1271 1131/2744/1131
f 1241/2480/1241 1380/2835/1380 1091/2481/1091
f 1253/2746/1253 1254/2836/1254 1342/2747/1342
f 1288/2837/1288 1299/2838/1299 1149/2839/1149
f 1277/2840/1277 1244/2841/1244 1360/2842/1360
f 1381/2843/1381 1340/2844/1340 1365/2845/1365
f 1382/2846/1382 1374/2822/1374 1264/2704/1264
f 1374/2822/1374 1368/2847/1368 1315/2671/1315
f 1294/2764/1294 1376/2848/1376 1317/2677/1317
f 1091/2481/1091 1380/2835/1380 1285/2593/1285
f 1344/2772/1344 1383/2849/1383 1330/2777/1330
f 1276/2850/1276 1384/2851/1384 1287/2598/1287
f 1276/2784/1276 1358/2783/1358 1384/2852/1384
f 1385/2853/1385 1301/2854/1301 1330/2777/1330
f 1331/2720/1331 1255/2524/1255 1386/2855/1386
f 1349/2856/1349 1359/2785/1359 1278/2782/1278
f 1289/2604/1289 1387/2857/1387 1370/2812/1370
f 1256/2530/1256 1388/2858/1388 1319/2813/1319
f 1334/2757/1334 1360/2859/1360 1244/2758/1244
f 1260/2536/1260 1389/2860/1389 1349/2754/1349
f 1333/2861/1333 1337/2729/1337 1121/2239/1121
f 1259/2606/1259 1372/2816/1372 1390/2862/1390
f 1260/2536/1260 1362/2863/1362 1389/2860/1389
f 1249/2864/1249 1391/2865/1391 1247/2496/1247
f 1322/2866/1322 1392/2867/1392 1305/2668/1305
f 1267/2672/1267 1354/2765/1354 1366/2799/1366
f 1377/2828/1377 1327/2868/1327 1296/2676/1296
f 1329/2717/1329 1357/2769/1357 1393/2869/1393
f 1148/2768/1148 1271/2870/1271 1357/2769/1357
f 1241/2480/1241 1217/2562/1217 1394/2871/1394
f 1070/2872/1070 1395/2873/1395 1218/2874/1218
f 1218/2656/1218 1395/2875/1395 1309/2657/1309
f 1201/2876/1201 1396/2877/1396 1114/2878/1114
f 1114/2443/1114 1345/2750/1345 1219/2444/1219
f 1343/2879/1343 1397/2880/1397 1398/2881/1398
f 1243/2778/1243 1399/2882/1399 1202/2779/1202
f 1301/2854/1301 1385/2853/1385 1332/2883/1332
f 1386/2855/1386 1400/2884/1400 1331/2720/1331
f 1386/2855/1386 1255/2524/1255 1401/2885/1401
f 1255/2628/1255 1300/2627/1300 1401/2886/1401
f 1300/2692/1300 1319/2694/1319 1402/2887/1402
f 1352/2760/1352 1388/2858/1388 1256/2530/1256
f 1352/2760/1352 1403/2888/1403 1388/2858/1388
f 1311/2889/1311 1403/2888/1403 1352/2760/1352
f 1226/2793/1226 1291/2890/1291 1363/2794/1363
f 1249/2891/1249 1321/2892/1321 1391/2893/1391
f 1305/2668/1305 1392/2867/1392 1404/2894/1404
f 1362/2895/1362 1265/2548/1265 1405/2896/1405
f 1265/2548/1265 1367/2800/1367 1405/2896/1405
f 1305/2668/1305 1404/2894/1404 1294/2669/1294
f 1272/2561/1272 1273/2688/1273 1406/2897/1406
f 1346/2774/1346 1397/2898/1397 1343/2775/1343
f 1332/2899/1332 1387/2900/1387 1289/2901/1289
f 1300/2627/1300 1402/2902/1402 1401/2886/1401
f 1319/2694/1319 1388/2903/1388 1402/2887/1402
f 1372/2904/1372 1407/2905/1407 1390/2906/1390
f 1259/2606/1259 1390/2862/1390 1361/2907/1361
f 1377/2828/1377 1408/2908/1408 1327/2868/1327
f 1409/2909/1409 1377/2910/1377 1376/2911/1376
f 1410/2912/1410 1318/2680/1318 1308/2652/1308
f 1241/2480/1241 1394/2871/1394 1380/2835/1380
f 1394/2871/1394 1217/2562/1217 1411/2913/1411
f 1411/2913/1411 1217/2562/1217 1272/2561/1272
f 1111/2745/1111 1412/2914/1412 1070/2872/1070
f 1111/2745/1111 1342/2747/1342 1412/2914/1412
f 1114/2443/1114 1396/2915/1396 1345/2750/1345
f 1413/2916/1413 1399/2882/1399 1243/2778/1243
f 1347/2917/1347 1414/2918/1414 1346/2774/1346
f 1383/2849/1383 1385/2853/1385 1330/2777/1330
f 1400/2919/1400 1347/2752/1347 1331/2781/1331
f 1415/2920/1415 1371/2921/1371 1370/2922/1370
f 1416/2923/1416 1373/2924/1373 1371/2921/1371
f 1360/2925/1360 1407/2905/1407 1372/2904/1372
f 1360/2926/1360 1334/2927/1334 1407/2928/1407
f 1382/2846/1382 1417/2929/1417 1374/2822/1374
f 1381/2930/1381 1364/2797/1364 1340/2739/1340
f 1294/2669/1294 1404/2894/1404 1376/2931/1376
f 1404/2932/1404 1409/2909/1409 1376/2911/1376
f 1298/2653/1298 1418/2933/1418 1297/2620/1297
f 1308/2652/1308 1378/2934/1378 1419/2935/1419
f 1308/2652/1308 1419/2935/1419 1410/2912/1410
f 1420/2936/1420 1271/2834/1271 1379/2833/1379
f 1201/2876/1201 1309/2937/1309 1396/2877/1396
f 1254/2599/1254 1421/2938/1421 1342/2939/1342
f 1254/2599/1254 1287/2598/1287 1421/2938/1421
f 1343/2771/1343 1398/2940/1398 1344/2772/1344
f 1344/2772/1344 1398/2940/1398 1383/2849/1383
f 1414/2918/1414 1397/2898/1397 1346/2774/1346
f 1347/2917/1347 1400/2941/1400 1414/2918/1414
f 1359/2785/1359 1349/2856/1349 1422/2942/1422
f 1370/2943/1370 1387/2900/1387 1415/2944/1415
f 1320/2695/1320 1423/2945/1423 1351/2759/1351
f 1403/2888/1403 1424/2946/1424 1388/2858/1388
f 1322/2697/1322 1337/2729/1337 1425/2947/1425
f 1311/2662/1311 1426/2948/1426 1403/2949/1403
f 1389/2950/1389 1362/2951/1362 1427/2952/1427
f 1392/2953/1392 1322/2697/1322 1425/2947/1425
f 1364/2797/1364 1381/2930/1381 1338/2954/1338
f 1353/2955/1353 1428/2956/1428 1365/2845/1365
f 1374/2822/1374 1417/2929/1417 1429/2957/1429
f 1356/2767/1356 1430/2958/1430 1367/2959/1367
f 1374/2822/1374 1429/2957/1429 1368/2847/1368
f 1298/2653/1298 1329/2717/1329 1431/2960/1431
f 1420/2961/1420 1357/2769/1357 1271/2870/1271
f 1412/2914/1412 1395/2873/1395 1070/2872/1070
f 1380/2835/1380 1432/2962/1432 1285/2593/1285
f 1202/2779/1202 1399/2882/1399 1369/2963/1369
f 1320/2695/1320 1433/2964/1433 1423/2945/1423
f 1423/2965/1423 1334/2927/1334 1351/2966/1351
f 1434/2967/1434 1337/2968/1337 1333/2969/1333
f 1373/2817/1373 1382/2970/1382 1264/2543/1264
f 1354/2971/1354 1327/2972/1327 1435/2973/1435
f 1431/2960/1431 1329/2717/1329 1393/2869/1393
f 1411/2913/1411 1272/2561/1272 1406/2897/1406
f 1421/2938/1421 1287/2598/1287 1384/2851/1384
f 1436/2974/1436 1383/2849/1383 1398/2940/1398
f 1437/2975/1437 1385/2853/1385 1383/2849/1383
f 1437/2975/1437 1332/2883/1332 1385/2853/1385
f 1349/2856/1349 1389/2976/1389 1438/2977/1438
f 1424/2946/1424 1402/2978/1402 1388/2858/1388
f 1291/2890/1291 1361/2979/1361 1439/2980/1439
f 1335/2727/1335 1247/2496/1247 1391/2865/1391
f 1427/2952/1427 1362/2951/1362 1405/2981/1405
f 1365/2845/1365 1440/2982/1440 1381/2843/1381
f 1366/2983/1366 1441/2984/1441 1353/2985/1353
f 1430/2958/1430 1356/2767/1356 1442/2986/1442
f 1356/2767/1356 1355/2766/1355 1442/2986/1442
f 1368/2803/1368 1443/2987/1443 1378/2829/1378
f 1443/2988/1443 1419/2935/1419 1378/2934/1378
f 1297/2620/1297 1418/2933/1418 1375/2824/1375
f 1318/2742/1318 1410/2989/1410 1341/2743/1341
f 1285/2593/1285 1432/2962/1432 1274/2718/1274
f 1345/2750/1345 1413/2990/1413 1243/2485/1243
f 1397/2898/1397 1414/2918/1414 1444/2991/1444
f 1397/2880/1397 1444/2992/1444 1398/2881/1398
f 1400/2941/1400 1445/2993/1445 1414/2918/1414
f 1386/2855/1386 1445/2994/1445 1400/2884/1400
f 1387/2900/1387 1446/2995/1446 1415/2944/1415
f 1401/2886/1401 1402/2902/1402 1447/2996/1447
f 1438/2997/1438 1389/2950/1389 1427/2952/1427
f 1416/2923/1416 1448/2998/1448 1373/2924/1373
f 1335/2999/1335 1449/3000/1449 1350/3001/1350
f 1337/2729/1337 1434/3002/1434 1425/2947/1425
f 1448/2998/1448 1382/3003/1382 1373/2924/1373
f 1403/2888/1403 1450/3004/1450 1424/2946/1424
f 1439/2980/1439 1363/2794/1363 1291/2890/1291
f 1321/3005/1321 1451/3006/1451 1391/3007/1391
f 1321/3005/1321 1363/3008/1363 1451/3006/1451
f 1311/2662/1311 1338/2730/1338 1426/2948/1426
f 1381/2930/1381 1426/3009/1426 1338/2954/1338
f 1425/3010/1425 1452/3011/1452 1392/2867/1392
f 1365/2845/1365 1453/3012/1453 1440/2982/1440
f 1417/2929/1417 1454/3013/1454 1429/2957/1429
f 1392/2867/1392 1455/3014/1455 1404/2894/1404
f 1408/3015/1408 1435/3016/1435 1327/3017/1327
f 1409/2909/1409 1456/3018/1456 1377/2910/1377
f 1377/2910/1377 1456/3018/1456 1408/3015/1408
f 1355/2805/1355 1375/2824/1375 1442/3019/1442
f 1332/2899/1332 1457/3020/1457 1387/2900/1387
f 1457/3020/1457 1446/2995/1446 1387/2900/1387
f 1349/2856/1349 1438/2977/1438 1422/2942/1422
f 1458/3021/1458 1333/2969/1333 1302/3022/1302
f 1415/2920/1415 1416/2923/1416 1371/2921/1371
f 1334/2927/1334 1423/2965/1423 1407/2928/1407
f 1424/2946/1424 1447/3023/1447 1402/2978/1402
f 1425/3024/1425 1434/2967/1434 1459/3025/1459
f 1335/2999/1335 1391/3007/1391 1460/3026/1460
f 1450/3004/1450 1461/3027/1461 1424/2946/1424
f 1382/3003/1382 1448/2998/1448 1417/3028/1417
f 1417/3029/1417 1448/3030/1448 1454/3031/1454
f 1435/2973/1435 1462/3032/1462 1354/2971/1354
f 1354/2971/1354 1462/3032/1462 1366/3033/1366
f 1429/3034/1429 1463/3035/1463 1368/2803/1368
f 1456/3018/1456 1435/3016/1435 1408/3015/1408
f 1298/2653/1298 1431/2960/1431 1418/2933/1418
f 1380/2835/1380 1394/2871/1394 1464/3036/1464
f 1342/2747/1342 1465/3037/1465 1412/2914/1412
f 1309/3038/1309 1395/3039/1395 1466/3040/1466
f 1437/2975/1437 1383/2849/1383 1436/2974/1436
f 1359/2785/1359 1422/2942/1422 1467/3041/1467
f 1468/3042/1468 1445/2994/1445 1386/2855/1386
f 1350/3043/1350 1288/2691/1288 1205/2690/1205
f 1390/2906/1390 1407/2905/1407 1469/3044/1469
f 1440/3045/1440 1426/3009/1426 1381/2930/1381
f 1470/3046/1470 1405/2896/1405 1367/2800/1367
f 1441/3047/1441 1428/2956/1428 1353/2955/1353
f 1463/3035/1463 1443/2987/1443 1368/2803/1368
f 1471/3048/1471 1431/2960/1431 1393/2869/1393
f 1472/3049/1472 1395/2873/1395 1412/2914/1412
f 1406/2897/1406 1273/2688/1273 1473/3050/1473
f 1398/2940/1398 1444/3051/1444 1436/2974/1436
f 1413/2916/1413 1474/3052/1474 1399/2882/1399
f 1414/2918/1414 1475/3053/1475 1444/2991/1444
f 1457/3020/1457 1332/2899/1332 1437/3054/1437
f 1476/3055/1476 1415/2920/1415 1446/3056/1446
f 1386/3057/1386 1401/2886/1401 1477/3058/1477
f 1468/3059/1468 1386/3060/1386 1477/3061/1477
f 1416/2923/1416 1478/3062/1478 1448/2998/1448
f 1361/3063/1361 1390/2906/1390 1479/3064/1479
f 1439/3065/1439 1451/3066/1451 1363/3067/1363
f 1426/2948/1426 1450/3068/1450 1403/2949/1403
f 1405/3069/1405 1470/3070/1470 1480/3071/1480
f 1392/2867/1392 1452/3011/1452 1455/3014/1455
f 1454/3072/1454 1463/3073/1463 1429/3074/1429
f 1367/3075/1367 1430/3076/1430 1470/3070/1470
f 1463/3077/1463 1481/3078/1481 1443/3079/1443
f 1342/2747/1342 1482/3080/1482 1465/3037/1465
f 1483/3081/1483 1396/2877/1396 1309/2937/1309
f 1421/2938/1421 1482/3082/1482 1342/2939/1342
f 1473/3050/1473 1273/2688/1273 1484/3083/1484
f 1444/3051/1444 1485/3084/1485 1436/2974/1436
f 1100/3085/1100 1274/3086/1274 1302/3087/1302
f 1299/2687/1299 1484/3083/1484 1273/2688/1273
f 1436/2974/1436 1486/3088/1486 1437/2975/1437
f 1445/2993/1445 1475/3053/1475 1414/2918/1414
f 1302/3022/1302 1487/3089/1487 1458/3021/1458
f 1457/3020/1457 1488/3090/1488 1446/2995/1446
f 1401/2886/1401 1447/2996/1447 1477/3058/1477
f 1407/2928/1407 1423/2965/1423 1469/3091/1469
f 1448/2998/1448 1478/3062/1478 1454/3092/1454
f 1361/3093/1361 1489/3094/1489 1439/3065/1439
f 1426/3009/1426 1490/3095/1490 1450/3096/1450
f 1426/3009/1426 1440/3045/1440 1490/3095/1490
f 1404/2932/1404 1455/3097/1455 1491/3098/1491
f 1404/2932/1404 1491/3098/1491 1409/2909/1409
f 1366/3033/1366 1492/3099/1492 1441/3100/1441
f 1412/2914/1412 1465/3037/1465 1472/3049/1472
f 1380/2835/1380 1464/3036/1464 1432/2962/1432
f 1421/2938/1421 1493/3101/1493 1482/3082/1482
f 1345/2750/1345 1396/2915/1396 1494/3102/1494
f 1384/2851/1384 1493/3101/1493 1421/2938/1421
f 1475/3053/1475 1495/3103/1495 1444/2991/1444
f 1475/3053/1475 1445/2993/1445 1496/3104/1496
f 1437/2975/1437 1497/3105/1497 1457/3106/1457
f 1438/2997/1438 1427/2952/1427 1498/3107/1498
f 1333/2969/1333 1458/3021/1458 1434/2967/1434
f 1478/3108/1478 1499/3109/1499 1454/3072/1454
f 1335/2999/1335 1460/3026/1460 1449/3000/1449
f 1361/3063/1361 1479/3064/1479 1489/3110/1489
f 1461/3027/1461 1447/3023/1447 1424/2946/1424
f 1365/2845/1365 1428/2956/1428 1453/3012/1453
f 1366/3033/1366 1462/3032/1462 1492/3099/1492
f 1491/3098/1491 1456/3018/1456 1409/2909/1409
f 1442/3019/1442 1375/2824/1375 1418/2933/1418
f 1471/3048/1471 1418/2933/1418 1431/2960/1431
f 1410/2912/1410 1419/2935/1419 1500/3111/1500
f 1501/3112/1501 1393/2869/1393 1357/2769/1357
f 1502/3113/1502 1394/2871/1394 1411/2913/1411
f 1494/3102/1494 1413/2990/1413 1345/2750/1345
f 1358/2783/1358 1359/2785/1359 1467/3041/1467
f 1495/3114/1495 1485/3115/1485 1444/3116/1444
f 1486/3088/1486 1497/3105/1497 1437/2975/1437
f 1433/3117/1433 1320/3118/1320 1348/3119/1348
f 1503/3120/1503 1416/2923/1416 1415/2920/1415
f 1405/2981/1405 1480/3121/1480 1427/2952/1427
f 1499/3109/1499 1463/3073/1463 1454/3072/1454
f 1435/3016/1435 1456/3018/1456 1504/3122/1504
f 1435/2973/1435 1504/3123/1504 1462/3032/1462
f 1442/3124/1442 1418/3125/1418 1505/3126/1505
f 1500/3127/1500 1506/3128/1506 1410/2989/1410
f 1410/2989/1410 1506/3128/1506 1341/2743/1341
f 1506/3128/1506 1379/2833/1379 1341/2743/1341
f 1357/2769/1357 1420/2961/1420 1501/3112/1501
f 1502/3129/1502 1464/3130/1464 1394/3131/1394
f 1413/2916/1413 1507/3132/1507 1474/3052/1474
f 1384/2852/1384 1358/2783/1358 1467/3041/1467
f 1508/3133/1508 1302/3087/1302 1274/3086/1274
f 1486/3088/1486 1436/2974/1436 1485/3084/1485
f 1422/2942/1422 1509/3134/1509 1467/3041/1467
f 1422/2942/1422 1438/2977/1438 1509/3134/1509
f 1496/3104/1496 1445/2993/1445 1468/3135/1468
f 1477/3061/1477 1510/3136/1510 1468/3059/1468
f 1416/2923/1416 1503/3120/1503 1478/3062/1478
f 1477/3058/1477 1447/2996/1447 1511/3137/1511
f 1499/3109/1499 1481/3138/1481 1463/3073/1463
f 1440/3045/1440 1453/3139/1453 1512/3140/1512
f 1443/2988/1443 1513/3141/1513 1419/2935/1419
f 1513/3142/1513 1500/3143/1500 1419/3144/1419
f 1393/2869/1393 1501/3112/1501 1471/3048/1471
f 1406/2897/1406 1514/3145/1514 1411/2913/1411
f 1482/3082/1482 1493/3101/1493 1515/3146/1515
f 1396/2915/1396 1483/3147/1483 1494/3102/1494
f 1494/3148/1494 1507/3132/1507 1413/2916/1413
f 1438/2997/1438 1516/3149/1516 1509/3150/1509
f 1415/2920/1415 1476/3055/1476 1503/3120/1503
f 1510/3151/1510 1477/3058/1477 1517/3152/1517
f 1518/3153/1518 1499/3109/1499 1478/3108/1478
f 1459/3025/1459 1452/3154/1452 1425/3024/1425
f 1519/3155/1519 1481/3138/1481 1499/3109/1499
f 1440/3045/1440 1512/3140/1512 1490/3095/1490
f 1428/2956/1428 1520/3156/1520 1453/3012/1453
f 1430/3076/1430 1521/3157/1521 1470/3070/1470
f 1430/3076/1430 1442/3158/1442 1522/3159/1522
f 1481/3078/1481 1523/3160/1523 1443/3079/1443
f 1443/3079/1443 1523/3160/1523 1513/3142/1513
f 1471/3161/1471 1501/3162/1501 1524/3163/1524
f 1395/3039/1395 1472/3164/1472 1466/3040/1466
f 1515/3146/1515 1465/3165/1465 1482/3082/1482
f 1384/3166/1384 1525/3167/1525 1493/3168/1493
f 1508/3169/1508 1274/3170/1274 1432/3171/1432
f 1384/2852/1384 1467/3041/1467 1525/3172/1525
f 1475/3053/1475 1526/3173/1526 1495/3103/1495
f 1496/3104/1496 1526/3173/1526 1475/3053/1475
f 1302/3174/1302 1508/3175/1508 1487/3176/1487
f 1478/3062/1478 1503/3120/1503 1518/3177/1518
f 1438/2997/1438 1498/3107/1498 1516/3149/1516
f 1350/3178/1350 1527/3179/1527 1288/3180/1288
f 1449/3181/1449 1527/3179/1527 1350/3178/1350
f 1423/2965/1423 1528/3182/1528 1469/3091/1469
f 1449/3183/1449 1460/3184/1460 1529/3185/1529
f 1391/3007/1391 1451/3006/1451 1460/3026/1460
f 1461/3027/1461 1530/3186/1530 1447/3023/1447
f 1418/3125/1418 1471/3161/1471 1505/3126/1505
f 1379/2833/1379 1531/3187/1531 1420/2936/1420
f 1411/3188/1411 1514/3189/1514 1502/3190/1502
f 1406/3191/1406 1473/3192/1473 1514/3193/1514
f 1483/3147/1483 1532/3194/1532 1494/3102/1494
f 1474/3052/1474 1369/2963/1369 1399/2882/1399
f 1516/3149/1516 1498/3107/1498 1533/3195/1533
f 1477/3058/1477 1511/3137/1511 1517/3152/1517
f 1518/3153/1518 1519/3155/1519 1499/3109/1499
f 1390/2906/1390 1469/3044/1469 1479/3064/1479
f 1447/3196/1447 1530/3197/1530 1511/3198/1511
f 1519/3199/1519 1534/3200/1534 1481/3201/1481
f 1450/3096/1450 1490/3095/1490 1461/3202/1461
f 1521/3157/1521 1430/3076/1430 1522/3159/1522
f 1471/3161/1471 1524/3163/1524 1535/3203/1535
f 1515/3204/1515 1536/3205/1536 1465/3037/1465
f 1509/3134/1509 1525/3172/1525 1467/3041/1467
f 1488/3090/1488 1537/3206/1537 1446/2995/1446
f 1446/3056/1446 1537/3207/1537 1476/3055/1476
f 1288/3180/1288 1538/3208/1538 1299/3209/1299
f 1458/3021/1458 1539/3210/1539 1434/2967/1434
f 1423/2965/1423 1433/3211/1433 1528/3182/1528
f 1434/2967/1434 1539/3210/1539 1459/3025/1459
f 1480/3212/1480 1540/3213/1540 1427/3214/1427
f 1439/3065/1439 1541/3215/1541 1451/3066/1451
f 1490/3095/1490 1542/3216/1542 1461/3202/1461
f 1520/3156/1520 1512/3217/1512 1453/3012/1453
f 1492/3218/1492 1543/3219/1543 1441/3220/1441
f 1441/3220/1441 1543/3219/1543 1428/3221/1428
f 1428/3221/1428 1543/3219/1543 1520/3222/1520
f 1534/3223/1534 1523/3160/1523 1481/3078/1481
f 1462/3032/1462 1544/3224/1544 1492/3099/1492
f 1471/3161/1471 1535/3203/1535 1505/3126/1505
f 1466/3225/1466 1545/3226/1545 1309/2937/1309
f 1473/3192/1473 1546/3227/1546 1514/3193/1514
f 1309/2937/1309 1545/3226/1545 1483/3081/1483
f 1464/3130/1464 1508/3169/1508 1432/3171/1432
f 1473/3192/1473 1484/3228/1484 1546/3227/1546
f 1493/3101/1493 1525/3229/1525 1547/3230/1547
f 1495/3114/1495 1548/3231/1548 1485/3115/1485
f 1509/3134/1509 1549/3232/1549 1525/3172/1525
f 1509/3233/1509 1550/3234/1550 1549/3235/1549
f 1468/3059/1468 1551/3236/1551 1496/3237/1496
f 1509/3233/1509 1516/3238/1516 1550/3234/1550
f 1348/3239/1348 1552/3240/1552 1433/3241/1433
f 1537/3207/1537 1553/3242/1553 1476/3055/1476
f 1476/3055/1476 1553/3242/1553 1503/3120/1503
f 1299/3209/1299 1538/3208/1538 1554/3243/1554
f 1288/3180/1288 1527/3179/1527 1538/3208/1538
f 1449/3183/1449 1529/3185/1529 1527/3244/1527
f 1427/2952/1427 1540/3245/1540 1498/3107/1498
f 1461/3202/1461 1555/3246/1555 1530/3247/1530
f 1470/3070/1470 1521/3157/1521 1480/3071/1480
f 1504/3123/1504 1556/3248/1556 1462/3032/1462
f 1442/3158/1442 1557/3249/1557 1522/3159/1522
f 1500/3250/1500 1558/3251/1558 1506/3252/1506
f 1506/3253/1506 1531/3254/1531 1379/3255/1379
f 1502/3129/1502 1559/3256/1559 1464/3130/1464
f 1494/3102/1494 1532/3194/1532 1507/3257/1507
f 1485/3084/1485 1548/3258/1548 1486/3088/1486
f 1486/3088/1486 1548/3258/1548 1560/3259/1560
f 1497/3260/1497 1561/3261/1561 1457/3020/1457
f 1299/3209/1299 1554/3243/1554 1484/3262/1484
f 1369/2809/1369 1552/3263/1552 1348/2810/1348
f 1468/3059/1468 1510/3136/1510 1551/3236/1551
f 1503/3264/1503 1562/3265/1562 1518/3153/1518
f 1563/3266/1563 1517/3152/1517 1511/3137/1511
f 1562/3265/1562 1519/3155/1519 1518/3153/1518
f 1564/3267/1564 1489/3268/1489 1479/3269/1479
f 1541/3215/1541 1439/3065/1439 1565/3270/1565
f 1555/3246/1555 1461/3202/1461 1542/3216/1542
f 1566/3271/1566 1455/3272/1455 1452/3273/1452
f 1544/3224/1544 1543/3274/1543 1492/3099/1492
f 1567/3275/1567 1520/3222/1520 1543/3219/1543
f 1568/3276/1568 1456/3018/1456 1491/3098/1491
f 1556/3248/1556 1544/3224/1544 1462/3032/1462
f 1569/3277/1569 1501/3162/1501 1420/3278/1420
f 1570/3279/1570 1466/3040/1466 1472/3164/1472
f 1571/3280/1571 1472/3049/1472 1465/3037/1465
f 1515/3146/1515 1493/3101/1493 1547/3230/1547
f 1546/3227/1546 1484/3228/1484 1572/3281/1572
f 1551/3282/1551 1526/3173/1526 1496/3104/1496
f 1573/3283/1573 1528/3182/1528 1433/3211/1433
f 1469/3044/1469 1574/3284/1574 1479/3064/1479
f 1489/3094/1489 1565/3270/1565 1439/3065/1439
f 1540/3285/1540 1480/3071/1480 1521/3157/1521
f 1455/3097/1455 1575/3286/1575 1491/3098/1491
f 1491/3098/1491 1575/3286/1575 1568/3276/1568
f 1544/3224/1544 1576/3287/1576 1543/3274/1543
f 1502/3129/1502 1514/3193/1514 1546/3227/1546
f 1472/3049/1472 1571/3280/1571 1570/3288/1570
f 1495/3103/1495 1526/3173/1526 1577/3289/1577
f 1561/3261/1561 1488/3090/1488 1457/3020/1457
f 1512/3140/1512 1542/3216/1542 1490/3095/1490
f 1521/3157/1521 1522/3159/1522 1578/3290/1578
f 1456/3018/1456 1568/3276/1568 1504/3122/1504
f 1442/3124/1442 1505/3126/1505 1579/3291/1579
f 1524/3163/1524 1501/3162/1501 1569/3277/1569
f 1580/3292/1580 1536/3293/1536 1515/3146/1515
f 1547/3230/1547 1525/3229/1525 1581/3294/1581
f 1503/3120/1503 1553/3242/1553 1582/3295/1582
f 1487/3089/1487 1539/3210/1539 1458/3021/1458
f 1503/3296/1503 1582/3297/1582 1562/3298/1562
f 1498/3299/1498 1540/3300/1540 1583/3301/1583
f 1519/3302/1519 1584/3303/1584 1534/3304/1534
f 1479/3269/1479 1574/3305/1574 1564/3267/1564
f 1489/3268/1489 1564/3267/1564 1565/3306/1565
f 1530/3247/1530 1555/3246/1555 1585/3307/1585
f 1455/3272/1455 1566/3271/1566 1575/3308/1575
f 1576/3309/1576 1567/3275/1567 1543/3219/1543
f 1567/3275/1567 1512/3310/1512 1520/3222/1520
f 1556/3248/1556 1576/3287/1576 1544/3224/1544
f 1465/3037/1465 1536/3205/1536 1571/3280/1571
f 1497/3260/1497 1586/3311/1586 1561/3261/1561
f 1517/3152/1517 1563/3266/1563 1587/3312/1587
f 1433/3313/1433 1588/3314/1588 1573/3315/1573
f 1528/3316/1528 1574/3284/1574 1469/3044/1469
f 1563/3317/1563 1511/3198/1511 1589/3318/1589
f 1460/3184/1460 1590/3319/1590 1529/3185/1529
f 1585/3320/1585 1589/3321/1589 1530/3322/1530
f 1530/3197/1530 1589/3318/1589 1511/3198/1511
f 1451/3006/1451 1590/3323/1590 1460/3026/1460
f 1521/3157/1521 1578/3290/1578 1540/3285/1540
f 1534/3223/1534 1591/3324/1591 1523/3160/1523
f 1524/3163/1524 1569/3277/1569 1592/3325/1592
f 1502/3129/1502 1546/3227/1546 1593/3326/1593
f 1483/3081/1483 1545/3226/1545 1594/3327/1594
f 1464/3130/1464 1559/3256/1559 1508/3169/1508
f 1515/3146/1515 1581/3294/1581 1580/3292/1580
f 1547/3230/1547 1581/3294/1581 1515/3146/1515
f 1495/3114/1495 1577/3328/1577 1548/3231/1548
f 1486/3088/1486 1560/3259/1560 1586/3329/1586
f 1486/3088/1486 1586/3329/1586 1497/3105/1497
f 1369/2809/1369 1474/3330/1474 1552/3263/1552
f 1484/3331/1484 1554/3332/1554 1572/3333/1572
f 1517/3152/1517 1587/3312/1587 1510/3151/1510
f 1533/3195/1533 1498/3107/1498 1583/3334/1583
f 1459/3335/1459 1566/3271/1566 1452/3273/1452
f 1584/3336/1584 1591/3337/1591 1534/3338/1534
f 1542/3216/1542 1595/3339/1595 1555/3246/1555
f 1522/3159/1522 1557/3249/1557 1596/3340/1596
f 1442/3124/1442 1579/3291/1579 1557/3341/1557
f 1524/3163/1524 1592/3325/1592 1535/3203/1535
f 1558/3342/1558 1531/3254/1531 1506/3253/1506
f 1466/3040/1466 1597/3343/1597 1545/3344/1545
f 1536/3345/1536 1598/3346/1598 1571/3347/1571
f 1546/3227/1546 1572/3281/1572 1593/3326/1593
f 1526/3173/1526 1551/3282/1551 1577/3289/1577
f 1510/3348/1510 1599/3349/1599 1551/3350/1551
f 1433/3313/1433 1600/3351/1600 1588/3314/1588
f 1563/3352/1563 1601/3353/1601 1587/3354/1587
f 1564/3267/1564 1574/3305/1574 1602/3355/1602
f 1583/3301/1583 1540/3300/1540 1603/3356/1603
f 1540/3300/1540 1578/3357/1578 1603/3356/1603
f 1568/3276/1568 1604/3358/1604 1504/3122/1504
f 1504/3123/1504 1604/3359/1604 1556/3248/1556
f 1567/3275/1567 1605/3360/1605 1512/3310/1512
f 1556/3248/1556 1606/3361/1606 1576/3287/1576
f 1606/3362/1606 1567/3275/1567 1576/3309/1576
f 1531/3254/1531 1569/3277/1569 1420/3278/1420
f 1570/3363/1570 1571/3347/1571 1607/3364/1607
f 1545/3344/1545 1597/3343/1597 1608/3365/1608
f 1483/3081/1483 1594/3327/1594 1532/3366/1532
f 1507/3367/1507 1609/3368/1609 1474/3369/1474
f 1525/3370/1525 1610/3371/1610 1581/3372/1581
f 1508/3373/1508 1611/3374/1611 1487/3375/1487
f 1549/3235/1549 1550/3234/1550 1612/3376/1612
f 1510/3348/1510 1613/3377/1613 1599/3349/1599
f 1550/3234/1550 1516/3238/1516 1614/3378/1614
f 1487/3375/1487 1611/3374/1611 1615/3379/1615
f 1587/3354/1587 1613/3377/1613 1510/3348/1510
f 1537/3380/1537 1616/3381/1616 1553/3382/1553
f 1487/3375/1487 1615/3379/1615 1539/3383/1539
f 1562/3384/1562 1617/3385/1617 1519/3302/1519
f 1519/3302/1519 1617/3385/1617 1584/3303/1584
f 1539/3210/1539 1618/3386/1618 1459/3025/1459
f 1568/3276/1568 1619/3387/1619 1604/3358/1604
f 1512/3140/1512 1605/3388/1605 1542/3216/1542
f 1513/3142/1513 1620/3389/1620 1500/3143/1500
f 1502/3129/1502 1593/3326/1593 1559/3256/1559
f 1580/3390/1580 1598/3391/1598 1536/3392/1536
f 1549/3393/1549 1610/3371/1610 1525/3370/1525
f 1549/3393/1549 1612/3394/1612 1610/3371/1610
f 1552/3263/1552 1474/3330/1474 1621/3395/1621
f 1552/3396/1552 1600/3397/1600 1433/3398/1433
f 1582/3297/1582 1622/3399/1622 1562/3298/1562
f 1601/3400/1601 1563/3317/1563 1623/3401/1623
f 1562/3384/1562 1622/3402/1622 1617/3385/1617
f 1459/3335/1459 1618/3403/1618 1566/3271/1566
f 1566/3271/1566 1618/3403/1618 1624/3404/1624
f 1566/3271/1566 1624/3404/1624 1575/3308/1575
f 1604/3359/1604 1606/3361/1606 1556/3248/1556
f 1545/3226/1545 1608/3405/1608 1594/3327/1594
f 1559/3256/1559 1611/3406/1611 1508/3169/1508
f 1551/3350/1551 1599/3349/1599 1625/3407/1625
f 1516/3238/1516 1533/3408/1533 1614/3378/1614
f 1488/3090/1488 1626/3409/1626 1537/3206/1537
f 1537/3380/1537 1626/3410/1626 1616/3381/1616
f 1533/3195/1533 1583/3334/1583 1627/3411/1627
f 1563/3317/1563 1589/3318/1589 1623/3401/1623
f 1451/3006/1451 1628/3412/1628 1590/3323/1590
f 1451/3006/1451 1541/3413/1541 1628/3412/1628
f 1555/3246/1555 1595/3339/1595 1585/3307/1585
f 1596/3340/1596 1578/3290/1578 1522/3159/1522
f 1542/3216/1542 1605/3388/1605 1629/3414/1629
f 1542/3216/1542 1629/3414/1629 1595/3339/1595
f 1567/3275/1567 1606/3362/1606 1630/3415/1630
f 1567/3275/1567 1630/3415/1630 1605/3360/1605
f 1523/3160/1523 1620/3389/1620 1513/3142/1513
f 1559/3256/1559 1593/3326/1593 1631/3416/1631
f 1507/3367/1507 1632/3417/1632 1609/3368/1609
f 1474/3369/1474 1609/3368/1609 1621/3418/1621
f 1621/3419/1621 1600/3397/1600 1552/3396/1552
f 1488/3090/1488 1561/3261/1561 1626/3409/1626
f 1582/3297/1582 1633/3420/1633 1622/3399/1622
f 1539/3210/1539 1615/3421/1615 1634/3422/1634
f 1539/3210/1539 1634/3422/1634 1618/3386/1618
f 1527/3244/1527 1529/3185/1529 1635/3423/1635
f 1528/3424/1528 1573/3315/1573 1636/3425/1636
f 1565/3270/1565 1637/3426/1637 1541/3215/1541
f 1575/3308/1575 1624/3404/1624 1638/3427/1638
f 1575/3308/1575 1638/3427/1638 1568/3428/1568
f 1568/3276/1568 1638/3429/1638 1619/3387/1619
f 1604/3359/1604 1619/3430/1619 1639/3431/1639
f 1535/3203/1535 1592/3325/1592 1640/3432/1640
f 1466/3040/1466 1570/3279/1570 1597/3343/1597
f 1559/3256/1559 1631/3416/1631 1641/3433/1641
f 1594/3434/1594 1642/3435/1642 1532/3436/1532
f 1593/3326/1593 1572/3281/1572 1643/3437/1643
f 1580/3292/1580 1581/3294/1581 1644/3438/1644
f 1550/3234/1550 1645/3439/1645 1612/3376/1612
f 1587/3354/1587 1601/3353/1601 1613/3377/1613
f 1627/3440/1627 1583/3301/1583 1646/3441/1646
f 1589/3318/1589 1647/3442/1647 1623/3401/1623
f 1528/3443/1528 1636/3444/1636 1574/3445/1574
f 1603/3356/1603 1646/3441/1646 1583/3301/1583
f 1589/3318/1589 1585/3446/1585 1647/3442/1647
f 1604/3359/1604 1639/3431/1639 1606/3361/1606
f 1535/3203/1535 1579/3291/1579 1505/3126/1505
f 1535/3203/1535 1640/3432/1640 1579/3291/1579
f 1598/3391/1598 1580/3390/1580 1648/3447/1648
f 1561/3261/1561 1586/3311/1586 1649/3448/1649
f 1614/3378/1614 1645/3439/1645 1550/3234/1550
f 1600/3351/1600 1650/3449/1650 1588/3314/1588
f 1590/3319/1590 1651/3450/1651 1529/3185/1529
f 1617/3451/1617 1652/3452/1652 1584/3336/1584
f 1603/3453/1603 1578/3290/1578 1596/3340/1596
f 1605/3388/1605 1653/3454/1653 1629/3414/1629
f 1605/3360/1605 1630/3415/1630 1653/3455/1653
f 1606/3361/1606 1639/3431/1639 1654/3456/1654
f 1606/3361/1606 1654/3456/1654 1630/3457/1630
f 1607/3364/1607 1655/3458/1655 1570/3363/1570
f 1571/3347/1571 1598/3346/1598 1607/3364/1607
f 1593/3326/1593 1643/3437/1643 1631/3416/1631
f 1594/3327/1594 1656/3459/1656 1642/3460/1642
f 1572/3333/1572 1657/3461/1657 1643/3462/1643
f 1641/3433/1641 1611/3406/1611 1559/3256/1559
f 1507/3367/1507 1532/3463/1532 1632/3417/1632
f 1553/3382/1553 1616/3381/1616 1582/3464/1582
f 1527/3179/1527 1635/3465/1635 1538/3208/1538
f 1564/3267/1564 1637/3466/1637 1565/3306/1565
f 1652/3452/1652 1591/3337/1591 1584/3336/1584
f 1595/3339/1595 1629/3414/1629 1658/3467/1658
f 1557/3468/1557 1659/3469/1659 1596/3470/1596
f 1660/3471/1660 1653/3455/1653 1630/3415/1630
f 1630/3415/1630 1654/3472/1654 1660/3471/1660
f 1572/3333/1572 1554/3332/1554 1657/3461/1657
f 1548/3231/1548 1661/3473/1661 1560/3474/1560
f 1625/3475/1625 1662/3476/1662 1551/3282/1551
f 1662/3476/1662 1577/3289/1577 1551/3282/1551
f 1586/3477/1586 1663/3478/1663 1649/3479/1649
f 1561/3261/1561 1664/3480/1664 1626/3409/1626
f 1615/3379/1615 1611/3374/1611 1665/3481/1665
f 1627/3440/1627 1646/3441/1646 1666/3482/1666
f 1647/3442/1647 1667/3483/1667 1623/3401/1623
f 1618/3386/1618 1634/3422/1634 1668/3484/1668
f 1585/3485/1585 1669/3486/1669 1647/3487/1647
f 1564/3267/1564 1670/3488/1670 1637/3466/1637
f 1564/3267/1564 1602/3355/1602 1670/3488/1670
f 1618/3403/1618 1668/3489/1668 1624/3404/1624
f 1595/3339/1595 1671/3490/1671 1585/3307/1585
f 1595/3339/1595 1658/3467/1658 1671/3490/1671
f 1638/3427/1638 1624/3404/1624 1672/3491/1672
f 1639/3431/1639 1619/3430/1619 1673/3492/1673
f 1558/3342/1558 1674/3493/1674 1531/3254/1531
f 1580/3292/1580 1644/3438/1644 1675/3494/1675
f 1581/3294/1581 1610/3495/1610 1644/3438/1644
f 1676/3496/1676 1661/3473/1661 1548/3231/1548
f 1609/3497/1609 1677/3498/1677 1621/3419/1621
f 1554/3332/1554 1538/3499/1538 1678/3500/1678
f 1627/3501/1627 1614/3378/1614 1533/3408/1533
f 1623/3401/1623 1679/3502/1679 1601/3400/1601
f 1680/3503/1680 1622/3399/1622 1633/3420/1633
f 1623/3401/1623 1667/3483/1667 1681/3504/1681
f 1574/3305/1574 1636/3505/1636 1602/3355/1602
f 1647/3442/1647 1669/3506/1669 1667/3483/1667
f 1646/3441/1646 1603/3356/1603 1682/3507/1682
f 1590/3319/1590 1628/3508/1628 1651/3450/1651
f 1629/3414/1629 1683/3509/1683 1658/3467/1658
f 1653/3454/1653 1683/3509/1683 1629/3414/1629
f 1673/3492/1673 1684/3510/1684 1639/3431/1639
f 1684/3510/1684 1654/3456/1654 1639/3431/1639
f 1685/3511/1685 1569/3277/1569 1531/3254/1531
f 1656/3459/1656 1594/3327/1594 1608/3405/1608
f 1661/3512/1661 1686/3513/1686 1560/3514/1560
f 1676/3496/1676 1548/3231/1548 1577/3328/1577
f 1679/3515/1679 1613/3377/1613 1601/3353/1601
f 1687/3516/1687 1650/3517/1650 1600/3397/1600
f 1679/3502/1679 1623/3401/1623 1681/3504/1681
f 1650/3449/1650 1688/3518/1688 1588/3314/1588
f 1689/3519/1689 1617/3520/1617 1622/3399/1622
f 1573/3315/1573 1588/3314/1588 1690/3521/1690
f 1636/3425/1636 1573/3315/1573 1690/3521/1690
f 1669/3486/1669 1585/3485/1585 1671/3522/1671
f 1682/3507/1682 1603/3356/1603 1596/3523/1596
f 1638/3524/1638 1691/3525/1691 1619/3526/1619
f 1683/3527/1683 1653/3455/1653 1660/3471/1660
f 1691/3528/1691 1673/3529/1673 1619/3530/1619
f 1620/3389/1620 1692/3531/1692 1500/3143/1500
f 1592/3325/1592 1569/3277/1569 1685/3511/1685
f 1558/3532/1558 1693/3533/1693 1674/3534/1674
f 1597/3343/1597 1694/3535/1694 1608/3365/1608
f 1695/3536/1695 1694/3535/1694 1597/3343/1597
f 1608/3405/1608 1694/3537/1694 1656/3459/1656
f 1696/3538/1696 1697/3539/1697 1641/3540/1641
f 1697/3541/1697 1611/3374/1611 1641/3542/1641
f 1599/3349/1599 1698/3543/1698 1625/3407/1625
f 1554/3332/1554 1678/3500/1678 1657/3461/1657
f 1649/3448/1649 1664/3480/1664 1561/3261/1561
f 1678/3500/1678 1538/3499/1538 1699/3544/1699
f 1614/3545/1614 1627/3546/1627 1666/3547/1666
f 1616/3548/1616 1633/3420/1633 1582/3297/1582
f 1538/3499/1538 1635/3549/1635 1699/3544/1699
f 1700/3550/1700 1634/3551/1634 1615/3552/1615
f 1529/3185/1529 1701/3553/1701 1635/3423/1635
f 1529/3185/1529 1651/3450/1651 1701/3553/1701
f 1617/3451/1617 1702/3554/1702 1652/3452/1652
f 1628/3555/1628 1541/3556/1541 1703/3557/1703
f 1541/3215/1541 1637/3426/1637 1703/3558/1703
f 1704/3559/1704 1671/3522/1671 1658/3560/1658
f 1638/3524/1638 1672/3561/1672 1691/3525/1691
f 1557/3468/1557 1579/3562/1579 1705/3563/1705
f 1500/3564/1500 1693/3565/1693 1558/3566/1558
f 1685/3511/1685 1531/3254/1531 1674/3493/1674
f 1570/3279/1570 1655/3567/1655 1597/3343/1597
f 1607/3568/1607 1598/3391/1598 1648/3447/1648
f 1657/3461/1657 1706/3569/1706 1643/3462/1643
f 1657/3570/1657 1707/3571/1707 1706/3572/1706
f 1560/3514/1560 1686/3513/1686 1586/3573/1586
f 1613/3377/1613 1698/3543/1698 1599/3349/1599
f 1611/3374/1611 1697/3541/1697 1665/3481/1665
f 1621/3419/1621 1708/3574/1708 1600/3397/1600
f 1665/3575/1665 1700/3550/1700 1615/3552/1615
f 1635/3549/1635 1709/3576/1709 1699/3544/1699
f 1635/3423/1635 1701/3553/1701 1709/3577/1709
f 1634/3551/1634 1700/3550/1700 1710/3578/1710
f 1634/3422/1634 1710/3579/1710 1668/3484/1668
f 1670/3488/1670 1711/3580/1711 1637/3466/1637
f 1624/3404/1624 1668/3489/1668 1712/3581/1712
f 1624/3404/1624 1712/3581/1712 1672/3491/1672
f 1672/3491/1672 1712/3581/1712 1713/3582/1713
f 1659/3469/1659 1557/3468/1557 1714/3583/1714
f 1591/3324/1591 1620/3389/1620 1523/3160/1523
f 1684/3510/1684 1660/3584/1660 1654/3456/1654
f 1579/3291/1579 1640/3432/1640 1705/3585/1705
f 1631/3416/1631 1715/3586/1715 1641/3433/1641
f 1580/3390/1580 1675/3587/1675 1648/3447/1648
f 1532/3436/1532 1642/3435/1642 1632/3588/1632
f 1577/3328/1577 1716/3589/1716 1676/3496/1676
f 1657/3461/1657 1678/3500/1678 1707/3590/1707
f 1645/3439/1645 1614/3378/1614 1717/3591/1717
f 1626/3410/1626 1664/3592/1664 1616/3381/1616
f 1666/3547/1666 1646/3593/1646 1718/3594/1718
f 1689/3519/1689 1622/3399/1622 1680/3503/1680
f 1602/3355/1602 1719/3595/1719 1670/3488/1670
f 1628/3555/1628 1720/3596/1720 1651/3597/1651
f 1672/3491/1672 1713/3582/1713 1721/3598/1721
f 1721/3599/1721 1691/3525/1691 1672/3561/1672
f 1557/3468/1557 1705/3563/1705 1714/3583/1714
f 1691/3528/1691 1722/3600/1722 1673/3529/1673
f 1692/3601/1692 1693/3533/1693 1500/3602/1500
f 1685/3511/1685 1723/3603/1723 1592/3325/1592
f 1631/3416/1631 1643/3437/1643 1715/3586/1715
f 1610/3495/1610 1724/3604/1724 1644/3438/1644
f 1610/3371/1610 1725/3605/1725 1724/3606/1724
f 1586/3477/1586 1686/3607/1686 1663/3478/1663
f 1645/3439/1645 1726/3608/1726 1612/3376/1612
f 1708/3574/1708 1687/3516/1687 1600/3397/1600
f 1614/3545/1614 1666/3547/1666 1717/3609/1717
f 1633/3420/1633 1616/3548/1616 1727/3610/1727
f 1633/3420/1633 1727/3610/1727 1680/3503/1680
f 1588/3314/1588 1688/3518/1688 1690/3521/1690
f 1701/3553/1701 1728/3611/1728 1709/3577/1709
f 1682/3507/1682 1718/3612/1718 1646/3441/1646
f 1702/3613/1702 1729/3614/1729 1652/3615/1652
f 1701/3553/1701 1651/3450/1651 1728/3611/1728
f 1711/3580/1711 1730/3616/1730 1637/3466/1637
f 1703/3557/1703 1720/3596/1720 1628/3555/1628
f 1683/3617/1683 1731/3618/1731 1658/3619/1658
f 1691/3525/1691 1721/3599/1721 1722/3620/1722
f 1722/3621/1722 1732/3622/1732 1673/3492/1673
f 1684/3510/1684 1673/3492/1673 1732/3622/1732
f 1643/3623/1643 1706/3572/1706 1733/3624/1733
f 1577/3289/1577 1662/3476/1662 1716/3625/1716
f 1621/3419/1621 1677/3498/1677 1708/3574/1708
f 1678/3626/1678 1699/3627/1699 1734/3628/1734
f 1679/3515/1679 1735/3629/1735 1613/3377/1613
f 1665/3575/1665 1736/3630/1736 1700/3550/1700
f 1680/3503/1680 1737/3631/1737 1689/3519/1689
f 1689/3519/1689 1737/3631/1737 1702/3632/1702
f 1689/3519/1689 1702/3632/1702 1617/3520/1617
f 1690/3633/1690 1688/3634/1688 1738/3635/1738
f 1667/3483/1667 1739/3636/1739 1681/3504/1681
f 1636/3637/1636 1719/3638/1719 1602/3639/1602
f 1667/3483/1667 1669/3506/1669 1740/3640/1740
f 1669/3486/1669 1741/3641/1741 1742/3642/1742
f 1671/3522/1671 1741/3641/1741 1669/3486/1669
f 1710/3579/1710 1743/3643/1743 1668/3484/1668
f 1671/3522/1671 1744/3644/1744 1741/3641/1741
f 1652/3452/1652 1729/3645/1729 1591/3337/1591
f 1743/3646/1743 1712/3581/1712 1668/3489/1668
f 1704/3559/1704 1744/3644/1744 1671/3522/1671
f 1660/3471/1660 1745/3647/1745 1683/3527/1683
f 1660/3471/1660 1684/3648/1684 1745/3647/1745
f 1655/3567/1655 1695/3536/1695 1597/3343/1597
f 1715/3649/1715 1696/3650/1696 1641/3651/1641
f 1610/3371/1610 1612/3394/1612 1725/3605/1725
f 1707/3571/1707 1678/3652/1678 1746/3653/1746
f 1678/3652/1678 1734/3654/1734 1746/3653/1746
f 1645/3439/1645 1717/3591/1717 1726/3608/1726
f 1697/3541/1697 1736/3655/1736 1665/3481/1665
f 1613/3377/1613 1735/3629/1735 1698/3543/1698
f 1700/3550/1700 1747/3656/1747 1710/3578/1710
f 1738/3657/1738 1748/3658/1748 1690/3659/1690
f 1690/3659/1690 1748/3658/1748 1636/3637/1636
f 1670/3488/1670 1749/3660/1749 1711/3580/1711
f 1728/3611/1728 1651/3450/1651 1720/3661/1720
f 1750/3662/1750 1703/3557/1703 1730/3663/1730
f 1637/3426/1637 1730/3664/1730 1703/3558/1703
f 1720/3596/1720 1703/3557/1703 1750/3662/1750
f 1658/3619/1658 1731/3618/1731 1704/3665/1704
f 1713/3582/1713 1751/3666/1751 1721/3598/1721
f 1684/3510/1684 1732/3622/1732 1745/3667/1745
f 1706/3572/1706 1707/3571/1707 1746/3653/1746
f 1752/3668/1752 1736/3669/1736 1697/3539/1697
f 1677/3498/1677 1753/3670/1753 1708/3574/1708
f 1699/3627/1699 1754/3671/1754 1734/3628/1734
f 1754/3671/1754 1699/3627/1699 1709/3672/1709
f 1664/3592/1664 1727/3673/1727 1616/3381/1616
f 1736/3674/1736 1747/3675/1747 1700/3676/1700
f 1728/3677/1728 1755/3678/1755 1709/3679/1709
f 1681/3504/1681 1739/3636/1739 1756/3680/1756
f 1670/3488/1670 1719/3595/1719 1749/3660/1749
f 1720/3596/1720 1757/3681/1757 1728/3682/1728
f 1720/3596/1720 1750/3662/1750 1758/3683/1758
f 1743/3646/1743 1759/3684/1759 1712/3581/1712
f 1712/3581/1712 1759/3684/1759 1713/3582/1713
f 1596/3523/1596 1659/3685/1659 1682/3507/1682
f 1683/3527/1683 1745/3647/1745 1731/3686/1731
f 1620/3389/1620 1591/3324/1591 1760/3687/1760
f 1620/3688/1620 1761/3689/1761 1692/3601/1692
f 1640/3432/1640 1592/3325/1592 1723/3603/1723
f 1693/3533/1693 1762/3690/1762 1674/3534/1674
f 1733/3624/1733 1706/3572/1706 1746/3653/1746
f 1696/3538/1696 1752/3668/1752 1697/3539/1697
f 1609/3368/1609 1632/3417/1632 1763/3691/1763
f 1709/3679/1709 1755/3678/1755 1754/3692/1754
f 1650/3693/1650 1764/3694/1764 1688/3634/1688
f 1636/3637/1636 1748/3658/1748 1719/3638/1719
f 1710/3695/1710 1747/3675/1747 1743/3696/1743
f 1667/3483/1667 1740/3640/1740 1739/3636/1739
f 1757/3681/1757 1720/3596/1720 1758/3683/1758
f 1711/3580/1711 1749/3660/1749 1730/3616/1730
f 1765/3697/1765 1751/3666/1751 1759/3684/1759
f 1713/3582/1713 1759/3684/1759 1751/3666/1751
f 1745/3647/1745 1766/3698/1766 1731/3686/1731
f 1721/3599/1721 1751/3699/1751 1722/3620/1722
f 1722/3700/1722 1767/3701/1767 1732/3702/1732
f 1640/3703/1640 1768/3704/1768 1705/3705/1705
f 1643/3623/1643 1733/3624/1733 1715/3649/1715
f 1733/3624/1733 1746/3653/1746 1769/3706/1769
f 1770/3707/1770 1752/3668/1752 1696/3538/1696
f 1724/3604/1724 1675/3494/1675 1644/3438/1644
f 1676/3708/1676 1771/3709/1771 1661/3710/1661
f 1772/3711/1772 1773/3712/1773 1625/3713/1625
f 1755/3714/1755 1728/3715/1728 1757/3716/1757
f 1764/3694/1764 1774/3717/1774 1688/3634/1688
f 1702/3613/1702 1775/3718/1775 1729/3614/1729
f 1669/3486/1669 1742/3642/1742 1740/3719/1740
f 1776/3720/1776 1759/3684/1759 1743/3646/1743
f 1704/3665/1704 1777/3721/1777 1744/3722/1744
f 1745/3667/1745 1732/3622/1732 1778/3723/1778
f 1768/3704/1768 1640/3703/1640 1723/3724/1723
f 1642/3725/1642 1656/3726/1656 1779/3727/1779
f 1686/3513/1686 1661/3512/1661 1780/3728/1780
f 1746/3653/1746 1734/3654/1734 1769/3706/1769
f 1612/3376/1612 1726/3608/1726 1725/3729/1725
f 1609/3368/1609 1763/3691/1763 1677/3730/1677
f 1698/3731/1698 1772/3711/1772 1625/3713/1625
f 1663/3478/1663 1781/3732/1781 1649/3479/1649
f 1782/3733/1782 1727/3673/1727 1664/3592/1664
f 1680/3503/1680 1727/3610/1727 1783/3734/1783
f 1784/3735/1784 1785/3736/1785 1747/3675/1747
f 1747/3675/1747 1785/3736/1785 1743/3696/1743
f 1750/3737/1750 1730/3738/1730 1786/3739/1786
f 1749/3740/1749 1787/3741/1787 1730/3742/1730
f 1788/3743/1788 1759/3684/1759 1776/3720/1776
f 1789/3744/1789 1765/3745/1765 1788/3746/1788
f 1731/3618/1731 1777/3721/1777 1704/3665/1704
f 1759/3684/1759 1788/3743/1788 1765/3697/1765
f 1751/3699/1751 1767/3747/1767 1722/3620/1722
f 1745/3647/1745 1778/3748/1778 1766/3698/1766
f 1674/3534/1674 1790/3749/1790 1685/3750/1685
f 1695/3751/1695 1791/3752/1791 1792/3753/1792
f 1793/3754/1793 1642/3435/1642 1779/3755/1779
f 1734/3628/1734 1794/3756/1794 1769/3757/1769
f 1662/3758/1662 1773/3759/1773 1795/3760/1795
f 1662/3758/1662 1795/3760/1795 1716/3761/1716
f 1625/3762/1625 1773/3759/1773 1662/3758/1662
f 1717/3591/1717 1796/3763/1796 1726/3608/1726
f 1736/3674/1736 1784/3735/1784 1747/3675/1747
f 1736/3674/1736 1797/3764/1797 1784/3735/1784
f 1772/3711/1772 1698/3731/1698 1735/3765/1735
f 1649/3479/1649 1798/3766/1798 1664/3767/1664
f 1681/3504/1681 1799/3768/1799 1679/3502/1679
f 1650/3693/1650 1687/3769/1687 1764/3694/1764
f 1688/3634/1688 1774/3717/1774 1738/3635/1738
f 1785/3736/1785 1776/3770/1776 1743/3696/1743
f 1730/3738/1730 1787/3771/1787 1786/3739/1786
f 1742/3772/1742 1741/3773/1741 1800/3774/1800
f 1776/3720/1776 1801/3775/1801 1788/3743/1788
f 1729/3645/1729 1802/3776/1802 1591/3337/1591
f 1803/3777/1803 1777/3721/1777 1731/3618/1731
f 1731/3778/1731 1804/3779/1804 1803/3780/1803
f 1751/3699/1751 1765/3781/1765 1767/3747/1767
f 1732/3782/1732 1767/3783/1767 1778/3784/1778
f 1655/3785/1655 1805/3786/1805 1695/3751/1695
f 1695/3751/1695 1792/3753/1792 1694/3787/1694
f 1656/3726/1656 1694/3788/1694 1779/3727/1779
f 1642/3435/1642 1793/3754/1793 1632/3588/1632
f 1677/3498/1677 1763/3789/1763 1753/3670/1753
f 1752/3668/1752 1797/3790/1797 1736/3669/1736
f 1781/3732/1781 1798/3766/1798 1649/3479/1649
f 1734/3628/1734 1754/3671/1754 1794/3756/1794
f 1797/3764/1797 1785/3736/1785 1784/3735/1784
f 1754/3692/1754 1755/3678/1755 1806/3791/1806
f 1681/3504/1681 1756/3680/1756 1807/3792/1807
f 1757/3793/1757 1758/3794/1758 1755/3795/1755
f 1748/3658/1748 1808/3796/1808 1719/3638/1719
f 1682/3797/1682 1809/3798/1809 1718/3594/1718
f 1788/3743/1788 1801/3775/1801 1789/3799/1789
f 1789/3800/1789 1810/3801/1810 1765/3781/1765
f 1810/3801/1810 1767/3747/1767 1765/3781/1765
f 1731/3686/1731 1766/3698/1766 1804/3802/1804
f 1768/3704/1768 1723/3724/1723 1811/3803/1811
f 1723/3724/1723 1790/3749/1790 1811/3803/1811
f 1723/3724/1723 1685/3750/1685 1790/3749/1790
f 1762/3690/1762 1790/3749/1790 1674/3534/1674
f 1655/3458/1655 1607/3364/1607 1805/3804/1805
f 1733/3624/1733 1812/3805/1812 1715/3649/1715
f 1648/3447/1648 1813/3806/1813 1607/3568/1607
f 1696/3538/1696 1814/3807/1814 1770/3707/1770
f 1725/3808/1725 1726/3809/1726 1815/3810/1815
f 1717/3609/1717 1666/3547/1666 1816/3811/1816
f 1797/3764/1797 1817/3812/1817 1785/3736/1785
f 1666/3547/1666 1718/3594/1718 1818/3813/1818
f 1737/3814/1737 1819/3815/1819 1702/3613/1702
f 1702/3613/1702 1819/3815/1819 1775/3718/1775
f 1785/3736/1785 1820/3816/1820 1776/3770/1776
f 1750/3662/1750 1821/3817/1821 1758/3683/1758
f 1786/3739/1786 1821/3818/1821 1750/3737/1750
f 1801/3819/1801 1776/3820/1776 1822/3821/1822
f 1778/3784/1778 1767/3783/1767 1823/3822/1823
f 1823/3822/1823 1824/3823/1824 1778/3784/1778
f 1659/3824/1659 1809/3825/1809 1682/3826/1682
f 1778/3748/1778 1824/3827/1824 1766/3698/1766
f 1648/3447/1648 1675/3587/1675 1813/3806/1813
f 1675/3828/1675 1724/3829/1724 1825/3830/1825
f 1724/3831/1724 1725/3808/1725 1815/3810/1815
f 1796/3763/1796 1717/3591/1717 1826/3832/1826
f 1754/3692/1754 1806/3791/1806 1794/3833/1794
f 1666/3547/1666 1818/3813/1818 1816/3811/1816
f 1735/3629/1735 1679/3515/1679 1827/3834/1827
f 1798/3835/1798 1782/3836/1782 1664/3837/1664
f 1817/3812/1817 1820/3816/1820 1785/3736/1785
f 1806/3838/1806 1755/3795/1755 1758/3794/1758
f 1820/3839/1820 1822/3821/1822 1776/3820/1776
f 1742/3772/1742 1828/3840/1828 1740/3841/1740
f 1777/3721/1777 1829/3842/1829 1744/3722/1744
f 1767/3843/1767 1810/3844/1810 1823/3845/1823
f 1714/3583/1714 1705/3563/1705 1768/3846/1768
f 1692/3601/1692 1762/3690/1762 1693/3533/1693
f 1830/3847/1830 1790/3749/1790 1762/3690/1762
f 1791/3752/1791 1695/3751/1695 1805/3786/1805
f 1831/3848/1831 1752/3668/1752 1770/3707/1770
f 1815/3810/1815 1726/3809/1726 1796/3849/1796
f 1769/3706/1769 1794/3850/1794 1832/3851/1832
f 1795/3852/1795 1676/3708/1676 1716/3853/1716
f 1780/3854/1780 1663/3478/1663 1686/3607/1686
f 1833/3855/1833 1797/3790/1797 1752/3668/1752
f 1833/3856/1833 1817/3812/1817 1797/3764/1797
f 1834/3857/1834 1708/3858/1708 1753/3859/1753
f 1835/3860/1835 1794/3861/1794 1806/3862/1806
f 1827/3834/1827 1679/3515/1679 1799/3863/1799
f 1782/3864/1782 1836/3865/1836 1727/3866/1727
f 1837/3867/1837 1806/3838/1806 1758/3794/1758
f 1807/3792/1807 1799/3768/1799 1681/3504/1681
f 1737/3631/1737 1680/3503/1680 1783/3734/1783
f 1837/3867/1837 1758/3794/1758 1821/3868/1821
f 1808/3869/1808 1749/3870/1749 1719/3871/1719
f 1824/3827/1824 1804/3802/1804 1766/3698/1766
f 1812/3805/1812 1696/3650/1696 1715/3649/1715
f 1812/3872/1812 1814/3873/1814 1696/3874/1696
f 1694/3788/1694 1792/3875/1792 1838/3876/1838
f 1675/3828/1675 1825/3830/1825 1813/3877/1813
f 1632/3588/1632 1793/3754/1793 1839/3878/1839
f 1632/3417/1632 1839/3879/1839 1763/3691/1763
f 1832/3880/1832 1794/3861/1794 1835/3860/1835
f 1753/3859/1753 1840/3881/1840 1834/3857/1834
f 1840/3881/1840 1753/3859/1753 1841/3882/1841
f 1806/3838/1806 1837/3867/1837 1842/3883/1842
f 1738/3884/1738 1843/3885/1843 1748/3886/1748
f 1801/3887/1801 1844/3888/1844 1789/3800/1789
f 1777/3721/1777 1845/3889/1845 1829/3842/1829
f 1823/3822/1823 1810/3890/1810 1846/3891/1846
f 1823/3822/1823 1847/3892/1847 1824/3823/1824
f 1802/3776/1802 1760/3893/1760 1591/3337/1591
f 1714/3583/1714 1768/3846/1768 1848/3894/1848
f 1768/3704/1768 1811/3803/1811 1848/3895/1848
f 1813/3806/1813 1849/3896/1849 1607/3568/1607
f 1694/3788/1694 1838/3876/1838 1779/3727/1779
f 1769/3706/1769 1850/3897/1850 1733/3624/1733
f 1769/3706/1769 1832/3851/1832 1850/3897/1850
f 1752/3668/1752 1831/3848/1831 1833/3855/1833
f 1773/3759/1773 1851/3898/1851 1795/3760/1795
f 1772/3711/1772 1851/3899/1851 1773/3712/1773
f 1806/3838/1806 1842/3883/1842 1835/3900/1835
f 1735/3765/1735 1852/3901/1852 1772/3711/1772
f 1735/3765/1735 1827/3902/1827 1852/3901/1852
f 1783/3734/1783 1819/3903/1819 1737/3631/1737
f 1807/3792/1807 1756/3680/1756 1853/3904/1853
f 1787/3771/1787 1854/3905/1854 1786/3739/1786
f 1756/3680/1756 1739/3636/1739 1855/3906/1855
f 1787/3741/1787 1749/3740/1749 1856/3907/1856
f 1800/3774/1800 1828/3840/1828 1742/3772/1742
f 1844/3888/1844 1810/3801/1810 1789/3800/1789
f 1714/3583/1714 1857/3908/1857 1659/3469/1659
f 1714/3583/1714 1858/3909/1858 1857/3908/1857
f 1760/3910/1760 1761/3689/1761 1620/3688/1620
f 1692/3601/1692 1761/3689/1761 1859/3911/1859
f 1859/3911/1859 1762/3690/1762 1692/3601/1692
f 1661/3512/1661 1771/3912/1771 1780/3728/1780
f 1795/3852/1795 1860/3913/1860 1676/3708/1676
f 1717/3609/1717 1816/3811/1816 1826/3914/1826
f 1748/3658/1748 1861/3915/1861 1808/3796/1808
f 1862/3916/1862 1802/3917/1802 1729/3614/1729
f 1822/3821/1822 1863/3918/1863 1801/3819/1801
f 1739/3636/1739 1740/3640/1740 1855/3906/1855
f 1744/3919/1744 1864/3920/1864 1741/3773/1741
f 1824/3921/1824 1865/3922/1865 1804/3923/1804
f 1809/3924/1809 1659/3925/1659 1857/3926/1857
f 1848/3895/1848 1811/3803/1811 1866/3927/1866
f 1791/3752/1791 1805/3786/1805 1867/3928/1867
f 1779/3755/1779 1868/3929/1868 1793/3754/1793
f 1724/3831/1724 1815/3810/1815 1825/3930/1825
f 1676/3708/1676 1860/3913/1860 1771/3709/1771
f 1796/3849/1796 1826/3931/1826 1869/3932/1869
f 1663/3478/1663 1780/3854/1780 1870/3933/1870
f 1781/3732/1781 1663/3478/1663 1870/3933/1870
f 1708/3934/1708 1871/3935/1871 1687/3936/1687
f 1817/3812/1817 1872/3937/1872 1820/3816/1820
f 1718/3594/1718 1873/3938/1873 1874/3939/1874
f 1837/3867/1837 1821/3868/1821 1875/3940/1875
f 1786/3739/1786 1876/3941/1876 1821/3818/1821
f 1854/3905/1854 1876/3941/1876 1786/3739/1786
f 1808/3942/1808 1856/3907/1856 1749/3740/1749
f 1718/3594/1718 1809/3798/1809 1873/3938/1873
f 1828/3943/1828 1855/3944/1855 1740/3945/1740
f 1801/3887/1801 1877/3946/1877 1844/3888/1844
f 1810/3801/1810 1844/3888/1844 1846/3947/1846
f 1864/3920/1864 1878/3948/1878 1741/3773/1741
f 1846/3891/1846 1847/3892/1847 1823/3822/1823
f 1804/3949/1804 1879/3950/1879 1803/3951/1803
f 1761/3952/1761 1760/3953/1760 1880/3954/1880
f 1848/3894/1848 1858/3909/1858 1714/3583/1714
f 1790/3749/1790 1866/3927/1866 1811/3803/1811
f 1793/3754/1793 1868/3929/1868 1839/3878/1839
f 1763/3955/1763 1841/3882/1841 1753/3859/1753
f 1718/3594/1718 1874/3939/1874 1818/3813/1818
f 1881/3956/1881 1861/3915/1861 1748/3658/1748
f 1843/3885/1843 1882/3957/1882 1748/3886/1748
f 1775/3718/1775 1862/3916/1862 1729/3614/1729
f 1863/3918/1863 1877/3958/1877 1801/3819/1801
f 1846/3891/1846 1883/3959/1883 1847/3892/1847
f 1802/3960/1802 1884/3961/1884 1760/3962/1760
f 1790/3749/1790 1830/3847/1830 1866/3927/1866
f 1607/3568/1607 1849/3896/1849 1885/3963/1885
f 1832/3851/1832 1886/3964/1886 1850/3897/1850
f 1815/3810/1815 1796/3849/1796 1887/3965/1887
f 1780/3728/1780 1771/3912/1771 1888/3966/1888
f 1852/3901/1852 1889/3967/1889 1772/3711/1772
f 1833/3856/1833 1872/3937/1872 1817/3812/1817
f 1836/3865/1836 1783/3968/1783 1727/3866/1727
f 1783/3734/1783 1890/3969/1890 1819/3903/1819
f 1837/3867/1837 1875/3940/1875 1842/3883/1842
f 1764/3694/1764 1891/3970/1891 1774/3717/1774
f 1822/3821/1822 1820/3839/1820 1892/3971/1892
f 1892/3971/1892 1893/3972/1893 1822/3821/1822
f 1876/3941/1876 1875/3973/1875 1821/3818/1821
f 1748/3658/1748 1882/3974/1882 1881/3956/1881
f 1787/3741/1787 1856/3907/1856 1854/3975/1854
f 1844/3976/1844 1883/3959/1883 1846/3891/1846
f 1744/3919/1744 1829/3977/1829 1864/3920/1864
f 1814/3978/1814 1894/3979/1894 1770/3980/1770
f 1825/3830/1825 1895/3981/1895 1813/3877/1813
f 1796/3849/1796 1869/3932/1869 1887/3965/1887
f 1831/3848/1831 1896/3982/1896 1833/3855/1833
f 1876/3941/1876 1854/3905/1854 1897/3983/1897
f 1853/3984/1853 1756/3985/1756 1898/3986/1898
f 1822/3821/1822 1893/3972/1893 1863/3918/1863
f 1756/3985/1756 1855/3987/1855 1898/3986/1898
f 1858/3988/1858 1848/3895/1848 1866/3927/1866
f 1830/3847/1830 1762/3690/1762 1859/3911/1859
f 1805/3989/1805 1607/3568/1607 1885/3963/1885
f 1899/3990/1899 1733/3991/1733 1850/3992/1850
f 1849/3993/1849 1813/3877/1813 1900/3994/1900
f 1894/3979/1894 1901/3995/1901 1770/3980/1770
f 1901/3995/1901 1831/3996/1831 1770/3980/1770
f 1895/3997/1895 1825/3930/1825 1815/3810/1815
f 1902/3998/1902 1831/3996/1831 1901/3995/1901
f 1903/3999/1903 1815/3810/1815 1887/3965/1887
f 1904/4000/1904 1888/3966/1888 1771/3912/1771
f 1905/4001/1905 1771/3709/1771 1860/3913/1860
f 1886/4002/1886 1832/3880/1832 1835/3860/1835
f 1906/4003/1906 1870/4004/1870 1780/4005/1780
f 1907/4006/1907 1795/3760/1795 1851/3898/1851
f 1908/4007/1908 1781/4008/1781 1870/4009/1870
f 1798/3835/1798 1781/4008/1781 1908/4007/1908
f 1851/3899/1851 1772/3711/1772 1889/3967/1889
f 1909/4010/1909 1835/3900/1835 1842/3883/1842
f 1834/3857/1834 1871/4011/1871 1708/3858/1708
f 1892/4012/1892 1820/3816/1820 1872/3937/1872
f 1910/4013/1910 1775/3718/1775 1819/3815/1819
f 1911/4014/1911 1808/4015/1808 1861/4016/1861
f 1912/4017/1912 1855/3944/1855 1828/3943/1828
f 1865/3922/1865 1879/4018/1879 1804/3923/1804
f 1880/3954/1880 1760/3953/1760 1884/4019/1884
f 1812/3872/1812 1733/3991/1733 1899/3990/1899
f 1868/4020/1868 1779/3727/1779 1838/3876/1838
f 1868/3929/1868 1913/4021/1913 1839/3878/1839
f 1905/4001/1905 1904/4022/1904 1771/3709/1771
f 1886/4002/1886 1835/3860/1835 1909/4023/1909
f 1840/3881/1840 1841/3882/1841 1914/4024/1914
f 1799/3863/1799 1915/4025/1915 1827/3834/1827
f 1799/4026/1799 1807/4027/1807 1915/4028/1915
f 1807/4027/1807 1853/4029/1853 1915/4028/1915
f 1875/3973/1875 1876/3941/1876 1916/4030/1916
f 1897/3983/1897 1916/4030/1916 1876/3941/1876
f 1911/4031/1911 1856/3907/1856 1808/3942/1808
f 1917/4032/1917 1854/3975/1854 1856/3907/1856
f 1800/3774/1800 1918/4033/1918 1828/3840/1828
f 1877/4034/1877 1883/3959/1883 1844/3976/1844
f 1803/3777/1803 1845/3889/1845 1777/3721/1777
f 1805/3989/1805 1885/3963/1885 1867/4035/1867
f 1792/3753/1792 1791/3752/1791 1919/4036/1919
f 1792/3875/1792 1920/4037/1920 1838/3876/1838
f 1780/4038/1780 1888/4039/1888 1906/4040/1906
f 1795/3852/1795 1907/4041/1907 1860/3913/1860
f 1852/3901/1852 1921/4042/1921 1889/3967/1889
f 1774/3717/1774 1843/4043/1843 1738/3635/1738
f 1853/3984/1853 1898/3986/1898 1922/4044/1922
f 1824/3921/1824 1847/4045/1847 1865/3922/1865
f 1761/3952/1761 1880/3954/1880 1923/4046/1923
f 1761/3952/1761 1923/4046/1923 1859/4047/1859
f 1813/3877/1813 1924/4048/1924 1900/3994/1900
f 1850/3992/1850 1886/4049/1886 1925/4050/1925
f 1838/4051/1838 1926/4052/1926 1868/3929/1868
f 1831/3996/1831 1902/3998/1902 1896/4053/1896
f 1839/4054/1839 1927/4055/1927 1763/4056/1763
f 1913/4057/1913 1928/4058/1928 1839/4054/1839
f 1906/4059/1906 1908/4007/1908 1870/4009/1870
f 1763/3955/1763 1929/4060/1929 1841/3882/1841
f 1818/3813/1818 1874/3939/1874 1930/4061/1930
f 1827/4062/1827 1931/4063/1931 1852/4064/1852
f 1687/3936/1687 1871/3935/1871 1764/4065/1764
f 1764/4065/1764 1871/3935/1871 1932/4066/1932
f 1842/3883/1842 1875/3940/1875 1933/4067/1933
f 1775/3718/1775 1910/4013/1910 1862/3916/1862
f 1854/3905/1854 1934/4068/1934 1897/3983/1897
f 1856/3907/1856 1911/4031/1911 1917/4032/1917
f 1854/3975/1854 1917/4032/1917 1934/4069/1934
f 1803/3777/1803 1935/4070/1935 1845/3889/1845
f 1741/3773/1741 1878/3948/1878 1800/3774/1800
f 1845/3889/1845 1936/4071/1936 1829/3842/1829
f 1809/4072/1809 1937/4073/1937 1873/4074/1873
f 1857/3926/1857 1937/4075/1937 1809/3924/1809
f 1866/3927/1866 1938/4076/1938 1858/3988/1858
f 1866/3927/1866 1830/3847/1830 1938/4076/1938
f 1895/3981/1895 1924/4048/1924 1813/3877/1813
f 1927/4055/1927 1839/4054/1839 1928/4058/1928
f 1851/3898/1851 1939/4077/1939 1907/4006/1907
f 1841/3882/1841 1929/4060/1929 1940/4078/1940
f 1841/3882/1841 1940/4078/1940 1914/4024/1914
f 1915/4079/1915 1931/4063/1931 1827/4062/1827
f 1861/4016/1861 1941/4080/1941 1911/4014/1911
f 1863/3918/1863 1942/4081/1942 1877/3958/1877
f 1895/3997/1895 1815/3810/1815 1903/3999/1903
f 1851/3899/1851 1889/3967/1889 1939/4082/1939
f 1908/4007/1908 1943/4083/1943 1798/3835/1798
f 1890/4084/1890 1944/4085/1944 1819/3815/1819
f 1819/3815/1819 1944/4085/1944 1910/4013/1910
f 1875/4086/1875 1945/4087/1945 1933/4088/1933
f 1875/4086/1875 1916/4089/1916 1945/4087/1945
f 1861/3915/1861 1881/3956/1881 1946/4090/1946
f 1915/4028/1915 1853/4029/1853 1947/4091/1947
f 1862/4092/1862 1948/4093/1948 1802/3960/1802
f 1893/3972/1893 1942/4081/1942 1863/3918/1863
f 1948/4093/1948 1884/3961/1884 1802/3960/1802
f 1800/3774/1800 1949/4094/1949 1918/4033/1918
f 1828/3943/1828 1918/4095/1918 1912/4017/1912
f 1912/4096/1912 1950/4097/1950 1855/3987/1855
f 1855/3987/1855 1950/4097/1950 1898/3986/1898
f 1879/4098/1879 1935/4099/1935 1803/4100/1803
f 1857/3926/1857 1858/4101/1858 1951/4102/1951
f 1814/3873/1814 1812/3872/1812 1952/4103/1952
f 1900/3994/1900 1953/4104/1953 1849/3993/1849
f 1833/3856/1833 1954/4105/1954 1872/3937/1872
f 1818/3813/1818 1930/4061/1930 1816/3811/1816
f 1940/4078/1940 1955/4106/1955 1914/4024/1914
f 1909/4010/1909 1842/3883/1842 1956/4107/1956
f 1842/3883/1842 1933/4067/1933 1956/4107/1956
f 1764/4065/1764 1932/4066/1932 1891/4108/1891
f 1916/4089/1916 1957/4109/1957 1945/4087/1945
f 1861/4016/1861 1946/4110/1946 1941/4080/1941
f 1843/3885/1843 1958/4111/1958 1882/3957/1882
f 1912/4017/1912 1918/4095/1918 1959/4112/1959
f 1959/4112/1959 1960/4113/1960 1912/4017/1912
f 1935/4070/1935 1961/4114/1961 1845/3889/1845
f 1865/3922/1865 1962/4115/1962 1879/4018/1879
f 1859/3911/1859 1938/4076/1938 1830/3847/1830
f 1812/3872/1812 1899/3990/1899 1952/4103/1952
f 1850/3992/1850 1925/4050/1925 1899/3990/1899
f 1925/4116/1925 1963/4117/1963 1899/4118/1899
f 1792/3753/1792 1919/4036/1919 1920/4119/1920
f 1913/4021/1913 1868/3929/1868 1926/4052/1926
f 1833/4120/1833 1896/4121/1896 1954/4122/1954
f 1826/4123/1826 1964/4124/1964 1869/4125/1869
f 1816/3811/1816 1965/4126/1965 1826/3914/1826
f 1908/4007/1908 1966/4127/1966 1943/4083/1943
f 1816/3811/1816 1930/4061/1930 1965/4126/1965
f 1929/4060/1929 1967/4128/1967 1940/4078/1940
f 1921/4042/1921 1968/4129/1968 1889/3967/1889
f 1798/3835/1798 1943/4083/1943 1782/3836/1782
f 1782/4130/1782 1969/4131/1969 1970/4132/1970
f 1955/4106/1955 1940/4078/1940 1971/4133/1971
f 1852/4064/1852 1931/4063/1931 1921/4134/1921
f 1872/4135/1872 1972/4136/1972 1892/3971/1892
f 1881/3956/1881 1973/4137/1973 1946/4090/1946
f 1892/3971/1892 1942/4081/1942 1893/3972/1893
f 1881/4138/1881 1882/3957/1882 1973/4139/1973
f 1843/4043/1843 1774/3717/1774 1958/4140/1958
f 1974/4141/1974 1883/3959/1883 1877/4034/1877
f 1975/4142/1975 1959/4112/1959 1918/4095/1918
f 1976/4143/1976 1960/4113/1960 1959/4112/1959
f 1974/4141/1974 1977/4144/1977 1883/3959/1883
f 1949/4094/1949 1800/3774/1800 1878/3948/1878
f 1847/3892/1847 1883/3959/1883 1977/4144/1977
f 1936/4145/1936 1864/3920/1864 1829/3977/1829
f 1978/4146/1978 1865/3922/1865 1847/4045/1847
f 1885/4147/1885 1849/4148/1849 1953/4149/1953
f 1979/4150/1979 1838/3876/1838 1920/4037/1920
f 1929/4151/1929 1763/4056/1763 1927/4055/1927
f 1980/4152/1980 1905/4001/1905 1860/3913/1860
f 1981/4153/1981 1906/4154/1906 1888/4155/1888
f 1939/4077/1939 1982/4156/1982 1907/4006/1907
f 1983/4157/1983 1967/4158/1967 1929/4151/1929
f 1967/4128/1967 1971/4133/1971 1940/4078/1940
f 1948/4159/1948 1862/3916/1862 1910/4013/1910
f 1947/4160/1947 1853/3984/1853 1922/4044/1922
f 1942/4161/1942 1974/4162/1974 1877/4163/1877
f 1934/4069/1934 1917/4032/1917 1984/4164/1984
f 1960/4113/1960 1950/4165/1950 1912/4017/1912
f 1985/4166/1985 1880/3954/1880 1884/4019/1884
f 1857/3926/1857 1951/4102/1951 1937/4075/1937
f 1840/3881/1840 1914/4024/1914 1986/4167/1986
f 1906/4059/1906 1966/4127/1966 1908/4007/1908
f 1955/4106/1955 1986/4167/1986 1914/4024/1914
f 1943/4083/1943 1987/4168/1987 1782/3836/1782
f 1782/4169/1782 1987/4170/1987 1969/4171/1969
f 1930/4172/1930 1874/4173/1874 1988/4174/1988
f 1955/4106/1955 1971/4133/1971 1989/4175/1989
f 1971/4133/1971 1990/4176/1990 1989/4175/1989
f 1989/4177/1989 1990/4178/1990 1991/4179/1991
f 1911/4014/1911 1941/4080/1941 1992/4180/1992
f 1993/4181/1993 1994/4182/1994 1976/4183/1976
f 1993/4181/1993 1991/4179/1991 1994/4182/1994
f 1774/3717/1774 1995/4184/1995 1958/4140/1958
f 1942/4161/1942 1996/4185/1996 1974/4162/1974
f 1917/4032/1917 1911/4031/1911 1992/4186/1992
f 1917/4032/1917 1992/4186/1992 1984/4164/1984
f 1873/4074/1873 1997/4187/1997 1874/4173/1874
f 1975/4142/1975 1918/4095/1918 1998/4188/1998
f 1898/3986/1898 1999/4189/1999 1922/4044/1922
f 1873/4074/1873 1937/4073/1937 1997/4187/1997
f 1879/4098/1879 2000/4190/2000 1935/4099/1935
f 1951/4191/1951 1858/3988/1858 1938/4076/1938
f 1867/3928/1867 2001/4192/2001 1791/3752/1791
f 2002/4193/2002 1894/3979/1894 1814/3978/1814
f 1924/4048/1924 2003/4194/2003 1900/3994/1900
f 1895/3997/1895 2004/4195/2004 1924/4196/1924
f 1903/3999/1903 2004/4195/2004 1895/3997/1895
f 1979/4150/1979 1926/4197/1926 1838/3876/1838
f 1902/4198/1902 2005/4199/2005 1896/4200/1896
f 1926/4201/1926 2006/4202/2006 1913/4203/1913
f 1826/4123/1826 1965/4204/1965 1964/4124/1964
f 1834/3857/1834 2007/4205/2007 1871/4011/1871
f 1889/3967/1889 1968/4129/1968 1939/4082/1939
f 1782/3864/1782 1970/4206/1970 1836/3865/1836
f 1971/4133/1971 1967/4128/1967 1990/4176/1990
f 1874/4173/1874 1997/4187/1997 1988/4174/1988
f 1991/4179/1991 1993/4181/1993 1989/4177/1989
f 1910/4207/1910 2008/4208/2008 1948/4093/1948
f 2009/4209/2009 1996/4185/1996 1942/4161/1942
f 1991/4179/1991 1990/4178/1990 1994/4182/1994
f 1959/4112/1959 1975/4142/1975 1976/4143/1976
f 1994/4210/1994 1960/4113/1960 1976/4143/1976
f 1918/4095/1918 1949/4211/1949 1998/4188/1998
f 1960/4212/1960 2010/4213/2010 1950/4214/1950
f 1884/3961/1884 2011/4215/2011 1985/4216/1985
f 1962/4115/1962 2000/4217/2000 1879/4018/1879
f 1859/4047/1859 2012/4218/2012 1938/4219/1938
f 1885/4147/1885 2013/4220/2013 1867/4221/1867
f 1867/4221/1867 2013/4220/2013 2001/4222/2001
f 1791/3752/1791 2001/4192/2001 1919/4036/1919
f 1886/4223/1886 2014/4224/2014 1925/4116/1925
f 1896/4200/1896 2005/4199/2005 1954/4225/1954
f 1886/4223/1886 1909/4226/1909 2014/4224/2014
f 1909/4226/1909 1956/4227/1956 2014/4224/2014
f 1834/3857/1834 1840/3881/1840 2007/4205/2007
f 1860/3913/1860 2015/4228/2015 1980/4152/1980
f 1890/4229/1890 1783/3968/1783 2016/4230/2016
f 1976/4143/1976 1975/4142/1975 1993/4231/1993
f 2017/4232/2017 1960/4212/1960 1994/4182/1994
f 1845/3889/1845 1961/4114/1961 2018/4233/2018
f 1960/4212/1960 2019/4234/2019 2010/4213/2010
f 1845/3889/1845 2018/4233/2018 1936/4071/1936
f 1935/4099/1935 2000/4190/2000 1961/4235/1961
f 1977/4144/1977 2020/4236/2020 1847/3892/1847
f 1936/4145/1936 2021/4237/2021 1864/3920/1864
f 1859/4047/1859 1923/4046/1923 2022/4238/2022
f 1925/4116/1925 2014/4224/2014 1963/4117/1963
f 1924/4239/1924 2004/4240/2004 2023/4241/2023
f 1869/3932/1869 2024/4242/2024 1887/3965/1887
f 1906/4154/1906 1981/4153/1981 1966/4243/1966
f 2007/4244/2007 2025/4245/2025 1871/4246/1871
f 1955/4106/1955 2026/4247/2026 1986/4167/1986
f 1932/4066/1932 2025/4248/2025 2027/4249/2027
f 1871/3935/1871 2025/4248/2025 1932/4066/1932
f 1955/4106/1955 1989/4175/1989 2026/4247/2026
f 1931/4250/1931 2028/4251/2028 1921/4252/1921
f 1967/4253/1967 2029/4254/2029 1990/4178/1990
f 1993/4181/1993 1975/4255/1975 1989/4177/1989
f 1990/4178/1990 2017/4232/2017 1994/4182/1994
f 1934/4069/1934 1984/4164/1984 2030/4256/2030
f 1958/4111/1958 2031/4257/2031 1882/3957/1882
f 1947/4160/1947 1922/4044/1922 2032/4258/2032
f 1884/3961/1884 1948/4093/1948 2011/4215/2011
f 1898/3986/1898 1950/4097/1950 1999/4189/1999
f 1997/4259/1997 1937/4075/1937 2033/4260/2033
f 2018/4233/2018 2021/4261/2021 1936/4071/1936
f 1978/4146/1978 1962/4115/1962 1865/3922/1865
f 1923/4046/1923 1880/3954/1880 2022/4238/2022
f 2006/4202/2006 2034/4262/2034 1913/4203/1913
f 1783/3968/1783 1836/3865/1836 2016/4230/2016
f 2035/4263/2035 2009/4264/2009 1892/3971/1892
f 1967/4265/1967 1983/4266/1983 2029/4267/2029
f 1892/3971/1892 2009/4264/2009 1942/4081/1942
f 1910/4268/1910 1944/4269/1944 2036/4270/2036
f 1990/4178/1990 2029/4254/2029 2017/4232/2017
f 1897/3983/1897 1934/4068/1934 2030/4271/2030
f 1774/4272/1774 1891/4273/1891 1995/4274/1995
f 2037/4275/2037 1977/4144/1977 1974/4141/1974
f 1847/3892/1847 2020/4236/2020 1978/4276/1978
f 1962/4115/1962 2038/4277/2038 2000/4217/2000
f 1814/3873/1814 1952/4103/1952 2002/4278/2002
f 2002/4193/2002 1901/3995/1901 1894/3979/1894
f 1900/3994/1900 2003/4194/2003 1953/4104/1953
f 2007/4205/2007 1840/3881/1840 2039/4279/2039
f 1840/3881/1840 1986/4167/1986 2039/4279/2039
f 1872/4280/1872 1954/4225/1954 1972/4281/1972
f 1943/4282/1943 1966/4283/1966 2040/4284/2040
f 1939/4285/1939 1968/4286/1968 2041/4287/2041
f 1932/4066/1932 2042/4288/2042 1891/4108/1891
f 1915/4079/1915 2043/4289/2043 1931/4063/1931
f 1931/4250/1931 2044/4290/2044 2028/4251/2028
f 2017/4232/2017 2019/4234/2019 1960/4212/1960
f 1998/4188/1998 1949/4211/1949 2045/4291/2045
f 2010/4213/2010 1999/4292/1999 1950/4214/1950
f 1937/4075/1937 1951/4102/1951 2046/4293/2046
f 1859/4047/1859 2022/4238/2022 2012/4218/2012
f 1938/4219/1938 2012/4218/2012 1951/4102/1951
f 1885/4147/1885 1953/4149/1953 2047/4294/2047
f 2002/4295/2002 2048/4296/2048 1901/4297/1901
f 1924/4298/1924 2023/4299/2023 2049/4300/2049
f 2014/4301/2014 1956/4302/1956 2050/4303/2050
f 1929/4151/1929 1927/4055/1927 1983/4157/1983
f 1907/4041/1907 2015/4228/2015 1860/3913/1860
f 1933/4088/1933 1945/4087/1945 1956/4304/1956
f 1982/4156/1982 1939/4077/1939 2051/4305/2051
f 1930/4306/1930 2052/4307/2052 1965/4204/1965
f 1916/4089/1916 1897/4308/1897 1957/4109/1957
f 1921/4252/1921 2028/4251/2028 1968/4309/1968
f 1992/4180/1992 1941/4080/1941 2053/4310/2053
f 2026/4311/2026 1989/4312/1989 2054/4313/2054
f 1989/4312/1989 1975/4314/1975 2054/4313/2054
f 1931/4063/1931 2043/4289/2043 2044/4315/2044
f 1961/4235/1961 2055/4316/2055 2018/4317/2018
f 2056/4318/2056 2010/4213/2010 2019/4234/2019
f 1949/4211/1949 2057/4319/2057 2045/4291/2045
f 2000/4190/2000 2058/4320/2058 1961/4235/1961
f 1899/3990/1899 2059/4321/2059 1952/4103/1952
f 1885/4147/1885 2047/4294/2047 2013/4220/2013
f 2001/4322/2001 2060/4323/2060 1919/4324/1919
f 1903/3999/1903 2061/4325/2061 2004/4195/2004
f 1926/4197/1926 1979/4150/1979 2006/4326/2006
f 1869/4125/1869 1964/4124/1964 2024/4327/2024
f 2006/4202/2006 2062/4328/2062 2034/4262/2034
f 2039/4329/2039 2063/4330/2063 2007/4244/2007
f 2007/4244/2007 2063/4330/2063 2025/4245/2025
f 2015/4331/2015 1907/4006/1907 1982/4156/1982
f 2064/4332/2064 1981/4153/1981 1904/4333/1904
f 1904/4333/1904 1981/4153/1981 1888/4155/1888
f 1905/4334/1905 2064/4332/2064 1904/4333/1904
f 1966/4283/1966 2065/4335/2065 2040/4284/2040
f 1943/4282/1943 2040/4284/2040 1987/4170/1987
f 1973/4336/1973 2066/4337/2066 1946/4110/1946
f 1947/4338/1947 2043/4289/2043 1915/4079/1915
f 1944/4269/1944 2067/4339/2067 2036/4270/2036
f 1910/4268/1910 2036/4270/2036 2008/4340/2008
f 1996/4185/1996 2037/4341/2037 1974/4162/1974
f 1998/4188/1998 2068/4342/2068 1975/4142/1975
f 2032/4343/2032 1922/4344/1922 2069/4345/2069
f 1948/4093/1948 2008/4208/2008 2011/4215/2011
f 2037/4275/2037 2020/4236/2020 1977/4144/1977
f 1985/4216/1985 2011/4215/2011 2070/4346/2070
f 1978/4146/1978 2071/4347/2071 1962/4115/1962
f 1899/4118/1899 1963/4117/1963 2059/4348/2059
f 1924/4298/1924 2049/4300/2049 2003/4349/2003
f 1903/3999/1903 1887/3965/1887 2061/4325/2061
f 1902/4198/1902 2072/4350/2072 2005/4199/2005
f 1927/4055/1927 2073/4351/2073 1983/4157/1983
f 2034/4262/2034 1928/4352/1928 1913/4203/1913
f 1957/4353/1957 2074/4354/2074 1945/4355/1945
f 1836/4356/1836 1970/4132/1970 2075/4357/2075
f 1930/4306/1930 1988/4358/1988 2052/4307/2052
f 1932/4066/1932 2027/4249/2027 2042/4288/2042
f 1941/4080/1941 2076/4359/2076 2053/4310/2053
f 1941/4080/1941 1946/4110/1946 2076/4359/2076
f 2032/4343/2032 2043/4289/2043 1947/4338/1947
f 1975/4142/1975 2068/4342/2068 2054/4360/2054
f 1973/4139/1973 1882/3957/1882 2077/4361/2077
f 1882/3957/1882 2031/4257/2031 2077/4361/2077
f 1999/4189/1999 2069/4362/2069 1922/4044/1922
f 1961/4235/1961 2078/4363/2078 2055/4316/2055
f 2018/4317/2018 2055/4316/2055 2079/4364/2079
f 2020/4365/2020 2071/4347/2071 1978/4146/1978
f 1985/4166/1985 2080/4366/2080 1880/3954/1880
f 1880/3954/1880 2080/4366/2080 2022/4238/2022
f 2013/4220/2013 2081/4367/2081 2001/4222/2001
f 1963/4117/1963 2014/4224/2014 2082/4368/2082
f 1953/4149/1953 2003/4369/2003 2047/4294/2047
f 1920/4037/1920 2083/4370/2083 1979/4150/1979
f 1887/3965/1887 2024/4242/2024 2061/4325/2061
f 1901/4297/1901 2048/4296/2048 1902/4371/1902
f 2050/4303/2050 2082/4372/2082 2014/4301/2014
f 1954/4225/1954 2005/4199/2005 1972/4281/1972
f 1983/4157/1983 2073/4351/2073 2084/4373/2084
f 1892/3971/1892 1972/4136/1972 2035/4263/2035
f 1981/4374/1981 2064/4375/2064 2085/4376/2085
f 1988/4377/1988 2086/4378/2086 2052/4379/2052
f 1983/4157/1983 2087/4380/2087 2029/4381/2029
f 1897/4308/1897 2030/4382/2030 2088/4383/2088
f 1968/4286/1968 2089/4384/2089 2041/4287/2041
f 1968/4309/1968 2028/4251/2028 2089/4385/2089
f 1988/4174/1988 1997/4187/1997 2033/4386/2033
f 1961/4235/1961 2058/4320/2058 2078/4363/2078
f 2018/4317/2018 2079/4364/2079 2021/4387/2021
f 2033/4260/2033 1937/4075/1937 2090/4388/2090
f 2047/4294/2047 2081/4367/2081 2013/4220/2013
f 1920/4119/1920 1919/4036/1919 2083/4389/2083
f 1902/4371/1902 2091/4390/2091 2072/4391/2072
f 2050/4303/2050 1956/4302/1956 2074/4354/2074
f 1945/4355/1945 2074/4354/2074 1956/4302/1956
f 2015/4331/2015 1982/4156/1982 2092/4392/2092
f 1836/3865/1836 2075/4393/2075 2016/4230/2016
f 1939/4077/1939 2093/4394/2093 2051/4305/2051
f 1897/4308/1897 2088/4383/2088 1957/4109/1957
f 1981/4395/1981 2065/4335/2065 1966/4283/1966
f 1992/4396/1992 2094/4397/2094 1984/4398/1984
f 1973/4336/1973 2077/4399/2077 2066/4337/2066
f 2087/4380/2087 2095/4400/2095 2029/4381/2029
f 2029/4254/2029 2095/4401/2095 2017/4232/2017
f 1958/4402/1958 2096/4403/2096 2031/4404/2031
f 1958/4402/1958 1995/4405/1995 2096/4403/2096
f 1949/4211/1949 1878/4406/1878 2057/4319/2057
f 2071/4347/2071 2038/4277/2038 1962/4115/1962
f 1937/4075/1937 2046/4293/2046 2090/4388/2090
f 2021/4407/2021 2097/4408/2097 1864/4409/1864
f 2046/4293/2046 1951/4102/1951 2098/4410/2098
f 1919/4324/1919 2060/4323/2060 2083/4411/2083
f 2099/4412/2099 1890/4229/1890 2016/4230/2016
f 2100/4413/2100 2065/4414/2065 1981/4374/1981
f 1890/4415/1890 2067/4339/2067 1944/4269/1944
f 2009/4416/2009 2101/4417/2101 1996/4418/1996
f 2043/4419/2043 2102/4420/2102 2044/4290/2044
f 1998/4188/1998 2045/4291/2045 2068/4342/2068
f 2103/4421/2103 2020/4422/2020 2037/4341/2037
f 2010/4213/2010 2056/4318/2056 1999/4292/1999
f 2038/4277/2038 2058/4423/2058 2000/4217/2000
f 1864/3920/1864 2104/4424/2104 1878/3948/1878
f 2070/4425/2070 2080/4366/2080 1985/4166/1985
f 2046/4293/2046 2098/4410/2098 2105/4426/2105
f 1951/4102/1951 2012/4218/2012 2098/4410/2098
f 1952/4427/1952 2106/4428/2106 2002/4295/2002
f 2001/4222/2001 2081/4367/2081 2107/4429/2107
f 2001/4222/2001 2107/4429/2107 2060/4430/2060
f 2050/4303/2050 2074/4354/2074 2108/4431/2108
f 1928/4058/1928 2073/4351/2073 1927/4055/1927
f 1983/4157/1983 2084/4373/2084 2087/4380/2087
f 1982/4156/1982 2051/4305/2051 2092/4392/2092
f 1981/4374/1981 2109/4432/2109 2100/4413/2100
f 2040/4284/2040 2110/4433/2110 1987/4170/1987
f 1987/4170/1987 2110/4433/2110 1969/4171/1969
f 2040/4284/2040 2111/4434/2111 2110/4433/2110
f 2065/4335/2065 2111/4434/2111 2040/4284/2040
f 1939/4077/1939 2041/4435/2041 2093/4394/2093
f 2037/4341/2037 1996/4185/1996 2101/4436/2101
f 1891/4437/1891 2042/4438/2042 1995/4405/1995
f 2044/4290/2044 2089/4385/2089 2028/4251/2028
f 2031/4404/2031 2096/4403/2096 2112/4439/2112
f 2017/4232/2017 2095/4401/2095 2019/4234/2019
f 2078/4363/2078 2113/4440/2113 2055/4316/2055
f 2020/4365/2020 2114/4441/2114 2071/4347/2071
f 1878/4442/1878 2104/4443/2104 2057/4444/2057
f 2090/4388/2090 2046/4293/2046 2105/4426/2105
f 2080/4366/2080 2012/4218/2012 2022/4238/2022
f 2002/4295/2002 2115/4445/2115 2048/4296/2048
f 2003/4349/2003 2049/4300/2049 2116/4446/2116
f 2035/4447/2035 2117/4448/2117 2009/4416/2009
f 1905/4449/1905 2118/4450/2118 2064/4451/2064
f 2117/4448/2117 2101/4417/2101 2009/4416/2009
f 2030/4382/2030 2119/4452/2119 2088/4383/2088
f 2094/4397/2094 1992/4396/1992 2053/4453/2053
f 2066/4337/2066 2076/4359/2076 1946/4110/1946
f 2094/4397/2094 2030/4382/2030 1984/4398/1984
f 2068/4454/2068 2045/4455/2045 2120/4456/2120
f 2056/4318/2056 2019/4234/2019 2095/4401/2095
f 2121/4457/2121 2038/4277/2038 2071/4347/2071
f 2106/4428/2106 1952/4427/1952 2059/4458/2059
f 2091/4390/2091 1902/4371/1902 2048/4296/2048
f 2122/4459/2122 2025/4245/2025 2063/4330/2063
f 2123/4460/2123 1972/4281/1972 2005/4199/2005
f 1972/4461/1972 2117/4448/2117 2035/4447/2035
f 2085/4376/2085 2109/4432/2109 1981/4374/1981
f 2043/4289/2043 2032/4343/2032 2124/4462/2124
f 2065/4335/2065 2125/4463/2125 2111/4434/2111
f 1988/4377/1988 2033/4464/2033 2086/4378/2086
f 2089/4385/2089 2044/4290/2044 2126/4465/2126
f 2031/4404/2031 2112/4439/2112 2077/4466/2077
f 2103/4421/2103 2114/4467/2114 2020/4422/2020
f 2127/4468/2127 1999/4292/1999 2056/4318/2056
f 2045/4455/2045 2057/4444/2057 2120/4456/2120
f 2121/4457/2121 2058/4423/2058 2038/4277/2038
f 2098/4410/2098 2012/4218/2012 2080/4366/2080
f 2106/4428/2106 2115/4445/2115 2002/4295/2002
f 2050/4303/2050 2108/4431/2108 2082/4372/2082
f 2091/4390/2091 2128/4469/2128 2072/4391/2072
f 1964/4124/1964 1965/4204/1965 2129/4470/2129
f 1969/4131/1969 2130/4471/2130 1970/4132/1970
f 1980/4472/1980 2118/4450/2118 1905/4449/1905
f 2099/4473/2099 2067/4339/2067 1890/4415/1890
f 2125/4463/2125 2065/4335/2065 2100/4474/2100
f 2036/4475/2036 2067/4476/2067 2131/4477/2131
f 2102/4420/2102 2126/4465/2126 2044/4290/2044
f 2037/4341/2037 2101/4436/2101 2103/4421/2103
f 2011/4478/2011 2008/4479/2008 2132/4480/2132
f 2071/4347/2071 2114/4441/2114 2121/4457/2121
f 1963/4481/1963 2133/4482/2133 2059/4483/2059
f 2082/4484/2082 2133/4482/2133 1963/4481/1963
f 2003/4485/2003 2116/4486/2116 2047/4487/2047
f 2048/4296/2048 2134/4488/2134 2091/4390/2091
f 2039/4329/2039 1986/4489/1986 2135/4490/2135
f 2006/4326/2006 2136/4491/2136 2062/4492/2062
f 2125/4463/2125 2137/4493/2137 2111/4434/2111
f 2042/4438/2042 2138/4494/2138 1995/4405/1995
f 2041/4435/2041 2139/4495/2139 2093/4394/2093
f 2089/4496/2089 2139/4495/2139 2041/4435/2041
f 2095/4400/2095 2140/4497/2140 2056/4498/2056
f 2069/4345/2069 1999/4499/1999 2127/4500/2127
f 2055/4316/2055 2113/4440/2113 2079/4364/2079
f 1864/4409/1864 2097/4408/2097 2104/4443/2104
f 2047/4294/2047 2141/4501/2141 2081/4367/2081
f 1979/4502/1979 2083/4503/2083 2142/4504/2142
f 2049/4300/2049 2143/4505/2143 2116/4446/2116
f 2129/4470/2129 2144/4506/2144 1964/4124/1964
f 1986/4489/1986 2026/4311/2026 2135/4490/2135
f 1928/4352/1928 2034/4262/2034 2145/4507/2145
f 2053/4453/2053 2146/4508/2146 2094/4397/2094
f 2076/4359/2076 2146/4509/2146 2053/4310/2053
f 1969/4131/1969 2110/4510/2110 2130/4471/2130
f 2087/4380/2087 2140/4497/2140 2095/4400/2095
f 2087/4380/2087 2147/4511/2147 2140/4497/2140
f 2051/4305/2051 2093/4394/2093 2148/4512/2148
f 2089/4513/2089 2126/4514/2126 2139/4515/2139
f 2112/4439/2112 2149/4516/2149 2077/4466/2077
f 2033/4464/2033 2090/4517/2090 2150/4518/2150
f 2011/4478/2011 2132/4480/2132 2070/4519/2070
f 2151/4520/2151 2080/4366/2080 2070/4425/2070
f 2047/4487/2047 2116/4486/2116 2141/4521/2141
f 2023/4299/2023 2152/4522/2152 2049/4300/2049
f 1964/4124/1964 2144/4506/2144 2024/4327/2024
f 2005/4199/2005 2072/4350/2072 2123/4460/2123
f 1957/4353/1957 2153/4523/2153 2074/4354/2074
f 2122/4459/2122 2154/4524/2154 2025/4245/2025
f 1957/4525/1957 2088/4526/2088 2153/4527/2153
f 2084/4373/2084 2147/4511/2147 2087/4380/2087
f 1972/4461/1972 2155/4528/2155 2117/4448/2117
f 2030/4382/2030 2094/4397/2094 2119/4452/2119
f 2101/4417/2101 2117/4448/2117 2156/4529/2156
f 2051/4530/2051 2148/4531/2148 2092/4532/2092
f 2042/4438/2042 2027/4533/2027 2138/4494/2138
f 2064/4375/2064 2118/4534/2118 2085/4376/2085
f 2056/4498/2056 2140/4497/2140 2127/4535/2127
f 2151/4520/2151 2098/4410/2098 2080/4366/2080
f 2141/4521/2141 2107/4536/2107 2081/4537/2081
f 2039/4329/2039 2135/4490/2135 2063/4330/2063
f 2072/4538/2072 2157/4539/2157 2123/4540/2123
f 2142/4541/2142 2006/4326/2006 1979/4150/1979
f 1965/4204/1965 2052/4307/2052 2129/4470/2129
f 1972/4461/1972 2123/4542/2123 2155/4528/2155
f 1928/4352/1928 2145/4507/2145 2073/4543/2073
f 2025/4544/2025 2154/4545/2154 2027/4533/2027
f 2054/4313/2054 2158/4546/2158 2026/4311/2026
f 2032/4343/2032 2069/4345/2069 2124/4462/2124
f 2111/4434/2111 2159/4547/2159 2110/4433/2110
f 2156/4529/2156 2160/4548/2160 2101/4417/2101
f 2101/4436/2101 2160/4549/2160 2103/4421/2103
f 2086/4378/2086 2033/4464/2033 2150/4518/2150
f 2069/4345/2069 2127/4500/2127 2161/4550/2161
f 2103/4421/2103 2162/4551/2162 2114/4467/2114
f 2114/4467/2114 2163/4552/2163 2121/4553/2121
f 2058/4320/2058 2164/4554/2164 2078/4363/2078
f 2057/4444/2057 2104/4443/2104 2165/4555/2165
f 2097/4408/2097 2166/4556/2166 2104/4443/2104
f 2059/4483/2059 2133/4482/2133 2167/4557/2167
f 2072/4538/2072 2128/4558/2128 2157/4539/2157
f 2006/4326/2006 2142/4541/2142 2168/4559/2168
f 2016/4560/2016 2075/4561/2075 2099/4562/2099
f 2075/4357/2075 1970/4132/1970 2169/4563/2169
f 2117/4448/2117 2155/4528/2155 2156/4529/2156
f 2170/4564/2170 2043/4289/2043 2124/4462/2124
f 2092/4532/2092 2171/4565/2171 2015/4566/2015
f 2043/4419/2043 2170/4567/2170 2102/4420/2102
f 2077/4568/2077 2172/4569/2172 2066/4570/2066
f 2068/4454/2068 2120/4456/2120 2054/4571/2054
f 2140/4497/2140 2161/4572/2161 2127/4535/2127
f 2078/4363/2078 2173/4573/2173 2113/4440/2113
f 2058/4320/2058 2121/4574/2121 2164/4554/2164
f 2078/4363/2078 2164/4554/2164 2173/4573/2173
f 2057/4444/2057 2174/4575/2174 2120/4456/2120
f 2105/4426/2105 2098/4410/2098 2151/4520/2151
f 2021/4576/2021 2175/4577/2175 2097/4578/2097
f 2059/4483/2059 2167/4557/2167 2106/4579/2106
f 2004/4240/2004 2152/4580/2152 2023/4241/2023
f 2108/4431/2108 2074/4354/2074 2176/4581/2176
f 2107/4536/2107 2141/4521/2141 2177/4582/2177
f 2134/4488/2134 2178/4583/2178 2091/4390/2091
f 2122/4459/2122 2179/4584/2179 2154/4524/2154
f 2006/4326/2006 2168/4559/2168 2136/4491/2136
f 2119/4452/2119 2094/4397/2094 2180/4585/2180
f 2181/4586/2181 2100/4413/2100 2109/4432/2109
f 2182/4587/2182 2130/4471/2130 2110/4510/2110
f 2092/4532/2092 2148/4531/2148 2171/4565/2171
f 2181/4586/2181 2125/4588/2125 2100/4413/2100
f 2159/4547/2159 2111/4434/2111 2137/4493/2137
f 2124/4462/2124 2069/4345/2069 2161/4550/2161
f 2183/4589/2183 1995/4405/1995 2138/4494/2138
f 2160/4549/2160 2162/4551/2162 2103/4421/2103
f 2036/4475/2036 2132/4480/2132 2008/4479/2008
f 2184/4590/2184 2149/4591/2149 2112/4592/2112
f 2151/4593/2151 2070/4519/2070 2132/4480/2132
f 2174/4575/2174 2057/4444/2057 2165/4555/2165
f 2185/4594/2185 2122/4459/2122 2063/4330/2063
f 2185/4594/2185 2063/4330/2063 2135/4490/2135
f 2176/4595/2176 2074/4596/2074 2186/4597/2186
f 2187/4598/2187 2116/4486/2116 2143/4599/2143
f 2060/4600/2060 2107/4536/2107 2177/4582/2177
f 2135/4490/2135 2026/4311/2026 2188/4601/2188
f 2189/4602/2189 2084/4373/2084 2073/4351/2073
f 1980/4603/1980 2015/4566/2015 2190/4604/2190
f 2161/4572/2161 2140/4497/2140 2147/4511/2147
f 2183/4589/2183 2096/4403/2096 1995/4405/1995
f 2139/4605/2139 2191/4606/2191 2093/4607/2093
f 2093/4607/2093 2191/4606/2191 2148/4608/2148
f 2096/4403/2096 2184/4609/2184 2112/4439/2112
f 2090/4517/2090 2105/4610/2105 2192/4611/2192
f 2173/4573/2173 2193/4612/2193 2113/4440/2113
f 2194/4613/2194 2079/4614/2079 2113/4615/2113
f 2104/4443/2104 2166/4556/2166 2165/4555/2165
f 2048/4296/2048 2195/4616/2195 2134/4488/2134
f 2134/4617/2134 2195/4618/2195 2178/4619/2178
f 2060/4323/2060 2196/4620/2196 2083/4411/2083
f 2141/4521/2141 2116/4486/2116 2187/4598/2187
f 2141/4521/2141 2187/4598/2187 2177/4582/2177
f 2094/4397/2094 2146/4508/2146 2180/4585/2180
f 2062/4328/2062 2145/4507/2145 2034/4262/2034
f 2110/4433/2110 2159/4547/2159 2182/4621/2182
f 2171/4565/2171 2190/4604/2190 2015/4566/2015
f 2102/4420/2102 2197/4622/2197 2126/4465/2126
f 2077/4568/2077 2149/4591/2149 2172/4569/2172
f 2148/4531/2148 2191/4623/2191 2171/4565/2171
f 2163/4552/2163 2198/4624/2198 2121/4553/2121
f 2021/4576/2021 2079/4614/2079 2194/4613/2194
f 2021/4576/2021 2194/4613/2194 2175/4577/2175
f 2061/4625/2061 2199/4626/2199 2004/4240/2004
f 2024/4627/2024 2199/4626/2199 2061/4625/2061
f 2049/4300/2049 2200/4628/2200 2143/4505/2143
f 2074/4596/2074 2153/4629/2153 2186/4597/2186
f 2201/4630/2201 2168/4631/2168 2142/4632/2142
f 2189/4633/2189 2073/4543/2073 2202/4634/2202
f 2073/4543/2073 2145/4507/2145 2202/4634/2202
f 2147/4511/2147 2170/4635/2170 2161/4572/2161
f 2146/4509/2146 2076/4359/2076 2203/4636/2203
f 2027/4533/2027 2154/4545/2154 2138/4494/2138
f 2124/4462/2124 2161/4550/2161 2170/4564/2170
f 1970/4132/1970 2130/4471/2130 2169/4563/2169
f 2156/4529/2156 2204/4637/2204 2160/4548/2160
f 2170/4567/2170 2197/4622/2197 2102/4420/2102
f 2137/4493/2137 2205/4638/2205 2159/4547/2159
f 2162/4551/2162 2163/4552/2163 2114/4467/2114
f 2126/4514/2126 2197/4639/2197 2206/4640/2206
f 2150/4518/2150 2090/4517/2090 2192/4611/2192
f 2132/4480/2132 2207/4641/2207 2151/4593/2151
f 2193/4642/2193 2194/4613/2194 2113/4615/2113
f 2152/4522/2152 2200/4628/2200 2049/4300/2049
f 2119/4452/2119 2153/4643/2153 2088/4383/2088
f 2153/4643/2153 2119/4452/2119 2180/4585/2180
f 2026/4311/2026 2158/4546/2158 2188/4601/2188
f 2180/4585/2180 2146/4508/2146 2208/4644/2208
f 2084/4373/2084 2189/4602/2189 2147/4511/2147
f 2147/4511/2147 2189/4602/2189 2170/4635/2170
f 2189/4633/2189 2209/4645/2209 2170/4646/2170
f 2156/4529/2156 2210/4647/2210 2204/4637/2204
f 2109/4432/2109 2085/4376/2085 2211/4648/2211
f 2181/4586/2181 2109/4432/2109 2212/4649/2212
f 2125/4463/2125 2181/4650/2181 2137/4493/2137
f 2206/4651/2206 2213/4652/2213 2139/4653/2139
f 2206/4640/2206 2139/4515/2139 2126/4514/2126
f 2214/4654/2214 2121/4574/2121 2198/4655/2198
f 2214/4654/2214 2164/4554/2164 2121/4574/2121
f 2192/4611/2192 2105/4610/2105 2207/4641/2207
f 2207/4641/2207 2105/4610/2105 2151/4593/2151
f 2133/4656/2133 2082/4372/2082 2108/4431/2108
f 2083/4411/2083 2196/4620/2196 2215/4657/2215
f 2216/4658/2216 2187/4598/2187 2143/4599/2143
f 2142/4504/2142 2083/4503/2083 2215/4659/2215
f 2217/4660/2217 2177/4582/2177 2187/4598/2187
f 2210/4647/2210 2156/4529/2156 2155/4528/2155
f 2208/4661/2208 2146/4509/2146 2203/4636/2203
f 2203/4636/2203 2076/4359/2076 2066/4337/2066
f 2203/4636/2203 2066/4337/2066 2218/4662/2218
f 2209/4645/2209 2197/4663/2197 2170/4646/2170
f 2120/4664/2120 2158/4546/2158 2054/4313/2054
f 2219/4665/2219 2205/4666/2205 2137/4667/2137
f 2206/4640/2206 2197/4639/2197 2220/4668/2220
f 2149/4591/2149 2184/4590/2184 2221/4669/2221
f 2115/4670/2115 2195/4671/2195 2048/4672/2048
f 2024/4673/2024 2144/4674/2144 2222/4675/2222
f 2135/4490/2135 2223/4676/2223 2185/4594/2185
f 2178/4619/2178 2128/4677/2128 2091/4678/2091
f 2177/4582/2177 2196/4679/2196 2060/4600/2060
f 2177/4582/2177 2217/4660/2217 2196/4679/2196
f 2202/4680/2202 2145/4681/2145 2224/4682/2224
f 2201/4630/2201 2225/4683/2225 2168/4631/2168
f 2136/4684/2136 2226/4685/2226 2062/4686/2062
f 2136/4684/2136 2168/4687/2168 2226/4685/2226
f 2182/4587/2182 2159/4688/2159 2227/4689/2227
f 2086/4378/2086 2150/4518/2150 2228/4690/2228
f 2118/4534/2118 2229/4691/2229 2085/4376/2085
f 2230/4692/2230 2190/4604/2190 2171/4565/2171
f 2228/4690/2228 2150/4518/2150 2192/4611/2192
f 2171/4565/2171 2231/4693/2231 2230/4692/2230
f 2171/4694/2171 2191/4695/2191 2231/4696/2231
f 2108/4431/2108 2176/4581/2176 2133/4656/2133
f 2200/4697/2200 2232/4698/2232 2233/4699/2233
f 2128/4558/2128 2234/4700/2234 2157/4539/2157
f 2187/4598/2187 2216/4658/2216 2217/4660/2217
f 2143/4701/2143 2235/4702/2235 2216/4703/2216
f 2143/4701/2143 2200/4697/2200 2235/4702/2235
f 2129/4704/2129 2236/4705/2236 2144/4706/2144
f 2157/4539/2157 2237/4707/2237 2123/4540/2123
f 2179/4708/2179 2238/4709/2238 2154/4545/2154
f 2202/4634/2202 2209/4645/2209 2189/4633/2189
f 2052/4379/2052 2086/4378/2086 2239/4710/2239
f 2159/4688/2159 2205/4711/2205 2227/4689/2227
f 2229/4691/2229 2211/4648/2211 2085/4376/2085
f 2137/4493/2137 2181/4650/2181 2219/4712/2219
f 2118/4450/2118 2240/4713/2240 2229/4714/2229
f 2149/4591/2149 2241/4715/2241 2172/4569/2172
f 2036/4475/2036 2242/4716/2242 2132/4480/2132
f 2242/4716/2242 2207/4641/2207 2132/4480/2132
f 2164/4554/2164 2193/4612/2193 2173/4573/2173
f 2139/4605/2139 2213/4717/2213 2191/4606/2191
f 2133/4482/2133 2243/4718/2243 2167/4557/2167
f 2152/4719/2152 2232/4720/2232 2200/4721/2200
f 2122/4459/2122 2244/4722/2244 2179/4584/2179
f 2179/4584/2179 2244/4722/2244 2238/4723/2238
f 2123/4540/2123 2237/4707/2237 2155/4724/2155
f 2180/4585/2180 2208/4644/2208 2245/4725/2245
f 2052/4379/2052 2239/4710/2239 2246/4726/2246
f 2099/4727/2099 2075/4728/2075 2247/4729/2247
f 2062/4730/2062 2226/4731/2226 2145/4681/2145
f 2130/4471/2130 2182/4587/2182 2169/4563/2169
f 2168/4687/2168 2225/4732/2225 2226/4685/2226
f 2211/4648/2211 2212/4649/2212 2109/4432/2109
f 2067/4476/2067 2248/4733/2248 2131/4477/2131
f 2086/4378/2086 2228/4690/2228 2239/4710/2239
f 2249/4734/2249 2096/4403/2096 2183/4589/2183
f 2213/4735/2213 2250/4736/2250 2191/4695/2191
f 2024/4673/2024 2222/4675/2222 2199/4737/2199
f 2178/4619/2178 2251/4738/2251 2128/4677/2128
f 2157/4539/2157 2252/4739/2252 2237/4707/2237
f 2180/4740/2180 2253/4741/2253 2153/4629/2153
f 2180/4740/2180 2245/4742/2245 2253/4741/2253
f 2254/4743/2254 2142/4504/2142 2215/4659/2215
f 2208/4744/2208 2203/4745/2203 2255/4746/2255
f 2256/4747/2256 2209/4645/2209 2202/4634/2202
f 2202/4680/2202 2224/4682/2224 2256/4748/2256
f 2218/4749/2218 2066/4570/2066 2172/4569/2172
f 2256/4748/2256 2197/4639/2197 2209/4750/2209
f 2257/4751/2257 2219/4665/2219 2181/4752/2181
f 2258/4753/2258 2205/4666/2205 2219/4665/2219
f 2160/4549/2160 2259/4754/2259 2162/4551/2162
f 2259/4754/2259 2163/4552/2163 2162/4551/2162
f 2259/4754/2259 2198/4624/2198 2163/4552/2163
f 1980/4472/1980 2240/4713/2240 2118/4450/2118
f 2131/4477/2131 2242/4716/2242 2036/4475/2036
f 2260/4755/2260 2214/4756/2214 2198/4757/2198
f 2184/4609/2184 2096/4403/2096 2249/4734/2249
f 2261/4758/2261 2165/4555/2165 2166/4556/2166
f 2262/4759/2262 2097/4578/2097 2175/4577/2175
f 2244/4722/2244 2122/4459/2122 2185/4594/2185
f 2235/4702/2235 2200/4697/2200 2263/4760/2263
f 2264/4761/2264 2196/4762/2196 2217/4763/2217
f 2052/4379/2052 2246/4726/2246 2129/4704/2129
f 2142/4504/2142 2254/4743/2254 2201/4764/2201
f 2238/4709/2238 2138/4494/2138 2154/4545/2154
f 2197/4639/2197 2256/4748/2256 2220/4668/2220
f 1980/4472/1980 2190/4765/2190 2240/4713/2240
f 2192/4611/2192 2207/4641/2207 2242/4716/2242
f 2265/4766/2265 2213/4652/2213 2206/4651/2206
f 2115/4670/2115 2266/4767/2266 2195/4671/2195
f 2263/4760/2263 2200/4697/2200 2233/4699/2233
f 2135/4490/2135 2188/4601/2188 2223/4676/2223
f 2099/4473/2099 2248/4768/2248 2067/4339/2067
f 2226/4731/2226 2224/4682/2224 2145/4681/2145
f 2201/4769/2201 2267/4770/2267 2225/4771/2225
f 2205/4772/2205 2268/4773/2268 2227/4774/2227
f 2164/4554/2164 2214/4654/2214 2193/4612/2193
f 2191/4695/2191 2250/4736/2250 2231/4696/2231
f 2166/4775/2166 2097/4578/2097 2261/4776/2261
f 2223/4676/2223 2269/4777/2269 2185/4594/2185
f 2199/4626/2199 2152/4580/2152 2004/4240/2004
f 2195/4618/2195 2251/4738/2251 2178/4619/2178
f 2128/4677/2128 2251/4738/2251 2234/4778/2234
f 2153/4629/2153 2253/4741/2253 2186/4597/2186
f 2203/4745/2203 2218/4779/2218 2255/4746/2255
f 2182/4587/2182 2227/4689/2227 2169/4563/2169
f 2172/4780/2172 2270/4781/2270 2218/4782/2218
f 2181/4783/2181 2212/4784/2212 2257/4785/2257
f 2138/4494/2138 2271/4786/2271 2183/4589/2183
f 2172/4780/2172 2241/4787/2241 2272/4788/2272
f 2206/4640/2206 2220/4668/2220 2273/4789/2273
f 2193/4642/2193 2214/4790/2214 2274/4791/2274
f 2149/4591/2149 2221/4669/2221 2241/4715/2241
f 2206/4651/2206 2273/4792/2273 2265/4766/2265
f 2175/4577/2175 2194/4613/2194 2275/4793/2275
f 2275/4793/2275 2262/4759/2262 2175/4577/2175
f 2261/4776/2261 2097/4578/2097 2262/4759/2262
f 2106/4579/2106 2167/4557/2167 2276/4794/2276
f 2115/4795/2115 2106/4579/2106 2276/4794/2276
f 2115/4796/2115 2276/4797/2276 2266/4798/2266
f 2235/4799/2235 2277/4800/2277 2216/4801/2216
f 2129/4704/2129 2246/4726/2246 2236/4705/2236
f 2196/4620/2196 2278/4802/2278 2215/4657/2215
f 2254/4743/2254 2267/4803/2267 2201/4764/2201
f 2224/4682/2224 2226/4731/2226 2279/4804/2279
f 2224/4682/2224 2280/4805/2280 2256/4748/2256
f 2279/4804/2279 2280/4805/2280 2224/4682/2224
f 2280/4805/2280 2220/4668/2220 2256/4748/2256
f 2172/4780/2172 2272/4788/2272 2270/4781/2270
f 2190/4765/2190 2230/4806/2230 2240/4713/2240
f 2274/4791/2274 2194/4613/2194 2193/4642/2193
f 2165/4555/2165 2261/4758/2261 2281/4807/2281
f 2233/4808/2233 2232/4809/2232 2282/4810/2282
f 2251/4738/2251 2283/4811/2283 2234/4778/2234
f 2245/4725/2245 2208/4644/2208 2284/4812/2284
f 2144/4813/2144 2236/4814/2236 2285/4815/2285
f 2227/4774/2227 2268/4773/2268 2286/4816/2286
f 2248/4817/2248 2287/4818/2287 2131/4819/2131
f 2183/4589/2183 2271/4786/2271 2249/4734/2249
f 2211/4820/2211 2229/4821/2229 2288/4822/2288
f 2192/4611/2192 2242/4716/2242 2228/4690/2228
f 2131/4477/2131 2289/4823/2289 2242/4716/2242
f 2221/4669/2221 2184/4590/2184 2290/4824/2290
f 2231/4696/2231 2291/4825/2291 2230/4826/2230
f 2263/4760/2263 2233/4699/2233 2292/4827/2292
f 2185/4594/2185 2269/4777/2269 2244/4722/2244
f 2195/4618/2195 2283/4811/2283 2251/4738/2251
f 2152/4719/2152 2293/4828/2293 2232/4720/2232
f 2157/4539/2157 2234/4700/2234 2252/4739/2252
f 2196/4620/2196 2264/4829/2264 2278/4802/2278
f 2169/4830/2169 2294/4831/2294 2075/4832/2075
f 2247/4833/2247 2248/4834/2248 2099/4835/2099
f 2120/4664/2120 2295/4836/2295 2158/4546/2158
f 2227/4774/2227 2294/4831/2294 2169/4830/2169
f 2239/4710/2239 2296/4837/2296 2246/4726/2246
f 2204/4838/2204 2297/4839/2297 2160/4840/2160
f 2138/4494/2138 2238/4709/2238 2271/4786/2271
f 2205/4666/2205 2258/4753/2258 2268/4841/2268
f 2298/4842/2298 2198/4624/2198 2259/4754/2259
f 2298/4842/2298 2260/4843/2260 2198/4624/2198
f 2225/4732/2225 2279/4844/2279 2226/4685/2226
f 2242/4716/2242 2289/4823/2289 2228/4690/2228
f 2280/4805/2280 2273/4789/2273 2220/4668/2220
f 2267/4770/2267 2299/4845/2299 2225/4771/2225
f 2217/4763/2217 2216/4801/2216 2277/4800/2277
f 2155/4846/2155 2237/4847/2237 2210/4848/2210
f 2218/4779/2218 2300/4849/2300 2255/4746/2255
f 2075/4728/2075 2294/4850/2294 2247/4729/2247
f 2297/4839/2297 2301/4851/2301 2160/4840/2160
f 2257/4751/2257 2302/4852/2302 2219/4665/2219
f 2296/4837/2296 2239/4710/2239 2228/4690/2228
f 2229/4821/2229 2303/4853/2303 2288/4822/2288
f 2240/4854/2240 2303/4855/2303 2229/4856/2229
f 2249/4857/2249 2290/4824/2290 2184/4590/2184
f 2230/4858/2230 2304/4859/2304 2305/4860/2305
f 2240/4861/2240 2230/4858/2230 2305/4860/2305
f 2230/4858/2230 2291/4862/2291 2304/4859/2304
f 2250/4736/2250 2213/4735/2213 2306/4863/2306
f 2231/4696/2231 2250/4736/2250 2291/4825/2291
f 2263/4760/2263 2277/4864/2277 2235/4702/2235
f 2152/4719/2152 2199/4865/2199 2293/4828/2293
f 2244/4866/2244 2307/4867/2307 2238/4868/2238
f 2158/4546/2158 2295/4836/2295 2188/4601/2188
f 2264/4829/2264 2308/4869/2308 2278/4802/2278
f 2210/4647/2210 2297/4870/2297 2204/4637/2204
f 2219/4665/2219 2309/4871/2309 2258/4753/2258
f 2258/4872/2258 2310/4873/2310 2268/4773/2268
f 2301/4851/2301 2259/4874/2259 2160/4840/2160
f 2273/4792/2273 2311/4875/2311 2265/4766/2265
f 2311/4875/2311 2312/4876/2312 2265/4766/2265
f 2213/4652/2213 2265/4766/2265 2306/4877/2306
f 2222/4878/2222 2144/4813/2144 2285/4815/2285
f 2208/4744/2208 2255/4746/2255 2284/4879/2284
f 2254/4880/2254 2215/4657/2215 2313/4881/2313
f 2314/4882/2314 2274/4883/2274 2214/4756/2214
f 2290/4884/2290 2249/4885/2249 2315/4886/2315
f 2277/4864/2277 2263/4760/2263 2316/4887/2316
f 2266/4798/2266 2276/4797/2276 2317/4888/2317
f 2266/4798/2266 2283/4811/2283 2195/4618/2195
f 2300/4849/2300 2218/4779/2218 2270/4889/2270
f 2313/4881/2313 2215/4657/2215 2278/4802/2278
f 2301/4851/2301 2298/4890/2298 2259/4874/2259
f 2120/4891/2120 2318/4892/2318 2295/4893/2295
f 2260/4755/2260 2314/4882/2314 2214/4756/2214
f 2313/4894/2313 2267/4895/2267 2254/4896/2254
f 2314/4882/2314 2319/4897/2319 2274/4883/2274
f 2225/4732/2225 2299/4898/2299 2279/4844/2279
f 2267/4899/2267 2320/4900/2320 2299/4901/2299
f 2274/4902/2274 2321/4903/2321 2194/4904/2194
f 2174/4575/2174 2165/4555/2165 2281/4807/2281
f 2322/4905/2322 2281/4906/2281 2261/4907/2261
f 2133/4908/2133 2176/4909/2176 2323/4910/2323
f 2176/4595/2176 2186/4597/2186 2324/4911/2324
f 2222/4675/2222 2325/4912/2325 2199/4737/2199
f 2324/4911/2324 2186/4597/2186 2253/4741/2253
f 2223/4913/2223 2188/4914/2188 2326/4915/2326
f 2246/4916/2246 2296/4917/2296 2236/4814/2236
f 2237/4847/2237 2327/4918/2327 2210/4848/2210
f 2278/4919/2278 2308/4920/2308 2328/4921/2328
f 2219/4665/2219 2302/4852/2302 2309/4871/2309
f 2257/4751/2257 2329/4922/2329 2302/4852/2302
f 2257/4785/2257 2330/4923/2330 2331/4924/2331
f 2296/4837/2296 2228/4690/2228 2289/4823/2289
f 2272/4788/2272 2332/4925/2332 2270/4781/2270
f 2333/4926/2333 2289/4927/2289 2287/4928/2287
f 2287/4929/2287 2289/4823/2289 2131/4477/2131
f 2313/4894/2313 2334/4930/2334 2267/4895/2267
f 2280/4931/2280 2279/4844/2279 2311/4932/2311
f 2279/4844/2279 2335/4933/2335 2311/4932/2311
f 2265/4766/2265 2312/4876/2312 2336/4934/2336
f 2194/4904/2194 2321/4903/2321 2275/4935/2275
f 2265/4936/2265 2336/4937/2336 2306/4938/2306
f 2233/4699/2233 2282/4939/2282 2292/4827/2292
f 2284/4940/2284 2337/4941/2337 2245/4742/2245
f 2269/4942/2269 2223/4913/2223 2326/4915/2326
f 2283/4811/2283 2338/4943/2338 2234/4778/2234
f 2217/4763/2217 2339/4944/2339 2264/4761/2264
f 2188/4914/2188 2295/4893/2295 2326/4915/2326
f 2210/4945/2210 2327/4946/2327 2297/4839/2297
f 2294/4850/2294 2340/4947/2340 2247/4729/2247
f 2248/4834/2248 2247/4833/2247 2341/4948/2341
f 2278/4949/2278 2328/4950/2328 2313/4894/2313
f 2257/4785/2257 2331/4924/2331 2329/4951/2329
f 2227/4774/2227 2286/4816/2286 2294/4831/2294
f 2211/4820/2211 2330/4923/2330 2212/4784/2212
f 2212/4784/2212 2330/4923/2330 2257/4785/2257
f 2271/4952/2271 2315/4886/2315 2249/4885/2249
f 2174/4575/2174 2318/4953/2318 2120/4456/2120
f 2274/4883/2274 2319/4897/2319 2321/4954/2321
f 2280/4805/2280 2311/4955/2311 2273/4789/2273
f 2291/4862/2291 2342/4956/2342 2304/4859/2304
f 2245/4742/2245 2337/4941/2337 2253/4741/2253
f 2317/4888/2317 2283/4811/2283 2266/4798/2266
f 2244/4866/2244 2269/4942/2269 2307/4867/2307
f 2238/4709/2238 2307/4957/2307 2271/4786/2271
f 2343/4958/2343 2298/4890/2298 2301/4851/2301
f 2296/4917/2296 2289/4927/2289 2333/4926/2333
f 2290/4884/2290 2315/4886/2315 2344/4959/2344
f 2221/4669/2221 2290/4824/2290 2241/4715/2241
f 2311/4875/2311 2335/4960/2335 2312/4876/2312
f 2279/4844/2279 2299/4898/2299 2335/4933/2335
f 2199/4961/2199 2325/4962/2325 2293/4963/2293
f 2237/4847/2237 2345/4964/2345 2327/4918/2327
f 2258/4753/2258 2309/4871/2309 2310/4965/2310
f 2294/4850/2294 2286/4966/2286 2340/4947/2340
f 2346/4967/2346 2315/4968/2315 2271/4969/2271
f 2295/4893/2295 2318/4892/2318 2347/4970/2347
f 2241/4787/2241 2290/4884/2290 2272/4788/2272
f 2334/4930/2334 2348/4971/2348 2267/4895/2267
f 2305/4860/2305 2303/4972/2303 2240/4861/2240
f 2305/4860/2305 2349/4973/2349 2303/4972/2303
f 2250/4736/2250 2350/4974/2350 2291/4825/2291
f 2176/4975/2176 2351/4976/2351 2323/4977/2323
f 2277/4800/2277 2339/4944/2339 2217/4763/2217
f 2277/4800/2277 2316/4978/2316 2339/4944/2339
f 2296/4917/2296 2352/4979/2352 2236/4814/2236
f 2297/4839/2297 2327/4946/2327 2301/4851/2301
f 2309/4871/2309 2302/4852/2302 2353/4980/2353
f 2271/4981/2271 2307/4867/2307 2346/4982/2346
f 2354/4983/2354 2341/4984/2341 2247/4729/2247
f 2332/4925/2332 2355/4985/2355 2270/4781/2270
f 2328/4950/2328 2334/4930/2334 2313/4894/2313
f 2335/4986/2335 2356/4987/2356 2312/4988/2312
f 2336/4937/2336 2312/4988/2312 2356/4987/2356
f 2321/4903/2321 2357/4989/2357 2275/4935/2275
f 2262/4990/2262 2357/4989/2357 2358/4991/2358
f 2262/4759/2262 2358/4992/2358 2261/4776/2261
f 2316/4993/2316 2263/4994/2263 2359/4995/2359
f 2167/4996/2167 2243/4997/2243 2360/4998/2360
f 2176/4595/2176 2324/4911/2324 2351/4999/2351
f 2337/4941/2337 2361/5000/2361 2253/4741/2253
f 2253/4741/2253 2361/5000/2361 2324/4911/2324
f 2283/5001/2283 2317/5002/2317 2338/5003/2338
f 2255/4746/2255 2300/4849/2300 2362/5004/2362
f 2295/4893/2295 2347/4970/2347 2326/4915/2326
f 2300/4849/2300 2270/4889/2270 2355/5005/2355
f 2298/5006/2298 2363/5007/2363 2260/4755/2260
f 2290/4884/2290 2344/4959/2344 2272/4788/2272
f 2318/4953/2318 2174/4575/2174 2364/5008/2364
f 2174/4575/2174 2281/4807/2281 2364/5008/2364
f 2299/4901/2299 2356/4987/2356 2335/4986/2335
f 2261/5009/2261 2358/4991/2358 2322/5010/2322
f 2250/5011/2250 2306/4938/2306 2350/5012/2350
f 2291/4862/2291 2350/5013/2350 2342/4956/2342
f 2263/4994/2263 2365/5014/2365 2359/4995/2359
f 2133/4908/2133 2323/4910/2323 2243/4997/2243
f 2167/4557/2167 2360/5015/2360 2276/4794/2276
f 2269/4942/2269 2366/5016/2366 2307/4867/2307
f 2234/5017/2234 2338/5018/2338 2252/5019/2252
f 2252/5019/2252 2338/5018/2338 2367/5020/2367
f 2300/4849/2300 2355/5005/2355 2362/5004/2362
f 2288/4822/2288 2330/4923/2330 2211/4820/2211
f 2299/4901/2299 2320/4900/2320 2356/4987/2356
f 2348/5021/2348 2320/4900/2320 2267/4899/2267
f 2356/4987/2356 2368/5022/2368 2336/4937/2336
f 2275/4793/2275 2357/5023/2357 2262/4759/2262
f 2336/4937/2336 2369/5024/2369 2306/4938/2306
f 2336/4937/2336 2368/5022/2368 2369/5024/2369
f 2243/4997/2243 2323/4910/2323 2360/4998/2360
f 2339/4944/2339 2316/4978/2316 2370/5025/2370
f 2269/4942/2269 2326/4915/2326 2366/5016/2366
f 2237/4847/2237 2252/5019/2252 2345/4964/2345
f 2302/4852/2302 2329/4922/2329 2353/4980/2353
f 2363/5007/2363 2314/4882/2314 2260/4755/2260
f 2248/4817/2248 2341/5026/2341 2287/4818/2287
f 2314/4882/2314 2371/5027/2371 2319/4897/2319
f 2288/4822/2288 2303/4853/2303 2372/5028/2372
f 2348/4971/2348 2334/4930/2334 2373/5029/2373
f 2322/5030/2322 2364/5031/2364 2281/5032/2281
f 2320/4900/2320 2348/5021/2348 2369/5024/2369
f 2304/4859/2304 2349/4973/2349 2305/4860/2305
f 2356/4987/2356 2320/4900/2320 2368/5022/2368
f 2321/4903/2321 2374/5033/2374 2357/4989/2357
f 2369/5024/2369 2350/5012/2350 2306/4938/2306
f 2276/5034/2276 2360/4998/2360 2375/5035/2375
f 2324/5036/2324 2376/5037/2376 2351/4976/2351
f 2276/5034/2276 2377/5038/2377 2317/5002/2317
f 2236/4814/2236 2378/5039/2378 2285/4815/2285
f 2352/4979/2352 2378/5039/2378 2236/4814/2236
f 2346/4967/2346 2379/5040/2379 2315/4968/2315
f 2341/5041/2341 2380/5042/2380 2287/4928/2287
f 2315/4968/2315 2381/5043/2381 2344/5044/2344
f 2288/4822/2288 2372/5028/2372 2330/4923/2330
f 2382/5045/2382 2373/5029/2373 2334/4930/2334
f 2383/5046/2383 2374/5033/2374 2321/4903/2321
f 2349/4973/2349 2304/4859/2304 2342/4956/2342
f 2384/5047/2384 2358/4991/2358 2357/4989/2357
f 2376/5048/2376 2324/4911/2324 2361/5000/2361
f 2385/5049/2385 2284/4879/2284 2255/4746/2255
f 2375/5035/2375 2377/5038/2377 2276/5034/2276
f 2386/5050/2386 2353/5051/2353 2329/5052/2329
f 2387/5053/2387 2346/4982/2346 2307/4867/2307
f 2326/4915/2326 2347/4970/2347 2388/5054/2388
f 2389/5055/2389 2308/5056/2308 2264/4761/2264
f 2390/5057/2390 2329/5058/2329 2331/5059/2331
f 2354/4983/2354 2247/4729/2247 2340/4947/2340
f 2333/4926/2333 2287/4928/2287 2380/5042/2380
f 2391/5060/2391 2321/4954/2321 2319/4897/2319
f 2382/5045/2382 2334/4930/2334 2328/4950/2328
f 2358/4991/2358 2392/5061/2392 2322/5010/2322
f 2368/5022/2368 2320/4900/2320 2369/5024/2369
f 2292/5062/2292 2365/5014/2365 2263/4994/2263
f 2316/4993/2316 2359/4995/2359 2370/5063/2370
f 2362/5004/2362 2385/5049/2385 2255/4746/2255
f 2339/5064/2339 2370/5065/2370 2393/5066/2393
f 2327/5067/2327 2394/5068/2394 2301/5069/2301
f 2264/4761/2264 2339/4944/2339 2389/5055/2389
f 2310/4873/2310 2395/5070/2395 2268/4773/2268
f 2272/4788/2272 2344/4959/2344 2332/4925/2332
f 2347/4970/2347 2318/4892/2318 2364/5071/2364
f 2374/5033/2374 2384/5047/2384 2357/4989/2357
f 2348/4971/2348 2350/5072/2350 2369/5073/2369
f 2284/4879/2284 2385/5049/2385 2396/5074/2396
f 2232/4809/2232 2293/5075/2293 2397/5076/2397
f 2325/4962/2325 2397/5077/2397 2293/4963/2293
f 2307/4867/2307 2366/5016/2366 2387/5053/2387
f 2326/4915/2326 2388/5054/2388 2366/5016/2366
f 2327/5067/2327 2345/5078/2345 2394/5068/2394
f 2309/5079/2309 2398/5080/2398 2310/5081/2310
f 2296/4917/2296 2333/4926/2333 2352/4979/2352
f 2364/5071/2364 2399/5082/2399 2347/4970/2347
f 2384/5047/2384 2400/5083/2400 2358/4991/2358
f 2401/5084/2401 2349/5085/2349 2342/5086/2342
f 2342/5086/2342 2350/5072/2350 2401/5084/2401
f 2292/5062/2292 2402/5087/2402 2365/5014/2365
f 2282/5088/2282 2402/5087/2402 2292/5062/2292
f 2337/4941/2337 2396/5089/2396 2361/5000/2361
f 2284/4879/2284 2396/5074/2396 2337/5090/2337
f 2282/4810/2282 2232/4809/2232 2403/5091/2403
f 2353/5051/2353 2398/5080/2398 2309/5079/2309
f 2252/5019/2252 2367/5020/2367 2345/4964/2345
f 2301/5069/2301 2394/5068/2394 2404/5092/2404
f 2301/5093/2301 2404/5094/2404 2343/5095/2343
f 2346/4967/2346 2387/5096/2387 2379/5040/2379
f 2329/5052/2329 2390/5097/2390 2386/5050/2386
f 2398/5098/2398 2395/5070/2395 2310/4873/2310
f 2363/5007/2363 2371/5027/2371 2314/4882/2314
f 2333/4926/2333 2380/5042/2380 2352/4979/2352
f 2315/4968/2315 2379/5040/2379 2381/5043/2381
f 2364/5099/2364 2322/5100/2322 2405/5101/2405
f 2348/4971/2348 2401/5084/2401 2350/5072/2350
f 2359/4995/2359 2406/5102/2406 2370/5063/2370
f 2323/4977/2323 2351/4976/2351 2407/5103/2407
f 2317/5002/2317 2408/5104/2408 2338/5003/2338
f 2366/5016/2366 2409/5105/2409 2387/5053/2387
f 2322/5010/2322 2392/5061/2392 2405/5106/2405
f 2373/5029/2373 2401/5084/2401 2348/4971/2348
f 2402/5087/2402 2410/5107/2410 2365/5014/2365
f 2282/4810/2282 2403/5091/2403 2402/5108/2402
f 2361/5109/2361 2411/5110/2411 2376/5111/2376
f 2360/4998/2360 2407/5112/2407 2375/5035/2375
f 2323/4910/2323 2407/5112/2407 2360/4998/2360
f 2403/5091/2403 2232/4809/2232 2397/5076/2397
f 2317/5002/2317 2377/5038/2377 2408/5104/2408
f 2331/5113/2331 2412/5114/2412 2390/5115/2390
f 2354/5116/2354 2413/5117/2413 2341/5041/2341
f 2395/5070/2395 2286/4816/2286 2268/4773/2268
f 2389/5118/2389 2328/4921/2328 2308/4920/2308
f 2392/5061/2392 2358/4991/2358 2400/5083/2400
f 2414/5119/2414 2222/4878/2222 2285/4815/2285
f 2414/5119/2414 2285/4815/2285 2378/5039/2378
f 2415/5120/2415 2378/5039/2378 2352/4979/2352
f 2363/5121/2363 2298/4890/2298 2343/4958/2343
f 2393/5066/2393 2389/5122/2389 2339/5064/2339
f 2352/4979/2352 2380/5042/2380 2415/5120/2415
f 2413/5117/2413 2380/5042/2380 2341/5041/2341
f 2286/4966/2286 2416/5123/2416 2340/4947/2340
f 2391/5060/2391 2319/4897/2319 2371/5027/2371
f 2405/5101/2405 2399/5124/2399 2364/5099/2364
f 2328/4921/2328 2417/5125/2417 2382/5126/2382
f 2418/5127/2418 2321/4954/2321 2391/5060/2391
f 2382/5045/2382 2419/5128/2419 2373/5029/2373
f 2406/5102/2406 2359/4995/2359 2365/5014/2365
f 2375/5035/2375 2420/5129/2420 2377/5038/2377
f 2421/5130/2421 2398/5080/2398 2353/5051/2353
f 2222/4675/2222 2414/5131/2414 2325/4912/2325
f 2338/5018/2338 2408/5132/2408 2367/5020/2367
f 2367/5020/2367 2422/5133/2422 2345/4964/2345
f 2423/5134/2423 2395/5070/2395 2398/5098/2398
f 2331/5113/2331 2330/5135/2330 2412/5114/2412
f 2355/4985/2355 2332/4925/2332 2424/5136/2424
f 2419/5128/2419 2401/5084/2401 2373/5029/2373
f 2385/5137/2385 2425/5138/2425 2396/5139/2396
f 2353/5051/2353 2386/5050/2386 2421/5130/2421
f 2366/5016/2366 2388/5054/2388 2426/5140/2426
f 2347/4970/2347 2427/5141/2427 2388/5054/2388
f 2395/5070/2395 2428/5142/2428 2286/4816/2286
f 2340/4947/2340 2416/5123/2416 2354/4983/2354
f 2330/5135/2330 2372/5143/2372 2412/5114/2412
f 2389/5118/2389 2417/5125/2417 2328/4921/2328
f 2349/5085/2349 2401/5084/2401 2419/5128/2419
f 2365/5014/2365 2429/5144/2429 2406/5102/2406
f 2365/5014/2365 2410/5107/2410 2429/5144/2429
f 2403/5091/2403 2430/5145/2430 2402/5108/2402
f 2362/5004/2362 2425/5146/2425 2385/5049/2385
f 2390/5097/2390 2431/5147/2431 2386/5050/2386
f 2378/5039/2378 2415/5120/2415 2432/5148/2432
f 2343/4958/2343 2433/5149/2433 2363/5121/2363
f 2413/5117/2413 2415/5120/2415 2380/5042/2380
f 2389/5122/2389 2393/5066/2393 2434/5150/2434
f 2303/5151/2303 2435/5152/2435 2372/5153/2372
f 2321/4954/2321 2418/5127/2418 2383/5154/2383
f 2349/5155/2349 2435/5152/2435 2303/5151/2303
f 2402/5087/2402 2430/5156/2430 2410/5107/2410
f 2361/5000/2361 2396/5089/2396 2411/5157/2411
f 2406/5102/2406 2436/5158/2436 2370/5063/2370
f 2370/5065/2370 2436/5159/2436 2393/5066/2393
f 2420/5129/2420 2408/5104/2408 2377/5038/2377
f 2404/5094/2404 2433/5160/2433 2343/5095/2343
f 2409/5105/2409 2366/5016/2366 2426/5140/2426
f 2367/5020/2367 2437/5161/2437 2422/5133/2422
f 2388/5054/2388 2427/5141/2427 2426/5140/2426
f 2354/4983/2354 2438/5162/2438 2413/5163/2413
f 2347/4970/2347 2399/5082/2399 2427/5141/2427
f 2417/5125/2417 2439/5164/2439 2382/5126/2382
f 2383/5046/2383 2440/5165/2440 2374/5033/2374
f 2421/5130/2421 2423/5166/2423 2398/5080/2398
f 2420/5167/2420 2437/5161/2437 2408/5132/2408
f 2412/5168/2412 2441/5169/2441 2390/5097/2390
f 2378/5039/2378 2432/5148/2432 2414/5119/2414
f 2408/5132/2408 2437/5161/2437 2367/5020/2367
f 2387/5096/2387 2409/5170/2409 2379/5040/2379
f 2345/5078/2345 2442/5171/2442 2394/5068/2394
f 2355/5005/2355 2443/5172/2443 2362/5004/2362
f 2363/5173/2363 2444/5174/2444 2371/5175/2371
f 2355/5005/2355 2424/5176/2424 2443/5172/2443
f 2445/5177/2445 2428/5142/2428 2395/5070/2395
f 2286/4966/2286 2428/5178/2428 2416/5123/2416
f 2399/5124/2399 2446/5179/2446 2427/5180/2427
f 2419/5181/2419 2382/5126/2382 2439/5164/2439
f 2440/5165/2440 2384/5047/2384 2374/5033/2374
f 2419/5181/2419 2447/5182/2447 2349/5155/2349
f 2429/5144/2429 2410/5107/2410 2430/5156/2430
f 2431/5147/2431 2390/5097/2390 2441/5169/2441
f 2445/5177/2445 2395/5070/2395 2423/5134/2423
f 2432/5148/2432 2415/5120/2415 2438/5183/2438
f 2415/5120/2415 2413/5117/2413 2438/5183/2438
f 2412/5114/2412 2372/5143/2372 2448/5184/2448
f 2434/5185/2434 2417/5125/2417 2389/5118/2389
f 2449/5186/2449 2405/5101/2405 2392/5187/2392
f 2418/5127/2418 2440/5188/2440 2383/5154/2383
f 2435/5152/2435 2349/5155/2349 2447/5182/2447
f 2429/5144/2429 2450/5189/2450 2406/5102/2406
f 2450/5189/2450 2421/5130/2421 2386/5050/2386
f 2450/5189/2450 2451/5190/2451 2421/5130/2421
f 2379/5040/2379 2409/5170/2409 2452/5191/2452
f 2444/5192/2444 2391/5193/2391 2371/5194/2371
f 2453/5195/2453 2332/4925/2332 2344/4959/2344
f 2372/5143/2372 2454/5196/2454 2448/5184/2448
f 2435/5197/2435 2454/5196/2454 2372/5143/2372
f 2439/5164/2439 2447/5182/2447 2419/5181/2419
f 2430/5156/2430 2451/5190/2451 2429/5144/2429
f 2429/5144/2429 2451/5190/2451 2450/5189/2450
f 2351/4976/2351 2376/5037/2376 2407/5103/2407
f 2436/5158/2436 2450/5189/2450 2455/5198/2455
f 2436/5158/2436 2406/5102/2406 2450/5189/2450
f 2431/5147/2431 2450/5189/2450 2386/5050/2386
f 2414/5199/2414 2456/5200/2456 2325/4962/2325
f 2443/5201/2443 2457/5202/2457 2362/5203/2362
f 2404/5094/2404 2458/5204/2458 2433/5160/2433
f 2437/5205/2437 2459/5206/2459 2422/5207/2422
f 2345/5078/2345 2422/5207/2422 2442/5171/2442
f 2460/5208/2460 2461/5209/2461 2399/5124/2399
f 2405/5101/2405 2460/5208/2460 2399/5124/2399
f 2462/5210/2462 2400/5083/2400 2384/5047/2384
f 2425/5138/2425 2463/5211/2463 2396/5139/2396
f 2421/5130/2421 2451/5190/2451 2423/5166/2423
f 2431/5147/2431 2455/5198/2455 2450/5189/2450
f 2403/5212/2403 2397/5077/2397 2464/5213/2464
f 2425/5214/2425 2362/5203/2362 2457/5202/2457
f 2431/5147/2431 2441/5169/2441 2455/5198/2455
f 2414/5199/2414 2432/5215/2432 2456/5200/2456
f 2433/5216/2433 2465/5217/2465 2363/5173/2363
f 2379/5040/2379 2466/5218/2466 2381/5043/2381
f 2412/5114/2412 2448/5184/2448 2441/5219/2441
f 2467/5220/2467 2438/5162/2438 2354/4983/2354
f 2440/5165/2440 2462/5210/2462 2384/5047/2384
f 2396/5139/2396 2463/5211/2463 2411/5221/2411
f 2403/5091/2403 2468/5222/2468 2430/5145/2430
f 2436/5158/2436 2455/5198/2455 2469/5223/2469
f 2397/5077/2397 2325/4962/2325 2464/5213/2464
f 2404/5094/2404 2394/5224/2394 2458/5204/2458
f 2379/5040/2379 2452/5191/2452 2466/5218/2466
f 2438/5162/2438 2467/5220/2467 2432/5215/2432
f 2424/5225/2424 2457/5202/2457 2443/5201/2443
f 2381/5226/2381 2453/5227/2453 2344/5228/2344
f 2393/5066/2393 2436/5159/2436 2470/5229/2470
f 2332/4925/2332 2453/5195/2453 2424/5136/2424
f 2470/5229/2470 2434/5150/2434 2393/5066/2393
f 2354/4983/2354 2416/5123/2416 2467/5220/2467
f 2399/5124/2399 2461/5209/2461 2446/5179/2446
f 2434/5185/2434 2471/5230/2471 2417/5125/2417
f 2449/5186/2449 2460/5208/2460 2405/5101/2405
f 2417/5125/2417 2471/5230/2471 2439/5164/2439
f 2400/5231/2400 2449/5186/2449 2392/5187/2392
f 2439/5164/2439 2472/5232/2472 2447/5182/2447
f 2447/5182/2447 2472/5232/2472 2435/5152/2435
f 2430/5156/2430 2473/5233/2473 2451/5190/2451
f 2430/5145/2430 2468/5222/2468 2473/5234/2473
f 2425/5138/2425 2474/5235/2474 2463/5211/2463
f 2407/5103/2407 2475/5236/2475 2375/5237/2375
f 2407/5103/2407 2476/5238/2476 2475/5236/2475
f 2325/4962/2325 2456/5200/2456 2464/5213/2464
f 2420/5239/2420 2477/5240/2477 2437/5205/2437
f 2458/5204/2458 2465/5241/2465 2433/5160/2433
f 2458/5204/2458 2394/5224/2394 2442/5242/2442
f 2422/5207/2422 2459/5206/2459 2442/5171/2442
f 2470/5229/2470 2436/5159/2436 2469/5243/2469
f 2457/5202/2457 2424/5225/2424 2478/5244/2478
f 2411/5110/2411 2476/5245/2476 2376/5111/2376
f 2451/5190/2451 2473/5233/2473 2423/5166/2423
f 2375/5237/2375 2475/5236/2475 2420/5239/2420
f 2425/5214/2425 2457/5202/2457 2474/5246/2474
f 2464/5213/2464 2468/5247/2468 2403/5212/2403
f 2437/5205/2437 2477/5240/2477 2459/5206/2459
f 2441/5169/2441 2469/5223/2469 2455/5198/2455
f 2427/5141/2427 2446/5248/2446 2426/5140/2426
f 2441/5219/2441 2448/5184/2448 2469/5243/2469
f 2416/5123/2416 2479/5249/2479 2467/5220/2467
f 2470/5229/2470 2480/5250/2480 2434/5150/2434
f 2434/5150/2434 2480/5250/2480 2471/5251/2471
f 2439/5164/2439 2471/5230/2471 2472/5232/2472
f 2435/5197/2435 2481/5252/2481 2454/5196/2454
f 2435/5152/2435 2472/5232/2472 2481/5253/2481
f 2423/5134/2423 2473/5254/2473 2445/5177/2445
f 2363/5173/2363 2465/5217/2465 2444/5174/2444
f 2426/5255/2426 2482/5256/2482 2409/5170/2409
f 2426/5255/2426 2483/5257/2483 2482/5256/2482
f 2426/5255/2426 2446/5179/2446 2483/5257/2483
f 2428/5178/2428 2479/5249/2479 2416/5123/2416
f 2462/5210/2462 2484/5258/2484 2400/5083/2400
f 2400/5259/2400 2484/5260/2484 2449/5261/2449
f 2411/5221/2411 2463/5211/2463 2485/5262/2485
f 2376/5037/2376 2476/5238/2476 2407/5103/2407
f 2468/5247/2468 2464/5213/2464 2486/5263/2486
f 2409/5170/2409 2482/5256/2482 2452/5191/2452
f 2432/5215/2432 2487/5264/2487 2456/5200/2456
f 2381/5226/2381 2466/5265/2466 2453/5227/2453
f 2432/5215/2432 2467/5220/2467 2487/5264/2487
f 2479/5249/2479 2487/5264/2487 2467/5220/2467
f 2469/5243/2469 2448/5184/2448 2470/5229/2470
f 2391/5193/2391 2488/5266/2488 2418/5267/2418
f 2470/5229/2470 2481/5252/2481 2480/5250/2480
f 2454/5196/2454 2481/5252/2481 2470/5229/2470
f 2448/5184/2448 2454/5196/2454 2470/5229/2470
f 2480/5250/2480 2481/5252/2481 2471/5251/2471
f 2471/5251/2471 2481/5252/2481 2472/5268/2472
f 2475/5236/2475 2477/5240/2477 2420/5239/2420
f 2464/5213/2464 2456/5200/2456 2486/5263/2486
f 2466/5218/2466 2452/5191/2452 2489/5269/2489
f 2453/5270/2453 2478/5244/2478 2424/5225/2424
f 2444/5192/2444 2488/5266/2488 2391/5193/2391
f 2446/5179/2446 2461/5209/2461 2483/5257/2483
f 2449/5186/2449 2490/5271/2490 2460/5208/2460
f 2418/5267/2418 2491/5272/2491 2440/5273/2440
f 2473/5234/2473 2468/5222/2468 2486/5274/2486
f 2456/5200/2456 2487/5264/2487 2486/5263/2486
f 2459/5206/2459 2477/5240/2477 2442/5171/2442
f 2453/5227/2453 2466/5265/2466 2478/5275/2478
f 2445/5276/2445 2492/5277/2492 2428/5178/2428
f 2428/5178/2428 2492/5277/2492 2479/5249/2479
f 2461/5209/2461 2493/5278/2493 2483/5257/2483
f 2460/5208/2460 2493/5278/2493 2461/5209/2461
f 2491/5272/2491 2462/5279/2462 2440/5273/2440
f 2411/5110/2411 2494/5280/2494 2476/5245/2476
f 2476/5238/2476 2495/5281/2495 2475/5236/2475
f 2473/5282/2473 2486/5263/2486 2445/5276/2445
f 2460/5208/2460 2490/5271/2490 2493/5278/2493
f 2488/5266/2488 2491/5272/2491 2418/5267/2418
f 2411/5110/2411 2485/5283/2485 2494/5280/2494
f 2476/5245/2476 2494/5280/2494 2496/5284/2496
f 2495/5281/2495 2477/5240/2477 2475/5236/2475
f 2452/5191/2452 2482/5256/2482 2489/5269/2489
f 2445/5276/2445 2486/5263/2486 2492/5277/2492
f 2488/5266/2488 2444/5192/2444 2497/5285/2497
f 2487/5264/2487 2479/5249/2479 2492/5277/2492
f 2449/5261/2449 2484/5260/2484 2490/5286/2490
f 2476/5245/2476 2496/5284/2496 2495/5287/2495
f 2477/5240/2477 2495/5281/2495 2442/5171/2442
f 2495/5288/2495 2498/5289/2498 2442/5242/2442
f 2466/5265/2466 2489/5290/2489 2499/5291/2499
f 2442/5242/2442 2498/5289/2498 2458/5204/2458
f 2486/5263/2486 2487/5264/2487 2492/5277/2492
f 2500/5292/2500 2484/5260/2484 2462/5293/2462
f 2458/5294/2458 2501/5295/2501 2465/5217/2465
f 2462/5279/2462 2491/5272/2491 2500/5296/2500
f 2474/5246/2474 2502/5297/2502 2463/5298/2463
f 2458/5204/2458 2498/5289/2498 2501/5299/2501
f 2457/5202/2457 2478/5244/2478 2474/5246/2474
f 2482/5256/2482 2503/5300/2503 2489/5269/2489
f 2465/5217/2465 2497/5301/2497 2444/5174/2444
f 2482/5256/2482 2483/5257/2483 2503/5300/2503
f 2488/5266/2488 2497/5285/2497 2491/5272/2491
f 2496/5284/2496 2494/5280/2494 2504/5302/2504
f 2463/5211/2463 2502/5303/2502 2485/5262/2485
f 2498/5289/2498 2495/5288/2495 2505/5304/2505
f 2489/5290/2489 2506/5305/2506 2499/5291/2499
f 2503/5300/2503 2483/5257/2483 2507/5306/2507
f 2483/5257/2483 2493/5278/2493 2507/5306/2507
f 2490/5271/2490 2507/5306/2507 2493/5278/2493
f 2496/5284/2496 2505/5307/2505 2495/5287/2495
f 2496/5284/2496 2504/5302/2504 2505/5307/2505
f 2498/5289/2498 2505/5304/2505 2501/5299/2501
f 2466/5265/2466 2499/5291/2499 2478/5275/2478
f 2508/5308/2508 2491/5272/2491 2497/5285/2497
f 2485/5309/2485 2504/5310/2504 2494/5311/2494
f 2485/5309/2485 2509/5312/2509 2504/5310/2504
f 2505/5313/2505 2510/5314/2510 2501/5315/2501
f 2501/5295/2501 2511/5316/2511 2465/5217/2465
f 2489/5290/2489 2503/5317/2503 2506/5305/2506
f 2512/5318/2512 2507/5319/2507 2490/5286/2490
f 2490/5286/2490 2484/5260/2484 2512/5318/2512
f 2500/5296/2500 2491/5272/2491 2513/5320/2513
f 2504/5302/2504 2510/5321/2510 2505/5307/2505
f 2474/5246/2474 2478/5244/2478 2502/5297/2502
f 2478/5275/2478 2499/5291/2499 2514/5322/2514
f 2511/5316/2511 2497/5301/2497 2465/5217/2465
f 2508/5308/2508 2513/5320/2513 2491/5272/2491
f 2485/5309/2485 2502/5323/2502 2509/5312/2509
f 2509/5312/2509 2510/5324/2510 2504/5310/2504
f 2502/5323/2502 2515/5325/2515 2509/5312/2509
f 2501/5295/2501 2510/5326/2510 2511/5316/2511
f 2499/5291/2499 2506/5305/2506 2514/5322/2514
f 2506/5305/2506 2503/5317/2503 2516/5327/2516
f 2497/5285/2497 2511/5328/2511 2508/5308/2508
f 2507/5319/2507 2516/5327/2516 2503/5317/2503
f 2509/5329/2509 2511/5316/2511 2510/5326/2510
f 2511/5330/2511 2515/5325/2515 2508/5331/2508
f 2500/5292/2500 2512/5318/2512 2484/5260/2484
f 2509/5312/2509 2515/5325/2515 2511/5330/2511
f 2515/5332/2515 2502/5297/2502 2517/5333/2517
f 2478/5244/2478 2514/5334/2514 2502/5297/2502
f 2507/5319/2507 2512/5318/2512 2516/5327/2516
f 2515/5332/2515 2517/5333/2517 2508/5308/2508
f 2514/5334/2514 2518/5335/2518 2517/5333/2517
f 2514/5322/2514 2506/5305/2506 2518/5336/2518
f 2500/5292/2500 2519/5337/2519 2512/5318/2512
f 2514/5334/2514 2517/5333/2517 2502/5297/2502
f 2517/5333/2517 2513/5320/2513 2508/5308/2508
f 2518/5336/2518 2506/5305/2506 2516/5327/2516
f 2500/5296/2500 2513/5320/2513 2519/5338/2519
f 2517/5333/2517 2518/5335/2518 2513/5320/2513
f 2518/5335/2518 2519/5338/2519 2513/5320/2513
f 2518/5336/2518 2512/5318/2512 2519/5337/2519
f 2518/5336/2518 2516/5327/2516 2512/5318/2512
